,Model,Y Train pred,Y Test actual,Test prediction folds,Test Predictions Mean,Test Predictions Std
0,LGBMRegressor,"[-6.406845135140703, -7.257900168141617, -7.159875931073416, -6.732288184636129, -6.1468948349089505, -6.700692542268418, -6.417766074868246, -6.038785645193448, -6.374634045975198, -6.3196849342381824, -6.715457242440605, -5.954793794768586, -6.335227259911876, -5.863911257155972, -6.161414220847823, -6.031202726969896, -6.76277628691744, -6.074258635788806, -6.304637501630815, -6.533311101174491, -6.4970393618961, -5.8513374679352665, -6.276673124157717, -5.8947065385911905, -6.826288275703719, -5.903716571439535, -6.379274417713638, -5.635908470522787, -6.478671377892852, -6.512901180346209, -5.983435535855723, -6.41735601415495, -5.695867191580931, -6.16032478721406, -6.146569557335386, -7.2616059441728895, -5.827294725886834, -5.602962909804266, -5.696669030504455, -6.778736248768913, -5.770448605917611, -5.8735849169231535, -6.225629273971585, -6.267703034911525, -5.9925288329574835, -5.6753869117569185, -5.959164171714624, -6.047144839762585, -7.125286270406459, -6.459184413953156, -6.694361797658442, -5.807620307605645, -6.101529338315531, -6.110637830680777, -6.222844004029111, -5.664930025902603, -6.904237305980526, -6.174048393059387, -7.078685462855053, -6.071690137240893, -5.917850494673791, -6.413010500082143, -6.001257917094794, -6.260439857829214, -5.482286177467447, -5.8018069730560855, -5.906151997801185, -6.147728558803655, -6.056313756889799, -6.166253487540729, -7.255125245535863, -7.395974236226424, -7.4025264338720795, -6.61870046766859, -7.09434367526177, -5.586645806959695, -6.071484705269559, -6.082185825511383, -6.320831543326982, -7.125318384278579, -5.514524510912323, -5.597836243347042, -5.8840688153370255, -7.0681113278535275, -5.896501527093447, -5.753910664898179, -5.802381992449808, -6.203362593506484, -5.96035773914339, -5.73506738174751, -5.747419712426932, -5.568278760157572, -5.772959194587645, -5.90588380783141, -5.554107838527015, -5.644732370883688, -7.065100374824695, -5.50513852074937, -5.95441351517551, -6.202761440169122, -6.351519353904841, -5.917893424658158, -5.902344427193223, -5.997292147990889, -6.748830419439489, -6.90455593496709, -6.469492920796355, -6.384769705318207, -6.191585512674254, -6.063513550418046, -6.569225372748866, -6.570481527027361, -6.108143609061059, -5.90716482387799, -5.950963444149062, -7.200068869055716, -7.092030469877466, -7.0017906049076135, -5.937172885773665, -6.782899370425904, -6.066016357006712, -7.205466493648182, -7.130017750851921, -7.294370532077149, -7.007472779533955, -7.062091457487905, -5.840738650691397, -6.385018990371563, -7.095605235153356, -7.034969213846791, -7.27436525034996, -7.101062583589, -7.021068461181946, -6.369902061280461, -6.7541423343643965, -7.104350396613808, -7.42147961716325, -5.880929959910412, -5.774374983356368, -5.834746205639324, -6.624823129794131, -5.7245127225606955, -6.581303134406131, -6.364109994881556, -7.002243290872251, -5.89870026934222, -7.077454327146689, -5.690779433944898, -7.159684820723401, -7.1158148665584315, -6.528829981593275, -6.225542717935094, -6.846714211527792, -7.103653315074241, -5.242097866269435, -5.588964655778348, -6.433029941790714, -6.698797078470462, -6.303342476358797, -7.1053641757345725, -7.031505314733911, -7.168434836025349, -5.425572630270818, -5.173168782077967, -4.881410650042262, -6.673840995066936, -5.870049789819617, -6.112897129333705, -6.26749928186021, -5.28182509963755, -6.1709981181517, -4.815934639496242, -5.140853674283493, -4.970629110137478, -5.235241853841498, -5.847177395968686, -6.609940668103474, -6.352144386497844, -5.502834243734276, -5.793598142864269, -6.426061715901974, -6.027110538509259, -5.885676874827839, -6.366845680269513, -5.876675825184049, -6.140610250884452, -5.905732506104267, -4.8890869406245345, -5.472636481329526, -6.214319781037179, -6.465022954644159, -6.415565375777574, -5.105947757329895, -4.866797280894025, -4.9513380647408605, -4.3362879744123255, -4.899435773506535, -4.813264234018809, -4.7282392738285886, -4.89943186521992, -5.126887818013438, -5.258876124044897, -7.145588035926622, -7.2161599281465465, -6.845460706513487, -5.913343032790227, -6.241448848276707, -6.6555635179714665, -5.919630754012198, -6.377086236395175, -5.940802202884616, -5.940802202884616, -5.9317990708972, -5.983068689021825, -5.895803783083932, -6.285586076756895, -6.092566923065678, -6.52903234142261, -6.548504890742811, -5.929862839589444, -6.496865539053696, -5.92429029173781, -5.802105646322787, -5.941481528476063, -6.318699310699336, -5.737367792198001, -6.081440680437752, -6.143458768485853, -6.515554613522603, -6.709509006457342, -6.283595534061691, -5.671235731996317, -6.143532087031773, -6.520776358582796, -5.867322647161552, -6.438461722927832, -6.900357886686694, -6.679838515503758, -5.955079934871211, -6.557612294519019, -5.783760820468141, -6.948633808670812, -5.87912983790099, -5.752692914710575, -5.990788536459164, -6.1833650241557825, -7.051118690622616, -6.840815784932161, -6.340755092468297, -5.880847483774084, -5.935228463913842, -5.814285267367923, -6.768444345972317, -6.713693563958329, -6.350116858052651, -6.35759007109358, -6.556520078739014, -6.3498452109539665, -6.202373893621823, -6.512827409662355, -5.778241314988739, -5.638554211063978, -5.966511045245266, -6.121991744003851, -6.337845949826975, -6.318103596580012, -5.988020466484201, -5.745543112926183, -6.743681571188834, -6.6966701572146095, -6.145275691868647, -6.229409601866117, -5.505336465244252, -5.928373990304552, -7.121106685543575, -7.030517146654422, -6.310400936216609, -5.760143810046856, -5.62067736826198, -7.015566996966288, -7.488672034091773, -7.081448969664226, -7.234284058068818, -6.350710095147879, -7.040818465032583, -5.9024002734898815, -6.03733246113858, -6.310636680332633, -5.68411574287352, -6.065695717484251, -6.210712958266729, -6.770711287005624, -5.940190047349813, -6.469774735980964, -6.275149127930318, -6.122656441579631, -6.372461474098222, -7.168814514222684, -6.706984072700619, -7.176498284299434, -5.902591609233761, -6.459798722570582, -6.0175596789924946, -6.64735023158131, -5.906576853114569, -5.84804287985188, -5.8761063778319516, -7.0814633060675725, -7.102455925626952, -6.187986173590515, -7.197452319839374, -6.966497826772133, -6.73082008866291, -7.037483041764209, -7.161449084948689, -6.278115481928727, -6.939346280181461, -6.847789191242885, -6.950609440667541, -5.927645813723937, -7.353211240722882, -6.4241748129108585, -7.326412619087718, -5.937558647524916, -7.440981348257244, -5.9707703551977005, -6.653310464331911, -6.014010281874649, -6.096073416640095, -6.84964494817487, -5.948013890454789, -6.9771299791257055, -7.020059604856613, -6.046566940110428, -6.501426912324613, -7.177642602656706, -6.999799309044955, -5.207380195995314, -6.609946611986705, -5.836706907580203, -6.697922718513645, -6.377502572995338, -7.218683396682326, -7.232600260028935, -7.092433289066502, -6.541936681010816, -6.065565823294283, -6.496411008924724, -5.386121822576532, -7.245784470097642, -7.267798471957043, -7.066551866142424, -7.202043994138691, -7.274564151542871, -6.424983706938957, -5.415105241124024, -7.0721189404296165, -5.869310662871189, -7.139360473550771, -6.1354920952192, -6.211017107321296, -7.0959398014041355, -6.29828371226814, -6.740776483360387, -5.289683931319604, -5.807531568289794, -5.582783040326047, -5.619599490688871, -5.007291475509459, -5.801059948614781, -5.895692019567216, -5.569038145636491, -4.743607335445266, -5.62073639744155, -5.504284315640968, -6.452013221775947, -5.811792922492506, -5.879556749419921, -5.884550861672276, -6.643104648684928, -5.472762637096873, -6.707919109789488, -5.599335030221981, -4.069543579413247, -4.069543579413247, -4.069543579413247, -4.077605994269475, -5.305475448278381, -5.191142950814449, -5.19684709852779, -5.111217429946968, -5.111217429946968, -5.0023313503094355, -5.0023313503094355, -5.059482508341724, -5.191142950814449, -5.5273142455582445, -5.619920361931747, -5.143883243907034, -4.3860051991830336, -5.143883243907034, -4.993805918465661, -4.930844163169987, -4.997905451528814, -6.8569258052676245, -6.890468824814268, -5.981660770759293, -6.217117443629431, -6.05564305720273, -5.587244863333273, -6.285373433132555, -6.432886869523145, -5.946849353032634, -6.068106896997941, -6.563103685759751, -6.590386559870422, -6.428312981083574, -6.557983964233059, -5.83778732769889, -6.0987990554455305, -6.844706431571309, -6.263020735869925, -6.620058915751452, -5.803456508002979, -6.892438014459788, -6.460447320031126, -6.405302183719658, -6.134803920541911, -5.646792661388748, -6.617788839388927, -5.959849263415467, -6.579115339499731, -5.933571648873602, -6.001654450738379, -6.261625747060242, -6.075640878167835, -5.752300183677006, -5.687903624811003, -6.403784113676259, -6.4768492467316605, -6.1078296828465435, -6.628954872956203, -6.0688857065487545, -5.565267488126283, -6.840468547187975, -6.075548544575748, -5.86339416277819, -5.986971732174291, -6.409839286358328, -6.417845163792646, -7.206230629202733, -5.933356768913964, -6.556219605786014, -6.794207102795482, -6.430550297744909, -5.923076890048873, -6.345801777189124, -6.2166270516248625, -5.919439700667147, -6.286461438612869, -6.960190144514935, -6.109832489153001, -7.4673388983547735, -7.342649092044719, -6.871467971030225, -6.704046914355991, -5.792011981689059, -5.58546761234384, -6.070907092424051, -6.2587069764717995, -5.772657159977193, -6.113867182776217, -6.071627714645669, -5.944818337325618, -5.6215857314078574, -5.682017025731513, -7.440909219755184, -7.200679763342994, -5.761054478473713, -6.231259992922954, -7.16656361352879, -7.166493081906348, -7.151499840464559, -5.775675287723844, -6.845355844511033, -6.029471883754162, -6.095226351357416, -5.873240305530573, -5.691628458510503, -7.127619734129406, -5.69265200008117, -5.653469687169732, -5.6603286476075665, -6.320460450403457, -6.375350115109153, -7.427226188139866, -6.445312009243089, -5.822547826012328, -5.823492016542037, -5.971587557737334, -6.442495966978872, -6.801151566799765, -6.045452413828964, -6.123693382633492, -5.579445643034662, -6.216078864008678, -6.216078864008678, -5.203171621076995, -5.779002804771343, -5.6851964929837955, -6.929864779979215, -6.686314401241955, -6.642197711699404, -6.667773872246277, -5.721052409249311, -5.582672375027577, -6.451208189246976, -6.874685914652105, -6.578872960867265, -6.59910850089895, -5.883215639909984, -5.947422641262028, -7.115370540038851, -6.98033189742235, -6.979367905108532, -7.015292226031592, -7.224011719388728, -7.222111034484562, -6.756551738815168, -6.887552162364458, -6.973382022315367, -6.922039935497314, -6.933545712997884, -6.180724216867195, -7.145012812422928, -7.209328121159511, -7.283586597404882, -5.833987411783725, -7.129882165394622, -5.938723208289552, -7.006217389900006, -6.649993599434908, -6.219021423648029, -6.311140367904959, -6.136228765048764, -7.299135524041619, -7.44246106294624, -6.189863502468553, -6.366279777826533, -7.1465801792846335, -5.81230406208106, -7.070714399353458, -6.211256317647997, -6.276817594158409, -6.27053028435321, -6.279052000450945, -6.262561789941888, -5.493821033227594, -6.791543763310892, -6.035550634933929, -6.589982549698887, -5.943389483115682, -6.612698032671437, -6.574880374382796, -7.2108681719963235, -7.1722128967126855, -6.774470727294446, -5.981524143500676, -5.947135185849013, -5.937130941312148, -5.869578674324498, -5.722941577666005, -5.622579418378539, -5.572000941411296, -5.162483043592925, -5.645901222630671, -5.461867808449742, -5.172833738483344, -6.498652240692753, -5.247692802529145, -5.438361500130425, -5.913728735241275, -5.758369805627439, -5.7008582530246485, -5.7008582530246485, -6.163779460523889, -6.468528782222328, -6.684675404773606, -5.937680167499626, -5.762820223372527, -6.178801023413784, -5.468930640384917, -4.203787830438236, -4.9621041153085725, -4.208192030798549, -4.997454116984689, -6.32699402128624, -4.175685866665267, -4.416910121819706, -4.970239633221982, -5.320909420680457, -5.017881753883083, -4.951823086315876, -4.875996510808798, -5.244012099392386, -6.866243363317686, -6.858104648718709, -6.511235069135371, -6.877165182810993, -6.103791395481987, -6.690479933126171, -6.169521937585316, -6.344894670887904, -5.9191439700966075, -6.699891845102992, -6.345054356316529, -5.83645654710573, -6.976091056148133, -6.965777440594131, -6.561182451115227, -6.128274172018494, -5.853154122033674, -6.629179929775082, -6.036292686796944, -5.851816164822015, -7.249047134328832, -5.920231143358543, -6.130584261585895, -5.954544224167353, -6.622151898518554, -6.828438615177907, -6.541272858610155, -6.4311993697682155, -5.765572618403617, -5.778774336885129, -5.5533551465960675, -5.926362537978681, -5.9026755640160316, -5.911356645222364, -6.273761166138121, -5.953952904715054, -7.307215423353719, -6.216401003953704, -5.868536874367858, -6.13894321121166, -5.868536874367858, -5.926884374252856, -6.308867363797099, -5.873284270975917, -6.259330420133335, -5.904212324334915, -5.680356776729145, -5.863351101228277, -5.704290959447509, -6.849425466696995, -5.657273729338098, -6.178384870406208, -5.6558452197300735, -5.731680808445739, -5.90837502142895, -5.359480669382225, -6.1768030553706135, -5.616527180911013, -5.844416675223907, -5.65070615822825, -6.023966010861092, -6.46055704976555, -5.778297212991239, -6.994539180306875, -6.045190863527959, -5.818195471266516, -6.17501613198141, -5.852053802488098, -6.504245058306883, -7.184370400255002, -6.199980206054497, -5.735467481808225, -6.069258529001633, -5.772976076203966, -7.039647733595495, -5.4322149839235125, -6.807513607821372, -6.515450920998147, -6.347342340798159, -5.744058510417332, -5.9152338836116645, -5.563860111243703, -5.630594575723424, -5.62095346543297, -6.690515106681582, -5.97887771347797, -6.155750271280575, -5.669387032895227, -6.353118812171789, -6.1035296273881325, -5.4954417179588955, -7.2100439534867595, -6.475317271565085, -7.200117792967889, -7.297364926951999, -6.516781956607429, -6.258403199105289, -5.564258410679605, -5.902789315776273, -6.273284646987113, -6.342316065596925, -6.005197413382896, -6.531272424799651, -6.252864504524118, -7.19651166663184, -5.968362900550972, -7.306693480622236, -7.028042165016009, -7.3165652890195165, -5.734504409995552, -7.191315326583466, -6.587065765852425, -6.160979828020187, -6.639195945120333, -6.943656455183308, -5.891869931041135, -5.659456774379122, -6.147189725681913, -7.348637598084596, -7.111351170816286, -6.883405899372084, -6.24037111385107, -5.861414590962435, -6.0040905700244, -7.3219643961747565, -7.189821978664434, -6.795768804602787, -7.001983690380345, -7.367662616140425, -6.207061571565188, -7.371816625394976, -5.363101109893378, -6.722564826102037, -6.786946421461999, -7.249686202530978, -5.955494585168786, -7.184558690104658, -7.201985386982929, -6.225954958516717, -5.566407882223672, -6.80694847017058, -5.868855485873236, -5.643068304209701, -6.274471356605098, -6.369592054338345, -7.149296970431573, -5.144014573446223, -6.642804633692923, -7.217116767887478, -7.1884404182899075, -6.252087422732359, -5.7141670289753, -7.050403807970119, -7.081709948693671, -6.971746835219168, -7.122900458156182, -5.592403562883654, -5.229726932560057, -6.433774722037795, -6.706325495192312, -6.998850219403007, -5.11393657533644, -5.949336386542634, -6.06002043299076, -5.770189970743928, -4.709888129704381, -5.335982326180996, -5.86951521452766, -4.82182403172381, -5.071086575951383, -5.4775926084016735, -6.39833199755979, -4.852549784616449, -5.425915708192401, -6.02383102594188, -6.15599005888934, -6.2423276644038665, -6.219552155999015, -5.9611826376073065, -6.219552155999015, -6.411544296820176, -7.129372870984987, -6.341085182975936, -6.79059155315736, -5.756384451804246, -7.156396414494791, -6.926426258259443, -6.728036151655824, -4.824863849328567, -6.263383487084231, -4.5722942238617605, -3.9555270407589473, -5.407828756622808, -5.268692857822945, -4.9587627938876215, -4.561624461582088, -5.229388389221499, -5.229388389221499, -5.229388389221499, -5.092119286427699, -5.207858658913876, -6.52213764424653, -7.511069413024885, -6.934332030367187, -6.364055204504515, -6.488088286668381, -6.4978457460617705, -6.845682525512733, -6.094667632762953, -6.0925177015615715, -6.30674846286073, -6.670414208736938, -6.5794561245791074, -5.55454366085819, -5.903000639736757, -6.497246031651614, -6.468420383476835, -6.7290534589698, -6.036400272305943, -6.008936922274039, -6.008936922274039, -5.887718519883762, -5.928632844877995, -6.73491652039751, -5.787899725513497, -6.1426872638628405, -5.702213975238553, -5.6895044591635555, -5.989952631487062, -6.797973438326176, -6.01562947771548, -5.5220228643973, -6.8600989947554005, -6.263965707205505, -6.092360409002576, -5.75671880617164, -5.792952238332278, -7.1931950602051025, -5.949137683357448, -6.362638928803326, -6.679633486528571, -5.502566601998225, -5.815575707198103, -5.7137217244642216, -6.5182725541316815, -5.804494571763089, -6.986676978175137, -6.083597828949436, -6.064721779684359, -5.66032624018997, -5.937917537688764, -5.695081584933836, -6.434544668788866, -7.142252441316803, -7.374860497710852, -7.140592911312546, -5.657156622863497, -5.4655506487396135, -5.5325011472383165, -5.725045569451479, -5.721076186367864, -6.079155157456822, -6.133521808258587, -5.766075646494968, -5.785705188108993, -7.251291195515233, -5.9108233795402825, -6.8623067206059964, -6.555676301446531, -7.1581990169318965, -6.353846381481968, -5.820202294198442, -5.8395016838781, -7.134117289233964, -5.9990891443296785, -5.781687538569277, -5.817586775963982, -5.703419617542359, -5.90864186723199, -6.958335405265383, -5.861630588097893, -7.094528448598476, -6.967177738839868, -5.663502434514773, -5.7551164792641, -5.90012387998341, -5.761904006998702, -6.474078306044433, -6.025154315869506, -6.050855259144542, -6.2586956144975545, -7.13773811261235, -5.534924965347076, -5.488730705378046, -6.035982486933477, -6.507552986542325, -6.316072784446766, -6.047935482073849, -5.705974278259504, -6.44825807427668, -6.214958902517502, -5.8323255853173, -6.1255160258752355, -5.703790224101208, -5.969252488020222, -6.8567888718728085, -6.1781756772652505, -6.532107574601855, -6.236424076894035, -7.05969662704533, -6.030942852677294, -6.928784502219993, -6.09092328807523, -7.086709977341382, -6.953341064472079, -6.342919706967752, -6.505165580842394, -5.628725443526998, -6.653889499973545, -7.101423320911661, -7.551492954395837, -6.978820342193476, -5.693747463218227, -6.0610813048181855, -7.268279315705727, -7.6055815621555976, -6.182184627508745, -6.5414498282384095, -6.180158178357536, -7.071991545796221, -7.070145411927961, -7.221415491174134, -6.4273358007055235, -7.02039775086471, -5.830082390394877, -6.076481188884615, -7.436208689033831, -7.259999196907946, -7.046442065739015, -6.458137831608582, -6.697667766662142, -6.129543548989562, -5.799997659128736, -5.438332957211693, -6.979075879077556, -7.037066747164292, -7.138906422850082, -6.144608192061676, -6.995000787277347, -5.247841159063135, -6.287147516909586, -6.276566141457861, -5.403965274345867, -7.067792356734536, -7.136511344074796, -6.347124601788522, -6.090191400287403, -5.16603273175619, -6.967767610914266, -5.585747997921637, -5.4990675093582295, -4.986719553897528, -5.8609118840666214, -6.0543778214067085, -6.223607007861555, -5.482856109415459, -5.007659061358757, -5.036208900411374, -5.049494142963354, -5.931441447768084, -4.8278644324573055, -5.025634728162441, -5.570832067960906, -5.250831334119684, -5.774169256004337, -5.697789649228117, -5.986351538623103, -5.483254350566045, -6.588901146069957, -6.576686562641968, -6.542676831472871, -5.943430020110721, -6.255259129428519, -6.6770226009335, -6.6770226009335, -5.566831884087758, -5.566831884087758, -4.462727765868367, -4.497021814113891, -5.074050876669234, -6.678715761117621, -6.6724203555013535, -4.3283535716668995, -4.7394281816992025, -5.273154891492958, -4.8889097945604485, -4.8475214696288855, -5.117052837012454, -5.086600977538579, -4.7394281816992025, -4.932786460304292, -5.290436815498022]","0     -7.22
1     -6.21
2     -7.24
3     -5.92
4     -5.96
       ... 
247   -6.00
248   -3.99
249   -5.24
250   -4.77
251   -4.71
Name: Permeability, Length: 252, dtype: float64","[array([-6.3596344 , -6.77339446, -6.45536838, -5.86637005, -6.0000863 ,
       -6.77404341, -6.10676976, -6.86397259, -6.74550353, -6.58198635,
       -6.09253983, -6.29788352, -6.36218164, -6.13050566, -5.9065908 ,
       -5.94200329, -6.34401771, -6.74090804, -5.85313611, -6.64558092,
       -6.29844847, -6.37081465, -5.87365054, -6.15313408, -5.86280165,
       -6.28091284, -5.70330171, -6.04966463, -6.18112656, -5.78081684,
       -6.66353646, -6.59489709, -6.10867114, -6.32711976, -5.79996387,
       -6.4716938 , -5.47795731, -6.14139824, -5.8886967 , -5.69984774,
       -6.31276172, -6.04382105, -5.865893  , -6.36784907, -6.00826139,
       -6.27853702, -6.72698701, -5.68337455, -5.81872099, -5.6927125 ,
       -6.80504865, -6.65738882, -5.71771991, -5.72251361, -6.28797721,
       -5.89538898, -7.0990807 , -6.32294137, -5.86304525, -6.4884588 ,
       -5.81209661, -6.24744073, -5.77694178, -5.70620521, -5.66493003,
       -6.37973264, -7.15848229, -5.36884335, -5.59742487, -6.29903899,
       -6.03907799, -6.93866106, -5.84486729, -7.16323465, -5.98496972,
       -5.82289177, -5.77098714, -6.09599284, -5.85578077, -6.61268222,
       -5.98055019, -5.71919474, -5.57227261, -5.84183279, -5.62316656,
       -5.40721375, -7.01105173, -6.13832198, -6.99168261, -6.91777501,
       -6.99183257, -7.16975835, -5.60638998, -5.89944034, -6.46292087,
       -6.80157554, -5.73919437, -6.06750055, -5.57678783, -5.82421698,
       -7.40317257, -7.13786996, -7.12266484, -6.21835096, -5.83725919,
       -6.39276645, -5.891602  , -7.2201042 , -6.17328396, -6.18387454,
       -5.89452895, -6.14797223, -6.05073768, -5.87973602, -5.68569773,
       -6.29990999, -6.96619893, -5.99742558, -5.99742558, -5.57677034,
       -5.87378992, -5.91789342, -5.8884356 , -6.06374438, -5.98724816,
       -6.24837275, -6.24353247, -6.17267732, -5.4183738 , -6.17267732,
       -7.13379928, -7.11349659, -5.8584186 , -5.4525244 , -6.30040279,
       -6.64500428, -5.91815522, -6.07648977, -6.57782476, -7.04461488,
       -7.08532583, -6.94233727, -6.71053361, -7.14471892, -7.19619004,
       -5.71358923, -7.53859596, -6.13720189, -5.77267607, -7.22794453,
       -6.44700829, -7.06889495, -7.04047068, -5.53426797, -6.35799416,
       -7.35924026, -6.88554579, -6.64562308, -6.22056315, -7.18341628,
       -7.07056761, -7.23108041, -5.83154309, -5.86816813, -7.1997356 ,
       -7.36314064, -7.05403618, -6.46060725, -6.58290512, -7.21441623,
       -7.43390717, -5.19257123, -7.05586152, -6.46813807, -7.36710269,
       -5.96520774, -7.21403048, -7.10311092, -6.404104  , -6.21302604,
       -5.717475  , -5.99559322, -7.00622107, -5.90676602, -5.33897194,
       -5.97230889, -7.08469986, -7.085999  , -6.59106566, -5.83220877,
       -7.39835528, -6.55391099, -6.10602719, -5.12072208, -7.28081592,
       -5.66377318, -5.99478676, -5.54997152, -5.80931286, -6.76529456,
       -6.72173964, -7.0580761 , -6.94801999, -5.36690877, -6.09550855,
       -6.673841  , -6.36002749, -6.64784606, -5.8965284 , -4.74728903,
       -5.12836402, -6.29296111, -4.97714309, -5.92500996, -5.23867026,
       -5.78651923, -5.4263028 , -6.65645382, -4.73560801, -5.69970348,
       -5.70608659, -6.19030094, -5.87730188, -6.61521253, -5.72671193,
       -6.1829362 , -6.29077742, -6.14233053, -6.84866625, -6.60615347,
       -6.76676316, -5.72463195, -5.47263648, -6.29811581, -3.95525101,
       -4.93836375, -4.0459615 , -4.91724609, -6.49478326, -4.16911752,
       -4.32404845, -4.89943577, -5.50736394, -4.90150532, -4.72823927,
       -4.77010928, -4.89943187, -5.0529218 , -4.92649878, -5.10533259,
       -5.10199564, -5.26591601]), array([-6.80192611, -6.54184647, -6.57487989, -5.91334303, -6.22180991,
       -6.8973852 , -6.11618446, -6.87973465, -6.94725389, -6.66949383,
       -6.28828545, -6.36891927, -6.48181644, -6.20169059, -6.15660388,
       -5.77070226, -6.26788685, -6.74987284, -5.98234687, -6.64668256,
       -6.0021651 , -6.64192732, -5.86198604, -6.06981662, -5.79161387,
       -6.09028508, -5.85186267, -6.28897933, -6.14592347, -5.97472502,
       -6.59233632, -6.62925601, -5.92724062, -6.44001928, -5.85513707,
       -6.4564799 , -5.45857494, -6.52066488, -6.10063194, -5.7853899 ,
       -6.23466971, -5.65470281, -6.0237205 , -6.17726009, -6.41406674,
       -6.54844428, -6.47454283, -5.96875862, -5.84381969, -5.76992503,
       -6.71303739, -6.70463857, -5.72605001, -5.67199052, -6.24482219,
       -6.02820338, -6.56769346, -6.37508568, -6.05093977, -6.51899948,
       -6.12328574, -6.21125262, -5.82908201, -5.58040731, -5.68067754,
       -6.09639804, -7.08925077, -5.622062  , -5.77017956, -6.26133954,
       -5.9004007 , -7.07211251, -5.78609683, -7.23252909, -5.89335736,
       -5.83474492, -5.85798262, -5.83031334, -5.85403434, -6.47649642,
       -5.94471667, -5.39719967, -5.66204674, -6.02447258, -5.52342704,
       -5.33492082, -6.93823172, -6.29990478, -7.22826059, -6.89491094,
       -7.05847626, -7.02119363, -5.64258057, -5.85540718, -6.65753804,
       -6.76404768, -5.70219298, -6.20656985, -5.63237123, -5.81948924,
       -7.10367028, -7.16766629, -7.09585118, -6.12872963, -5.77181354,
       -6.42809749, -5.60581208, -7.15515809, -6.17403347, -6.42029283,
       -5.87517165, -6.03733246, -6.22673861, -6.15132751, -5.91176815,
       -6.1369469 , -7.21180575, -6.02281827, -6.02281827, -5.54409218,
       -5.74991533, -6.24576171, -6.04764467, -6.30241056, -6.16664056,
       -6.35326179, -6.45017746, -6.64553102, -5.41264196, -6.64553102,
       -7.2787523 , -6.9043492 , -6.06643921, -5.47664759, -6.52493048,
       -6.94897762, -6.05365733, -6.05902448, -6.70013035, -6.69567888,
       -7.09611606, -6.91702855, -6.50159811, -7.03429588, -7.23564833,
       -5.66004891, -7.26132757, -6.01381911, -5.8526998 , -7.12932894,
       -6.44680521, -6.77482593, -6.998593  , -5.40297112, -6.24531025,
       -6.98173396, -7.1456014 , -6.51201472, -6.1170336 , -7.01628836,
       -7.00634876, -7.13071303, -5.79866159, -5.85725931, -7.26033613,
       -7.34138105, -6.97243057, -6.67430814, -6.51902075, -7.30225031,
       -7.4072173 , -5.26529752, -6.90309747, -6.37239086, -7.42172832,
       -6.54484968, -7.10040809, -6.82990113, -6.35639807, -6.57717608,
       -5.91538205, -5.77208495, -7.30636922, -5.94931661, -5.48676435,
       -5.97209947, -7.18452039, -6.87798001, -6.61606509, -5.9648817 ,
       -7.33229001, -6.42498371, -6.23531877, -5.08296854, -7.02721642,
       -5.67334222, -6.00180733, -5.36418422, -5.79198111, -6.52632993,
       -6.54835932, -6.95800108, -6.72564685, -5.61239946, -6.03272682,
       -5.87639346, -6.08794549, -6.60793939, -5.98200745, -4.85584087,
       -5.02913587, -5.81759567, -4.96932452, -5.87446555, -5.05299392,
       -5.6207364 , -5.24950811, -6.59999165, -4.79770011, -5.77848159,
       -5.65962889, -6.13198561, -5.52195551, -6.45201322, -5.41258569,
       -6.08908162, -6.1816422 , -6.58826779, -6.74427265, -6.72410537,
       -6.64310465, -5.88204915, -5.47276264, -6.45680552, -4.12634524,
       -4.88621684, -4.1574891 , -5.32718293, -6.3678628 , -4.19674793,
       -4.58376126, -4.56745083, -5.46764781, -4.91404869, -5.03806938,
       -5.05948251, -5.16522626, -5.14388324, -4.4514059 , -5.15927566,
       -4.89839272, -5.04724448]), array([-6.69542331, -6.7527451 , -6.50705812, -5.86087661, -5.88651541,
       -6.8215246 , -6.12099847, -6.93749033, -6.72490595, -6.87246278,
       -6.16071711, -6.35926871, -6.04405831, -6.23213352, -5.86911954,
       -5.74962335, -6.37114604, -6.95038867, -5.87025565, -6.66607563,
       -6.30966241, -6.62025155, -5.73176803, -6.27851947, -5.65886508,
       -6.13516874, -5.70817779, -6.17951559, -6.20980325, -5.86209527,
       -6.45064958, -6.7876228 , -6.0247319 , -6.37688452, -5.78077293,
       -6.535903  , -5.45833604, -6.25121291, -5.8398158 , -5.7019907 ,
       -6.28328836, -5.71564127, -5.9655219 , -6.37350261, -6.18423339,
       -6.69596063, -6.47491595, -5.70351653, -5.82713891, -5.94573225,
       -6.85985608, -6.76288783, -5.73537358, -5.66144961, -6.33471028,
       -6.02915855, -6.99611903, -6.4332308 , -5.78762757, -6.42955274,
       -5.89189064, -6.20354274, -5.76605986, -5.58641344, -5.66775287,
       -6.08445869, -6.94649455, -5.46894348, -5.73659456, -6.30976536,
       -6.03039191, -7.49419114, -5.77043185, -7.2544481 , -5.83085417,
       -5.79368471, -5.88410516, -5.96810326, -5.89041475, -6.44099816,
       -5.93716627, -5.66431986, -5.67466237, -5.7225588 , -5.51808862,
       -5.48067318, -7.06805215, -6.4024619 , -7.19086465, -7.1226744 ,
       -6.78914739, -7.13452636, -5.6583113 , -5.88619339, -6.39996647,
       -6.7345012 , -5.85676017, -6.05379435, -5.47929632, -5.63123737,
       -7.45192831, -7.08126374, -7.09184994, -6.4483499 , -5.85588156,
       -6.29324872, -5.68576018, -7.11676073, -5.82254783, -6.53310623,
       -6.00053664, -6.16645134, -6.26727703, -6.09115718, -5.74698249,
       -6.1678639 , -7.14547285, -6.21607886, -6.21607886, -5.60860257,
       -6.0271007 , -6.24537293, -5.89786867, -6.04967283, -6.02906164,
       -5.77915945, -6.51534333, -6.46820514, -5.39121512, -6.46820514,
       -7.04415147, -6.97978633, -5.91038817, -5.88321564, -6.45694329,
       -6.83534193, -6.13486825, -5.90254522, -6.7563593 , -7.07677536,
       -6.8326949 , -6.93981257, -6.42604772, -7.06991567, -7.00612628,
       -5.65520197, -7.20844238, -6.10718719, -5.96013921, -7.27228057,
       -6.92203994, -6.79890327, -6.97172755, -5.59573013, -6.24581209,
       -6.98193451, -7.10734839, -6.83232964, -6.14180595, -7.58278022,
       -7.06596842, -7.23547477, -5.87806342, -5.97106944, -7.11106843,
       -7.36154934, -6.89816074, -6.74743758, -6.56264386, -7.29355887,
       -7.34577261, -5.15425761, -6.93082595, -6.3657492 , -7.389211  ,
       -6.46563497, -7.15684718, -6.71594817, -6.70317864, -6.23809247,
       -5.89561683, -5.88254736, -6.91652687, -5.77301682, -5.53700636,
       -6.42645442, -7.0357435 , -6.98043608, -6.60613547, -5.87424484,
       -7.26733121, -6.60497844, -6.20912087, -5.26394012, -7.36416911,
       -5.79139858, -5.87743756, -5.47676428, -5.82806656, -6.85134605,
       -6.7221327 , -6.97908374, -6.81618999, -5.58064085, -5.8152906 ,
       -5.90397583, -5.81817278, -6.65614906, -5.54496124, -4.86470226,
       -4.95431088, -6.18534837, -5.22046615, -5.78063807, -5.24703049,
       -5.32380397, -5.41223372, -6.50883367, -4.73723135, -5.5541544 ,
       -5.55911056, -6.06820289, -5.75836981, -6.62116726, -5.52838517,
       -6.20160672, -6.16377946, -6.55686889, -6.86581905, -6.96387704,
       -6.74938131, -5.88958457, -5.46893064, -6.46214636, -4.17095112,
       -4.88063016, -4.25616771, -5.26198784, -6.31909271, -4.68420597,
       -4.53623491, -4.63318374, -5.51584542, -4.90103732, -4.99996793,
       -4.73781865, -5.17641729, -4.95182309, -4.76486988, -4.91435414,
       -4.93139625, -5.0123324 ]), array([-6.66613117, -6.77562965, -6.44588968, -5.91507088, -6.07249712,
       -6.64390459, -6.04418385, -6.92277199, -6.87939765, -6.70905072,
       -6.19516862, -6.8008144 , -6.10070989, -6.28926325, -5.94620302,
       -5.74188314, -6.31227011, -6.74813702, -5.70363721, -6.58106875,
       -6.21504852, -6.61158464, -5.86040178, -6.01018842, -5.76461425,
       -6.27777185, -5.93492186, -6.3433234 , -6.30005753, -5.88799245,
       -6.56929213, -6.60652377, -5.97850065, -6.44390247, -5.79465793,
       -6.67137585, -5.77877434, -6.40663413, -5.97252349, -5.79140104,
       -6.27157206, -5.83107443, -5.96603727, -6.07316483, -6.11195668,
       -6.52765588, -6.32291831, -5.8696429 , -5.70299853, -6.05054056,
       -6.63130655, -6.79417067, -5.8219396 , -5.70771434, -6.28644352,
       -6.05302267, -6.92222454, -6.45193668, -5.74903716, -6.57814957,
       -5.84303341, -6.18040734, -5.84367194, -5.65488272, -5.67271699,
       -6.25679327, -6.94891675, -5.55427751, -5.76905568, -6.43166285,
       -6.09556049, -7.33145926, -5.98956423, -7.07525146, -5.93188782,
       -5.86184242, -5.87148623, -5.94252904, -5.91457515, -6.6246225 ,
       -5.94807268, -5.56141949, -5.52299713, -5.9330766 , -5.56558572,
       -5.41050047, -7.0579551 , -6.32019352, -7.0936597 , -6.94504261,
       -6.91905278, -7.17063207, -5.48727895, -5.84888949, -6.54470717,
       -6.71678377, -5.76569687, -6.03435274, -5.5790848 , -5.63834771,
       -7.45893157, -6.99732161, -7.07116313, -6.05940631, -5.86470975,
       -6.34122144, -5.9344977 , -7.30900116, -6.16129973, -6.3464237 ,
       -5.83616665, -6.23311218, -6.08485934, -5.89344399, -5.97376532,
       -6.38771299, -7.19838295, -6.01322844, -6.01322844, -5.47349591,
       -5.89166089, -6.2587619 , -5.98169074, -6.25272324, -5.99498037,
       -6.56361547, -6.39964828, -6.32946548, -5.43623251, -6.32946548,
       -7.38627519, -7.15238727, -6.00201769, -5.47809959, -6.52291737,
       -6.74609929, -6.14884079, -5.98510444, -6.71838157, -7.002158  ,
       -7.1883412 , -6.81307639, -6.48215027, -7.20356394, -7.25745311,
       -6.16097983, -7.26111398, -6.30334068, -5.88247761, -7.20853431,
       -6.45435084, -6.79411113, -7.1713404 , -5.71634964, -6.50755353,
       -7.31445944, -7.11527565, -6.80165327, -6.40395261, -7.52437836,
       -6.91633513, -7.15281331, -5.87004821, -5.87036947, -7.18412606,
       -7.34306737, -6.81393605, -6.41526059, -6.53048166, -7.17573702,
       -7.22526881, -5.23718015, -6.67809667, -6.29040784, -7.38232433,
       -6.28030194, -7.08210266, -6.89003493, -6.7816485 , -6.22741952,
       -5.70683613, -5.70662052, -6.93297625, -6.06342719, -5.67924731,
       -5.8753581 , -6.98768374, -6.9644485 , -6.62941312, -5.99967318,
       -7.11706622, -6.60558812, -6.13448044, -5.2565507 , -7.28354331,
       -5.76242986, -5.92419648, -5.3832125 , -5.7334872 , -6.69639553,
       -6.59840454, -6.83619935, -7.08904971, -5.65950941, -5.85636388,
       -5.91239418, -5.9647066 , -6.5891835 , -5.71734715, -4.70146866,
       -4.75909276, -5.84761885, -5.13109185, -5.81101042, -5.08133388,
       -5.09840017, -5.22940733, -6.50567111, -4.6137148 , -5.71729945,
       -5.63214385, -5.99839445, -5.59333759, -6.21955216, -5.69602376,
       -6.06327869, -6.24679901, -6.3420946 , -6.51601468, -6.91565287,
       -6.92642626, -5.82503536, -5.48322073, -6.48800714, -4.00537287,
       -4.92246229, -4.30993825, -5.27054996, -6.15880221, -4.49501841,
       -4.36261337, -4.53352408, -5.26869286, -4.93990934, -4.9721402 ,
       -4.72107008, -5.14849644, -5.22938839, -4.72557067, -5.02774687,
       -4.99406923, -5.25476634]), array([-6.78037481, -6.48785014, -6.43892606, -5.91145443, -5.93168856,
       -6.86562857, -6.17705941, -7.06716071, -7.09137958, -6.82499036,
       -6.15546089, -6.34304164, -6.38708001, -6.13655244, -5.92344511,
       -5.8760542 , -6.3558757 , -6.50169656, -5.69830738, -6.62464751,
       -6.15962992, -6.52738532, -5.84209516, -6.02032022, -5.83046467,
       -6.23201725, -5.8341362 , -6.23400968, -6.15062855, -6.00566413,
       -6.68032902, -6.52017236, -5.86766429, -6.37895498, -5.79363697,
       -6.60582307, -5.44776922, -6.30579754, -6.00689214, -5.78815879,
       -6.09266426, -5.7631994 , -5.99861328, -6.00471163, -6.31940443,
       -6.51053382, -6.3783095 , -5.79404544, -5.8660059 , -5.72496352,
       -6.92233989, -6.62157323, -5.76894447, -5.75425212, -6.14812071,
       -6.116824  , -6.8805678 , -6.44837506, -5.93666285, -6.74662123,
       -5.86267833, -6.07780733, -5.68775835, -5.69153974, -5.68101652,
       -6.1100698 , -7.01702671, -5.55465385, -5.72328734, -6.57010862,
       -5.85269509, -7.16369628, -5.71007954, -7.07917226, -5.98005532,
       -5.55193414, -5.55885785, -5.92100424, -6.07842983, -6.3760759 ,
       -5.97320473, -5.75995798, -5.59242883, -5.99291298, -5.55895964,
       -5.43484276, -7.15199718, -6.49783189, -7.21712958, -6.75261314,
       -7.02259917, -7.09486577, -5.53295282, -5.80966623, -6.69962004,
       -6.72896934, -5.96516793, -6.05168041, -5.4720259 , -5.56379964,
       -7.45127964, -7.12300889, -7.10197853, -6.18115759, -5.9010542 ,
       -6.42035028, -5.70935709, -7.30958835, -6.11603126, -6.4046518 ,
       -6.12428601, -6.14295151, -6.41380876, -5.89241449, -5.8886755 ,
       -6.24713144, -7.22409593, -5.99146742, -5.99146742, -5.61226919,
       -6.05401684, -6.27972801, -5.74417306, -6.30073593, -5.96126379,
       -6.50753264, -6.4408546 , -6.43061166, -5.70379022, -6.43061166,
       -7.16377979, -7.02586201, -5.87492421, -5.46107473, -6.58566659,
       -6.66360108, -6.26372925, -5.98720483, -6.6868091 , -6.97691573,
       -7.17632939, -6.84846682, -6.36948104, -6.98386244, -7.01418635,
       -5.67348769, -7.23980159, -6.23112337, -5.84226467, -6.90471317,
       -6.44471611, -6.74694514, -7.16203986, -5.62512978, -6.411745  ,
       -7.28116215, -7.03868616, -6.8206687 , -6.38182509, -7.25502502,
       -6.96991529, -7.2917909 , -5.99670347, -6.25599189, -7.44449475,
       -7.37110999, -6.94262917, -6.52906895, -6.29666736, -7.28763418,
       -7.40380616, -5.06620938, -6.9420817 , -6.28209881, -7.4365402 ,
       -6.31498347, -7.00181398, -6.61697645, -6.6567855 , -6.18913459,
       -5.69466933, -5.88180521, -7.13362729, -6.10241189, -5.49126058,
       -5.98516836, -7.04949088, -7.02685216, -6.27656614, -5.81664153,
       -7.33323484, -6.5957114 , -6.47290734, -5.35344318, -7.0238863 ,
       -5.69729042, -6.09443504, -5.45031171, -5.81981041, -6.68222288,
       -6.49819354, -6.85187645, -6.69624911, -5.58819148, -6.49976357,
       -5.92399834, -6.04070661, -5.86091188, -6.16192302, -4.88198888,
       -4.79735972, -5.9279234 , -4.99745192, -5.0362089 , -5.07658137,
       -5.34003133, -5.67551624, -6.59815474, -5.75500447, -5.50754045,
       -5.56869987, -5.99407801, -5.49278346, -6.63289567, -5.54251496,
       -6.2417945 , -6.238917  , -6.3921991 , -6.64696764, -6.40136792,
       -6.6770226 , -5.84617779, -5.56683188, -6.66812306, -4.09374603,
       -4.91477218, -4.31047636, -5.25287212, -6.74235223, -4.42237223,
       -4.57554386, -4.59713662, -5.49113005, -4.84752147, -4.99170965,
       -4.73281913, -5.12313652, -4.93278646, -4.70809787, -5.05375501,
       -4.87467911, -5.08841782])]","[-6.66069796 -6.66629316 -6.48442443 -5.893423   -6.02251946 -6.80049728
 -6.11303919 -6.93422605 -6.87768812 -6.73159681 -6.17843438 -6.43398551
 -6.27516926 -6.19802909 -5.96039247 -5.81605325 -6.33023928 -6.73820062
 -5.82153665 -6.63281107 -6.19699089 -6.5543927  -5.83398031 -6.10639576
 -5.7816719  -6.20323115 -5.80648005 -6.21909852 -6.19750787 -5.90225874
 -6.5912287  -6.62769441 -5.98136172 -6.3933762  -5.80483375 -6.54825512
 -5.52428237 -6.32514154 -5.96171201 -5.75335763 -6.23899122 -5.80168779
 -5.96395719 -6.19929765 -6.20758453 -6.51222633 -6.47553472 -5.80386761
 -5.8117368  -5.83677477 -6.78631771 -6.70813182 -5.75400551 -5.70358404
 -6.26041478 -6.02451951 -6.89313711 -6.40631392 -5.87746252 -6.55235636
 -5.90659694 -6.18409015 -5.78070279 -5.64388968 -5.67341879 -6.18549049
 -7.03203421 -5.51375604 -5.7193084  -6.37438307 -5.98362523 -7.20002405
 -5.82020795 -7.16092711 -5.92422488 -5.77301959 -5.7886838  -5.95158854
 -5.91864697 -6.50617504 -5.95674211 -5.62041835 -5.60488154 -5.90297075
 -5.55784552 -5.41363019 -7.04545758 -6.33174282 -7.14431943 -6.92660322
 -6.95622163 -7.11819523 -5.58550273 -5.85991932 -6.55295052 -6.74917551
 -5.80580247 -6.08277958 -5.54791322 -5.69541819 -7.37379647 -7.1014261
 -7.09670153 -6.20719888 -5.84614365 -6.37513687 -5.76540581 -7.22212251
 -6.08943925 -6.37766982 -5.94613798 -6.14556394 -6.20868428 -5.98161584
 -5.84137784 -6.24791304 -7.14919128 -6.04820372 -6.04820372 -5.56304604
 -5.91929674 -6.1895036  -5.91196255 -6.19385739 -6.02783891 -6.29038842
 -6.40991123 -6.40929812 -5.47245072 -6.40929812 -7.20135161 -7.03517628
 -5.94243758 -5.55031239 -6.4781721  -6.76780484 -6.10385017 -6.00207375
 -6.68790102 -6.95922857 -7.07576148 -6.89214432 -6.49796215 -7.08727137
 -7.14192082 -5.77266153 -7.3018563  -6.15853445 -5.86205147 -7.1485603
 -6.54298408 -6.83673608 -7.0688343  -5.57488973 -6.35368301 -7.18370606
 -7.05849148 -6.72245788 -6.25303608 -7.31237765 -7.00582704 -7.20837449
 -5.87500396 -5.96457165 -7.23995219 -7.35604968 -6.93623854 -6.5653365
 -6.49834375 -7.25471932 -7.36319441 -5.18310318 -6.90199266 -6.35575696
 -7.39938131 -6.31419556 -7.11104048 -6.83119432 -6.58042294 -6.28896974
 -5.78599587 -5.84773025 -7.05914414 -5.95898771 -5.50665011 -6.04627785
 -7.06842767 -6.98714315 -6.5438491  -5.89753    -7.28965551 -6.55703453
 -6.23157092 -5.21552492 -7.19592621 -5.71764685 -5.97853264 -5.44488885
 -5.79653163 -6.70431779 -6.61776595 -6.93664734 -6.85503113 -5.56152999
 -6.05993069 -6.05812056 -6.05431179 -6.47240598 -5.86055345 -4.81025794
 -4.93365265 -6.01428948 -5.05909551 -5.68546658 -5.13932198 -5.43389822
 -5.39859364 -6.573821   -4.92785175 -5.65143587 -5.62513395 -6.07659238
 -5.64874965 -6.50816817 -5.5812443  -6.15573955 -6.22438302 -6.40435218
 -6.72434805 -6.72223133 -6.7525396  -5.83349577 -5.49287647 -6.47463958
 -4.07033326 -4.90848904 -4.21600659 -5.20596779 -6.41657864 -4.39349241
 -4.47644037 -4.64614621 -5.45013601 -4.90080443 -4.94602529 -4.80425993
 -5.10254168 -5.0621606  -4.71528862 -5.05209285 -4.96010659 -5.13373541]","[0.15883487 0.12508236 0.05117374 0.02442008 0.11786861 0.08864827
 0.04231358 0.07171936 0.13514549 0.10517982 0.06413556 0.18502659
 0.17125803 0.05973103 0.10128251 0.07928982 0.03669101 0.14226752
 0.10799789 0.02900321 0.11195313 0.09970047 0.0520948  0.09981375
 0.06990578 0.07721231 0.08902904 0.10080887 0.05620423 0.08063349
 0.08174621 0.08793677 0.08240515 0.04381403 0.02593059 0.08112914
 0.12761882 0.12997819 0.09126533 0.04286341 0.0773254  0.13415069
 0.05365829 0.15034348 0.14460862 0.13410568 0.13854539 0.10601964
 0.05671766 0.13805226 0.10359463 0.06400054 0.03816678 0.03381154
 0.06294456 0.07216971 0.17884947 0.05000256 0.10804655 0.10833322
 0.11141794 0.05733951 0.05508701 0.05216921 0.00655849 0.11545325
 0.08211409 0.08723836 0.06361274 0.1133318  0.09149935 0.19483386
 0.09493064 0.07470276 0.05750928 0.11268768 0.12157051 0.08584927
 0.0830315  0.09739426 0.01697543 0.12997143 0.05667573 0.10958557
 0.03766492 0.04730934 0.07028305 0.11928574 0.08986468 0.11843885
 0.09531574 0.05590824 0.06542882 0.03136759 0.11316175 0.03046242
 0.09462987 0.06278526 0.06229885 0.10647292 0.1365191  0.05903558
 0.01660368 0.131876   0.04256429 0.05102119 0.12607346 0.07846985
 0.13512085 0.11422623 0.10439286 0.06297246 0.13123632 0.11568233
 0.10757796 0.09052035 0.09534267 0.08467252 0.08467252 0.0511178
 0.11072116 0.13637859 0.10215393 0.11348179 0.07270066 0.2788828
 0.09108459 0.15626448 0.1165593  0.15626448 0.11905834 0.08960247
 0.07946144 0.16672829 0.09777131 0.11295518 0.1144985  0.06196144
 0.0598049  0.13617803 0.12835517 0.0520966  0.11586971 0.07826265
 0.10939283 0.19524059 0.11993759 0.10027177 0.06083644 0.1304122
 0.18955607 0.11750849 0.08290094 0.10409172 0.10044571 0.16667986
 0.09327598 0.12504318 0.11940328 0.21243873 0.05849283 0.05886702
 0.06717395 0.15142761 0.11278131 0.01175627 0.0795422  0.1263661
 0.10336235 0.05042546 0.07471896 0.06966505 0.12348664 0.0673826
 0.02575445 0.19953802 0.0715347  0.16527159 0.16891858 0.14503401
 0.09804025 0.09987087 0.14541448 0.11737454 0.10905003 0.19414221
 0.06586159 0.06903029 0.13422781 0.07255548 0.09572663 0.06870101
 0.12957554 0.09960659 0.14230209 0.05044699 0.0740431  0.06694032
 0.03374914 0.10729967 0.09076635 0.08279816 0.14620006 0.10113471
 0.24361733 0.30826026 0.17808377 0.30674813 0.2130612  0.0720937
 0.13892677 0.19018185 0.09979872 0.32846797 0.08511491 0.24196725
 0.16030626 0.05826316 0.41787484 0.1029349  0.05538278 0.07614718
 0.14678242 0.15889419 0.11582308 0.068178   0.04609013 0.16109956
 0.13058068 0.20602692 0.09810982 0.05930789 0.03728341 0.11768545
 0.07908632 0.02190614 0.10168602 0.14667137 0.19522798 0.1922022
 0.11053917 0.13084516 0.09219713 0.03014705 0.11097903 0.12864184
 0.10312764 0.11281943 0.15287874 0.08232869 0.08150669 0.10620099]"
1,DecisionTreeRegressor,"[-6.59, -7.03, -7.0, -7.03, -5.85, -6.55, -5.68, -5.96, -5.96, -6.3, -6.74, -6.19, -6.11, -5.68, -6.11, -5.89, -6.35, -5.96, -7.05, -6.24, -6.24, -5.739999999999999, -5.96, -5.575118363, -6.66, -5.7, -6.27, -6.54, -6.74, -6.0, -6.38, -6.35, -5.68, -5.82, -5.92, -7.02, -6.18, -5.28, -5.57, -7.02, -5.77, -5.96, -6.35, -6.468521083, -6.39, -5.41, -5.64, -6.89, -7.08, -6.21, -5.39, -5.54, -6.07, -5.96, -6.64, -7.02, -5.96, -5.8, -6.68, -5.96, -5.92, -7.03, -7.03, -6.387216143, -5.48, -5.96, -6.12, -5.72, -5.96, -6.6, -7.49, -7.46, -7.46, -7.22, -7.045757491, -5.605, -6.47, -5.595000000000001, -6.89, -7.18, -5.38, -5.49, -6.0, -7.19, -5.51, -5.54, -5.8, -5.595000000000001, -5.54, -5.96, -5.48, -5.3, -5.92, -5.85, -5.3, -5.25, -7.24, -5.324999999999999, -5.64, -5.31, -7.77, -6.47, -5.55, -7.77, -6.59, -7.1, -6.96, -6.85, -5.55, -6.85, -6.52, -7.08, -6.26, -5.790484985, -5.804100348, -7.14, -7.08, -6.92, -6.2, -6.96, -6.92, -7.08, -7.59, -7.49, -6.4, -7.01, -5.92, -7.19, -7.46, -7.24, -7.38, -7.14, -6.96, -5.6, -6.11, -7.14, -7.21, -5.25, -5.25, -6.52, -6.62, -6.455931956, -7.11, -5.92, -7.27, -5.46, -7.46, -6.85, -7.38, -7.24, -6.8, -6.8, -6.37, -7.23, -6.3, -5.43, -5.72, -6.82, -6.31, -6.68, -7.7, -7.3, -6.13, -4.64, -4.63, -6.64, -6.08, -4.72, -5.72, -5.14, -5.4, -4.82, -4.845000000000001, -4.93, -4.93, -5.23, -6.7, -5.4, -4.7, -6.62, -6.8, -6.035, -5.44, -5.74, -5.72, -6.24, -5.72, -4.7, -5.415, -6.24, -6.76, -5.44, -5.35, -5.0, -4.879426069, -4.415, -5.54, -4.71, -4.74, -5.0, -4.91721463, -4.82, -6.82, -6.82, -7.24, -5.28, -6.28, -7.13, -5.46, -5.96, -5.46, -5.46, -5.42, -5.92, -6.0, -6.85, -5.96, -6.96, -7.1, -6.27, -6.26, -5.68, -5.77, -6.0, -6.35, -5.904999999999999, -6.39, -5.82, -6.51, -7.301029996, -5.950781977, -5.77, -6.51, -5.82, -5.74, -5.82, -6.54, -7.19, -5.31, -7.33, -5.72, -7.09, -5.869999999999999, -5.6, -6.0, -6.14, -6.82, -7.06, -5.950781977, -7.33, -5.866461092, -5.77, -7.14, -7.19, -5.89, -5.59, -6.89, -6.54, -5.62, -5.7, -5.47, -5.47, -5.89, -5.92, -6.6, -7.62, -5.82, -5.74, -7.15490196, -6.72, -6.54, -6.124938737, -5.68, -6.04, -7.07, -7.045757491, -6.51, -5.59, -5.46, -6.74, -7.54, -7.045757491, -7.14, -6.96, -6.89, -5.72, -6.01, -6.21, -5.4, -6.08, -5.89, -7.045757491, -6.66, -5.52, -6.64, -6.1, -6.7, -6.96, -6.77, -7.25, -5.96, -6.7, -5.24, -6.7, -5.96, -5.756961951, -6.004364805, -7.7, -7.6, -5.72, -7.6, -7.0, -5.72, -6.96, -7.11, -5.72, -6.74, -6.96, -6.48, -5.51, -7.38, -5.66, -7.4, -6.19, -7.14, -5.55, -6.01, -6.77, -6.8, -7.19, -5.48, -6.77, -6.77, -5.77, -7.77, -6.96, -6.59, -5.12, -6.38, -6.19, -6.77, -6.68, -7.55, -7.55, -6.74, -6.72, -6.77, -5.03, -5.22, -7.03, -6.96, -7.23, -7.07, -7.34, -5.47, -5.11, -7.49, -5.68, -7.21, -5.96, -5.96, -7.09, -5.72, -6.77, -4.72, -5.43, -5.77, -5.77, -4.71, -6.26, -5.95, -4.63, -4.66, -4.76, -4.45, -6.715, -5.27, -6.4, -6.24, -6.646666666666666, -5.455, -6.96, -5.43, -3.58, -3.58, -3.935, -4.04, -5.25, -5.55, -5.15, -4.890000000000001, -4.890000000000001, -4.74, -4.74, -5.55, -5.55, -5.040958608, -4.91721463, -5.188, -4.22, -5.188, -5.15, -5.54, -5.55, -7.22, -6.85, -6.0, -7.06, -5.89, -5.7, -7.06, -7.14, -6.89, -6.82, -5.904999999999999, -5.904999999999999, -5.54, -7.33, -5.62, -7.08, -7.15, -7.15, -7.72, -6.0, -7.1, -6.148741651, -5.92, -5.96, -5.59, -7.62, -5.77, -5.54, -5.55, -5.03, -5.529999999999999, -5.57, -5.55, -6.7, -7.74, -6.17, -5.96, -7.13, -6.96, -5.55, -7.08, -6.09, -5.42, -5.96, -6.92, -6.148741651, -6.92, -5.96, -7.52, -7.08, -5.82, -5.28, -6.040958608, -6.6, -6.6, -5.8100000000000005, -6.85, -6.7, -6.77, -7.64, -5.7, -7.05, -5.77, -5.82, -6.17, -6.431798276, -5.03, -5.6, -6.0, -5.72, -6.18, -5.49, -7.74, -7.6, -6.57, -6.958607315, -7.74, -7.74, -7.301029996, -5.66, -5.92, -5.7, -6.82, -5.26, -5.92, -7.18, -5.72, -5.77, -5.49, -5.3, -5.26, -7.24, -6.59, -5.66, -5.64, -5.92, -6.55, -6.6, -6.44, -5.8, -4.85, -6.72, -6.72, -5.1, -5.7, -5.89, -7.14, -7.18, -6.37, -5.66, -5.57, -5.7, -6.3, -7.6, -6.96, -6.96, -5.8, -5.59, -7.24, -7.21, -7.42, -7.11, -6.54, -6.57, -7.49, -6.49, -6.74, -6.55, -7.05, -5.6, -7.43, -7.21, -6.72, -6.44, -7.21, -7.06, -7.08, -6.16, -7.57, -6.96, -5.96, -7.49, -7.55, -5.25, -5.66, -7.19, -6.47, -7.11, -5.85, -6.92, -5.85, -6.72, -5.72, -5.64, -7.24, -5.47, -7.08, -6.508638306, -6.06, -5.89, -7.19, -6.96, -6.85, -5.92, -7.25, -7.24, -6.13, -4.72, -6.05, -5.11, -5.82, -6.17, -6.42, -6.42, -5.1, -5.11, -5.11, -6.52, -5.1, -5.545, -5.545, -7.0, -5.8, -6.85, -5.26, -5.98, -6.96, -5.4375, -4.22, -5.02, -3.885, -4.752026734, -6.85, -4.095, -4.22, -4.94, -5.51, -4.968333333333333, -4.968333333333333, -4.92, -5.51, -6.96, -6.72, -5.77, -7.05, -5.89, -6.14, -5.64, -7.57, -5.85, -5.82, -5.92, -5.59, -7.39, -7.39, -6.92, -5.96, -5.85, -5.68, -5.85, -5.92, -7.52, -5.96, -5.869999999999999, -6.408935393, -6.54, -7.05, -6.070581074, -6.82, -5.74, -5.885, -5.96, -5.92, -5.92, -6.12, -6.070581074, -5.89, -7.35, -7.1, -5.885, -5.96, -5.885, -5.96, -6.42, -5.860120914, -6.54, -5.72, -5.96, -5.89, -5.96, -7.6, -5.42, -7.68, -5.64, -5.96, -5.51, -5.28, -5.49, -5.38, -5.96, -5.64, -5.77, -5.24, -5.89, -6.55, -6.59, -4.85, -5.39, -6.18, -7.0, -7.6, -6.040958608, -5.89, -5.96, -5.54, -7.49, -5.66, -6.72, -6.0, -5.85, -5.77, -6.96, -5.55, -5.55, -5.38, -7.25, -5.92, -6.17, -6.48, -5.96, -6.57, -5.55, -6.82, -7.02, -7.0, -7.64, -6.42, -7.045757491, -5.62, -5.66, -6.24, -6.31, -5.77, -5.92, -5.85, -7.08, -5.804100348, -7.08, -7.19, -7.64, -5.51, -7.49, -6.24, -6.77, -5.96, -7.03, -6.09, -5.46, -6.26, -7.08, -7.22, -6.89, -5.51, -5.82, -6.040958608, -7.49, -7.22, -6.35, -6.92, -7.59, -7.04, -7.51, -5.04, -6.96, -6.92, -7.34, -6.25, -7.06, -6.43, -5.99, -5.06, -7.11, -5.34, -5.72, -5.92, -5.89, -7.0, -5.42, -6.26, -7.34, -7.0, -6.24, -5.35, -6.89, -6.89, -7.03, -7.03, -5.96, -5.12, -7.21, -6.28, -7.09, -4.95, -6.62, -5.59, -6.03, -4.71, -5.853871964, -6.36, -4.86, -4.76, -6.68, -6.41, -4.41, -4.69, -6.7, -6.7, -6.43, -6.64, -6.43, -6.64, -5.27, -6.96, -6.85, -6.85, -5.96, -7.4, -6.916666666666667, -7.4, -4.752026734, -5.44, -4.735, -3.62, -5.55, -5.58, -4.94, -4.48, -5.279999999999999, -5.279999999999999, -5.279999999999999, -4.69, -5.45, -6.92, -7.0, -6.7, -7.0, -5.4, -6.82, -6.17, -6.37, -6.03, -7.19, -5.66, -6.92, -5.74, -5.89, -5.74, -7.22, -6.96, -6.214670165, -5.82, -5.82, -5.82, -6.17, -7.2, -5.74, -6.0, -5.7, -5.85, -5.96, -7.06, -6.68, -5.49, -7.2, -5.96, -6.124938737, -5.85, -6.04, -6.64, -5.886056648, -6.36, -6.7, -5.42, -6.17, -5.28, -5.66, -6.8, -7.096910013, -6.124938737, -5.89, -6.35, -5.96, -5.7, -5.54, -7.21, -6.64, -7.2, -5.85, -5.47, -5.3, -5.66, -5.3, -5.92, -5.89, -5.49, -7.18, -7.74, -6.251811973, -5.96, -6.09, -7.096910013, -6.44, -5.89, -5.89, -7.44, -5.89, -6.89, -5.66, -5.7, -7.05, -6.96, -5.72, -6.68, -6.66, -5.51, -6.47, -6.7, -6.74, -7.03, -6.85, -5.8, -7.18, -7.85, -5.64, -5.64, -6.21, -6.43, -5.77, -6.24, -5.8, -5.92, -6.0, -6.54, -6.05, -5.54, -5.92, -7.2, -5.62, -7.54, -6.205, -7.6, -6.02, -6.66, -5.96, -7.07, -6.89, -7.33, -7.23, -5.25, -6.455931956, -7.6, -8.06, -6.54, -5.55, -6.11, -8.04, -7.64, -6.64, -5.8, -6.11, -7.23, -7.08, -7.06, -6.44, -7.04, -6.52, -5.85, -7.51, -7.52, -7.01, -5.85, -6.14, -5.92, -5.72, -5.96, -7.06, -7.07, -7.165, -5.25, -7.18, -5.42, -6.55, -6.24, -5.42, -6.66, -6.85, -7.6, -6.24, -4.82, -7.09, -6.2, -5.12, -4.64, -6.0, -6.0, -6.0, -6.2, -5.17, -4.79, -4.79, -5.69, -4.83, -5.77, -5.11, -5.17, -5.33, -5.55, -6.85, -4.92, -6.77, -6.34, -6.77, -7.08, -6.96, -6.645, -6.645, -5.496666666666667, -5.496666666666667, -4.35, -4.396666666666667, -5.17, -6.76, -6.76, -3.8833333333333333, -4.69, -5.23, -4.84, -5.05, -5.12, -5.04, -4.69, -4.933333333333333, -5.23]","0     -7.22
1     -6.21
2     -7.24
3     -5.92
4     -5.96
       ... 
247   -6.00
248   -3.99
249   -5.24
250   -4.77
251   -4.71
Name: Permeability, Length: 252, dtype: float64","[array([-6.27      , -7.57      , -5.92      , -5.85      , -5.89      ,
       -7.        , -5.55      , -7.15490196, -5.96      , -7.02      ,
       -5.92      , -6.55      , -5.96      , -6.77      , -6.96      ,
       -5.96      , -6.62      , -7.02      , -5.64      , -6.74      ,
       -5.845     , -6.72      , -5.77      , -7.18      , -5.57      ,
       -6.55      , -5.92      , -6.32      , -6.12493874, -6.28      ,
       -7.1       , -6.27      , -5.85      , -6.6       , -5.96      ,
       -7.14      , -5.4       , -5.72      , -5.96      , -5.68      ,
       -5.57511836, -6.07      , -5.57511836, -7.18      , -5.82      ,
       -6.27      , -6.6       , -5.89      , -6.74      , -5.96      ,
       -6.89      , -7.11      , -5.85      , -6.39      , -6.38721614,
       -5.64      , -7.39      , -6.16      , -6.6       , -6.35      ,
       -5.61618463, -6.64      , -5.8       , -5.62      , -7.02      ,
       -6.        , -7.30103   , -5.85      , -5.52      , -6.77      ,
       -5.85      , -7.15      , -6.59      , -7.06      , -5.96      ,
       -5.38      , -5.96      , -6.39      , -6.28      , -6.59      ,
       -5.95078198, -5.66      , -5.96      , -5.51      , -5.89      ,
       -5.28      , -7.19      , -5.96      , -7.08      , -6.64      ,
       -7.09691001, -6.95860732, -5.38      , -6.        , -6.6       ,
       -5.42      , -6.17      , -6.35      , -5.3       , -6.25      ,
       -6.96      , -6.85      , -7.06      , -5.54      , -5.51      ,
       -6.66      , -5.82      , -7.19      , -6.2       , -5.62      ,
       -5.96      , -6.24      , -5.8       , -6.59      , -5.55      ,
       -6.89      , -7.19      , -5.96      , -5.96      , -5.51      ,
       -5.72      , -6.47      , -6.13      , -5.3       , -6.66      ,
       -6.64      , -5.89      , -5.92      , -5.37      , -5.92      ,
       -6.85      , -7.30103   , -6.2       , -5.4       , -5.54      ,
       -6.89      , -6.85      , -6.17      , -6.68      , -7.09691001,
       -6.49      , -6.2       , -6.60205999, -7.09691001, -7.08      ,
       -5.6       , -7.6       , -5.75696195, -6.        , -7.29      ,
       -6.4       , -7.21      , -7.07      , -5.55      , -6.68      ,
       -7.7       , -6.89      , -6.35      , -6.45593196, -7.47      ,
       -7.46      , -7.14      , -6.44      , -5.42      , -7.42      ,
       -7.34      , -6.26      , -6.        , -6.96      , -7.28      ,
       -7.34      , -4.82      , -6.72      , -6.96      , -7.34      ,
       -5.25      , -7.46      , -7.64      , -6.7       , -6.64      ,
       -5.68      , -5.7       , -7.46      , -6.26      , -5.55      ,
       -5.39      , -6.96      , -7.6       , -6.68      , -6.66      ,
       -7.64      , -6.64      , -6.3       , -5.41      , -7.46      ,
       -5.74      , -5.7       , -6.26      , -5.89      , -7.7       ,
       -6.64      , -7.7       , -6.85      , -6.19      , -5.15      ,
       -6.64      , -6.7       , -6.7       , -6.62      , -4.82      ,
       -4.79      , -6.4       , -4.89      , -6.42      , -4.93      ,
       -5.23      , -5.02      , -6.7       , -4.7       , -5.39      ,
       -6.7       , -6.77      , -5.44      , -6.69      , -5.44      ,
       -5.4       , -6.2       , -6.08      , -6.7       , -7.7       ,
       -6.7475    , -5.63      , -5.415     , -5.33      , -3.58      ,
       -5.        , -3.885     , -4.91721463, -5.44      , -3.88333333,
       -4.22      , -5.54      , -5.59      , -5.        , -4.74      ,
       -4.69      , -5.        , -5.07      , -4.74      , -5.24      ,
       -4.75202673, -5.07      ]), array([-5.82      , -5.54      , -6.62      , -5.28      , -5.28      ,
       -7.74      , -5.46      , -8.06      , -7.35      , -6.62      ,
       -6.32      , -6.13      , -6.77      , -5.87      , -7.30103   ,
       -5.7       , -6.77      , -5.66      , -5.68      , -6.54      ,
       -6.34      , -5.89      , -5.77      , -6.        , -5.42      ,
       -5.835     , -5.4       , -5.635     , -5.95078198, -5.28      ,
       -6.3       , -8.04      , -5.87      , -6.51      , -5.96      ,
       -7.1       , -5.4       , -5.82      , -5.475     , -5.94      ,
       -6.43179828, -5.64      , -5.88605665, -6.96      , -5.96      ,
       -6.96      , -6.28      , -5.89      , -5.96      , -5.77      ,
       -7.19      , -5.48      , -6.        , -5.77      , -6.43179828,
       -6.14      , -5.82      , -6.77      , -7.6       , -6.77      ,
       -5.31      , -6.21      , -5.96      , -5.6       , -5.68      ,
       -6.06      , -7.09691001, -5.47      , -6.59      , -6.        ,
       -5.74      , -7.19      , -6.        , -7.54      , -5.92      ,
       -5.72      , -5.96      , -5.96      , -6.28      , -6.72      ,
       -5.62      , -5.28      , -5.64      , -6.14      , -5.62      ,
       -5.35      , -6.74      , -7.33      , -7.07      , -7.57      ,
       -7.15490196, -7.04575749, -6.        , -5.72      , -6.89      ,
       -7.        , -5.89      , -6.        , -5.66      , -5.96      ,
       -7.14      , -7.55      , -7.09691001, -6.96      , -5.8       ,
       -6.42      , -5.66      , -7.14      , -6.2       , -6.7       ,
       -6.        , -6.01      , -5.57      , -5.74      , -5.62      ,
       -5.03      , -7.44      , -5.96      , -5.96      , -5.6       ,
       -5.52      , -6.28      , -5.96      , -5.52      , -6.17      ,
       -6.85      , -6.77      , -6.77      , -5.37      , -6.77      ,
       -6.54      , -6.74      , -5.96      , -5.4       , -6.89      ,
       -6.82      , -5.55      , -5.325     , -6.77      , -7.48      ,
       -7.74      , -6.77      , -6.2       , -7.21      , -7.19      ,
       -5.6       , -7.14      , -5.77728353, -6.59      , -7.08      ,
       -6.4       , -6.59      , -7.07      , -5.96      , -7.25      ,
       -6.7       , -7.19      , -6.43      , -5.28      , -6.96      ,
       -6.48      , -7.49      , -5.62      , -5.42      , -7.38      ,
       -7.34      , -6.89      , -6.77      , -6.8       , -7.38      ,
       -7.34      , -5.55      , -6.3       , -5.92      , -7.08      ,
       -7.77      , -7.22      , -7.49      , -6.23      , -6.38      ,
       -5.72      , -5.96      , -7.1       , -6.19      , -5.55      ,
       -5.92      , -7.01      , -6.62      , -6.68      , -5.72      ,
       -6.27      , -5.47      , -5.85      , -5.06      , -7.1       ,
       -5.68      , -5.86012091, -6.01      , -5.92      , -7.2       ,
       -5.85      , -7.09      , -7.38      , -5.43      , -7.48      ,
       -5.82      , -5.26      , -6.7       , -7.09      , -4.96      ,
       -4.63      , -5.06      , -4.89      , -6.42      , -5.11      ,
       -4.76      , -5.13      , -6.77      , -4.41      , -5.95      ,
       -5.05      , -5.43      , -5.27      , -6.715     , -4.71      ,
       -5.77      , -6.2       , -6.96      , -5.8       , -7.4       ,
       -6.64666667, -6.34      , -5.455     , -5.43      , -3.58      ,
       -6.1       , -3.58      , -5.56      , -5.44      , -4.38      ,
       -4.22      , -4.45      , -5.59      , -5.        , -5.05      ,
       -5.55      , -5.24      , -5.188     , -4.22      , -4.89      ,
       -5.21      , -5.15      ]), array([-7.19      , -6.77      , -6.24      , -5.85      , -6.16      ,
       -7.2       , -5.82      , -8.06      , -7.23      , -6.85      ,
       -5.96      , -5.835     , -5.68      , -6.54      , -5.74      ,
       -5.49      , -5.905     , -5.6       , -5.62      , -6.54      ,
       -6.7       , -5.835     , -6.16      , -7.14      , -5.49      ,
       -5.87      , -5.89      , -5.89      , -6.65757732, -5.68      ,
       -6.74      , -7.62      , -6.54      , -6.51      , -5.72      ,
       -7.1       , -5.4       , -6.92      , -5.85      , -5.55      ,
       -6.69897   , -5.89      , -6.06      , -7.69897   , -5.96      ,
       -7.69897   , -6.72      , -5.89      , -6.07      , -6.09      ,
       -7.        , -6.64      , -5.85      , -5.77      , -6.38721614,
       -6.14      , -7.        , -7.03      , -5.3       , -6.68      ,
       -6.0043648 , -6.21      , -5.92      , -5.66      , -5.68      ,
       -5.66      , -5.96      , -5.47      , -5.89      , -5.96      ,
       -5.72      , -7.24      , -5.96      , -6.85      , -5.92      ,
       -5.96      , -5.96      , -5.66      , -6.09      , -6.57      ,
       -5.88605665, -5.92      , -5.64      , -6.16      , -5.49      ,
       -5.51      , -6.74      , -6.89      , -7.17      , -6.08      ,
       -6.68      , -7.30103   , -5.66      , -6.01      , -5.26      ,
       -6.96      , -5.82      , -6.21      , -5.24      , -5.24      ,
       -7.24      , -7.18      , -6.68      , -6.89      , -5.605     ,
       -5.8       , -6.24      , -7.09      , -5.66      , -5.8       ,
       -5.46      , -6.24      , -6.54      , -5.8       , -5.6       ,
       -5.96      , -7.44      , -6.72      , -6.72      , -5.64      ,
       -5.82      , -6.28      , -5.85      , -5.57      , -7.04575749,
       -5.57      , -7.12      , -5.92      , -5.37      , -5.92      ,
       -7.14      , -7.6       , -6.14      , -5.8       , -6.96      ,
       -6.96      , -5.8       , -5.59      , -6.77      , -7.6       ,
       -7.55      , -7.21      , -5.64      , -7.15490196, -7.21      ,
       -5.6       , -7.72      , -6.65757732, -5.96      , -7.43      ,
       -6.55      , -6.59      , -6.27      , -5.35      , -6.51      ,
       -7.14      , -7.41      , -6.16      , -7.06      , -7.64      ,
       -7.08      , -7.14      , -6.28      , -5.42      , -7.17      ,
       -7.55      , -6.7       , -6.66      , -5.8       , -7.25      ,
       -6.92      , -5.35      , -7.22      , -5.96      , -7.4       ,
       -6.06      , -6.59      , -7.19      , -5.72      , -6.72      ,
       -6.72      , -6.3       , -7.        , -6.26      , -5.48      ,
       -5.8       , -7.19      , -7.23      , -6.68      , -5.72      ,
       -7.68      , -6.64      , -8.06      , -5.55      , -7.6       ,
       -6.50863831, -5.85      , -5.68      , -5.89      , -7.17      ,
       -6.32      , -7.17      , -7.72      , -5.14      , -7.05      ,
       -5.82      , -7.04575749, -6.7       , -4.76      , -5.02      ,
       -4.845     , -6.72      , -6.42      , -6.42      , -5.11      ,
       -5.23      , -5.02      , -6.7       , -4.41      , -5.48      ,
       -4.86966623, -6.96      , -5.1       , -6.69      , -5.55      ,
       -5.57      , -7.        , -6.96      , -7.        , -6.85      ,
       -6.7475    , -6.24      , -5.4375    , -6.34      , -3.885     ,
       -4.86966623, -3.885     , -5.85387196, -5.44      , -4.22      ,
       -4.08      , -4.45      , -5.59      , -5.        , -5.05      ,
       -4.69      , -5.24      , -4.96833333, -4.94      , -4.93      ,
       -4.92      , -5.19      ]), array([-5.77      , -6.55      , -6.24      , -5.85      , -5.88      ,
       -8.06      , -6.96      , -8.06      , -7.62      , -6.66      ,
       -5.85      , -5.92      , -6.50863831, -5.82      , -5.68      ,
       -5.46      , -6.38      , -7.        , -5.64      , -6.52      ,
       -5.8       , -5.88      , -5.85      , -5.47      , -5.6       ,
       -5.92      , -5.92      , -5.82      , -6.01322827, -5.845     ,
       -7.52      , -6.31      , -5.96      , -6.54      , -5.77      ,
       -7.14      , -5.885     , -5.49      , -5.89      , -5.74      ,
       -6.43179828, -4.85      , -6.21467017, -5.96      , -5.96      ,
       -6.48      , -6.68      , -5.87      , -5.68      , -5.74      ,
       -6.48      , -7.        , -5.72      , -5.74      , -6.38721614,
       -6.14      , -7.1       , -7.2       , -5.92      , -7.04575749,
       -5.85      , -6.21      , -5.6       , -5.96      , -5.68      ,
       -5.68      , -7.15490196, -5.47      , -5.4       , -6.54      ,
       -6.        , -7.38      , -5.77      , -6.72      , -5.72      ,
       -5.42      , -5.96      , -6.8       , -5.96      , -5.68      ,
       -5.86012091, -5.49      , -5.47      , -5.64      , -5.48      ,
       -5.49      , -6.55      , -6.96      , -7.19      , -6.82      ,
       -7.15490196, -7.30103   , -6.        , -5.82      , -5.68      ,
       -7.        , -5.96      , -6.21      , -5.4       , -5.62      ,
       -7.38      , -7.74      , -7.04575749, -5.43      , -5.22      ,
       -6.25      , -5.96      , -7.49      , -6.2       , -6.26      ,
       -6.66      , -6.24      , -6.85387196, -6.2       , -5.6       ,
       -6.09      , -7.41      , -5.96      , -5.96      , -5.55      ,
       -5.48      , -6.28      , -6.        , -6.37      , -5.62      ,
       -6.85      , -6.31      , -6.31      , -5.37      , -6.31      ,
       -7.43      , -7.06      , -7.02      , -5.4       , -6.7       ,
       -6.96      , -6.6       , -6.55      , -6.77      , -7.43      ,
       -6.96      , -6.34      , -7.02      , -7.06      , -7.24      ,
       -6.77      , -7.23      , -5.80410035, -5.54      , -7.64      ,
       -6.4       , -6.89      , -6.96      , -5.01      , -6.59      ,
       -6.7       , -7.01      , -5.66      , -6.96      , -7.38      ,
       -7.08      , -7.22      , -5.37      , -6.89      , -7.14      ,
       -7.34      , -6.8       , -6.92      , -6.7       , -7.29      ,
       -7.34      , -5.42      , -5.39      , -5.92      , -7.4       ,
       -6.04      , -7.24      , -6.72      , -5.58      , -6.38      ,
       -5.89      , -6.        , -6.96      , -6.04095861, -7.2       ,
       -5.72      , -6.96      , -7.6       , -6.68      , -5.92      ,
       -6.89      , -6.64      , -7.21      , -5.42      , -7.46      ,
       -5.89      , -6.        , -5.42      , -5.96      , -7.03      ,
       -5.72      , -7.03      , -6.89      , -5.64      , -6.52      ,
       -5.82      , -5.64      , -6.7       , -5.17      , -4.71      ,
       -4.71      , -6.25      , -6.42      , -6.42      , -4.97      ,
       -5.23      , -5.17      , -6.77      , -4.41      , -5.89      ,
       -5.85387196, -5.98      , -5.27      , -6.64      , -4.66      ,
       -5.27      , -6.2       , -6.82      , -6.91666667, -7.7       ,
       -6.91666667, -5.63      , -5.448     , -7.55      , -3.885     ,
       -4.87942607, -3.885     , -5.85387196, -5.44      , -3.62      ,
       -5.24      , -4.45      , -5.58      , -5.        , -5.05      ,
       -4.69      , -5.24      , -5.28      , -4.93      , -5.21      ,
       -5.21      , -5.205     ]), array([-7.19      , -6.82      , -5.85      , -5.85      , -5.88      ,
       -5.96      , -5.89      , -6.        , -8.        , -7.09      ,
       -6.37      , -6.82      , -5.59      , -5.77      , -5.74      ,
       -7.18      , -6.38      , -7.05      , -5.62      , -6.54      ,
       -6.06      , -6.51      , -5.77      , -7.14      , -5.89      ,
       -5.87      , -6.17      , -5.81      , -6.92      , -5.82      ,
       -5.66      , -5.98      , -6.06      , -5.475     , -5.8       ,
       -5.89      , -5.4       , -7.57      , -5.8       , -6.68      ,
       -6.14874165, -5.55      , -6.12493874, -5.96      , -5.66      ,
       -7.52      , -5.96      , -5.4       , -5.77      , -5.545     ,
       -6.89      , -7.05      , -5.82      , -6.12      , -6.12493874,
       -6.42      , -6.51      , -6.205     , -5.74      , -6.85      ,
       -5.61618463, -6.21      , -5.92      , -5.89      , -5.68      ,
       -5.66      , -6.92081875, -5.47      , -5.96      , -6.51      ,
       -5.64      , -7.24      , -5.85      , -7.27      , -6.28      ,
       -5.3       , -5.3       , -5.32      , -6.17      , -6.19      ,
       -5.88605665, -6.35      , -5.34      , -6.04      , -5.89      ,
       -5.34      , -6.89      , -6.62      , -7.19      , -6.82390874,
       -7.30103   , -7.30103   , -5.38      , -5.89      , -6.44      ,
       -6.66      , -5.92      , -5.68      , -5.49      , -5.34      ,
       -6.96      , -6.77      , -7.        , -5.96      , -5.96      ,
       -5.49      , -6.21      , -7.06      , -6.2       , -5.35      ,
       -5.51      , -6.24      , -7.06      , -5.05      , -5.57      ,
       -5.32      , -7.49      , -5.96      , -5.96      , -5.64      ,
       -7.05      , -6.28      , -5.05      , -7.24      , -4.85      ,
       -6.85      , -6.59      , -6.59      , -5.54      , -6.59      ,
       -7.42      , -7.09691001, -6.21      , -5.4       , -7.23      ,
       -7.19      , -6.6       , -6.17      , -7.6       , -7.23      ,
       -7.31      , -6.40893539, -5.82      , -7.07      , -6.64      ,
       -5.6       , -6.54      , -6.65757732, -5.42      , -7.47      ,
       -6.4       , -6.77      , -7.51      , -5.01      , -6.19      ,
       -7.72      , -6.31      , -7.08      , -6.72      , -7.47      ,
       -7.08      , -7.18      , -5.8       , -6.44      , -7.64      ,
       -7.34      , -7.08      , -6.66      , -5.92      , -7.52      ,
       -7.4       , -5.04      , -6.96      , -6.01      , -7.4       ,
       -7.03      , -7.06      , -7.09      , -5.92      , -6.38      ,
       -5.92      , -5.85      , -6.85      , -5.66      , -5.96      ,
       -5.39      , -7.24      , -6.85      , -6.24      , -5.72      ,
       -7.07      , -6.64      , -6.60205999, -5.39      , -7.46      ,
       -6.24      , -5.96      , -5.55      , -5.8       , -5.72      ,
       -6.59      , -7.09      , -7.23      , -4.64      , -6.69      ,
       -5.82      , -6.6       , -6.        , -6.        , -4.71      ,
       -4.83      , -6.11      , -4.89      , -4.79      , -5.11      ,
       -5.23      , -5.17      , -6.41      , -5.33      , -5.51      ,
       -5.24      , -5.41      , -5.27      , -6.69      , -5.26      ,
       -5.27      , -6.2       , -7.03      , -6.85      , -6.37      ,
       -6.645     , -5.49666667, -5.49666667, -7.34      , -3.68      ,
       -5.04095861, -3.885     , -5.85387196, -6.82      , -4.38      ,
       -4.93333333, -4.45      , -5.59      , -5.05      , -5.05      ,
       -4.69      , -5.24      , -4.93333333, -5.33      , -4.82      ,
       -4.82      , -5.21      ])]","[-6.448      -6.65       -6.174      -5.736      -5.818      -7.192
 -5.936      -7.46698039 -7.232      -6.848      -6.084      -6.251
 -6.10172766 -6.154      -6.284206   -5.958      -6.411      -6.466
 -5.64       -6.576      -6.149      -6.167      -5.864      -6.586
 -5.594      -6.009      -5.86       -5.895      -6.33330526 -5.781
 -6.664      -6.844      -6.056      -6.327      -5.842      -6.874
 -5.497      -6.304      -5.795      -5.918      -6.25728531 -5.6
 -5.97215678 -6.751794   -5.872      -6.985794   -6.448      -5.788
 -6.044      -5.821      -6.89       -6.656      -5.848      -5.958
 -6.34367709 -6.096      -6.764      -6.673      -6.232      -6.7391515
 -5.67934681 -6.296      -5.84       -5.746      -5.948      -5.812
 -6.88673214 -5.546      -5.872      -6.356      -5.79       -7.24
 -6.034      -7.088      -5.96       -5.556      -5.828      -6.026
 -6.156      -6.35       -5.84060324 -5.74       -5.61       -5.898
 -5.674      -5.394      -6.822      -6.752      -7.14       -6.78678175
 -7.07754879 -7.18149096 -5.684      -5.888      -6.174      -6.608
 -5.952      -6.09       -5.418      -5.682      -7.136      -7.218
 -6.9765335  -6.156      -5.619      -6.124      -5.978      -7.194
 -6.092      -5.946      -5.918      -6.194      -6.36477439 -5.876
 -5.588      -5.858      -7.394      -6.112      -6.112      -5.588
 -5.918      -6.318      -5.798      -6.         -6.0691515  -6.552
 -6.536      -6.302      -5.404      -6.302      -7.076      -7.159588
 -6.306      -5.48       -6.664      -6.964      -6.28       -5.961
 -6.918      -7.367382   -7.21       -6.58578708 -6.256412   -7.11836239
 -7.072      -5.834      -7.246      -6.13070009 -5.902      -7.382
 -6.43       -6.81       -6.976      -5.376      -6.644      -7.192
 -6.962      -6.336      -6.49518639 -7.384      -7.036      -7.234
 -5.902      -5.918      -7.35       -7.382      -6.746      -6.602
 -6.436      -7.344      -7.268      -5.236      -6.518      -6.154
 -7.324      -6.43       -7.114      -7.226      -6.03       -6.5
 -5.986      -5.962      -7.074      -6.08219172 -5.948      -5.644
 -7.072      -7.18       -6.592      -5.948      -7.11       -6.406
 -6.804412   -5.366      -7.416      -6.01172766 -5.87402418 -5.784
 -5.892      -6.964      -6.224      -7.216      -7.214      -5.408
 -6.578      -5.984      -6.2491515  -6.56       -5.928      -4.844
 -4.761      -6.108      -5.502      -6.094      -5.046      -5.136
 -5.102      -6.67       -4.652      -5.644      -5.54270764 -6.11
 -5.27       -6.685      -5.124      -5.456      -6.36       -6.77
 -6.65333333 -7.204      -6.74066667 -5.86733333 -5.45043333 -6.398
 -3.722      -5.17801018 -3.824      -5.6077661  -5.716      -4.09666667
 -4.53866667 -4.668      -5.588      -5.01       -4.988      -4.862
 -5.192      -5.08793333 -4.832      -5.018      -4.98240535 -5.165     ]","[0.63037766 0.65296248 0.2746343  0.228      0.289579   0.72228526
 0.53660414 0.81295033 0.68880767 0.18733926 0.21657331 0.37694031
 0.46302707 0.41668213 0.6997162  0.63669145 0.29343483 0.68304026
 0.0219089  0.08236504 0.33532671 0.37223111 0.15120847 0.71491538
 0.16082288 0.2718529  0.25131653 0.22851696 0.38511116 0.32119153
 0.64329154 0.82385921 0.25318768 0.42726573 0.09967949 0.4923251
 0.194      0.80251106 0.16834488 0.40121815 0.38291733 0.41751647
 0.22579824 0.68959814 0.11906301 0.5590796  0.28888752 0.19415458
 0.3740909  0.18815951 0.23246505 0.61039659 0.08975522 0.2573247
 0.11072376 0.25247574 0.55065779 0.42350443 0.80185784 0.22899085
 0.23628593 0.172      0.13145341 0.14907716 0.536      0.17915357
 0.47910894 0.152      0.41720019 0.32016246 0.12457929 0.07771744
 0.28959282 0.29335303 0.18066544 0.24703036 0.264      0.52312905
 0.12142487 0.37878754 0.1142962  0.37013511 0.20823064 0.26999259
 0.18315021 0.09002222 0.21329791 0.45630691 0.05366563 0.47686434
 0.2099194  0.14897613 0.27753198 0.10979982 0.60734175 0.60749979
 0.11822013 0.23349518 0.14810807 0.3784389  0.1626776  0.3795471
 0.15148064 0.65270514 0.25310867 0.42372633 0.22310536 0.15447977
 0.216      0.47956647 0.43249971 0.092      0.58376289 0.51406614
 0.02481935 0.64873415 0.10518555 0.304      0.304      0.05114685
 0.57973787 0.076      0.38457249 0.71830356 0.77473855 0.49769067
 0.41644207 0.34463894 0.068      0.34463894 0.34237991 0.2842073
 0.36810868 0.16       0.58714904 0.12435433 0.50852729 0.44190949
 0.3427769  0.18041279 0.44438722 0.36444359 0.50520108 0.05645863
 0.22265669 0.468      0.41470954 0.43045327 0.41223294 0.18776581
 0.06       0.2301304  0.40037982 0.35774852 0.34511447 0.45247762
 0.37021075 0.45837103 0.64246808 0.2280877  0.31455365 0.13139254
 0.40131783 0.62630344 0.18242807 0.084      0.27332032 0.31574673
 0.47906576 0.09810199 0.17554487 0.26717784 0.64013749 0.40435628
 0.1241934  0.8760137  0.29131426 0.32153382 0.39989999 0.14913082
 0.37860798 0.19843387 0.20895933 0.22574331 0.64861082 0.21694239
 0.11923087 0.39441095 0.176      0.36432952 0.52180456 0.468
 0.76776076 0.16304601 0.1670449  0.3155076  0.10422728 0.30845421
 0.05268776 0.66207552 0.37686072 0.2460569  0.32289937 0.51526304
 0.786318   0.328      0.67976855 0.28       0.86868636 0.12721635
 0.08052329 0.56183272 0.74954386 0.652      0.07939773 0.188
 0.06852737 0.13371612 0.35712183 0.22957352 0.66686225 0.65228828
 0.10751744 0.0244949  0.37054554 0.19179155 0.32       0.35168167
 0.43784827 0.51986921 0.09905302 0.34995492 0.02678466 0.92687432
 0.13800725 0.46578202 0.122      0.36355116 0.552      0.29949587
 0.4606739  0.436      0.004      0.02       0.124      0.344
 0.096      0.13071333 0.36118693 0.1729046  0.19336126 0.05196152]"
2,RandomForestRegressor,"[-6.377186058469999, -7.268620599909997, -7.010969619519996, -6.923120599920002, -6.18304038411, -6.495645480799999, -6.631808187539999, -6.005333333333331, -6.39965757491, -6.1376490195999995, -6.558400000000001, -5.78341184634, -6.200164610919993, -5.958476083109999, -6.154849387370001, -5.9340666666666655, -6.628337126620003, -6.064042047469999, -6.289300000000002, -6.38388476443, -6.40780829313, -5.922049999999998, -6.17205757491, -5.92729025169667, -6.58935757491, -6.022702606600002, -6.621139700040003, -5.75155, -6.417893648050003, -6.562289401810003, -6.034986333429998, -6.285501222960001, -5.75885, -6.077050000000002, -6.049599999999999, -7.095564169420002, -5.822729036660004, -5.668115284639999, -5.767983333333332, -6.613647728140002, -5.777049999999994, -5.92987137311, -6.2730043658199985, -6.313136451109999, -5.926799999999999, -5.716791414699998, -6.068349999999999, -6.204855810739999, -7.0630000000000015, -6.4180919976099995, -6.683033290250005, -5.855368729804287, -6.244882282660002, -6.062959953850002, -6.326099999999999, -5.693348648049998, -6.762308187539999, -6.138560566480001, -7.071010299960001, -5.936882417969998, -5.929464169399997, -6.14397254341, -5.948975000000003, -6.347835899929996, -5.57831333333333, -5.80365355525, -5.884800000000002, -6.09903638306, -5.916449999999998, -6.108289700040002, -7.207366666666665, -7.305296373110002, -7.277761519600002, -6.574485210829998, -7.044662360930004, -5.717732720703333, -6.1829800716499985, -6.226337923879998, -6.287044429180001, -7.095938719639999, -5.526260000000002, -5.6445000000000025, -5.869409219079997, -7.095257207140005, -5.8560072826599985, -5.819679581420002, -5.8213195075200055, -6.23853015174, -6.02967042901, -5.860544484229999, -5.790799999999999, -5.719668611260002, -5.853049999999999, -5.886866666666673, -5.778060599510001, -5.857374999999999, -7.169799999999998, -5.580972002590003, -5.958971787680003, -6.159246519889997, -6.282377727469999, -5.929350959680002, -6.007755013963334, -6.109107574909998, -6.532773489660003, -6.96541240525, -6.4170632217799985, -6.444183788930001, -6.027637559779997, -6.0388190847900045, -6.32344783529, -6.490681619123636, -6.132350000000006, -5.930735066389998, -5.87297184746, -7.182937126620003, -7.146450011653335, -7.142000000000003, -6.037239548110001, -6.703975773190004, -6.062218762440002, -7.212878419689996, -7.129631220913341, -7.259000000000001, -6.917299999999998, -6.98965, -5.935660566480002, -6.584192667650001, -6.86845, -6.924101553570001, -7.209199999999999, -7.087599999999994, -6.945555692660005, -6.220446025116665, -6.663594189949999, -7.079900000000001, -7.300989353929998, -6.14799855858, -6.137367122253332, -6.185671043049998, -6.4376609059133285, -5.900637890988573, -6.480159319559999, -6.222758973439999, -6.870034319560005, -6.103306252823335, -6.970018487371431, -5.90488236692, -7.144282352933336, -7.089949019600003, -6.60425, -6.382550000000004, -6.899561233633334, -7.123181728531434, -5.298175000000001, -5.756753715393333, -6.293400000000003, -6.782044115834766, -6.358001532879997, -6.849033333333333, -6.956493487500003, -7.060310299960004, -5.522609586079999, -5.108449999999997, -5.140911159346664, -6.527008333333332, -6.025558333333331, -5.969974714239998, -6.069665149819997, -5.46102985342, -6.0844016589366685, -5.014906812510953, -4.909655000000004, -4.951284528030004, -5.163733149578892, -5.796400000000008, -6.402182142857141, -6.3176492881666695, -5.57478272070333, -5.89323881296666, -6.463255687663336, -5.98662166666667, -5.919058809523813, -6.325399999999995, -5.937909523809527, -6.255297142857147, -5.950770476190482, -4.976830513436664, -5.416066652236654, -6.222850414325719, -6.340876787500001, -6.175176787500002, -5.165769579807619, -4.974593365863331, -4.96465451632667, -4.484228333333338, -4.9999835819600005, -4.883036680866661, -4.8290532669966675, -4.976212937225237, -4.832912058393331, -4.980672276554861, -7.340699999999995, -7.022600000000003, -6.871425102699998, -5.98219980505, -6.211132282659995, -6.801700000000002, -5.898370438229998, -6.116208187539999, -5.97858598099, -5.97858598099, -6.063172947759998, -6.048899387369995, -5.954159387370001, -6.364076458880001, -6.1789999999999985, -6.3739, -6.453449999999998, -5.980866666666665, -6.397639700040003, -6.000199999999998, -5.862272161429996, -5.78401262725, -6.166366666666671, -5.815445225739998, -6.065691666666664, -6.03411910013, -6.32450581074, -6.7068069829800026, -6.205343519390003, -5.77164, -6.016273809523809, -6.29075, -6.074568119730006, -6.253749999999999, -6.659423852619998, -6.6068, -6.031427572900002, -6.361510732536666, -5.773976190476191, -6.826247819139997, -5.849768719640001, -5.811514353930001, -5.952634999999998, -6.0807013160933305, -6.8994845602999995, -6.590400045499997, -6.298431316580002, -5.913855648840001, -6.009761388010002, -5.9096499999999965, -6.6837, -6.499018119729998, -6.357699019600001, -6.33045138279, -6.509699999999997, -6.109722435500003, -6.023438599360003, -6.616787587630001, -5.781009341219999, -5.8166072071400015, -6.012099999999997, -6.011899999999998, -6.12430757491, -6.695629400080003, -6.11175452912, -5.73315666666667, -6.7150377233500045, -6.485167173150001, -6.190870176120002, -6.186709828069999, -5.6609500000000015, -5.829349999999997, -6.925681302259999, -7.015071862220002, -6.360075409509998, -5.735250000000001, -5.672367875806666, -7.200549019600001, -7.4014, -7.0171257235, -7.177816375080003, -6.318202766490001, -6.924650000000001, -5.893400000000003, -6.016822161430001, -6.397116375079999, -5.746743648050003, -6.076999999999998, -6.286315783150003, -6.695049490730001, -5.900849019599997, -6.666350029720002, -6.362321217399999, -6.2281000000000075, -6.157884786396665, -6.854240000000001, -6.634999999999995, -7.220449999999999, -5.885374511730001, -6.2251327048866685, -6.111866608036667, -6.313657358760004, -6.059499999999999, -5.866887532220002, -5.8720198905100025, -7.081018119730001, -7.180449019600004, -6.11706882972, -7.225300000000004, -6.88374308564, -6.751458646780001, -7.016500000000002, -7.081787499999997, -6.250333852159997, -7.045686470499999, -6.915559319559998, -6.678699999999999, -5.943405423659999, -7.053899999999999, -6.50635, -7.240189700039996, -5.975699999999998, -7.197599999999997, -5.812600000000004, -6.32061674004, -6.098735594850005, -6.26880581074, -6.7567, -6.057799999999999, -6.940718487499997, -6.989907207139998, -6.200230953660002, -6.47798638306, -6.942798039199996, -6.754169100129996, -5.321242857142855, -6.59746854129, -5.816791474410003, -6.567101295226666, -6.157418119730002, -6.96565, -7.089167874870003, -6.969680373370002, -6.539672421680004, -6.154158591660003, -6.541099999999999, -5.45048741651, -7.055858187540004, -7.097297541470003, -7.054208187540001, -7.196607841430007, -6.9837000000000025, -6.505139928780002, -5.467999999999998, -7.104826966626666, -6.267180953660001, -7.22448638306, -5.99735364805, -6.0717436480500036, -6.9595490196000025, -6.253968639120003, -6.590265801780001, -5.337168847950002, -5.962799999999998, -5.6584035219599995, -5.783354842810001, -5.1913190087, -5.763399999999995, -5.840099999999998, -5.2456999999999985, -4.835503085690008, -5.316799999999996, -5.538103085690002, -6.594078333333333, -6.128838333333333, -5.911172421679994, -5.9128500793650804, -6.624373809523812, -5.449653571428571, -6.4794502380952395, -5.85630746031746, -3.8837085653233356, -3.8837085653233356, -4.0155, -4.057725000000007, -5.223604882326665, -5.1541082955599995, -5.139272253503329, -5.069273272613333, -5.069273272613333, -4.955291457123334, -4.955291457123334, -4.930844586079997, -5.1541082955599995, -5.327769452176666, -5.3350670831699984, -5.193844823232323, -4.431905833979999, -5.193844823232323, -5.211548514028093, -5.161259249333332, -5.158409433106665, -7.015586073149999, -6.767337126600001, -6.071999999999998, -6.163936073149994, -6.072316666666662, -5.7307840094766656, -6.090544507519999, -6.295545853330001, -6.057330031109999, -6.083719619520001, -6.409071426080001, -6.400567823410001, -6.405699019600002, -6.1494604498833345, -5.905076070813331, -6.232042857142857, -6.750638719639998, -6.3280990196, -6.553294900298573, -5.901256659669996, -6.825330946469998, -6.363292989849998, -6.1935997616900025, -6.100600784800001, -5.742657714748095, -6.5794, -5.998899999999999, -6.462515149819998, -5.94792159204, -6.106726635273332, -6.261247137710002, -6.2558092190800005, -5.82710118363, -5.8362678620133295, -6.670606073139998, -6.4694356192585705, -6.108549538979999, -6.579216666666664, -6.0489999999999995, -5.6576207498433355, -6.720600000000001, -6.133344975519998, -5.9751689165099995, -5.858200000000002, -6.26072, -6.338528437920001, -7.0777, -6.030839942610002, -6.608899999999995, -6.831599999999997, -6.317978517720003, -6.0159484978999975, -6.288489270779995, -6.1549000000000005, -5.987800000000001, -6.220108949950002, -6.895784207560001, -6.119287441700002, -7.184087739240003, -7.178586383059996, -6.681013639110001, -6.609699999999998, -5.827383357167142, -5.7274967835399995, -6.247698111348572, -6.248783397889997, -6.1570499999999955, -6.219726183630001, -5.935674841486666, -6.064080494763333, -5.685739619510002, -5.80875, -7.317089700040001, -7.2411, -5.840040820059998, -6.214363879466665, -7.266970000000002, -7.237589700040003, -7.07839899944, -5.870226303439997, -6.627244026439999, -6.384211073149999, -6.242000000000002, -5.957140000000001, -6.019785210829997, -7.088236383059996, -5.766004704339997, -5.749504849850004, -5.707100000000001, -6.376854834750002, -6.368621974080001, -7.387399999999996, -6.1285425524133315, -5.883958048026663, -5.83293908741, -5.889348949326669, -6.690499999999998, -6.734831105039998, -6.028545280040003, -5.946125000000002, -5.524900000000006, -6.07241697346, -6.07241697346, -5.314100000000007, -5.838343892920002, -5.812925773189997, -7.13313333333333, -6.4759821337000005, -6.574252193810001, -6.503736073149995, -5.875273664540006, -5.767499999999999, -6.363319999999996, -6.9459102999599995, -6.510588441340001, -6.699849019599997, -5.871652695060005, -6.015816776669999, -7.061934249950002, -6.958586073149997, -6.814701209139997, -6.93522147581, -7.12825, -7.261249019600001, -6.829454502790002, -6.928689700040001, -6.973000000000004, -6.959643485393332, -7.045298039200002, -6.120380405269999, -7.093521475810005, -7.142069100130002, -7.102333333333335, -5.921137942736672, -7.131589100129999, -6.005537913396664, -7.130528419690007, -6.773837328130001, -6.310725849920002, -6.385735727040002, -6.073906168623331, -7.252999999999997, -7.309498039199996, -6.201255920729998, -6.553050000000001, -7.141800000000011, -5.97907690378, -6.911297519810003, -6.171584439849999, -6.132324999999998, -6.240948757019996, -6.363567439856663, -6.130919619509999, -5.4760399999999985, -6.715119619510002, -6.030880632760001, -6.7406990196000045, -6.111401185810001, -6.661033333333331, -6.301456391183332, -7.150689700040004, -7.10800781977, -6.779978174819998, -6.119788161033336, -6.229993957583336, -6.11686100534, -5.9239999999999995, -5.638560660599996, -5.696683333333329, -5.669074999999998, -5.468931861689998, -5.749129034356664, -5.706857619047619, -5.324580000000003, -6.417064492830001, -5.30303333333334, -5.539268119730005, -5.9334702673399935, -5.644773809523813, -5.633555000000001, -5.633555000000001, -6.236019458994293, -6.2398314758100035, -6.657938305314293, -5.856985873015874, -5.857801666666665, -6.021020000000002, -5.441426825396826, -4.1338125, -5.1666941133999975, -4.141665862497139, -5.048081147235238, -6.4392000000000085, -4.178680476190477, -4.452054736703334, -4.967222146299999, -5.36116641902333, -4.9210581288395225, -4.979241587301586, -5.013588250046033, -5.210247659963333, -6.611745986360002, -6.94244364806, -6.525083001989998, -6.933607819770002, -6.12584677021, -6.5379000000000005, -6.3842215488, -6.27474520818, -6.035630348970003, -6.70580252129, -6.335499999999999, -6.0004655135399965, -6.770556356289998, -6.76525635629, -6.568750000000005, -6.312854194839997, -5.893478804450004, -6.625907513859999, -6.014189353930001, -6.054593035419997, -7.079502726149999, -5.997622581089998, -6.064299999999998, -6.0653956945999985, -6.388321065419998, -6.507799016219999, -6.378022369320002, -6.425568579270003, -5.80163003498334, -5.90586659691, -5.663061312569998, -5.825449387369995, -5.872249999999993, -6.06489938737, -6.302342025479996, -5.992100000000001, -7.032392667650003, -6.384150000000001, -5.819056539183332, -5.9623, -5.819056539183332, -5.820749999999999, -6.232199999999999, -5.932452444909997, -6.2551908020700004, -5.901566666666663, -5.766446701649999, -5.932517982759999, -5.845826956819999, -6.655738719639999, -5.809466666666667, -6.179374231159999, -5.667473205849993, -5.769251316093334, -5.930600000000001, -5.481249999999992, -6.27579888263, -5.692340530230002, -5.87084100348, -5.79983596552, -6.036604276559997, -6.162941003479997, -5.867899999999999, -6.94805714285714, -6.035802369659995, -5.89809978976, -6.239711846340001, -5.9743, -6.441499999999996, -7.157715686266665, -6.175525594239999, -5.7233, -6.020600000000001, -5.768116666666669, -6.966499999999996, -5.687099999999996, -6.892200000000008, -6.519247191770002, -6.530348918390001, -5.778501209139996, -6.063301209140003, -5.74168265901, -5.730721673353332, -5.800868805759999, -6.7333963449199965, -5.941139617189997, -6.1884075749099985, -5.78290682783, -6.38448330145, -6.055049112410001, -5.537500000000002, -7.130577742767144, -6.622513268629999, -7.036064827150002, -7.271600000000002, -6.592210299949999, -6.242046786030006, -5.656475000000001, -5.822185302190004, -6.195169533066672, -6.293299999999997, -5.870209219080001, -6.3135, -6.288099999999998, -7.0686012082033365, -5.948509641080003, -7.274559319549999, -6.758199999999997, -7.113875000000002, -5.815629686839995, -6.995970906789999, -6.218317039449999, -6.19760491377, -6.538448535349999, -6.735380899869997, -6.155238719639999, -5.866518134486671, -6.273359319559997, -7.26082059991, -7.147398039200002, -6.934499999999998, -6.265979981199997, -5.825010959950476, -6.09261936526, -7.051598039199997, -7.2011980391999995, -6.482410299959996, -7.153232352933333, -7.244047058800003, -6.216757574909996, -7.250299999999998, -5.384158333333338, -6.669786383059999, -6.605699999999996, -7.155957574910002, -6.065804998050002, -7.186448039200003, -7.08679068626667, -6.3261760831099965, -5.624697326089998, -6.961133333333333, -5.848999999999998, -5.855944857190002, -6.161266666666668, -6.423399999999997, -7.111599019600005, -5.3571000000000035, -6.4698, -7.158150000000004, -7.1035490196, -6.280018438160003, -5.788783666019998, -7.065587739240001, -7.0764980392, -6.8664, -6.887299999999998, -5.84754364805, -5.344829586080001, -6.354566712079998, -6.615800000000002, -6.8241, -5.216103085689997, -5.834803333333331, -5.8726599237857116, -5.74761406893, -5.196378978286666, -5.219182252356665, -5.9006061904761955, -4.883433333333341, -5.213426252746668, -5.491923166329999, -6.473199999999994, -5.043965265793338, -5.430807028170001, -5.798667507099998, -5.96170308569, -6.135035952380953, -6.2477717857142805, -6.053341071428571, -6.2477717857142805, -6.4059863830599975, -6.9384000000000015, -6.5050000000000034, -6.742858986980007, -5.546175828986668, -6.983483333333337, -6.891990476190481, -6.5161300071, -5.0373845283600005, -6.556667507100001, -4.594589285714293, -3.7080529194133316, -5.459477613720002, -5.205330868486669, -5.013775178869998, -4.608192667423338, -5.273105238095238, -5.273105238095238, -5.273105238095238, -5.037750267670001, -5.144518900303336, -6.388790801040001, -7.427186073149992, -6.84215394801, -6.463360299959995, -6.136126966626664, -6.429010299959997, -6.454686325459996, -6.149718119729998, -6.023877863713332, -6.167918657539999, -6.6701854605199955, -6.203518386249999, -5.734085210829997, -5.880299205589998, -6.386479353929997, -6.268899999999999, -6.591299999999999, -6.1039659920499965, -5.971328174819999, -5.971328174819999, -6.05920935344, -5.828450225969998, -6.319217160989999, -6.0926348944900015, -6.018050000000001, -5.7555, -5.8232389273, -5.794429273349996, -6.772808187540003, -6.03330781977, -5.592500000000005, -6.608400918660001, -6.226997556120001, -6.108972011119997, -5.846950000000001, -5.92680931956, -7.168018487499998, -5.897699312010001, -6.174581661030001, -6.653242982760002, -5.558525000000004, -5.925047239050005, -5.7658561904761845, -6.280383033899997, -5.921749920410001, -6.921123565159999, -6.041617489249996, -6.138799999999996, -5.824557819769999, -5.9015852108299995, -5.736692652893331, -6.446350014539999, -7.132399999999997, -7.275786073150001, -6.956831848319999, -5.752849999999998, -5.53025000000001, -5.69779637311, -5.75933164076, -5.932900000000002, -5.894041003479998, -6.093860769709998, -5.8058595860799995, -5.9244371732099985, -7.269336073150002, -6.02885087397, -6.802979400090001, -6.443098920529999, -7.085238157, -6.481443648060003, -5.843464839960001, -5.849930960673331, -7.095566666666665, -5.91495958608, -5.855128299580001, -5.9030000000000005, -5.804007574909998, -5.947138719639998, -6.989019100130001, -6.002966666666667, -7.086752739816672, -6.913971537199997, -5.7425999999999995, -5.873839353930001, -5.871946701649997, -6.149955414800003, -6.426349999999998, -6.064015164460001, -6.077007574909998, -6.341628419689999, -6.973274019599996, -5.713340398778571, -5.699249999999999, -6.197149019599999, -6.6015130909199975, -6.165035108453331, -6.367232367700001, -5.706583333333332, -6.48074364805, -6.217093648049999, -5.933251760910001, -6.224099999999998, -5.80497106542, -5.964109586079997, -6.7170312839800035, -6.091486060850003, -6.305689999999995, -6.23027984985, -6.747657574909998, -6.102891378139999, -6.999507207139998, -5.955597847200002, -6.9586854752099985, -6.912849019599999, -6.54244811233, -6.56435561411, -5.77560921908, -6.508995570369997, -7.078257574910003, -7.209969619509998, -6.949099999999996, -5.888435460509998, -6.019196701650003, -7.180969100130007, -7.279800000000002, -6.186158654799995, -6.407949999999996, -6.084303214440004, -7.0990244466800005, -6.907, -7.159450000000001, -6.4908, -7.109377433463333, -5.897785988640002, -6.083481419730004, -7.321599999999994, -7.199108187539997, -7.088465540473331, -6.305552055923333, -6.961625000000001, -6.0560595860800035, -5.87006418558, -5.626887416509998, -7.106697693089997, -6.994066666666669, -7.093200000000001, -6.242002621499999, -7.098859319560001, -5.473243648050002, -6.181400000000004, -6.515533333333333, -5.467838719640001, -6.929241520873336, -7.096538373530006, -6.480277439290002, -6.181900000000001, -5.170799999999999, -6.749638373530002, -5.681271108999999, -5.47825, -4.999033333333329, -5.983339317764444, -6.036258410100001, -6.092775773190001, -5.597746515739996, -5.219020935601424, -5.099766666666672, -5.1376666666666715, -5.809300000000003, -4.837999999999997, -5.309550000000001, -5.389867320313333, -5.468526700419997, -5.488551680866669, -5.306891511617779, -6.234983605680004, -5.289286666666669, -6.495509353929998, -6.421736666666666, -6.447709353930001, -5.966419100130001, -6.197822499999997, -6.6225516666666655, -6.6225516666666655, -5.52883551587302, -5.52883551587302, -4.32325401709402, -4.406231723370063, -5.1056551082566655, -6.5409999999999995, -6.485999999999998, -4.377228912483334, -4.943637771353337, -5.228028692026672, -4.922981639053328, -4.8504713770866665, -5.104731666666669, -5.090459586080005, -4.943637771353337, -4.947702489177489, -5.380286239333332]","0     -7.22
1     -6.21
2     -7.24
3     -5.92
4     -5.96
       ... 
247   -6.00
248   -3.99
249   -5.24
250   -4.77
251   -4.71
Name: Permeability, Length: 252, dtype: float64","[array([-6.41555069, -6.33913883, -6.36732375, -5.88539446, -5.94298236,
       -6.87785529, -6.11306075, -6.89694539, -6.89115375, -6.5580103 ,
       -6.05044524, -6.28447577, -6.41711057, -6.13591148, -6.06394792,
       -5.97513745, -6.46713749, -6.77202964, -5.94622982, -6.41915782,
       -6.23328178, -6.4343    , -5.78726461, -6.19611753, -5.80743478,
       -6.22157284, -5.80854015, -6.20690757, -6.19554397, -5.82443685,
       -6.54308607, -6.6126    , -6.14004   , -6.33448167, -5.87855   ,
       -6.50765   , -5.5659395 , -6.22355   , -6.0061    , -5.75095176,
       -6.22376322, -6.11573742, -5.89801376, -6.39333757, -6.18938311,
       -6.54964728, -6.48092807, -5.77473049, -5.922325  , -5.81953817,
       -6.69495   , -6.65743335, -5.82156577, -5.7744    , -6.2567019 ,
       -5.99645   , -6.75825757, -6.43106972, -6.12539603, -6.48441501,
       -5.81891076, -6.33265   , -5.79291451, -5.75976185, -5.69334865,
       -6.44398111, -7.00853772, -5.59096057, -5.71466693, -6.43105   ,
       -6.1187    , -6.78102608, -5.868155  , -6.90581904, -6.12495   ,
       -5.79704784, -5.89095   , -6.01546256, -5.98355444, -6.46801031,
       -5.94711745, -5.74201435, -5.63480851, -5.8386    , -5.7685    ,
       -5.5256897 , -7.02863993, -6.26903761, -7.02010243, -7.0259103 ,
       -6.84841287, -7.1190127 , -5.77517824, -5.8883    , -6.41803335,
       -6.79787718, -5.75155   , -6.17315   , -5.64806057, -5.81630932,
       -7.3225    , -7.06233333, -6.99277781, -6.20765   , -5.85555935,
       -6.30095549, -5.86795   , -7.223     , -6.11997547, -6.0892965 ,
       -6.05901433, -6.1192    , -6.14243535, -6.08582691, -5.7378857 ,
       -6.24606311, -7.14951849, -6.0022    , -6.0022    , -5.649475  ,
       -5.88350581, -5.92935096, -6.10919058, -6.33352205, -6.15056764,
       -6.37494071, -6.23659443, -6.23165922, -5.50495   , -6.23165922,
       -7.19109363, -7.08872981, -6.10010052, -5.5626697 , -6.3626    ,
       -6.65472215, -6.02388752, -6.06690753, -6.6812104 , -7.0596621 ,
       -7.10288235, -6.68505881, -6.63382065, -7.06548724, -7.12602   ,
       -5.87436872, -7.26233661, -6.05806161, -5.94887871, -7.1869    ,
       -6.6173    , -7.09153577, -7.1104    , -5.4336    , -6.22886945,
       -7.2355    , -6.99203333, -6.63728638, -6.08042566, -7.1031    ,
       -6.91045   , -7.18449608, -6.0246308 , -5.95416703, -7.1242    ,
       -7.26158607, -6.57830922, -6.41729121, -6.51287479, -7.23095   ,
       -7.2585    , -5.35568929, -6.8859354 , -6.32656935, -7.22573935,
       -6.19031547, -7.11069804, -6.71589902, -6.32198422, -6.22064226,
       -5.94227884, -6.0196942 , -6.88908808, -6.18343842, -5.55427545,
       -6.110779  , -7.0363    , -6.99913956, -6.4994    , -6.06925417,
       -7.23598607, -6.60013228, -6.23333153, -5.26885742, -7.20301812,
       -5.87444472, -6.22300592, -5.66201501, -5.96870911, -6.95586926,
       -6.62657577, -6.9272    , -6.8602897 , -5.616375  , -6.31594465,
       -6.52700833, -6.22165995, -6.58142774, -5.87580667, -5.04143357,
       -5.27779163, -6.36353068, -5.02535   , -5.86418333, -5.16931389,
       -5.6633    , -5.57982256, -6.46308257, -4.8066619 , -5.79036186,
       -5.93127027, -6.178032  , -5.91905881, -6.6397119 , -5.64568525,
       -6.23781305, -6.36923932, -6.26089357, -6.7119141 , -6.784515  ,
       -6.73082532, -5.72710333, -5.41606665, -6.16830212, -3.98345099,
       -4.93510956, -3.99905007, -4.95450435, -6.41628333, -4.13904416,
       -4.49834948, -4.99998358, -5.43364715, -4.95771858, -4.82905327,
       -4.83575627, -4.97621294, -5.04145983, -4.91760856, -5.05652358,
       -5.05902412, -5.13247814]), array([-6.594792  , -6.46304666, -6.56435684, -5.98219981, -5.92347084,
       -6.9167    , -6.15152679, -6.90580819, -7.01229455, -6.57318364,
       -6.1934397 , -6.25375   , -6.62915217, -6.16247   , -6.34233577,
       -5.94037909, -6.32759451, -6.66704727, -5.90182677, -6.47523935,
       -6.14196581, -6.48615   , -5.85904939, -5.8919467 , -5.87343909,
       -6.03830714, -5.87157121, -6.18117216, -6.11236775, -5.90500307,
       -6.5938    , -6.9180794 , -6.12974727, -6.32107608, -5.83299286,
       -6.21921   , -5.54317   , -6.2912    , -6.03880714, -5.84699231,
       -6.21509156, -5.8977    , -6.0279404 , -6.18625932, -6.4918031 ,
       -6.4157    , -6.35831973, -5.85074325, -5.86323872, -5.862     ,
       -6.6487    , -6.5623027 , -5.89883909, -5.7694    , -6.23495079,
       -6.06733742, -6.479     , -6.58983837, -6.43416033, -6.59268192,
       -6.04429608, -6.3848    , -5.76231667, -5.76413333, -5.7012344 ,
       -6.26960276, -6.98722198, -5.74054691, -5.75390121, -6.41961667,
       -6.02892   , -7.1209    , -5.87544939, -7.085     , -6.22514902,
       -5.81804048, -5.88545079, -5.9362897 , -5.99605626, -6.38342842,
       -6.07849272, -5.71775   , -5.63256   , -5.98701056, -5.66585   ,
       -5.63095   , -7.08103872, -6.30335094, -6.94233644, -6.9296251 ,
       -6.93056234, -7.03283585, -5.70688215, -5.89685782, -6.50637359,
       -6.6509753 , -5.83755   , -6.3106    , -5.70965   , -5.78235   ,
       -7.10020819, -7.1576    , -7.07278352, -6.19496662, -5.82705   ,
       -6.16357242, -5.6601    , -7.10685   , -6.10407   , -6.14942242,
       -5.79209163, -6.01682216, -6.14223253, -6.10525   , -5.85334798,
       -6.21678638, -7.21690659, -5.9963    , -5.9963    , -5.617925  ,
       -6.0717    , -6.16172939, -6.16923676, -6.35204902, -6.13429348,
       -6.2650422 , -6.44622118, -6.32752118, -5.57172424, -6.32752118,
       -7.17403638, -6.87243544, -6.10625919, -5.57406667, -6.62202778,
       -6.91984365, -6.1824934 , -5.98821421, -6.6131691 , -6.84169437,
       -7.0168    , -6.66937469, -6.48475959, -7.03298299, -7.19194902,
       -5.82103323, -7.1594    , -5.98694157, -6.08380782, -7.1948    ,
       -6.5474691 , -6.8827    , -7.01875819, -5.69856057, -6.2161    ,
       -7.13564902, -7.1838    , -6.6481    , -6.0704964 , -7.11428935,
       -7.0353    , -7.2161691 , -5.93997688, -6.1645897 , -7.11998333,
       -7.1982897 , -6.6596    , -6.5615    , -6.5744    , -7.1208    ,
       -7.2156    , -5.3536    , -6.9000251 , -6.29530421, -7.2727    ,
       -6.38558638, -7.1088691 , -6.735     , -6.42690932, -6.60630276,
       -5.99627608, -5.88971387, -6.96130819, -5.98109814, -5.61820003,
       -6.19817216, -7.08316667, -6.8969    , -6.6743    , -6.01345182,
       -7.16699965, -6.50513993, -6.26080312, -5.41311864, -7.15785   ,
       -5.9728045 , -5.94950323, -5.52150782, -5.93994365, -6.77077621,
       -6.5285    , -6.9895    , -6.947     , -5.90294902, -6.35216124,
       -5.9790794 , -5.90146837, -6.51583333, -5.88718572, -4.93749426,
       -5.20960283, -6.15506972, -4.90475   , -5.8164    , -5.13665   ,
       -5.3168    , -5.3308671 , -6.61157215, -4.6753    , -5.61842809,
       -5.50017744, -6.15526667, -5.39874667, -6.59407833, -5.26556039,
       -5.90780319, -6.31907284, -6.38745333, -6.56838833, -6.62231333,
       -6.62437381, -5.86952604, -5.44965357, -6.38898425, -3.88972215,
       -4.98080152, -3.92591142, -5.26492581, -6.3543    , -4.2044669 ,
       -4.34639274, -4.65163096, -5.37698554, -4.97577773, -5.03723351,
       -4.93084459, -5.11050808, -5.19384482, -4.39468673, -5.06465791,
       -4.92943209, -5.16119413]), array([-6.56174397, -6.38691621, -6.3662882 , -5.88355371, -5.92117198,
       -7.07643607, -6.14669483, -7.03408607, -6.8898794 , -6.7004052 ,
       -6.16705932, -6.0423467 , -6.33262895, -6.09442784, -5.97098835,
       -5.89440601, -6.28905568, -6.71476787, -5.95735023, -6.43132984,
       -6.26840935, -6.37956787, -5.84225   , -6.2219691 , -5.82319317,
       -6.04110121, -5.74308128, -5.98      , -6.19781065, -5.84483398,
       -6.6787    , -6.83629902, -6.15483577, -6.2743467 , -5.84627524,
       -6.6350397 , -5.52199167, -6.11303   , -5.94753092, -5.80980162,
       -6.25410799, -5.9655    , -5.92983118, -6.32335707, -6.25440812,
       -6.70505637, -6.35154365, -5.76825   , -5.87875   , -5.84380723,
       -6.7102    , -6.72257284, -5.83821185, -5.75335   , -6.2893384 ,
       -5.975121  , -6.6658    , -6.51680755, -6.02195789, -6.49658246,
       -5.90159535, -6.23418607, -5.83821667, -5.6953026 , -5.70316461,
       -6.33051052, -6.94797364, -5.55913909, -5.80215   , -6.1752    ,
       -5.98395652, -7.0708397 , -5.8623307 , -7.1187382 , -6.1979103 ,
       -5.86499365, -5.82806667, -6.11174967, -5.9769176 , -6.50392128,
       -5.94456634, -5.7894706 , -5.66938003, -5.81399667, -5.64371798,
       -5.6012337 , -7.03673333, -6.51848571, -7.0675    , -7.00783158,
       -6.76283947, -7.10259265, -5.69589646, -5.88599   , -6.24935274,
       -6.82294875, -5.9693    , -6.257025  , -5.675575  , -5.84411409,
       -7.36937577, -7.17292   , -7.01937952, -6.39699242, -5.85313468,
       -6.03225396, -5.90715   , -7.1689    , -5.88395805, -6.20140559,
       -6.10272118, -6.13638303, -6.18009471, -6.06590959, -5.73181778,
       -6.41528   , -7.1994685 , -6.07241697, -6.07241697, -5.69833816,
       -6.06476812, -6.1392    , -6.09513795, -6.36580782, -6.13397466,
       -5.88364432, -6.38512   , -6.33696812, -5.57240757, -6.33696812,
       -7.1684    , -7.06548936, -6.14276564, -5.8716527 , -6.6332603 ,
       -6.94012336, -6.08261435, -6.00461678, -6.8094397 , -7.06522231,
       -7.0601897 , -6.69541446, -6.52846036, -7.09323698, -7.08284902,
       -5.77781692, -7.1229    , -6.16902163, -6.10398807, -7.285     ,
       -6.95964349, -6.83388638, -6.99126547, -5.61379502, -6.37783168,
       -7.10632   , -7.07626667, -6.76888235, -6.12073365, -7.3764    ,
       -6.95739902, -7.23278526, -5.95714513, -6.21358509, -7.1997    ,
       -7.24754902, -6.77440659, -6.60689445, -6.59065   , -7.31223935,
       -7.3348    , -5.36754175, -6.92098722, -6.2202514 , -7.36894902,
       -6.45524861, -7.16415932, -6.7277    , -6.50060121, -6.40607574,
       -5.98010922, -5.9745322 , -6.89989804, -5.98777266, -5.75134363,
       -6.70845   , -7.1089691 , -6.9645897 , -6.6989    , -6.00754522,
       -7.1457    , -6.5142    , -6.23254329, -5.23897336, -7.26042542,
       -6.02675396, -6.03016563, -5.48319365, -6.00995   , -6.7714    ,
       -6.5812    , -7.031075  , -6.92448137, -5.617625  , -6.27285   ,
       -5.90008479, -6.12097515, -6.46136751, -5.90451382, -4.97714764,
       -5.32285167, -6.17652541, -5.29163667, -5.9154    , -5.21356812,
       -5.2787    , -5.40694693, -6.47591449, -4.726155  , -5.60792836,
       -5.61403333, -6.14345333, -5.64477381, -6.655025  , -5.48729441,
       -5.78775471, -6.23601946, -6.41874167, -6.67547402, -6.74058411,
       -6.73943274, -5.81263805, -5.44142683, -6.46089548, -4.11415667,
       -4.88543483, -4.1378    , -5.23436937, -6.39743333, -4.39844228,
       -4.47324972, -4.67017083, -5.46088745, -4.93353671, -4.97953809,
       -4.78617453, -5.13570358, -4.97924159, -4.66146363, -5.00927736,
       -5.02423063, -5.1435771 ]), array([-6.5505214 , -6.4853706 , -6.57439141, -5.94566484, -5.99734868,
       -6.88473872, -6.14205563, -7.00019804, -6.83913017, -6.61730724,
       -6.14123401, -6.37748521, -6.27593713, -6.10385   , -5.9712    ,
       -5.9008997 , -6.39832608, -6.72734727, -5.81520748, -6.49808935,
       -6.10012104, -6.45325155, -5.91664821, -6.06460035, -5.8681    ,
       -6.15599769, -5.94470666, -6.2221    , -6.29599553, -5.90789165,
       -6.6671    , -6.3690897 , -6.10144706, -6.3028706 , -5.81575503,
       -6.45401409, -5.9058666 , -6.24007807, -6.0467    , -5.80355529,
       -6.29117013, -5.96517569, -6.00103259, -6.19214   , -6.27172318,
       -6.49849426, -6.41890819, -5.83696461, -5.8611    , -5.83209265,
       -6.72165757, -6.72375757, -5.78576667, -5.7407    , -6.30928944,
       -6.01784365, -6.82847216, -6.58701798, -5.9865854 , -6.51992241,
       -5.93009148, -6.24974365, -5.79248851, -5.80940316, -5.6833444 ,
       -6.27644134, -6.93636837, -5.64830549, -5.82323909, -6.4012206 ,
       -5.96459212, -7.10094667, -5.86823333, -7.032075  , -6.14733872,
       -5.8177    , -5.8681    , -5.99890001, -6.01706125, -6.56074924,
       -6.00317094, -5.6837    , -5.751875  , -5.945714  , -5.68304354,
       -5.61230121, -6.99554902, -6.28644946, -6.98778638, -6.98778543,
       -6.84655438, -7.12767806, -5.64828368, -5.88220922, -6.43716461,
       -6.68217796, -5.87715   , -6.17      , -5.6452    , -5.81295   ,
       -7.33416667, -7.131     , -7.0324987 , -6.23598371, -5.765     ,
       -6.37838066, -5.848     , -7.28811062, -6.11092608, -6.14414586,
       -5.9954736 , -6.17611515, -6.24261113, -5.96382283, -5.97580562,
       -6.28835485, -7.21665714, -6.03505305, -6.03505305, -5.64475   ,
       -5.99739757, -6.21450057, -5.97971864, -6.32531372, -6.14555736,
       -6.37032578, -6.23985453, -6.20800922, -5.4423    , -6.20800922,
       -7.25686667, -6.9964675 , -6.13563177, -5.5351    , -6.33991509,
       -6.84815721, -6.19950276, -5.98876043, -6.66527284, -6.91506262,
       -7.0524    , -6.5596838 , -6.47208939, -6.98759479, -7.15283509,
       -6.19760491, -7.2344    , -6.17294026, -5.90843169, -7.2097    ,
       -6.5696103 , -6.9068    , -7.0066897 , -5.80086604, -6.26682094,
       -7.1918354 , -7.08623333, -6.59873872, -6.22202855, -7.2982    ,
       -6.9646    , -7.19156766, -5.928441  , -5.92624365, -7.20515   ,
       -7.2589    , -6.5441942 , -6.30305757, -6.4843    , -7.27      ,
       -7.2794    , -5.42615833, -6.7992    , -6.2756    , -7.2793    ,
       -6.488     , -7.05639804, -6.69285   , -6.48385932, -6.39392289,
       -5.90297577, -5.80335   , -6.86139804, -6.07938485, -5.78055935,
       -6.12699123, -7.06985637, -6.9491691 , -6.6513    , -6.04170782,
       -7.04049804, -6.4943    , -6.14252699, -5.41626161, -7.24359804,
       -5.82190782, -6.06533264, -5.5494    , -5.94835   , -6.74218607,
       -6.44897284, -6.7959    , -6.9324    , -5.65498   , -6.13921111,
       -6.11235721, -6.02972724, -6.56004667, -5.93653693, -5.11885899,
       -5.3870741 , -6.23380485, -5.09271975, -5.8325    , -5.0519    ,
       -5.31282625, -5.46846351, -6.5159    , -4.79977735, -5.79989001,
       -5.70704251, -6.12605055, -5.44971845, -6.24777179, -5.50337117,
       -5.86267527, -6.369     , -6.41870902, -6.6280025 , -6.99097577,
       -6.89249048, -5.81394835, -5.44814253, -6.33034972, -3.95607167,
       -4.93476066, -4.04660119, -5.25740797, -6.15278777, -4.050095  ,
       -4.64232881, -4.63462065, -5.20533087, -4.97831458, -4.989     ,
       -4.74513777, -5.13589892, -5.27310524, -4.64152073, -5.09129196,
       -5.00259197, -5.22186258]), array([-6.69679281, -6.49796605, -6.31582215, -5.85570376, -5.89027877,
       -7.0439103 , -6.0937432 , -6.92061426, -6.94589595, -6.57649612,
       -6.10442099, -6.20739443, -6.397597  , -6.07185   , -6.07323263,
       -5.97595479, -6.43548935, -6.60485279, -5.84091693, -6.34590907,
       -6.29184992, -6.4112706 , -5.78413742, -6.14529123, -5.82415   ,
       -5.98396922, -5.75213828, -6.07676511, -6.13518787, -5.82914762,
       -6.71515   , -6.5817    , -5.98897367, -6.35965871, -5.81957272,
       -6.5056    , -5.54664902, -6.01151746, -5.95318841, -5.73621382,
       -6.06086757, -5.88501364, -6.0143429 , -6.20042972, -6.53441875,
       -6.59833872, -6.47440871, -5.80220451, -5.89081451, -5.84580966,
       -6.75285   , -6.4142111 , -5.82401564, -5.7149    , -6.10200831,
       -6.0575    , -6.6371103 , -6.52257759, -6.23063625, -6.53839655,
       -5.99456491, -6.2069    , -5.76070323, -5.75263914, -5.6613    ,
       -6.2783    , -6.95984442, -5.5375    , -5.76936057, -6.41931185,
       -5.9649    , -7.07      , -5.83743333, -7.00069902, -6.08923909,
       -5.67475   , -5.69704576, -6.02181517, -5.99667169, -6.40558914,
       -6.06264485, -5.82396302, -5.69485782, -5.89450581, -5.75008521,
       -5.72090118, -6.9540191 , -6.41577327, -7.0031    , -6.96108687,
       -6.80296068, -7.13951825, -5.7117501 , -5.7931326 , -6.51626905,
       -6.71542677, -5.92238607, -6.1158    , -5.65855922, -5.80085   ,
       -7.3853    , -7.06948739, -7.03448816, -6.17968705, -5.87918333,
       -6.20865819, -5.66189167, -7.2551    , -6.08897242, -6.23350595,
       -5.95851294, -6.11036268, -6.24305126, -6.01010959, -5.96036477,
       -6.379405  , -7.2586382 , -5.9825    , -5.9825    , -5.68545851,
       -6.21334804, -6.19003359, -6.03940311, -6.56280155, -6.12259667,
       -6.35077603, -6.3294    , -6.268625  , -5.80497107, -6.268625  ,
       -7.2334103 , -7.04712319, -6.08198833, -5.5382    , -6.48069344,
       -6.73561515, -6.24049203, -6.01211864, -6.63856667, -6.82936002,
       -7.0258    , -6.70800336, -6.47397785, -7.03952385, -7.02115819,
       -5.88427354, -7.233     , -6.1690137 , -5.95857239, -7.20135721,
       -6.57806902, -6.84910819, -7.03713235, -5.6529098 , -6.32422   ,
       -7.19454902, -7.06805   , -6.65601812, -6.12391266, -7.1883    ,
       -6.9779691 , -7.2279603 , -6.0484759 , -6.4415    , -7.1846    ,
       -7.26923607, -6.64750588, -6.620026  , -6.45803909, -7.2805    ,
       -7.34320819, -5.2205    , -6.82393509, -6.20563438, -7.23415721,
       -6.2574    , -7.20905932, -6.73848607, -6.35695121, -6.30020819,
       -5.97312086, -5.94275032, -6.93059804, -6.08608989, -5.70880144,
       -6.16694452, -7.07798333, -6.8765    , -6.51553333, -5.95762925,
       -7.03713837, -6.5986    , -6.40886989, -5.39288872, -7.1098691 ,
       -5.9023    , -6.07528332, -5.65661407, -6.00284365, -6.77429603,
       -6.58909857, -6.86699857, -6.87453935, -5.70366031, -6.28774197,
       -5.8827    , -6.11443344, -5.98333932, -6.08850667, -4.92828278,
       -5.15074092, -6.12588103, -5.0675    , -5.09976667, -5.25005833,
       -5.3133    , -5.66524483, -6.6371    , -5.28866639, -5.71027863,
       -5.62889   , -6.09382485, -5.49763333, -6.62991131, -5.70174451,
       -5.98023935, -6.2767    , -6.4449    , -6.54651167, -6.49202   ,
       -6.62255167, -5.831905  , -5.52883552, -6.37873954, -3.94436881,
       -4.94030935, -4.15273094, -5.29998296, -6.6131    , -4.20197654,
       -4.50834176, -4.66186013, -5.4701036 , -4.85047138, -4.97667333,
       -4.76807883, -5.12344497, -4.94770249, -4.76153842, -4.99518537,
       -5.02924971, -5.0917386 ])]","[-6.56388018 -6.43448767 -6.43763647 -5.91050332 -5.93505053 -6.95992808
 -6.12941624 -6.95153039 -6.91567076 -6.6050805  -6.13131985 -6.23309042
 -6.41048516 -6.11370186 -6.08434093 -5.93735541 -6.38352062 -6.69720897
 -5.89230625 -6.43394509 -6.20712558 -6.432908   -5.83786993 -6.10398498
 -5.83926341 -6.08818962 -5.82400751 -6.13338897 -6.18738115 -5.86226263
 -6.63956721 -6.66355362 -6.10300875 -6.31848675 -5.83862917 -6.46430276
 -5.61672336 -6.17587511 -5.99846529 -5.78950296 -6.20900009 -5.96582535
 -5.97423217 -6.25910474 -6.34834725 -6.55344733 -6.41682167 -5.80657857
 -5.88324565 -5.84064954 -6.70567151 -6.61605551 -5.8336798  -5.75055
 -6.23845777 -6.02285041 -6.67372801 -6.52946224 -6.15974718 -6.52639967
 -5.93789172 -6.28165594 -5.78932792 -5.75624802 -5.68847841 -6.31976714
 -6.96798923 -5.61529041 -5.77266356 -6.36927982 -6.01221373 -7.02874249
 -5.86232035 -7.02846625 -6.15691743 -5.79450639 -5.83392264 -6.01684342
 -5.99405225 -6.46433968 -6.00719846 -5.75137959 -5.67669627 -5.89596541
 -5.70223935 -5.61821516 -7.01919602 -6.3586194  -7.00416505 -6.98244786
 -6.83826595 -7.1043275  -5.70759813 -5.86929793 -6.42543867 -6.73388119
 -5.87158721 -6.205315   -5.66740896 -5.81131468 -7.30231013 -7.11866814
 -7.03038554 -6.24305596 -5.83598547 -6.21676414 -5.78901833 -7.20839212
 -6.0615804  -6.16355526 -5.98156273 -6.11177661 -6.190085   -6.04618378
 -5.85184437 -6.30917787 -7.20823779 -6.017694   -6.017694   -5.65918933
 -6.04614391 -6.1269629  -6.07853741 -6.38789883 -6.13739796 -6.24894581
 -6.32743803 -6.27455655 -5.57927058 -6.27455655 -7.2047614  -7.01404906
 -6.11334909 -5.61633781 -6.48769932 -6.8196923  -6.14579801 -6.01212352
 -6.68153174 -6.94220029 -7.05161441 -6.66350702 -6.51862157 -7.04376517
 -7.11496226 -5.91101946 -7.20240732 -6.11119575 -6.00073574 -7.21555144
 -6.65441838 -6.91280607 -7.03284914 -5.63994629 -6.28276841 -7.17277069
 -7.08127667 -6.66180512 -6.12351939 -7.21605787 -6.96914362 -7.21059568
 -5.97973394 -6.14001709 -7.16672667 -7.24711217 -6.64080318 -6.50175385
 -6.52405278 -7.24289787 -7.28630164 -5.34469787 -6.86601656 -6.26467187
 -7.27616912 -6.35531009 -7.12983676 -6.72198702 -6.41806106 -6.38543037
 -5.95895216 -5.92600812 -6.90845808 -6.06355679 -5.68263598 -6.26226738
 -7.07525509 -6.93725967 -6.60788667 -6.01791766 -7.12526443 -6.54247444
 -6.25561496 -5.34601995 -7.19495214 -5.9196422  -6.06865815 -5.57454611
 -5.97395928 -6.80290551 -6.55486944 -6.92213471 -6.90774208 -5.69911787
 -6.27358179 -6.08024595 -6.07765283 -6.42040291 -5.93850996 -5.00064345
 -5.26961223 -6.21096234 -5.07639128 -5.70565    -5.16429807 -5.37698525
 -5.49026898 -6.54071384 -4.85931213 -5.70537739 -5.67628271 -6.13932548
 -5.58198621 -6.55329967 -5.52073114 -5.95525711 -6.31400632 -6.38613952
 -6.62605812 -6.72608164 -6.7219348  -5.81102416 -5.45682502 -6.34545422
 -3.97755406 -4.93528318 -4.05241872 -5.20223809 -6.38678089 -4.19880498
 -4.4937325  -4.72365323 -5.38939092 -4.9391638  -4.96229964 -4.8131984
 -5.0963537  -5.08707079 -4.67536361 -5.04338724 -5.0089057  -5.15017011]","[0.09033932 0.06130031 0.10920911 0.04633885 0.03542651 0.08352865
 0.02230358 0.05515402 0.05894821 0.05154876 0.04999746 0.11041791
 0.12015825 0.03191152 0.13619859 0.03492909 0.06627683 0.05701606
 0.05623912 0.05252722 0.07391052 0.03623218 0.0492379  0.11884969
 0.0264547  0.08712805 0.07587367 0.09196989 0.06375521 0.03671486
 0.06229837 0.19525861 0.05963009 0.0288093  0.02267279 0.13631718
 0.14524284 0.10065554 0.04160925 0.04059669 0.07872095 0.0820314
 0.05097529 0.08411933 0.13796202 0.09696303 0.0549799  0.03279129
 0.0223401  0.01422217 0.03424201 0.11686602 0.03688383 0.02144728
 0.07289659 0.03515632 0.11867073 0.05804579 0.16154178 0.03802892
 0.07754802 0.06648206 0.0281494  0.03640704 0.01527837 0.06581435
 0.0263853  0.07290466 0.0378256  0.09750871 0.05817783 0.12533493
 0.01312053 0.07371767 0.04905098 0.06388787 0.07189567 0.05629332
 0.01374112 0.06461151 0.05604624 0.05003691 0.04413118 0.06446074
 0.04857389 0.06259537 0.04249347 0.09498611 0.04088395 0.03408326
 0.0559033  0.03771832 0.04059546 0.03838518 0.09591581 0.06620528
 0.07446707 0.06935925 0.02365124 0.02025776 0.1035884  0.04517385
 0.02590119 0.07915584 0.03914605 0.1184459  0.10624995 0.06421913
 0.08938721 0.04983287 0.10705347 0.05257067 0.04522073 0.05202726
 0.10443973 0.07634497 0.03524512 0.03234911 0.03234911 0.02908026
 0.10750307 0.1020291  0.06440219 0.08858658 0.00980256 0.18691253
 0.08168712 0.05099876 0.12274302 0.05099876 0.03460839 0.07704641
 0.0226766  0.1284974  0.12391225 0.10920467 0.08006504 0.02889681
 0.0680358  0.10247196 0.03026874 0.05343441 0.06111067 0.03523823
 0.05884565 0.14834438 0.05238703 0.07584388 0.07816515 0.03552561
 0.15427244 0.092922   0.04158017 0.12063294 0.06059597 0.04597051
 0.06115557 0.05703577 0.05362924 0.10615436 0.04014493 0.0193299
 0.04788116 0.18822717 0.03708505 0.025384   0.07935604 0.12265936
 0.05105501 0.06634354 0.04776972 0.06750233 0.04649821 0.04549212
 0.05086867 0.11429837 0.05225597 0.01649378 0.06954963 0.12938385
 0.03302364 0.07453088 0.03448603 0.07439427 0.08440708 0.22517635
 0.02346621 0.04480742 0.0835193  0.03731925 0.07664237 0.04687983
 0.08640802 0.07621789 0.05537856 0.07238057 0.0889469  0.07235554
 0.02817837 0.07736685 0.061508   0.08415096 0.03401044 0.10677396
 0.07242357 0.23763202 0.10705654 0.22236862 0.07774899 0.07129472
 0.0829821  0.08408043 0.12549278 0.30482092 0.06812527 0.14382669
 0.11955199 0.070926   0.22011488 0.08152976 0.14359592 0.02834038
 0.1874818  0.15407443 0.15159872 0.15449421 0.05210445 0.06521463
 0.06240257 0.16694094 0.09886315 0.04671689 0.03797545 0.09791882
 0.07479605 0.03027323 0.08513361 0.1256439  0.14697755 0.11452789
 0.0942806  0.13867316 0.09758781 0.04715009 0.07012326 0.06595119
 0.06079527 0.1258098  0.17101273 0.03579601 0.04362684 0.04250189]"
3,GradientBoostingRegressor,"[-6.623266089479321, -7.245672309810108, -7.047993572849615, -6.65499413941545, -6.271412610936684, -6.9237311927940635, -6.522947063333124, -6.127798641909779, -6.586357330752264, -6.257752777800749, -6.874255760134371, -5.993428702162767, -6.4259049920815245, -6.037838164701287, -6.309502502050292, -6.189741022877824, -6.735396578017421, -6.02515407231193, -6.365815215536122, -6.340652907034885, -6.33258144338707, -5.804244553579793, -6.014051662242848, -5.915667480422489, -6.693746949726847, -6.042756170870222, -6.557987286156844, -5.613732612498952, -6.326894247940943, -6.915127931124743, -5.807610475404843, -6.355203983844018, -5.793497003037833, -5.997956958915813, -6.005685992291557, -7.326088998929014, -5.729283224752885, -5.711418270608882, -5.912374283024671, -6.697149806507024, -5.851029376332677, -5.99708995329328, -6.349801660543471, -6.361166707916382, -6.028091305009484, -5.699949215468786, -5.92283338799239, -6.137223609745263, -7.119827652850689, -6.442241629901644, -6.47455837270299, -5.891345070296732, -6.029875472202733, -6.057519458597824, -6.207222281076715, -5.6456023428777655, -6.903634118738188, -6.384426964746524, -6.992902528498293, -5.911485853919077, -5.967286146135698, -6.506282964501824, -5.918195282419633, -6.287060350742292, -5.617670505546123, -5.7862357941438, -5.772580541960062, -6.099731530013161, -5.979834829867757, -6.0451450372541, -7.015826606146123, -7.32776702828939, -7.288308518538817, -6.883217672776077, -7.0848830271240315, -5.6973728609379215, -6.096114684931221, -6.187536730766509, -6.15406380337955, -7.053143046315061, -5.398122737313622, -5.634074071577692, -5.9450315044129365, -7.1245603379261775, -5.961900681159195, -5.709848915441674, -5.952723967807576, -6.205234932829067, -5.950897120884904, -5.809430599031676, -5.9089352067147125, -5.694876305769023, -5.764011682688455, -5.907971026372801, -5.7224060973601105, -5.658493520063348, -7.093283317682987, -5.600659324356066, -5.949371088591266, -6.233149936566499, -6.409234451446901, -5.689571642158736, -6.157395872896407, -6.067419845391565, -6.487339048257776, -7.009716462564201, -6.3334776852517125, -6.463669873411815, -6.07746712418206, -5.953183860336466, -6.34114484834019, -6.6163742635004645, -5.962990975837343, -5.978611269262618, -5.9752993060954225, -7.115754716456969, -7.136148135720626, -6.961967634445891, -5.770144405312039, -7.017219317930868, -5.769456278354456, -7.171507206290738, -7.1921403084331335, -7.306558683652712, -7.193647777290618, -7.220492846344123, -5.784685766487361, -6.579445323109871, -7.010855923274838, -7.1234298469032264, -7.208613189426629, -7.109616750815062, -7.069558154199838, -5.947075864535219, -6.724251118300369, -7.116212782189861, -7.436094926987035, -5.72412862005131, -5.77687907829174, -5.913730540636576, -6.536450696486906, -5.716624639477854, -6.597429478562348, -6.52654968934041, -6.944620278140051, -5.83731709801561, -7.101126430242331, -5.665964935816322, -7.1619901304632485, -7.059060627312433, -6.925834736130139, -6.506278963927301, -6.853609030513348, -7.001695342032911, -5.332065380028648, -5.867880342238671, -6.278077655396854, -6.926498797454809, -6.316518215587533, -7.0103128841209985, -7.030167824535351, -6.973569319425558, -5.568857420870696, -4.86265176056955, -4.935983320863643, -7.043261152555743, -6.230540644965419, -6.028676992201056, -5.911524202457794, -5.336016576144754, -6.294606805301326, -4.834773311592404, -4.987988004025039, -5.01021582985217, -5.209329978921707, -5.818371233876198, -6.475872286908027, -6.398624328852071, -5.601144939009788, -6.000103139835905, -6.2709139376681025, -6.054931926388033, -6.0320782381750115, -6.365315099350669, -5.871824160384683, -6.053413651759255, -5.945672915529333, -4.835745404021472, -5.557119762856224, -6.396114179277676, -6.374470761123075, -5.964440858211155, -4.97513995648934, -4.833282064342, -5.03384723860138, -4.4362989796407435, -5.0478825019903715, -5.030373093197561, -4.833838576547936, -4.944373899254671, -4.969652704206676, -5.063874590866269, -7.468022737456714, -7.322602371152932, -6.367393852866318, -6.189524430142854, -6.186003178338506, -6.893781956795881, -5.596663088556499, -5.775796303186995, -6.002531347203363, -6.002531347203363, -6.014841971921985, -6.135705737411185, -5.7426060681500966, -6.527088570452623, -6.092785194311776, -6.611206107880789, -6.606224095363986, -5.823400434814499, -6.493502004591384, -5.896788127748591, -5.809218253280459, -5.716977186413059, -5.925911472404321, -5.835739665946338, -6.095611183979299, -5.928523924517862, -6.513245978450572, -6.348377978205528, -6.29494809534155, -5.651217962417571, -6.090660750594653, -6.440921961145594, -5.683032472782263, -6.498595029105887, -6.743434133080887, -6.585856186422132, -6.090425365621142, -6.47078461233743, -5.787865142914431, -7.082068689930997, -5.871344537878643, -5.737633225699184, -5.931450013344157, -6.094214082924906, -7.029441807111949, -6.768361010902997, -6.620870592929342, -5.805933562459052, -6.158371987750088, -5.88669782606587, -6.400591802916579, -6.517290607201849, -6.440365316174939, -6.501099078569398, -6.561474851443505, -6.387056734688965, -6.129758382185289, -6.371512332428222, -5.863220695727459, -5.9557668135682285, -5.936938890216399, -5.962753028174088, -6.198661281284758, -6.377250460176455, -6.072078740580065, -5.72349400743018, -6.8824098195652486, -6.4216429938403, -6.130274697129899, -6.196712831595009, -5.585821866784756, -5.9722524414129845, -6.973111891552573, -6.958082596518563, -6.365589368727536, -5.661796699104947, -5.718022378603044, -7.311379020600133, -7.285125780797963, -7.03631785787579, -7.203918496225866, -6.472938988147964, -7.006675225843094, -5.820164865254294, -5.886631530389899, -6.505081847229923, -5.7925764747995006, -5.968118419084727, -6.345107315830983, -6.7168473026322335, -6.072524897747056, -6.627109494539743, -6.346551622409019, -6.297885422526396, -6.4014666680540016, -7.04514737154062, -6.571889791521173, -7.062388806113382, -5.913205951635138, -6.2004363635754265, -6.128227956568674, -6.3451971627461345, -6.134329840350978, -5.901350370578505, -6.0148534361174235, -7.056503755757499, -7.241016113619456, -6.080800238249546, -7.172868920658017, -6.754337883734512, -6.763773131043766, -6.975417930538931, -7.170097220568927, -5.996770222613593, -7.083706182417665, -6.991410948989487, -6.877866831218962, -5.853719143708653, -7.329978662029418, -6.639728277569524, -7.206247104097936, -6.079124260702288, -7.4024233087748055, -5.756254878016394, -6.164481772294264, -5.984106980327083, -5.978938327285624, -6.444552123692032, -5.880825088662848, -7.0205112502001406, -7.014435602001648, -5.963863675105193, -6.50615945725739, -7.026903726281672, -6.8112783859675545, -5.180319769482515, -6.664859372899557, -5.644521529848125, -6.313807796885378, -6.19962366150838, -6.982835830727159, -6.959618673518085, -6.864315228936785, -6.617334073507377, -6.0882309466283875, -6.734351285567896, -5.440520199753429, -7.204891615604842, -7.12765276816746, -7.012718215519244, -7.123164276759315, -6.858518901139649, -6.458678602167014, -5.222039562041414, -6.96897031938207, -5.904219708829306, -7.256329695096843, -5.880258834712702, -5.963905990915108, -7.1468501101910515, -6.4902884428550145, -6.658457137431286, -5.149343014947424, -6.027860637520506, -5.5244520781730895, -5.645258851025067, -5.076445236661014, -5.692903702478176, -5.801637466151885, -5.554488198364424, -4.857205291111219, -5.649179601434181, -5.543292132569611, -6.073976728914732, -6.0366030525686805, -5.928646138000299, -5.899164634058791, -6.63049885921613, -5.570504034550489, -6.552065746521729, -5.892449601615125, -3.9073233647007775, -3.9073233647007775, -3.991867166498778, -4.139674518047159, -5.108401752759218, -5.1853582519782915, -5.0538355819657985, -5.104601638787774, -5.104601638787774, -5.069663337645753, -5.069663337645753, -5.082688405355145, -5.1853582519782915, -5.468493558022223, -5.386871442355102, -5.108460033154548, -4.238414824828098, -5.108460033154548, -4.87968588708663, -5.177508222029309, -4.678135464380368, -6.945489917562987, -6.800598252870394, -6.013531223969256, -6.270957543757954, -6.021555807479956, -5.711571286104865, -6.180583813657876, -6.475276404830319, -5.936519411911214, -5.866029497840658, -6.514078685906783, -6.553056165964245, -6.330696172705556, -6.376727701127827, -5.86839007804054, -6.2409551871674935, -6.5540246375760445, -6.300268397706614, -6.617238965274297, -5.797089368139811, -7.077920933281056, -6.335823400582314, -6.459059716034962, -6.081554106918906, -5.5383251541959355, -6.533749887350356, -6.016264134863569, -6.502537081220401, -5.991967010955659, -6.153874759957085, -6.2585774835233705, -6.055720237659161, -5.801346373986843, -5.77978384440565, -6.619752434246382, -6.323753398713348, -6.206219136076141, -6.5140645736649665, -6.020499690555696, -5.666880799492159, -6.736089856234196, -6.147392655471901, -5.806640241328907, -5.879253116942333, -6.397256750739786, -6.263984931110346, -7.016751770752098, -5.952868127123757, -6.533824860838703, -6.955168612273642, -6.194906739415642, -5.867760329275109, -6.195721346050739, -6.030808889916895, -5.743866582945609, -6.6783833134152095, -6.964670790057704, -6.191682619533833, -7.28463691321597, -7.230594611456709, -6.854469180176972, -6.522807146473768, -5.8139279398418715, -5.80242094438054, -6.163029262645945, -6.167938743430397, -5.978355696412833, -5.992554832962398, -5.911232538707605, -6.236361873800218, -5.668110523572257, -5.632893186950893, -7.389051517166714, -7.14448599526335, -5.763631707264061, -6.231476757043184, -7.209884893193639, -7.240566724561143, -7.18582749754079, -5.8026456421178, -6.4237476766206, -6.155912824473865, -6.005689829990935, -5.881324603723068, -5.8686769000768795, -7.155396577235436, -5.9440546618396235, -5.735035700120837, -5.6356595438484876, -6.038366309928947, -6.050086613113586, -7.346422896916023, -6.355992730218103, -5.857266407886159, -5.7530131312781805, -5.976537270094992, -6.610656039531197, -6.622439610881434, -6.160098799198581, -5.955197654823747, -5.5150098319346466, -6.082619354481881, -6.082619354481881, -5.470468515034536, -5.733619508037133, -5.738475945276175, -7.098729349448277, -6.404181453921809, -6.643941520857497, -6.837938227751771, -5.884638899709223, -5.672581768519058, -6.289693565810098, -6.849011220789172, -6.553237389900593, -6.76724017230828, -5.961072798495827, -5.91863072923091, -7.107019292276963, -6.902526869894645, -6.920295753600078, -7.02851848368435, -7.131693848365427, -7.272509496720516, -6.859016834187717, -7.223125391037777, -7.108011789664422, -6.697520987577647, -7.109679740469853, -5.963858726486754, -7.240087691926389, -7.237501666499577, -7.056687508983979, -5.795241403580803, -7.109144372579623, -5.880823477489945, -7.064706196868358, -6.703767861834052, -6.101824426551381, -6.325663220924186, -5.795799131805453, -7.290813734598156, -7.23847893555154, -6.1431239396013595, -6.5655406691239655, -7.036770932731926, -5.795442553681481, -7.14464145078692, -6.0358529526735785, -6.191251667085838, -6.1781854861458845, -6.406004429353592, -5.979076844614483, -5.479122305156732, -6.935404174357915, -6.040376644642933, -6.67147240065645, -6.108036086365517, -6.84106316862788, -6.5117821997260705, -7.1868249727379805, -7.092172528462858, -6.580215273818427, -5.767510478476932, -6.127937639818921, -5.8733449860689655, -5.8639856557274035, -5.563335782443334, -5.378901824578721, -5.64930736621515, -5.535123195968273, -5.630406384427077, -5.567694147038291, -5.61038068151173, -6.354187205371905, -5.394383844399657, -5.4429291214545925, -5.692725291103343, -6.007778068270542, -5.946481352240702, -5.946481352240702, -6.16265547577403, -6.73860855542968, -6.471679499044611, -5.960521438605422, -5.681269055497334, -6.060683932712848, -5.565658378893822, -4.212077626159414, -5.002635056291937, -4.324765151257894, -5.0625318708674625, -6.499716699708404, -4.194081218788673, -4.40080925035716, -4.938641129195025, -5.216690849267289, -4.96999549141421, -4.917154932819437, -5.048756650301769, -5.117564176343445, -6.727811885389208, -6.898933766267984, -6.228457567630061, -6.9093387785841776, -6.231908325468799, -6.666269099560018, -6.310458107943534, -6.508017387169411, -5.7341103573561085, -6.697014721969071, -6.351051395547381, -5.696738532007046, -6.859515200378203, -6.810530418128939, -6.645397224723599, -6.190934481060064, -5.893539419531044, -6.391537362175803, -6.036760261748905, -5.977792194361911, -7.196053647805679, -5.873689337382323, -6.084996191336434, -5.927374832712771, -6.309196504101116, -6.77158422755711, -6.45567231428417, -6.4625651963718305, -5.875188937909823, -5.7970469094577135, -5.5999513520078255, -5.818895814475741, -5.772558412389755, -6.004186898307777, -6.33006405732117, -6.0446123967143945, -7.289852148817454, -6.351036948354946, -5.702726783886255, -6.0741625580957574, -5.702726783886255, -5.894952659543804, -5.995833528107329, -5.945400543483552, -6.2223140371053836, -6.111413533010476, -5.767683127832637, -5.893853564683589, -5.7358663309649565, -6.905963143802381, -5.807158776078747, -6.20692360629978, -5.812732164190633, -5.876067614357929, -5.84308174782534, -5.683995891821465, -6.191163879246895, -5.7124101651631936, -5.773236444776928, -5.785028231671348, -5.798338289150579, -6.231063642675834, -5.69913415149598, -6.960929776526354, -5.994322770774534, -5.813280797346757, -6.050087291113825, -5.84337251835802, -6.451556007346132, -7.2087672339989295, -6.313560872954387, -5.7411888513215, -6.03976028993843, -5.680375323398245, -7.1618051977592385, -5.6041946655755295, -7.081917368210716, -6.55460835208996, -6.32048925467021, -5.783516732356377, -5.933498773912896, -5.665899352077063, -5.719778800753456, -5.909981535866431, -6.856032448265637, -5.949142669264003, -6.026704295639697, -5.863084538550967, -6.458647415047037, -6.149396397399768, -5.516867013500808, -7.299891251596657, -6.556314143586446, -7.141768916964566, -7.438961858344777, -6.309513167661267, -6.256468711690489, -5.6313000263722515, -5.709485801328033, -6.293702667533001, -6.346514372001248, -5.94185475698749, -6.268880138877486, -6.415634470104228, -7.089067402124965, -5.970487895361201, -7.402830320907992, -6.943674479724364, -7.327426598407792, -5.806039203115571, -7.016620590099, -6.200385523175168, -6.317887398653966, -6.721601581879499, -6.861567611701752, -6.204382908854354, -5.910768448173114, -6.357929791106693, -7.359590269896816, -7.160911426228387, -6.99481647728586, -6.437917637122791, -5.8207660401288015, -5.771725787854122, -7.126467190416996, -7.284652527544457, -6.521682620249169, -6.94911341385245, -7.351487322547311, -6.300426085186352, -7.336504143609599, -5.216778656981418, -6.7719412842367674, -6.585738537362847, -7.249555640130294, -6.025072418190322, -7.2415254211301825, -7.109416299446314, -6.244228621846898, -5.677560113514088, -6.973718715268546, -5.793039747502087, -5.70113135198086, -6.088438737497458, -6.361256685688429, -7.153894388369476, -5.387038967526665, -6.71782711881676, -7.256166713730814, -7.257714768990147, -6.143184200832123, -5.6864132979209945, -7.053808341153921, -7.085156199483522, -7.027749319895381, -6.884447010738417, -5.6195137284733265, -5.25394680281787, -6.22841359905112, -6.48412646031123, -6.667686182732966, -5.143628074078307, -6.063931159023977, -5.908031974652455, -5.67314652094501, -5.013262896811413, -5.25321318133733, -5.6178144697072385, -4.952530272253872, -5.187081756980109, -5.6189523874565275, -6.2882116048280885, -4.9990783510438925, -5.358735511511536, -5.71712782029101, -5.930564704816711, -5.931930231374128, -5.923750927389243, -5.931930231374128, -5.923750927389243, -6.445301113933848, -6.846649643122119, -6.321175501568803, -6.570432520001116, -5.703204812250452, -7.03349248366521, -6.84975044163381, -6.27741925197931, -4.949226160974558, -6.402284600977885, -4.8034801880392015, -3.8038535197318986, -5.227951864468869, -4.900230076198264, -5.048906321094503, -4.732182433794341, -5.094873333699143, -5.094873333699143, -5.094873333699143, -5.175776816877262, -5.148654149105591, -6.735545144074662, -7.326506390283727, -6.672477796514607, -6.277879697378614, -6.460858074044364, -6.401590423375785, -6.655283123104372, -6.108511846605821, -6.21435967680406, -6.233432923057126, -6.683388372118505, -6.113563599766786, -5.789347801209726, -5.909742299006613, -6.5002938146278275, -6.574580936360092, -6.677370193819158, -6.1017452044163285, -5.9529113982694675, -5.9529113982694675, -6.0572317205772475, -5.83442861158972, -6.39196192535569, -5.829993477387819, -6.063332746782196, -5.6994489867714355, -5.629372012132593, -6.1101442631762675, -7.149061745181864, -5.791506067035593, -5.663984863319789, -6.7651140601060265, -5.930562549368861, -6.158892702352484, -5.717929323596837, -5.849023987521851, -7.061602791448755, -6.087490005820754, -6.230314101727486, -6.6636206759485885, -5.607432617081373, -5.7786056602401255, -5.935330670143382, -6.074661872206376, -5.968642319661386, -7.143274918052456, -6.052253960079592, -6.094018265302697, -5.602666199740546, -5.81330707469433, -5.738234419822171, -6.729270679126141, -7.072821174849713, -7.243639119663045, -7.089857109001125, -5.72437248696874, -5.65507702450127, -5.616014915779339, -5.7468796735584196, -5.697015183284227, -6.187483758234121, -6.146387003910156, -5.829271901191497, -5.689923976970455, -7.1544218454127115, -6.018870013320645, -6.988441758118601, -6.550435631412781, -7.1012012202731, -6.309160234059793, -5.8923884686477885, -5.867636071665682, -6.955747527338551, -6.03189311171012, -5.651425445447972, -5.772421152733618, -5.697549559826055, -5.9823937728764385, -6.9895344313215055, -5.977282769902943, -7.193220726960637, -7.010154628057106, -5.745162466299369, -5.802509074036817, -5.933553798282589, -5.910843110953205, -6.556601844970115, -6.083435874213513, -5.947875536811543, -6.423766265194189, -7.2168800542653795, -5.6278397537862785, -5.678794095651358, -5.9697433921180165, -6.338275155919423, -6.355628502395385, -6.054341631918559, -5.733825261239983, -6.5301578406732474, -6.408633688690321, -5.955457823750187, -6.318026795883324, -5.677467413420464, -6.016936611760517, -6.832374955536797, -6.414283633380653, -6.469068645299055, -6.3921425997111605, -6.823498914360596, -6.030723095062408, -6.930825309563847, -6.183769066144092, -7.0087445905068435, -7.003190164614939, -6.410567135751119, -6.52790771702515, -5.723261703113149, -6.652099683251814, -6.994956768903468, -7.397772017606228, -6.790639091234002, -5.754569451962887, -6.083690175826503, -7.1642840432165915, -7.427798658136877, -5.997305342298727, -6.328925240641351, -6.201750102384189, -7.019201128296252, -6.93728564469568, -7.230533682373742, -6.5374028203253305, -7.167549786663542, -5.965185251786054, -6.1470713311766385, -7.341568714541198, -7.2114380816652845, -7.126052606056324, -6.361677355323497, -6.970143678183816, -6.070098879737622, -5.553165476523123, -5.531515055383928, -7.0812517203384155, -6.838433005613186, -7.261545332314331, -6.070565560402032, -7.058088350773216, -5.289253847653184, -6.2813149060808815, -6.4515347492722315, -5.442979510378427, -7.196207864252153, -6.94016080824171, -6.175814220068072, -6.091832459198957, -5.203377291044621, -6.693550021311287, -5.708162696424969, -5.519271003923252, -5.05583702668129, -5.834805093947984, -5.830436765717193, -6.229933961476983, -5.4166036665914215, -5.06108783222606, -5.24580254448528, -5.24580254448528, -5.702410148152335, -4.873153994400582, -5.2394042530656, -5.609146470757826, -5.322810220986482, -5.680947405801543, -5.569619403593044, -6.293997926762388, -5.911232915083618, -6.704551231718259, -6.419617954600823, -6.519866620698124, -6.097881666845039, -6.348500517940438, -6.545003156517236, -6.545003156517236, -5.621299227401771, -5.621299227401771, -4.492661941751798, -4.457052780585686, -4.990447949398219, -6.638141177653733, -6.601980352544439, -4.530841589608476, -4.857886362050693, -5.154811808908263, -5.018687373771302, -4.870615710541029, -5.103879543831486, -5.119068123788189, -4.857886362050693, -4.92306598539446, -5.298871573120106]","0     -7.22
1     -6.21
2     -7.24
3     -5.92
4     -5.96
       ... 
247   -6.00
248   -3.99
249   -5.24
250   -4.77
251   -4.71
Name: Permeability, Length: 252, dtype: float64","[array([-6.60524955, -6.36260864, -6.42887256, -5.82286709, -6.01727329,
       -6.7633042 , -6.03100883, -6.77986988, -6.98140445, -6.56243773,
       -6.03365731, -6.41126242, -6.26937843, -6.09504111, -5.96621466,
       -5.69576209, -6.4834212 , -6.99000454, -5.9117058 , -6.61481477,
       -5.9757576 , -6.58979534, -5.79244675, -6.25221778, -5.71525904,
       -6.29250085, -5.77052417, -6.18664398, -6.15262095, -5.81615577,
       -6.43801722, -6.66977405, -5.95404555, -6.12822367, -5.96922414,
       -6.91846463, -5.63211154, -6.29872483, -5.93754919, -5.69064081,
       -6.18530619, -6.02353987, -5.92390284, -6.42168421, -6.2703777 ,
       -6.31813978, -6.51221945, -5.78728507, -5.9483549 , -5.99688616,
       -6.85994199, -6.75170285, -5.69712956, -5.79559624, -6.1545558 ,
       -5.78568237, -6.63418667, -6.42593777, -5.98868922, -6.4738668 ,
       -5.96473401, -6.15702099, -5.71824939, -5.70368117, -5.66274728,
       -6.44518783, -7.03589554, -5.55276557, -5.71255843, -6.19083011,
       -5.97509337, -6.83416338, -5.75101554, -7.03925234, -6.23637102,
       -5.70159867, -5.75132952, -6.22893258, -5.91578824, -6.57770177,
       -5.99662061, -5.65519895, -5.61243811, -5.86385139, -5.7259851 ,
       -5.61072448, -7.08743646, -6.14950594, -7.1777534 , -7.05993489,
       -6.80030554, -7.10034205, -5.80637472, -5.77089777, -6.84132902,
       -6.86817044, -5.80380689, -6.15743117, -5.671227  , -5.8451567 ,
       -7.20236879, -7.23305198, -7.0676669 , -6.1098149 , -5.71023514,
       -6.16067769, -5.99557198, -7.16803168, -5.9914425 , -6.1274133 ,
       -5.94604902, -5.94270046, -5.96945673, -6.10545328, -5.72573133,
       -6.43273387, -7.13158637, -5.96468384, -5.96468384, -5.59373797,
       -5.83918373, -5.70671658, -5.82924062, -6.12864349, -6.10166859,
       -6.29608551, -6.23936956, -6.42445529, -5.70157775, -6.42445529,
       -7.25087506, -7.19574646, -5.80252396, -5.78471627, -6.54949454,
       -6.73298297, -5.91921844, -5.96750004, -6.64754555, -7.20755494,
       -7.3007945 , -6.92241936, -6.41565031, -7.14561234, -7.23157805,
       -5.9187053 , -7.34925393, -6.1479553 , -5.92443057, -7.04629407,
       -6.56980473, -7.02596919, -7.02993338, -5.88471426, -6.55458065,
       -7.20890716, -7.1938418 , -6.64951007, -6.21873744, -7.2118028 ,
       -7.03657759, -7.151001  , -5.77496453, -6.13546254, -7.1580799 ,
       -7.35944201, -6.92419768, -6.49072742, -6.60142372, -6.97748326,
       -7.46281688, -5.28824731, -7.17322337, -6.44980803, -7.37994656,
       -5.85154228, -7.14056305, -6.75451318, -6.57984835, -6.41254663,
       -5.82497336, -5.69447759, -7.18567357, -5.93378056, -5.35547051,
       -6.37822493, -7.0854277 , -7.06673245, -6.6227319 , -6.14054248,
       -7.22708924, -6.5722044 , -5.77446928, -5.1736887 , -7.11294169,
       -5.82455141, -5.92516615, -5.40283554, -5.80663288, -6.91205411,
       -6.58806847, -6.95229812, -7.02275682, -5.56176343, -6.51433745,
       -7.04326115, -5.87190749, -6.70200874, -5.70376299, -4.81962555,
       -5.32120408, -6.30870849, -5.06168463, -5.45728845, -5.42957796,
       -5.81837123, -5.62447812, -6.53064539, -4.73953794, -5.89503001,
       -5.95765346, -5.89523411, -6.03207824, -6.35708568, -5.6619545 ,
       -6.47109102, -6.35305774, -6.05909262, -6.68956641, -6.59872839,
       -6.7746636 , -5.86560573, -5.5742647 , -6.26741063, -3.89439276,
       -4.94848133, -4.22552626, -4.82353244, -6.20047965, -4.42676969,
       -4.53516107, -5.06502744, -5.33936831, -4.98291977, -4.85098351,
       -4.90690042, -4.96151883, -5.06396385, -4.83207134, -5.06577703,
       -4.98205712, -5.07885501]), array([-6.74643425, -6.42202439, -6.70841227, -6.18952443, -6.00165738,
       -6.60019681, -5.8860951 , -6.78418969, -6.94623414, -6.7549625 ,
       -6.32123321, -6.53020037, -6.66786831, -6.1197796 , -5.90398852,
       -5.75633031, -6.33686558, -6.89317681, -5.82607704, -6.52118469,
       -5.98618947, -6.61634242, -5.81612923, -5.98597207, -5.74256569,
       -6.16647917, -5.93237133, -6.39943543, -6.1251356 , -5.9117361 ,
       -6.38874596, -6.82924224, -5.95459099, -6.40318251, -5.9244983 ,
       -6.41319916, -5.66705753, -6.44003694, -6.09607019, -5.97503132,
       -6.27953458, -5.78129653, -6.02229066, -5.98990991, -6.65659601,
       -6.28994094, -6.33102269, -5.87023589, -5.8274337 , -5.79116306,
       -6.6468765 , -6.84473585, -5.68814338, -5.72885084, -6.12613929,
       -5.97103213, -6.57843152, -6.59242245, -5.89719224, -6.58823448,
       -6.04217104, -6.2635281 , -5.86958544, -5.6295001 , -5.69393239,
       -6.09250553, -7.0109918 , -5.9239532 , -5.79680726, -6.2571197 ,
       -5.8145287 , -7.28316955, -5.85935801, -7.21175071, -6.39792932,
       -5.69218205, -5.76373006, -6.03521446, -5.8618649 , -6.22657588,
       -6.02844313, -5.63672764, -5.68063733, -5.84608683, -5.64858878,
       -5.57735554, -7.1058456 , -6.14690206, -7.14855409, -7.00181253,
       -6.84266405, -6.98742009, -5.51891384, -5.80575223, -6.73529432,
       -6.64203276, -5.75388986, -6.37215807, -5.61259789, -5.89429947,
       -7.13308555, -7.25926602, -7.10274408, -5.73547074, -5.7030208 ,
       -6.32071189, -5.81909181, -7.02378533, -5.98272122, -6.40134658,
       -5.69700666, -5.88663153, -5.92929616, -6.27512798, -5.92432276,
       -6.29064685, -7.19157378, -6.06405408, -6.06405408, -5.57417521,
       -5.69777515, -6.09861061, -5.78946951, -6.17048295, -5.86863812,
       -6.42274821, -6.47307868, -6.48638426, -5.65662783, -6.48638426,
       -7.36138353, -7.24104478, -5.9514412 , -5.74298791, -6.4044707 ,
       -6.87944418, -6.18396647, -5.95590329, -6.76096372, -7.13946953,
       -7.32583902, -6.67921438, -6.67233024, -7.17385221, -7.10122016,
       -5.88166902, -7.25044157, -6.19324477, -5.80059099, -7.14946821,
       -6.50178935, -6.97541907, -7.00961816, -5.73866992, -6.35133661,
       -7.125207  , -7.10052156, -6.9458816 , -5.90829105, -7.39553051,
       -7.09389587, -6.98501131, -5.76983682, -6.1030063 , -7.28750939,
       -7.12020023, -6.75351304, -6.67043323, -6.37715499, -7.21123827,
       -7.30253801, -5.22603964, -7.14168708, -6.4352719 , -7.32433188,
       -6.43636827, -7.11844669, -6.76407298, -6.48812899, -6.61129228,
       -5.95389228, -5.83879914, -6.9647335 , -5.93677556, -5.34332251,
       -6.13424935, -7.05906547, -7.03893533, -6.60268141, -5.85861088,
       -7.26477314, -6.4586786 , -6.11527231, -5.20464923, -6.98168708,
       -5.86185721, -5.96425412, -5.27266985, -5.79622533, -6.90044969,
       -6.63869603, -6.88585305, -6.79807843, -5.71430815, -6.23954759,
       -5.83856724, -5.93211668, -6.57378986, -5.84680777, -4.96800735,
       -5.42246596, -5.88313072, -4.87734887, -5.66322196, -5.08554665,
       -5.6491796 , -5.25297163, -6.4341904 , -4.71272484, -5.62479255,
       -5.45058278, -6.02402527, -5.95482652, -6.07397673, -5.47347137,
       -5.93208032, -6.271251  , -6.55928365, -6.61522414, -6.3583223 ,
       -6.63049886, -5.6993473 , -5.57050403, -6.69666265, -4.10117182,
       -4.95838973, -4.04310355, -5.09262513, -6.06585105, -4.23801477,
       -4.31804305, -4.76063917, -5.20737186, -4.93990592, -5.03546825,
       -5.08268841, -5.00657492, -5.10846003, -4.31539519, -5.03290857,
       -4.9702141 , -4.97193519]), array([-6.91298531, -6.73311766, -6.43558455, -5.8909432 , -5.99811069,
       -6.87573691, -5.95824116, -6.78796507, -7.02123919, -6.82390031,
       -6.1693079 , -6.26904226, -6.07028593, -6.19212318, -5.74652296,
       -5.84623128, -6.45132427, -6.90242973, -5.84411983, -6.57610773,
       -6.23990347, -6.51754851, -5.77561202, -6.15756622, -5.76075902,
       -6.0718521 , -5.7441164 , -6.12900219, -6.2363377 , -5.86428586,
       -6.63363867, -6.77059476, -6.01862165, -6.28089553, -5.77789036,
       -6.97477681, -5.64014247, -6.5094388 , -5.90993496, -5.80491304,
       -6.16392172, -5.88412334, -5.99458147, -6.40194846, -6.25590924,
       -6.42868596, -6.32592108, -5.63314091, -5.89970818, -5.93787204,
       -6.77717188, -6.79202658, -5.86728052, -5.66843659, -6.15247051,
       -5.85945754, -6.88193869, -6.41468481, -5.83368065, -6.76048052,
       -5.9061809 , -6.26479726, -5.75277869, -5.66174785, -5.67550555,
       -5.91131882, -6.86522876, -5.5545145 , -5.70140245, -6.11930972,
       -5.90850661, -7.13930585, -5.82912822, -7.19490034, -6.30265245,
       -5.75908359, -5.7703902 , -6.18313323, -5.77526848, -6.14399244,
       -6.01924818, -5.76469991, -5.5786087 , -5.78935136, -5.65732491,
       -5.56821846, -7.22392746, -6.41118157, -7.1802446 , -7.13926477,
       -6.9021908 , -7.11486155, -5.52054682, -5.76659295, -6.35859087,
       -6.85030821, -5.91095468, -6.3316187 , -5.47756638, -5.74168496,
       -7.22826134, -7.2329085 , -7.12708672, -6.31890052, -5.71825962,
       -6.25237522, -5.9002279 , -7.15752086, -5.85726641, -6.35974864,
       -5.84143101, -6.0337207 , -6.09390741, -6.13976529, -5.8528892 ,
       -6.58092399, -7.16148565, -6.08261935, -6.08261935, -5.62747258,
       -6.01475573, -6.12860423, -5.94691553, -5.97410457, -6.00951283,
       -5.98842785, -6.36781699, -6.31551506, -5.55436335, -6.31551506,
       -7.3140408 , -7.14031743, -5.94974477, -5.9610728 , -6.68772575,
       -6.86013458, -6.26416266, -5.83964653, -6.866064  , -7.23678736,
       -7.3137337 , -6.7807157 , -6.65012823, -7.16650264, -7.17874571,
       -5.94463179, -7.18339757, -6.05677428, -5.75040892, -7.47932383,
       -6.69752099, -6.88241552, -6.99473858, -5.91913719, -6.35841463,
       -7.2146384 , -6.83629062, -6.96984223, -6.01608256, -7.41752525,
       -6.91925418, -7.07093771, -5.62867288, -6.09879023, -7.23089935,
       -7.14102436, -6.83449483, -6.84315935, -6.50707221, -7.35447898,
       -7.21278679, -5.14512121, -7.16953145, -6.3999362 , -7.34975358,
       -6.41539827, -7.03120466, -6.5483786 , -6.70323841, -6.30077911,
       -5.83470562, -5.78945628, -6.99038734, -5.89193926, -5.52559622,
       -6.67599141, -7.09166039, -7.04936123, -6.65601993, -5.80814657,
       -7.14908238, -6.61279234, -6.13978551, -5.14266038, -7.07780992,
       -5.8489508 , -5.89623052, -5.33010253, -5.90598764, -6.86164501,
       -6.69787977, -6.86513126, -7.03016994, -5.61549628, -6.10775649,
       -6.03418811, -5.93543553, -6.60396662, -5.64333677, -4.95651397,
       -5.41549271, -6.24234913, -5.38552897, -5.42602732, -5.19482841,
       -5.58644153, -5.22657889, -6.46537292, -4.97646319, -5.38758391,
       -5.3826218 , -6.17198824, -6.00777807, -6.2707522 , -5.12943985,
       -6.14727704, -6.16265548, -6.64247691, -6.69593454, -6.78862283,
       -6.74871762, -5.84318957, -5.56565838, -6.61637297, -4.31456817,
       -4.73527398, -4.19311595, -5.18348007, -6.07472521, -4.35077804,
       -4.54346579, -4.81595381, -5.25715332, -4.83669756, -4.89391691,
       -4.92623457, -4.98818418, -4.91715493, -4.4731406 , -4.98676214,
       -5.02753403, -4.95969439]), array([-6.66897158, -6.50024151, -6.73727089, -5.83856423, -5.81363162,
       -6.82819519, -6.09841678, -7.06247909, -6.93074469, -6.72588867,
       -6.21178559, -6.50440929, -6.14985558, -6.22281064, -5.95760333,
       -5.84535025, -6.34505435, -6.99206045, -5.78692762, -6.67221648,
       -5.94233151, -6.54279603, -5.89233279, -5.8536482 , -5.72366072,
       -6.2675963 , -5.8925272 , -6.23021338, -6.19960845, -5.83786789,
       -6.54077756, -6.44178658, -5.90694903, -6.27274536, -5.80367828,
       -6.64030316, -5.79704691, -6.52390714, -6.07834103, -6.00483388,
       -6.30707098, -5.89100024, -5.93257164, -6.03684232, -6.26781178,
       -6.66253562, -6.34105927, -5.87375304, -5.7698307 , -6.02314833,
       -6.81555892, -6.93292452, -5.81232939, -5.71493895, -6.23081966,
       -5.9626493 , -6.8663647 , -6.32479379, -5.83405971, -6.6342486 ,
       -5.93200126, -6.33668755, -5.72749257, -5.61123903, -5.69843079,
       -6.05483341, -6.99718838, -5.71978126, -5.7441798 , -6.3467031 ,
       -5.99888749, -7.15652585, -5.77655638, -7.27786587, -6.25698826,
       -5.71775863, -5.76815207, -5.94557093, -5.73355432, -6.24206077,
       -5.88439202, -5.66432659, -5.58562879, -5.82945115, -5.67049329,
       -5.56124052, -7.2175048 , -6.19459691, -7.11321846, -7.14160842,
       -6.96107544, -7.1781118 , -5.75262639, -5.71726825, -6.54958121,
       -6.90547307, -5.91390251, -6.24137399, -5.53599175, -5.65678292,
       -7.43667465, -7.20577082, -7.10059405, -5.77630468, -5.74749638,
       -6.13365353, -5.97829934, -7.31406389, -5.97198502, -6.25501532,
       -5.86835745, -5.99704181, -5.90737893, -6.17528044, -6.00753414,
       -6.36154653, -7.16953489, -6.05669987, -6.05669987, -5.61442651,
       -5.8824587 , -6.05946213, -5.83368254, -6.30420654, -5.82830851,
       -6.39680325, -6.35862014, -6.23653259, -5.70009631, -6.23653259,
       -7.3094265 , -7.2042607 , -5.96350588, -5.72182942, -6.58838651,
       -6.73074879, -6.11038258, -6.03020445, -6.54948879, -6.91530661,
       -7.19523091, -6.38642434, -6.51062854, -7.04222796, -7.1969796 ,
       -6.3178874 , -7.45379535, -6.07870035, -5.89967467, -7.36902429,
       -6.55461011, -6.91000741, -7.20432482, -6.17311648, -6.3744513 ,
       -7.20570138, -6.98818732, -6.78567199, -6.37156816, -7.38577927,
       -6.99114748, -7.23303198, -5.56417618, -5.92831042, -7.04588696,
       -7.14671106, -6.89693211, -6.36664889, -6.69535972, -7.35618045,
       -7.18910886, -5.24760398, -6.91074962, -6.49789985, -7.24516118,
       -6.435257  , -7.1284889 , -6.62906861, -6.68612587, -6.39170726,
       -5.84550042, -5.70918291, -6.96941589, -5.82952926, -5.74906999,
       -6.2265691 , -7.20344667, -7.06317538, -6.60890783, -6.00644468,
       -7.07913742, -6.68269995, -5.87290476, -5.33094235, -7.19776313,
       -5.78437103, -6.00240877, -5.23028677, -5.76225418, -6.67618055,
       -6.47128975, -6.47426673, -7.00067406, -5.54581217, -5.93755762,
       -6.01864949, -5.46882936, -6.43229433, -5.6654155 , -4.87282927,
       -5.44060687, -6.25979944, -5.21246902, -5.38185074, -5.09032401,
       -5.23088082, -5.21881373, -6.36480713, -4.85350558, -5.50090429,
       -5.66707847, -5.99650699, -5.92375093, -5.92375093, -5.47508008,
       -5.98361107, -6.28079926, -6.45386733, -6.63332273, -6.74484135,
       -6.84975044, -5.80349755, -5.559831  , -6.21093681, -3.82523498,
       -4.90971733, -4.12311069, -5.13200555, -5.99611618, -4.12105729,
       -4.8153821 , -4.7117367 , -4.90023008, -4.94585209, -4.92079388,
       -4.80675306, -5.00000077, -5.09487333, -4.55851427, -5.07599497,
       -5.05951366, -5.1080978 ]), array([-6.95932068, -6.28557982, -6.50443383, -5.90443894, -5.84990152,
       -6.68300279, -6.00939025, -6.57787962, -7.14707339, -6.70901144,
       -6.19466412, -6.41768498, -6.34124722, -6.15511289, -5.87034019,
       -5.66179644, -6.21651412, -6.88402938, -5.9009744 , -6.3348681 ,
       -6.10789088, -6.39173439, -5.80935524, -6.09504409, -5.65773363,
       -6.28558621, -5.81882821, -6.29080747, -6.1386903 , -5.79059554,
       -6.74830039, -6.50380106, -5.75922993, -6.299542  , -5.85940888,
       -6.76141117, -5.65653506, -6.12807219, -5.99520946, -5.98522707,
       -6.14977266, -5.83085609, -6.09475758, -6.25164909, -6.0554527 ,
       -6.34890206, -6.27277699, -5.8497225 , -5.76216207, -5.854156  ,
       -6.90994861, -6.79864023, -5.66805577, -5.63656109, -6.05953302,
       -6.05918766, -6.66443209, -6.46651485, -5.95068237, -6.58304829,
       -5.84360794, -6.19034278, -5.67960396, -5.66880534, -5.75750329,
       -5.9583101 , -7.05010354, -5.73517988, -5.72172001, -6.33746268,
       -5.8817738 , -7.26054567, -5.88164686, -7.02567487, -6.07259938,
       -5.60662499, -5.71880108, -6.12739745, -5.81700215, -5.80740196,
       -6.16968465, -5.72335563, -5.72507923, -5.87780203, -5.64938918,
       -5.61682522, -7.21928093, -6.31504806, -7.1231268 , -7.03072285,
       -6.97754539, -7.11342371, -5.66968573, -5.87165815, -6.62943586,
       -6.97000069, -5.89108572, -6.27950674, -5.6038201 , -5.71536589,
       -7.35708484, -7.17430463, -7.09344696, -5.80174431, -5.87405114,
       -6.42462272, -5.85185656, -7.20353118, -6.00500863, -6.36398208,
       -5.95827335, -5.88081828, -5.89811645, -6.13127743, -5.9932669 ,
       -6.46572487, -7.10353275, -5.97690619, -5.97690619, -5.62214571,
       -5.96309904, -6.07970195, -5.95048088, -6.34034626, -5.90787471,
       -6.52955775, -6.72206985, -6.65899879, -5.67746741, -6.65899879,
       -7.3308101 , -7.12518275, -5.81509877, -5.70586362, -6.50353802,
       -6.73072197, -6.28345717, -5.94082056, -6.58776453, -7.09415503,
       -7.17654049, -6.85481328, -6.56608349, -7.15899075, -7.04026481,
       -5.88358703, -7.14246304, -6.20034461, -5.66293049, -7.07485721,
       -6.57255919, -6.96437016, -6.99653769, -5.83347385, -6.48273924,
       -7.23411934, -7.07703045, -6.68931665, -6.3705603 , -7.37278   ,
       -6.90558671, -6.99659116, -5.93654486, -6.365876  , -7.19980966,
       -7.36352959, -6.89034096, -6.80049061, -6.55895532, -7.14177255,
       -7.32312316, -5.17431416, -7.08540397, -6.39474385, -7.4327048 ,
       -6.39184459, -6.97374219, -6.6692811 , -6.55599654, -6.37025976,
       -5.68973357, -5.74525904, -7.130347  , -6.05024374, -5.5646555 ,
       -6.32935474, -7.08785273, -7.06793819, -6.45153475, -5.73744036,
       -7.1647027 , -6.54077336, -6.15041144, -5.26653923, -6.95566117,
       -5.72840358, -5.86342789, -5.32291142, -5.85942833, -6.8011462 ,
       -6.48491145, -6.91342993, -6.91412933, -5.67776906, -6.22892339,
       -5.83175938, -6.08329554, -5.83480509, -6.06886787, -4.95678981,
       -5.37179151, -5.94234317, -5.00515901, -5.24580254, -5.21599876,
       -5.58724712, -5.40319836, -6.43883032, -5.64978915, -5.76147243,
       -5.82750895, -6.15898053, -5.95450789, -6.17357678, -5.70402499,
       -6.12882738, -6.24841934, -6.36588567, -6.42332179, -6.39027344,
       -6.54500316, -5.97161137, -5.62129923, -6.3602704 , -3.96920669,
       -4.8074126 , -3.95023364, -5.10011132, -6.71621757, -4.20294555,
       -4.5328971 , -4.7418805 , -5.26501225, -4.87061571, -4.93262485,
       -4.84247155, -5.02024839, -4.92306599, -4.56360699, -4.99846964,
       -4.99306503, -4.93242503])]","[-6.77859227 -6.4607144  -6.56291482 -5.92926758 -5.9361149  -6.75008718
 -5.99663042 -6.79847667 -7.00533917 -6.71524013 -6.18612963 -6.42651986
 -6.29972709 -6.15697348 -5.88893393 -5.76109407 -6.3666359  -6.93234018
 -5.85396094 -6.54383835 -6.05041459 -6.53164334 -5.8171752  -6.06888967
 -5.71999562 -6.21680293 -5.83167346 -6.24722049 -6.1704786  -5.84412823
 -6.54989596 -6.64303974 -5.91868743 -6.27691781 -5.86693999 -6.74163099
 -5.6785787  -6.38003598 -6.00342097 -5.89212922 -6.21712122 -5.88216322
 -5.99362084 -6.2204068  -6.30122949 -6.40964087 -6.35659989 -5.80282748
 -5.84149791 -5.92064512 -6.80189958 -6.82400601 -5.74658772 -5.70887674
 -6.14470366 -5.9276018  -6.72507074 -6.44487073 -5.90086084 -6.60797574
 -5.93773903 -6.24247534 -5.74954201 -5.6549947  -5.69762386 -6.09243114
 -6.99188161 -5.69723888 -5.73533359 -6.25028506 -5.91575799 -7.13474206
 -5.819541   -7.14988883 -6.25330808 -5.69544959 -5.75448059 -6.10404973
 -5.82069562 -6.19954657 -6.01967772 -5.68886174 -5.63647843 -5.84130855
 -5.67035625 -5.58687284 -7.17079905 -6.24344691 -7.14857947 -7.07466869
 -6.89675624 -7.09883184 -5.6536295  -5.78643387 -6.62284626 -6.84719703
 -5.85472793 -6.27641773 -5.58024063 -5.77065799 -7.27149503 -7.22106039
 -7.09830774 -5.94844703 -5.75061262 -6.25840821 -5.90900952 -7.17338659
 -5.96168476 -6.30150118 -5.8622235  -5.94818256 -5.95963114 -6.16538088
 -5.90074887 -6.42631522 -7.15154269 -6.02899267 -6.02899267 -5.6063916
 -5.87945447 -6.0146191  -5.86995782 -6.18355676 -5.94320055 -6.32672451
 -6.43219104 -6.4243772  -5.65802653 -6.4243772  -7.3133072  -7.18131042
 -5.89646292 -5.783294   -6.5467231  -6.7868065  -6.15223746 -5.94681497
 -6.68236532 -7.11865469 -7.26242773 -6.72471741 -6.56296416 -7.13743718
 -7.14975767 -5.98929611 -7.27587029 -6.13540386 -5.80760713 -7.22379352
 -6.57925687 -6.95163627 -7.04703052 -5.90982234 -6.42430449 -7.19771466
 -7.03917435 -6.80804451 -6.1770479  -7.35668357 -6.98929237 -7.08731463
 -5.73483905 -6.1262891  -7.18443705 -7.22618145 -6.85989572 -6.6342919
 -6.54799319 -7.2082307  -7.29807474 -5.21626526 -7.0961191  -6.43553196
 -7.3463796  -6.30608208 -7.0784891  -6.67306289 -6.60266763 -6.41731701
 -5.82976105 -5.75543499 -7.04811146 -5.92845368 -5.50762294 -6.34887791
 -7.10549059 -7.05722852 -6.58837516 -5.91023699 -7.17695698 -6.57342973
 -6.01056866 -5.22369598 -7.0651726  -5.80962681 -5.93029749 -5.31176122
 -5.82610567 -6.83029511 -6.5761691  -6.81819581 -6.95316172 -5.62302982
 -6.20562451 -6.15328507 -5.85831692 -6.42937293 -5.78563818 -4.91475319
 -5.39431222 -6.12726619 -5.1084381  -5.4348382  -5.20325516 -5.57442406
 -5.34520815 -6.44676923 -4.98640414 -5.63395664 -5.65708909 -6.04934703
 -5.97458833 -6.15982847 -5.48879416 -6.13257737 -6.26323656 -6.41612124
 -6.61147392 -6.57615766 -6.70972674 -5.8366503  -5.57831147 -6.43033069
 -4.02091488 -4.871855   -4.10701802 -5.0663509  -6.21067793 -4.26791307
 -4.54898982 -4.81904752 -5.19382716 -4.91519821 -4.92675748 -4.9130096
 -4.99530542 -5.02150363 -4.54854568 -5.03198247 -5.00647679 -5.01020148]","[0.13698378 0.15333604 0.13354392 0.13369144 0.08621007 0.0990261
 0.07126983 0.1542862  0.07742352 0.08589024 0.09221152 0.09157123
 0.20653215 0.04645966 0.07942424 0.07549626 0.09455106 0.04827842
 0.04671736 0.11553498 0.11008183 0.07804249 0.04012456 0.13810214
 0.03488119 0.08553888 0.07129336 0.09274    0.04140374 0.04162825
 0.13034299 0.14936306 0.08728184 0.08786103 0.07178246 0.20206591
 0.06048126 0.1490915  0.07395005 0.12364995 0.06381943 0.08108736
 0.06267236 0.17959442 0.19535306 0.1346909  0.08133956 0.09034221
 0.07271178 0.08695146 0.08930141 0.06194646 0.07863566 0.05444437
 0.05508544 0.09509377 0.12490921 0.08709546 0.06194358 0.09267607
 0.06561139 0.06298837 0.06446338 0.03215974 0.03257428 0.18795798
 0.0659717  0.13754261 0.03380127 0.08675543 0.06616053 0.16043701
 0.04914848 0.09990054 0.106119   0.04997054 0.01901859 0.10222413
 0.06388801 0.24592806 0.09100873 0.04773757 0.05711854 0.03066898
 0.02890621 0.0226346  0.06086513 0.10372442 0.02739357 0.05676253
 0.06770832 0.06191938 0.11768483 0.05109852 0.1646945  0.11047061
 0.06441465 0.0743085  0.06690511 0.08683485 0.10992242 0.0288573
 0.01905584 0.22794252 0.0635434  0.10645224 0.06888093 0.09312329
 0.05331848 0.0997329  0.09382841 0.0601008  0.07149996 0.05925023
 0.10338288 0.09808066 0.03075152 0.04841785 0.04841785 0.01977458
 0.10949062 0.15562636 0.06611899 0.13129808 0.09951592 0.18474647
 0.16275033 0.14562193 0.05439216 0.14562193 0.03614154 0.04274119
 0.0718345  0.09274186 0.09351573 0.06803479 0.13175909 0.06162026
 0.11639657 0.11335124 0.06327296 0.18743507 0.09381752 0.04851194
 0.06943971 0.16595674 0.1131705  0.05851206 0.09630819 0.17064586
 0.06438832 0.05055221 0.07964605 0.14502636 0.08066923 0.03757162
 0.12073117 0.13031314 0.18717013 0.07390113 0.07084238 0.09407914
 0.12955092 0.13998562 0.08112928 0.11083518 0.06065613 0.18154744
 0.10540598 0.14208997 0.09688644 0.05114771 0.09786474 0.03748161
 0.06216339 0.22784746 0.06504998 0.08051454 0.08111445 0.1040197
 0.08403732 0.05303893 0.09182916 0.07218004 0.14967794 0.18399484
 0.05031018 0.01128647 0.07086291 0.1450813  0.06437507 0.07446497
 0.15614744 0.06747978 0.08829997 0.04844007 0.04901331 0.05817471
 0.05067656 0.08624381 0.08739833 0.17442512 0.08786982 0.06496308
 0.18891019 0.45316539 0.20683053 0.30957679 0.15834614 0.05857291
 0.04298005 0.17749879 0.17541749 0.13511694 0.12495131 0.1915356
 0.15486162 0.053517   0.34458201 0.18050264 0.21792605 0.10415798
 0.03945844 0.15133184 0.20291239 0.18826134 0.06128071 0.20156894
 0.09912083 0.17669763 0.10840169 0.08837068 0.02203138 0.19242116
 0.17300037 0.08671864 0.1003817  0.12555531 0.26121602 0.10842817
 0.15797594 0.12759121 0.15273667 0.05345333 0.06116898 0.09515165
 0.01981638 0.08405477 0.16778444 0.03534973 0.0327032  0.06980179]"
4,AdaBoostRegressor,"[-6.251, -7.275901781678159, -7.203411764705881, -6.795024154589379, -6.36513157894737, -6.430124884906984, -6.685066204864237, -6.070681812431472, -6.131226733587934, -6.144788889515147, -6.657700914786762, -6.071860363831326, -6.3929166666666655, -6.033116709600004, -6.05636972632653, -6.452596326730501, -6.538272727272724, -6.0982417660540555, -6.033116709600004, -6.208648462199183, -6.168571428571427, -6.02164570126088, -6.106855820874168, -6.038643469583332, -6.36513157894737, -6.061589405182853, -6.708949726677856, -6.054018889452889, -6.106855820874168, -6.674773662551445, -6.032171703012824, -6.071860363831326, -6.0962149556906065, -6.144788889515147, -6.038643469583332, -7.203411764705881, -6.038643469583332, -5.921232442111748, -6.0982417660540555, -6.452596326730501, -6.061589405182853, -6.147742236336235, -6.038643469583332, -6.0962149556906065, -6.070681812431472, -6.002135483790613, -6.033116709600004, -6.208648462199183, -7.029843532542253, -6.0982417660540555, -6.384885057471265, -6.070681812431472, -6.070681812431472, -6.147742236336235, -6.384885057471265, -6.011776912196766, -6.915172413793103, -5.991411025994926, -7.032571945350631, -6.131226733587934, -6.032171703012824, -6.0962149556906065, -6.02164570126088, -6.071860363831326, -5.921232442111748, -6.054018889452889, -6.033116709600004, -6.0962149556906065, -6.033116709600004, -6.0962149556906065, -6.9887513780813375, -7.210810810810813, -7.055685912040541, -6.748940563186819, -6.961768061271433, -6.02164570126088, -6.038643469583332, -6.131226733587934, -6.038643469583332, -6.7812222222222225, -5.921232442111748, -5.991411025994926, -6.033116709600004, -6.9887513780813375, -5.848268958111113, -6.02164570126088, -6.061589405182853, -6.061589405182853, -6.0962149556906065, -6.02164570126088, -6.038643469583332, -5.954487197538697, -6.033116709600004, -6.033116709600004, -6.011776912196766, -6.011776912196766, -6.906836704094009, -5.925880000000002, -6.054018889452889, -6.002135483790613, -6.251, -6.070681812431472, -5.969187390443866, -6.061589405182853, -6.657700914786762, -7.01155339805825, -6.580400000000001, -6.106855820874168, -6.032171703012824, -6.02164570126088, -6.3929166666666655, -6.66687772925764, -6.02164570126088, -6.115341965057142, -6.0962149556906065, -6.9887513780813375, -7.01155339805825, -7.272582417582436, -5.969187390443866, -6.7812222222222225, -5.848268958111113, -7.203411764705881, -7.208776687949039, -6.9887513780813375, -6.914200000000005, -6.914200000000005, -6.02164570126088, -6.384885057471265, -6.789624999999996, -7.203411764705881, -6.983957092412647, -6.789624999999996, -6.789624999999996, -6.038643469583332, -6.708949726677856, -6.9887513780813375, -7.156188378486489, -5.951489361702126, -5.951489361702126, -5.910225080385856, -6.0956716417910375, -5.718966939896174, -6.420344827586212, -6.131226733587934, -6.809907702489937, -6.071860363831326, -6.831337659551128, -5.84846241967135, -7.01155339805825, -6.983688100964758, -6.748940563186819, -6.054018889452889, -6.983688100964758, -6.906836704094009, -5.479179335985182, -5.821779394924804, -6.147742236336235, -6.754664337119051, -6.0962149556906065, -6.789624999999996, -6.983688100964758, -6.983957092412647, -5.820666155966667, -5.37965457598199, -5.214782608695652, -6.147742236336235, -6.424620689655174, -5.848268958111113, -5.550706710512345, -5.214782608695652, -5.840316065645162, -5.08580896074242, -5.350042269367713, -5.631853375948813, -5.508804876281253, -5.872452830188682, -5.991411025994926, -6.377000000000001, -5.637100785714286, -5.829342325640409, -6.070681812431472, -5.842637681159431, -6.018281249999998, -5.89618514048596, -6.424620689655174, -6.36513157894737, -6.36513157894737, -5.07733980504041, -5.984062499999999, -6.674773662551445, -6.07196851324933, -6.061589405182853, -5.085373134328359, -5.082881904737374, -5.085373134328359, -4.376875, -5.048249734060152, -5.07733980504041, -5.07733980504041, -5.0771911195066615, -5.0771911195066615, -5.053096851367819, -7.314524922830774, -6.9519200753703725, -6.702379036870373, -6.045813953488369, -5.992876712328765, -6.532774881086336, -6.277011562447372, -6.195480769230774, -6.066076848666667, -6.066076848666667, -6.041833611143831, -5.972692636057926, -5.9952167058666666, -6.135701030507247, -6.094114149824997, -6.302631578947366, -6.135701030507247, -5.972692636057926, -6.57677325759375, -6.041833611143831, -6.094114149824997, -6.121307692307697, -5.966208172701173, -5.9952167058666666, -5.972692636057926, -6.058334350870372, -6.270302112676564, -6.648868309404253, -6.270302112676564, -5.966208172701173, -5.986623106747226, -6.167954545454546, -6.310524922830765, -6.094114149824997, -6.9519200753703725, -6.532774881086336, -6.251125458623998, -6.094114149824997, -5.96178723404255, -6.4257067746129035, -5.972034106628349, -5.972692636057926, -6.043575418994419, -6.045813953488369, -6.567607291578315, -6.980740740740747, -6.355256608458858, -5.96936772930263, -6.135701030507247, -5.972692636057926, -6.6431590125555555, -6.40310344827586, -6.340628029581726, -5.960972520965406, -6.355533851318837, -5.986623106747226, -6.340628029581726, -6.552488362899432, -5.960972520965406, -5.96178723404255, -5.966208172701173, -6.097765350199996, -5.9952167058666666, -6.355533851318837, -6.167954545454546, -5.972034106628349, -6.642219904497201, -6.532774881086336, -6.094114149824997, -6.148508009496817, -5.902229704948187, -5.966208172701173, -7.176370370370369, -6.386593095547619, -6.094114149824997, -5.960972520965406, -5.960972520965406, -7.203958919245958, -7.301113205333329, -6.645595874834356, -6.9519200753703725, -6.041833611143831, -7.178860759493673, -5.972692636057926, -5.986623106747226, -6.648868309404253, -5.986623106747226, -5.968822055137833, -5.960972520965406, -6.386593095547619, -5.907458100558672, -6.567607291578315, -6.4257067746129035, -6.340628029581726, -6.148508009496817, -7.009299454622725, -6.270302112676564, -6.919309768076087, -5.966208172701173, -6.355533851318837, -6.148508009496817, -6.340628029581726, -5.972034106628349, -6.058334350870372, -6.231009447912286, -7.176370370370369, -7.176370370370369, -6.041833611143831, -7.203958919245958, -6.567607291578315, -6.645595874834356, -6.756597167858175, -6.8833979987041385, -6.058334350870372, -6.7851161725454565, -7.137559898031579, -6.567607291578315, -5.960972520965406, -6.924869565217393, -6.619521168121058, -7.203958919245958, -5.9130843052067865, -7.033911188527273, -5.965421789512827, -5.986623106747226, -5.972034106628349, -6.345107913669071, -6.552488362899432, -5.960972520965406, -6.917823798170544, -6.9519200753703725, -6.231009447912286, -5.972692636057926, -6.783472215329114, -6.648868309404253, -5.576407185628748, -6.756597167858175, -5.879876054051099, -6.458779457896105, -5.905714285714283, -6.645595874834356, -6.8833979987041385, -6.756597167858175, -6.642219904497201, -5.966208172701173, -6.355256608458858, -5.644424778761064, -6.8833979987041385, -6.81325579953333, -6.917823798170544, -6.886839546373331, -6.654161234276006, -6.567607291578315, -5.644424778761064, -6.783472215329114, -6.058334350870372, -6.904523809523816, -5.96178723404255, -5.968822055137833, -6.6803347647823506, -6.345107913669071, -6.645595874834356, -5.565048543689327, -5.81428192152992, -5.754328651435981, -5.943523113497287, -5.406969011906249, -5.576190476790174, -5.582559942492375, -5.576190476790174, -5.337555050823534, -5.576407185628748, -5.635425993779316, -5.945988663494957, -5.91188644688645, -5.8872958262432435, -5.887857142857144, -6.270302112676564, -5.887857142857144, -6.058334350870372, -6.058334350870372, -4.059999999999999, -4.059999999999999, -3.968333333333333, -4.167834323052632, -5.103229362241756, -5.0923008755564485, -5.103229362241756, -5.08512506195, -5.08512506195, -5.0923008755564485, -5.0923008755564485, -5.035424836601316, -5.0923008755564485, -5.200217391304347, -5.304478303291666, -5.0417333333333305, -4.749726643457629, -5.0417333333333305, -5.0286831970865356, -5.035424836601316, -5.066797672072725, -7.157241437960783, -6.655898617511518, -6.014480169956688, -6.071896571758374, -6.135678807947023, -6.058508522727279, -6.311283174453422, -6.203009554140132, -6.203009554140132, -6.134211987083339, -6.730709551901313, -6.730709551901313, -6.203009554140132, -6.148874210443938, -5.99183204809638, -6.203009554140132, -6.485366862070002, -6.506594827586198, -6.141918045797544, -6.0600108003443145, -6.641808943089428, -6.134211987083339, -6.148874210443938, -6.134211987083339, -5.973140287633844, -6.484597701149424, -6.058508522727279, -6.311283174453422, -6.071896571758374, -6.148874210443938, -6.141918045797544, -6.005, -6.036255711525645, -6.014480169956688, -6.698871364964289, -6.3988873650060505, -6.134211987083339, -6.533177296477266, -6.071896571758374, -6.000774199775009, -6.506594827586198, -6.045176767676767, -6.000774199775009, -5.99183204809638, -6.148874210443938, -6.141918045797544, -7.214343684687504, -6.0600108003443145, -6.9174999999999995, -6.484597701149424, -6.058508522727279, -6.135678807947023, -6.07849311468768, -6.134211987083339, -6.014480169956688, -6.757446808510635, -6.898246683319802, -6.07849311468768, -6.985915492957745, -7.053703703703707, -6.72407407407407, -6.203009554140132, -5.973140287633844, -6.014480169956688, -6.311283174453422, -6.07849311468768, -6.071896571758374, -6.044359761056114, -6.07849311468768, -6.036255711525645, -5.940107717985541, -5.940107717985541, -7.157105263157895, -7.0228853165569625, -5.96963702403502, -6.203009554140132, -7.034319906655176, -7.018893036111111, -6.7968682120297075, -6.000774199775009, -6.533177296477266, -6.148874210443938, -6.134211987083339, -6.045176767676767, -6.014480169956688, -7.147735914927665, -6.044359761056114, -5.973140287633844, -5.940107717985541, -6.135678807947023, -6.134211987083339, -7.24124829455038, -6.134211987083339, -6.044359761056114, -5.96963702403502, -6.148874210443938, -6.757446808510635, -6.737575953357579, -6.071896571758374, -5.976867210940302, -5.976867210940302, -6.044359761056114, -6.044359761056114, -5.90640201042392, -6.058508522727279, -6.036255711525645, -7.256114285714282, -6.772997090316387, -6.789337697899275, -6.297903667247929, -6.024801667770839, -5.990690960033949, -6.141918045797544, -6.641808943089428, -6.533177296477266, -6.134211987083339, -6.071896571758374, -6.036255711525645, -7.03733308061765, -6.600222222222221, -6.789337697899275, -6.730709551901313, -6.985915492957745, -7.276621748335659, -6.820394659868572, -7.018893036111111, -6.935871559633027, -6.789337697899275, -7.201060606060608, -6.203009554140132, -6.799922713054055, -6.9112720105977825, -6.790656373960624, -5.921243631473687, -7.034319906655176, -5.940107717985541, -6.789552689989136, -6.729653477993422, -6.071896571758374, -6.148874210443938, -6.045176767676767, -7.157105263157895, -7.305338345864665, -5.976867210940302, -6.533177296477266, -6.790656373960624, -6.045176767676767, -6.790656373960624, -6.045176767676767, -5.940107717985541, -5.940107717985541, -6.148874210443938, -6.409473684210527, -5.701589806224489, -6.141918045797544, -6.058508522727279, -6.70520903880982, -6.135678807947023, -6.409473684210527, -6.513854166666668, -6.820394659868572, -6.824791285111111, -6.655898617511518, -6.0600108003443145, -6.071896571758374, -6.07849311468768, -5.843451776649749, -5.748980358422886, -5.7315723270440255, -5.666455026455022, -5.5500898138571415, -5.69378638906667, -5.69378638906667, -5.5500898138571415, -6.000774199775009, -5.69378638906667, -5.7451846010520295, -5.812639405204463, -5.90640201042392, -5.815661531013332, -5.815661531013332, -6.141918045797544, -6.044359761056114, -6.164967262071791, -5.99183204809638, -6.07849311468768, -5.976867210940302, -5.941638655462185, -4.257391304347825, -5.262340362780823, -4.382666666666666, -5.073348101472727, -6.045176767676767, -4.177307692307691, -4.774814814814816, -5.012622950819672, -5.020345315973335, -4.986893203883495, -5.020345315973335, -5.012622950819672, -5.276864441546657, -6.364561403508774, -6.843151213944444, -6.47349046618932, -6.843151213944444, -6.2996758192999955, -6.807634408602152, -6.47349046618932, -6.120384615384621, -6.002281498048897, -6.828504495547006, -6.430946638460734, -6.002281498048897, -6.807634408602152, -6.798321409355265, -6.167906976744183, -6.399747809690241, -6.120710162830987, -6.81565517241378, -6.229538461538467, -6.049863534953372, -7.0819791666666765, -6.084102167182662, -6.120384615384621, -6.044545064195292, -6.128426140909997, -6.886320000699999, -6.202237278239998, -6.2996758192999955, -6.084102167182662, -6.002281498048897, -5.95502272868421, -6.049863534953372, -6.050652173913042, -6.044545064195292, -6.109715555651107, -6.049863534953372, -7.0482693922937285, -6.399747809690241, -5.9426886291452625, -6.002281498048897, -5.9426886291452625, -6.044545064195292, -5.990938566552902, -6.109715555651107, -6.044545064195292, -5.968477432382629, -5.966067073170726, -5.9426886291452625, -5.935730922761196, -6.471355625649633, -5.89678333333334, -6.120384615384621, -5.968477432382629, -6.050652173913042, -6.016579280333328, -5.89678333333334, -6.229538461538467, -5.900467270397053, -5.95502272868421, -5.935730922761196, -5.990938566552902, -6.140588235294115, -6.002281498048897, -6.888945907658066, -5.895787436816514, -5.863719450627651, -6.049863534953372, -5.990938566552902, -6.471355625649633, -6.938683139756463, -6.155752895823525, -5.900467270397053, -6.049863534953372, -5.968477432382629, -7.010279329608938, -5.8718246464703885, -7.2101573684912275, -6.120710162830987, -6.430946638460734, -6.044545064195292, -6.049863534953372, -5.95502272868421, -5.95502272868421, -5.912532188841205, -6.877224045000001, -6.109715555651107, -6.044545064195292, -6.399747809690241, -6.120710162830987, -6.050652173913042, -5.8718246464703885, -7.2069538027955735, -6.421324925554288, -6.880352883971151, -7.2101573684912275, -6.807634408602152, -6.109715555651107, -5.9426886291452625, -5.9426886291452625, -6.117812911462742, -6.430946638460734, -6.109715555651107, -6.471355625649633, -6.399747809690241, -7.0482693922937285, -6.044545064195292, -7.179516129032253, -6.711017397982951, -7.201632523413609, -5.966067073170726, -6.79310176367568, -6.049863534953372, -5.95502272868421, -6.364561403508774, -6.892647058823533, -6.120384615384621, -5.935730922761196, -6.229538461538467, -7.136249999999995, -6.904716929014086, -6.935977576802869, -6.117812911462742, -6.050652173913042, -5.900467270397053, -6.883139853074068, -6.888945907658066, -6.430946638460734, -7.179516129032253, -6.935977576802869, -6.14114107188158, -7.144468085106392, -5.614451892619204, -6.538010210814606, -6.14114107188158, -6.904716929014086, -6.049863534953372, -6.883139853074068, -6.930000000000003, -6.002281498048897, -5.794374324056113, -6.538010210814606, -5.782777777777779, -5.89678333333334, -6.109715555651107, -6.207525007407412, -6.890207002135418, -5.694662445339815, -6.721359994706665, -6.890207002135418, -6.888945907658066, -6.120384615384621, -5.857280357720678, -6.904716929014086, -6.935977576802869, -6.81565517241378, -6.821902654867251, -5.934379887673277, -5.614451892619204, -6.109715555651107, -6.752038045557698, -6.812436599429448, -5.534999999999999, -5.794374324056113, -5.754740740740741, -5.863719450627651, -5.232526293190474, -5.411640016097177, -5.701766280257242, -5.327677134867926, -5.328104367842105, -5.6257729406206956, -5.935730922761196, -5.1659999999999995, -5.614451892619204, -5.935730922761196, -5.943437500000003, -5.855543478260864, -5.855543478260864, -5.855543478260864, -5.855543478260864, -6.430946638460734, -6.711017397982951, -6.558399999999998, -6.558399999999998, -5.251390736050635, -6.968704297809522, -6.558399999999998, -6.4163461538461535, -5.12251661251163, -6.032173913043478, -4.772260869565214, -3.9400000000000004, -5.1782689908281245, -5.1408928571428545, -5.179718309859153, -4.99585321686957, -5.1782689908281245, -5.1782689908281245, -5.1782689908281245, -5.240392537149323, -5.327677134867926, -6.511790312330643, -7.286792509457147, -6.862860151759741, -6.118932943696498, -6.015977859778577, -6.118932943696498, -6.836780900795459, -5.974556797968566, -6.037471910112359, -5.974740507310801, -6.168611257997449, -6.522314867751441, -5.978379907076926, -5.974556797968566, -5.975026564067964, -6.573099041533539, -6.452812500000003, -5.974740507310801, -5.975026564067964, -5.975026564067964, -6.04360491071428, -5.969610380914289, -6.649830508474587, -6.0202050113895424, -5.975026564067964, -6.015977859778577, -5.943553507668165, -5.981636333859903, -6.966544507060606, -5.973224877347081, -5.971547619047618, -5.9872509470417885, -6.585136153577978, -5.974556797968566, -5.948313440751576, -5.977395300757289, -7.115724637681161, -5.974740507310801, -6.036715822682244, -6.428764705882352, -5.964742647058819, -5.952064982651415, -5.969610380914289, -6.5449097322028, -5.974556797968566, -7.005999999999992, -5.974556797968566, -6.0202050113895424, -5.952064982651415, -6.005119139938035, -5.964742647058819, -6.04360491071428, -7.187000000000002, -7.161866666666665, -7.301007194244605, -5.964742647058819, -5.964742647058819, -5.948313440751576, -5.978379907076926, -5.964742647058819, -5.971547619047618, -6.037471910112359, -5.975026564067964, -5.971547619047618, -7.187000000000002, -6.118932943696498, -7.057492901034874, -6.667471575874252, -6.836780900795459, -6.522314867751441, -5.974556797968566, -5.969610380914289, -6.862860151759741, -6.037471910112359, -5.950799283747366, -5.964742647058819, -5.948313440751576, -5.974556797968566, -6.971070381627277, -5.950799283747366, -7.217919463087244, -6.82241886679273, -5.964742647058819, -5.971547619047618, -5.950799283747366, -5.978379907076926, -6.670738360026198, -6.118932943696498, -5.977395300757289, -6.118932943696498, -6.848292682926829, -5.943553507668165, -5.945627409350116, -5.973224877347081, -6.631609195402298, -6.083062474144328, -6.0202050113895424, -5.971547619047618, -5.974740507310801, -5.974740507310801, -5.971547619047618, -6.095624999999997, -5.974556797968566, -5.9872509470417885, -6.921307661676462, -6.005119139938035, -6.667471575874252, -6.649830508474587, -6.701730850984905, -6.129048924203883, -7.115724637681161, -5.948313440751576, -6.862860151759741, -6.772618786102187, -6.4976754034285715, -6.667471575874252, -5.964742647058819, -6.191363822550634, -6.82241886679273, -7.387500000000001, -7.018870277855997, -5.906932349469395, -5.969610380914289, -7.162154961428563, -7.107150326787883, -5.9356892402987915, -6.428764705882352, -6.281818181818184, -7.005999999999992, -6.951470588235295, -6.922500000000001, -6.015977859778577, -6.984705882352945, -5.948313440751576, -6.015977859778577, -7.053736263736268, -7.018870277855997, -7.053736263736268, -6.585136153577978, -6.974000000000004, -5.977395300757289, -5.971547619047618, -5.509263803398738, -6.974356634499994, -6.82241886679273, -6.743293723383465, -6.005119139938035, -6.82241886679273, -5.446054662021277, -6.075925925925928, -6.649830508474587, -5.509263803398738, -6.974356634499994, -6.82241886679273, -6.168611257997449, -6.075925925925928, -5.21398552536538, -6.667471575874252, -5.523846153846154, -5.90747180207518, -5.1302564102564086, -6.09895348837209, -5.973538461538461, -5.974556797968566, -5.592285714285713, -5.428606869183552, -5.364470496341689, -5.364470496341689, -5.666814159292045, -5.258612888142864, -5.274666085094013, -5.428606869183552, -5.706450617283948, -5.703357322879168, -5.645153911441179, -6.005119139938035, -5.88531757569054, -6.252361111111111, -6.168611257997449, -6.176944444444444, -5.978379907076926, -6.168611257997449, -6.176944444444444, -6.176944444444444, -5.9872509470417885, -5.9872509470417885, -4.377142857142857, -4.617735849056602, -5.258508112370727, -6.092638888888887, -6.092638888888887, -4.710090090090097, -5.100422554894118, -5.178225594515151, -5.11401631698, -5.100422554894118, -5.107778995054266, -5.13637161983077, -5.100422554894118, -5.034026805324671, -5.253294379168006]","0     -7.22
1     -6.21
2     -7.24
3     -5.92
4     -5.96
       ... 
247   -6.00
248   -3.99
249   -5.24
250   -4.77
251   -4.71
Name: Permeability, Length: 252, dtype: float64","[array([-6.14478889, -6.46871429, -6.43012488, -6.07186036, -6.14774224,
       -6.95333333, -6.05401889, -6.95333333, -6.96176806, -6.43012488,
       -6.05401889, -6.38488506, -6.09621496, -6.07196851, -6.09621496,
       -6.03864347, -6.39291667, -6.65770091, -6.09621496, -6.45259633,
       -6.14774224, -6.38488506, -6.20864846, -6.01177691, -6.03864347,
       -6.19836782, -6.07068181, -6.16857143, -6.06158941, -6.06158941,
       -6.65770091, -6.83375   , -6.20864846, -6.03864347, -6.07196851,
       -6.19906977, -6.05401889, -6.19836782, -6.03864347, -6.02409148,
       -6.07186036, -6.03864347, -6.07186036, -6.75466434, -6.09621496,
       -6.43012488, -6.14774224, -6.03311671, -6.09621496, -6.06158941,
       -6.20864846, -6.45259633, -5.98429409, -6.01177691, -6.07186036,
       -6.02409148, -6.67477366, -6.70894973, -6.03311671, -6.43012488,
       -6.05636973, -6.38488506, -5.98429409, -6.01177691, -6.01177691,
       -6.15002274, -6.8656011 , -5.9544872 , -5.92588   , -6.06158941,
       -6.06158941, -6.98395709, -6.07196851, -7.0115534 , -6.10685582,
       -5.98429409, -5.96918739, -6.14774224, -6.05401889, -6.10136349,
       -6.07196851, -5.9544872 , -5.9544872 , -6.0321717 , -5.9472093 ,
       -5.84846242, -7.0115534 , -6.14478889, -7.02804065, -7.02804065,
       -6.71641807, -6.8099077 , -6.01177691, -6.0321717 , -6.14774224,
       -6.69787361, -5.96918739, -6.14774224, -5.98429409, -6.06158941,
       -6.9836881 , -7.24766458, -6.96176806, -6.07068181, -5.96918739,
       -6.0216457 , -6.03311671, -6.98875138, -5.9544872 , -6.00213548,
       -6.03864347, -6.03311671, -6.10685582, -6.0321717 , -6.03864347,
       -6.09621496, -6.98875138, -5.98429409, -5.98429409, -5.91022508,
       -5.96918739, -6.07068181, -5.96918739, -6.09824177, -6.07186036,
       -6.06158941, -6.00213548, -6.00213548, -5.9544872 , -6.00213548,
       -7.22013889, -6.98395709, -5.96918739, -5.9472093 , -6.14478889,
       -6.71641807, -6.0216457 , -6.0216457 , -6.79502415, -6.9836881 ,
       -7.05568591, -6.69787361, -6.0216457 , -6.83133766, -7.02984353,
       -6.0147764 , -7.12748838, -6.10685582, -5.92588   , -7.0156    ,
       -6.70894973, -7.27258242, -6.8099077 , -5.71318014, -6.10685582,
       -7.27258242, -6.9142    , -6.43012488, -6.06158941, -7.0156    ,
       -6.84111111, -6.84111111, -6.0216457 , -6.03864347, -6.9836881 ,
       -7.03257195, -6.8099077 , -6.14478889, -6.56054795, -6.98875138,
       -7.20341176, -5.46653846, -6.84111111, -6.75466434, -7.15618838,
       -5.95148936, -6.9068367 , -6.70806048, -5.98922361, -6.66687773,
       -6.0321717 , -5.9472093 , -6.91493976, -6.03864347, -5.82934233,
       -6.03864347, -6.91493976, -6.98875138, -6.70806048, -6.13122673,
       -6.91493976, -6.78122222, -6.13122673, -5.49434343, -6.9068367 ,
       -5.96918739, -6.05401889, -5.63185338, -6.02409148, -6.70894973,
       -6.6850662 , -6.73930858, -6.9068367 , -5.80661654, -6.6850662 ,
       -6.14774224, -5.84846242, -6.42462069, -6.00213548, -5.21149254,
       -5.38045455, -6.20864846, -5.38045455, -5.58441689, -5.53583942,
       -5.87245283, -5.74694915, -5.99141103, -5.0828819 , -5.76505154,
       -5.89618514, -6.00213548, -6.01828125, -6.01828125, -5.81861111,
       -5.84263768, -6.43012488, -6.03311671, -6.57352371, -6.9068367 ,
       -6.70806048, -6.07186036, -5.9840625 , -6.262     , -4.00666667,
       -5.08580896, -4.04705882, -5.08580896, -6.10685582, -4.2025    ,
       -4.83471041, -5.04824973, -5.16225001, -5.07733981, -5.07733981,
       -5.08537313, -5.07719112, -5.05309685, -5.00878979, -5.02616438,
       -5.0103557 , -5.07733981]), array([-6.3942029 , -6.34062803, -6.19548077, -6.04581395, -6.09776535,
       -6.75659717, -5.98662311, -6.91930977, -7.02891269, -6.35553385,
       -5.99521671, -6.35553385, -6.27701156, -6.14850801, -6.31052492,
       -6.05833435, -6.25112546, -6.65862745, -6.09411415, -6.17785714,
       -6.14850801, -6.64315901, -5.98662311, -5.96620817, -5.97203411,
       -6.17785714, -5.99521671, -6.20625   , -6.04183361, -5.97269264,
       -6.53277488, -6.91930977, -6.19548077, -5.97269264, -5.98662311,
       -6.27030211, -5.97269264, -6.4559596 , -6.04183361, -6.04357542,
       -6.09776535, -5.96882206, -6.13570103, -6.14850801, -6.35553385,
       -6.57677326, -5.99287671, -5.99521671, -6.04357542, -6.07836361,
       -6.40310345, -6.34062803, -5.97269264, -5.96542179, -6.09776535,
       -5.96542179, -6.34108696, -6.75659717, -6.04357542, -6.64258353,
       -6.27030211, -6.35553385, -5.96097252, -5.97269264, -5.97203411,
       -6.34062803, -6.68471783, -5.96097252, -5.96542179, -5.98662311,
       -5.96700705, -6.91930977, -5.97269264, -7.20395892, -6.07836361,
       -5.96178723, -5.96542179, -6.05833435, -6.04357542, -6.13570103,
       -6.34062803, -5.9074581 , -5.96097252, -5.96700705, -5.96097252,
       -5.96097252, -6.89861237, -6.3779971 , -7.20395892, -7.00929945,
       -6.57677326, -6.3865931 , -5.96700705, -5.96542179, -6.34108696,
       -6.56760729, -5.96097252, -6.35553385, -5.94598866, -5.96178723,
       -6.95192008, -7.24571429, -6.64315901, -5.99521671, -5.96620817,
       -5.98662311, -5.96097252, -7.00929945, -5.94352311, -5.91188645,
       -6.04183361, -5.98662311, -6.3865931 , -5.96542179, -5.99287671,
       -5.96882206, -6.95192008, -5.96542179, -5.96542179, -5.8912234 ,
       -5.96620817, -5.98662311, -5.82776012, -6.68471783, -5.96097252,
       -5.99521671, -6.05833435, -5.97269264, -5.96620817, -5.97269264,
       -7.34166447, -6.78511617, -5.94352311, -5.96620817, -6.09776535,
       -6.70237904, -5.97269264, -5.96620817, -6.70237904, -7.1375599 ,
       -7.17637037, -6.56760729, -5.98662311, -6.78347222, -7.17637037,
       -5.91188645, -7.1423913 , -6.05833435, -5.94598866, -7.14955696,
       -6.70237904, -7.3362004 , -6.883398  , -5.96178723, -5.97269264,
       -7.28496403, -6.86649534, -6.56760729, -5.97269264, -7.1375599 ,
       -6.91930977, -6.86649534, -5.96620817, -5.97269264, -7.00929945,
       -7.14955696, -6.64315901, -6.35525661, -6.34510791, -7.00929945,
       -7.20395892, -5.57640719, -6.78347222, -6.64559587, -7.17886076,
       -5.8912234 , -6.89861237, -6.68033476, -5.96620817, -6.80219512,
       -6.05833435, -5.9022297 , -6.95192008, -5.96097252, -5.75432865,
       -5.96620817, -6.86649534, -7.02891269, -6.64559587, -6.17785714,
       -6.883398  , -6.56760729, -6.08434783, -5.58255994, -6.78347222,
       -5.97203411, -5.94598866, -5.59488838, -5.97269264, -6.8132558 ,
       -6.64886831, -6.65862745, -6.71058949, -5.80137061, -6.25447761,
       -5.96542179, -5.82776012, -6.27030211, -5.80137061, -5.3044783 ,
       -5.38409723, -6.04357542, -5.38409723, -5.58304348, -5.44506121,
       -5.57640719, -5.62709583, -5.98780488, -5.08512506, -5.55269231,
       -5.63683168, -5.96700705, -5.88729583, -5.94598866, -5.55269231,
       -5.88729583, -6.25447761, -6.25447761, -6.27030211, -6.25447761,
       -6.27030211, -5.98780488, -5.88785714, -5.97203411, -4.06      ,
       -5.37681115, -4.25769231, -5.29694647, -6.09886085, -4.41318578,
       -4.74972664, -5.03195652, -5.10322936, -5.08512506, -5.08526375,
       -5.03542484, -5.09230088, -5.04173333, -4.28      , -5.03542484,
       -5.03195652, -5.03195652]), array([-6.44736111, -6.54818182, -6.0600108 , -6.13567881, -6.07849311,
       -7.12808884, -6.005     , -7.20382288, -6.86931034, -6.44736111,
       -6.0600108 , -6.29790367, -6.14294767, -6.4845977 , -6.05850852,
       -5.99183205, -6.5331773 , -6.73070955, -6.01448017, -6.14887421,
       -6.31128317, -6.31128317, -6.04517677, -6.0600108 , -6.01448017,
       -6.07849311, -6.0600108 , -6.14191805, -6.07849311, -6.03625571,
       -6.50659483, -6.69928571, -6.05850852, -6.07849311, -6.0007742 ,
       -6.29790367, -5.99069096, -6.31128317, -6.0600108 , -6.0600108 ,
       -6.07189657, -6.04517677, -6.07189657, -6.50659483, -6.16496726,
       -6.50659483, -6.13421199, -6.03625571, -6.07189657, -6.14887421,
       -6.51886792, -6.14887421, -5.97686721, -6.01448017, -6.14191805,
       -6.01448017, -6.31128317, -6.13567881, -6.0600108 , -6.72965348,
       -6.07189657, -6.14191805, -5.95976841, -5.99183205, -5.97686721,
       -6.07849311, -6.7893377 , -6.01448017, -6.01448017, -6.13567881,
       -6.03625571, -7.03431991, -6.03625571, -7.15724144, -6.07849311,
       -5.95976841, -5.97314029, -6.07189657, -6.07189657, -6.54818182,
       -6.07849311, -6.04435976, -5.99069096, -5.99069096, -6.04435976,
       -5.99183205, -6.91127201, -6.42031579, -7.14773591, -6.98591549,
       -6.79547907, -6.77299709, -6.04435976, -6.01448017, -6.07189657,
       -6.79992271, -6.0007742 , -6.14191805, -5.92124363, -5.99183205,
       -7.03431991, -7.20106061, -6.77299709, -6.31128317, -6.04435976,
       -6.01448017, -6.04517677, -6.91127201, -6.04435976, -6.075     ,
       -6.07855263, -6.13421199, -6.49287152, -6.05850852, -6.04435976,
       -6.13421199, -6.98591549, -6.04435976, -6.04435976, -5.90640201,
       -6.07189657, -5.99183205, -5.90640201, -6.44736111, -6.05850852,
       -6.04435976, -6.04517677, -6.07189657, -5.99069096, -6.07189657,
       -7.25611429, -6.8093387 , -5.92124363, -6.07189657, -6.16496726,
       -6.77299709, -6.04435976, -6.03625571, -6.77299709, -6.91127201,
       -7.03431991, -6.60390356, -5.99183205, -6.79992271, -7.15724144,
       -6.04435976, -7.01889304, -6.07849311, -5.92124363, -7.0537037 ,
       -6.7893377 , -7.20106061, -6.82039466, -5.77772189, -6.48536686,
       -7.14773591, -6.82541486, -6.40947368, -6.02480167, -7.25611429,
       -6.84368421, -6.82842762, -6.04517677, -6.07849311, -7.10686957,
       -7.15710526, -6.79065637, -6.60022222, -6.19638554, -7.07195489,
       -7.24124829, -5.48897436, -6.79992271, -6.64180894, -7.33202076,
       -6.04517677, -6.87646742, -6.73171473, -6.39888737, -6.14191805,
       -6.13421199, -6.03625571, -6.89824668, -5.99069096, -5.78172764,
       -6.5331773 , -6.82479129, -7.0537037 , -6.4845977 , -6.14191805,
       -6.82842762, -6.73757595, -6.07855263, -5.50967216, -6.82039466,
       -6.07849311, -6.04435976, -5.69378639, -6.07189657, -6.79065637,
       -6.73070955, -6.7893377 , -6.79547907, -5.82179487, -6.13567881,
       -5.97686721, -5.90255755, -6.14191805, -5.73157233, -5.38470337,
       -5.49130435, -6.14191805, -5.56116357, -5.58297624, -5.50967216,
       -5.56116357, -5.70897733, -5.99069096, -5.02954851, -5.73157233,
       -5.66645503, -5.96963702, -5.90640201, -5.92124363, -5.69378639,
       -5.90220245, -6.14191805, -6.14191805, -6.14294767, -6.14887421,
       -6.47620253, -6.07849311, -5.94163866, -6.43919355, -4.18857143,
       -5.06920692, -4.38266667, -5.27686444, -6.07849311, -4.77863281,
       -4.80432099, -5.01929803, -5.02954851, -5.01929803, -5.01929803,
       -5.01929803, -4.9868932 , -5.02034532, -4.95135135, -5.00852713,
       -5.01929803, -5.01929803]), array([-6.14058824, -7.00394378, -6.29967582, -6.01657928, -5.96847743,
       -6.81565517, -6.04454506, -6.89952174, -6.84315121, -6.79832141,
       -6.12038462, -6.80763441, -6.12038462, -6.12842614, -6.04454506,
       -5.94268863, -6.39974781, -6.76104296, -6.0651938 , -6.39974781,
       -6.12842614, -6.79684802, -6.12038462, -5.96847743, -5.95502273,
       -6.38909091, -6.01657928, -6.42132493, -6.04986353, -5.99093857,
       -6.47135563, -6.62307692, -6.12038462, -6.29967582, -6.05065217,
       -6.43094664, -6.0022815 , -6.43094664, -6.12038462, -6.0022815 ,
       -6.04986353, -5.93573092, -6.10971556, -6.11781291, -6.12071016,
       -6.39974781, -6.12038462, -5.99093857, -6.05065217, -6.0022815 ,
       -6.59532203, -6.29967582, -5.96635659, -5.95502273, -6.04986353,
       -5.95502273, -6.39974781, -6.12038462, -6.03217391, -6.42132493,
       -6.04454506, -6.10971556, -5.93437989, -5.99093857, -6.04454506,
       -6.12038462, -6.84315121, -5.94268863, -5.94268863, -6.14114107,
       -6.05065217, -6.9687043 , -6.04986353, -7.08197917, -6.05065217,
       -5.94268863, -5.94268863, -6.04986353, -6.04454506, -6.22833333,
       -6.10971556, -5.91253219, -5.90046727, -5.93573092, -5.95502273,
       -5.95502273, -6.88632   , -6.47349047, -7.04826939, -7.17455195,
       -6.8124366 , -6.87722405, -5.91253219, -6.0022815 , -6.04454506,
       -6.7535687 , -6.04986353, -6.27051282, -5.93437989, -5.96606707,
       -6.9687043 , -7.19063241, -6.87722405, -6.11781291, -5.99093857,
       -5.96847743, -6.04454506, -6.9687043 , -5.93437989, -5.99093857,
       -5.93573092, -6.04454506, -6.01657928, -6.04986353, -6.08410217,
       -6.05065217, -6.9687043 , -5.96847743, -5.96847743, -5.89372083,
       -6.04454506, -5.96606707, -5.95502273, -6.14114107, -6.12071016,
       -6.10971556, -6.11781291, -6.04454506, -5.94268863, -6.04454506,
       -7.19027322, -6.88632   , -6.04454506, -5.95502273, -6.10971556,
       -6.8124366 , -6.04454506, -6.12071016, -6.7661792 , -6.9687043 ,
       -7.12255605, -6.42132493, -6.10971556, -6.8124366 , -7.12255605,
       -5.95502273, -7.19063241, -6.0022815 , -5.94268863, -7.12255605,
       -6.82190265, -7.17951613, -6.90471693, -5.89678333, -6.14114107,
       -7.2069538 , -6.89722222, -6.58939024, -6.12071016, -7.13625   ,
       -6.82038462, -6.86415179, -5.95502273, -5.96847743, -7.0083815 ,
       -7.00394378, -6.7110174 , -6.58939024, -6.47135563, -7.04826939,
       -7.00394378, -5.69466245, -6.85920858, -6.59532203, -7.01027933,
       -6.04986353, -6.89952174, -6.59532203, -6.30733843, -6.59532203,
       -5.97555556, -5.89678333, -6.90471693, -5.95502273, -5.79437432,
       -5.96606707, -6.88894591, -7.0083815 , -6.39974781, -6.04454506,
       -6.88894591, -6.75203805, -6.0022815 , -5.71985553, -6.88894591,
       -6.04454506, -6.0022815 , -5.73557632, -5.96606707, -6.76104296,
       -6.39974781, -6.6836117 , -6.89952174, -5.85554348, -5.97555556,
       -6.10971556, -5.85230598, -6.43094664, -5.79437432, -5.23252629,
       -5.61445189, -6.05065217, -5.37003903, -5.66747253, -5.62577294,
       -5.32810437, -5.62577294, -5.9434375 , -5.01923529, -5.87182465,
       -5.69466245, -6.05065217, -5.85554348, -5.85554348, -5.85554348,
       -5.90046727, -6.43094664, -5.99093857, -6.53801021, -6.41634615,
       -6.5584    , -5.96606707, -5.96606707, -6.20752501, -4.11043478,
       -5.25139074, -4.48499734, -5.2301957 , -6.03217391, -4.77226087,
       -4.94606347, -4.99585322, -5.14089286, -5.03177966, -5.03177966,
       -5.01923529, -4.99964464, -5.17826899, -4.85042857, -5.08738802,
       -5.12251661, -5.166     ]), array([-6.56266667, -6.70348684, -6.26622222, -6.01597786, -5.94355351,
       -6.924     , -5.97502656, -6.924     , -7.006     , -6.11893294,
       -5.97474051, -6.62072553, -6.03671582, -5.97502656, -6.02020501,
       -5.98163633, -6.52231487, -6.52231487, -5.97837991, -6.16861126,
       -5.97502656, -6.11893294, -6.00511914, -5.94283304, -5.97154762,
       -6.11893294, -5.97154762, -6.15222222, -5.9745568 , -5.97502656,
       -6.16861126, -6.76210526, -5.96474265, -5.98163633, -5.97322488,
       -6.11893294, -5.94355351, -6.02020501, -5.9773953 , -5.96961038,
       -5.9745568 , -5.97474051, -5.97502656, -6.11893294, -6.11893294,
       -6.61619048, -5.97474051, -5.97154762, -5.96474265, -6.02020501,
       -6.42876471, -6.01597786, -5.96474265, -5.97154762, -5.9745568 ,
       -5.97502656, -6.16861126, -6.4528125 , -6.03671582, -6.8367809 ,
       -5.9745568 , -6.16861126, -5.94562741, -5.98163633, -5.95206498,
       -6.03291667, -6.86286015, -5.94831344, -5.98163633, -5.97502656,
       -5.97502656, -7.0492153 , -5.96961038, -7.16215496, -6.02020501,
       -5.94831344, -5.94831344, -5.9943226 , -6.02020501, -6.12904892,
       -5.97322488, -5.9745568 , -5.96474265, -5.97154762, -5.95079928,
       -5.95206498, -6.95147059, -6.4528125 , -7.11572464, -7.07888213,
       -6.70173085, -6.8367809 , -5.97502656, -5.96474265, -6.16861126,
       -6.82241887, -5.96474265, -6.16861126, -5.94562741, -5.94831344,
       -7.0492153 , -7.2963522 , -6.82241887, -6.07592593, -5.97502656,
       -6.01597786, -5.97322488, -7.0492153 , -6.02020501, -5.97502656,
       -5.98725095, -6.11893294, -6.54490973, -5.9745568 , -6.11893294,
       -5.98163633, -6.95515863, -5.98163633, -5.98163633, -5.94355351,
       -5.97154762, -5.97502656, -5.96961038, -6.11893294, -5.97837991,
       -6.12904892, -6.16861126, -6.11893294, -5.9745568 , -6.11893294,
       -7.23994975, -6.86286015, -5.9745568 , -5.97502656, -6.52231487,
       -6.70173085, -5.96474265, -5.9745568 , -6.78957627, -7.0492153 ,
       -7.01887028, -6.64521685, -5.97474051, -6.82241887, -7.10715033,
       -5.97502656, -7.01712909, -6.12904892, -5.94831344, -7.02613636,
       -6.81569301, -7.18390914, -6.74329372, -5.92596   , -6.52231487,
       -7.18390914, -6.95515863, -6.4528125 , -6.19136382, -7.02613636,
       -6.96466667, -6.8367809 , -5.97502656, -6.01597786, -7.02613636,
       -7.11572464, -6.77261879, -6.16861126, -6.437     , -6.97435663,
       -7.187     , -5.3644705 , -6.89166185, -6.66747158, -7.187     ,
       -6.00511914, -7.006     , -6.70348684, -6.42876471, -6.6316092 ,
       -5.98725095, -5.94831344, -7.006     , -5.95206498, -5.79539389,
       -6.01597786, -6.9225    , -7.03372544, -6.64983051, -6.08306247,
       -6.94073283, -6.67645863, -6.12904892, -5.3644705 , -6.89448184,
       -5.98163633, -5.96474265, -5.42860687, -5.96474265, -6.8367809 ,
       -6.64983051, -6.77261879, -6.92130766, -5.8702185 , -6.04360491,
       -5.98163633, -5.96961038, -6.09895349, -5.97353846, -5.30276623,
       -5.3644705 , -5.98725095, -5.25850811, -5.3644705 , -5.33818743,
       -5.5092638 , -5.8702185 , -6.35375   , -5.67432836, -5.8702185 ,
       -5.89787876, -6.01597786, -5.93568924, -5.96474265, -5.89787876,
       -5.9745568 , -6.12904892, -5.98163633, -6.03291667, -6.00511914,
       -6.17694444, -5.98725095, -5.98725095, -5.98725095, -4.09444444,
       -5.25582559, -4.3472    , -5.20242298, -6.09263889, -4.68937984,
       -4.68937984, -5.03402681, -5.15682728, -5.10042255, -5.10073171,
       -5.06515513, -5.11401632, -5.03402681, -4.95475   , -5.06515513,
       -5.06515513, -5.04062641])]","[-6.33792156 -6.61299095 -6.2503029  -6.05718205 -6.04720633 -6.9155349
 -6.01304272 -6.97999754 -6.94182846 -6.43005484 -6.0408743  -6.4933365
 -6.13465492 -6.16170539 -6.1059997  -6.00262697 -6.41985642 -6.66607915
 -6.0496766  -6.26953735 -6.14219723 -6.45102164 -6.07319042 -5.98986127
 -5.99034562 -6.19254839 -6.02280724 -6.21805732 -6.04126729 -6.00730058
 -6.4674075  -6.76750553 -6.109553   -6.07422827 -6.01664857 -6.26343103
 -5.9926475  -6.28335245 -6.04765356 -6.01991392 -6.05318852 -5.99262274
 -6.07284002 -6.32930261 -6.17127184 -6.50588625 -6.07399121 -6.00541506
 -6.04541635 -6.06226275 -6.43094131 -6.25155045 -5.97299063 -5.98364984
 -6.06719282 -5.98680855 -6.37910057 -6.43488456 -6.04111853 -6.61209354
 -6.08353405 -6.23213275 -5.95700846 -5.9897753  -5.99145766 -6.14448903
 -6.8091336  -5.96418839 -5.96602138 -6.06001179 -6.01810618 -6.99110127
 -6.02007816 -7.12337758 -6.06691395 -5.95937036 -5.95975031 -6.06443186
 -6.04684819 -6.22852572 -6.11480602 -5.95867881 -5.95427212 -5.97942965
 -5.97167272 -5.94167094 -6.93184567 -6.37388095 -7.1087459  -7.05533794
 -6.72056757 -6.73670057 -5.9821405  -5.99581956 -6.15477642 -6.72827824
 -5.98910806 -6.21686364 -5.94630674 -5.98591784 -6.99756954 -7.23628482
 -6.81551342 -6.11418411 -5.98914409 -6.00144085 -6.01140719 -6.98544849
 -5.97939099 -5.99099741 -6.01640232 -6.06348596 -6.30956189 -6.01610447
 -6.05578301 -6.0463075  -6.97008997 -5.98883788 -5.98883788 -5.90902497
 -6.00467696 -5.99804612 -5.92559653 -6.29807894 -6.0380863  -6.06798607
 -6.07841415 -6.04204054 -5.96572635 -6.04204054 -7.24962812 -6.86551842
 -5.9706112  -5.98307267 -6.20791039 -6.74119233 -6.00959716 -6.02387531
 -6.76523115 -7.01008792 -7.0815605  -6.58718525 -6.01691138 -6.80991761
 -7.11863234 -5.98021438 -7.09930685 -6.07500274 -5.93682287 -7.07351062
 -6.76765243 -7.23465374 -6.8323422  -5.85508652 -6.24567425 -7.21922906
 -6.89169821 -6.48988172 -6.07423154 -7.11433211 -6.87783127 -6.84739335
 -5.99261599 -6.0148569  -7.026875   -7.09178052 -6.74547185 -6.37165384
 -6.40207941 -7.01852635 -7.16791255 -5.51821059 -6.83507529 -6.66097255
 -7.17286984 -5.98857444 -6.91748765 -6.68378377 -6.21808446 -6.56758442
 -6.03750491 -5.9461583  -6.93516469 -5.97947893 -5.79103337 -6.10401477
 -6.88353446 -7.02269494 -6.57756648 -6.11572189 -6.89128882 -6.70298043
 -6.08509152 -5.53418031 -6.85882627 -6.0091792  -6.00227829 -5.61694227
 -5.99989808 -6.78213715 -6.62284448 -6.72870084 -6.84674693 -5.8311088
 -6.21887662 -6.03627663 -5.88013929 -6.27334819 -5.86059824 -5.28719335
 -5.4469557  -6.08640901 -5.3908525  -5.55647593 -5.49090663 -5.56947835
 -5.71580275 -6.05341887 -5.17822383 -5.75827186 -5.75840261 -6.00108192
 -5.92064236 -5.94115993 -5.76370241 -5.90143201 -6.27730322 -6.08041745
 -6.31154007 -6.34633076 -6.43798191 -6.01829528 -5.95337526 -6.17360072
 -4.09202346 -5.20780867 -4.30392303 -5.21844771 -6.08180452 -4.57119186
 -4.80484027 -5.02587686 -5.1185496  -5.06279302 -5.06288259 -5.04489729
 -5.05400923 -5.06549426 -4.80906394 -5.0445319  -5.0498564  -5.06704415]","[0.16846106 0.22813643 0.12185533 0.04439098 0.07821086 0.12799744
 0.03123893 0.11322884 0.07361428 0.21829796 0.05161234 0.19181054
 0.07950789 0.17230369 0.10518471 0.04135273 0.10289762 0.0824489
 0.04626728 0.12931843 0.10657983 0.2411209  0.08183952 0.0415443
 0.03114977 0.10705746 0.03769258 0.10395906 0.03556194 0.03547595
 0.16205857 0.10293258 0.09043936 0.11915856 0.03809379 0.10422967
 0.03652809 0.16051564 0.04581219 0.03170624 0.04214196 0.04243291
 0.05455389 0.25847054 0.09478567 0.08270145 0.07436177 0.0252155
 0.04431873 0.0512403  0.13034255 0.15277903 0.00714037 0.02465716
 0.05553749 0.02743094 0.16625214 0.27105956 0.01026034 0.16415824
 0.0991482  0.11464793 0.01678938 0.01302086 0.03278135 0.10572228
 0.0679757  0.02587652 0.03081619 0.07059509 0.03936092 0.04680123
 0.04155448 0.06835536 0.02934858 0.01433686 0.01202014 0.04931747
 0.01676135 0.16544627 0.12183628 0.04972721 0.02958333 0.0317319
 0.03663136 0.04870898 0.04547257 0.11900299 0.06450611 0.06700816
 0.08378603 0.17833389 0.04443985 0.02683748 0.1038966  0.09096658
 0.0334946  0.08346324 0.02104286 0.04037721 0.03775618 0.03781902
 0.10654575 0.10617965 0.02889852 0.02047309 0.03663701 0.04566947
 0.04431575 0.05233375 0.04972275 0.05525484 0.21064349 0.03870627
 0.04282837 0.06391116 0.01519016 0.0286986  0.0286986  0.01871712
 0.04459788 0.03741017 0.05411779 0.23170346 0.05982616 0.04767499
 0.05833376 0.05140358 0.0164833  0.05140358 0.05098833 0.06940918
 0.04160465 0.04541325 0.15903004 0.04419216 0.03449299 0.0553047
 0.03314183 0.07740051 0.05916211 0.09358635 0.04890759 0.01685647
 0.05070508 0.04612896 0.06958504 0.04362111 0.01107169 0.05325181
 0.0518225  0.06081773 0.05730703 0.09409508 0.21849452 0.05230127
 0.04380123 0.07396441 0.07588612 0.08791886 0.05490967 0.01521526
 0.03471419 0.04134128 0.04222723 0.06228918 0.06096819 0.19627303
 0.12384396 0.0365018  0.08389011 0.11107014 0.03929241 0.05241005
 0.10225313 0.06014388 0.04540834 0.04714302 0.20043008 0.22403649
 0.0568819  0.0499818  0.03999359 0.03261371 0.02421398 0.21643687
 0.03542593 0.02226619 0.1158805  0.04673373 0.03747896 0.07583478
 0.04682205 0.11645164 0.04824673 0.04425579 0.0424862  0.10597924
 0.04216558 0.04433565 0.11548509 0.05032186 0.08139104 0.02719412
 0.25117617 0.07662024 0.05104772 0.13814291 0.10707893 0.06126759
 0.09507805 0.07870111 0.09706477 0.1013658  0.09590097 0.17538408
 0.09037167 0.15124791 0.24950306 0.11700262 0.11465974 0.03108082
 0.05533969 0.05339287 0.12559184 0.04243905 0.13250679 0.10400077
 0.21339125 0.31077983 0.19243744 0.047147   0.03655331 0.17598874
 0.05996271 0.11563843 0.14763324 0.0742461  0.0264954  0.2273009
 0.08626136 0.01759903 0.04905106 0.03155932 0.03165277 0.02627646
 0.05111667 0.05738475 0.26943654 0.02820855 0.04081197 0.05311684]"
5,XGBRegressor,"[-6.736552, -7.326673, -7.2021484, -6.6067653, -6.1172037, -6.680555, -6.1117935, -5.85326, -6.5256615, -6.342557, -6.378505, -5.733584, -6.529497, -5.765999, -6.331153, -5.8282933, -6.6897435, -6.1010113, -6.2997923, -6.7428603, -6.5621104, -5.835259, -5.857334, -5.766921, -6.757404, -5.8401933, -6.8272963, -5.5389576, -6.5897946, -6.491964, -6.1362686, -6.3466763, -5.6791024, -6.381906, -6.169505, -7.633251, -5.701241, -5.4184093, -5.604144, -6.767115, -5.7698135, -6.0580955, -6.2370224, -6.0175424, -6.2385683, -5.8090115, -6.192879, -6.2534113, -7.032603, -6.530202, -6.4636474, -5.7218657, -6.2813377, -6.02091, -6.563379, -5.711709, -6.6565094, -6.1348333, -7.093941, -5.7200384, -5.913774, -6.3449826, -6.0403476, -6.7459264, -5.5802493, -5.7502475, -5.8503118, -6.3405714, -6.1589537, -6.1066804, -7.496643, -7.5119147, -7.5337334, -6.9277472, -6.9852104, -5.505373, -6.0151925, -5.8111057, -6.372534, -7.1579056, -5.44424, -5.5498066, -5.8582783, -6.989307, -6.044834, -5.7581167, -5.698606, -6.3576007, -5.804244, -5.875023, -5.8332634, -5.514149, -5.7927437, -5.8510003, -5.605408, -5.537832, -7.0458474, -5.5993867, -5.8006234, -6.3194356, -6.471283, -6.138159, -6.247871, -6.1154437, -6.9988647, -7.020825, -6.6947913, -6.4710584, -6.3125463, -6.377425, -6.276545, -6.310512, -6.4364767, -5.844678, -5.9781585, -7.14781, -7.156363, -7.2612996, -5.7821455, -6.7045236, -5.9759035, -7.3168797, -7.0628037, -7.386889, -7.1235123, -7.033063, -5.7297335, -6.5645947, -7.263169, -6.9649525, -7.3654766, -7.139843, -7.1443033, -6.232661, -6.8057475, -6.9177046, -7.540191, -6.2119756, -6.277314, -6.4179306, -6.448099, -5.718633, -6.6706996, -6.33316, -6.995236, -6.187512, -7.1373153, -5.578574, -7.092967, -7.057732, -6.9065456, -6.388948, -6.574137, -7.2968745, -5.5390663, -5.7216997, -6.2666187, -6.9805894, -6.5797954, -6.9316063, -7.1137395, -6.835831, -6.0348063, -5.243532, -5.5786743, -6.0483947, -6.072975, -6.2138867, -5.8572817, -5.4213023, -5.966956, -4.994876, -4.8212767, -4.9436517, -5.2214055, -5.76775, -6.4565806, -5.98044, -5.686033, -6.089579, -6.1342497, -6.0349307, -5.4467974, -6.1007433, -5.892896, -6.6347113, -5.918232, -4.8846025, -5.414827, -6.4121857, -6.6336436, -5.8509502, -4.992604, -4.8093123, -4.828759, -4.414403, -4.8733177, -4.7122793, -4.6166162, -5.0142603, -4.920538, -5.0239477, -7.4426794, -7.416988, -6.6825094, -5.9030437, -6.3448844, -6.7882624, -5.6848154, -6.005349, -5.8743505, -5.8743505, -5.961336, -5.9086537, -5.860901, -6.394865, -6.73557, -6.4770217, -6.462414, -6.1253967, -6.2215095, -5.869863, -5.8787565, -6.029966, -6.0946846, -5.8577266, -6.063674, -6.2387195, -6.493069, -6.7938404, -6.2426987, -5.737653, -6.082996, -6.4217253, -5.8163276, -6.620765, -6.695715, -6.2272334, -5.9569254, -6.55967, -5.85754, -6.9236917, -5.691139, -5.880721, -5.9998446, -6.02164, -6.99044, -7.00111, -6.2725034, -6.141563, -6.0170875, -6.0122256, -7.2258754, -6.2299843, -6.2079215, -6.3112497, -6.549467, -5.786945, -6.037414, -6.376565, -5.797198, -5.9725127, -5.907978, -5.9662576, -6.2632484, -6.7510476, -5.9097066, -5.740069, -6.805697, -6.6191444, -6.220308, -6.18751, -5.627555, -5.799264, -7.37019, -6.9683104, -6.2063932, -5.653317, -5.6759977, -7.540314, -7.540278, -6.9491687, -7.2647653, -6.371227, -6.779813, -5.9109693, -6.0375504, -6.6845884, -5.729489, -6.006776, -6.3388495, -7.1558414, -5.875099, -6.233132, -6.208872, -6.1001964, -6.3877535, -7.3955865, -6.769473, -7.1425095, -5.993184, -6.031149, -6.0700855, -6.2204432, -5.8163834, -5.777218, -5.8186336, -7.08611, -7.16924, -6.014363, -7.237377, -6.870387, -6.7314167, -7.230612, -7.1153226, -6.2614717, -7.104989, -6.9196563, -6.7500563, -5.992559, -7.487458, -6.0775466, -7.363483, -6.0529194, -7.3865485, -5.56969, -6.20908, -5.845324, -5.9544153, -6.861355, -5.867984, -6.774301, -7.0593805, -6.199341, -6.5684357, -7.141254, -6.935056, -5.1986775, -6.69323, -5.7413716, -6.342844, -6.608105, -7.1693196, -7.3715305, -7.1458373, -6.6014028, -5.9847965, -6.823308, -5.3462434, -7.2658734, -7.2341657, -6.8912582, -7.167693, -6.9274592, -6.7236934, -5.29035, -7.0095577, -5.9996986, -7.326089, -6.3075094, -6.254638, -7.2309713, -6.011994, -6.3912606, -5.188401, -5.959845, -5.6681457, -5.9184213, -5.183306, -5.8487754, -5.953952, -5.2231755, -4.75737, -5.1577754, -5.362991, -6.714592, -5.885743, -5.790697, -5.8244843, -6.6468596, -5.4549956, -6.7715983, -5.8535156, -3.7011325, -3.7011325, -3.9350038, -4.039745, -5.250719, -5.0631304, -5.149307, -5.37463, -5.37463, -4.9506464, -4.9506464, -4.9467754, -5.0631304, -5.522687, -5.486758, -5.1878605, -4.0975404, -5.1878605, -5.45475, -5.278439, -5.447011, -6.883152, -6.881759, -5.9775505, -6.3024516, -5.9188495, -5.6980124, -6.1898117, -6.025523, -5.9609857, -6.093037, -6.3768363, -6.299926, -6.2144322, -6.553768, -5.8617916, -6.673076, -7.0167646, -6.3563576, -6.3159323, -5.8690844, -6.732639, -6.3066936, -6.1857443, -5.8429174, -5.4774866, -6.6374426, -5.9733677, -6.827529, -6.1343765, -5.880013, -6.269837, -6.1831346, -5.739429, -6.007511, -6.8347483, -6.312036, -5.909635, -6.9359407, -6.2302537, -5.550383, -6.6127944, -6.2776713, -5.9471073, -6.045158, -6.4282565, -6.392449, -7.0353575, -5.9803443, -6.857106, -6.329148, -6.2904744, -6.0329123, -6.230577, -6.2016673, -5.935242, -6.020761, -7.0565095, -6.4050198, -7.216507, -7.144958, -6.58818, -6.87023, -5.726303, -5.7914886, -6.2844467, -6.242665, -5.775175, -6.1549425, -6.1087565, -6.088059, -5.5836554, -5.7060485, -7.375985, -7.251437, -5.73354, -6.235566, -7.4170504, -7.281046, -7.0740037, -5.6963496, -6.723501, -6.3927603, -6.1131124, -5.7475824, -5.627542, -7.118305, -5.740248, -5.6074266, -5.6556635, -6.237194, -6.179245, -7.227403, -6.3410873, -5.8158655, -5.8254123, -5.8474865, -6.775078, -6.9688125, -5.9963474, -6.009526, -5.456709, -5.865295, -5.865295, -5.1008563, -5.603693, -5.8293257, -7.2621903, -6.6211843, -6.370612, -6.574019, -5.8619885, -5.6460004, -6.356797, -7.1457434, -6.6065435, -6.6704674, -5.939736, -5.9287634, -7.261473, -7.052517, -7.0068917, -7.237579, -7.021886, -7.232325, -6.962722, -6.812053, -6.8557625, -7.015844, -7.133964, -6.0638976, -7.1124763, -7.3098693, -7.108733, -6.062683, -7.1854105, -6.144957, -7.1055136, -6.8442993, -5.8749146, -6.2639256, -6.0454016, -7.286798, -7.2950997, -6.2440696, -6.2315946, -7.188849, -5.873354, -7.056543, -6.3698764, -6.3386626, -6.4889503, -6.483326, -5.9416447, -5.272587, -6.7667894, -6.174394, -6.5450635, -6.315728, -6.7027164, -6.1210437, -7.0423336, -7.0971622, -6.8231535, -6.245946, -6.3270984, -5.82134, -5.8139324, -5.4379983, -5.8010125, -5.28378, -5.6295977, -5.8069425, -5.239907, -5.390048, -6.195599, -5.106789, -5.3036385, -6.3805513, -5.107197, -5.5481777, -5.5481777, -6.0648336, -6.251383, -6.8503437, -5.7534757, -5.72522, -6.218504, -5.4375014, -4.1954985, -5.1200023, -4.1422024, -5.242853, -6.843053, -4.094749, -4.2966537, -4.938752, -5.507902, -4.9643793, -4.9681754, -5.032802, -5.0817485, -6.4683943, -7.0442467, -6.2888994, -6.994975, -6.239309, -6.6021223, -6.292805, -6.148864, -5.8111835, -6.9724474, -6.319172, -5.8204637, -7.1858277, -7.113008, -6.3543754, -5.964664, -5.833262, -6.6678324, -5.865392, -5.896961, -7.1572504, -6.1521797, -6.0389805, -5.8813114, -6.525921, -6.8459907, -6.3961043, -6.7128277, -5.7399664, -5.6688633, -5.702434, -5.8234115, -5.7197547, -5.9715214, -6.309101, -5.7472014, -7.4866443, -6.307914, -5.8332806, -5.977358, -5.8332806, -5.8260026, -6.428613, -5.936619, -6.5075436, -5.828998, -5.6621513, -5.919853, -5.67968, -6.8380914, -5.542108, -6.2141223, -5.6404867, -5.8332486, -6.1359944, -5.281077, -6.423064, -5.623444, -5.899812, -5.5522118, -5.9209967, -6.3753347, -5.707191, -6.938683, -5.995061, -5.8087273, -6.1841803, -5.818582, -6.461265, -7.2446465, -6.491361, -5.598397, -6.1028, -5.528017, -7.1809754, -5.4283338, -6.7209334, -6.1848006, -6.3382926, -5.678608, -5.8627977, -5.8563194, -5.855874, -5.6691575, -6.8291125, -5.9299436, -6.1705346, -6.245577, -6.444445, -6.284983, -5.5483685, -6.72805, -6.5299797, -7.18554, -7.0825853, -6.5001187, -6.3278065, -5.524889, -5.830832, -6.2397237, -6.31, -6.1494884, -6.4867363, -6.4796453, -7.4762945, -5.921228, -7.06713, -7.3212876, -7.3160295, -5.8306746, -7.2608485, -6.365127, -6.172951, -6.9158077, -6.8467684, -6.141315, -5.789828, -6.206829, -7.1061587, -6.9681754, -6.961963, -6.5330796, -6.161154, -5.899047, -7.12649, -7.21256, -6.5178766, -7.082803, -7.307859, -6.241395, -7.3017898, -5.2713737, -6.5306563, -6.773809, -6.875137, -6.1072035, -7.1824574, -6.829796, -6.291561, -5.4005456, -6.9260163, -5.6776686, -5.5603027, -6.2418246, -6.534365, -7.160634, -5.193349, -6.613264, -7.3171935, -7.065005, -6.174447, -6.0564265, -6.899945, -7.0536056, -6.8591847, -7.1221766, -5.8076925, -5.23965, -6.475862, -6.5225067, -6.76544, -5.2262697, -5.631159, -6.0520043, -5.8222485, -5.0517035, -5.4571185, -5.859842, -4.8599157, -4.8803544, -5.7140207, -6.616977, -4.7164416, -5.077461, -6.189875, -6.312512, -6.426631, -6.6366425, -6.154139, -6.6366425, -6.3730493, -7.056419, -6.451276, -6.848979, -6.114806, -7.1023145, -6.9168115, -6.719918, -4.610011, -6.670727, -4.734566, -3.6203907, -5.5491853, -5.0380354, -4.9404836, -4.479584, -5.279661, -5.279661, -5.279661, -5.2444744, -5.2689605, -6.85571, -7.3910966, -6.8464565, -6.640492, -6.2157583, -6.293516, -6.688498, -6.2647967, -6.119015, -6.0784826, -6.806793, -6.3515863, -5.626944, -5.9020405, -6.4056573, -6.3617516, -6.6043534, -6.147061, -5.757304, -5.757304, -6.028886, -6.1721745, -6.58252, -5.6108966, -6.1178474, -5.5198946, -5.729439, -6.102106, -7.430323, -6.0623975, -5.490481, -6.816814, -6.2611227, -6.067957, -5.8443007, -5.9139276, -7.1702294, -5.8001447, -6.124716, -6.877269, -5.42019, -5.9291797, -5.7410007, -6.246077, -5.977286, -6.9825845, -5.986476, -6.04509, -5.806609, -5.8072743, -5.7011266, -6.626345, -7.1720686, -7.399282, -7.281119, -5.7056017, -5.470373, -5.595573, -5.694478, -5.6216307, -5.7693624, -6.0868754, -5.7330594, -5.979223, -7.2123103, -5.7886834, -6.994697, -6.5570154, -7.0460696, -6.3491974, -5.816515, -5.749593, -7.061946, -5.9670157, -5.8335238, -5.8189397, -5.880612, -5.7595997, -6.8850255, -6.219989, -7.097757, -6.88671, -5.5658703, -5.8608704, -5.7700176, -5.668425, -6.464163, -6.011335, -5.779274, -6.495219, -7.4020004, -5.7739897, -5.5076704, -6.015159, -6.19801, -6.264701, -6.0144997, -5.739812, -6.448448, -6.3587894, -5.86156, -6.0508823, -5.588986, -5.9200463, -6.5091386, -6.168823, -6.3061895, -6.2511077, -7.342901, -6.111583, -7.0091243, -6.1194205, -7.1430354, -6.932856, -7.0172286, -6.069425, -5.5856395, -6.7604685, -7.3129354, -7.802311, -6.7669435, -5.6319118, -6.1430764, -7.0802846, -7.461146, -6.188091, -6.251196, -6.1429195, -6.6977396, -6.94799, -7.1809673, -6.3996916, -7.0092893, -5.82579, -5.933943, -7.377773, -7.4225793, -7.077912, -6.0875, -6.8925295, -5.9667463, -5.836683, -5.6024723, -7.043893, -6.810962, -6.8955183, -6.008896, -7.10385, -5.4286013, -6.1593304, -5.9952145, -5.250112, -7.0139823, -7.1608534, -6.6197014, -6.459854, -5.407832, -6.7292185, -5.9593434, -5.588574, -4.852359, -6.2727637, -5.9739, -5.681031, -5.756116, -5.1111536, -4.8093753, -4.8022857, -5.6991167, -4.829093, -4.8524466, -5.2112584, -5.203403, -5.5081544, -5.2906528, -6.207059, -4.9299006, -6.9797945, -6.212001, -6.4821157, -5.9003553, -6.6879506, -6.644607, -6.644607, -5.496762, -5.496762, -4.3522296, -4.504707, -5.044725, -6.7603617, -6.549057, -4.2087975, -4.727873, -5.2305713, -4.8404474, -4.735525, -5.1195154, -5.040884, -4.727873, -4.9331293, -5.288769]","0     -7.22
1     -6.21
2     -7.24
3     -5.92
4     -5.96
       ... 
247   -6.00
248   -3.99
249   -5.24
250   -4.77
251   -4.71
Name: Permeability, Length: 252, dtype: float64","[array([-6.502589 , -6.4387417, -6.4571443, -5.8497944, -6.034786 ,
       -7.0593534, -5.920175 , -6.7008705, -7.2056623, -6.647148 ,
       -6.159812 , -6.3206825, -6.402686 , -6.2786646, -5.89951  ,
       -5.6621413, -6.403599 , -7.0894966, -5.79011  , -6.7025466,
       -6.0260625, -6.4833674, -5.8852615, -6.234034 , -5.9609675,
       -6.345988 , -5.663017 , -6.287575 , -6.2811575, -5.880148 ,
       -7.0282607, -6.954756 , -6.1111298, -6.1823673, -5.997294 ,
       -6.378316 , -5.4016185, -6.090452 , -5.867592 , -5.7910047,
       -6.294273 , -6.0966153, -5.8835597, -6.4552794, -6.366544 ,
       -6.5750294, -6.676497 , -5.5942535, -6.1351085, -5.7172704,
       -6.568766 , -6.949505 , -5.7388597, -5.675009 , -6.248001 ,
       -6.102132 , -7.032851 , -6.779365 , -6.0139236, -6.1541977,
       -5.7217083, -6.574567 , -5.8083186, -5.5827   , -5.711709 ,
       -6.270901 , -7.092322 , -5.4559016, -5.6360154, -6.2759   ,
       -6.050261 , -6.6076674, -5.6775966, -7.2682843, -6.2673836,
       -5.826813 , -5.9057546, -5.994961 , -5.6789937, -6.150519 ,
       -6.035307 , -5.5772867, -5.586774 , -5.938811 , -5.608634 ,
       -5.384279 , -6.9041495, -6.212513 , -7.1252675, -6.928273 ,
       -7.1550045, -7.224032 , -5.5571527, -5.916337 , -6.7496815,
       -7.117311 , -5.5539627, -6.4076405, -5.533234 , -5.778724 ,
       -7.374075 , -7.244402 , -7.0390716, -5.8268204, -5.669995 ,
       -6.274464 , -5.904512 , -7.30486  , -6.198771 , -6.1016517,
       -5.925016 , -6.238716 , -5.7108502, -5.7495694, -5.453162 ,
       -6.234148 , -7.103063 , -5.965211 , -5.965211 , -5.584845 ,
       -5.5160117, -6.138159 , -6.1078124, -6.247369 , -6.354926 ,
       -6.4548044, -6.134809 , -6.1117253, -5.3709426, -6.1117253,
       -7.0656323, -6.8568544, -6.172313 , -5.4035816, -6.414306 ,
       -6.640559 , -6.351676 , -6.1495566, -7.015917 , -7.2670145,
       -6.813219 , -6.637069 , -6.617336 , -7.136412 , -7.2517676,
       -5.600139 , -7.5201344, -6.1237836, -5.7788925, -7.5065374,
       -6.4002795, -7.360014 , -6.912946 , -5.52503  , -6.409742 ,
       -7.032205 , -7.0888314, -6.6475134, -6.1290765, -7.029499 ,
       -7.128496 , -7.131291 , -6.08249  , -5.783177 , -7.173576 ,
       -7.438072 , -6.4417987, -6.4068108, -6.7144933, -7.1626487,
       -7.212484 , -5.534774 , -6.992252 , -6.3509693, -7.1909614,
       -6.4255705, -7.2088866, -6.6217146, -6.4766808, -6.3142595,
       -5.778075 , -6.1722527, -7.211539 , -6.10014  , -5.3837156,
       -5.9790454, -6.930034 , -6.9275994, -6.677258 , -6.0609303,
       -7.295404 , -6.6395183, -5.9409137, -5.245177 , -7.1346183,
       -5.8923163, -5.9767475, -5.422713 , -5.7671213, -7.0626903,
       -6.4893565, -7.177104 , -7.0663605, -5.59085  , -6.6325827,
       -6.0483947, -6.386708 , -6.699928 , -6.186449 , -4.862083 ,
       -5.507696 , -5.908794 , -4.9263115, -6.4116793, -5.449419 ,
       -5.2382565, -5.158111 , -6.734247 , -4.5217643, -5.5754194,
       -5.845926 , -6.1069965, -5.4467974, -6.688812 , -5.9258804,
       -6.2405715, -6.200156 , -6.0871935, -6.818964 , -6.968832 ,
       -6.7477283, -5.8051944, -5.414827 , -5.7195654, -3.9247432,
       -4.9241614, -4.0389256, -4.909233 , -5.827997 , -4.0823817,
       -4.442781 , -4.8733177, -5.5891185, -5.000024 , -4.6166162,
       -4.6907616, -5.0142603, -5.0698223, -4.818491 , -4.9797196,
       -5.013344 , -5.310225 ], dtype=float32), array([-6.4994955, -6.032848 , -6.2695775, -5.9030437, -5.9796042,
       -6.8473377, -6.141564 , -6.9966207, -7.1779294, -7.0438414,
       -6.235144 , -6.212497 , -7.0291533, -6.1456795, -6.421532 ,
       -5.836014 , -6.5801463, -6.5698714, -5.734957 , -6.520607 ,
       -5.9680595, -6.3587646, -5.7922354, -5.496103 , -5.857808 ,
       -6.138561 , -5.804748 , -6.3545213, -6.094349 , -6.1765666,
       -6.571604 , -7.31627  , -5.883848 , -6.411261 , -5.6873655,
       -6.370964 , -5.400389 , -6.473666 , -5.825889 , -5.903073 ,
       -6.469401 , -5.6233325, -5.93672  , -6.335643 , -6.3395004,
       -6.267854 , -6.517088 , -5.8477764, -6.064968 , -5.6867433,
       -6.430062 , -6.512525 , -5.7756495, -5.7342362, -6.2769637,
       -6.113325 , -6.7769494, -6.5109854, -6.3497324, -6.525954 ,
       -5.957098 , -6.1463304, -5.8184314, -5.5874524, -5.680269 ,
       -6.068087 , -6.890406 , -5.6570654, -5.7380605, -6.337778 ,
       -6.120104 , -7.162781 , -5.981068 , -7.2499833, -6.0090146,
       -5.8631454, -5.9336033, -5.9479504, -5.7382426, -6.6322193,
       -6.012556 , -5.4416504, -5.4856944, -5.8533053, -5.5156198,
       -5.294039 , -7.3661175, -6.516538 , -7.141779 , -6.9502583,
       -7.166948 , -7.1237473, -5.658054 , -5.8597884, -6.8256984,
       -6.683767 , -5.637421 , -6.1820927, -5.646973 , -5.752615 ,
       -7.300501 , -7.2547092, -7.1232038, -5.946163 , -5.8862457,
       -6.1775084, -5.5420847, -7.1311913, -6.2001977, -6.125564 ,
       -6.0276623, -6.0375504, -6.042419 , -6.218508 , -5.8402734,
       -6.2675405, -7.1723127, -5.964168 , -5.964168 , -5.432741 ,
       -5.792999 , -6.2802315, -5.942131 , -6.1715884, -6.2794495,
       -6.7679553, -5.955623 , -6.0285254, -5.369394 , -6.0285254,
       -7.422783 , -7.1574206, -5.9417586, -5.4020004, -6.0874662,
       -6.7021365, -6.4136033, -5.9870358, -6.6896453, -6.849683 ,
       -7.0716286, -6.8356233, -6.5528584, -6.9785743, -7.2318993,
       -5.5998936, -7.3732758, -5.975643 , -5.7952595, -7.3547482,
       -6.399686 , -6.860048 , -7.1304164, -5.785483 , -6.55022  ,
       -6.986626 , -7.3158092, -6.549317 , -5.915081 , -7.5258117,
       -7.110695 , -7.1298018, -6.0846252, -5.7390304, -7.30178  ,
       -7.539332 , -6.670985 , -6.781503 , -6.4882355, -7.168142 ,
       -7.39019  , -5.2896743, -7.028684 , -6.0193334, -7.4684696,
       -6.807503 , -7.16726  , -6.514299 , -6.7218432, -6.69804  ,
       -5.824515 , -5.8652   , -7.26824  , -5.876816 , -5.5062065,
       -6.17431  , -7.182609 , -6.804471 , -6.6798406, -5.8507347,
       -7.2276683, -6.7236934, -5.7510457, -5.148911 , -7.1857314,
       -5.6339025, -5.885046 , -5.410708 , -5.8574834, -6.788917 ,
       -6.5086923, -7.082296 , -6.6449904, -5.6916895, -6.482045 ,
       -5.820094 , -5.8865867, -6.699794 , -6.243996 , -5.331957 ,
       -5.8813834, -5.9607387, -4.8997927, -6.41445  , -4.8684916,
       -5.1577754, -5.663415 , -6.6090956, -4.4871407, -5.841266 ,
       -5.5169935, -5.6006517, -5.2706337, -6.714592 , -5.2264667,
       -5.709082 , -6.199386 , -6.7048955, -6.472216 , -6.50704  ,
       -6.6468596, -6.1215134, -5.4549956, -6.400817 , -3.91525  ,
       -5.1660466, -3.7233174, -4.969104 , -5.741711 , -3.920226 ,
       -4.3084817, -4.450606 , -5.5902243, -5.0005603, -5.048353 ,
       -4.9467754, -5.239597 , -5.1878605, -4.551867 , -5.1213408,
       -4.8532324, -5.430374 ], dtype=float32), array([-6.671732 , -6.2861805, -6.515395 , -5.8498335, -5.8547964,
       -6.5848675, -6.1309032, -6.749756 , -6.6933455, -6.62826  ,
       -6.037943 , -5.99949  , -6.2139235, -6.2956405, -5.6649027,
       -5.764463 , -6.4756355, -6.9744678, -5.778456 , -6.515774 ,
       -6.368279 , -6.6546974, -5.7554655, -5.778621 , -5.579346 ,
       -6.085483 , -5.5752106, -5.842023 , -6.161845 , -5.748732 ,
       -6.5894337, -6.9047627, -6.1709485, -6.1007533, -5.8814807,
       -6.5777364, -5.4013233, -5.9230475, -5.861517 , -5.70422  ,
       -6.253724 , -5.664947 , -6.0369215, -6.3434906, -5.8711333,
       -6.684362 , -6.575256 , -5.7708783, -5.761528 , -6.2018147,
       -7.068034 , -6.6174664, -5.724366 , -5.7067633, -6.358568 ,
       -6.1211114, -7.183817 , -6.5309005, -5.849832 , -6.2179084,
       -5.718506 , -6.20435  , -5.8277564, -5.602491 , -5.6786413,
       -5.7254896, -6.812523 , -5.48333  , -5.6297307, -6.6571293,
       -5.8575644, -7.5604815, -5.9130273, -7.2190747, -5.9548626,
       -5.9220695, -5.9059725, -5.814074 , -5.915028 , -6.6464787,
       -5.920433 , -5.6983075, -5.5224547, -6.0092726, -5.584556 ,
       -5.7537785, -7.2586784, -6.0721135, -7.2855706, -6.8551416,
       -7.0431323, -7.228318 , -5.690267 , -5.903851 , -6.2100916,
       -6.744447 , -5.825886 , -6.088506 , -5.488579 , -5.816299 ,
       -7.3865566, -7.0642185, -7.121609 , -6.64935  , -5.993964 ,
       -6.001803 , -5.6280627, -7.347256 , -5.8158655, -6.431384 ,
       -5.972569 , -6.236862 , -6.056261 , -6.2983336, -5.8325768,
       -6.179176 , -7.431937 , -5.865295 , -5.865295 , -5.6110563,
       -5.747061 , -6.279129 , -6.1527267, -6.3248982, -6.1379743,
       -6.09051  , -6.483934 , -6.3199024, -5.37046  , -6.3199024,
       -7.145955 , -7.160133 , -6.0135083, -5.939736 , -6.459873 ,
       -6.944759 , -6.2235265, -5.7362795, -6.8902893, -7.310442 ,
       -7.1834083, -6.701586 , -6.386416 , -7.12277  , -7.093786 ,
       -5.601197 , -7.2288647, -6.0054617, -5.9131684, -7.3415723,
       -7.015844 , -6.7177305, -7.0897317, -5.448663 , -6.141103 ,
       -7.005717 , -6.899892 , -7.0122085, -6.2778387, -7.4657598,
       -6.9248824, -7.2257843, -5.897666 , -5.819865 , -7.2082763,
       -7.2701163, -6.6393547, -6.5184913, -6.5775166, -7.3026147,
       -7.229034 , -5.0403776, -6.893325 , -6.2841053, -7.256477 ,
       -6.59847  , -7.1951365, -6.8001924, -6.7475023, -6.2895203,
       -5.744846 , -5.9155397, -7.095237 , -5.647754 , -6.007432 ,
       -6.5046916, -7.1245522, -6.8649354, -6.6799707, -5.643366 ,
       -7.4818883, -6.6390734, -6.1066146, -5.2176094, -7.3164616,
       -5.8277025, -6.03191  , -5.138869 , -5.7438927, -6.8198414,
       -6.360488 , -7.245016 , -6.534386 , -5.8231606, -6.0757823,
       -5.8193173, -6.4975243, -6.7006526, -5.4103417, -4.973376 ,
       -4.9598813, -6.2446156, -5.670322 , -6.4126596, -5.177009 ,
       -5.2301044, -5.2568145, -6.618102 , -4.6080165, -5.830504 ,
       -6.484543 , -5.9226165, -5.107197 , -6.6889687, -5.0791707,
       -5.737845 , -6.0648336, -6.7377925, -6.6243825, -6.3874297,
       -6.747168 , -5.7326255, -5.4375014, -6.4569745, -4.014922 ,
       -4.9172463, -4.1637034, -5.4154415, -5.6791434, -4.144051 ,
       -4.3739247, -4.4513226, -5.5896425, -4.9994154, -5.0498033,
       -4.689914 , -5.2393937, -4.9681754, -4.071505 , -4.929041 ,
       -4.944198 , -5.185865 ], dtype=float32), array([-6.2608643, -6.569636 , -6.2564607, -5.8497744, -5.933025 ,
       -6.777679 , -6.063435 , -7.1056094, -6.84779  , -6.2502685,
       -6.363702 , -6.333673 , -6.2834234, -6.1136694, -5.6804605,
       -5.797052 , -6.3851986, -7.0260315, -5.762552 , -6.501404 ,
       -6.2133036, -6.4802027, -5.8289127, -6.072959 , -5.8837733,
       -6.268009 , -5.904552 , -6.2541256, -6.190254 , -5.8130517,
       -6.378778 , -6.8118477, -6.1649323, -6.4080358, -5.7562113,
       -6.7662244, -5.6688633, -6.202277 , -5.843875 , -5.8399334,
       -6.3458033, -5.8489413, -5.9422646, -6.4016857, -5.85045  ,
       -6.681993 , -6.338047 , -5.8273177, -5.8073306, -5.6774907,
       -6.5339336, -6.6452465, -5.7492347, -5.733723 , -6.3122597,
       -6.0620785, -6.900562 , -6.117659 , -5.7207403, -6.452748 ,
       -5.943619 , -6.179052 , -5.829055 , -5.5168324, -5.678962 ,
       -6.182511 , -7.093847 , -5.5107102, -5.975526 , -6.4408574,
       -5.797659 , -7.135433 , -5.7718496, -7.250805 , -5.958926 ,
       -5.898596 , -5.8849654, -5.854195 , -5.773151 , -6.5311847,
       -5.942736 , -5.43722  , -5.6356306, -5.984838 , -5.620048 ,
       -5.444389 , -6.955222 , -6.139436 , -7.230231 , -7.0686426,
       -6.9091163, -7.255139 , -5.640405 , -5.8124104, -6.6988635,
       -6.8416905, -5.6750093, -5.95266  , -5.55804  , -5.764877 ,
       -7.396952 , -7.1432858, -7.0695567, -6.04971  , -5.711319 ,
       -6.320544 , -5.89194  , -7.351561 , -6.2003317, -6.617196 ,
       -6.058624 , -6.238911 , -6.0855694, -5.8718534, -5.829505 ,
       -6.7372913, -7.2306023, -5.9666057, -5.9666057, -5.4634714,
       -5.836316 , -6.27968  , -5.8672957, -6.3189483, -5.9006934,
       -6.5656757, -6.190885 , -5.8957987, -5.372006 , -5.8957987,
       -7.2490644, -7.1326427, -5.977818 , -5.402793 , -6.3589   ,
       -7.0191803, -6.13703  , -5.9684834, -6.8192024, -6.873847 ,
       -7.3034534, -6.523876 , -6.362456 , -7.25166  , -7.294086 ,
       -6.172951 , -7.5472126, -6.2952943, -5.9878016, -7.2335653,
       -6.3994875, -6.6936865, -7.1775556, -5.490303 , -6.5980306,
       -7.2981167, -7.145893 , -7.061753 , -6.590463 , -7.600998 ,
       -7.1593103, -7.251615 , -5.6750355, -5.5565586, -7.3845596,
       -6.902229 , -6.9689755, -5.8842936, -6.822558 , -7.364227 ,
       -7.063639 , -5.3444333, -7.0518584, -6.227331 , -7.193647 ,
       -6.6502805, -7.1820207, -6.6138096, -6.8631706, -6.1099052,
       -5.9701004, -5.6516933, -6.961999 , -5.772186 , -6.1230555,
       -5.973887 , -7.079032 , -6.948333 , -6.6799107, -6.000459 ,
       -7.008797 , -6.6389165, -6.1823654, -5.4009943, -7.312011 ,
       -5.6872134, -5.873195 , -5.421141 , -5.807862 , -6.412157 ,
       -6.555727 , -6.6785173, -6.8781586, -5.789927 , -6.0464277,
       -5.820583 , -6.540349 , -6.6999006, -6.179174 , -4.980133 ,
       -5.000096 , -6.377667 , -5.036364 , -6.414746 , -5.118387 ,
       -5.2254815, -5.4823494, -6.7529726, -4.430006 , -6.026468 ,
       -5.589014 , -6.1370873, -5.2714353, -6.6366425, -4.919901 ,
       -5.675405 , -6.20109  , -6.630589 , -6.810958 , -6.5459876,
       -6.9168115, -5.824617 , -5.447968 , -6.87724  , -3.7558753,
       -4.766541 , -3.9564805, -5.1914744, -5.637796 , -4.023837 ,
       -4.6434894, -4.451379 , -5.0380354, -4.9995947, -5.049063 ,
       -4.68985  , -5.239305 , -5.279661 , -4.7756476, -4.94329  ,
       -5.0505347, -5.2245774], dtype=float32), array([-6.7778997, -6.66376  , -6.146248 , -5.8506255, -5.8813686,
       -6.6294208, -5.920271 , -6.840063 , -7.331077 , -6.819395 ,
       -6.2493143, -6.3165803, -6.080078 , -6.0242376, -5.879276 ,
       -6.055537 , -6.330833 , -6.6237636, -5.588469 , -6.3889365,
       -6.0777135, -6.338282 , -5.730286 , -5.899105 , -5.9601793,
       -6.319354 , -6.1037903, -6.4523845, -5.9936094, -5.7825446,
       -6.720847 , -6.4841523, -5.9156175, -6.4087844, -5.859127 ,
       -6.332064 , -5.4008746, -5.990476 , -5.833087 , -5.739108 ,
       -6.076839 , -5.8506026, -5.9932365, -5.8375444, -6.381645 ,
       -6.526337 , -6.5353885, -5.7539835, -5.7528076, -6.0052576,
       -6.6015444, -6.351234 , -5.776275 , -6.0318604, -6.088572 ,
       -6.042213 , -6.9939156, -6.9405665, -5.9143963, -6.499978 ,
       -5.697034 , -6.1699567, -5.6688085, -5.7169423, -5.679053 ,
       -6.1300497, -7.1368566, -5.598835 , -5.7883058, -6.4764776,
       -5.8137174, -7.1951947, -5.775116 , -7.1079445, -6.1135335,
       -5.5817485, -5.548783 , -5.8160276, -6.063343 , -6.4828196,
       -6.1671767, -5.73077  , -5.7021284, -5.9675074, -5.744453 ,
       -5.40003  , -7.0568757, -6.303627 , -7.1281595, -7.0303926,
       -6.9791555, -7.1819277, -5.6861506, -5.761531 , -6.762585 ,
       -6.33591  , -5.8280945, -5.9391813, -5.5725794, -5.7540855,
       -7.160151 , -7.311136 , -6.937168 , -6.050877 , -5.8094115,
       -6.4410505, -5.7068133, -7.2967772, -6.200109 , -6.6330028,
       -5.7274914, -6.2378283, -6.372242 , -6.2442303, -5.932631 ,
       -5.8882804, -7.333282 , -5.965157 , -5.965157 , -5.597679 ,
       -5.544211 , -6.280322 , -6.008863 , -6.8776264, -5.7078147,
       -6.72137  , -6.5664177, -6.324947 , -5.588986 , -6.324947 ,
       -7.2762113, -7.130308 , -5.9008174, -5.401237 , -6.4309855,
       -7.0405765, -6.3888216, -5.9885025, -6.803943 , -6.7293906,
       -7.129305 , -6.704289 , -6.0890517, -7.2613177, -7.173653 ,
       -5.600728 , -7.381036 , -6.0006275, -5.8202434, -7.410619 ,
       -6.399738 , -6.8658133, -7.1390505, -5.6720386, -6.721913 ,
       -7.1086473, -7.064638 , -6.9457703, -6.161782 , -7.6142344,
       -6.942828 , -7.0134487, -6.2330613, -6.3080497, -7.3031907,
       -7.3384943, -6.7819505, -6.552355 , -6.1794696, -7.4455934,
       -7.438345 , -5.2511363, -6.9372544, -6.478535 , -7.427073 ,
       -6.106269 , -7.082976 , -6.7849545, -6.67     , -6.2509885,
       -5.924518 , -5.7106547, -7.0988092, -5.932729 , -5.7870927,
       -5.794313 , -7.092937 , -6.9049625, -5.9952145, -5.8465195,
       -7.0610557, -6.639573 , -6.5262475, -5.215748 , -7.2996564,
       -5.7355103, -6.0595627, -5.5316453, -5.9780674, -6.619982 ,
       -6.3462667, -6.8703985, -6.9239264, -5.388831 , -6.567289 ,
       -5.8203826, -5.9750476, -6.315918 , -5.9703646, -4.7777915,
       -5.086449 , -5.6699004, -4.870568 , -4.8093753, -5.235523 ,
       -5.2171707, -5.2354007, -6.6868143, -5.4472413, -6.2428317,
       -5.178621 , -5.946318 , -5.259438 , -6.676495 , -5.7823296,
       -5.902567 , -6.1991386, -6.325615 , -6.4492674, -6.3467784,
       -6.608309 , -5.6820726, -5.4868417, -6.497672 , -3.7919166,
       -4.7687182, -3.8953044, -5.6582623, -6.740151 , -4.00315  ,
       -5.0009656, -4.4514112, -5.5606284, -4.735525 , -5.049792 ,
       -4.6904764, -5.239366 , -4.923209 , -5.4071813, -5.0061607,
       -5.0286064, -5.068266 ], dtype=float32)]","[-6.542516  -6.398233  -6.328965  -5.8606143 -5.936716  -6.7797318
 -6.0352697 -6.8785844 -7.0511603 -6.677783  -6.2091827 -6.2365847
 -6.401853  -6.1715784 -5.9091363 -5.8230414 -6.4350824 -6.856726
 -5.730909  -6.5258536 -6.130683  -6.4630632 -5.7984324 -5.896165
 -5.8484144 -6.2314787 -5.8102636 -6.238126  -6.144243  -5.8802085
 -6.657785  -6.894358  -6.049295  -6.3022404 -5.836296  -6.4850607
 -5.4546137 -6.1359835 -5.846392  -5.7954674 -6.288008  -5.816888
 -5.9585404 -6.2747283 -6.1618547 -6.5471153 -6.5284553 -5.7588415
 -5.904349  -5.8577147 -6.6404676 -6.6151953 -5.752877  -5.7763186
 -6.256873  -6.088172  -6.977619  -6.575895  -5.9697247 -6.370157
 -5.807593  -6.2548513 -5.790474  -5.6012836 -5.6857266 -6.0754075
 -7.005191  -5.541168  -5.7535276 -6.4376283 -5.927861  -7.132312
 -5.8237314 -7.2192183 -6.060744  -5.818475  -5.835816  -5.885442
 -5.8337517 -6.4886446 -6.0156417 -5.577047  -5.5865364 -5.950747
 -5.6146626 -5.455303  -7.108209  -6.2488456 -7.1822014 -6.9665413
 -7.0506716 -7.202633  -5.6464057 -5.8507833 -6.6493845 -6.744625
 -5.7040744 -6.114016  -5.5598807 -5.77332   -7.3236475 -7.20355
 -7.058122  -6.1045837 -5.814187  -6.243074  -5.7346826 -7.286329
 -6.123055  -6.3817596 -5.9422727 -6.1979737 -6.053468  -6.076499
 -5.7776294 -6.261287  -7.2542396 -5.945287  -5.945287  -5.5379586
 -5.6873198 -6.2515044 -6.015766  -6.388086  -6.076172  -6.520063
 -6.2663336 -6.13618   -5.414357  -6.13618   -7.231929  -7.087472
 -6.001243  -5.5098696 -6.350306  -6.869442  -6.3029313 -5.9659715
 -6.8437996 -7.0060754 -7.100203  -6.6804886 -6.4016237 -7.1501465
 -7.2090387 -5.714982  -7.4101043 -6.080162  -5.8590727 -7.3694086
 -6.5230074 -6.899459  -7.08994   -5.584304  -6.484202  -7.0862627
 -7.103012  -6.8433123 -6.214848  -7.4472604 -7.0532427 -7.1503882
 -5.9945755 -5.8413363 -7.2742767 -7.2976484 -6.7006125 -6.428691
 -6.5564547 -7.2886453 -7.266739  -5.292079  -6.9806747 -6.2720547
 -7.307326  -6.5176187 -7.1672564 -6.6669936 -6.695839  -6.3325424
 -5.848411  -5.863068  -7.1271644 -5.865925  -5.7615004 -6.0852494
 -7.081833  -6.8900604 -6.5424395 -5.880402  -7.214963  -6.6561546
 -6.1014376 -5.245688  -7.249696  -5.7553287 -5.9652925 -5.385015
 -5.8308854 -6.7407174 -6.4521055 -7.010667  -6.809564  -5.656892
 -6.3608255 -5.865754  -6.257243  -6.6232386 -5.998065  -4.9850683
 -5.287101  -6.032343  -5.0806713 -6.0925817 -5.1697664 -5.2137575
 -5.359218  -6.680246  -4.698834  -5.903298  -5.7230196 -5.942734
 -5.2711    -6.681102  -5.3867497 -5.853094  -6.1729207 -6.4972167
 -6.6351576 -6.5512137 -6.7333755 -5.8332047 -5.4484262 -6.3904543
 -3.8805416 -4.9085426 -3.9555461 -5.228703  -5.9253597 -4.034729
 -4.5539284 -4.5356073 -5.4735303 -4.947024  -4.9627256 -4.7415557
 -5.1943846 -5.085746  -4.7249384 -4.9959106 -4.977983  -5.243861 ]","[0.1759971  0.22252488 0.13664219 0.02121714 0.06518427 0.16930948
 0.09768215 0.15174703 0.23986898 0.26084954 0.10763015 0.12624745
 0.3305718  0.1025596  0.27403525 0.12978314 0.08606469 0.21599384
 0.07358302 0.10069124 0.143858   0.11302938 0.05476645 0.25270006
 0.14063841 0.1020954  0.18547785 0.20931    0.09628327 0.15437774
 0.21502237 0.26714882 0.1242879  0.13371342 0.10684297 0.16459782
 0.10712557 0.19339684 0.01601203 0.0708217  0.12810203 0.16790548
 0.05236518 0.2228387  0.24627434 0.15246397 0.11003566 0.08928168
 0.16237219 0.21052802 0.2213998  0.19641174 0.0204386  0.12960595
 0.09188815 0.03067789 0.13567598 0.27950075 0.21250322 0.15347016
 0.11695365 0.16093343 0.06128786 0.06487999 0.01300286 0.18717414
 0.12890618 0.07523427 0.12638573 0.13101643 0.13180442 0.304458
 0.10875585 0.05785076 0.11810192 0.122683   0.14434639 0.07319804
 0.13860917 0.17983207 0.08687809 0.1234656  0.0775208  0.05386223
 0.07433273 0.15704292 0.1771091  0.15439242 0.06447943 0.07568506
 0.09961408 0.04588282 0.04825195 0.05767676 0.22333243 0.2526137
 0.10774039 0.1721066  0.05204563 0.02343649 0.08847703 0.08821098
 0.06839558 0.2845753  0.11739533 0.14743961 0.14339483 0.08060724
 0.15359576 0.23026621 0.11676954 0.08021488 0.20984001 0.22193408
 0.16669674 0.2732149  0.11657548 0.04000373 0.04000373 0.07446773
 0.13172968 0.05667434 0.10463645 0.25103587 0.24055143 0.24200425
 0.22668594 0.16694765 0.08731817 0.16694765 0.12142968 0.11595879
 0.09336796 0.21493459 0.13547602 0.16598774 0.10566912 0.13222677
 0.10746417 0.23631576 0.1626389  0.10148004 0.18377718 0.10299432
 0.06945039 0.22898519 0.1148516  0.11917617 0.07938032 0.08938207
 0.24641861 0.24089986 0.09279387 0.12563302 0.19853622 0.11377213
 0.1342035  0.20567466 0.22139901 0.21566299 0.09887559 0.08422871
 0.19194305 0.25029173 0.07516848 0.21767536 0.17334905 0.2982216
 0.22045515 0.11039622 0.13439019 0.15917125 0.05834617 0.1515752
 0.11777598 0.23910278 0.04434314 0.10940849 0.12652524 0.19595511
 0.08584228 0.18235242 0.10594751 0.15219961 0.2827563  0.2417389
 0.0838508  0.05095828 0.27361414 0.14506446 0.1697487  0.03377017
 0.2590683  0.08387004 0.07506152 0.09357388 0.07533576 0.13074765
 0.08310676 0.21669301 0.08357361 0.20868643 0.19315057 0.15669884
 0.24950705 0.09132119 0.272641   0.15366061 0.30820677 0.18898773
 0.35539827 0.25142172 0.3001128  0.6416044  0.18761039 0.02881152
 0.18652524 0.05860492 0.37862846 0.22230844 0.43630216 0.19088909
 0.10758267 0.0254589  0.39633036 0.20889305 0.05404792 0.2515399
 0.15868947 0.22136064 0.10693144 0.15292959 0.02352608 0.3749881
 0.09445915 0.14583781 0.14686166 0.27936757 0.4124091  0.07543061
 0.250145   0.1688555  0.21803764 0.10575011 0.17305548 0.10261054
 0.0900621  0.1330602  0.432136   0.06832334 0.07180669 0.12145812]"
6,ExtraTreesRegressor,"[-6.43024224299, -7.341599999999996, -6.969078740809998, -6.702285460519997, -6.059299387370001, -6.563995702619999, -6.520399999999998, -5.953449999999999, -6.530657564099998, -6.14375, -6.66285, -5.858897811859999, -5.990382282659997, -5.919154849849999, -6.08455311397, -5.917017982759998, -6.5069887196400025, -5.998249387369996, -6.291252166220002, -6.548230053770001, -6.55143913452, -5.905306962279999, -5.925899999999998, -5.93182509492, -6.649989700039999, -5.99799161457, -6.793810299959997, -5.774370599910001, -6.409400000000001, -6.508999999999998, -5.955118001120002, -6.419387416510005, -5.68, -6.025250000000001, -6.003052166219999, -7.274125233620006, -5.762011846339999, -5.648364173629999, -5.615311846340001, -6.886467804860003, -5.7699999999999925, -5.880649999999999, -6.478000000000001, -6.252013676649998, -5.869199999999999, -5.736700000000001, -6.201150000000002, -6.383549999999998, -7.135249019600003, -6.559045465749997, -6.667961861540005, -5.661983594930004, -6.1358999999999995, -6.1099993873699985, -6.208208187539998, -5.715699999999999, -6.899100000000001, -6.072163594060002, -6.9523102999600015, -5.981769666110001, -5.9192721463, -6.117315127120001, -5.8831000000000016, -6.368266112049998, -5.512933594930001, -5.723510566479998, -5.848100000000001, -5.952349999999999, -5.851199999999999, -5.941349999999999, -7.302100000000004, -7.3308081875400015, -7.303608187540004, -6.83868607315, -7.081680261550007, -5.785224446680003, -6.068297494169998, -6.03841628528, -6.355586073150005, -7.185610299960003, -5.519561846340001, -5.576149999999999, -5.89381056648, -7.004108800169998, -5.896649999999997, -5.891033594930001, -5.769000000000006, -6.048990736190002, -6.001472161430001, -5.82512242168, -5.778900000000002, -5.694749999999999, -5.875294507519999, -5.850000000000011, -5.660704485960001, -5.856800000000001, -7.095359319560003, -5.472554849850002, -5.964800000000001, -6.332501045360001, -6.108239200279999, -5.969550000000005, -6.187579919469998, -6.029179736340001, -6.65249454989, -7.023859319560001, -6.55741514982, -6.528517931660002, -6.207649387369997, -6.164852051760002, -6.404810299959998, -6.7330499999999995, -6.385459319560012, -5.89611401665, -5.917894770300002, -7.186435092750003, -7.102245098000003, -7.249100000000002, -6.014204585480002, -6.512100000000003, -5.958725190270001, -7.193200000000002, -6.9271000000000065, -7.347200000000006, -6.967950000000001, -7.088999999999995, -5.857077653069998, -6.546970599910001, -7.0079999999999965, -7.017999999999997, -7.254099999999995, -7.139999999999989, -7.096798039200004, -6.0556124247600005, -6.53600818754, -7.037399999999998, -7.3765, -6.003659319560001, -6.091, -6.2187945303899985, -6.156993856719995, -5.837396733740002, -6.658000000000004, -6.245658238680004, -6.917224583320001, -6.09388427064, -7.035800000000002, -5.861818438159998, -7.16831811973, -7.103635402660002, -6.385, -6.41530921908, -6.923927338810002, -7.084644100130003, -5.202800000000003, -5.716369307729998, -6.2070000000000025, -6.816134219080002, -6.019907574909999, -6.924399999999999, -6.974807819770003, -7.0616945706, -5.551949999999998, -5.133449999999995, -5.177853846769999, -6.4052233580600015, -6.054949999999995, -5.934418513899996, -5.944117507099999, -5.664449999999999, -5.950799999999997, -5.08408667926, -4.853050000000007, -5.087950000000004, -5.044000000000005, -5.556700000000007, -6.67197059991, -6.355059586079998, -5.739699999999996, -5.861999999999992, -6.276374122300002, -6.035000000000005, -5.440000000000001, -6.456549999999993, -5.9439000000000055, -6.219221165900003, -5.879875000000006, -5.26205958608, -5.415000000000007, -6.211910299960006, -6.425199999999997, -5.916100000000001, -5.097888207069999, -4.979570706939996, -4.99377273297, -4.415000000000007, -4.950042682609999, -4.709999999999992, -4.758284795370002, -4.9680398217100015, -5.153813628033331, -5.011556171379995, -7.483789353929991, -7.145500000000007, -6.6288469071800025, -5.888228174819996, -6.210499999999996, -6.8918, -5.91597608311, -6.08490818754, -5.971839087409995, -5.971839087409995, -5.9252499999999975, -5.938749999999994, -5.829099999999999, -6.411442413680001, -6.1206, -6.9839078197700015, -6.785049999999999, -5.864499999999998, -6.451160299960001, -5.799838719639999, -5.772749999999994, -5.81940675912, -6.345, -5.765843899439997, -6.053799999999999, -6.031089353929999, -6.442487416509998, -6.156397471810002, -6.2421671195499995, -5.7888500000000045, -5.845799999999998, -6.741300000000003, -5.926500000000007, -6.8793, -6.746496539410001, -6.641499999999999, -6.040600200510005, -6.46773741651, -5.818849999999998, -6.815657159049998, -5.791144507519996, -5.715350000000001, -6.0, -5.905799999999999, -6.949977818259996, -6.760296346280001, -6.243051863709999, -5.96000845406, -5.955377358210002, -5.834043648049998, -6.6042354026600005, -6.568099999999998, -6.501208187539999, -6.21568741651, -6.6287, -6.315183240470001, -6.006429868980002, -6.325951953739999, -5.739673370569999, -5.72385, -5.905400000000001, -6.0178499999999975, -6.269739405670001, -6.4061931238600005, -5.929499999999999, -5.7400000000000055, -6.83352944641, -6.627412579910001, -6.226747815139998, -6.232533819199995, -5.630650000000004, -5.762099999999995, -7.072099999999998, -6.979368914740005, -6.584608187539996, -5.732850000000001, -5.644100000000001, -7.22568970004, -7.539999999999995, -7.070685145750004, -7.268249999999996, -6.362688842600001, -6.943949999999997, -5.913693648050001, -5.995099999999995, -6.357600000000003, -5.610800000000001, -6.1920999999999955, -6.156565639539999, -6.829020169339995, -5.936188719639998, -6.584478433260001, -6.457150225869999, -6.100000000000011, -6.419839353929999, -7.146299999999999, -6.76999999999999, -7.198919100129998, -5.921900000000002, -6.470649860970001, -6.0674286484200035, -6.443477439279999, -6.04955, -5.836879723079997, -5.873439892370002, -7.096850000000004, -7.208700000000001, -6.203730419049997, -7.172400000000005, -6.840500473860001, -6.9692259394999985, -7.119400000000001, -7.154427439279996, -6.251534346189998, -7.041691304899998, -7.301559319559995, -6.6835, -6.013095164670002, -7.2770999999999955, -6.744276919900003, -7.212499999999997, -5.940168636640001, -7.325099999999992, -5.90660686103, -6.51335156918, -6.083300000000006, -6.284938719640004, -7.036400000000011, -5.998149999999996, -6.868199999999997, -6.960399999999998, -6.072931837186669, -6.47958638306, -6.929124194850001, -6.821359319559999, -5.27485, -6.6412069829800044, -5.8984059352200005, -6.95382149851, -6.421199999999996, -6.921122421680004, -7.128922421680003, -6.935591521810003, -6.549900000000007, -6.199960441260001, -6.681950000000004, -5.528289700039997, -7.052849999999998, -7.102257207140001, -7.093200000000005, -7.178469100130002, -7.048210299959997, -6.494399999999997, -5.351619619510001, -7.142318119729996, -5.94312276612, -7.286299999999998, -6.194338719640004, -6.103693648050004, -7.163465394679998, -6.343900000000003, -6.797900000000003, -5.254400000000001, -5.819196666666663, -5.635345702619998, -5.730599999999996, -5.221074904439999, -6.130299999999994, -5.949999999999999, -4.769999999999997, -4.67020000000001, -4.827199999999994, -5.6743293384366655, -6.714999999999999, -6.3288999999999955, -5.578249999999997, -5.860585766796669, -6.646666666666656, -5.454999999999997, -6.584233333333332, -5.863766666666667, -3.695450000000003, -3.695450000000003, -3.935000000000002, -4.040000000000005, -5.25, -5.101391613159998, -5.149999999999991, -5.040315381959999, -5.040315381959999, -5.011081732380001, -5.011081732380001, -4.9384587582399995, -5.101391613159998, -5.337287515689996, -5.513710879629997, -5.187999999999992, -4.311882400060002, -5.187999999999992, -5.111725993069997, -5.0992465686, -5.1661298467800005, -7.030799999999995, -6.805348406970001, -6.035949999999998, -6.207299999999996, -6.002149999999996, -5.7327682002, -6.232299999999999, -6.138587416510001, -5.926299999999999, -5.938522835290001, -6.419505158110002, -6.411932665700004, -6.4182705999100005, -5.9075999999999995, -5.810487132509999, -6.172299019599997, -6.9118757731899905, -6.150349999999998, -6.74708985757, -5.8521200893600005, -7.006949999999998, -6.39590291966, -6.262919035499998, -6.02469670165, -5.703033594930002, -6.458199999999996, -6.1202499999999995, -6.915949999999997, -5.916849263750001, -5.937850000000002, -6.4993897000399965, -6.189718438159998, -5.7724118463400025, -5.649599999999998, -6.453671441279999, -6.523245075929999, -5.925550000000004, -6.5450860731499985, -6.161867301559998, -5.550000000000003, -6.958299999999996, -6.124882282660001, -6.0044727661199975, -5.82405, -6.757849999999996, -6.340260102999999, -7.095300000000002, -6.025042582610002, -6.533599999999995, -6.993749999999995, -6.499800000000001, -5.975639403710001, -6.29895165506, -6.432850000000002, -5.938594129000004, -6.7276058107399965, -6.726710299959998, -6.03366665687, -7.182284099519999, -7.238000000000002, -6.728179053970001, -6.532000000000002, -5.797699019599999, -5.718700000000004, -6.325311859559999, -6.185530078079999, -5.947249999999997, -5.99314053756, -6.046150000000001, -6.321549999999999, -5.647150000000002, -5.8009, -7.362310299960002, -7.2886000000000015, -5.874299999999997, -6.0680170173000025, -7.261079400090001, -7.30041029996, -7.066000605739998, -5.770269100130003, -6.801593207929998, -6.13152086317, -6.345700000000002, -5.6438999999999995, -5.7953499999999964, -7.135700000000001, -5.721146662319996, -5.774058258970005, -5.61055, -6.031383273140001, -6.088344993820001, -7.326299999999998, -6.219575773189997, -6.1037, -5.8393, -5.94121976413, -6.619499999999996, -6.989245381259998, -6.072235965520004, -5.94875840177, -5.560300000000007, -6.044362579239999, -6.044362579239999, -5.100000000000009, -5.721110566480003, -5.78585, -7.09505757491, -6.721272066119997, -6.735569619510001, -6.626887602269997, -5.896778549240002, -5.78091056648, -6.401717160990001, -6.709818119729999, -6.347850000000002, -6.605399999999999, -5.969517826710002, -6.100749999999998, -7.056749019599996, -6.715407574910001, -6.85358607315, -6.873708454060001, -7.087456673060005, -7.2172, -6.835735092750001, -6.868349019600001, -7.092283592960004, -6.812499999999999, -6.897199999999998, -6.218173396689997, -7.141735092750004, -7.124810299960002, -6.892263344690001, -6.000031594110003, -7.157818119729995, -6.075243534950002, -7.105136239460002, -6.7302758029, -6.16659145633, -6.396251209129999, -6.036719619510002, -7.286999999999994, -7.327426675039998, -6.229419100129998, -6.578249019599997, -7.190000000000015, -5.8698410034800075, -6.900998039200001, -6.18540154638, -6.14801938504, -6.235994211349997, -6.260699846569999, -6.152646358430008, -5.43437283529, -6.655876946130003, -5.967941003480004, -6.568789700040005, -6.112485138330002, -6.727500000000001, -6.300510428219999, -7.156800000000007, -7.1275, -6.754626675039998, -6.017232833630001, -6.133754492120004, -6.101410428220003, -5.860932282659998, -5.626873329929998, -5.593399999999999, -5.75441029996, -5.200010299959998, -5.849371410329999, -5.774299999999999, -5.118000000000008, -6.592700000000004, -5.129600000000008, -5.314200000000005, -5.978449999999993, -5.100000000000009, -5.545000000000001, -5.545000000000001, -6.210675000000009, -6.154767982760009, -6.850000000000012, -5.8245499999999995, -5.666449999999998, -6.207438719640002, -5.4375, -4.070233333333332, -5.135819245539998, -3.8956333333333317, -4.987135604233334, -6.793600000000013, -4.0950000000000095, -4.348238812966668, -4.939999999999999, -5.5099999999999945, -5.036791898656666, -4.968333333333326, -5.03592059279, -5.240621212670002, -6.755132634220003, -6.881957574909998, -6.304641694039998, -6.940957574910002, -6.141450000000004, -6.51752059991, -6.047999999999998, -6.153200000000002, -5.869593648050003, -6.65067678293, -6.1711, -5.890513540139999, -7.1749, -7.184999999999999, -6.778400000000001, -5.824999999999997, -5.849048497900006, -6.563803288979996, -5.937755198109999, -6.009999999999995, -7.005511566290003, -5.93712940008, -6.050300000000001, -5.999582607449997, -6.436323793499997, -6.480037929449999, -6.508249285020006, -6.344055810739993, -5.7400000000000055, -5.788557791930001, -5.662649999999997, -5.8798, -5.926799999999999, -6.013850000000002, -6.316062028109996, -6.0005, -7.235700000000006, -5.8994000000000035, -5.7706139982899955, -5.939849999999996, -5.7706139982899955, -5.807054849849999, -6.309800000000001, -5.910282192739999, -6.36268985757, -5.9486, -5.902349999999999, -5.803286401689998, -5.78294364805, -6.818600000000004, -5.59586461092, -5.891800000000001, -5.63999999999999, -5.81845, -5.79383228266, -5.279999999999986, -6.266068833440001, -5.656100000000002, -5.883699999999999, -5.735350000000003, -5.874764684409999, -6.026943648049999, -5.808800000000002, -6.796455614109998, -6.049805198109998, -5.790594655309999, -6.0931500000000005, -5.991699999999998, -6.4917, -7.103799999999998, -6.2381959128699975, -5.716950000000001, -5.9075000000000015, -5.701849999999999, -7.054350000000004, -5.608949387369998, -6.720000000000016, -6.592366856229997, -6.4438443934099965, -5.747493648049995, -5.931800000000001, -5.7065790030600025, -5.798522969580002, -5.697207357119998, -6.3611072071399954, -5.9240999999999975, -6.169999999999996, -5.9303829448900025, -6.294056922510001, -6.064188570300002, -5.550000000000003, -7.1287860731500015, -6.582670112049998, -7.0825598993800005, -7.218099999999998, -6.442997995840002, -6.191386911460004, -5.670599999999999, -5.855759586080005, -6.240000000000006, -6.309999999999991, -5.884046907179998, -6.412143648049997, -6.232899999999996, -7.279300000000003, -5.868787865330009, -7.183899999999998, -6.804699999999996, -6.982800000000003, -5.729899999999997, -7.0913649747999985, -6.4683584412699995, -6.235242910210004, -6.662256580810001, -6.980796157579989, -6.3077075749099984, -5.990633639210002, -6.416999999999998, -7.321400000000001, -7.1156490196, -6.916604192879999, -6.5741000000000005, -5.99767903389, -6.099258837689999, -7.066096860529999, -7.183749019600004, -6.837699999999996, -6.9977696195100005, -7.221549019600002, -6.297663627960002, -7.1721, -5.281916158930004, -6.601897248999998, -6.810899999999996, -7.356049019600001, -6.060243035420004, -7.155496373109998, -7.093249999999999, -6.305359319559995, -5.366425231980002, -6.756043957970003, -5.829009219080001, -5.800191003480004, -6.177599019600006, -6.356200000000004, -7.124050000000006, -5.386318639120003, -6.7208839607299975, -7.195849019600006, -7.119600000000006, -6.2109350927500095, -5.524364610919999, -7.0110024334633305, -7.032077594023334, -6.915149999999996, -6.864386383059998, -5.856800000000002, -5.334999999999999, -6.440432251080001, -6.604100000000002, -6.8666, -5.142058986979995, -5.7041999999999975, -5.844353923446664, -5.831899999999997, -5.300894260689998, -5.101799999999996, -6.319700000000011, -4.86000000000001, -4.849299999999996, -5.359699999999997, -6.637499999999993, -4.619641805330005, -5.358199196746669, -6.002599999999994, -6.225999999999998, -6.429999999999994, -6.63999999999999, -6.312749999999997, -6.63999999999999, -6.0246497163933315, -7.022366666666667, -6.542283333333337, -6.850000000000012, -5.5062856493000005, -7.270274854206664, -6.9166666666666625, -6.191649999999999, -4.950482213949997, -6.476083333333336, -4.73500000000001, -3.620000000000003, -5.550000000000003, -5.00023370019, -4.939999999999999, -4.480000000000006, -5.279999999999986, -5.279999999999986, -5.279999999999986, -5.046497207629998, -5.2610483288699985, -6.5791808998700025, -7.673610299959996, -6.804397716470005, -6.442299999999994, -6.150898504790002, -6.6700500000000025, -6.605550083469998, -6.224499999999998, -6.014149999999996, -6.207229691449997, -6.894499999999997, -6.322228174819997, -5.698151469800001, -5.930449387369997, -6.245500000000001, -6.163149999999997, -6.7181092190800005, -6.153392290239998, -6.030642699560001, -6.030642699560001, -5.945499999999998, -5.831547635399999, -6.588594507520001, -5.965332982300003, -6.061999999999996, -5.733550000000003, -5.692400000000004, -5.768842415659996, -6.867600000000001, -5.937350000000001, -5.4900000000000055, -6.657467874870001, -6.267541849480003, -6.138003943719993, -5.8351999999999995, -5.737096701649998, -7.125199999999999, -5.894333242039998, -6.27831463568, -6.679438719640001, -5.420000000000003, -5.782550000000004, -5.807849999999997, -6.298167043646665, -5.82694100348, -7.058409677180002, -6.198490700386665, -5.877560566480001, -5.767649999999995, -5.894349999999999, -5.6999999999999975, -6.485949999999995, -7.193898039199996, -7.177399999999994, -7.2294456819200015, -5.8076000000000025, -5.470000000000014, -5.58009938737, -5.800150000000001, -5.81745, -5.808249999999999, -6.2020179827599975, -5.684049387370001, -5.7826499999999985, -7.263800000000003, -6.019648262289999, -7.24828935393, -6.525996867419998, -7.0621044691199995, -6.115188719640002, -5.870049999999997, -5.8670445075199975, -7.155499999999993, -6.143999999999997, -5.774805494389999, -5.714504849850001, -5.748101183629998, -5.854400000000003, -6.990299999999996, -5.978772621816667, -7.182650000000001, -6.931119593209997, -5.7027, -5.8738, -5.856750000000002, -6.0109268483100005, -6.585200000000002, -5.982271146909998, -5.974849999999999, -6.465200000000001, -7.321650000000004, -5.676559586080001, -5.686149999999997, -6.041, -6.378472310310002, -6.285449387369998, -6.334119100129999, -5.793100000000005, -6.349334270649999, -6.283017139329997, -5.868249999999998, -6.05, -5.820750000000001, -5.919999999999999, -6.626289353930003, -6.190061461760004, -6.3415624247599975, -6.1463, -6.994300000000002, -6.124796431150002, -6.967800000000003, -6.045039561010001, -6.906486073150003, -6.876353085699999, -6.450484515799998, -6.57218871964, -5.785643648050001, -6.5211247927999985, -7.166150000000005, -7.954599999999986, -7.090600000000002, -5.815196040819999, -6.0784124532099995, -7.015800000000005, -7.29291029996, -6.2175015629599955, -6.393399019600002, -6.167200000000006, -6.979150000000001, -6.9692990196, -7.16618820026, -6.4144499999999995, -7.077549999999999, -5.9706186838200015, -5.983700000000003, -7.439199999999992, -7.303749999999997, -7.076999999999998, -6.4622123847699955, -6.866355173279994, -6.049100000000002, -5.827798116319998, -5.503018119730001, -7.064884112350001, -7.1148000000000025, -7.1170490196000005, -6.2948999999999975, -7.050865762450002, -5.420772146300005, -5.955200000000006, -6.334600000000003, -5.388349999999999, -6.895949019600002, -7.171803869450006, -6.434299999999997, -6.0502499999999975, -5.211049999999999, -6.786110299959998, -5.681126078080001, -5.50499039085, -4.824399999999993, -5.915583333333333, -6.013604118899999, -5.9284500724299996, -5.597334973206667, -5.084196662319999, -4.778200000000007, -4.790000000000008, -5.690000000000005, -4.829999999999996, -5.104300000000001, -5.439450000000002, -5.55002999565333, -5.57753871964, -5.463764972386669, -6.202108187540006, -4.920000000000004, -6.644652448229998, -6.530866666666665, -6.615666666666666, -5.970266666666667, -6.228933333333329, -6.644999999999991, -6.644999999999991, -5.496666666666669, -5.496666666666669, -4.362533333333336, -4.386866666666667, -5.024080415613333, -6.759999999999994, -6.748699999999993, -4.249063328986664, -4.929649999999999, -5.230000000000007, -4.83999999999999, -4.74341743875, -5.120000000000004, -5.040000000000009, -4.929649999999999, -4.933333333333336, -5.324876243660002]","0     -7.22
1     -6.21
2     -7.24
3     -5.92
4     -5.96
       ... 
247   -6.00
248   -3.99
249   -5.24
250   -4.77
251   -4.71
Name: Permeability, Length: 252, dtype: float64","[array([-6.51608798, -6.49042617, -6.35972608, -5.85      , -5.87135363,
       -6.85584902, -6.12933783, -6.99065757, -6.83568774, -6.67348757,
       -6.1633    , -6.04738228, -6.09333887, -6.156     , -5.90400819,
       -5.84493607, -6.42892608, -6.79366555, -5.76515   , -6.41854608,
       -6.1043549 , -6.52445698, -5.84685   , -6.13620768, -5.83086798,
       -6.0199    , -5.79185   , -5.98475819, -6.19694469, -5.79409459,
       -6.67700819, -6.6956    , -5.86045   , -6.36786798, -5.83398167,
       -7.0383    , -5.4       , -5.85363228, -5.86195   , -5.70800089,
       -6.34537394, -5.87560992, -5.91172999, -6.1611    , -6.22013166,
       -6.5774    , -6.50551798, -5.73261719, -5.83379689, -5.78945   ,
       -6.74845   , -6.73745   , -5.768     , -5.76485   , -6.352604  ,
       -6.12215   , -6.96241798, -6.38900932, -6.21018959, -6.5386124 ,
       -5.72770718, -6.22445819, -5.75176057, -5.68271244, -5.7157    ,
       -6.3524    , -7.01296627, -5.52744939, -5.69064939, -6.36498563,
       -5.9347    , -6.87675   , -5.8085    , -6.87335581, -5.97165   ,
       -5.81225   , -5.87815   , -5.97183607, -5.89933935, -6.60497427,
       -5.99933373, -5.565     , -5.58785   , -5.88415   , -5.63575   ,
       -5.4684    , -6.84139789, -6.31044819, -6.9875    , -6.9880206 ,
       -6.9271551 , -7.17528224, -5.84038934, -5.91      , -6.43889792,
       -6.78432667, -5.82289451, -6.05325   , -5.58811185, -5.80461461,
       -7.37654902, -7.0758    , -7.01377986, -6.36819922, -5.88363117,
       -6.4055    , -5.8097    , -7.2732    , -6.2       , -6.16647668,
       -6.09752742, -6.24      , -6.08206449, -6.07175782, -5.79837516,
       -6.1576    , -7.0899103 , -5.96      , -5.96      , -5.63165782,
       -5.89190757, -5.96955   , -6.03394477, -6.43093749, -6.11003315,
       -6.47560923, -6.27815079, -6.17398359, -5.37      , -6.17398359,
       -7.1363    , -6.92573608, -6.15106156, -5.4       , -6.4149    ,
       -6.80422954, -6.11850138, -6.18279877, -6.6526    , -6.93983738,
       -7.0949    , -6.95338039, -6.61584317, -7.07065721, -7.1699    ,
       -5.6       , -7.419     , -6.24324562, -5.76353935, -7.4264    ,
       -6.4       , -7.13619804, -6.761     , -5.49217117, -6.27244088,
       -7.2579    , -6.9335    , -6.67095   , -6.32384438, -7.2252    ,
       -7.0709    , -7.1753    , -6.04387242, -5.9271    , -7.1727    ,
       -7.2967    , -6.66623003, -6.32260871, -6.32775   , -7.3664    ,
       -7.3959    , -5.3623    , -6.6910853 , -6.1124    , -7.3651    ,
       -6.1077    , -7.1724103 , -6.5224    , -6.36727242, -6.11431704,
       -5.83849857, -5.94387577, -6.98314706, -6.01561015, -5.65241679,
       -5.7967206 , -7.05790819, -7.0936    , -6.68      , -5.99590276,
       -7.2523897 , -6.64      , -6.09474068, -5.20807215, -7.35110819,
       -5.81796216, -6.07516511, -5.4956    , -5.84422719, -6.98833257,
       -6.6996    , -6.9666    , -7.00985782, -5.52974426, -6.34638521,
       -6.40522336, -6.17191989, -6.7       , -5.73670118, -5.06440959,
       -5.11616549, -6.43053822, -4.9318    , -6.42      , -5.09965   ,
       -5.23      , -5.5579    , -6.724725  , -4.551     , -5.97717803,
       -6.185575  , -6.00336668, -5.44      , -6.69      , -5.67637003,
       -6.1086397 , -6.2       , -6.27362027, -6.67636806, -6.805525  ,
       -6.734125  , -5.70045   , -5.415     , -6.5789206 , -3.86563333,
       -4.9171778 , -4.04951667, -4.99465044, -6.1216    , -4.08923333,
       -4.29825   , -4.95004268, -5.59      , -5.        , -4.7582848 ,
       -4.69      , -4.96803982, -5.07      , -5.18648558, -5.04235   ,
       -5.04434274, -5.14913668]), array([-6.87266751, -6.42005   , -6.48165233, -5.88822817, -5.94043167,
       -6.8582103 , -6.28348638, -6.93675819, -6.9968    , -6.56879423,
       -6.2164967 , -6.1733    , -6.40935537, -6.137     , -6.16701638,
       -5.9353    , -6.45864016, -6.79523118, -5.84856192, -6.46785   ,
       -6.17513774, -6.47827905, -5.79655   , -5.99205   , -5.8059    ,
       -5.95363421, -5.81637705, -5.98965   , -6.18525882, -5.92557991,
       -6.7338    , -6.93073872, -5.91590721, -6.40002608, -5.81362284,
       -6.96359752, -5.4137    , -6.09225   , -5.8646    , -5.78804048,
       -6.36035107, -5.80491812, -5.97319463, -6.06789365, -6.43195668,
       -6.84803909, -6.39223742, -5.7999    , -5.86167284, -5.80602216,
       -6.6658    , -6.7251103 , -5.8516    , -5.7591    , -6.31387662,
       -6.13956962, -6.97965   , -6.31257284, -6.05445819, -6.65542294,
       -6.03431118, -6.24900819, -5.78015   , -5.68420782, -5.68      ,
       -6.04167608, -7.10003043, -5.69175121, -5.7837    , -6.30958742,
       -5.8982    , -7.11065   , -5.90567284, -7.0031    , -5.97885   ,
       -5.82825   , -5.9117    , -5.9106    , -5.97356457, -6.32036213,
       -6.106442  , -5.4999    , -5.69485   , -5.9958    , -5.68775   ,
       -5.5344    , -6.89603371, -6.20916849, -6.9961    , -7.07855757,
       -7.09297409, -6.98243393, -5.70292712, -5.89334567, -6.53138935,
       -6.82378928, -5.81175   , -6.1998    , -5.6899    , -5.74175   ,
       -7.1871397 , -7.1224    , -7.03454003, -6.13424781, -5.8486    ,
       -6.42338742, -5.73535   , -7.0929    , -6.2       , -6.10255258,
       -6.1177525 , -5.9951    , -6.06328501, -6.04100903, -5.79711057,
       -6.1384    , -7.27835932, -5.96      , -5.96      , -5.60782242,
       -5.78595   , -6.28      , -5.92997358, -6.54346488, -6.20604823,
       -6.48838381, -6.3156    , -6.17479461, -5.384     , -6.17479461,
       -7.109     , -7.05422839, -5.97850347, -5.4137    , -6.29692219,
       -6.75858624, -6.37060121, -6.0826    , -6.7055    , -6.95252838,
       -7.04099902, -6.98775102, -6.53290995, -7.07238895, -7.1801    ,
       -5.6117    , -7.3226    , -6.04384429, -5.92405584, -7.2924    ,
       -6.4       , -6.7922    , -6.80375845, -5.56599451, -6.32385426,
       -7.0047    , -7.09155   , -6.54580782, -6.27861285, -7.19275932,
       -7.1011    , -7.18445   , -6.03994902, -5.84      , -7.0992    ,
       -7.2963    , -6.64745721, -6.62075932, -6.4557484 , -7.33075   ,
       -7.4025    , -5.38150959, -6.8507    , -6.27985684, -7.3936    ,
       -6.26995   , -7.1575    , -6.51825   , -6.2793    , -6.62308307,
       -5.90859634, -5.97723935, -6.96766667, -6.05314662, -5.49395663,
       -5.90524691, -7.0759191 , -6.9556    , -6.68      , -5.84531962,
       -7.1972    , -6.4944    , -6.12159596, -5.24420959, -7.16190782,
       -5.79958314, -6.09196962, -5.48615   , -5.93855   , -6.85879804,
       -6.4673    , -7.0621    , -7.0449588 , -5.5681    , -6.13831667,
       -5.82      , -6.04289079, -6.6927    , -5.6657    , -4.89352744,
       -5.07994092, -6.17279754, -4.9632    , -6.42      , -5.073     ,
       -4.8272    , -5.54170309, -6.6896    , -4.5322    , -5.74456975,
       -5.589     , -6.07185   , -5.27      , -6.715     , -5.40486667,
       -5.81545309, -6.2       , -6.6386    , -6.56855   , -6.67433333,
       -6.6399    , -5.8017    , -5.455     , -6.20476093, -3.707     ,
       -4.85860259, -3.70015   , -5.33149712, -6.1993    , -4.24908   ,
       -4.49607426, -4.45      , -5.59      , -5.        , -5.05      ,
       -4.93845876, -5.24      , -5.188     , -4.37554352, -5.00745735,
       -5.0088417 , -5.15364426]), array([-6.81166891, -6.4760467 , -6.38897775, -5.85      , -5.84205   ,
       -6.9283897 , -6.21295922, -6.9366897 , -6.77720659, -6.71565897,
       -6.1801397 , -6.02306798, -5.939797  , -6.16745   , -5.9305956 ,
       -5.83517107, -6.3425887 , -6.90584423, -5.78911754, -6.4418    ,
       -6.23525757, -6.5489673 , -5.79602215, -6.19878681, -5.75254451,
       -5.9757    , -5.74476057, -5.9378    , -6.26474977, -5.87464365,
       -6.7764    , -7.02645517, -5.91455   , -6.39338858, -5.77305   ,
       -7.1666    , -5.4       , -5.92400757, -5.85655   , -5.67478805,
       -6.36404255, -5.79425   , -5.88342299, -6.21970707, -6.03590023,
       -6.86905   , -6.46571798, -5.7671    , -5.7612    , -5.8009    ,
       -6.93175   , -6.82899267, -5.80915   , -5.7306    , -6.33975278,
       -6.11025   , -7.0059    , -6.3333045 , -5.97480922, -6.52258561,
       -5.78848964, -6.2215    , -5.7938    , -5.66117369, -5.68      ,
       -5.99855   , -7.04100058, -5.48849451, -5.8767    , -6.30139117,
       -5.8789    , -7.1809    , -5.81585   , -7.0937    , -5.98513359,
       -5.866691  , -5.9225    , -5.82279902, -5.94076057, -6.50513117,
       -5.93749165, -5.5724    , -5.62106185, -5.80292241, -5.66746057,
       -5.59890118, -6.91315   , -6.41481822, -7.07889804, -7.2040103 ,
       -6.9235348 , -7.17886095, -5.82321419, -5.9073    , -6.4133    ,
       -6.82672115, -5.8306    , -6.17      , -5.66803478, -5.72305   ,
       -7.2744    , -7.1407    , -7.02139949, -6.3574309 , -5.81009365,
       -6.2898    , -5.6191    , -7.2169897 , -6.1037    , -6.23880852,
       -6.12009444, -6.24      , -6.19536814, -6.07762536, -5.77389219,
       -6.20426881, -7.25069608, -6.04436258, -6.04436258, -5.57067113,
       -5.8172    , -6.28      , -6.1332    , -6.44241517, -6.07852455,
       -5.94020607, -6.22535698, -6.21273638, -5.37      , -6.21273638,
       -7.19714902, -7.11156402, -6.13098826, -5.96951783, -6.39255757,
       -6.69035601, -6.30675   , -5.98405   , -6.70453909, -6.98836054,
       -6.95974902, -7.00618211, -6.6006273 , -7.08870629, -7.0026    ,
       -5.6       , -7.06456547, -6.25636654, -5.87849858, -7.3523    ,
       -6.8125    , -6.77314902, -6.73461952, -5.49715118, -6.20548113,
       -7.04054902, -6.9612    , -6.68513607, -6.07888481, -7.3846    ,
       -7.1101    , -7.20069804, -6.05852685, -5.93347242, -7.14464902,
       -7.28342668, -6.65711795, -6.51075529, -6.32667277, -7.4119    ,
       -7.3755    , -5.31716798, -6.8802309 , -6.18183523, -7.3634    ,
       -6.32035   , -7.19425932, -6.492     , -6.38169715, -6.20327243,
       -5.94772264, -5.96633346, -6.9730897 , -5.99530753, -5.52514365,
       -6.4622897 , -7.03359892, -6.914575  , -6.68      , -5.9287264 ,
       -7.2254    , -6.64      , -6.19646981, -5.2561    , -7.34779804,
       -5.90330852, -6.03642198, -5.4053603 , -5.95075121, -7.0137    ,
       -6.65454223, -7.02258607, -6.9615794 , -5.5296    , -6.014575  ,
       -5.82      , -6.04189143, -6.6912    , -5.5672191 , -4.86738872,
       -5.27925283, -6.2335692 , -5.3114    , -6.42      , -5.0774    ,
       -5.23      , -5.55283538, -6.63803257, -4.52405309, -5.74458968,
       -5.73261465, -6.02442974, -5.1       , -6.69      , -5.617025  ,
       -6.17165   , -6.210675  , -6.75935   , -6.559075  , -6.8564    ,
       -6.7475    , -5.909475  , -5.4375    , -6.18435012, -3.85463333,
       -4.80821026, -3.9034    , -5.37116048, -6.2643    , -4.18928333,
       -4.41786667, -4.45      , -5.59      , -5.        , -5.05      ,
       -4.69      , -5.24      , -4.96833333, -4.73409975, -5.0962147 ,
       -4.99828416, -5.14664479]), array([-6.71908708, -6.4627    , -6.2338    , -5.85      , -5.8492897 ,
       -6.8254    , -6.22416588, -6.9412    , -6.86178607, -6.54451578,
       -6.1906    , -6.2609    , -5.99421087, -6.2207    , -5.96524038,
       -5.87306461, -6.3783989 , -6.8897873 , -5.81914939, -6.42607608,
       -6.14423739, -6.3673206 , -5.8520485 , -5.91745027, -5.85645   ,
       -6.0089    , -5.8406303 , -6.1346    , -6.2816718 , -5.814664  ,
       -6.7913    , -6.4961    , -5.82885   , -6.36400581, -5.77105   ,
       -6.9879    , -5.78855779, -5.89764939, -5.8911    , -5.77773491,
       -6.39966867, -5.75133662, -5.96583822, -6.15036714, -6.13451094,
       -6.8049    , -6.4386    , -5.85517216, -5.80925   , -5.81043872,
       -6.85815   , -6.83977781, -5.8667    , -5.7382    , -6.33697647,
       -6.141     , -7.0139    , -6.28260834, -6.09043607, -6.52112842,
       -5.75495196, -6.20230581, -5.82150485, -5.70460581, -5.68      ,
       -6.07884902, -7.02264931, -5.53978359, -5.79455   , -6.27095   ,
       -5.92721798, -7.1927    , -5.85175959, -6.8877    , -6.06533   ,
       -5.81985   , -5.9066    , -5.84434902, -5.92475428, -6.48883835,
       -6.00029483, -5.55035   , -5.65855   , -6.007064  , -5.61495   ,
       -5.54657284, -6.96492207, -6.33771551, -6.88159529, -7.15724902,
       -6.96809397, -7.18985175, -5.72136581, -5.89756185, -6.47765   ,
       -6.77146612, -5.8573    , -6.1539    , -5.67770782, -5.84185   ,
       -7.3517    , -7.0896    , -6.99580314, -6.2726171 , -5.85596461,
       -6.44735   , -5.7481    , -7.37044727, -6.2       , -6.25478847,
       -6.12925645, -6.24      , -6.052191  , -5.93752577, -5.98459342,
       -6.28065   , -7.28873509, -5.96      , -5.96      , -5.5904    ,
       -5.9102    , -6.28      , -6.08620588, -6.3262    , -6.3745438 ,
       -6.46773298, -6.2798346 , -6.20668521, -5.37      , -6.20668521,
       -7.2317    , -7.01989626, -6.12539375, -5.4       , -6.27051918,
       -6.78310941, -6.36161942, -6.10125118, -6.52106425, -6.83236056,
       -7.15063872, -6.73115345, -6.49485017, -7.01405603, -7.16517817,
       -6.23524291, -7.4147897 , -6.34236134, -5.90154365, -7.3282    ,
       -6.4       , -6.8115    , -6.9945    , -5.71655932, -6.2906307 ,
       -7.15214902, -7.0079    , -6.60164472, -6.35117846, -7.3567    ,
       -7.11835   , -7.22561962, -5.88491942, -5.75734486, -7.1714    ,
       -7.3101    , -6.5893052 , -6.38260922, -6.4403    , -7.3522    ,
       -7.2795    , -5.4294    , -6.75897636, -6.1563    , -7.3523    ,
       -6.4707    , -7.0893809 , -6.4035    , -6.37779267, -6.3561    ,
       -5.82808638, -5.76947833, -6.75226159, -5.97007518, -5.61410046,
       -5.95407185, -7.01685   , -7.04018727, -6.6664    , -5.8584    ,
       -7.05376667, -6.64      , -6.02093327, -5.36223872, -7.3207588 ,
       -5.81507284, -6.00225656, -5.4858    , -5.8614    , -6.68212184,
       -6.5256    , -6.7688    , -6.93653912, -5.5972    , -6.10704   ,
       -5.82      , -6.04602683, -6.7       , -5.7179    , -5.24835309,
       -5.06122057, -6.2085    , -4.9689    , -6.42      , -5.0877    ,
       -5.23      , -5.29947027, -6.70337577, -4.4983    , -5.80369749,
       -5.71926333, -6.10937843, -5.27      , -6.64      , -5.49396061,
       -5.84727759, -6.2       , -6.5277    , -6.51298819, -7.07815   ,
       -6.9023    , -5.77082   , -5.448     , -6.14829207, -3.9484    ,
       -4.92023746, -4.2076    , -5.28571438, -5.86416333, -4.22643872,
       -4.50228872, -4.45      , -5.0002337 , -5.        , -5.05      ,
       -4.69      , -5.24      , -5.2765    , -4.77460309, -5.06689666,
       -5.02775   , -5.2312    ]), array([-6.92394322, -6.52741667, -6.36139686, -5.85      , -5.90846185,
       -6.8958    , -6.20639411, -7.1036    , -7.09734902, -6.58504636,
       -6.14675   , -6.18878935, -6.09006855, -6.14795   , -5.9045    ,
       -5.9495    , -6.492124  , -6.89640819, -5.7446    , -6.45140782,
       -6.14874323, -6.4565    , -5.76575   , -6.20765   , -5.84485   ,
       -5.91775   , -5.71882278, -5.9669    , -6.16276684, -5.91679902,
       -6.8468    , -6.79073872, -5.9107    , -6.36649451, -5.79755   ,
       -6.7498    , -5.4       , -6.0655    , -5.89555   , -5.88674762,
       -6.18120325, -5.83134365, -5.97529366, -6.04089939, -6.34953302,
       -6.77264902, -6.50560721, -5.70895   , -5.77081962, -5.774     ,
       -6.7697    , -6.63031638, -5.82605   , -5.78935   , -6.21325268,
       -6.13405782, -6.77305   , -6.38746751, -6.08830932, -6.6164188 ,
       -5.78963738, -6.1998    , -5.72470782, -5.78087483, -5.68      ,
       -6.21857242, -7.04303437, -5.50495   , -5.7345    , -6.34628742,
       -5.96655   , -7.0175    , -5.80984365, -6.9847691 , -5.8818    ,
       -5.61579939, -5.62104939, -5.78735   , -5.94965   , -6.30210479,
       -6.02689482, -5.74399365, -5.70225   , -5.979     , -5.6676    ,
       -5.6549    , -6.9700691 , -6.47023273, -6.97474706, -7.05045757,
       -6.9128649 , -7.19974903, -5.75799629, -5.87259451, -6.55669183,
       -6.8441035 , -5.7892    , -6.1554    , -5.6284    , -5.76055485,
       -7.37092729, -7.1924    , -7.02206769, -6.26249651, -5.8275208 ,
       -6.51191667, -5.70665   , -7.33485   , -6.2       , -6.32120721,
       -6.1012495 , -6.24      , -6.13994182, -5.9733    , -5.93376578,
       -6.10620922, -7.28265932, -5.96      , -5.96      , -5.67245   ,
       -6.01986057, -6.28      , -6.08974405, -6.50386515, -6.22589629,
       -6.54994623, -6.23355   , -6.19930782, -5.82075   , -6.19930782,
       -7.19075   , -6.95376359, -6.13074461, -5.4       , -6.36806812,
       -6.73651488, -6.3292    , -6.10695932, -6.60860684, -6.8801563 ,
       -7.04831741, -7.00027571, -6.55082472, -7.03117957, -7.07616787,
       -5.6       , -7.3042    , -6.20363706, -5.82610589, -7.307     ,
       -6.4       , -6.8614    , -6.8771397 , -5.51894426, -6.2634442 ,
       -7.24608509, -7.0819    , -6.57495   , -6.32325174, -7.35315   ,
       -7.0568    , -7.17741812, -6.22371917, -6.3355    , -7.16805   ,
       -7.314     , -6.7146876 , -6.58659595, -6.372     , -7.4445    ,
       -7.3653    , -5.1685    , -6.67622807, -6.39255   , -7.3072    ,
       -6.27375602, -7.10479343, -6.47735   , -6.43745   , -6.29668935,
       -5.85340121, -6.01038796, -7.04195937, -6.05261484, -5.69345968,
       -5.85775   , -7.0922    , -6.86926471, -6.3263    , -5.82206667,
       -7.1421603 , -6.64      , -6.19461739, -5.2712    , -7.24611812,
       -5.80810606, -6.17531794, -5.49457242, -5.89700922, -6.81386388,
       -6.5946    , -7.01945922, -6.9794    , -5.5086    , -6.07525602,
       -5.82      , -6.08786744, -5.91558333, -6.00021904, -4.9778    ,
       -5.13779426, -5.95233452, -4.8452    , -4.7782    , -5.1212    ,
       -5.23      , -5.78555539, -6.7037    , -5.43386497, -5.90000436,
       -5.6862    , -6.16591667, -5.2739    , -6.6797    , -5.55608283,
       -5.91413116, -6.2       , -6.74970485, -6.63232061, -6.53041667,
       -6.64055   , -5.88815   , -5.49666667, -6.41319902, -3.79515   ,
       -4.8455886 , -4.00376667, -5.32849586, -6.8069    , -4.23378958,
       -4.489     , -4.45      , -5.59      , -4.74341744, -5.05      ,
       -4.69      , -5.24      , -4.9311    , -4.79138054, -5.07123693,
       -4.98664332, -5.14062565])]","[-6.76869094 -6.47532791 -6.36511061 -5.85764563 -5.88231737 -6.8727298
 -6.21126869 -6.98178109 -6.91376589 -6.61750058 -6.17945728 -6.13868792
 -6.10535413 -6.16582    -5.97427211 -5.88759435 -6.42013557 -6.85618729
 -5.79331577 -6.441136   -6.16154617 -6.47510479 -5.81144413 -6.09042895
 -5.8181225  -5.97517684 -5.78248814 -6.00274164 -6.21827838 -5.86515623
 -6.76506164 -6.78792652 -5.88609144 -6.37835659 -5.7978509  -6.9812395
 -5.48045156 -5.96660785 -5.87395    -5.76706239 -6.33012789 -5.81149166
 -5.9418959  -6.12799345 -6.23440651 -6.77440762 -6.46153612 -5.77274787
 -5.80734787 -5.79616218 -6.79477    -6.75232943 -5.8243     -5.75642
 -6.31129251 -6.12940549 -6.9469836  -6.3409925  -6.08364048 -6.57083363
 -5.81901947 -6.21941444 -5.77438465 -5.70271492 -5.68714    -6.1380095
 -7.04393619 -5.55048574 -5.77601988 -6.31864033 -5.9211136  -7.0757
 -5.83832521 -6.96852498 -5.97655272 -5.78856808 -5.84799988 -5.86738682
 -5.93761375 -6.44428214 -6.01409141 -5.58632873 -5.65291237 -5.93378728
 -5.65470211 -5.5606348  -6.91711455 -6.34847663 -6.98376808 -7.09565901
 -6.96492457 -7.14523558 -5.76917855 -5.8961604  -6.48358582 -6.81008134
 -5.8223489  -6.14647    -5.65043089 -5.77436389 -7.3121432  -7.12418
 -7.01751804 -6.27899831 -5.84516205 -6.41559082 -5.72378    -7.25767739
 -6.18074    -6.21676669 -6.11317606 -6.19102    -6.1065701  -6.02024359
 -5.85754742 -6.1774256  -7.23807202 -5.97687252 -5.97687252 -5.61460027
 -5.88502363 -6.21791    -6.05461366 -6.44937654 -6.19900921 -6.38437566
 -6.26649847 -6.19350152 -5.46295    -6.19350152 -7.1729798  -7.01303767
 -6.10333833 -5.51664357 -6.34859341 -6.75455922 -6.2973344  -6.09153186
 -6.63846203 -6.91864863 -7.05892083 -6.93574854 -6.55901106 -7.05539761
 -7.11878921 -5.72938858 -7.30503103 -6.21789097 -5.85874866 -7.34126
 -6.4825     -6.87488941 -6.83420353 -5.55816409 -6.27117024 -7.14027663
 -7.01521    -6.61569772 -6.27115445 -7.30248186 -7.09145    -7.19269716
 -6.05019738 -5.95868346 -7.1511998  -7.30010534 -6.6549596  -6.4846657
 -6.38449423 -7.38115    -7.36374    -5.33177551 -6.77144413 -6.22458841
 -7.35632    -6.2884912  -7.14366879 -6.4827     -6.36870245 -6.31869238
 -5.87526103 -5.93346297 -6.94362488 -6.01735086 -5.59581544 -5.99521581
 -7.05529524 -6.97464539 -6.60654    -5.89008309 -7.17418333 -6.61088
 -6.12567142 -5.26836409 -7.28553819 -5.82880654 -6.07622624 -5.47349654
 -5.89838752 -6.87136327 -6.58832845 -6.96790906 -6.98646703 -5.54664885
 -6.13631458 -5.93704467 -6.07811927 -6.53989667 -5.73754786 -5.01029577
 -5.13487481 -6.1995479  -5.0041     -6.09164    -5.09179    -5.14944
 -5.54749282 -6.69188667 -4.70788361 -5.83400786 -5.78253059 -6.0749883
 -5.27078    -6.68294    -5.54966103 -5.97143031 -6.202135   -6.58979502
 -6.58986037 -6.788965   -6.732875   -5.814119   -5.45043333 -6.30590455
 -3.83416333 -4.86996334 -3.97288667 -5.26230366 -6.25125267 -4.19756499
 -4.44069593 -4.55000854 -5.47204674 -4.94868349 -4.99165696 -4.73969175
 -5.18560796 -5.08678667 -4.77242249 -5.05683113 -5.01317238 -5.16425028]","[0.14354811 0.03509081 0.07929297 0.01529127 0.0371303  0.03568234
 0.0492362  0.06422734 0.11665673 0.06560789 0.02377969 0.08983166
 0.16282307 0.02919189 0.0989391  0.04666301 0.05384734 0.05066973
 0.03715824 0.0176448  0.04324917 0.06303167 0.0330149  0.11591198
 0.03686642 0.03714731 0.04492941 0.06838635 0.04648713 0.05292869
 0.05697169 0.18492488 0.03532284 0.0151802  0.02403185 0.13530282
 0.15414447 0.09476195 0.01609264 0.07332305 0.07656443 0.04114454
 0.03740941 0.06512354 0.142736   0.10404197 0.04294771 0.0514656
 0.03773145 0.0131126  0.09185625 0.07664716 0.03448282 0.02079073
 0.05058612 0.01165299 0.08889    0.04181156 0.07586634 0.05489999
 0.11008041 0.01779332 0.0334967  0.04142664 0.01428    0.13014047
 0.03022668 0.07282521 0.06253136 0.03336497 0.03030954 0.11742733
 0.03720769 0.08089244 0.05824505 0.0883926  0.1144181  0.0658813
 0.02480939 0.11582779 0.0547142  0.08279075 0.04352543 0.07854772
 0.0259257  0.06283869 0.04750342 0.08965989 0.06282733 0.07675283
 0.06671818 0.08185373 0.05438967 0.013273   0.05404073 0.02748358
 0.0223658  0.04944222 0.03736512 0.04325957 0.07241387 0.0411496
 0.01273597 0.08411208 0.02509739 0.07248897 0.06222365 0.0976941
 0.03852    0.07538338 0.01195416 0.09796    0.05372146 0.05554012
 0.08497304 0.06060307 0.07521849 0.03374503 0.03374503 0.03521055
 0.0815817  0.12418    0.06981458 0.07400344 0.10394051 0.22395979
 0.03317473 0.01617653 0.17898215 0.01617653 0.0442421  0.06721033
 0.06302906 0.22649929 0.05563124 0.03936019 0.09228858 0.0637091
 0.06889662 0.05546862 0.06320656 0.10392202 0.04433216 0.02802381
 0.06905038 0.25296775 0.12897204 0.09809335 0.0576487  0.04712178
 0.165      0.13391865 0.09353193 0.08338609 0.03880897 0.10343912
 0.06312272 0.0540684  0.09891152 0.07779689 0.02361135 0.01871913
 0.10736948 0.19912148 0.02793252 0.01092895 0.04016442 0.11512594
 0.05460911 0.04136329 0.04421247 0.08922784 0.08221331 0.10034249
 0.02809252 0.11615627 0.04008802 0.04295962 0.05093636 0.17299029
 0.04564363 0.08475103 0.09929528 0.03240004 0.07542171 0.23926656
 0.02736019 0.08188065 0.14021897 0.06375724 0.07041988 0.05824
 0.06589288 0.0513604  0.07246325 0.03778698 0.05852185 0.03431265
 0.04161321 0.1210107  0.08412811 0.10408176 0.03776387 0.03174811
 0.11272919 0.23408934 0.049954   0.31217779 0.14391449 0.137632
 0.07700163 0.15259368 0.15988849 0.65672    0.01734123 0.16112
 0.15385665 0.02917328 0.36338549 0.09139665 0.20768862 0.05855992
 0.10752876 0.02442078 0.09455396 0.14278678 0.00427    0.17917826
 0.05761537 0.18354146 0.0960089  0.07684144 0.02678466 0.1648618
 0.08018971 0.04311225 0.16800581 0.13653224 0.30927698 0.05762646
 0.07746707 0.20001707 0.23590652 0.10263302 0.11668608 0.0993835
 0.10878407 0.13022028 0.25721351 0.03002459 0.02063154 0.03373796]"
7,LinearRegression,"[-10.0, -10.0, -3.4, -3.4, -10.0, -3.4, -10.0, -3.4, -10.0, -3.4, -3.4, -10.0, -3.4, -3.4, -3.4, -3.4, -3.4, -10.0, -3.4, -3.4, -3.4, -3.4, -10.0, -3.4, -3.4, -10.0, -3.4, -10.0, -10.0, -3.4, -3.4, -10.0, -5.679999999993634, -10.0, -10.0, -3.4, -3.4, -10.0, -3.4, -10.0, -5.769999999997418, -10.0, -10.0, -10.0, -10.0, -3.4, -10.0, -10.0, -3.4, -3.4, -3.4, -3.4, -3.4, -3.4, -10.0, -10.0, -10.0, -10.0, -3.4, -3.4, -10.0, -3.4, -3.4, -10.0, -3.4, -3.4, -10.0, -6.357421269238778, -3.4, -3.4, -3.4, -3.4, -3.4, -3.4, -3.4, -3.4, -3.4, -3.4, -3.4, -3.4, -10.0, -3.4, -10.0, -10.0, -10.0, -3.4, -10.0, -10.0, -3.4, -4.458548321583899, -10.0, -3.4, -3.4, -5.850000000005417, -3.4, -3.4, -10.0, -10.0, -10.0, -10.0, -10.0, -10.0, -3.4, -10.0, -3.4, -10.0, -10.0, -3.4, -3.4, -3.4, -10.0, -3.4, -3.4, -10.0, -3.4, -10.0, -10.0, -3.4, -3.4, -10.0, -3.4, -3.4, -10.0, -3.4, -10.0, -10.0, -10.0, -5.887954818513998, -3.4, -3.4, -3.4, -7.139999999992193, -10.0, -3.4, -10.0, -10.0, -10.0, -3.4, -3.4, -3.4, -3.4, -3.4, -10.0, -10.0, -10.0, -10.0, -10.0, -10.0, -10.0, -10.0, -10.0, -10.0, -10.0, -10.0, -10.0, -10.0, -3.4, -4.391502033096352, -10.0, -3.4, -10.0, -10.0, -10.0, -3.4, -3.4, -3.4, -3.4, -10.0, -10.0, -3.4, -10.0, -10.0, -4.4049982476026, -3.4, -3.4, -3.4, -10.0, -3.4, -3.4, -3.4, -3.4, -6.034999999967188, -5.439999999972618, -10.0, -3.4, -10.0, -3.4, -10.0, -5.414999999992568, -3.4, -10.0, -10.0, -3.4, -10.0, -10.0, -4.415000000005471, -10.0, -4.710000000033568, -10.0, -10.0, -3.4, -10.0, -3.4, -10.0, -10.0, -3.4, -3.4, -10.0, -10.0, -3.4, -3.4, -3.4, -3.4, -10.0, -10.0, -10.0, -3.4, -3.4, -10.0, -10.0, -3.4, -10.0, -3.4, -3.4, -3.4, -10.0, -10.0, -3.4, -3.4, -3.4, -10.0, -10.0, -3.4, -10.0, -3.4, -10.0, -10.0, -3.4, -3.4, -10.0, -10.0, -10.0, -10.0, -3.4, -6.000000076793185, -3.4, -3.4, -10.0, -10.0, -10.0, -10.0, -3.4, -10.0, -3.4, -10.0, -10.0, -3.4, -10.0, -3.4, -3.4, -10.0, -3.4, -10.0, -10.0, -3.4, -3.4, -3.4, -5.740000017779494, -3.4, -3.4, -10.0, -10.0, -10.0, -10.0, -10.0, -3.4, -3.4, -3.4, -10.0, -3.4, -7.54000014648318, -3.4, -10.0, -10.0, -3.4, -10.0, -3.4, -3.4, -10.0, -3.4, -3.4, -3.4, -3.4, -3.4, -3.4, -6.09999994424561, -3.4, -3.4, -6.7700001606017395, -10.0, -10.0, -10.0, -3.4, -10.0, -10.0, -3.4, -3.4, -10.0, -10.0, -3.4, -10.0, -10.0, -3.4, -10.0, -3.4, -10.0, -10.0, -10.0, -3.4, -10.0, -10.0, -3.4, -3.4, -3.4, -3.4, -10.0, -10.0, -3.4, -10.0, -10.0, -3.4, -3.4, -3.4, -10.0, -10.0, -3.4, -10.0, -10.0, -10.0, -10.0, -10.0, -10.0, -10.0, -10.0, -10.0, -3.4, -10.0, -3.4, -10.0, -3.4, -10.0, -10.0, -3.4, -10.0, -3.4, -10.0, -3.4, -10.0, -10.0, -10.0, -10.0, -3.4, -3.4, -10.0, -10.0, -3.4, -10.0, -3.4, -3.4, -3.4, -5.949999869563726, -3.4, -3.4, -3.4, -10.0, -6.7150000155334055, -3.4, -3.4, -10.0, -6.6466666697260735, -5.45499998948344, -3.4, -3.4, -10.0, -10.0, -3.9350000655131225, -4.03999998377094, -5.249999917871719, -10.0, -5.149999915159242, -10.0, -10.0, -10.0, -10.0, -10.0, -10.0, -10.0, -10.0, -5.187999958175169, -3.4, -5.187999958175169, -10.0, -10.0, -10.0, -10.0, -10.0, -10.0, -10.0, -3.4, -3.4, -3.4, -3.4, -3.4, -10.0, -3.4, -10.0, -10.0, -3.4, -10.0, -10.0, -3.4, -3.4, -10.0, -10.0, -3.4, -3.4, -3.4, -10.0, -10.0, -3.4, -3.4, -10.0, -10.0, -10.0, -3.4, -10.0, -10.0, -3.4, -10.0, -10.0, -10.0, -3.4, -10.0, -5.549999535099801, -10.0, -3.4, -10.0, -3.4, -10.0, -10.0, -10.0, -3.4, -3.4, -3.4, -3.4, -3.4, -3.4, -3.4, -3.4, -10.0, -10.0, -3.4, -10.0, -10.0, -10.0, -10.0, -10.0, -10.0, -10.0, -3.4, -3.4, -10.0, -10.0, -10.0, -10.0, -10.0, -10.0, -3.4, -10.0, -10.0, -10.0, -10.0, -10.0, -10.0, -3.4, -3.4, -10.0, -3.4, -3.4, -3.4, -10.0, -3.4, -10.0, -10.0, -3.4, -10.0, -10.0, -10.0, -3.4, -10.0, -3.4, -3.4, -3.4, -3.4, -10.0, -10.0, -10.0, -5.099999700783542, -3.4, -10.0, -10.0, -10.0, -10.0, -3.4, -3.4, -3.4, -3.4, -3.4, -3.4, -3.4, -3.4, -3.4, -10.0, -3.4, -10.0, -10.0, -10.0, -3.4, -3.4, -10.0, -3.4, -10.0, -3.4, -3.4, -3.4, -3.4, -10.0, -3.4, -10.0, -3.4, -10.0, -10.0, -10.0, -10.0, -10.0, -3.4, -10.0, -10.0, -10.0, -7.189999595598806, -10.0, -3.4, -3.4, -10.0, -3.4, -10.0, -10.0, -10.0, -10.0, -10.0, -3.4, -10.0, -10.0, -10.0, -3.4, -10.0, -10.0, -10.0, -3.4, -3.4, -10.0, -3.4, -10.0, -10.0, -10.0, -3.4, -3.4, -10.0, -3.4, -3.4, -3.4, -3.4, -5.100000106454559, -5.544999785882851, -5.544999785882851, -10.0, -10.0, -6.849999994412087, -3.4, -10.0, -10.0, -5.437499987566866, -3.4, -10.0, -10.0, -3.4, -10.0, -4.094999951566592, -3.4, -4.939999460731656, -5.509999822848499, -10.0, -4.968333355174423, -3.4, -3.4, -3.4, -3.4, -3.4, -3.4, -3.4, -10.0, -10.0, -3.4, -10.0, -3.4, -10.0, -6.116343652046912, -3.4, -10.0, -10.0, -3.4, -3.4, -3.4, -10.0, -3.4, -3.4, -3.4, -3.4, -3.4, -10.0, -3.4, -10.0, -10.0, -5.740000000023035, -3.4, -4.032147346955871, -3.4, -10.0, -3.4, -10.0, -10.0, -3.4, -3.4, -3.4, -10.0, -3.4, -10.0, -3.4, -3.4, -3.4, -10.0, -10.0, -10.0, -3.4, -10.0, -10.0, -3.4, -5.63999999997893, -10.0, -3.4, -5.27999999999867, -3.4, -10.0, -3.4, -10.0, -7.160541213161257, -10.0, -3.4, -3.4, -3.4, -3.4, -10.0, -3.4, -3.4, -3.4, -10.0, -10.0, -10.0, -10.0, -10.0, -3.4, -6.72000000000551, -3.4, -10.0, -3.4, -3.4, -3.4, -3.4, -6.0745690258544345, -10.0, -3.4, -6.169999999968856, -3.4, -3.4, -3.4, -5.55000000000138, -10.0, -3.4, -3.4, -10.0, -10.0, -3.4, -10.0, -3.4, -6.239999999996198, -6.309999999988638, -3.4, -10.0, -3.4, -10.0, -3.4, -10.0, -10.0, -3.4, -3.4, -3.4, -10.0, -10.0, -3.4, -3.4, -3.4, -10.0, -10.0, -3.4, -10.0, -10.0, -3.4, -3.4, -3.4, -3.4, -3.4, -9.94746426490531, -10.0, -10.0, -10.0, -10.0, -10.0, -10.0, -3.4, -3.4, -10.0, -3.4, -10.0, -10.0, -10.0, -10.0, -10.0, -10.0, -3.4, -3.4, -10.0, -3.4, -3.4, -3.4, -10.0, -10.0, -3.4, -3.4, -10.0, -10.0, -10.0, -3.4, -3.4, -3.4, -3.4, -10.0, -3.4, -10.0, -3.4, -3.4, -10.0, -10.0, -5.890000775909816, -4.859999999969294, -10.0, -10.0, -10.0, -10.0, -3.4, -5.841238559371111, -3.4, -6.429999999971163, -6.639999999967903, -10.0, -6.639999999967903, -10.0, -3.4, -3.4, -6.849999999989113, -10.0, -10.0, -6.916666666686642, -10.0, -3.4, -3.4, -4.734999999985978, -3.6200000000814088, -5.549999999997458, -10.0, -4.940000000039281, -4.4800000000142335, -5.280000000044258, -5.280000000044258, -5.280000000044258, -3.4, -3.4, -10.0, -10.0, -10.0, -3.4, -10.0, -3.4, -3.4, -10.0, -10.0, -3.4, -3.4, -3.4, -3.4, -3.4, -10.0, -10.0, -3.4, -10.0, -10.0, -10.0, -3.4, -3.4, -3.4, -10.0, -3.4, -10.0, -10.0, -3.4, -3.4, -3.4, -5.490000062315858, -3.4, -3.4, -3.4, -10.0, -10.0, -10.0, -3.4, -10.0, -3.4, -5.420000045641473, -10.0, -10.0, -10.0, -3.4, -10.0, -10.0, -3.4, -10.0, -3.4, -5.7000002396428044, -10.0, -10.0, -10.0, -3.4, -10.0, -5.469999996860906, -10.0, -3.4, -10.0, -10.0, -10.0, -3.4, -3.4, -10.0, -3.4, -3.4, -3.4, -10.0, -3.4, -3.4, -3.4, -3.4, -3.4, -10.0, -10.0, -3.4, -10.0, -3.4, -10.0, -3.4, -10.0, -10.0, -3.4, -3.4, -3.4, -3.4, -10.0, -3.4, -10.0, -3.4, -3.4, -10.0, -10.0, -10.0, -10.0, -10.0, -10.0, -10.0, -10.0, -10.0, -6.049999935841015, -10.0, -5.919999966665728, -3.4, -10.0, -10.0, -10.0, -10.0, -3.4, -10.0, -3.4, -10.0, -3.4, -10.0, -3.4, -10.0, -10.0, -3.4, -3.4, -3.4, -3.4, -3.4, -10.0, -3.4, -3.4, -3.4, -3.4, -10.0, -3.4, -3.4, -3.4, -3.4, -10.0, -3.4, -10.0, -10.0, -10.0, -10.0, -10.0, -3.4, -3.4, -10.0, -10.0, -10.0, -10.0, -10.0, -3.4, -10.0, -10.0, -10.0, -10.0, -10.0, -10.0, -3.4, -3.4, -10.0, -3.4, -3.4, -3.4, -3.4, -10.0, -10.0, -10.0, -10.0, -10.0, -3.4, -5.632187130964894, -5.689999996094457, -4.830000036721913, -10.0, -3.4, -3.4, -10.0, -10.0, -10.0, -4.920000005645534, -10.0, -3.4, -10.0, -10.0, -3.4, -6.645000025785748, -6.645000025785748, -5.496666668648004, -5.496666668648004, -3.4, -3.4, -3.4, -10.0, -3.4, -3.4, -10.0, -5.230000232778593, -4.8400001513793995, -10.0, -5.119999783596768, -5.040000032800208, -10.0, -4.933333316940889, -3.4]","0     -7.22
1     -6.21
2     -7.24
3     -5.92
4     -5.96
       ... 
247   -6.00
248   -3.99
249   -5.24
250   -4.77
251   -4.71
Name: Permeability, Length: 252, dtype: float64","[array([-10.        ,  -3.4       ,  -3.4       ,  -3.4       ,
        -3.4       ,  -3.4       , -10.        ,  -3.4       ,
        -3.4       ,  -3.4       ,  -3.4       ,  -3.4       ,
        -3.4       ,  -3.4       , -10.        , -10.        ,
        -3.4       ,  -3.4       ,  -3.4       , -10.        ,
        -3.4       ,  -3.4       ,  -3.4       ,  -3.4       ,
        -3.4       ,  -3.4       , -10.        ,  -3.4       ,
        -3.4       ,  -3.4       ,  -3.4       ,  -3.4       ,
        -3.4       ,  -3.4       ,  -3.4       ,  -3.4       ,
        -3.4       ,  -3.4       ,  -3.4       , -10.        ,
        -3.4       ,  -3.4       , -10.        ,  -3.4       ,
       -10.        ,  -3.4       ,  -3.4       ,  -3.4       ,
        -3.4       ,  -3.4       ,  -3.4       , -10.        ,
        -3.4       ,  -3.4       ,  -3.4       ,  -3.4       ,
        -3.4       , -10.        , -10.        ,  -3.4       ,
        -9.08114912,  -3.4       ,  -3.4       , -10.        ,
        -3.4       ,  -3.4       , -10.        ,  -3.4       ,
        -3.4       ,  -3.4       ,  -3.4       ,  -3.4       ,
        -3.4       ,  -3.4       ,  -3.4       ,  -3.4       ,
        -3.4       ,  -3.4       ,  -3.4       ,  -3.4       ,
       -10.        ,  -3.4       ,  -3.4       ,  -3.4       ,
        -3.4       ,  -3.4       ,  -3.4       ,  -3.4       ,
        -3.4       ,  -3.4       ,  -3.4       ,  -3.4       ,
        -3.4       ,  -3.4       ,  -3.4       ,  -3.4       ,
        -3.4       ,  -3.4       ,  -3.4       ,  -3.4       ,
        -3.4       ,  -3.4       , -10.        ,  -3.4       ,
        -3.4       ,  -3.4       ,  -3.4       ,  -3.4       ,
        -3.4       ,  -3.4       ,  -3.4       ,  -3.4       ,
        -3.4       ,  -3.4       ,  -3.4       ,  -3.4       ,
        -3.4       ,  -3.4       ,  -3.4       ,  -3.4       ,
        -3.4       ,  -3.4       ,  -3.4       ,  -3.4       ,
        -3.4       ,  -3.4       ,  -3.4       ,  -3.4       ,
        -3.4       ,  -3.4       ,  -3.4       , -10.        ,
        -3.4       ,  -3.4       ,  -3.4       ,  -3.4       ,
        -3.4       ,  -3.4       ,  -3.4       ,  -3.4       ,
        -3.4       , -10.        , -10.        , -10.        ,
        -3.4       ,  -3.4       ,  -3.4       ,  -3.4       ,
        -3.4       ,  -3.4       ,  -3.4       ,  -3.4       ,
        -3.4       ,  -3.4       , -10.        ,  -3.4       ,
        -3.4       ,  -3.4       ,  -3.4       ,  -3.4       ,
        -3.4       ,  -3.4       ,  -3.4       ,  -3.4       ,
        -3.4       ,  -3.4       , -10.        ,  -3.4       ,
        -3.4       ,  -3.4       ,  -3.4       ,  -3.4       ,
        -3.4       ,  -3.4       ,  -3.4       ,  -3.4       ,
        -3.4       ,  -3.4       ,  -3.4       ,  -3.4       ,
        -3.4       ,  -3.4       ,  -3.4       ,  -3.4       ,
        -3.4       ,  -3.4       ,  -3.4       ,  -3.4       ,
        -3.4       ,  -3.4       ,  -3.4       ,  -3.4       ,
        -3.4       ,  -3.4       ,  -3.4       ,  -3.4       ,
        -3.4       ,  -3.4       ,  -3.4       ,  -3.4       ,
        -3.4       ,  -3.4       ,  -3.4       ,  -3.4       ,
        -3.4       ,  -3.4       ,  -3.4       ,  -3.4       ,
        -3.4       ,  -3.4       ,  -3.4       ,  -3.4       ,
        -3.4       ,  -3.4       ,  -3.4       ,  -3.4       ,
       -10.        ,  -3.4       ,  -3.4       , -10.        ,
        -3.4       , -10.        ,  -3.4       ,  -3.4       ,
        -3.4       ,  -3.4       ,  -3.4       ,  -3.4       ,
        -3.4       ,  -3.4       ,  -3.4       , -10.        ,
        -3.4       ,  -3.4       ,  -3.4       ,  -3.4       ,
       -10.        , -10.        , -10.        ,  -3.4       ,
       -10.        ,  -3.4       ,  -3.4       ,  -3.4       ,
       -10.        ,  -3.4       , -10.        ,  -3.4       ,
        -3.4       ,  -3.4       , -10.        , -10.        ]), array([-10. ,  -3.4, -10. ,  -3.4,  -3.4, -10. ,  -3.4, -10. ,  -3.4,
        -3.4,  -3.4,  -3.4,  -3.4,  -3.4,  -3.4, -10. ,  -3.4,  -3.4,
        -3.4, -10. ,  -3.4,  -3.4, -10. ,  -3.4,  -3.4,  -3.4,  -3.4,
        -3.4, -10. ,  -3.4,  -3.4,  -3.4,  -3.4,  -3.4,  -3.4, -10. ,
        -3.4, -10. ,  -3.4, -10. ,  -3.4,  -3.4, -10. , -10. , -10. ,
       -10. ,  -3.4, -10. , -10. ,  -3.4,  -3.4, -10. , -10. ,  -3.4,
        -3.4, -10. , -10. ,  -3.4,  -3.4, -10. ,  -3.4,  -3.4, -10. ,
       -10. ,  -3.4,  -3.4,  -3.4, -10. ,  -3.4,  -3.4,  -3.4,  -3.4,
        -3.4,  -3.4, -10. , -10. ,  -3.4,  -3.4,  -3.4,  -3.4,  -3.4,
        -3.4,  -3.4,  -3.4,  -3.4, -10. ,  -3.4,  -3.4,  -3.4,  -3.4,
        -3.4,  -3.4,  -3.4,  -3.4, -10. ,  -3.4,  -3.4, -10. ,  -3.4,
        -3.4, -10. ,  -3.4,  -3.4,  -3.4,  -3.4,  -3.4,  -3.4,  -3.4,
        -3.4,  -3.4,  -3.4,  -3.4,  -3.4, -10. ,  -3.4,  -3.4,  -3.4,
        -3.4,  -3.4, -10. ,  -3.4,  -3.4, -10. ,  -3.4, -10. ,  -3.4,
        -3.4,  -3.4,  -3.4,  -3.4,  -3.4,  -3.4, -10. ,  -3.4,  -3.4,
       -10. ,  -3.4,  -3.4,  -3.4,  -3.4,  -3.4, -10. , -10. , -10. ,
        -3.4,  -3.4,  -3.4,  -3.4,  -3.4,  -3.4,  -3.4,  -3.4,  -3.4,
        -3.4,  -3.4,  -3.4,  -3.4, -10. ,  -3.4,  -3.4,  -3.4,  -3.4,
        -3.4,  -3.4,  -3.4,  -3.4,  -3.4,  -3.4,  -3.4,  -3.4,  -3.4,
        -3.4, -10. ,  -3.4,  -3.4, -10. ,  -3.4,  -3.4, -10. , -10. ,
        -3.4, -10. , -10. , -10. , -10. ,  -3.4,  -3.4,  -3.4,  -3.4,
        -3.4, -10. ,  -3.4,  -3.4,  -3.4,  -3.4, -10. , -10. ,  -3.4,
       -10. , -10. ,  -3.4, -10. ,  -3.4,  -3.4, -10. ,  -3.4,  -3.4,
        -3.4,  -3.4, -10. , -10. ,  -3.4,  -3.4,  -3.4,  -3.4,  -3.4,
        -3.4,  -3.4,  -3.4, -10. ,  -3.4, -10. ,  -3.4,  -3.4,  -3.4,
       -10. ,  -3.4, -10. , -10. ,  -3.4,  -3.4,  -3.4,  -3.4, -10. ,
       -10. , -10. ,  -3.4, -10. ,  -3.4,  -3.4,  -3.4,  -3.4,  -3.4,
        -3.4,  -3.4, -10. ,  -3.4,  -3.4,  -3.4, -10. , -10. ,  -3.4]), array([ -3.4,  -3.4,  -3.4,  -3.4,  -3.4,  -3.4, -10. ,  -3.4,  -3.4,
        -3.4,  -3.4,  -3.4,  -3.4,  -3.4,  -3.4,  -3.4,  -3.4,  -3.4,
        -3.4,  -3.4,  -3.4,  -3.4,  -3.4,  -3.4,  -3.4,  -3.4,  -3.4,
        -3.4, -10. ,  -3.4,  -3.4,  -3.4,  -3.4,  -3.4,  -3.4,  -3.4,
        -3.4,  -3.4,  -3.4,  -3.4, -10. ,  -3.4,  -3.4,  -3.4, -10. ,
        -3.4,  -3.4,  -3.4,  -3.4,  -3.4,  -3.4,  -3.4,  -3.4,  -3.4,
       -10. ,  -3.4,  -3.4,  -3.4,  -3.4,  -3.4,  -3.4,  -3.4,  -3.4,
        -3.4,  -3.4, -10. ,  -3.4,  -3.4,  -3.4,  -3.4,  -3.4,  -3.4,
        -3.4,  -3.4,  -3.4,  -3.4,  -3.4,  -3.4,  -3.4,  -3.4,  -3.4,
        -3.4,  -3.4,  -3.4,  -3.4,  -3.4,  -3.4, -10. ,  -3.4,  -3.4,
        -3.4,  -3.4,  -3.4,  -3.4,  -3.4,  -3.4,  -3.4,  -3.4,  -3.4,
        -3.4,  -3.4,  -3.4,  -3.4,  -3.4,  -3.4,  -3.4,  -3.4,  -3.4,
        -3.4,  -3.4,  -3.4,  -3.4,  -3.4,  -3.4,  -3.4,  -3.4,  -3.4,
        -3.4,  -3.4,  -3.4,  -3.4,  -3.4, -10. ,  -3.4, -10. ,  -3.4,
        -3.4,  -3.4,  -3.4,  -3.4,  -3.4,  -3.4,  -3.4,  -3.4,  -3.4,
       -10. ,  -3.4,  -3.4,  -3.4,  -3.4,  -3.4,  -3.4,  -3.4,  -3.4,
        -3.4,  -3.4,  -3.4,  -3.4,  -3.4,  -3.4,  -3.4,  -3.4,  -3.4,
        -3.4,  -3.4,  -3.4,  -3.4,  -3.4,  -3.4,  -3.4,  -3.4,  -3.4,
        -3.4,  -3.4,  -3.4,  -3.4,  -3.4,  -3.4,  -3.4,  -3.4,  -3.4,
        -3.4,  -3.4,  -3.4,  -3.4,  -3.4,  -3.4,  -3.4,  -3.4, -10. ,
        -3.4,  -3.4,  -3.4,  -3.4,  -3.4,  -3.4,  -3.4,  -3.4,  -3.4,
        -3.4,  -3.4,  -3.4,  -3.4,  -3.4,  -3.4,  -3.4,  -3.4,  -3.4,
        -3.4,  -3.4,  -3.4,  -3.4,  -3.4,  -3.4,  -3.4,  -3.4,  -3.4,
        -3.4,  -3.4,  -3.4,  -3.4, -10. ,  -3.4,  -3.4,  -3.4,  -3.4,
        -3.4,  -3.4,  -3.4,  -3.4,  -3.4,  -3.4,  -3.4,  -3.4,  -3.4,
        -3.4, -10. ,  -3.4, -10. ,  -3.4,  -3.4, -10. ,  -3.4,  -3.4,
        -3.4, -10. , -10. ,  -3.4,  -3.4,  -3.4,  -3.4,  -3.4,  -3.4,
        -3.4,  -3.4,  -3.4,  -3.4,  -3.4,  -3.4,  -3.4,  -3.4,  -3.4]), array([ -3.4       , -10.        ,  -3.4       , -10.        ,
       -10.        , -10.        , -10.        , -10.        ,
       -10.        , -10.        , -10.        , -10.        ,
       -10.        , -10.        , -10.        , -10.        ,
       -10.        , -10.        , -10.        , -10.        ,
        -3.4       , -10.        , -10.        , -10.        ,
       -10.        , -10.        , -10.        , -10.        ,
       -10.        , -10.        , -10.        , -10.        ,
        -3.4       , -10.        , -10.        , -10.        ,
       -10.        , -10.        , -10.        , -10.        ,
       -10.        , -10.        , -10.        , -10.        ,
       -10.        ,  -3.4       ,  -3.4       , -10.        ,
       -10.        ,  -3.4       , -10.        ,  -3.4       ,
       -10.        , -10.        , -10.        , -10.        ,
        -3.4       ,  -3.4       , -10.        , -10.        ,
       -10.        ,  -3.4       , -10.        , -10.        ,
       -10.        ,  -3.4       ,  -3.4       , -10.        ,
       -10.        , -10.        ,  -3.4       , -10.        ,
       -10.        , -10.        , -10.        ,  -3.4       ,
       -10.        , -10.        , -10.        , -10.        ,
        -5.23743403, -10.        , -10.        ,  -3.4       ,
        -3.4       , -10.        , -10.        , -10.        ,
       -10.        , -10.        , -10.        , -10.        ,
       -10.        , -10.        , -10.        , -10.        ,
        -3.4       , -10.        , -10.        , -10.        ,
       -10.        , -10.        , -10.        , -10.        ,
        -3.4       , -10.        , -10.        , -10.        ,
       -10.        , -10.        , -10.        , -10.        ,
       -10.        , -10.        ,  -3.4       , -10.        ,
        -3.4       , -10.        , -10.        , -10.        ,
       -10.        , -10.        ,  -3.4       , -10.        ,
        -3.4       , -10.        , -10.        , -10.        ,
       -10.        , -10.        , -10.        ,  -3.4       ,
        -3.4       , -10.        , -10.        , -10.        ,
       -10.        ,  -3.4       , -10.        ,  -3.4       ,
       -10.        ,  -3.4       , -10.        ,  -3.4       ,
       -10.        , -10.        , -10.        ,  -3.4       ,
       -10.        , -10.        , -10.        , -10.        ,
       -10.        , -10.        ,  -3.4       , -10.        ,
       -10.        , -10.        ,  -3.4       , -10.        ,
       -10.        , -10.        , -10.        , -10.        ,
        -3.4       , -10.        , -10.        , -10.        ,
       -10.        , -10.        , -10.        , -10.        ,
       -10.        , -10.        , -10.        , -10.        ,
       -10.        , -10.        , -10.        , -10.        ,
       -10.        , -10.        ,  -3.4       , -10.        ,
       -10.        , -10.        , -10.        , -10.        ,
       -10.        ,  -3.4       ,  -3.4       , -10.        ,
        -3.4       , -10.        , -10.        , -10.        ,
       -10.        ,  -3.4       , -10.        , -10.        ,
        -3.62332242, -10.        , -10.        , -10.        ,
        -3.4       , -10.        ,  -3.4       , -10.        ,
       -10.        , -10.        ,  -3.4       ,  -3.4       ,
       -10.        , -10.        , -10.        , -10.        ,
       -10.        , -10.        ,  -3.4       , -10.        ,
        -3.4       , -10.        , -10.        , -10.        ,
        -3.4       ,  -3.4       , -10.        ,  -3.4       ,
       -10.        , -10.        , -10.        , -10.        ,
       -10.        ,  -3.4       , -10.        , -10.        ,
       -10.        , -10.        ,  -3.4       ,  -3.4       ,
       -10.        , -10.        , -10.        , -10.        ,
       -10.        , -10.        , -10.        , -10.        ,
        -3.4       , -10.        ,  -3.4       ,  -3.4       ]), array([ -3.4,  -3.4,  -3.4,  -3.4,  -3.4,  -3.4,  -3.4,  -3.4,  -3.4,
        -3.4,  -3.4,  -3.4,  -3.4,  -3.4, -10. ,  -3.4,  -3.4, -10. ,
        -3.4, -10. ,  -3.4,  -3.4,  -3.4,  -3.4,  -3.4,  -3.4,  -3.4,
        -3.4,  -3.4,  -3.4,  -3.4,  -3.4,  -3.4,  -3.4,  -3.4,  -3.4,
        -3.4,  -3.4,  -3.4,  -3.4, -10. ,  -3.4, -10. ,  -3.4, -10. ,
        -3.4,  -3.4,  -3.4,  -3.4,  -3.4,  -3.4,  -3.4,  -3.4,  -3.4,
       -10. ,  -3.4,  -3.4,  -3.4, -10. ,  -3.4,  -3.4,  -3.4,  -3.4,
        -3.4,  -3.4, -10. , -10. ,  -3.4,  -3.4,  -3.4,  -3.4,  -3.4,
        -3.4,  -3.4, -10. ,  -3.4,  -3.4,  -3.4,  -3.4,  -3.4,  -3.4,
        -3.4,  -3.4,  -3.4,  -3.4,  -3.4,  -3.4,  -3.4,  -3.4,  -3.4,
        -3.4,  -3.4,  -3.4,  -3.4,  -3.4,  -3.4,  -3.4,  -3.4,  -3.4,
        -3.4,  -3.4,  -3.4,  -3.4,  -3.4,  -3.4,  -3.4,  -3.4,  -3.4,
        -3.4,  -3.4, -10. ,  -3.4,  -3.4,  -3.4,  -3.4,  -3.4,  -3.4,
        -3.4,  -3.4,  -3.4,  -3.4,  -3.4,  -3.4,  -3.4,  -3.4,  -3.4,
        -3.4,  -3.4,  -3.4,  -3.4,  -3.4, -10. ,  -3.4,  -3.4,  -3.4,
        -3.4,  -3.4,  -3.4,  -3.4,  -3.4,  -3.4, -10. ,  -3.4,  -3.4,
        -3.4,  -3.4,  -3.4,  -3.4,  -3.4,  -3.4,  -3.4,  -3.4,  -3.4,
        -3.4,  -3.4,  -3.4,  -3.4,  -3.4,  -3.4,  -3.4,  -3.4,  -3.4,
        -3.4,  -3.4,  -3.4,  -3.4,  -3.4,  -3.4,  -3.4,  -3.4,  -3.4,
       -10. ,  -3.4,  -3.4,  -3.4,  -3.4,  -3.4,  -3.4,  -3.4,  -3.4,
        -3.4,  -3.4,  -3.4,  -3.4,  -3.4,  -3.4,  -3.4,  -3.4,  -3.4,
        -3.4,  -3.4,  -3.4, -10. ,  -3.4,  -3.4,  -3.4,  -3.4,  -3.4,
        -3.4,  -3.4,  -3.4,  -3.4, -10. ,  -3.4, -10. ,  -3.4, -10. ,
       -10. , -10. , -10. ,  -3.4, -10. ,  -3.4,  -3.4,  -3.4,  -3.4,
        -3.4,  -3.4,  -3.4,  -3.4, -10. ,  -3.4,  -3.4,  -3.4,  -3.4,
        -3.4,  -3.4, -10. , -10. ,  -3.4,  -3.4, -10. ,  -3.4,  -3.4,
        -3.4, -10. , -10. , -10. ,  -3.4, -10. ,  -3.4,  -3.4,  -3.4,
        -3.4,  -3.4,  -3.4,  -3.4,  -3.4,  -3.4,  -3.4,  -3.4,  -3.4])]","[ -6.04        -4.72        -4.72        -4.72        -4.72
  -6.04        -7.36        -6.04        -4.72        -4.72
  -4.72        -4.72        -4.72        -4.72        -7.36
  -7.36        -4.72        -6.04        -4.72        -8.68
  -3.4         -4.72        -6.04        -4.72        -4.72
  -4.72        -6.04        -4.72        -7.36        -4.72
  -4.72        -4.72        -3.4         -4.72        -4.72
  -6.04        -4.72        -6.04        -4.72        -7.36
  -7.36        -4.72        -8.68        -6.04       -10.
  -4.72        -3.4         -6.04        -6.04        -3.4
  -4.72        -6.04        -6.04        -4.72        -7.36
  -6.04        -4.72        -4.72        -7.36        -6.04
  -5.85622982  -3.4         -6.04        -7.36        -4.72
  -6.04        -6.04        -6.04        -4.72        -4.72
  -3.4         -4.72        -4.72        -4.72        -7.36
  -4.72        -4.72        -4.72        -4.72        -4.72
  -5.08748681  -4.72        -4.72        -3.4         -3.4
  -6.04        -4.72        -6.04        -4.72        -4.72
  -4.72        -4.72        -4.72        -4.72        -6.04
  -4.72        -3.4         -6.04        -4.72        -4.72
  -6.04        -4.72        -6.04        -4.72        -3.4
  -4.72        -4.72        -4.72        -4.72        -4.72
  -6.04        -4.72        -4.72        -6.04        -3.4
  -4.72        -3.4         -4.72        -4.72        -6.04
  -4.72        -4.72        -6.04        -4.72        -6.04
  -4.72        -4.72        -4.72        -4.72        -4.72
  -4.72        -6.04        -4.72        -4.72        -4.72
  -7.36        -4.72        -3.4         -4.72        -3.4
  -4.72        -7.36        -7.36        -6.04        -4.72
  -4.72        -4.72        -3.4         -4.72        -4.72
  -4.72        -4.72        -4.72        -4.72        -4.72
  -4.72        -4.72        -6.04        -3.4         -4.72
  -4.72        -4.72        -4.72        -4.72        -3.4
  -4.72        -6.04        -4.72        -4.72        -4.72
  -4.72        -6.04        -6.04        -4.72        -4.72
  -6.04        -4.72        -4.72        -6.04        -7.36
  -4.72        -6.04        -4.72        -6.04        -6.04
  -4.72        -4.72        -4.72        -4.72        -3.4
  -4.72        -4.72        -4.72        -4.72        -4.72
  -6.04        -6.04        -3.4         -6.04        -6.04
  -3.44466448  -6.04        -6.04        -4.72        -6.04
  -4.72        -4.72        -6.04        -6.04        -7.36
  -4.72        -6.04        -4.72        -4.72        -4.72
  -4.72        -6.04        -4.72        -3.4         -7.36
  -4.72        -7.36        -4.72        -4.72        -3.4
  -4.72        -6.04        -6.04        -8.68        -4.72
  -4.72        -8.68        -4.72        -4.72        -6.04
  -8.68        -8.68        -8.68        -4.72        -4.72
  -6.04        -4.72        -4.72        -4.72        -6.04
  -6.04        -6.04        -4.72        -3.4         -6.04
  -6.04        -4.72      ]","[3.23332646 2.64       2.64       2.64       2.64       3.23332646
 3.23332646 3.23332646 2.64       2.64       2.64       2.64
 2.64       2.64       3.23332646 3.23332646 2.64       3.23332646
 2.64       2.64       0.         2.64       3.23332646 2.64
 2.64       2.64       3.23332646 2.64       3.23332646 2.64
 2.64       2.64       0.         2.64       2.64       3.23332646
 2.64       3.23332646 2.64       3.23332646 3.23332646 2.64
 2.64       3.23332646 0.         2.64       0.         3.23332646
 3.23332646 0.         2.64       3.23332646 3.23332646 2.64
 3.23332646 3.23332646 2.64       2.64       3.23332646 3.23332646
 3.02225514 0.         3.23332646 3.23332646 2.64       3.23332646
 3.23332646 3.23332646 2.64       2.64       0.         2.64
 2.64       2.64       3.23332646 2.64       2.64       2.64
 2.64       2.64       2.55726828 2.64       2.64       0.
 0.         3.23332646 2.64       3.23332646 2.64       2.64
 2.64       2.64       2.64       2.64       3.23332646 2.64
 0.         3.23332646 2.64       2.64       3.23332646 2.64
 3.23332646 2.64       0.         2.64       2.64       2.64
 2.64       2.64       3.23332646 2.64       2.64       3.23332646
 0.         2.64       0.         2.64       2.64       3.23332646
 2.64       2.64       3.23332646 2.64       3.23332646 2.64
 2.64       2.64       2.64       2.64       2.64       3.23332646
 2.64       2.64       2.64       3.23332646 2.64       0.
 2.64       0.         2.64       3.23332646 3.23332646 3.23332646
 2.64       2.64       2.64       0.         2.64       2.64
 2.64       2.64       2.64       2.64       2.64       2.64
 2.64       3.23332646 0.         2.64       2.64       2.64
 2.64       2.64       0.         2.64       3.23332646 2.64
 2.64       2.64       2.64       3.23332646 3.23332646 2.64
 2.64       3.23332646 2.64       2.64       3.23332646 3.23332646
 2.64       3.23332646 2.64       3.23332646 3.23332646 2.64
 2.64       2.64       2.64       0.         2.64       2.64
 2.64       2.64       2.64       3.23332646 3.23332646 0.
 3.23332646 3.23332646 0.08932897 3.23332646 3.23332646 2.64
 3.23332646 2.64       2.64       3.23332646 3.23332646 3.23332646
 2.64       3.23332646 2.64       2.64       2.64       2.64
 3.23332646 2.64       0.         3.23332646 2.64       3.23332646
 2.64       2.64       0.         2.64       3.23332646 3.23332646
 2.64       2.64       2.64       2.64       2.64       2.64
 3.23332646 2.64       2.64       2.64       2.64       2.64
 3.23332646 2.64       2.64       2.64       3.23332646 3.23332646
 3.23332646 2.64       0.         3.23332646 3.23332646 2.64      ]"
8,KNeighborsRegressor,"[-6.28, -7.343333333333334, -6.98, -7.036666666666666, -6.453333333333333, -6.906666666666666, -5.636666666666667, -6.403333333333333, -6.413333333333334, -6.073333333333333, -6.580000000000001, -5.593333333333334, -6.403333333333333, -5.773333333333333, -6.079999999999999, -5.676666666666667, -6.228333333333333, -6.09, -6.2, -6.62, -6.676666666666667, -6.136666666666666, -6.243333333333333, -6.008074550333333, -6.763333333333333, -5.716666666666666, -6.213333333333334, -5.706666666666667, -6.226666666666667, -6.16, -5.678333333333335, -6.609999999999999, -5.666666666666667, -5.881666666666668, -6.87, -7.34, -5.716666666666666, -5.438333333333333, -5.583333333333333, -7.063333333333333, -5.878333333333333, -5.878333333333333, -6.609999999999999, -6.3037715809999995, -6.423333333333333, -5.68, -6.2, -6.256666666666667, -7.446666666666666, -6.596666666666667, -6.793333333333333, -5.836666666666666, -6.116666666666667, -5.916666666666667, -5.993333333333332, -5.63, -7.186666666666667, -6.55, -7.076666666666665, -5.513333333333333, -5.8, -6.419999999999999, -5.683333333333333, -6.217040333666667, -5.426666666666667, -5.646666666666667, -6.16, -6.396666666666666, -5.876666666666666, -6.046666666666667, -7.203333333333333, -7.446666666666666, -7.446666666666666, -7.386666666666667, -7.016707432333334, -5.571666666666668, -5.993333333333333, -5.993333333333333, -6.609999999999999, -7.166666666666667, -5.46, -5.533333333333334, -5.736666666666667, -6.926666666666667, -6.523333333333333, -5.863333333333332, -5.78, -6.213333333333334, -6.276666666666666, -5.696666666666666, -5.443333333333334, -5.6933333333333325, -6.076666666666667, -5.993333333333333, -5.853333333333333, -5.596666666666667, -7.169999999999999, -5.166666666666666, -5.676666666666667, -5.963333333333334, -6.449999999999999, -6.37, -6.026666666666666, -5.8566666666666665, -7.18, -7.199999999999999, -5.819999999999999, -6.916666666666667, -6.033333333333334, -6.69, -6.446666666666666, -7.28, -6.166666666666667, -5.790622954, -5.790622954, -7.13, -7.153333333333333, -7.09, -6.226666666666667, -6.696666666666666, -5.853333333333334, -7.18, -7.223333333333334, -7.2299999999999995, -7.123333333333334, -7.140000000000001, -5.829999999999999, -6.31, -6.746666666666667, -6.696666666666666, -7.213333333333334, -7.05, -7.246666666666666, -5.849999999999999, -6.330000000000001, -6.993333333333333, -7.406666666666666, -6.156666666666666, -6.293333333333333, -6.293333333333333, -6.039999999999999, -6.133333333333333, -6.576666666666667, -6.420000000000001, -7.006666666666667, -5.75, -7.266666666666667, -5.223333333333334, -7.183333333333334, -7.2, -6.9366666666666665, -6.88, -6.8933333333333335, -7.286666666666666, -5.37, -5.066666666666666, -5.6866666666666665, -6.61, -6.466666666666666, -6.996666666666666, -6.953333333333333, -7.3933333333333335, -5.390000000000001, -4.903333333333333, -5.06, -6.163333333333334, -6.3566666666666665, -5.593333333333333, -5.823333333333333, -5.716666666666666, -5.906666666666667, -5.036666666666666, -4.86, -4.93, -5.223333333333333, -6.116666666666667, -6.033333333333332, -4.993333333333333, -5.259999999999999, -6.016666666666667, -6.390000000000001, -5.663333333333334, -6.133333333333334, -6.37, -5.776666666666666, -6.513333333333333, -5.776666666666666, -6.033333333333332, -5.390000000000001, -6.22, -6.3500000000000005, -6.349999999999999, -4.986666666666667, -4.911897748666667, -4.815587124, -4.403333333333333, -5.096666666666667, -5.066666666666666, -4.74, -4.756666666666667, -5.043333333333333, -4.986666666666667, -7.363333333333333, -6.976666666666667, -6.150000000000001, -5.73, -6.5, -7.006666666666667, -5.543333333333333, -5.746666666666666, -5.640000000000001, -5.640000000000001, -5.6866666666666665, -5.926666666666667, -5.739999999999999, -6.2299999999999995, -6.13, -6.386666666666667, -6.186666666666667, -6.043333333333333, -6.666666666666667, -5.793333333333333, -5.796666666666667, -5.696666666666666, -5.93, -5.623333333333332, -6.086666666666666, -5.66, -6.419999999999999, -5.823333333333333, -6.157044899333333, -5.6933333333333325, -5.838333333333334, -6.166666666666667, -5.9366666666666665, -6.710000000000001, -6.916666666666667, -6.920000000000001, -6.005120063333333, -5.983333333333333, -5.8566666666666665, -7.056666666666666, -5.646666666666666, -5.733333333333333, -5.746666666666667, -5.966666666666666, -7.062808331666666, -6.489999999999999, -6.382100596, -5.849999999999999, -6.075221850000001, -5.859999999999999, -6.6499999999999995, -6.919999999999999, -6.626666666666666, -6.226666666666667, -6.920000000000001, -6.503333333333333, -6.075221850000001, -5.843333333333334, -5.463333333333334, -5.463333333333334, -5.800000000000001, -5.873333333333334, -6.6433333333333335, -5.8066666666666675, -5.6433333333333335, -5.6000000000000005, -6.727282916666667, -6.936257974666667, -6.196973134333334, -6.314651051999999, -5.446666666666666, -5.8933333333333335, -7.466666666666668, -7.062808331666666, -6.636666666666667, -5.636666666666667, -5.516666666666667, -7.140000000000001, -7.216666666666666, -7.062808331666666, -7.099999999999999, -6.723333333333333, -7.033333333333334, -5.993333333333332, -5.97, -6.346666666666667, -5.6933333333333325, -5.46, -5.5566666666666675, -7.018177138333333, -5.580000000000001, -5.78, -6.664623988, -6.609999999999999, -5.919999999999999, -6.460000000000001, -6.296666666666667, -7.346666666666667, -5.739999999999999, -6.3500000000000005, -5.97, -5.736666666666667, -5.9799999999999995, -5.8738158899999995, -5.880589749333335, -6.966666666666666, -7.046666666666667, -6.038893107, -7.2299999999999995, -7.079859172333332, -6.920000000000001, -6.913333333333333, -7.14, -6.038893107, -7.0475558346666665, -7.223333333333333, -6.510000000000001, -5.859999999999999, -7.343333333333334, -6.71, -7.34, -6.873333333333334, -7.260000000000001, -5.593333333333334, -6.873333333333334, -6.523333333333333, -6.466666666666666, -6.343333333333334, -6.010000000000001, -7.006666666666667, -7.006666666666667, -5.766666666666666, -6.5566666666666675, -6.716666666666666, -6.44, -5.253333333333334, -6.316666666666666, -5.716666666666666, -7.153333333333333, -6.390000000000001, -7.166666666666667, -7.036666666666666, -7.150000000000001, -6.66, -6.043333333333333, -6.416666666666667, -5.293333333333334, -7.123333333333334, -7.176666666666667, -7.176666666666667, -7.176666666666667, -7.476666666666667, -6.78, -5.1433333333333335, -6.873333333333334, -5.733333333333333, -7.423333333333333, -6.71, -6.243333333333332, -7.263333333333333, -6.6066666666666665, -6.6066666666666665, -5.2, -5.489999999999999, -5.676666666666667, -5.489999999999999, -4.86, -5.636666666666667, -5.636666666666667, -5.7700000000000005, -4.913333333333333, -5.57, -5.57, -6.29, -6.29, -5.496666666666667, -5.739999999999999, -6.646666666666666, -5.4433333333333325, -6.716666666666666, -5.489999999999999, -3.85, -3.85, -3.85, -4.153333333333333, -5.24, -5.353333333333334, -5.24, -5.093333333333334, -5.093333333333334, -5.079999999999999, -5.079999999999999, -4.986666666666667, -5.353333333333334, -5.236713046999999, -5.236713046999999, -5.273333333333333, -4.076666666666667, -5.273333333333333, -5.273333333333333, -5.273333333333333, -5.273333333333333, -6.919999999999999, -6.483333333333334, -6.003333333333333, -6.0566666666666675, -5.803333333333334, -5.603333333333333, -5.84, -6.176666666666667, -5.716666666666666, -6.0200000000000005, -6.8999999999999995, -6.8999999999999995, -6.13, -6.246666666666666, -5.6433333333333335, -5.7683333333333335, -6.996666666666667, -5.716666666666666, -7.539999999999999, -5.543333333333333, -6.1066666666666665, -6.4265033103333336, -6.489999999999999, -5.873333333333332, -5.553333333333332, -6.62, -5.8066666666666675, -5.969999999999999, -6.037985026333334, -5.953333333333333, -6.103333333333333, -5.926666666666667, -5.746666666666666, -5.613333333333333, -5.983333333333334, -6.326666666666667, -5.873333333333332, -7.146666666666667, -5.583333333333333, -5.623333333333334, -6.9433333333333325, -6.086666666666667, -6.096666666666667, -5.88, -5.909999999999999, -6.277450633333333, -7.173333333333333, -6.046666666666667, -6.62, -6.9433333333333325, -6.5, -5.786666666666666, -6.277450633333333, -6.243333333333333, -5.75, -6.603333333333333, -6.8066666666666675, -5.993333333333332, -7.239999999999999, -7.2299999999999995, -6.533333333333334, -6.640000000000001, -5.66, -5.586666666666666, -5.786666666666666, -6.277450633333333, -5.5633333333333335, -5.4799999999999995, -6.533333333333334, -6.083333333333333, -5.503333333333333, -5.766666666666667, -7.66, -7.463333333333334, -6.006666666666667, -5.613333333333333, -6.653333333333333, -7.023333333333333, -7.033758273, -5.623333333333334, -6.7398791036666665, -5.68, -6.13, -5.449999999999999, -5.763333333333333, -7.2299999999999995, -5.786666666666666, -6.096666666666667, -5.5633333333333335, -5.62, -5.62, -7.6433333333333335, -6.06, -6.446666666666666, -5.703333333333333, -5.9799999999999995, -7.396666666666666, -7.047270657666666, -5.886666666666667, -5.446666666666666, -5.346666666666667, -6.31, -6.31, -5.5566666666666675, -5.543333333333333, -5.713333333333334, -6.933333333333334, -6.815939160666667, -6.080000000000001, -6.56, -5.926666666666666, -5.666666666666667, -6.006666666666667, -6.41, -6.546666666666667, -6.466666666666666, -5.5566666666666675, -5.91, -6.983333333333333, -6.466666666666666, -6.483333333333333, -7.313333333333333, -7.34, -7.296666666666667, -7.213333333333334, -6.890000000000001, -7.366666666666667, -6.789999999999999, -6.916666666666667, -6.163333333333334, -7.386666666666667, -7.1066666666666665, -6.913333333333334, -6.083333333333333, -7.116666666666667, -5.79, -7.09, -6.666666666666667, -6.34, -6.06, -6.676666666666667, -7.303333333333334, -7.56, -6.336666666666666, -6.353333333333333, -7.076666666666667, -5.973333333333333, -6.16, -6.886666666666667, -6.13, -6.886666666666667, -6.153333333333333, -5.830000000000001, -5.2700000000000005, -6.673333333333333, -6.316666666666666, -6.376666666666666, -5.829999999999999, -6.316666666666666, -6.126666666666666, -7.13, -7.093333333333334, -6.776666666666666, -5.829999999999999, -5.830000000000001, -5.813333333333333, -5.37, -5.1433333333333335, -5.646666666666666, -6.2299999999999995, -4.9433333333333325, -5.773333333333333, -6.0, -4.826666666666667, -6.2299999999999995, -4.96, -5.69, -5.736666666666667, -6.003333333333333, -5.631666666666667, -5.631666666666667, -6.6066666666666665, -6.096666666666667, -6.6066666666666665, -6.1000000000000005, -5.696666666666666, -6.333333333333333, -5.390000000000001, -4.3933333333333335, -5.213584275333333, -4.06, -5.1404024223333336, -5.953333333333333, -3.92, -4.533333333333334, -4.896666666666667, -5.113333333333333, -5.006666666666667, -5.006666666666667, -5.006666666666667, -5.113333333333333, -6.28, -7.31, -5.743333333333332, -7.086666666666666, -6.3566666666666665, -6.686666666666667, -6.263333333333333, -5.8566666666666665, -5.656666666666666, -6.116666666666667, -6.296666666666667, -5.583333333333333, -6.69, -6.69, -6.073333333333333, -6.553333333333332, -5.823333333333333, -6.023333333333333, -5.676666666666667, -6.03, -7.419656667999999, -5.733333333333333, -5.773333333333333, -5.974322798333333, -6.52, -6.963333333333334, -6.510000000000001, -6.653333333333333, -5.886666666666667, -5.886666666666667, -5.593333333333334, -6.253333333333333, -5.756666666666667, -6.346666666666667, -6.236662553666666, -5.88, -7.196666666666666, -5.963333333333334, -5.836666666666666, -5.91, -5.836666666666666, -5.890000000000001, -5.973333333333333, -5.974322798333333, -5.653333333333333, -5.6933333333333325, -5.57, -5.876666666666666, -5.716666666666666, -6.703333333333333, -5.656666666666666, -6.2, -5.616666666666666, -5.671666666666667, -5.596666666666667, -5.63, -6.376666666666668, -5.653333333333333, -5.723333333333333, -5.741666666666667, -5.84, -5.766666666666667, -5.6933333333333325, -6.916666666666667, -6.016666666666667, -5.37, -5.743333333333332, -6.136666666666667, -6.670000000000001, -7.126666666666668, -6.125313594333334, -5.733333333333333, -5.54, -5.963333333333334, -7.206666666666667, -5.556666666666666, -6.946666666666665, -6.46, -5.706666666666667, -5.753333333333333, -5.93, -5.496666666666666, -5.496666666666666, -5.466666666666666, -5.823333333333333, -6.016666666666666, -6.123333333333334, -6.346666666666667, -5.953333333333333, -5.953333333333333, -5.599999999999999, -6.746666666666667, -7.073333333333333, -7.016707432333334, -7.2, -6.38, -5.953333333333333, -5.599999999999999, -5.586666666666666, -6.07, -6.346666666666667, -5.726666666666667, -6.596666666666667, -6.296666666666666, -7.366666666666666, -5.889528689, -7.3066666666666675, -6.296666666666667, -7.316666666666666, -6.506666666666667, -7.138179757, -6.2297604013333325, -6.293333333333333, -6.613142023000001, -7.096666666666667, -5.596666666666667, -5.69, -6.123333333333334, -7.3566666666666665, -6.486666666666667, -6.91, -6.796666666666667, -5.896666666666667, -6.126666666666666, -6.716666666666666, -7.216666666666666, -6.973333333333334, -6.916666666666667, -7.19, -6.19, -7.256666666666667, -5.1499999999999995, -6.87, -6.626666666666668, -7.256666666666667, -6.236666666666667, -7.213333333333334, -7.113333333333333, -6.4433333333333325, -5.343333333333334, -6.59, -5.386666666666667, -6.06, -6.2700000000000005, -6.376666666666668, -7.173333333333333, -5.386666666666667, -6.566666666666667, -7.140000000000001, -7.23, -6.59, -5.2299999999999995, -7.096666666666667, -6.826666666666667, -6.8500000000000005, -6.98, -5.726666666666667, -5.3566666666666665, -7.033333333333334, -6.173333333333335, -6.670000000000001, -5.3, -5.925, -5.406666666666666, -5.723333333333334, -4.9433333333333325, -5.476666666666667, -6.0, -4.846666666666667, -5.5566666666666675, -5.6066666666666665, -6.253333333333333, -5.18, -4.846666666666667, -6.216666666666666, -6.216666666666666, -6.0683333333333325, -6.133333333333334, -6.0683333333333325, -6.133333333333334, -6.216666666666666, -7.12, -6.683333333333333, -6.683333333333334, -5.06, -7.1933333333333325, -6.916666666666667, -5.96, -4.890803803666667, -6.3500000000000005, -4.616666666666667, -3.813333333333334, -5.343333333333334, -5.266666666666667, -5.163333333333333, -4.743333333333333, -5.483333333333333, -5.483333333333333, -5.483333333333333, -4.743333333333333, -5.096666666666667, -6.323333333333333, -7.686666666666667, -7.109999999999999, -5.913333333333333, -6.103333333333334, -6.196666666666666, -6.75, -6.11, -6.03, -6.142310345333333, -6.739999999999999, -6.476666666666667, -5.6066666666666665, -5.8, -6.796666666666667, -5.8999999999999995, -6.093333333333333, -6.075221850000001, -5.586666666666666, -5.586666666666666, -6.1433333333333335, -5.6066666666666665, -7.136666666666667, -5.6066666666666665, -5.9433333333333325, -5.766666666666666, -5.586666666666666, -5.724999999999999, -6.48, -5.926666666666667, -5.53, -7.086666666666666, -6.163333333333334, -6.1147538206666665, -6.103333333333333, -5.8, -7.266666666666667, -6.3401444719999995, -6.553333333333334, -7.28, -5.460000000000001, -5.586666666666667, -5.683333333333334, -6.28, -5.706666666666666, -7.101798267333333, -6.017317997666667, -5.793333333333334, -5.476666666666667, -6.163333333333334, -5.77, -6.816666666666666, -7.266666666666666, -7.266666666666667, -6.913333333333334, -5.916666666666667, -5.580000000000001, -5.576666666666667, -5.656666666666666, -5.743333333333333, -5.7299999999999995, -6.366666666666667, -5.87, -5.526666666666666, -7.54, -5.695200258333333, -6.986666666666667, -6.637957321333334, -7.033758272999999, -6.213333333333334, -5.976666666666667, -5.72, -7.226666666666667, -6.183333333333333, -5.546666666666667, -5.656666666666666, -5.776666666666666, -5.659999999999999, -6.0633333333333335, -6.053333333333334, -7.176666666666667, -7.116240661999999, -5.563333333333333, -5.506666666666667, -5.533333333333334, -5.753333333333334, -7.010000000000001, -5.91, -5.55, -6.376666666666666, -7.466666666666666, -6.06, -5.613333333333333, -5.796666666666667, -5.696666666666666, -6.383333333333333, -5.68, -5.640000000000001, -6.6000000000000005, -6.6000000000000005, -5.800000000000001, -6.0566666666666675, -5.349999999999999, -5.963333333333334, -6.763333333333333, -5.91, -6.176666666666666, -6.329999999999999, -7.25, -5.884990234666667, -6.963333333333334, -5.976666666666667, -7.216666666666666, -7.226666666666667, -6.165153726, -6.3500000000000005, -5.573333333333333, -6.406666666666666, -6.753333333333333, -7.170000000000001, -6.789999999999999, -5.616666666666667, -6.063333333333333, -7.21, -7.43, -5.616666666666667, -6.276666666666667, -6.4433333333333325, -7.113333333333333, -6.75, -7.166666666666667, -6.359999999999999, -7.13, -5.906666666666666, -6.486666666666667, -7.43, -7.43, -7.136666666666667, -6.316666666666666, -7.123333333333332, -6.0633333333333335, -5.853333333333334, -5.22, -6.57, -7.236666666666667, -7.236666666666667, -6.02, -7.186666666666667, -5.296666666666667, -6.583333333333333, -6.16, -5.183333333333334, -6.949999999999999, -7.366666666666667, -6.263333333333333, -5.87, -4.9799999999999995, -7.2700000000000005, -5.69, -6.023333333333333, -5.076666666666667, -6.37, -5.91, -5.5566666666666675, -5.01, -5.1866666666666665, -5.06, -5.803333333333334, -6.103333333333333, -4.836666666666667, -4.8999999999999995, -5.5566666666666675, -5.82, -5.476666666666667, -5.7749999999999995, -6.34, -5.565, -6.776666666666666, -6.776666666666666, -6.776666666666666, -5.95, -6.013333333333333, -6.713333333333334, -6.713333333333334, -5.496666666666667, -5.496666666666667, -4.97, -4.97, -5.215619102000001, -6.1433333333333335, -6.1433333333333335, -4.396666666666667, -4.986666666666667, -5.3100000000000005, -5.109999999999999, -4.81, -5.203333333333333, -5.203333333333333, -4.986666666666667, -4.9366666666666665, -5.3100000000000005]","0     -7.22
1     -6.21
2     -7.24
3     -5.92
4     -5.96
       ... 
247   -6.00
248   -3.99
249   -5.24
250   -4.77
251   -4.71
Name: Permeability, Length: 252, dtype: float64","[array([-6.28      , -6.50166667, -6.31166667, -5.92333333, -5.90666667,
       -7.03666667, -5.71666667, -7.03666667, -6.83333333, -6.85333333,
       -6.10333333, -5.995     , -5.54666667, -6.00333333, -5.71666667,
       -5.71666667, -6.42      , -7.06333333, -5.57333333, -6.46333333,
       -5.96333333, -6.33      , -5.77333333, -6.05666667, -5.75666667,
       -5.93333333, -5.73666667, -5.94      , -6.21704033, -5.81      ,
       -6.58      , -7.2       , -5.77      , -6.64333333, -5.84333333,
       -6.37666667, -5.66666667, -5.58333333, -5.95333333, -6.28666667,
       -6.23515955, -5.78333333, -5.90442846, -6.05666667, -5.73463631,
       -6.90333333, -6.64333333, -5.795     , -5.82      , -5.725     ,
       -6.90333333, -7.06333333, -5.61666667, -5.97      , -6.23515955,
       -6.59333333, -7.05333333, -6.36      , -5.73333333, -6.52666667,
       -5.73463631, -5.99333333, -5.89666667, -5.705     , -5.63      ,
       -6.42666667, -7.00145494, -5.42333333, -5.51      , -5.83333333,
       -6.43333333, -7.26333333, -5.85      , -7.17666667, -5.88333333,
       -5.72333333, -5.74      , -5.84333333, -5.97      , -6.49666667,
       -5.86478496, -5.44333333, -5.64666667, -5.73666667, -5.52      ,
       -5.32333333, -6.73666667, -6.01      , -6.97      , -6.95666667,
       -7.11852047, -7.10179827, -5.705     , -5.87333333, -6.67333333,
       -6.96625797, -6.03333333, -5.65333333, -5.53666667, -5.65666667,
       -6.89      , -7.1       , -7.01670743, -6.62      , -5.91      ,
       -6.6       , -5.65666667, -7.05      , -6.49666667, -6.49333333,
       -5.84      , -5.99333333, -6.26      , -6.12333333, -5.92666667,
       -5.98333333, -6.98666667, -5.96333333, -5.96333333, -5.54666667,
       -5.92      , -6.37      , -6.49333333, -5.98333333, -5.76833333,
       -6.55333333, -6.21666667, -5.56      , -5.29      , -5.56      ,
       -7.06333333, -7.08654577, -6.87      , -5.40666667, -5.68333333,
       -7.05      , -5.92333333, -6.03333333, -6.53333333, -7.46      ,
       -6.55      , -6.88952423, -7.06333333, -7.11884911, -7.18      ,
       -5.86333333, -7.73666667, -6.07287987, -6.09      , -7.31333333,
       -6.43666667, -7.14666667, -6.87333333, -5.38666667, -5.94      ,
       -7.22333333, -7.29333333, -6.85333333, -6.06      , -7.49666667,
       -6.85333333, -7.13666667, -5.7       , -5.65333333, -7.21333333,
       -7.47666667, -6.53      , -6.02      , -5.70333333, -7.38      ,
       -7.32      , -5.25333333, -6.47333333, -5.77      , -7.32      ,
       -6.15666667, -7.06      , -6.13333333, -6.37666667, -6.07666667,
       -5.83      , -5.90666667, -7.26666667, -5.94666667, -5.27333333,
       -5.81      , -7.13666667, -6.45666667, -6.31666667, -5.75      ,
       -7.27      , -6.57666667, -5.83      , -5.09      , -7.32333333,
       -5.75      , -6.24666667, -5.45333333, -5.80333333, -7.27      ,
       -6.69333333, -7.26666667, -6.96      , -5.39      , -5.44666667,
       -6.16333333, -6.25333333, -6.16333333, -6.15666667, -5.03666667,
       -5.77333333, -5.74333333, -4.86      , -5.28      , -5.22333333,
       -6.11666667, -5.80666667, -6.03333333, -4.88666667, -5.61333333,
       -5.79      , -5.66333333, -6.13333333, -6.69      , -5.05333333,
       -5.68      , -6.34      , -6.39333333, -6.71333333, -6.71666667,
       -6.71333333, -5.73333333, -5.39      , -6.45666667, -3.81666667,
       -4.87064976, -4.34333333, -5.07767263, -6.37      , -4.40333333,
       -4.45      , -5.09666667, -5.38666667, -4.86      , -4.74      ,
       -4.90333333, -4.75666667, -5.00666667, -4.13666667, -5.30666667,
       -5.30666667, -5.00666667]), array([-6.69      , -6.385     , -6.24166667, -5.73      , -5.70666667,
       -7.03666667, -5.57333333, -7.03666667, -6.49      , -6.85333333,
       -6.45      , -6.235     , -5.82333333, -6.00333333, -5.59333333,
       -5.61666667, -6.42      , -7.05666667, -5.69666667, -6.44      ,
       -5.89      , -6.49      , -5.79666667, -5.6       , -5.68      ,
       -5.82      , -5.73666667, -5.82333333, -6.21704033, -5.81      ,
       -6.98666667, -7.2       , -5.9       , -6.57666667, -5.74666667,
       -5.97      , -5.60666667, -5.64333333, -5.815     , -5.66      ,
       -6.23515955, -5.43      , -6.11761239, -5.76666667, -6.09676221,
       -6.92      , -6.57666667, -5.795     , -5.58      , -5.725     ,
       -6.92      , -7.05666667, -5.92666667, -6.38      , -6.23515955,
       -6.36666667, -6.64666667, -6.26      , -5.7       , -6.66666667,
       -6.00512006, -5.98333333, -5.89666667, -5.72833333, -5.57333333,
       -6.22      , -7.03050499, -5.35333333, -5.57333333, -5.83333333,
       -5.76666667, -7.29666667, -5.79      , -7.34      , -5.88333333,
       -5.88666667, -5.74      , -5.74666667, -5.93      , -6.47333333,
       -6.07522185, -5.44333333, -5.77      , -5.94      , -5.6       ,
       -5.30333333, -6.95      , -5.82      , -6.97      , -7.23      ,
       -7.13557131, -7.06280833, -5.44166667, -5.87333333, -6.58333333,
       -7.01817714, -6.03333333, -5.82      , -5.73333333, -5.55      ,
       -6.68333333, -7.1       , -7.06280833, -6.42      , -5.99333333,
       -6.6       , -5.34666667, -6.32      , -6.31      , -6.53666667,
       -5.82      , -5.97      , -5.87      , -5.81333333, -5.92666667,
       -5.75      , -7.11      , -5.96333333, -5.96333333, -5.46666667,
       -5.92      , -6.62666667, -6.48666667, -5.74333333, -5.76833333,
       -6.55333333, -5.89333333, -5.56      , -5.29      , -5.56      ,
       -6.84      , -7.04755583, -6.87      , -5.40666667, -5.68333333,
       -7.05      , -6.19333333, -6.05666667, -6.18      , -7.20666667,
       -6.56666667, -6.87692805, -7.05666667, -7.04755583, -7.07      ,
       -5.51      , -7.23      , -5.90403624, -5.65666667, -7.31333333,
       -6.31333333, -7.06      , -6.15      , -5.38666667, -6.19333333,
       -7.04666667, -7.38333333, -6.71      , -6.06      , -7.57      ,
       -6.71      , -7.13666667, -5.58666667, -5.65333333, -7.21333333,
       -7.47666667, -6.7       , -6.43333333, -5.70333333, -7.33666667,
       -7.44333333, -5.25333333, -6.76333333, -5.77      , -7.44333333,
       -6.10666667, -6.65333333, -6.46666667, -6.55666667, -6.35333333,
       -5.83      , -5.72666667, -7.17666667, -5.88333333, -5.27333333,
       -6.3       , -7.17333333, -6.84333333, -6.31666667, -5.77333333,
       -7.17666667, -6.78      , -5.84333333, -5.14333333, -6.87333333,
       -5.77666667, -6.21333333, -5.06      , -5.68666667, -7.11      ,
       -7.12333333, -7.26666667, -6.87333333, -5.13333333, -5.38333333,
       -5.89666667, -6.22666667, -6.38      , -6.16333333, -4.95333333,
       -5.63666667, -5.23666667, -4.83666667, -5.66666667, -4.91333333,
       -5.57      , -5.80666667, -6.62666667, -4.88666667, -5.82333333,
       -5.49666667, -5.82333333, -5.71      , -6.29      , -5.01      ,
       -5.30666667, -6.34      , -6.33333333, -6.64666667, -6.71666667,
       -6.64666667, -5.82      , -5.44333333, -6.45666667, -3.85      ,
       -4.87064976, -3.92      , -5.17961559, -6.37      , -4.15333333,
       -5.26333333, -5.07666667, -5.38666667, -4.99333333, -5.01      ,
       -4.98666667, -4.99333333, -5.27333333, -3.88666667, -5.30666667,
       -4.98333333, -5.27333333]), array([-6.69      , -6.385     , -6.03833333, -5.83      , -5.90666667,
       -7.03666667, -5.57333333, -7.03666667, -6.77333333, -6.60666667,
       -6.10333333, -5.775     , -5.55666667, -5.84      , -5.61333333,
       -5.61333333, -6.9       , -7.07333333, -5.57333333, -6.44      ,
       -6.08666667, -6.33      , -5.84666667, -6.18333333, -5.65666667,
       -5.95666667, -5.73666667, -5.82333333, -6.27745063, -5.81      ,
       -6.85333333, -7.47      , -5.83666667, -6.62333333, -5.85666667,
       -6.37666667, -5.60666667, -5.64333333, -5.73833333, -5.66      ,
       -6.27745063, -5.43      , -5.93433893, -6.18333333, -5.73463631,
       -6.94333333, -6.64333333, -5.795     , -5.75333333, -5.725     ,
       -6.94333333, -7.07333333, -5.92666667, -5.62      , -6.27745063,
       -6.2       , -7.05333333, -6.36666667, -5.72      , -6.72333333,
       -5.73463631, -5.98333333, -5.79666667, -5.72833333, -5.65666667,
       -6.52666667, -7.00145494, -5.42333333, -5.57333333, -5.83333333,
       -5.76666667, -7.26333333, -5.89      , -7.17666667, -5.78333333,
       -5.72333333, -5.72333333, -5.67      , -6.        , -6.47333333,
       -5.89469544, -5.36333333, -5.77      , -5.75      , -5.52      ,
       -5.2       , -6.8       , -6.20333333, -7.21333333, -7.12333333,
       -7.07013976, -7.10179827, -5.44166667, -5.82      , -6.56666667,
       -7.01088917, -6.03333333, -5.82      , -5.73333333, -5.43      ,
       -7.38      , -7.23      , -7.03375827, -6.28666667, -5.98      ,
       -6.06333333, -5.43      , -7.05      , -6.44666667, -6.67      ,
       -5.69666667, -6.08666667, -5.98      , -5.69666667, -5.92666667,
       -6.02666667, -7.11      , -6.31      , -6.31      , -5.46666667,
       -6.36      , -6.62666667, -6.74333333, -5.89666667, -5.76833333,
       -5.92666667, -6.43333333, -5.56      , -5.32666667, -5.56      ,
       -6.84      , -7.08654577, -5.83      , -5.55666667, -5.72      ,
       -7.16      , -6.19333333, -5.91      , -6.53333333, -7.24666667,
       -6.55      , -6.88952423, -7.06333333, -7.11884911, -6.91666667,
       -5.86333333, -7.36666667, -6.07287987, -5.65666667, -7.44333333,
       -6.79      , -6.76333333, -6.87333333, -5.38666667, -5.94      ,
       -6.89      , -7.29      , -6.94666667, -6.06      , -7.49666667,
       -6.71      , -7.13666667, -5.7       , -5.86      , -7.21333333,
       -7.56      , -6.16666667, -6.03333333, -6.19333333, -7.38      ,
       -7.34      , -5.25333333, -6.47333333, -6.19333333, -7.34      ,
       -6.10666667, -6.56      , -6.13333333, -6.88666667, -6.19      ,
       -5.91      , -5.90666667, -7.17666667, -5.62333333, -5.27333333,
       -6.41666667, -7.09333333, -6.84333333, -6.31666667, -5.78666667,
       -7.27      , -6.72      , -5.86666667, -5.14333333, -7.56333333,
       -5.76333333, -6.05333333, -5.13333333, -5.80333333, -7.27      ,
       -7.12333333, -7.26666667, -6.68      , -5.47      , -5.38333333,
       -5.89666667, -6.22666667, -6.38      , -6.15666667, -4.95333333,
       -6.10333333, -5.23666667, -4.82666667, -5.28      , -4.91333333,
       -5.47666667, -5.80666667, -6.23      , -4.88666667, -5.82333333,
       -5.70666667, -5.82333333, -6.00333333, -6.69      , -5.01      ,
       -5.19166667, -6.60666667, -6.00666667, -6.71333333, -6.71666667,
       -6.71333333, -5.93666667, -5.39      , -6.45666667, -4.06      ,
       -4.86739648, -4.39666667, -5.36676297, -6.37      , -4.39666667,
       -4.99666667, -5.07666667, -5.38      , -4.99333333, -4.82      ,
       -5.05666667, -4.99333333, -5.00666667, -4.13666667, -5.00666667,
       -5.02      , -5.00666667]), array([-6.26333333, -6.72333333, -6.34333333, -5.83      , -5.87      ,
       -7.14666667, -5.57666667, -7.14666667, -6.77333333, -6.11666667,
       -6.14      , -6.01333333, -5.54666667, -6.00333333, -5.61666667,
       -5.61666667, -6.42      , -7.07333333, -5.62333333, -6.44      ,
       -5.96333333, -6.2       , -5.82333333, -6.1       , -5.83666667,
       -5.95666667, -5.85      , -5.85      , -6.23666255, -5.81      ,
       -6.98666667, -6.77666667, -5.83666667, -6.65333333, -5.85666667,
       -6.7       , -5.88666667, -5.67666667, -5.85      , -6.29333333,
       -6.20910603, -5.34333333, -5.93433893, -6.26666667, -5.73463631,
       -6.90333333, -6.65333333, -5.88666667, -5.75333333, -5.82666667,
       -6.90333333, -7.07333333, -5.92666667, -5.62      , -6.169173  ,
       -6.36666667, -7.05333333, -6.30666667, -5.7       , -6.66666667,
       -5.73463631, -6.20666667, -5.86      , -5.74166667, -5.57333333,
       -6.22      , -7.01670743, -5.49666667, -5.47      , -5.71      ,
       -5.76666667, -7.34      , -5.92666667, -7.04666667, -5.84333333,
       -5.72333333, -5.74      , -5.67      , -5.93      , -6.21333333,
       -5.9743228 , -5.44333333, -5.63      , -5.75      , -5.62      ,
       -5.30333333, -6.87333333, -5.82      , -6.97      , -7.23      ,
       -7.13557131, -7.10179827, -5.44166667, -5.87333333, -6.56666667,
       -6.96625797, -6.03333333, -6.01      , -5.73333333, -5.54      ,
       -6.89      , -7.1       , -7.06280833, -6.35333333, -6.01666667,
       -6.6       , -5.33666667, -7.26666667, -6.49666667, -6.5       ,
       -5.82      , -6.13666667, -5.98      , -5.93      , -5.95333333,
       -5.75      , -7.36      , -6.07      , -6.07      , -5.46666667,
       -5.92      , -6.62666667, -6.48666667, -5.98333333, -5.695     ,
       -6.46      , -6.21666667, -5.42666667, -5.44      , -5.42666667,
       -6.94333333, -7.10179827, -6.87      , -5.6       , -5.58666667,
       -7.05      , -6.13      , -6.11666667, -6.28666667, -7.42666667,
       -6.91666667, -6.61314202, -7.07333333, -7.13817976, -7.07      ,
       -6.29333333, -7.73666667, -6.13748655, -5.56      , -7.31333333,
       -6.43666667, -6.94      , -6.87333333, -5.38666667, -6.03333333,
       -6.89      , -7.38333333, -6.94666667, -5.89666667, -7.49666667,
       -6.71      , -7.30666667, -5.7       , -5.65333333, -7.21333333,
       -7.15      , -6.64      , -6.02      , -5.85333333, -7.38      ,
       -7.25666667, -5.35666667, -6.64666667, -6.29333333, -7.25666667,
       -6.44333333, -6.56      , -6.13333333, -6.37666667, -6.33      ,
       -5.81666667, -5.61333333, -7.09666667, -5.51666667, -5.38666667,
       -6.11333333, -7.11666667, -6.67      , -6.20333333, -5.77333333,
       -7.09666667, -6.47333333, -5.83      , -5.38666667, -7.56333333,
       -5.75      , -6.25      , -5.39333333, -5.71666667, -7.09666667,
       -6.92      , -6.68      , -6.93333333, -5.72333333, -5.38333333,
       -5.89666667, -5.99333333, -6.38      , -6.15666667, -4.95333333,
       -5.58333333, -5.81666667, -4.84666667, -5.28      , -4.91333333,
       -5.55666667, -5.10666667, -6.25333333, -4.96      , -5.40666667,
       -5.70666667, -5.73      , -5.62      , -6.13333333, -4.91333333,
       -5.30666667, -6.68333333, -6.33333333, -6.91666667, -6.95333333,
       -6.91666667, -5.73333333, -5.39      , -5.52      , -3.81666667,
       -4.91189775, -4.55666667, -5.36676297, -6.35      , -4.61666667,
       -5.26333333, -4.97      , -5.26666667, -4.89666667, -4.84333333,
       -4.79666667, -4.89666667, -5.48333333, -4.35      , -4.97      ,
       -4.98333333, -5.48333333]), array([-6.79666667, -6.385     , -6.31166667, -5.83      , -5.90666667,
       -7.11      , -5.57333333, -7.11      , -6.75      , -6.85333333,
       -6.10333333, -5.995     , -5.54666667, -5.87      , -5.59333333,
       -5.61666667, -6.42      , -7.08666667, -5.57333333, -6.38333333,
       -5.96333333, -6.33      , -5.77333333, -6.05666667, -5.83666667,
       -5.95666667, -5.60666667, -5.94      , -6.14231035, -5.59333333,
       -7.28      , -6.92333333, -5.85666667, -6.62333333, -5.85666667,
       -6.37666667, -5.60666667, -5.66666667, -5.95333333, -6.28      ,
       -6.11475382, -5.43      , -5.97157575, -6.18333333, -5.69520026,
       -6.90333333, -6.64333333, -5.725     , -5.6       , -5.725     ,
       -6.90333333, -7.08666667, -5.86333333, -5.62      , -6.07482079,
       -6.36666667, -7.07      , -6.36666667, -5.6       , -6.66666667,
       -5.69520026, -5.98333333, -5.73333333, -5.80333333, -5.67333333,
       -6.66      , -7.00145494, -5.42333333, -5.71333333, -6.09666667,
       -5.76666667, -7.26333333, -5.89      , -7.17666667, -5.88333333,
       -5.61666667, -5.57666667, -5.68333333, -6.1       , -6.30666667,
       -5.86478496, -5.47666667, -5.77      , -5.91666667, -5.52      ,
       -5.30333333, -6.95      , -5.82      , -6.85333333, -7.23      ,
       -7.09918982, -7.10179827, -5.57666667, -5.72      , -6.56666667,
       -6.96625797, -5.58      , -5.99666667, -5.68      , -5.43      ,
       -6.89      , -7.02666667, -7.03375827, -6.42      , -5.91      ,
       -5.90333333, -5.43      , -7.42      , -6.25666667, -6.53666667,
       -5.7       , -6.08666667, -6.11      , -5.93      , -6.2       ,
       -5.75      , -7.11      , -5.96333333, -5.96333333, -5.65666667,
       -6.16      , -5.78333333, -6.48666667, -6.54      , -5.85      ,
       -6.55333333, -5.97666667, -5.72      , -5.35      , -5.72      ,
       -6.84      , -7.08654577, -6.87      , -5.55666667, -5.83666667,
       -6.89      , -6.19333333, -6.11666667, -6.23333333, -7.20666667,
       -6.55      , -6.88952423, -7.08666667, -7.11884911, -6.96333333,
       -6.32333333, -7.27      , -6.07287987, -6.22333333, -7.24      ,
       -6.43666667, -6.94      , -6.85      , -5.14333333, -6.37333333,
       -7.21      , -7.34      , -6.75      , -5.87      , -7.65333333,
       -6.37      , -7.25333333, -6.37333333, -5.75333333, -7.30666667,
       -7.66333333, -6.53      , -6.45333333, -5.70333333, -7.54      ,
       -7.44333333, -5.22      , -6.47333333, -6.19333333, -7.44333333,
       -6.02      , -6.54      , -6.18666667, -6.37666667, -6.33      ,
       -5.85333333, -6.32666667, -7.17666667, -5.62333333, -5.22      ,
       -5.81      , -7.17333333, -6.84333333, -6.16      , -5.77333333,
       -7.27      , -6.57666667, -5.83      , -5.25333333, -7.36666667,
       -5.73333333, -6.05333333, -5.06      , -5.74333333, -7.27      ,
       -6.71333333, -7.28666667, -6.68      , -5.47      , -5.38333333,
       -5.99666667, -6.22666667, -6.37      , -6.31333333, -5.35666667,
       -5.77333333, -5.28333333, -4.83666667, -5.06      , -4.9       ,
       -5.47666667, -5.82      , -6.62666667, -5.47666667, -5.82333333,
       -5.70666667, -5.82333333, -5.62      , -6.69      , -5.01      ,
       -5.30666667, -6.34      , -6.33333333, -6.71333333, -6.54333333,
       -6.71333333, -5.95      , -5.49666667, -5.82666667, -3.81666667,
       -4.94586644, -4.39666667, -5.36676297, -6.38333333, -4.40333333,
       -4.93666667, -5.07666667, -5.29      , -4.81      , -4.82      ,
       -5.05666667, -4.81      , -4.93666667, -4.39666667, -4.97      ,
       -4.98333333, -4.93666667])]","[-6.544      -6.476      -6.24933333 -5.82866667 -5.85933333 -7.07333333
 -5.60266667 -7.07333333 -6.724      -6.65666667 -6.18       -6.00266667
 -5.604      -5.944      -5.62666667 -5.636      -6.516      -7.07066667
 -5.608      -6.43333333 -5.97333333 -6.336      -5.80266667 -5.99933333
 -5.75333333 -5.92466667 -5.73333333 -5.87533333 -6.21810084 -5.76666667
 -6.93733333 -7.114      -5.84       -6.624      -5.832      -6.36
 -5.67466667 -5.64266667 -5.862      -6.036      -6.21432592 -5.48333333
 -5.97245889 -6.09133333 -5.79917428 -6.91466667 -6.632      -5.79933333
 -5.70133333 -5.74533333 -6.91466667 -7.07066667 -5.852      -5.842
 -6.19835271 -6.37866667 -6.97533333 -6.332      -5.69066667 -6.65
 -5.78084585 -6.03       -5.83666667 -5.74133333 -5.62133333 -6.41066667
 -7.01031545 -5.424      -5.568      -5.86133333 -5.9        -7.28533333
 -5.86933333 -7.18333333 -5.85533333 -5.73466667 -5.704      -5.72266667
 -5.986      -6.39266667 -5.934762   -5.434      -5.71733333 -5.81866667
 -5.556      -5.28666667 -6.862      -5.93466667 -6.99533333 -7.154
 -7.11179854 -7.09400028 -5.52133333 -5.832      -6.59133333 -6.98556805
 -5.94266667 -5.86       -5.68333333 -5.52133333 -6.94666667 -7.11133333
 -7.04196813 -6.42       -5.962      -6.35333333 -5.44       -7.02133333
 -6.40133333 -6.54733333 -5.77533333 -6.05466667 -6.04       -5.89866667
 -5.98666667 -5.852      -7.13533333 -6.054      -6.054      -5.52066667
 -6.056      -6.40666667 -6.53933333 -6.02933333 -5.77       -6.40933333
 -6.14733333 -5.56533333 -5.33933333 -5.56533333 -6.90533333 -7.08179828
 -6.662      -5.50533333 -5.702      -7.04       -6.12666667 -6.04666667
 -6.35333333 -7.30933333 -6.62666667 -6.83172855 -7.06866667 -7.10845658
 -7.04       -5.97066667 -7.468      -6.05203248 -5.83733333 -7.32466667
 -6.48266667 -6.97       -6.724      -5.338      -6.096      -7.052
 -7.338      -6.84133333 -5.98933333 -7.54266667 -6.67066667 -7.194
 -5.812      -5.71466667 -7.232      -7.46533333 -6.51333333 -6.192
 -5.83133333 -7.40333333 -7.36066667 -5.26733333 -6.566      -6.044
 -7.36066667 -6.16666667 -6.67466667 -6.21066667 -6.51466667 -6.256
 -5.848      -5.896      -7.17866667 -5.71866667 -5.28533333 -6.09
 -7.13866667 -6.73133333 -6.26266667 -5.77133333 -7.21666667 -6.62533333
 -5.84       -5.20333333 -7.338      -5.75466667 -6.16333333 -5.22
 -5.75066667 -7.20333333 -6.91466667 -7.15333333 -6.82533333 -5.43733333
 -5.396      -5.97       -6.18533333 -6.33466667 -6.18933333 -5.05066667
 -5.774      -5.46333333 -4.84133333 -5.31333333 -4.97266667 -5.63933333
 -5.66933333 -6.354      -5.01933333 -5.698      -5.68133333 -5.77266667
 -5.81733333 -6.49866667 -4.99933333 -5.35833333 -6.462      -6.28
 -6.74066667 -6.72933333 -6.74066667 -5.83466667 -5.422      -6.14333333
 -3.872      -4.89329203 -4.32266667 -5.27151542 -6.36866667 -4.39466667
 -4.982      -5.05933333 -5.342      -4.91066667 -4.84666667 -4.96
 -4.89       -5.14133333 -4.18133333 -5.112      -5.05533333 -5.14133333]","[0.22580621 0.13166287 0.11062248 0.06115917 0.07764306 0.04638007
 0.05701462 0.04638007 0.12021093 0.28640298 0.13574486 0.14563119
 0.10973503 0.07328483 0.04604346 0.04035399 0.192      0.01019804
 0.04837814 0.0265832  0.06338594 0.092      0.0287054  0.2049542
 0.07566006 0.05310786 0.07705698 0.05369047 0.04384834 0.08666667
 0.2267294  0.24152663 0.04195235 0.02636496 0.04297803 0.23174699
 0.10851728 0.03241399 0.08286133 0.30703167 0.05439607 0.15370968
 0.07563692 0.17565876 0.14957582 0.01571977 0.02793644 0.05139823
 0.09431861 0.04066667 0.01571977 0.01019804 0.12019614 0.30122417
 0.07082028 0.1252482  0.16446006 0.04245782 0.04706497 0.06545567
 0.11317248 0.0884182  0.06328068 0.03317295 0.04155853 0.17238716
 0.01169616 0.04533333 0.08263978 0.12699256 0.26666667 0.03022876
 0.04649492 0.0931188  0.03919184 0.08650241 0.06399306 0.06668
 0.06280127 0.11259366 0.08086152 0.03761796 0.06471819 0.08997778
 0.04454211 0.0440202  0.08386762 0.15316803 0.11799435 0.10696625
 0.02477865 0.01559597 0.10567455 0.05968808 0.04150502 0.02376194
 0.18133333 0.13197643 0.0761869  0.08505162 0.23097859 0.06578078
 0.01811924 0.11155467 0.04405048 0.30631139 0.11535453 0.37752763
 0.09950098 0.06392357 0.06330175 0.06277296 0.13371612 0.14179171
 0.1071655  0.1256733  0.12206738 0.13450155 0.13450155 0.07472617
 0.17816846 0.32713572 0.10203267 0.26996625 0.04905779 0.2440255
 0.19238157 0.09298984 0.05527306 0.09298984 0.08855883 0.01811166
 0.416      0.08210021 0.08057019 0.08625543 0.10458383 0.07583608
 0.15079051 0.11088332 0.14514361 0.10940209 0.01045626 0.03135724
 0.09218339 0.30454629 0.22382136 0.07811418 0.26646993 0.06578078
 0.16091958 0.12947758 0.28714224 0.09733333 0.16672532 0.14617493
 0.04102032 0.09790245 0.08695848 0.06219682 0.16025535 0.07221573
 0.28407824 0.08234345 0.03733333 0.17196382 0.18526857 0.20536796
 0.19009471 0.07036413 0.07288957 0.04649492 0.11933892 0.22668039
 0.07288957 0.14515892 0.1966565  0.12965595 0.19863534 0.10671665
 0.03317295 0.24260072 0.0538145  0.16618062 0.05471543 0.24825614
 0.03145367 0.15286305 0.06754093 0.01185093 0.0700476  0.11020385
 0.01429841 0.10597694 0.25238947 0.01454495 0.09072547 0.16923357
 0.04659041 0.08175845 0.18795508 0.23679339 0.12193988 0.1889903
 0.02533333 0.10413666 0.09655396 0.08575417 0.06205374 0.15636709
 0.18092847 0.2601538  0.01127436 0.19614054 0.12543967 0.24183006
 0.28138072 0.23538526 0.23042376 0.16683458 0.09781161 0.0655371
 0.2115908  0.23951432 0.04615914 0.16688652 0.15137298 0.1386282
 0.09170969 0.1305782  0.09170969 0.09429505 0.04266667 0.39581702
 0.09488238 0.03100376 0.21367057 0.12102636 0.01066667 0.14675149
 0.29785604 0.04533333 0.05256108 0.07288957 0.08886944 0.09928634
 0.09547542 0.20617792 0.18200855 0.15950758 0.12646651 0.20617792]"
9,SVR,"[-6.290734429095297, -7.1529091561073574, -7.066600341708316, -6.757111718930499, -6.275226288828908, -6.800269476562729, -6.137292798579157, -5.961594500550402, -6.56781640324502, -6.052379949671124, -6.614582690791363, -5.767127967477992, -6.068414188224507, -5.74859476365342, -6.132686826151351, -5.660752226405925, -6.540247451804128, -6.048744407243114, -6.38134376820217, -6.519713011698187, -6.477823459719527, -5.733422082136106, -5.977969296020618, -5.843714031820877, -6.659500447271496, -5.7294063798553685, -6.569050834318815, -5.620986470191941, -6.447618240975749, -6.6113619747267185, -5.872044575802538, -6.5408398876816, -5.8971518681829105, -5.9668082181056254, -6.004253672938919, -7.005500726307138, -5.672405130571808, -5.5049299634161635, -5.591528670259861, -6.9518010339775165, -5.741209210865191, -5.971366464517994, -6.643946920217347, -6.2628116171632175, -5.97161147802085, -5.508136330267478, -5.918659895197269, -6.2565227451060235, -6.990069824691519, -6.530620079002277, -6.739883236111724, -5.889495703814172, -6.312030686062832, -6.048724903503659, -6.347430295415359, -5.773701393936038, -6.900580135743776, -6.017712662178078, -7.139256296558291, -5.745726475916648, -6.026900310250976, -6.221443340912968, -5.964940270687488, -6.278443558478264, -5.502268605310134, -5.791902858887434, -5.887535190206727, -6.122694274140203, -5.881070080190542, -6.047995919781922, -6.916709991649444, -7.1878414308368415, -7.14269747066895, -7.0692788853322455, -7.126399957946562, -5.786349675927336, -6.271011944386132, -6.279098262225101, -6.500605964977689, -6.830293364821729, -5.549813583829156, -5.764780521138689, -5.773965809393547, -6.880767909899646, -5.6536543918597815, -5.902923044069027, -6.06788127756405, -6.2199736588642764, -6.227466719578881, -5.897416003067212, -5.8316021562852765, -5.82997738506623, -6.004590367460542, -6.067162261958653, -5.72218012779525, -5.602589358945261, -6.769076222709196, -5.963806060783179, -6.053601220429055, -6.19085323423663, -6.387377649655069, -6.11619296901879, -6.104282820242464, -6.0821147324805285, -6.63537683457352, -7.412863559427109, -6.18107710241081, -6.774130379168804, -6.036131786510687, -6.321302156854458, -6.467046235316602, -7.037298007927532, -6.292396713620784, -5.8617171896473454, -5.847349637683141, -7.35536222864205, -7.294927548467587, -7.129439310878532, -5.821170353842289, -6.45303198667958, -5.981267044140299, -7.292544271499052, -7.389507292053009, -7.2427450901892865, -6.918208258408882, -6.926566209042157, -5.545526878929602, -6.317333458945131, -6.815280726149939, -7.008981815270155, -7.254662037920243, -7.0084854025212024, -7.282296191929405, -6.1394294099955085, -6.667879386997366, -7.230292239166268, -7.410467354985958, -6.128313989944, -6.369190113948849, -6.310570650121888, -6.106849702289409, -5.855079089887738, -6.465574484797098, -6.381731179927847, -6.927348572393919, -5.768377801821485, -6.933205680973019, -5.826228123773487, -7.27654962452446, -7.347755664535661, -6.193923867791326, -6.155947718597882, -7.014288130857788, -7.121824826935763, -5.221351679603712, -5.5075059477293244, -6.2232271594714765, -6.531101534856265, -5.884319975598032, -6.841470213302071, -7.036594925935874, -7.546901637532815, -5.682541813117881, -5.295278406731071, -5.566214284184145, -6.442277297344122, -6.193847632754666, -5.850857337349114, -5.929296053453208, -5.6095022848285385, -5.809087600504066, -4.9564257477114815, -4.965426850549139, -5.207246117130407, -5.1880002022845595, -6.325403818739756, -6.600078445432326, -5.980022867015865, -5.696159787989471, -5.835852091903062, -6.070115303122309, -6.256963752912246, -6.384393673934399, -6.16426600938354, -6.119325772639741, -6.354583342058866, -6.034965454898123, -6.080821010043563, -5.457932326332413, -6.351587707282897, -6.459947589514043, -6.4620476815537256, -5.1546488562096595, -5.074295208832523, -5.0492304101783, -4.361753573033305, -5.089857164581781, -4.944207250579447, -4.593622441582187, -4.937113405432637, -4.879983717147628, -4.930160022874982, -7.030999861722337, -7.124966290751226, -6.5201936882107265, -6.007484603374685, -6.18510040327227, -6.667013267733465, -5.69235555583502, -5.899950604264602, -6.108616429724181, -6.108616429724181, -5.823832552586821, -6.012133231671565, -5.520170496388232, -6.270180337790031, -6.078679217538516, -6.502924254888979, -6.06861853471168, -5.839821343637519, -6.385325182749792, -5.848494022417131, -5.848541301092096, -5.6954049917781475, -6.1178315445982925, -5.685188901205503, -6.000209510756593, -5.792993016895976, -6.472625697896055, -6.0864365246837275, -6.275343469161426, -5.7417758865890285, -5.885047886217211, -6.042272977276857, -6.053795737251579, -5.923792497050328, -6.715480799996129, -6.8527623100962956, -5.959747672586291, -6.485100764111268, -5.753585715089837, -6.932483574633797, -5.8612780244005, -5.848591943128024, -5.821306268151052, -6.017354053065679, -7.1321804616109175, -6.62803139125934, -6.298906307340966, -5.974077386932882, -6.042528566846976, -6.057197885398429, -6.507448000718453, -6.845850260206735, -6.736934827670749, -6.2381413791436096, -6.747793022766118, -6.2955694726425895, -6.006070116740025, -6.419181294232551, -5.457665719097639, -5.51115652545974, -5.7188642538536865, -5.842405088747906, -6.368540727844292, -6.044240173238558, -6.042242286517556, -5.670418074931259, -6.838124360959218, -6.6776769112545304, -6.261752521424563, -6.239115781509744, -5.645546393568115, -5.778012676835072, -6.873861072503002, -6.949313086902771, -6.616141220362855, -5.886312117615377, -5.766651128311, -6.870889824613606, -7.099317027942298, -7.098139840436498, -7.180548519627652, -6.240188465431337, -7.170253338271117, -5.9987599294004665, -6.140002334020528, -6.241897956871807, -5.634868019709323, -6.18023459664729, -6.215250602664603, -6.749691964516643, -6.097513878823854, -6.635051365857841, -6.449371249361099, -6.188673220916832, -6.285137387026957, -7.168662967785449, -6.388129138755443, -7.308361913855489, -5.893146551714756, -6.5906235168263985, -6.357531785995323, -6.34476624186531, -5.926126592505068, -5.892154337703761, -5.85424524484366, -6.825627065414446, -6.783783747750513, -6.014147141560357, -6.93958474284586, -7.020281488355908, -6.5905524014254855, -6.913229141599167, -7.10808903991022, -6.050152192549163, -6.992829597072678, -7.189028831392628, -6.864593912052609, -5.850455105473778, -7.302427678163289, -6.83737740026251, -7.413717296930711, -6.039062760940486, -7.447012124170736, -5.54811665529129, -6.461513326061443, -6.291170040641673, -6.125772998768625, -6.156013860824916, -5.823593133980043, -6.927497471146284, -6.954365612924683, -5.84749728027299, -6.344387605113757, -6.656148535857754, -6.400680502983039, -5.274773783913015, -6.564294564535444, -5.625146144769765, -7.115789568145247, -6.17371048213273, -6.755032919040487, -7.1590533116643, -6.716872489625434, -6.555986643274418, -6.2343156010352265, -6.448719363523443, -5.445588123659807, -7.2756540079149525, -7.176113098778043, -7.145967621923171, -7.093972408374257, -6.930198401478675, -6.656862334943412, -5.183545058656256, -6.8141112973636995, -5.828724638898477, -7.310344409335301, -6.141278416237207, -6.472133880714648, -6.973620068309202, -6.35253754562489, -6.955209512582719, -5.262752066418343, -5.898032057178831, -5.749452354924239, -5.821481793354501, -5.248624712701941, -4.972911566957311, -4.96924466867398, -5.057861917089932, -5.07053031156134, -5.887740209425842, -5.814795965772646, -5.829896693864118, -5.829812284830813, -5.74230253659851, -6.082156881174299, -6.749664210664392, -5.4887510091466405, -6.611323671196574, -5.813384533841266, -4.12201780036785, -4.12201780036785, -4.177373239555083, -4.147327036131934, -5.332059556081689, -5.391608628079975, -5.138017302307287, -5.38111832964943, -5.38111832964943, -5.160103166909066, -5.160103166909066, -5.262067073959651, -5.391608628079975, -5.609210616883444, -5.4392799364603786, -4.556062693182607, -4.466554128387149, -4.556062693182607, -4.797231282073985, -5.056663237293747, -6.166208299080164, -7.042204560151393, -6.738373439976036, -5.97311495292714, -6.221649398235552, -5.9529072154994385, -5.549571618961178, -6.196760230197695, -5.927063211144257, -6.012788412417012, -5.969982034411552, -6.7025014727185965, -6.770431412393457, -6.410347013015076, -5.862692396292236, -5.8817352878875475, -6.01943375247377, -6.430206397168518, -6.120868856401732, -6.598361850874173, -5.928904917639103, -6.336499982349789, -6.402311553241157, -6.458098254161481, -6.023752375075771, -5.387239794201894, -6.433374986756122, -5.960164328751783, -5.949270523733738, -5.840308191170134, -6.151575183376327, -5.997025058317235, -6.15005310943834, -5.843745537416165, -5.667319530319024, -6.791533559995816, -6.588729577913825, -5.99264015759295, -6.50472752911466, -5.7259179840087455, -5.66772507409881, -6.878683890212059, -6.1474576874607685, -6.041816125831301, -5.891882852396732, -5.891110034271323, -6.315766756184187, -6.841973700267799, -5.882251009835751, -6.406972672294872, -7.003955651996407, -6.411924476052882, -6.098272514652926, -6.23667134929484, -6.295656386986343, -5.874100942536466, -6.632391421617399, -6.919047127675949, -6.332564110894625, -7.152690162931483, -7.1638132911008405, -6.664818975560459, -6.622096283791714, -5.847655311573639, -5.945878339633271, -5.94296793070612, -6.2032108745076595, -5.844697986757854, -5.741145213556594, -6.118187229867569, -6.052250627683663, -5.582073476628936, -5.723259974644148, -7.374796955797845, -6.931705179877511, -5.835573984859804, -5.908902322540968, -6.980213118286719, -6.954687558158397, -7.067762876570101, -5.804828985524374, -6.64347765404281, -6.138476951716011, -6.507631273555298, -5.806488194929798, -5.880216665305722, -7.357882988141314, -6.040096861746464, -6.045131860486337, -5.7082232112558495, -5.8150146950064086, -5.847400273008181, -7.5394020709394365, -6.251450871849467, -5.971067520005591, -5.887673659896887, -6.122846115457254, -6.65547649766348, -6.9038990462203556, -6.107140594813882, -5.897447780230416, -6.020074135875405, -5.954808651944978, -5.954896589137525, -5.880553658657739, -5.960030473535124, -5.9800959175026325, -7.338616189355368, -6.642015882870784, -6.613124408978733, -6.847053435425384, -5.895771622354496, -5.84371178692364, -6.398936358741752, -6.635510646206148, -6.225525851578669, -6.2251534550140075, -6.04100637737674, -5.923693201334174, -6.882380935351828, -6.425603500299505, -6.290461228305386, -6.658153527641487, -6.925127129241038, -7.32958834510481, -7.0048900595445085, -6.847857587205836, -6.961133114020127, -6.514454470195233, -7.04971136405865, -6.234150749815184, -7.036851125274104, -7.478399849978505, -6.906327013233769, -5.939775714219242, -7.1793271515647765, -6.110415282806285, -6.861586856938167, -6.742987369745417, -6.561251258299607, -6.3548584589748165, -6.10905457678626, -7.287541674800066, -7.3759949687402955, -6.242495165695622, -6.224928967320803, -7.041848177673884, -5.777569385057133, -6.60505878014644, -6.356274854114331, -6.1310261058925954, -6.51544471151027, -6.199314351426384, -5.949110099149492, -5.407508752358523, -6.657845890863478, -6.058366166200555, -6.434615993509008, -6.045081643123831, -6.349981503761099, -6.5978275399132755, -7.414651553678032, -7.150342882569518, -6.9300409664387566, -6.012049340384764, -6.020511713759659, -6.2622778399265, -5.834145871564983, -5.597153887380549, -5.419869286555164, -5.8510782766773355, -5.079143059880634, -5.890422482790734, -5.149010521021381, -4.934194458520983, -6.348987913990877, -5.433773294553635, -5.516909085370833, -5.805132761806176, -6.219472248435652, -6.024270123538946, -6.024270123538946, -6.118964886164828, -6.0739416112342814, -6.559908061889936, -6.036570493273066, -5.780635654412761, -6.252010842102188, -5.509892433022342, -4.378890343568754, -4.983749413900851, -4.564445447626706, -4.9183102454902485, -6.156299090718445, -4.310441954359023, -4.390325449730892, -5.039529932501337, -5.308767222292443, -4.7696502690123035, -4.6188030592232945, -4.829182272697086, -5.254182059980323, -6.285047763503145, -6.9389984845012584, -6.029254456718836, -7.043304872284954, -6.196630573288791, -6.458142729412955, -6.096382704860839, -5.870065808431284, -5.652732720256644, -6.6915425779410445, -6.14767043810297, -5.673136251883859, -6.234584293469133, -6.2637759674212985, -6.01395694807066, -5.907504713259386, -5.968078325369437, -6.470180435602125, -5.866962560625322, -5.8498452219304, -6.679869034175775, -6.0344849974114485, -5.993999355762572, -5.907465036944623, -6.529635156132068, -6.436665855087191, -6.229055615376382, -6.23493513639801, -5.911161217134102, -5.656335231779831, -5.524238782663506, -5.8394121474255245, -5.860792294492933, -5.97178462549956, -6.281751803043168, -5.937160541454099, -6.934088313819059, -6.061985322910199, -5.519089369282414, -6.11588573381517, -5.519089369282414, -5.846040885024123, -5.916447007337687, -5.933103500097375, -6.2822633430351456, -6.013219441018686, -5.832277225707614, -5.876999848251849, -5.720790021383146, -6.547567893967725, -5.873098780072464, -5.746551899344232, -5.540131468284776, -5.748638644267372, -5.80255255231687, -5.541959167924623, -6.4717610256712055, -5.560163588147698, -5.811036060281826, -5.694479371614542, -5.951876855910662, -5.948182507405662, -5.898533200878311, -6.568704177186184, -6.207772666402699, -6.051916777030204, -6.006289021481608, -6.012598296586893, -6.43666936921807, -7.1218269382331485, -6.2930149322708075, -5.8764185998806076, -6.02874918166071, -5.761499158197268, -7.015200879328636, -5.646897247898956, -6.975986608678174, -6.679144329126211, -6.279820827620056, -6.042740197910421, -5.896132290809734, -5.633486571778068, -5.626088483427798, -5.989697779348847, -6.147346991787333, -6.059030141261515, -6.125161323639207, -6.033724036333917, -6.429298901255598, -6.187130741725182, -5.916486526636892, -7.4043995883038995, -6.683927439907112, -7.252248394833595, -7.432055238866409, -6.68457546799753, -6.121520948644791, -5.8961529575197655, -5.959756498527802, -6.123849100529941, -6.244762293945148, -6.129820823286069, -6.010077970312953, -6.301372505878584, -6.7880576827489945, -6.054849073900345, -7.506786557009813, -6.610352616253808, -7.027379202561843, -6.344421262003765, -7.140917870486117, -6.313793648001126, -6.05747875414568, -6.679961196263847, -6.90984249191677, -6.142940646255311, -5.84304735451991, -6.33042071533807, -7.152579389568093, -6.972856320063838, -6.971731774674523, -6.503085046466921, -5.890804594027236, -6.074062871879055, -7.048544577082893, -7.1881898772982105, -6.534170376056895, -7.473483806529838, -7.562771798268673, -6.5117926582944765, -7.044789173993249, -5.2363340899284205, -6.883717542991171, -6.287575635722518, -7.610638293641728, -6.135590966169896, -7.334020485225894, -7.173391821682946, -6.258390510962154, -5.480887752506239, -6.725826732846327, -5.672787470539055, -6.044110406674189, -6.160383472825604, -6.122804085343023, -7.256041942637473, -5.075731243652435, -6.681730137629352, -7.503867140991885, -7.296322111068532, -6.455829710808548, -5.380470865510205, -7.194496053531792, -7.298747524686459, -6.809587203139771, -6.865409638636507, -5.651154348266901, -4.814538424090267, -6.343878182316649, -6.638907082848297, -6.804558224736857, -5.100217557370374, -6.311048147740781, -5.730797229088717, -5.893127782804643, -5.131803241513273, -5.169005202041392, -4.932663073704501, -4.901390271286818, -5.3301947320212175, -5.264749808820651, -6.302066349816593, -4.876385049558621, -5.089996290879083, -5.51838362181153, -5.555865804944682, -5.740170887934143, -5.718850554534298, -5.740321792564897, -5.718850554534298, -6.018277850635946, -6.980433782595816, -6.323683839256978, -6.624190545834419, -5.18432791408925, -7.037872641113856, -6.9494774842318785, -6.379203906480598, -5.042676468541915, -6.194867674902689, -4.390343724317463, -3.8804226661694385, -5.275757659217061, -4.991842649258134, -5.102778162132649, -4.579961981700753, -4.770327607202177, -4.770327607202177, -4.770327607202177, -4.839079156114533, -5.136336086397033, -6.2486620419546615, -7.260653042223899, -6.884535395574699, -6.2698130148197775, -6.1012267294118425, -5.875302441044299, -6.592762563259381, -6.094277109407488, -6.260819786003185, -6.246130999731543, -6.739819909639315, -6.369574577080847, -5.696164159327437, -6.023520859192715, -5.819045384200317, -6.2517854637824835, -6.426625719040269, -5.984263351010817, -5.958966429573051, -5.958966429573051, -6.116850896644852, -5.889286490788646, -6.23122905021525, -5.738299598505062, -6.123440981984278, -5.589323052768418, -5.671788254148788, -5.6335323588529285, -6.896196668736058, -5.766692538939925, -5.589899910908296, -6.89546247459624, -6.1834291695633725, -6.113923232401192, -5.5594272616998035, -5.956338599864296, -7.2922096288508405, -6.223422654536332, -6.383364847500095, -6.7887952792056945, -5.485916605368278, -5.979313317576693, -6.1078203440757814, -6.040733149972906, -5.514904745575451, -7.074336749137877, -6.06626495945404, -5.850036717293563, -5.763371730304842, -5.852355149789275, -5.555474365757442, -6.250098595768571, -6.95971553292755, -7.233002314184237, -7.063595275387377, -5.719154031225394, -5.616951740609083, -5.777531824762247, -5.636340193601785, -5.7194837447059745, -6.04977490366924, -6.330280189445233, -5.842891473698792, -5.79279319113702, -6.993972280943514, -5.816158042352725, -6.7325411890501465, -6.410842010368084, -7.111016859931702, -6.264462318667148, -5.9865333524199595, -5.973205074430544, -6.80090551613053, -5.911741037705992, -5.559697423841908, -5.663789537199005, -5.844260247664017, -5.933221221653581, -6.625698633938727, -6.117900472480251, -7.223261271719464, -7.032933102386583, -5.905489485689597, -6.109600434307923, -5.934078136504044, -5.727002793585104, -6.572502797054045, -5.944669537040196, -6.008513993310955, -6.53100739594288, -7.333474612558868, -5.814463779882138, -5.835066000819909, -5.919586502510664, -6.08325345275287, -6.267549041214043, -6.241106276754877, -5.864247871212492, -6.18059528292451, -6.172839454482976, -6.11695088445517, -6.285360843258527, -6.162063070492237, -6.024185335831339, -6.755265578580525, -6.069240875717282, -6.215513850199996, -6.147450891290738, -6.608868465435008, -5.907845731114692, -7.051558649594721, -5.704228530159578, -6.876319581373124, -6.471678410423628, -6.150668732498138, -6.419888356613724, -5.7602013054782315, -6.816983798352899, -6.790815119777529, -6.884966300394923, -6.943045346760838, -5.6304197326102825, -5.950026725917785, -7.366421535963248, -7.406876470020791, -5.9001335866236175, -6.303043855721907, -6.371628757384049, -6.817824660191591, -7.067927716276789, -7.244869747446057, -6.240899933475214, -7.14226458268329, -6.0229161645599, -6.376247854937566, -7.3828987478262444, -7.387263830646975, -7.145256642402073, -6.37859277474126, -6.54606436074083, -6.1369434070358295, -5.627447173603155, -5.182037968370003, -6.9770153135316235, -7.196918896461602, -7.222511224128107, -6.461124192855129, -7.20995021769796, -5.503573562904588, -6.388559671866065, -6.341692166585995, -5.200399578595869, -6.8461767384264665, -7.118020901752764, -6.128260749873552, -6.061320945938884, -4.853232699136759, -6.7430399719485985, -5.4795499629814755, -5.554964295990557, -4.905489692897934, -6.208229356789663, -6.113982078152823, -6.214716994838722, -5.3030188199789325, -5.181741685500426, -5.0648352937680565, -5.067384933902778, -5.005696538161318, -4.893112314390748, -5.066622277215131, -5.64866709730915, -5.4720470358459306, -5.62590284629627, -5.651678642234766, -6.001666270666712, -5.940531669965392, -6.773876469861523, -6.366474680991397, -6.72217905291211, -5.863683856570119, -6.036699246269901, -6.940838115647698, -6.940838115647698, -5.520467366037035, -5.520467366037035, -4.658931358407471, -4.654379463654831, -5.060323036542763, -6.6600994783526515, -6.657861583338348, -4.5111473799008275, -4.94406511845131, -5.278066356710584, -5.0242621725281795, -4.996495846620298, -5.1708550915914, -5.140127051801679, -4.94406511845131, -4.770268540580707, -5.379754115766252]","0     -7.22
1     -6.21
2     -7.24
3     -5.92
4     -5.96
       ... 
247   -6.00
248   -3.99
249   -5.24
250   -4.77
251   -4.71
Name: Permeability, Length: 252, dtype: float64","[array([-6.18650663, -6.24721226, -6.1345799 , -5.93273299, -5.88011146,
       -6.74003227, -5.84767624, -6.89131946, -6.76009276, -6.55232701,
       -6.19007939, -6.17010811, -6.19403869, -6.04423086, -5.7809473 ,
       -5.58394867, -6.53073485, -6.99588553, -5.76776248, -6.47842353,
       -6.17184374, -6.5484177 , -5.86309919, -5.68121875, -5.59186482,
       -6.07985706, -5.68577356, -6.05791729, -6.17935328, -5.80106018,
       -6.61580384, -6.60272834, -5.80566186, -6.3319607 , -5.75554381,
       -6.47597181, -5.63015207, -5.83835156, -5.86375961, -5.61611376,
       -6.31737855, -6.03749191, -5.81763915, -5.97444456, -5.99089497,
       -6.61269678, -6.4063694 , -5.74333081, -5.89863975, -5.53236381,
       -6.86456216, -6.99405316, -5.72173577, -5.72822613, -6.24390908,
       -5.89805591, -6.51797375, -6.54658663, -6.01027575, -6.52498303,
       -5.79962112, -6.34933598, -5.71562963, -5.63905396, -5.76845259,
       -6.41305639, -6.90275061, -5.52382868, -5.78039809, -6.26643559,
       -6.01210752, -7.17338747, -5.90564455, -6.74291071, -5.82122327,
       -5.73023843, -5.81094971, -5.99224618, -5.93952322, -6.63916582,
       -5.8616378 , -5.74921888, -5.58341261, -5.74317483, -5.70406414,
       -5.5896565 , -6.83749025, -6.153909  , -6.96349014, -7.13404666,
       -6.97398197, -6.97522625, -5.8182426 , -5.99552022, -6.51064599,
       -6.74601782, -5.91781901, -6.25212218, -5.5738038 , -5.81875858,
       -7.0324562 , -7.18597935, -7.10294581, -6.16590059, -5.9816292 ,
       -6.17664107, -5.969766  , -6.73564844, -5.93411462, -6.15447547,
       -5.97562319, -6.13340875, -6.27297433, -6.21615266, -6.04980211,
       -6.00177987, -6.88651231, -5.9297704 , -5.9297704 , -5.77625321,
       -5.98432537, -6.10992916, -6.12752375, -6.29321432, -6.21662521,
       -6.44686206, -6.1908699 , -6.13998464, -6.10797617, -6.13998464,
       -7.49444957, -6.99985175, -6.48369368, -6.00660188, -6.12198607,
       -6.52215928, -6.26023962, -6.07744989, -6.48734678, -7.36205634,
       -7.33873697, -7.01377118, -6.85366544, -7.08406706, -7.13929789,
       -5.97222415, -7.16965059, -6.1311504 , -5.65200875, -7.40060531,
       -6.48435899, -7.24075751, -6.61373476, -5.61826898, -6.33083764,
       -7.35389556, -6.71797807, -6.75748309, -6.38583702, -7.40053771,
       -6.80978318, -7.04675689, -5.998038  , -6.02265288, -7.09596976,
       -7.36874218, -6.68987626, -6.37620095, -6.12188939, -7.25878006,
       -7.50759911, -5.32451865, -6.74856815, -6.35282707, -7.46818992,
       -6.29355228, -7.01490245, -6.27926869, -6.28611545, -6.15313926,
       -5.73277634, -5.83353205, -6.95437225, -5.94881339, -5.26931208,
       -6.34262584, -6.93982427, -6.94846931, -6.3982223 , -5.82427842,
       -7.33144543, -6.63550147, -6.09988798, -5.17360693, -6.93194227,
       -5.63774727, -5.9101671 , -5.49505976, -6.17769061, -6.88274287,
       -6.58132336, -6.80484807, -7.10945697, -5.70160237, -6.19397206,
       -6.44187538, -6.17959959, -6.59815192, -6.36576186, -4.91345575,
       -5.03302631, -6.41633702, -4.96026546, -5.12585952, -5.19573148,
       -6.31890192, -5.54813344, -6.62233034, -5.0646954 , -5.65355631,
       -5.81339043, -6.36414526, -6.37692997, -6.37710444, -5.68597945,
       -6.10698391, -6.45793825, -6.43418654, -6.88990074, -6.77206101,
       -6.94700085, -5.66014169, -5.46009668, -6.2741488 , -4.45186999,
       -4.93058872, -4.45226423, -5.21795571, -6.71816973, -4.47144849,
       -4.60432553, -5.08964861, -5.32287102, -4.9057654 , -4.59340418,
       -4.88337161, -4.93686084, -4.76829073, -4.54418898, -5.06082134,
       -5.12205069, -4.84165964]), array([-6.91921515, -6.44588372, -6.36200023, -6.00351801, -6.0461385 ,
       -6.77996601, -5.81723789, -6.96242782, -6.64422843, -6.56642302,
       -6.26077439, -6.21648244, -6.27521613, -6.0734493 , -5.88321706,
       -5.63469395, -6.4573352 , -7.0110156 , -5.75141703, -6.50812844,
       -6.25416324, -6.46142519, -5.84287414, -5.46904204, -5.59486573,
       -6.03718161, -5.75138147, -6.0104309 , -6.1747525 , -5.89195388,
       -6.70984413, -6.42888547, -5.85711161, -6.33805733, -5.81261156,
       -6.24561384, -5.61594295, -5.84623136, -5.85190538, -5.61262592,
       -6.27553444, -5.928383  , -6.0882441 , -5.80650388, -6.14918269,
       -6.52534608, -6.39340964, -5.85353664, -5.90114159, -5.49335006,
       -6.82089325, -6.9573245 , -5.76130338, -5.73014854, -6.23861715,
       -5.94848265, -6.18810292, -6.49209406, -6.00424424, -6.58286858,
       -6.02668476, -6.28695766, -5.63574265, -5.58506287, -5.74672148,
       -6.03163724, -6.94765579, -5.42320223, -5.72497303, -6.14966067,
       -5.89306519, -7.11533724, -5.89867398, -6.77833003, -5.85455576,
       -5.72357698, -5.83037027, -6.05248979, -5.95257797, -6.53512135,
       -6.03097619, -5.64564606, -5.51658412, -5.8781403 , -5.69405948,
       -5.54543635, -6.89041317, -6.32704688, -7.06336513, -7.00602687,
       -6.93984676, -6.98322638, -5.6549316 , -5.87866519, -6.56803531,
       -6.76345758, -5.87109332, -6.2220972 , -5.55068018, -5.76661984,
       -6.99740557, -7.22412527, -7.14245435, -6.11961202, -5.96713816,
       -6.19013407, -5.91161612, -6.73169597, -5.99247948, -6.06213749,
       -5.91067352, -6.13272797, -6.30210586, -6.29338504, -5.94757882,
       -5.94693394, -6.92794494, -5.96639965, -5.96639965, -5.7437646 ,
       -5.86629808, -6.17262033, -6.07481078, -6.2947409 , -6.22248711,
       -6.4200872 , -6.20676931, -6.13321846, -6.11255029, -6.13321846,
       -7.37286382, -6.9940456 , -6.44634834, -5.92742129, -6.03979394,
       -6.54368408, -6.26350633, -6.0658863 , -6.59280324, -7.0357653 ,
       -7.23589866, -6.96510134, -6.8503497 , -7.0707653 , -7.13648198,
       -5.83951983, -6.98118251, -6.02610783, -5.76544761, -7.28251638,
       -6.3924265 , -7.12273687, -6.64791475, -5.60422768, -6.3357824 ,
       -6.9518173 , -6.66292151, -6.78785541, -6.25950346, -7.4267648 ,
       -6.83896846, -6.96829696, -6.11543486, -5.93317239, -7.13189832,
       -7.29219162, -6.64095413, -6.47761858, -6.13527182, -7.12177434,
       -7.46161024, -5.28447943, -6.83402801, -6.28295802, -7.43946079,
       -6.31644967, -7.05829796, -6.31053348, -6.34322373, -6.57156662,
       -5.82064963, -5.94501531, -7.12564122, -6.04394964, -5.12358575,
       -6.3854906 , -6.92341452, -6.87252043, -6.37399202, -5.89606284,
       -7.29826579, -6.65322368, -6.10844944, -5.16534083, -6.91359358,
       -5.64995968, -5.91148675, -5.60703244, -6.26773886, -6.93853068,
       -6.55787656, -6.69681617, -6.99275572, -5.71505308, -6.1806151 ,
       -5.91952162, -6.01794682, -6.59474404, -6.17752968, -4.78224401,
       -5.01537423, -6.16207392, -4.86672036, -5.05351361, -5.02263388,
       -5.8795898 , -5.32100838, -6.54449344, -5.02983913, -5.63186125,
       -5.38492619, -6.17783317, -5.82248804, -5.82266485, -5.46466666,
       -5.83790669, -6.2998365 , -6.75201218, -6.74317275, -6.55225337,
       -6.74808883, -5.75051944, -5.49103518, -6.12362661, -4.56746375,
       -4.74092496, -4.29078007, -5.45495405, -6.71696104, -4.32081414,
       -4.41666279, -4.97123488, -5.34106133, -4.93572286, -4.95010932,
       -5.26193707, -5.14008902, -4.55486808, -4.35890386, -4.94241558,
       -5.06038876, -4.64855564]), array([-6.79606472, -6.37960086, -6.29045701, -5.94587229, -5.89326878,
       -6.76846066, -5.82911511, -6.94707709, -6.71051989, -6.62796167,
       -6.21470196, -6.09619771, -6.08213687, -6.12756052, -5.81345399,
       -5.59819525, -6.67058286, -7.07208893, -5.72626374, -6.44723452,
       -6.28506658, -6.44043066, -5.84808495, -5.72304627, -5.49464176,
       -6.01815023, -5.77320973, -5.954272  , -6.26152874, -5.88944946,
       -6.65309781, -6.57557288, -5.88453943, -6.32147623, -5.75223798,
       -6.34420112, -5.62835004, -5.86539809, -5.78725364, -5.48184915,
       -6.32759641, -5.91784388, -5.79612094, -5.93991454, -5.95057843,
       -6.62095541, -6.4091398 , -5.83226984, -5.85063315, -5.67428865,
       -6.90900519, -7.00499296, -5.81253319, -5.66586196, -6.24722803,
       -5.89589361, -6.37070734, -6.48360112, -5.83019585, -6.54408226,
       -5.82079129, -6.26037811, -5.68595365, -5.57993259, -5.76495084,
       -6.06760671, -6.95727868, -5.4144317 , -5.750002  , -6.15803055,
       -5.9370879 , -7.23968594, -5.83877269, -6.79419535, -5.84973993,
       -5.78734193, -5.8687315 , -5.99997374, -5.91997855, -6.54808205,
       -5.89756955, -5.74938289, -5.5769489 , -5.79833781, -5.71440793,
       -5.64581692, -6.94221538, -6.321656  , -7.06122719, -7.02829146,
       -6.87316779, -6.99513917, -5.61576666, -5.97803532, -6.50739028,
       -6.6709181 , -5.93084727, -6.18553172, -5.60550656, -5.72291755,
       -7.11478918, -7.26940233, -7.0735232 , -6.24954295, -6.03040271,
       -6.06497258, -5.90880783, -6.80587079, -5.9640959 , -6.16021403,
       -5.91950313, -6.13290052, -6.27089484, -6.13343363, -5.88760865,
       -6.05849571, -6.94160939, -5.95190565, -5.95190565, -5.87594983,
       -5.94400806, -6.17294872, -6.17170529, -6.11230061, -6.28982407,
       -5.91929411, -6.25632991, -6.18180098, -6.20821261, -6.18180098,
       -7.4680015 , -7.00561577, -6.54346334, -6.03326007, -6.10751193,
       -6.49648943, -6.27597462, -5.9613906 , -6.51847075, -7.12628456,
       -7.20669084, -7.09130899, -6.85340806, -7.06829353, -6.98869019,
       -6.03021567, -6.95795386, -6.16266403, -5.7916628 , -7.38431444,
       -6.50840899, -6.96474826, -6.72145494, -5.53559416, -6.30101727,
       -6.87708366, -6.69734843, -6.7125641 , -6.2900661 , -7.52404227,
       -6.79467144, -7.02389417, -6.12064949, -5.98387319, -7.08869717,
       -7.2527516 , -6.69257174, -6.44989961, -6.22400761, -7.29222889,
       -7.47048285, -5.26210942, -6.77276041, -6.4325108 , -7.46208728,
       -6.35779175, -6.97471926, -6.30365985, -6.51309631, -6.24632736,
       -5.91668189, -5.89883722, -6.97680717, -6.14434062, -5.1374498 ,
       -6.37407289, -6.96664513, -6.71076877, -6.45047696, -5.98670672,
       -7.26471409, -6.73715038, -6.21740004, -5.14863864, -6.93006973,
       -5.786391  , -5.81102159, -5.52342759, -6.24285881, -6.88090093,
       -6.60971316, -6.75389073, -6.96683017, -5.6653172 , -6.13019993,
       -5.91888295, -6.05373342, -6.59405316, -6.11037244, -4.86785148,
       -5.15844247, -6.0874462 , -4.93724817, -5.24163239, -5.06879475,
       -5.72226419, -5.37352679, -6.32715059, -4.9845825 , -5.73190672,
       -5.44919609, -6.26033248, -6.21012606, -6.21030563, -5.45980932,
       -5.84051865, -6.11860005, -6.69953896, -6.77435878, -6.82722198,
       -6.9443737 , -5.76820962, -5.51114601, -6.0873279 , -4.69192856,
       -4.79643676, -4.54001336, -5.36688343, -6.71716296, -4.58063036,
       -4.45466776, -4.98542861, -5.36735006, -4.95413432, -4.88164033,
       -4.86133957, -5.11708166, -4.61768607, -4.42529728, -4.85993987,
       -5.01373033, -4.74676186]), array([-6.507146  , -6.37618736, -6.24382597, -5.79534841, -5.8116309 ,
       -6.81499554, -5.7923113 , -7.00436183, -6.75926716, -6.37613141,
       -6.17690883, -6.12336612, -5.98215268, -6.01245809, -5.82018325,
       -5.6187298 , -6.5230787 , -6.98612944, -5.73085212, -6.45361162,
       -6.16359555, -6.35781553, -5.96814289, -5.53746555, -5.56994766,
       -5.98802538, -5.78236856, -5.97261312, -6.23687969, -5.81850927,
       -6.76730676, -6.43915518, -5.7451126 , -6.29993446, -5.74416766,
       -6.35540382, -5.65268491, -5.87572044, -5.86911897, -5.75144057,
       -6.36257451, -6.01001197, -5.84084346, -5.81705882, -5.97639471,
       -6.50247271, -6.38895673, -5.80914202, -5.79793192, -5.65949116,
       -6.84259201, -6.97776538, -5.80055337, -5.68122665, -6.30605968,
       -5.95997465, -6.30251457, -6.41630636, -5.95732061, -6.46516856,
       -5.83285249, -6.25639015, -5.64702985, -5.59918597, -5.70271378,
       -6.02104192, -6.92037653, -5.53862816, -5.82576146, -6.1879868 ,
       -5.88995539, -7.26658458, -5.88874074, -6.68804072, -5.8252225 ,
       -5.75428121, -5.84543383, -5.98205843, -5.93139035, -6.46114851,
       -5.98454398, -5.73872625, -5.62498669, -5.87020568, -5.74057863,
       -5.55119138, -6.80388159, -6.1521693 , -6.94143653, -7.14543894,
       -6.95475285, -7.04165601, -5.59528081, -5.90967394, -6.54838799,
       -6.80906068, -5.94142493, -6.21812644, -5.61519874, -5.79837787,
       -7.14699154, -7.10374922, -7.1470561 , -6.00454447, -6.00481014,
       -6.25721556, -5.94352055, -6.85861644, -6.05677485, -6.13161634,
       -5.95296694, -6.2072834 , -6.29156696, -6.269837  , -6.16162236,
       -6.02945568, -6.82367356, -6.01939615, -6.01939615, -5.88708505,
       -5.97054123, -6.17236842, -6.15833348, -6.31275326, -6.26560825,
       -6.63744089, -6.19969885, -6.14893349, -6.23697062, -6.14893349,
       -7.62003719, -7.06006269, -6.48613157, -6.05945981, -6.15305637,
       -6.50397553, -6.30452921, -6.057556  , -6.56810434, -7.06011419,
       -7.34232274, -6.70426784, -6.6893778 , -7.14308925, -7.12395475,
       -6.05074339, -7.07886835, -6.16779064, -5.84259212, -7.43197354,
       -6.5164262 , -7.08218819, -6.79446036, -5.66972197, -6.36103028,
       -7.04432726, -6.71782012, -6.68672668, -6.29632898, -7.54872234,
       -6.78124963, -7.04554749, -6.14155883, -6.02382464, -7.10626778,
       -7.26433827, -6.73693986, -6.45467069, -6.16712627, -7.24233777,
       -7.50371076, -5.35173489, -6.76268093, -6.35147934, -7.41384811,
       -6.35926231, -6.95637106, -6.16838495, -6.5333235 , -6.31506828,
       -5.81150307, -5.8755353 , -6.90775264, -6.13864056, -5.11331074,
       -6.32406649, -6.97474156, -6.77821767, -6.27810502, -5.87454406,
       -7.15897229, -6.57958127, -6.0906804 , -5.18589093, -6.99995385,
       -5.63866657, -5.72552321, -5.62384665, -5.97846037, -6.68149957,
       -6.34866021, -6.45320591, -6.88443984, -5.68832961, -6.00500766,
       -5.91905933, -5.91806242, -6.59345676, -6.02037731, -4.8271711 ,
       -4.97522203, -6.04507585, -4.88848794, -4.98682294, -5.02203357,
       -5.32591156, -5.25038804, -6.32929655, -4.7349071 , -5.53496155,
       -5.33409998, -6.05260202, -5.71242875, -5.7125941 , -5.33759515,
       -5.68229839, -6.29941823, -6.59885472, -6.67566173, -6.7858032 ,
       -6.94411633, -5.70743432, -5.48106972, -5.90244646, -4.24405336,
       -4.87881813, -4.44114328, -5.20358693, -6.19446903, -4.42324441,
       -4.63248425, -4.75802842, -4.99099795, -5.09976103, -4.85535079,
       -4.70415703, -5.07968151, -4.7675862 , -4.41081932, -5.11429071,
       -4.97519759, -4.86401291]), array([-6.93271057, -6.29181073, -6.33857497, -5.92230535, -5.89691801,
       -6.75748894, -5.84036348, -6.96045319, -6.93905392, -6.53368564,
       -6.17606736, -6.09417877, -6.11214031, -6.0178841 , -5.82676264,
       -5.63438852, -6.5695826 , -7.01787138, -5.68103438, -6.39439025,
       -6.28547524, -6.37576721, -5.86653979, -5.56061667, -5.55677988,
       -6.00532322, -5.62626518, -5.99624223, -6.11182436, -5.89685561,
       -6.79102866, -6.41750077, -5.81931971, -6.30593143, -5.78460568,
       -6.25386399, -5.5918539 , -5.92281599, -5.88073364, -5.68669659,
       -6.11679875, -6.07281277, -5.84007068, -5.83707182, -5.87737915,
       -6.59916322, -6.37619606, -5.77070689, -5.87446615, -5.48126572,
       -6.87939509, -6.95397953, -5.7528359 , -5.66487031, -6.07996162,
       -5.93426256, -6.12664143, -6.47498447, -5.98867845, -6.50858818,
       -5.75596906, -6.27092637, -5.58744502, -5.57524025, -5.69348548,
       -6.07165083, -6.86767743, -5.37326161, -5.78942913, -6.18732129,
       -5.9368526 , -7.20497156, -5.83215183, -6.71871314, -5.82825628,
       -5.68131449, -5.78683827, -6.05893007, -5.98509798, -6.44562897,
       -5.94145738, -5.82582318, -5.60259282, -5.78459637, -5.79773695,
       -5.56216823, -6.84150337, -6.26760731, -7.01270347, -7.07698465,
       -6.9639269 , -6.97867232, -5.59935172, -5.92853205, -6.54099448,
       -6.78049658, -5.79350045, -6.24347922, -5.58345004, -5.78314735,
       -7.14693428, -7.20045936, -7.11928786, -6.12527949, -5.98397532,
       -6.22754078, -5.86248065, -6.82128401, -5.95935258, -6.10899745,
       -5.97631766, -6.15811938, -6.29959526, -6.1560171 , -5.96730761,
       -5.99465993, -6.89914058, -5.92975886, -5.92975886, -5.82437621,
       -5.93003663, -6.17324792, -6.1328156 , -6.39865444, -6.24913945,
       -6.58137594, -6.21875065, -6.13849656, -6.15464988, -6.13849656,
       -7.40878466, -6.99124951, -6.47886715, -6.00664511, -6.1372652 ,
       -6.39408616, -6.29477919, -6.01596821, -6.50972076, -7.06882539,
       -7.22037731, -6.98763631, -6.82851504, -7.12808782, -7.04190736,
       -5.99438367, -7.02811527, -6.0649055 , -5.77524821, -7.30467242,
       -6.49422314, -7.04252249, -6.72798357, -5.53793746, -6.29409338,
       -7.29828744, -6.70589037, -6.70429815, -6.26802541, -7.4971472 ,
       -6.74920848, -7.01809042, -6.1798674 , -6.0326204 , -7.06881921,
       -7.20993641, -6.71572066, -6.44965197, -6.15270349, -7.25278799,
       -7.38925823, -5.06215136, -6.75674946, -6.35659491, -7.3318191 ,
       -6.32384583, -6.8665906 , -6.24655806, -6.45283896, -6.30248813,
       -5.76682015, -5.91774667, -6.92044648, -6.12957906, -5.09093439,
       -6.35632283, -6.95532212, -6.75552504, -6.33544779, -5.89587816,
       -7.15753374, -6.67413912, -6.17133469, -5.11267807, -6.93290377,
       -5.60715204, -5.87461281, -5.48338005, -6.13428263, -6.79136113,
       -6.54471456, -6.65741098, -7.03891622, -5.53662385, -6.12149972,
       -5.91994207, -6.08802998, -6.20724634, -6.07187464, -4.94015743,
       -5.02342187, -6.05492689, -4.87484033, -5.06414754, -5.0279728 ,
       -5.58823699, -5.49513146, -6.51953229, -5.61185282, -5.80376121,
       -5.52541465, -6.19852457, -6.04158807, -6.04183069, -5.53964529,
       -5.91355858, -6.29986068, -6.6381202 , -6.91673794, -6.598401  ,
       -6.93799844, -5.77180366, -5.52392062, -6.00741445, -4.4639518 ,
       -4.88058514, -4.55405635, -5.35333544, -6.71767698, -4.51857762,
       -4.71377499, -4.91661448, -5.39209214, -4.99610869, -4.91396268,
       -4.78937072, -5.07046934, -4.76849918, -4.69213332, -5.10861622,
       -5.07076013, -4.86340681])]","[-6.66832861 -6.34813899 -6.27388762 -5.91995541 -5.90561353 -6.77218868
 -5.8253408  -6.95312788 -6.76263243 -6.53130575 -6.20370639 -6.14006663
 -6.12913694 -6.05511658 -5.82491285 -5.61399124 -6.55026284 -7.01659818
 -5.73146595 -6.45635767 -6.23202887 -6.43677126 -5.87774819 -5.59427786
 -5.56161997 -6.0257075  -5.7237997  -5.99829511 -6.19286772 -5.85956568
 -6.70741624 -6.49276853 -5.82234904 -6.31947203 -5.76983334 -6.33501091
 -5.62379677 -5.86970349 -5.85055425 -5.6297452  -6.27997653 -5.99330871
 -5.87658366 -5.87499872 -5.98888599 -6.57212684 -6.39481433 -5.80179724
 -5.86456251 -5.56815188 -6.86328954 -6.97762311 -5.76979232 -5.69406672
 -6.22315511 -5.92733388 -6.301188   -6.48271453 -5.95814298 -6.52513812
 -5.84718374 -6.28479765 -5.65436016 -5.59569513 -5.73526483 -6.12099862
 -6.91914781 -5.45467048 -5.77411274 -6.18988698 -5.93381372 -7.19999336
 -5.87279676 -6.74443799 -5.83579955 -5.73535061 -5.82846472 -6.01713964
 -5.94571362 -6.52582934 -5.94323698 -5.74175945 -5.58090503 -5.814891
 -5.73016942 -5.57885388 -6.86310075 -6.2444777  -7.00844449 -7.07815771
 -6.94113525 -6.99478403 -5.65671468 -5.93808535 -6.53509081 -6.75399015
 -5.89093699 -6.22427135 -5.58572786 -5.77796424 -7.08771535 -7.1967431
 -7.11705346 -6.1329759  -5.99359111 -6.18330081 -5.91923823 -6.79062313
 -5.98136349 -6.12348815 -5.94701689 -6.15288801 -6.28742745 -6.21376509
 -6.00278391 -6.00626503 -6.89577616 -5.95944614 -5.95944614 -5.82148578
 -5.93904187 -6.16022291 -6.13303778 -6.28233271 -6.24873682 -6.40101204
 -6.21448372 -6.14848683 -6.16407191 -6.14848683 -7.47282735 -7.01016506
 -6.48770082 -6.00667763 -6.1119227  -6.4920789  -6.27980579 -6.0356502
 -6.53528917 -7.13060916 -7.2688053  -6.95241713 -6.81506321 -7.09886059
 -7.08606644 -5.97741734 -7.04315412 -6.11052368 -5.7653919  -7.36081642
 -6.47916876 -7.09059066 -6.70110968 -5.59315005 -6.32455219 -7.10508225
 -6.7003917  -6.72978549 -6.29995219 -7.47944286 -6.79477624 -7.02051719
 -6.11110971 -5.9992287  -7.09833045 -7.27759202 -6.69521253 -6.44160836
 -6.16019972 -7.23358181 -7.46653224 -5.25699875 -6.77495739 -6.35527403
 -7.42308104 -6.33018037 -6.97417627 -6.261681   -6.42571959 -6.31771793
 -5.80968622 -5.89413331 -6.97700395 -6.08106465 -5.14691855 -6.35651573
 -6.95198952 -6.81310024 -6.36724882 -5.89549404 -7.24218627 -6.65591918
 -6.13755051 -5.15723108 -6.94169264 -5.66398331 -5.84656229 -5.5465493
 -6.16020626 -6.83500704 -6.52845757 -6.67323437 -6.99847978 -5.66138522
 -6.1262589  -6.02385627 -6.05147445 -6.51753045 -6.14918318 -4.86617596
 -5.04109738 -6.15317197 -4.90551245 -5.0943952  -5.0674333  -5.76698089
 -5.39763762 -6.46856064 -5.08517539 -5.67120941 -5.50140547 -6.2106875
 -6.03271218 -6.03289994 -5.49753917 -5.87625325 -6.29513074 -6.62454252
 -6.79996639 -6.70714811 -6.90431563 -5.73162175 -5.49345364 -6.07899284
 -4.48385349 -4.84547074 -4.45565146 -5.31934311 -6.61288795 -4.462943
 -4.56438306 -4.944191   -5.2828745  -4.97829846 -4.83889346 -4.9000352
 -5.06883648 -4.69538605 -4.48626855 -5.01721674 -5.0484255  -4.79287937]","[0.2854087  0.07027044 0.08066372 0.06833752 0.07675723 0.02512739
 0.01946999 0.0363922  0.09785453 0.08378809 0.03176595 0.04701266
 0.09965303 0.0422107  0.03313441 0.02009564 0.0701513  0.02989772
 0.02927889 0.03767718 0.05378627 0.06788466 0.04605981 0.09400505
 0.03632875 0.03148461 0.05931507 0.03550745 0.0524027  0.04108795
 0.06622255 0.07945866 0.04760081 0.01463189 0.02537996 0.08360259
 0.01988807 0.02969701 0.03298066 0.08989477 0.08618087 0.06076568
 0.10710687 0.06868852 0.08916989 0.04858241 0.01201385 0.04011091
 0.03802902 0.08250234 0.03025479 0.01995058 0.03299102 0.02926284
 0.07566617 0.02610129 0.1379025  0.0415649  0.0665533  0.03888948
 0.09349319 0.03395755 0.04388639 0.02311744 0.03136567 0.14735022
 0.03220635 0.06491311 0.03446078 0.04123802 0.04412226 0.05274316
 0.03102407 0.03865027 0.0136189  0.03506029 0.02811595 0.03206592
 0.02237864 0.06934319 0.06025204 0.0573192  0.03625651 0.05175939
 0.0371687  0.03677255 0.04823763 0.07750183 0.04966163 0.05539172
 0.03579118 0.02438353 0.08346954 0.04318332 0.02307326 0.04645322
 0.05431787 0.02318559 0.0229584  0.03245487 0.06158404 0.05441815
 0.02699728 0.07925197 0.02198304 0.06559449 0.03614139 0.04957882
 0.0420132  0.03563413 0.02753219 0.02888458 0.01313672 0.06209198
 0.09488085 0.03725808 0.04106443 0.03304905 0.03304905 0.05543378
 0.04108582 0.02514863 0.03333432 0.09342317 0.02717783 0.25414484
 0.02282554 0.01740832 0.05128861 0.01740832 0.08515365 0.02543411
 0.03135615 0.04421348 0.0391344  0.0516362  0.01731263 0.04252804
 0.03903788 0.1194727  0.05929853 0.13117517 0.06353483 0.03083162
 0.06040364 0.07415514 0.07563411 0.05591178 0.06261457 0.05741375
 0.04476807 0.09143405 0.06374098 0.05094712 0.02440454 0.18889202
 0.02028074 0.03725457 0.04503884 0.05675068 0.02979114 0.0284931
 0.06090927 0.0370618  0.02078023 0.05270956 0.03206611 0.03428975
 0.03539689 0.05834533 0.04261417 0.10225525 0.03057056 0.04736508
 0.0494744  0.02521279 0.0642294  0.05175127 0.0961703  0.13918396
 0.06216784 0.03791331 0.07823012 0.07555184 0.0630523  0.0218802
 0.01848282 0.08585915 0.05812    0.05259428 0.07170806 0.05134608
 0.04894786 0.02535399 0.02997109 0.0628321  0.07065577 0.05798143
 0.10237579 0.09007953 0.09257874 0.12086903 0.0748206  0.06450507
 0.06675285 0.20900988 0.08565084 0.15515058 0.1198196  0.05705681
 0.06188486 0.13783456 0.03671645 0.08582169 0.06646432 0.33039028
 0.10980879 0.11949921 0.28763778 0.09129899 0.16863892 0.1022079
 0.24364565 0.24364889 0.11434063 0.1378363  0.10745443 0.10858416
 0.09061644 0.11012389 0.0781692  0.04243775 0.02241943 0.12364432
 0.14778974 0.06771158 0.09402658 0.09537797 0.20920988 0.08808457
 0.11172273 0.10863406 0.14781202 0.06742105 0.12678129 0.19150085
 0.07062913 0.09127549 0.11947127 0.10000981 0.05025675 0.08410681]"
10,MLPRegressor,"[-3.4, -9.829784445895609, -9.351260827705696, -8.987830735512306, -7.245994104526669, -7.826580851232984, -7.0109808570612095, -7.177352430296094, -6.533294757153457, -7.615938282354713, -8.30840039850864, -6.456573443038402, -7.251996375172918, -7.45446016546049, -7.282812260514855, -6.581590424160914, -6.00176020263697, -6.932543302925927, -7.040187348010496, -5.515114834264883, -5.314838341723031, -6.698654081518483, -6.631435837094872, -7.1505049002658465, -8.95064580007012, -6.2409204599939505, -5.749147093212094, -6.297621049535827, -7.380588271960001, -5.303441202857248, -6.581302154123542, -7.622163656780382, -5.531655972414692, -6.606150299786625, -6.428576643297778, -7.204235465330039, -5.711488325040067, -5.862626142240539, -5.470524450828484, -8.119701138346745, -5.433918929188597, -6.127991933275529, -6.552659062470584, -7.455944350209559, -7.3066357154748, -6.745596001913357, -6.306028580562304, -6.085177573479286, -7.763342435938026, -4.516832114286296, -5.74392357105953, -7.601729935699775, -8.00734008183138, -7.0429064762730205, -7.085722484685525, -5.96581880304219, -7.081033453452077, -6.537890299563072, -6.879883358911586, -6.469113128852544, -5.965015577068999, -5.546039469250885, -8.232955538219384, -7.242185806760974, -6.387368229036638, -6.265026743702407, -6.167663027522704, -6.5984173124736305, -6.716222165304918, -6.391525638320682, -6.698327696711236, -7.192225368866509, -7.1725124220458625, -6.852404772101536, -9.069823353738736, -5.811531399213277, -6.528786658132539, -5.353348242651127, -6.282778489627879, -6.463140375825099, -5.831972331150686, -6.338457581462066, -6.3385221681709, -6.46418696689325, -5.702314652644286, -5.350026107886482, -5.953411235084085, -5.236338347332306, -5.258550931272452, -6.124654785668448, -6.1290612105233215, -6.9585686136542595, -5.993522899430275, -5.937240514923572, -5.884803824060022, -7.575780132515775, -5.850884795141715, -5.637380266481632, -6.002167125173467, -6.079756471419261, -7.282665642283633, -5.91485950311589, -5.822189671597651, -5.787115812266704, -6.079465403945655, -6.37752565144635, -5.57992868337967, -5.723595167194622, -7.871884870430523, -7.26229335540524, -6.18995636401056, -8.858859164047606, -6.8418353894473105, -6.633335805698518, -6.644247157006233, -6.437792231753666, -7.325044456354974, -5.8022232063528945, -5.450485253719431, -6.953163393356577, -5.1927189946810755, -6.269783717105949, -6.420389499456157, -7.058123758615748, -7.588222570553084, -7.490428373189107, -6.723804817138455, -6.825201337476087, -6.284755766289069, -5.038218079890329, -7.794587548399747, -6.831873518563631, -7.226086509415869, -5.556828886985775, -6.187644413398562, -6.997841368743964, -6.972455454502781, -8.73146891556865, -8.241366334948276, -7.970182468171822, -7.88568041251012, -6.809042934242838, -8.675374769718566, -9.067258209665956, -7.199745338352586, -5.11045104674642, -6.795461764787306, -3.4, -6.9617277022166, -7.2087776397022525, -7.092398915537953, -7.051145925598296, -6.111082508824443, -6.417063841800995, -5.408735685481521, -4.3728864452197245, -7.055049812978839, -4.066607624403306, -4.022667744684451, -6.579746266227434, -5.855619520312944, -8.415300435947467, -5.247068133907139, -5.424222708707219, -6.315728604686256, -7.1718662349894435, -3.4, -5.364214279695989, -5.743428661340549, -3.4, -6.99933089988861, -4.938683227515307, -5.919216194522157, -5.950592335143695, -5.780718784550586, -5.345341516722304, -6.053945523904667, -6.5670035389761745, -5.624698975225542, -6.03003719369866, -5.92082040695678, -5.194245610613501, -5.31335617220722, -5.6194804825917055, -4.339676281883146, -4.544426468561862, -4.547198192476885, -5.642471878693798, -3.4, -5.159983043540485, -7.462559690101179, -7.23957856467598, -4.8979923503288285, -6.1532156508702185, -5.265875764436616, -4.623882917671309, -6.454101632654408, -4.867419476473121, -5.077972910254284, -5.5769852406784866, -5.246346345147798, -5.335084842454612, -7.109007713841741, -7.46806570675859, -7.094386941924554, -6.89869674248422, -6.232983586141048, -7.511617372516392, -6.355677548546591, -7.376232406227701, -6.943397769848415, -6.943397769848415, -6.393786761330026, -6.221129968944699, -6.126753233274631, -7.127654071132646, -6.435760090152008, -8.100780892803948, -7.114674740963925, -6.203162404400761, -6.446201052843351, -5.809754210382964, -6.580563991394064, -6.109973454309959, -7.201839673297734, -6.4897786180025365, -5.848157279405057, -6.660434105967928, -6.356864009011531, -6.577411370491109, -5.311912376071006, -5.505560191850646, -6.2338320134702325, -6.6765655097831, -5.82459564524191, -7.274933705506006, -6.708402962948399, -6.908678658354629, -6.541980809162091, -6.096839095551896, -5.3225086173197536, -6.46871136344495, -5.308972013900305, -5.795987029842941, -5.829146123092789, -6.222064831305412, -6.180771206914088, -6.330025932505003, -5.826766330479806, -5.042252070049057, -6.510139871536024, -5.670171401585169, -6.684622416413928, -6.658024939127293, -7.114212069030074, -4.788780028267247, -6.783207024597248, -5.77602701526064, -6.173623218448087, -6.330455103380675, -3.810149237056778, -4.075454483603082, -5.691626436373404, -6.308874253018399, -6.211683645103566, -5.947662806886004, -5.221052168415052, -4.965683102334785, -6.838644072991076, -6.480341830125754, -5.626638434897542, -6.162074110376068, -5.366228804706106, -5.732404663545753, -7.264743615039222, -5.482898545037035, -6.807169070680947, -5.743658639447389, -5.781383494936432, -7.235938033631125, -7.59616119363825, -5.544816368819819, -7.858942661300093, -6.84355545131808, -7.708718189878088, -5.669560405472157, -6.2383315489441, -6.276157245565254, -6.269710343484017, -5.852331825336898, -7.055361245432401, -5.189063246811779, -6.206746730704385, -6.79851993496864, -6.079982474629168, -6.297416665861045, -6.68451314051482, -7.22720262209596, -6.369332158990925, -7.628345095839302, -3.592504748122784, -6.815268831942344, -6.285165272466132, -6.582681081192245, -4.857456724833296, -5.564275977457525, -5.3416647708390395, -6.694848186863628, -7.12180131361602, -4.862064000022004, -6.734660395803658, -5.638709896741451, -6.836298459919512, -6.453549036844308, -7.208091606851399, -5.107925576989105, -5.492797530971901, -7.298490717818213, -7.051998746819098, -5.844540443462206, -7.006839929922059, -7.291963921199377, -7.485808005748029, -4.686919338841658, -6.996004019318591, -5.383161136828422, -6.7838169278455736, -6.3616673469167395, -6.314401737504294, -5.744589184321876, -5.858117855353381, -6.538507210149348, -6.362867896780421, -6.733929353055666, -3.6324515314964354, -6.318747671540029, -6.051375018364719, -3.4, -5.687949593462992, -4.3095084430185455, -6.962978439698654, -3.4, -6.084849350872412, -6.5014060394688205, -5.931565552400581, -3.4, -6.181337006510224, -6.185232761448281, -3.4, -7.213689493661603, -7.299138702584848, -6.809007910145044, -7.344095450888935, -6.978712806672796, -6.538157663076854, -3.4, -6.77599162114247, -6.37787855929996, -6.888511383960667, -5.220603257568402, -6.437717333753865, -6.527798769478402, -5.2026619492561785, -6.355785883336439, -4.175373586610341, -3.9506815456340925, -3.4, -3.4, -3.4, -4.663568695149285, -4.717723397530692, -4.9321086081071, -5.133775481088437, -4.757999297236809, -5.420901010287439, -5.870541971775034, -5.870326687649955, -5.4780307684717595, -8.707019212869229, -8.20697645159131, -7.013935086381569, -8.060406505609793, -6.417955574380159, -3.4, -3.4, -3.4, -3.4, -5.184385973821029, -4.718041320325833, -4.8663113868258066, -4.609135055590624, -4.609135055590624, -4.524560354664086, -4.524560354664086, -4.410478558478884, -4.718041320325833, -4.408125168339911, -4.925467656150284, -3.558464238174825, -3.4187590692118763, -3.558464238174825, -3.7615292781962073, -3.8988566487230174, -3.4, -6.797388061036692, -5.117426139112759, -4.280636414426399, -4.657523572327205, -3.72828093006154, -4.487485326688053, -5.284020657596449, -3.5711085261428046, -4.835042498084235, -4.658169662900466, -5.437872552800005, -5.847249261631337, -5.234476287604576, -3.6363385821375154, -4.8116960259313, -4.588991866286898, -5.035290900631686, -5.193347738289969, -5.161992390493857, -5.611114608647588, -5.970557499768322, -6.471028379101563, -5.63544369302477, -4.879576364057365, -3.983410551303998, -4.782413132332841, -4.6511459824418075, -5.190084470205568, -5.65121040786204, -5.212294993266062, -4.652319350519899, -4.915096681771298, -4.473640663560969, -4.76788568591845, -5.4335909112534555, -5.456428324497378, -4.425495505363155, -5.656816582483325, -4.229061506138586, -3.8039038175723143, -6.214618449136369, -5.265862779493158, -3.554267202513032, -4.335798945701648, -5.04559889868924, -6.1833053124082, -6.2169836541414085, -4.43572033126374, -5.4873677922668165, -6.539042745172283, -6.2649967566483635, -5.673175291659893, -6.286642718883098, -5.940497471281911, -4.850097982320254, -6.21530785533351, -6.275070950464635, -5.646498874161249, -6.436965815625776, -7.558935374685005, -4.6524849225094025, -5.846463523067965, -4.664948007741643, -4.4864973928751155, -4.330261409479764, -6.044757967512645, -4.655267800040247, -4.843901799172036, -5.412161473570148, -5.421887511131898, -4.37194577596606, -4.640924970431458, -7.399601720685199, -6.6921515161494085, -5.36269522702008, -5.919861154760266, -6.675819289889004, -6.576089700039148, -5.724500842527186, -4.382257357246595, -6.618193153493361, -5.281569231977045, -6.108033392571825, -4.919030565576549, -4.420322546294323, -7.578148956528489, -4.747651171163849, -5.271771988378449, -4.4804723598954, -6.621015315195175, -6.732663235383882, -8.206736673726876, -6.204464320619126, -5.271890846454722, -4.822037289649247, -5.340266377636488, -6.455884523157934, -5.262736143339495, -4.965972596117145, -4.572141110975043, -5.521512880945556, -4.951657240513843, -4.951388209360152, -5.130058548515312, -5.100186234577759, -5.095967841832822, -7.9893831655046235, -5.533223281627986, -5.572309747702214, -6.881219143267256, -4.826141006471035, -4.470809974238136, -5.51134595416185, -6.553223924218983, -5.665747319061693, -5.706885118553824, -5.286293533901622, -4.949449858612137, -6.0924081902408815, -5.872567818281668, -5.569202006374952, -6.237568367146733, -6.590181639917844, -7.287211117446414, -7.033561718597298, -6.011668732722054, -7.723339990306664, -6.1513512621273865, -7.405171060582651, -5.441430356660641, -6.737824952634838, -7.4907644144757475, -6.160707755455222, -4.5064372226376035, -7.189752648142313, -3.4, -6.28234129981403, -6.465894045130176, -5.553039608008843, -6.11986283209664, -5.3475267905931005, -8.522241538261282, -7.842948865684583, -6.033393557436293, -5.377125375693246, -7.039174232134995, -4.997725016010966, -6.283566203778192, -4.980750542445508, -3.4, -5.3422512519565934, -7.308631132453408, -6.579382828086125, -4.504866353536949, -6.352868516692563, -5.938950975023108, -6.932320047701721, -5.8073113215149945, -6.2376993986251055, -6.218110255336262, -7.213899935645446, -7.206048287256552, -6.572634695635664, -6.507555001764796, -5.619418855275848, -5.656037657957409, -6.31270274087806, -6.272554955755667, -5.827177300734447, -7.48793503681507, -5.688384030947344, -5.691807278212375, -5.40438372101624, -5.961667970860105, -7.404542526482263, -7.0452871816867955, -6.964839267639615, -6.264668788004542, -8.050680331158766, -8.127190740871887, -8.127190740871887, -7.577172998144434, -6.703579708038108, -8.467018094817979, -7.997892418217544, -8.240703040618738, -5.167011960887922, -8.085438813382156, -3.4, -3.810622698670421, -3.4, -4.308986478912853, -6.798287803150599, -3.4, -3.4, -4.160257457167127, -3.4, -3.4, -3.4, -3.4, -3.4717069683585975, -6.699430162596587, -7.167260882926345, -6.3090297379743125, -6.680357133775432, -6.001912669606483, -7.153854265501049, -6.563093511411032, -5.682927865660262, -5.828663080573585, -6.836774340990013, -6.732741336513845, -6.152745215698876, -6.886922777723659, -7.067920210610381, -7.1229957136665005, -6.0514293800191785, -6.355109159299617, -6.451985949985756, -6.252120357416582, -6.281523902619365, -8.798083244839585, -5.696049224121506, -5.961909586978762, -6.175131875374945, -6.859265992476103, -7.748612764687038, -7.074012540080236, -6.138202155968298, -5.875664468383336, -6.278654177409453, -6.351063639885356, -5.71597445010982, -5.768620352500713, -5.792940996609299, -7.33396231140163, -6.760673852303624, -7.527160165190074, -5.302863401818597, -5.890480945533403, -5.947076945683673, -5.890480945533403, -6.09612037826659, -6.171995027101954, -6.536983322576016, -5.988859304385606, -6.602807456628162, -6.449023646650676, -5.707713186702644, -6.889672299304184, -7.3206247986880735, -5.883659964966668, -5.33711684797616, -6.428272480847926, -6.802958392109262, -5.806550881199418, -5.572978245568188, -7.255892869182582, -6.354527202553464, -6.073382413348721, -6.061716204021525, -5.776666392786223, -5.353238644013702, -6.066937333135151, -7.743520212852635, -6.660555541233716, -5.612034392894631, -6.50698923690499, -5.690218888609583, -6.251204939954561, -8.635058103938587, -6.6651883748784035, -5.9119742840621194, -5.601018385668472, -5.547889010648528, -7.2600071217415385, -5.582398664416911, -8.21696104207485, -7.602688879958172, -6.604333190388835, -6.127310440052801, -6.205861963829469, -5.072015166513143, -4.969099662509801, -5.435352793920672, -6.5070302024248585, -6.959112641840622, -6.118112432056066, -7.327132985740003, -6.439832756525181, -6.621222637049731, -6.263710180567216, -6.72042760143699, -5.807545563151706, -8.166805051268687, -7.894453214753168, -7.302736130732716, -6.949539953662042, -6.160467035166925, -5.741490348654637, -6.507719382463196, -6.708590925134741, -5.562878259627108, -3.4, -6.6622001147248655, -7.017196867710832, -7.7225461279843985, -8.371346062614927, -6.9867714528531675, -6.77547808440769, -6.597249384954608, -8.003957409948434, -8.309064649606801, -5.978728734080051, -7.734060481449356, -6.728732961214818, -5.174639776172114, -7.286272171283524, -5.633068698220418, -7.9559162226669145, -7.46650171519801, -7.888565247441776, -6.5956372463303685, -7.15267075855184, -5.563706888141543, -8.04966261751632, -7.706811450289341, -6.566245173223622, -6.891548441449888, -7.54558650160529, -6.540470634562953, -7.074794803948891, -5.912460362744642, -7.264996472531638, -6.278161973060548, -7.718374366852314, -4.732918403215694, -7.293388909422812, -7.161078321069924, -4.7133182331787795, -5.682641733988683, -6.253789904850726, -5.041747338509051, -6.022133720178541, -6.186072368328072, -6.229163232951475, -7.371126000604721, -4.5978645283601836, -6.782971681228631, -6.636526802715703, -6.698848305677994, -5.581122070299156, -6.772392353725951, -6.631890697923169, -6.179949527196333, -6.307172290885218, -6.5051388638939, -5.910289766255963, -4.161885794261763, -6.441652234069275, -5.476871225326074, -5.902140121211232, -4.4830975888845925, -6.197000402778031, -4.204692619445437, -6.341544356164825, -3.8086536079713493, -4.59157452841134, -3.8634965863834063, -3.853800032751275, -4.959825601340314, -4.80236734794869, -5.327757075111477, -3.4, -3.9939410649780234, -4.972576522196712, -5.217855129907796, -5.410976081675503, -5.410494358434333, -5.409872891858846, -5.410494358434333, -5.060032930024488, -5.678984363846943, -5.1954375911549375, -5.5077719437213455, -4.7846737187656485, -6.3552614415956485, -6.18666806771928, -5.67881252416107, -5.058516284927436, -4.441707304025745, -3.7966689406573857, -3.4, -3.889361478039425, -3.9885862770012213, -3.808035525247572, -3.4, -4.83281225491657, -4.83281225491657, -4.83281225491657, -3.4, -3.612855091709184, -6.705074736895633, -7.853619833935239, -6.108389598874739, -7.27844754347245, -7.1037204124601825, -6.032010509025033, -6.980915881667673, -5.93265470209597, -6.7673455015161865, -7.129882780854389, -6.921799403610359, -6.925838782718823, -4.9940119909986365, -6.243997705182899, -6.474943289082837, -5.309150000760966, -6.864106550029479, -7.45321002810813, -5.758059945208659, -5.758059945208659, -5.86070226771824, -5.495915036525895, -6.357606061464773, -3.4, -5.637700492744541, -3.4, -5.572705093040771, -5.278085085852325, -6.181639698215621, -4.382181904630891, -5.9641739595595675, -6.3541443800440245, -6.077328127171645, -6.60689479933631, -5.378742656554161, -6.231910985989842, -6.6955227761330445, -8.314609274537919, -8.02212097478138, -7.4118327662235695, -5.866701774159706, -6.368396545482109, -5.5052991782504, -6.371825419074868, -6.178182049770577, -8.794498204731635, -6.755631512605071, -6.476706270654821, -5.796114604435148, -6.2974619733035, -5.47513879288545, -7.3340845478601775, -6.051429831265514, -6.773728109584054, -6.445987014368352, -5.375239883855096, -5.626931967571115, -5.919311916412011, -3.5008328575420635, -4.8197767831110525, -5.288530922899206, -6.186427039232201, -5.239017108785161, -5.816625191961874, -6.646185705016199, -6.492560904944591, -6.988299222027423, -7.918554228439669, -8.960021203115247, -5.757315552089921, -6.45002489783853, -6.208696916873509, -5.950116172641271, -6.0758504029303495, -5.190936087345032, -5.024335647893679, -5.502797105308324, -5.391155288982874, -6.949775325330684, -7.083928009346067, -8.056118004678842, -7.7849720711371315, -5.299332561064556, -5.694330879855491, -6.259935776159741, -3.4, -6.811921500487438, -6.196423084406708, -5.072338793483576, -6.20349366431244, -7.256297000748535, -6.311240917994615, -5.762679942143992, -5.88416517909285, -5.668857752936312, -6.070619520088668, -5.674952820087432, -5.2494469396759005, -6.207293912635073, -6.002551946863376, -6.160022672567882, -6.630231587233087, -6.342509200395316, -6.596497421158896, -6.957589059127265, -5.99797578823403, -6.668612267842425, -5.308462458048683, -6.75582820642315, -7.491243528593215, -6.98219733723566, -6.339021681245301, -7.4182114952481575, -7.71107847196081, -7.0555940161412405, -6.051546832738085, -5.846906246214359, -6.948986918642296, -7.024665507015333, -7.01947217192391, -6.532163820814307, -6.285361359656423, -5.757279918374245, -7.36582206210513, -6.0903722153140745, -6.776375817058834, -5.203537010408061, -5.782130624454544, -4.813984437744601, -5.6049316380888445, -6.707335474929863, -5.936362186709792, -6.3762625888901825, -5.63996095661962, -6.716742107063988, -5.6862978502468495, -6.422111828909496, -5.59041994691292, -6.512714502858772, -5.786391233688605, -6.1816011820084755, -3.6475401731855235, -4.467896920105724, -6.07430649842312, -7.06039245864527, -7.154499991176408, -5.755580060561053, -7.276593708739508, -4.960070036936878, -6.350989346237984, -5.826183018267894, -5.752797653974557, -6.612027111907578, -7.253852438412309, -4.818509075549096, -6.250671006500337, -5.6280255074279335, -7.264265188853172, -7.843107679245972, -5.432349757919196, -4.756239917409905, -9.245026682649492, -10.0, -10.0, -5.918294884324446, -6.723383860290729, -6.172342902827898, -6.184575737608014, -5.863109882776896, -5.859590219598919, -5.815900382888085, -9.535586306792405, -7.018495169930581, -5.26918217403907, -5.141315647627508, -6.270858844360137, -7.121756335660309, -6.052538739045543, -7.444361661504018, -7.2491765147158205, -6.272420303143544, -7.702050878732688, -8.515699301476596, -8.515699301476596, -5.615272424945314, -5.615272424945314, -8.615768281214873, -8.717584444242618, -7.541831485292782, -8.89106212516468, -8.850168658044156, -7.663947569436836, -7.3888734954104125, -7.611976193508006, -7.936071294211667, -7.2645419283049915, -8.681400886294668, -8.560833147858506, -7.3888734954104125, -8.839044897001274, -7.738066036565074]","0     -7.22
1     -6.21
2     -7.24
3     -5.92
4     -5.96
       ... 
247   -6.00
248   -3.99
249   -5.24
250   -4.77
251   -4.71
Name: Permeability, Length: 252, dtype: float64","[array([ -3.4       ,  -9.56187854,  -5.98412148,  -6.59198434,
        -6.00580163,  -8.31334847,  -4.62078767,  -8.64111316,
        -6.17051728,  -6.74542759,  -7.2895517 ,  -7.52257768,
        -5.77167765,  -6.87097314,  -5.13596765,  -4.41697398,
        -6.3500645 ,  -8.8059801 ,  -6.27534459,  -6.61066443,
        -6.66008463,  -7.41738096,  -6.79769256,  -6.63689261,
        -6.80146726,  -7.22368174,  -4.26472978,  -6.97196509,
        -7.76625414,  -5.83779494,  -7.39103714,  -5.6691368 ,
        -5.71656727,  -6.79386676,  -6.03040994,  -7.99364532,
        -4.75050328,  -5.86181019,  -6.6855557 ,  -5.48071352,
        -7.49531019,  -7.12070285,  -7.05123399,  -7.42164812,
        -6.76114845,  -4.82614422,  -6.87134641,  -4.79115736,
        -5.93297428,  -5.50673618,  -7.26321438,  -9.12970173,
        -6.5384642 ,  -6.79950158,  -7.52381368,  -6.05964348,
        -7.69966754,  -7.2629041 ,  -4.08048643,  -5.3188261 ,
        -5.83672958,  -7.14618508,  -6.47374853,  -6.20284617,
        -5.95594915,  -5.19117761, -10.        ,  -7.15875578,
        -6.87268107,  -6.33136316,  -6.52008443,  -7.14620047,
        -6.70059676,  -7.0414836 ,  -6.30009698,  -6.31904373,
        -6.63478674,  -6.17274269,  -5.60705104,  -5.32480572,
        -6.18903748,  -5.59878151,  -5.85622273,  -5.97852552,
        -6.32607957,  -5.44377086,  -6.6119637 ,  -5.78881037,
        -7.05414959,  -6.95247264,  -8.96849611,  -8.47701146,
        -5.55993807,  -6.00137312,  -6.68123743,  -8.09552342,
        -6.24978401,  -6.81684181,  -5.98783063,  -6.00321858,
        -7.09340901,  -7.67286988,  -8.77147172,  -4.99522151,
        -5.82316855,  -6.48504252,  -6.28922197,  -6.340091  ,
        -5.9736243 ,  -5.65474965,  -5.31504275,  -6.20450968,
        -5.2143591 ,  -8.58930506,  -6.42909015,  -5.95123737,
        -5.97929571,  -5.47758943,  -5.47758943,  -5.53410785,
        -5.68057399,  -5.91798673,  -6.4744846 ,  -4.72955858,
        -7.58428897,  -6.54373519,  -5.71364831,  -5.56663518,
        -6.1294369 ,  -5.56663518,  -6.29088214,  -8.58106467,
        -6.62302828,  -5.59861154,  -5.84922552,  -6.06319294,
        -7.29130849,  -8.30708944,  -5.53092387,  -5.96312333,
        -6.22729916,  -7.74100691,  -7.47821012,  -7.70329099,
        -6.73378789,  -5.14760789,  -7.54399973,  -6.76499661,
        -5.78759475,  -6.08465916,  -5.88159846,  -6.53465799,
        -5.19022744,  -5.36164419,  -7.30923579,  -5.87659252,
        -7.57805262,  -7.04163785,  -6.92224027,  -7.14502261,
        -6.8183629 ,  -5.76853446,  -5.34236558,  -5.28435614,
        -7.23111436,  -5.66911212,  -6.83542119,  -6.06626883,
        -7.5314826 ,  -7.04063441,  -6.23058466,  -4.56103077,
        -6.88007536,  -7.28554528,  -6.19103024,  -8.27357959,
        -6.61076175,  -7.7038341 ,  -8.72575337,  -8.10378361,
        -6.8079205 ,  -5.61330533,  -6.81974812,  -5.9514158 ,
        -3.4       ,  -5.49633051,  -6.8521932 ,  -4.63403843,
        -7.39815629,  -5.88898201,  -7.72870813,  -7.5609363 ,
        -5.85737945,  -4.47534582,  -6.9611932 ,  -5.2104092 ,
        -4.57997162,  -6.6524079 ,  -6.7089948 ,  -7.00127351,
        -7.45769077,  -7.88132663,  -6.82176329,  -5.18287321,
        -3.4       ,  -7.17794054,  -6.39811679,  -5.43248546,
        -5.79080321,  -4.73660836,  -6.04277074,  -6.09178604,
        -5.81272221,  -6.13785021,  -5.66681809,  -5.32801885,
        -5.42700939,  -6.14701722,  -4.72597067,  -5.82705101,
        -5.80412529,  -6.96522344,  -5.3178532 ,  -5.31821973,
        -6.58661108,  -6.24569872,  -7.1240075 ,  -4.78498882,
        -7.34168499,  -4.32501096,  -5.76165632,  -5.35134236,
        -3.4       ,  -8.01987386,  -5.58652018,  -5.4047818 ,
        -5.14585455,  -5.88630417,  -7.6571509 ,  -5.16222   ,
        -4.87294701,  -6.45833006,  -6.21819781,  -5.39456934,
        -5.08201484,  -5.5337048 ,  -5.58102717,  -4.79656658,
        -5.72096601,  -5.29890816,  -5.65020537,  -4.26179513]), array([ -6.69566299,  -5.35063965,  -6.946911  ,  -6.89612256,
        -7.1255406 ,  -6.86555466,  -4.65659639,  -7.25711762,
        -6.17024157,  -6.43857276,  -6.24277802,  -5.89372962,
        -7.31804685,  -6.86269869,  -4.44220154,  -3.90349743,
        -6.22919274,  -6.82756867,  -6.41026676,  -6.94431561,
        -6.94240735,  -6.81630967,  -6.32514704,  -6.49678148,
        -6.28562683,  -5.74421395,  -5.39649219,  -5.82925463,
        -6.09647899,  -5.45253527,  -6.54103112,  -7.43173186,
        -5.59621078,  -6.61203858,  -5.84599003,  -7.26539602,
        -5.65392903,  -5.93363698,  -6.05810376,  -5.69153626,
        -5.85252194,  -6.96423896,  -6.65280905,  -6.73534763,
        -7.25838125,  -6.83729884,  -6.46880071,  -5.38978185,
        -5.80918496,  -5.88486084,  -7.06087713,  -6.87111183,
        -5.78100322,  -5.77075083,  -6.05847662,  -6.14345897,
        -7.27850368,  -6.3134268 ,  -4.76757192,  -7.15761293,
        -6.37443428,  -6.37105916,  -5.4580407 ,  -6.58529134,
        -5.05773536,  -5.42216159,  -7.49406728,  -3.89966517,
        -6.58755181,  -6.58103935,  -6.37576226,  -7.90185838,
        -6.11192095,  -7.08336738,  -5.71275877,  -5.62103029,
        -5.85977927,  -6.01810365,  -6.62306026,  -6.08156246,
        -5.80038231,  -5.81831405,  -5.88629921,  -5.70450497,
        -5.9609319 ,  -5.37710391,  -7.33257434,  -6.01120298,
        -7.34399781,  -7.05124689,  -5.99801467,  -5.51579148,
        -6.77910371,  -5.63806336,  -7.11665155,  -6.13283115,
        -5.5214184 ,  -6.62928738,  -5.46382185,  -5.57751168,
        -7.79374275,  -7.06170446,  -5.7010692 ,  -6.1803613 ,
        -6.05888218,  -6.08444174,  -5.96408322,  -7.17859081,
        -6.21306027,  -6.54336286,  -5.4073877 ,  -6.24460733,
        -6.43707569,  -4.2377274 ,  -5.9095108 ,  -5.45849833,
        -7.27794025,  -6.29711401,  -6.29711401,  -5.67074787,
        -5.3110442 ,  -6.46919497,  -4.83575559,  -6.12354816,
        -6.8012647 ,  -5.4937505 ,  -6.37100347,  -6.14397401,
        -6.1083992 ,  -6.14397401,  -6.56047367,  -5.47128223,
        -5.1832267 ,  -5.89249066,  -6.30419336,  -6.87371061,
        -6.51594273,  -3.85049204,  -6.31498313,  -6.62299617,
        -6.44262198,  -7.16275988,  -5.96840518,  -5.72563129,
        -6.99605218,  -5.46168711,  -7.43039352,  -5.28503516,
        -5.11130914,  -7.66354171,  -6.42286192,  -6.81418089,
        -5.57101447,  -4.66531619,  -7.77368546,  -6.05981363,
        -6.03101094,  -7.50764901,  -5.60772179,  -6.57751575,
        -7.51252653,  -6.68176048,  -5.91003624,  -5.72909483,
        -6.49096846,  -7.1659343 ,  -7.13001766,  -6.27005255,
        -5.58774049,  -7.16982014,  -7.35528726,  -3.7903716 ,
        -7.2513519 ,  -5.98064061,  -7.81510392,  -3.79306055,
        -6.97177093,  -6.53141432,  -3.4       ,  -5.62862012,
        -6.21919254,  -5.44172742,  -7.19688572,  -4.88156192,
        -3.4       ,  -6.24809901,  -6.63614845,  -6.55671625,
        -6.34761193,  -5.7375132 ,  -7.41050798,  -6.53965038,
        -6.14970614,  -3.4541818 ,  -7.27681189,  -5.78315674,
        -5.38059482,  -3.4       ,  -6.73354457,  -6.94115661,
        -6.86131749,  -7.23164966,  -6.89709938,  -3.4       ,
        -9.45050156,  -4.93649267,  -5.87579298,  -6.3575709 ,
        -4.97902508,  -3.7910529 ,  -4.26725709,  -5.63204976,
        -4.15628494,  -4.97634157,  -4.61242231,  -4.6781142 ,
        -4.69405496,  -5.51085396,  -9.81337357,  -4.63728418,
        -4.84101362,  -6.9812101 ,  -5.81284178,  -5.8127771 ,
        -5.09022283,  -5.47222725,  -6.52282957,  -8.03764884,
        -7.63524117,  -7.64428033,  -8.13505355, -10.        ,
        -6.92195333,  -8.27626518,  -3.4       ,  -4.17113685,
        -3.4       ,  -4.76743793,  -7.95238907,  -3.45636715,
        -3.4       ,  -4.35252642,  -5.08224639,  -4.34083581,
        -4.54772308,  -4.39600197,  -4.8539147 ,  -3.53777633,
        -3.4       ,  -4.48639794,  -4.90997921,  -3.4       ]), array([-4.19369924, -3.87769892, -4.37915441, -4.17078912, -3.9850239 ,
       -5.91834588, -3.55929914, -6.39141905, -5.1006958 , -5.66672011,
       -4.08782481, -4.61513238, -3.86312921, -5.05579294, -4.3076961 ,
       -4.0740755 , -5.40522478, -6.45213758, -5.47714807, -5.77267873,
       -5.42737282, -4.89276992, -4.65576312, -4.92089979, -4.96252858,
       -4.87342353, -3.4       , -4.83792013, -6.31817026, -4.32851771,
       -5.70635964, -6.26053962, -4.20642932, -5.28187648, -4.17853007,
       -5.8006056 , -3.62866317, -4.39323537, -4.86699005, -4.21069405,
       -6.29316429, -4.55602317, -5.99796513, -5.44735948, -6.21499536,
       -5.64768697, -5.1026322 , -3.75281096, -4.41394392, -4.15329105,
       -6.14587612, -6.39489988, -4.33125704, -4.42039533, -6.33783154,
       -5.29957364, -5.77980646, -5.84017435, -5.09539827, -5.66025446,
       -5.47787742, -5.56605729, -4.40129913, -5.41076585, -4.06518011,
       -4.66340926, -7.44086626, -4.17657163, -4.51187285, -5.61576011,
       -5.08978513, -6.48523537, -4.9229367 , -6.63932845, -5.16412775,
       -4.41755835, -4.77747865, -4.87023817, -4.95205391, -4.67037504,
       -5.51551023, -4.88009237, -4.17419777, -4.30998952, -4.67195582,
       -4.65560075, -6.54889295, -5.71870616, -6.91832982, -6.28306968,
       -5.33958828, -5.6289473 , -4.7560232 , -4.78925667, -5.62114855,
       -5.59069529, -4.94803192, -6.11710452, -4.12328622, -4.10104621,
       -6.5173665 , -7.88454215, -5.67130261, -5.41917774, -5.33490765,
       -4.96846434, -4.72457924, -5.99802376, -5.28438147, -4.83764803,
       -5.35951239, -5.35327454, -5.28620954, -5.06840565, -5.21773057,
       -4.42308149, -6.35363851, -4.95995446, -4.95995446, -4.95846089,
       -5.28662885, -5.31892598, -4.45427899, -4.30840091, -5.57090063,
       -4.75776179, -5.51067445, -5.23358471, -5.44571362, -5.23358471,
       -7.40622987, -6.60207803, -4.9740007 , -5.30199406, -5.35815187,
       -6.17707903, -6.36606669, -5.26830472, -5.93240642, -5.90389891,
       -6.5050943 , -5.49885866, -5.59351107, -5.40677177, -7.181972  ,
       -4.43114952, -7.7247295 , -5.65483922, -3.88283673, -8.1935005 ,
       -6.16399429, -7.43966754, -4.6209873 , -6.29965019, -6.28419361,
       -6.04593738, -6.64183734, -6.41964781, -5.45525633, -8.05887441,
       -7.37697858, -6.59310654, -5.2001158 , -5.07004851, -7.36365456,
       -7.55244238, -6.15082496, -6.21172152, -6.0998486 , -8.93507577,
       -8.13367474, -5.81960923, -6.6318235 , -5.82527428, -8.69614016,
       -6.49983349, -7.46527408, -6.02476815, -5.26119791, -6.75763307,
       -6.3028932 , -5.22625275, -7.47983981, -4.65479786, -4.33211594,
       -6.65873848, -7.38305435, -7.62798866, -6.36533234, -6.57623437,
       -7.63236892, -6.19425757, -5.7636116 , -5.94035925, -7.5255687 ,
       -5.53464971, -5.9338903 , -5.51566697, -6.36524641, -7.15510997,
       -6.21901233, -6.5498877 , -8.10456828, -6.61237647, -3.4463518 ,
       -6.0531348 , -5.16378672, -8.52911077, -7.82936349, -3.92056569,
       -5.04245166, -6.76704023, -5.9558842 , -5.12001165, -6.35820297,
       -8.46274903, -5.35247751, -7.51929504, -5.67007672, -4.41617284,
       -5.51304691, -6.54011328, -7.98789625, -7.9869791 , -6.61918322,
       -7.53541619, -7.57414158, -6.65589693, -9.06874348, -8.57444353,
       -9.38464456, -9.56004578, -8.022923  , -7.53083181, -3.4       ,
       -4.13852798, -3.4       , -3.4       , -7.00848663, -3.4       ,
       -3.4       , -5.52000663, -4.11924929, -5.31681272, -4.10389632,
       -5.69033514, -5.46900606, -3.4       , -3.4       , -3.4       ,
       -3.4       , -3.4       ]), array([-6.95995823, -5.95721164, -6.55149427, -8.01298983, -7.07757552,
       -6.35514222, -5.72911177, -6.59651609, -3.4       , -7.20063894,
       -6.13054353, -6.18747169, -7.08976122, -7.5069565 , -5.52168644,
       -5.83436072, -7.28027266, -7.54345089, -6.81269571, -6.66208895,
       -6.51670703, -7.34969528, -6.3087234 , -6.05715578, -6.45043875,
       -7.05732113, -6.80140013, -6.00840923, -7.14631892, -6.17940569,
       -6.22688018, -6.40999289, -5.62445874, -6.37332808, -5.67104391,
       -7.05295655, -6.27487631, -5.89238951, -5.825045  , -7.29045322,
       -7.31808329, -5.72509504, -6.67945478, -6.34577758, -6.95857371,
       -4.88339207, -6.306359  , -5.94900601, -6.1963375 , -6.57495909,
       -5.92265812, -7.0508185 , -5.79690455, -5.87885917, -7.35001636,
       -6.01964069, -7.62162267, -6.97651223, -6.04074483, -7.42540504,
       -7.26069713, -6.63300384, -6.29084377, -6.01880408, -6.51538865,
       -4.4905724 , -9.42262512, -5.14241872, -6.02238132, -6.25383259,
       -6.25792528, -7.5304699 , -6.09945776, -8.06310072, -6.51547695,
       -6.3405401 , -6.44978184, -5.87852972, -5.89184521, -5.96461477,
       -6.65306033, -5.60501321, -5.70995993, -5.88567411, -5.59916151,
       -6.10785477, -8.60930611, -6.27881821, -8.28490142, -6.97728345,
       -7.77796455, -8.378933  , -5.95556264, -6.13110468, -7.37828473,
       -7.72332127, -6.36286908, -6.38132431, -5.67417949, -5.63949235,
       -7.49076466, -8.06808151, -7.80188701, -6.98216516, -6.78228728,
       -6.64161924, -6.05578763, -7.0076108 , -6.07108413, -6.81048145,
       -6.98988749, -6.33814904, -6.3424186 , -5.68010426, -6.94843536,
       -5.63755979, -8.47135445, -6.13569392, -6.13569392, -5.77096339,
       -5.65427045, -6.71827271, -5.02532717, -5.42579985, -6.39891948,
       -7.235462  , -6.77712313, -6.45731954, -6.60116125, -6.45731954,
       -7.60770491, -8.66116644, -5.92013297, -6.3723835 , -6.25721124,
       -7.58352589, -7.45081543, -6.11121496, -6.95597526, -6.86744681,
       -6.44765433, -8.00791786, -5.78842166, -7.66667258, -7.13638577,
       -5.98141081, -7.71058937, -7.73588604, -4.7197466 , -7.53596773,
       -6.9505853 , -6.5239387 , -5.5267171 , -6.20757023, -6.79308759,
       -5.71783543, -7.0429495 , -6.8534414 , -6.21250086, -7.02645729,
       -7.27437387, -7.34102998, -6.28925578, -5.73352662, -6.94002744,
       -6.97828046, -6.85905061, -7.17260157, -6.90951664, -7.37176924,
       -7.21093623, -5.02404309, -6.98102797, -6.57711881, -7.6115532 ,
       -4.95402742, -6.87623849, -6.7922788 , -5.37761495, -6.22036995,
       -6.08889103, -5.79714606, -6.29389467, -5.34860935, -4.09723513,
       -6.15882117, -6.57648979, -6.52352311, -6.46915876, -6.16297287,
       -7.02313532, -6.2992602 , -5.98263029, -4.80881835, -6.7582559 ,
       -5.39758293, -5.76946625, -4.54878036, -6.04333163, -6.38979751,
       -6.38993835, -6.24888888, -7.23105175, -4.58856622, -6.94114856,
       -6.26470403, -6.84411554, -5.57233638, -5.69400498, -4.33590144,
       -3.79517704, -3.4       , -3.81815669, -3.8355257 , -4.16547505,
       -4.93741437, -5.00047582, -5.33075241, -3.4       , -5.33414862,
       -4.20558332, -7.40735137, -5.38673877, -5.38608816, -4.30830201,
       -4.70572094, -5.4778369 , -5.36011624, -5.86532316, -6.33868369,
       -6.1603043 , -5.13803248, -4.44995397, -5.36163404, -3.4       ,
       -3.91215833, -3.49754674, -4.35099575, -4.58535397, -4.25409314,
       -4.80979518, -3.4       , -3.98848467, -3.4       , -3.4       ,
       -3.4       , -3.53209739, -4.8341025 , -3.87864922, -5.57061456,
       -5.48856089, -4.20821796]), array([-5.54364689, -3.64071393, -6.08038045, -5.71560636, -4.55387318,
       -5.85391175, -3.4       , -5.89344671, -5.92131337, -7.05584608,
       -6.28109081, -6.16674485, -5.36796327, -6.37519405, -3.4       ,
       -3.4       , -7.41949961, -7.40757412, -5.4701776 , -6.83217737,
       -6.76896782, -6.86773017, -5.41652873, -7.09461152, -3.4       ,
       -6.81024445, -5.48013946, -5.92071431, -6.7971868 , -5.62124435,
       -6.63982595, -6.26287518, -4.64917753, -6.86478826, -5.35692401,
       -7.39795391, -5.54959332, -6.49366215, -6.09446843, -4.34198324,
       -6.43238444, -6.90023386, -7.5488506 , -7.23910678, -7.18235135,
       -7.2584148 , -6.26988407, -4.96026092, -5.78249486, -5.9963157 ,
       -6.91326914, -6.65116918, -4.91690057, -5.20721876, -6.69975078,
       -5.86118702, -7.09058082, -7.04774412, -3.4       , -7.28322254,
       -7.09506265, -6.40556954, -5.67866288, -3.4       , -6.0699061 ,
       -4.84128297, -7.60311399, -5.17894627, -6.11405502, -6.3652774 ,
       -5.8110843 , -6.93236779, -5.44839797, -7.20251513, -5.35269884,
       -5.7196109 , -5.91454166, -5.59049096, -6.35078999, -6.04941151,
       -6.91940144, -5.4016935 , -5.21619107, -4.75479966, -6.21855815,
       -5.80277498, -8.15361984, -7.02778124, -8.11161238, -6.42384223,
       -8.25406485, -8.445551  , -3.4       , -6.226612  , -6.24000715,
       -8.04189187, -5.43820884, -6.12691932, -5.14333129, -5.05406714,
       -6.82620646, -7.17436554, -8.73015631, -6.18885639, -6.73738101,
       -6.45009583, -5.28215105, -6.06705089, -6.74771688, -6.62939935,
       -5.46845515, -6.15423549, -6.09264564, -5.47757713, -7.13170658,
       -5.05937453, -7.05828342, -6.12943425, -6.12943425, -6.03337695,
       -5.91717361, -6.49218756, -5.95113638, -5.32591715, -4.31418632,
       -8.19849767, -6.52366004, -5.94438407, -6.35790958, -5.94438407,
       -6.15534341, -7.93468604, -6.22620304, -5.86441789, -6.01983461,
       -7.47051667, -7.25999562, -6.09962229, -6.29043677, -7.30331943,
       -5.89301639, -8.40029717, -6.02845476, -7.60949476, -6.79581216,
       -6.196169  , -7.38768847, -6.79243362, -4.85770973, -6.68864888,
       -6.60351323, -6.42601293, -5.01895642, -5.64544129, -8.03498903,
       -6.56478327, -5.70540481, -5.99095815, -7.99906833, -6.32076107,
       -5.50353508, -6.29880278, -6.43972769, -5.60053913, -5.06744034,
       -6.60259331, -7.63439967, -6.70721874, -6.46957641, -6.38112464,
       -7.34339971, -4.56630987, -7.49263021, -6.47020142, -7.57633502,
       -5.9357836 , -5.5376358 , -5.88864694, -6.40030242, -3.99884962,
       -4.26474035, -5.7433211 , -7.42934228, -6.00443884, -3.99824901,
       -5.93500296, -5.92376587, -6.84009481, -5.82561489, -4.65803466,
       -7.44715945, -6.59563379, -5.83052295, -5.44650972, -7.41253884,
       -4.27525008, -6.79585485, -5.27665649, -6.46660311, -6.94885835,
       -6.78354772, -6.64637344, -8.44507716, -5.93756497, -3.4       ,
       -8.14581764, -8.29896509, -9.2227898 , -9.33103107, -6.38858912,
       -6.06897372, -5.27996358, -5.65799689, -6.15839608, -5.53974328,
       -9.4114777 , -7.18858768, -7.31437022, -5.1200711 , -7.88620206,
       -6.32560093, -7.92886834, -6.94754093, -6.94753406, -6.89771067,
       -7.47865913, -7.33062699, -7.7874855 , -8.61465131, -8.4238931 ,
       -8.43208658, -6.20843379, -5.48230006, -7.5278086 , -6.62968876,
       -6.38760843, -6.47780657, -7.99910098, -9.13507086, -7.64184128,
       -8.68046815, -6.68726034, -6.5938516 , -7.24677708, -7.98773213,
       -7.42264979, -7.56912579, -8.79762033, -8.0548967 , -9.41005466,
       -8.83214159, -8.27790167])]","[-5.35859347 -5.67762854 -5.98841232 -6.27749844 -5.74956297 -6.6612606
 -4.39315899 -6.95592253 -5.35255361 -6.6214411  -6.00635777 -6.07713124
 -5.88211564 -6.53432306 -4.56151035 -4.32578153 -6.53685086 -7.40734227
 -6.08912655 -6.56438502 -6.46310793 -6.6687772  -5.90077097 -6.24126824
 -5.58001228 -6.34177696 -5.06855231 -5.91365268 -6.82488182 -5.48389959
 -6.50102681 -6.40685527 -5.15856873 -6.38517963 -5.41657959 -7.10211148
 -5.17151302 -5.71494684 -5.90603259 -5.40307606 -6.67829283 -6.25325878
 -6.78606271 -6.63784792 -6.87509002 -5.89058738 -6.20380448 -4.96860342
 -5.6269871  -5.62323257 -6.66117898 -7.21954022 -5.47290592 -5.61534514
 -6.79397779 -5.87670076 -7.09403623 -6.68815232 -4.67684029 -6.56906421
 -6.40896021 -6.42437498 -5.660519   -5.52354149 -5.53283187 -4.92172076
 -8.39213453 -5.11127151 -6.02170841 -6.22945452 -6.01092828 -7.19922638
 -5.85666203 -7.20595906 -5.80903186 -5.68355667 -5.92727363 -5.70602104
 -5.88496008 -5.6181539  -6.21547836 -5.46077893 -5.36857414 -5.32669876
 -5.75533739 -5.47742106 -7.45127139 -6.16506379 -7.5425982  -6.73758298
 -7.26762569 -7.28924685 -5.29012552 -5.75728197 -6.60746588 -7.1168526
 -5.70406245 -6.41429547 -5.2784899  -5.27506719 -7.14429788 -7.57231271
 -7.33517737 -5.95315642 -6.14732534 -6.12593274 -5.66316462 -6.51827345
 -6.05797341 -6.09512827 -5.7080571  -6.05895521 -5.87454172 -5.8106239
 -6.32729469 -5.3059503  -7.02810247 -5.79995721 -5.79995721 -5.59353139
 -5.56993822 -6.18331359 -5.34819655 -5.18264493 -6.13391202 -6.44584143
 -6.17922188 -5.8691795  -6.12852411 -5.8691795  -6.8041268  -7.45005548
 -5.78531834 -5.80597953 -5.95772332 -6.83360503 -6.97682579 -5.92734469
 -6.20494509 -6.53215693 -6.30313723 -7.3621681  -6.17140056 -6.82237228
 -6.968802   -5.44360487 -7.55948012 -6.44663813 -4.87183939 -7.23326359
 -6.40451064 -6.74769161 -5.18558055 -5.63592442 -7.2390383  -6.05299244
 -6.59985104 -6.76266684 -6.43935752 -7.02572623 -6.89715539 -6.53664685
 -5.83630022 -5.48351305 -6.61864103 -6.79367251 -6.92194282 -6.48557264
 -6.51963295 -7.37968484 -7.25477652 -4.75227291 -7.04738179 -6.42775608
 -7.57803251 -5.89125693 -6.69233621 -6.58818846 -5.83297373 -6.14185127
 -5.93672752 -5.56435053 -7.04394212 -5.36816475 -3.84552002 -6.09939843
 -6.67433033 -6.43647225 -6.48117484 -5.80474742 -7.44837596 -6.63794765
 -5.91677009 -4.82504299 -7.1868737  -5.24020973 -5.69195557 -5.07870234
 -6.4635441  -6.88723919 -6.74230133 -6.91162526 -7.49991197 -5.14427617
 -5.32760038 -6.51561794 -6.51615542 -7.02285866 -6.72484557 -4.6345435
 -5.04332605 -5.43416792 -5.08020899 -5.24562504 -5.26853234 -6.56355483
 -5.53252107 -6.36445777 -5.74589841 -5.62017174 -5.33787401 -7.16455331
 -6.29057418 -6.29031963 -5.90040596 -6.28754445 -6.80588851 -6.52522727
 -7.70512882 -7.06126232 -7.57474906 -7.25157088 -5.65542607 -7.3432827
 -4.48324179 -4.80284268 -4.38424157 -5.28076777 -7.26769029 -4.78290431
 -5.03264207 -5.28362469 -5.20040595 -5.13979899 -5.02427327 -5.28853834
 -5.40103422 -5.07321315 -4.89090239 -5.63319506 -5.65617741 -4.70958295]","[1.38415575 2.12890837 0.87566758 1.28432662 1.28575754 0.90206134
 0.8470739  0.94945016 1.05233681 0.54488227 1.04634127 0.9252673
 1.25484355 0.82201618 0.73207949 0.82254221 0.74052212 0.80290308
 0.53272432 0.41341183 0.53622721 0.92082648 0.7662276  0.73854867
 1.25548605 0.89692415 1.15843926 0.67725584 0.59625464 0.62669375
 0.55129597 0.5721449  0.61416534 0.57722316 0.6576106  0.72185191
 0.91112187 0.70059958 0.59202337 1.11347404 0.62730243 0.98347287
 0.51036864 0.70539761 0.37336279 0.9973662  0.59047431 0.72777586
 0.62396162 0.81089126 0.52852715 0.97996568 0.7678304  0.78616655
 0.56564113 0.30277919 0.69374013 0.52958156 0.89773244 0.89204953
 0.69162814 0.51077222 0.73288647 1.12749274 0.87322542 0.34121313
 1.09372133 1.14362543 0.81639022 0.32547204 0.51803352 0.48728275
 0.6123488  0.468584   0.52414106 0.69906112 0.64812587 0.459753
 0.58470234 0.54865356 0.51960464 0.31886284 0.64376085 0.66945281
 0.59677395 0.48782913 0.82062793 0.47364467 0.55543251 0.31844451
 1.37518788 1.40263884 1.14808547 0.5236183  0.62717171 1.04678105
 0.5305577  0.27577516 0.63981964 0.66055266 0.45577026 0.39305684
 1.39036069 0.68830343 0.55213489 0.6068655  0.57667434 0.48610299
 0.47021891 0.74475229 0.64293764 0.35795685 0.52247458 1.47471461
 0.69984748 0.52723583 0.8603724  0.50556201 0.50556201 0.35714264
 0.23967266 0.5061377  0.74806286 0.62201929 1.1178162  1.22155456
 0.48510167 0.42955565 0.38539319 0.42955565 0.59194133 1.23413514
 0.62210335 0.35460274 0.34200877 0.63153897 0.44478997 1.44736475
 0.47160268 0.53551285 0.22586649 1.01488022 0.67082352 1.03103716
 0.17856397 0.62747032 0.13896527 0.87856176 0.61602139 0.75029611
 0.36590206 0.36937173 0.34970965 0.59744646 0.63795192 0.28477125
 0.67506897 0.52043436 0.93567202 0.59657285 0.73479134 0.51338958
 0.49465796 0.26348765 0.8313822  0.64024027 0.48103099 0.40457256
 0.66678289 0.84562692 0.60684586 0.66475195 0.29830619 0.51435585
 0.80389917 1.50523331 0.64020687 0.6475094  1.74032619 1.34836146
 0.87080834 0.20879049 0.44153504 0.54609222 0.37958883 0.38189554
 0.47080836 0.98523364 0.51029731 0.64032549 0.24277751 0.48475374
 0.13639656 0.85228669 0.28578763 0.51735633 0.72340691 1.07754647
 0.25274359 0.26035008 0.43026485 0.58020142 0.65642988 1.10791951
 2.47274077 1.08320888 1.05250809 1.56105106 1.61214884 0.93781886
 0.91771483 1.13223545 0.9037293  0.86091686 0.78317109 1.97197219
 0.86858535 0.90337694 2.16726809 1.23896594 0.74197476 0.47040426
 1.02993595 1.02968382 1.017185   1.10856636 0.74974748 1.28714436
 1.11431923 1.58085935 1.38655326 2.09995081 1.66007321 1.03192905
 1.36709152 0.94947334 1.23989995 1.57615232 1.50796001 1.56647167
 1.93457172 1.25067887 1.06105661 1.28069053 1.58100474 1.35197464
 1.30613195 1.95765802 1.79833823 2.03384544 1.77550149 1.82289848]"
