,Model,Y Train pred,Y Test actual,Test prediction folds,Test Predictions Mean,Test Predictions Std
0,LGBMRegressor,"[-6.562376063651145, -6.385984740698623, -6.385984740698623, -5.683631186769524, -6.1895178668280755, -6.576459342255107, -5.167458551570055, -6.1895178668280755, -6.562376063651145, -6.1895178668280755, -6.576459342255107, -5.835520478922514, -6.1895178668280755, -5.683631186769524, -5.994833199351648, -6.2190311375131975, -6.1895178668280755, -5.9402326095617655, -6.385984740698623, -6.590246206995339, -6.590246206995339, -6.1895178668280755, -6.179595360482011, -6.213632554933266, -6.179595360482011, -5.835520478922514, -6.975826651473882, -5.835520478922514, -6.385984740698623, -6.975826651473882, -6.357203579588302, -5.835520478922514, -6.1895178668280755, -6.1895178668280755, -6.179595360482011, -6.1895178668280755, -5.835520478922514, -5.94705618256746, -6.375002891134867, -6.7374284479966535, -6.1895178668280755, -6.1895178668280755, -6.357203579588302, -5.885965841205019, -6.1895178668280755, -6.1895178668280755, -6.562376063651145, -6.562376063651145, -6.1895178668280755, -6.562376063651145, -6.562376063651145, -6.1895178668280755, -6.179595360482011, -5.994833199351648, -6.385984740698623, -5.9402326095617655, -6.562376063651145, -6.562376063651145, -6.562376063651145, -5.94705618256746, -6.1895178668280755, -6.562376063651145, -5.9402326095617655, -6.213632554933266, -6.1895178668280755, -6.1895178668280755, -6.179595360482011, -6.179595360482011, -6.1895178668280755, -6.179595360482011, -6.562376063651145, -6.1895178668280755, -6.1895178668280755, -6.562376063651145, -6.615734658748926, -6.357203579588302, -6.385984740698623, -6.562376063651145, -6.357203579588302, -6.1895178668280755, -6.1895178668280755, -6.1895178668280755, -6.234034281536694, -6.562376063651145, -6.562376063651145, -6.172180621091197, -6.385984740698623, -6.562376063651145, -6.562376063651145, -6.1895178668280755, -6.1895178668280755, -6.357203579588302, -6.562376063651145, -6.385984740698623, -5.929622702961616, -5.9649741890414365, -6.562376063651145, -6.562376063651145, -6.562376063651145, -6.562376063651145, -6.385984740698623, -6.562376063651145, -5.0998279807733455, -6.562376063651145, -6.562376063651145, -6.947956508129688, -6.172180621091197, -6.357203579588302, -6.009558158881549, -6.562376063651145, -6.562376063651145, -6.562376063651145, -6.562376063651145, -6.213632554933266, -6.213632554933266, -6.562376063651145, -6.562376063651145, -6.562376063651145, -6.562376063651145, -6.562376063651145, -6.615734658748926, -6.562376063651145, -6.562376063651145, -6.562376063651145, -6.562376063651145, -6.562376063651145, -5.835520478922514, -6.1895178668280755, -6.1895178668280755, -6.562376063651145, -6.562376063651145, -6.562376063651145, -6.562376063651145, -6.562376063651145, -6.562376063651145, -6.562376063651145, -6.562376063651145, -6.328383843916605, -6.328383843916605, -6.328383843916605, -5.78440848612192, -5.7643647931924695, -6.328383843916605, -6.328383843916605, -6.562376063651145, -5.835520478922514, -6.1895178668280755, -5.0998279807733455, -6.562376063651145, -6.562376063651145, -6.562376063651145, -6.562376063651145, -6.562376063651145, -6.562376063651145, -5.7643647931924695, -5.0998279807733455, -6.1895178668280755, -6.562376063651145, -5.0998279807733455, -6.1895178668280755, -6.562376063651145, -6.1895178668280755, -5.7643647931924695, -5.7643647931924695, -5.7643647931924695, -6.947956508129688, -4.99639583976572, -5.167458551570055, -5.525601886718945, -4.99639583976572, -5.7643647931924695, -5.167458551570055, -6.562376063651145, -6.562376063651145, -6.562376063651145, -6.122440026768868, -5.7643647931924695, -6.562376063651145, -6.562376063651145, -5.167458551570055, -6.562376063651145, -6.562376063651145, -6.562376063651145, -5.167458551570055, -5.457971315922236, -6.044390497591493, -6.179595360482011, -5.7643647931924695, -6.367721777824293, -6.367721777824293, -5.7643647931924695, -5.7643647931924695, -5.0998279807733455, -5.0998279807733455, -5.0998279807733455, -5.0998279807733455, -5.0998279807733455, -4.99639583976572, -5.0998279807733455, -5.0998279807733455, -5.0998279807733455, -4.99639583976572, -6.337409170496637, -6.337409170496637, -6.522902931176533, -5.774929554625171, -5.956611680312174, -6.65498252245938, -5.79567640196827, -5.79567640196827, -5.79567640196827, -5.79567640196827, -5.79567640196827, -6.204739990080204, -5.901061948971261, -6.522902931176533, -6.178323761481656, -6.337409170496637, -6.103763373430062, -6.204739990080204, -6.103763373430062, -5.795261783094593, -6.204739990080204, -6.003448858559522, -6.204739990080204, -6.204739990080204, -5.956611680312174, -5.840140532316004, -6.337409170496637, -6.003448858559522, -6.2849286006560625, -6.204739990080204, -6.204739990080204, -6.103763373430062, -5.956611680312174, -6.522902931176533, -6.522902931176533, -6.735856429716156, -6.2408667473680595, -6.337409170496637, -5.956611680312174, -6.63417337327244, -6.204739990080204, -6.204739990080204, -6.204739990080204, -6.34841688005362, -6.449526647833442, -6.570514257072936, -6.2849286006560625, -5.956611680312174, -6.2408667473680595, -6.204739990080204, -5.840140532316004, -6.735856429716156, -5.79567640196827, -5.8897778576435265, -6.875557971736962, -6.103763373430062, -6.2408667473680595, -5.956611680312174, -6.035420084549163, -6.035420084549163, -5.795261783094593, -6.204739990080204, -6.103763373430062, -6.103763373430062, -6.34841688005362, -5.956611680312174, -6.2408667473680595, -6.449526647833442, -6.2408667473680595, -6.2408667473680595, -6.204739990080204, -6.358271731514882, -6.522902931176533, -6.449526647833442, -6.212027518290368, -6.103763373430062, -6.103763373430062, -6.522902931176533, -6.522902931176533, -6.449526647833442, -6.522902931176533, -6.522902931176533, -6.522902931176533, -6.337409170496637, -6.337409170496637, -6.1025839673036835, -5.840140532316004, -6.103763373430062, -6.522902931176533, -6.449526647833442, -6.204739990080204, -6.522902931176533, -6.449526647833442, -6.522902931176533, -6.522902931176533, -6.522902931176533, -6.522902931176533, -6.522902931176533, -6.035420084549163, -6.522902931176533, -6.522902931176533, -6.522902931176533, -5.795261783094593, -6.2408667473680595, -6.2408667473680595, -6.522902931176533, -6.522902931176533, -6.2408667473680595, -6.522902931176533, -6.449526647833442, -6.522902931176533, -6.522902931176533, -6.522902931176533, -5.662738759678452, -6.449526647833442, -6.522902931176533, -6.204739990080204, -6.522902931176533, -6.522902931176533, -6.204739990080204, -6.522902931176533, -6.522902931176533, -6.522902931176533, -6.204739990080204, -6.522902931176533, -6.522902931176533, -6.204739990080204, -6.204739990080204, -6.522902931176533, -6.522902931176533, -6.522902931176533, -6.003448858559522, -6.293429740536746, -6.522902931176533, -6.204739990080204, -5.876349531595413, -5.961846381399003, -6.522902931176533, -6.522902931176533, -5.876349531595413, -6.522902931176533, -6.522902931176533, -6.522902931176533, -6.293429740536746, -6.522902931176533, -6.204739990080204, -5.876349531595413, -6.522902931176533, -6.204739990080204, -6.204739990080204, -6.204739990080204, -6.522902931176533, -6.204739990080204, -5.124778790854928, -6.522902931176533, -6.003448858559522, -6.522902931176533, -6.522902931176533, -6.204739990080204, -6.522902931176533, -6.522902931176533, -6.522902931176533, -5.124778790854928, -5.876349531595413, -6.0314513432822405, -5.876349531595413, -6.522902931176533, -6.522902931176533, -6.522902931176533, -6.522902931176533, -6.522902931176533, -6.043083849010252, -6.043083849010252, -6.522902931176533, -6.522902931176533, -5.2638140137875435, -6.522902931176533, -6.522902931176533, -6.380499207608241, -6.380499207608241, -6.380499207608241, -5.124778790854928, -5.124778790854928, -5.124778790854928, -5.124778790854928, -5.124778790854928, -5.124778790854928, -5.124778790854928, -5.020953950042799, -5.020953950042799, -5.124778790854928, -5.124778790854928, -5.124778790854928, -5.124778790854928, -5.020953950042799, -5.124778790854928, -5.020953950042799, -5.124778790854928, -5.020953950042799, -5.020953950042799, -5.020953950042799, -5.020953950042799, -6.560981249465802, -6.121043170759024, -5.966897014612529, -5.966897014612529, -6.228471555937514, -5.8729304983482455, -6.228471555937514, -6.594309395564197, -5.86704059232111, -5.88216218109013, -6.810400039856836, -6.810400039856836, -6.17070615656559, -6.360663676059711, -5.804989640238754, -6.228471555937514, -6.560981249465802, -5.86704059232111, -6.228471555937514, -5.846041286940349, -6.121043170759024, -6.182670096714852, -6.810400039856836, -6.121043170759024, -5.8729304983482455, -6.209927999726279, -6.228471555937514, -6.121043170759024, -6.182670096714852, -5.966897014612529, -6.228471555937514, -6.560981249465802, -6.228471555937514, -5.8729304983482455, -6.560981249465802, -6.560981249465802, -6.121043170759024, -6.850308046750084, -5.86704059232111, -5.966897014612529, -6.9202924879934065, -6.560981249465802, -6.228471555937514, -6.228471555937514, -6.121043170759024, -6.182670096714852, -6.560981249465802, -6.121043170759024, -6.727706195983738, -6.9202924879934065, -6.019906352707063, -6.228471555937514, -6.182670096714852, -6.560981249465802, -6.311664709550236, -6.560981249465802, -6.560981249465802, -6.17070615656559, -6.560981249465802, -6.560981249465802, -6.560981249465802, -6.121043170759024, -5.966897014612529, -6.228471555937514, -6.560981249465802, -6.182670096714852, -6.228471555937514, -6.121043170759024, -6.560981249465802, -6.228471555937514, -6.228471555937514, -6.228471555937514, -6.560981249465802, -6.560981249465802, -6.560981249465802, -5.8729304983482455, -6.560981249465802, -6.560981249465802, -6.5308690345761224, -5.966897014612529, -6.182670096714852, -6.560981249465802, -6.560981249465802, -6.121043170759024, -6.228471555937514, -6.560981249465802, -6.465395257365596, -6.121043170759024, -6.228471555937514, -5.804989640238754, -5.804989640238754, -6.560981249465802, -6.560981249465802, -6.560981249465802, -6.560981249465802, -6.465395257365596, -6.93567386144728, -6.5308690345761224, -6.5308690345761224, -6.228471555937514, -6.560981249465802, -6.560981249465802, -6.560981249465802, -6.560981249465802, -6.560981249465802, -6.560981249465802, -6.560981249465802, -6.5308690345761224, -6.560981249465802, -6.019906352707063, -6.085120016549766, -6.560981249465802, -6.560981249465802, -6.228471555937514, -6.560981249465802, -6.560981249465802, -6.560981249465802, -5.978579395254148, -6.560981249465802, -6.560981249465802, -6.560981249465802, -6.560981249465802, -6.560981249465802, -6.560981249465802, -6.560981249465802, -6.560981249465802, -6.560981249465802, -6.560981249465802, -6.560981249465802, -6.560981249465802, -6.560981249465802, -6.560981249465802, -6.560981249465802, -6.085120016549766, -6.560981249465802, -5.142848810007629, -6.560981249465802, -6.560981249465802, -6.560981249465802, -6.560981249465802, -6.228471555937514, -6.560981249465802, -6.560981249465802, -5.764150810080831, -6.560981249465802, -6.560981249465802, -6.560981249465802, -6.560981249465802, -6.240539711991507, -6.240539711991507, -6.240539711991507, -5.742988692771954, -5.804989640238754, -5.764150810080831, -6.240539711991507, -6.228471555937514, -6.560981249465802, -5.804989640238754, -6.228471555937514, -6.228471555937514, -6.560981249465802, -6.560981249465802, -6.228471555937514, -5.804989640238754, -5.804989640238754, -6.228471555937514, -5.764150810080831, -5.118852428707201, -5.118852428707201, -5.764150810080831, -5.220953782796622, -5.238817861935066, -6.560981249465802, -6.560981249465802, -5.764150810080831, -6.560981249465802, -6.560981249465802, -5.238817861935066, -6.560981249465802, -6.560981249465802, -6.560981249465802, -6.560981249465802, -6.560981249465802, -6.560981249465802, -6.040686777824889, -5.832724812606807, -6.040686777824889, -6.432660432594094, -5.011926091617239, -5.118852428707201, -5.118852428707201, -5.118852428707201, -5.764150810080831, -5.118852428707201, -5.118852428707201, -5.118852428707201, -5.011926091617239, -5.011926091617239, -5.011926091617239, -5.011926091617239, -5.011926091617239, -6.541391320028509, -6.506346117808651, -5.921612218777622, -6.541391320028509, -5.934206765590078, -6.149316657544154, -6.199045044578672, -5.828315661487285, -5.857122564548104, -6.075363894361856, -6.199045044578672, -5.96771569738107, -6.149316657544154, -6.149316657544154, -6.199045044578672, -6.149316657544154, -6.199045044578672, -6.075363894361856, -6.0262077119132105, -6.075363894361856, -6.969292368079598, -6.199045044578672, -6.199045044578672, -6.319830648526279, -6.506346117808651, -6.541391320028509, -6.541391320028509, -6.506346117808651, -6.199045044578672, -6.199045044578672, -5.96771569738107, -6.199045044578672, -6.199045044578672, -6.199045044578672, -6.186465355579052, -6.199045044578672, -6.199045044578672, -6.149316657544154, -6.199045044578672, -6.199045044578672, -6.199045044578672, -6.199045044578672, -6.199045044578672, -6.186465355579052, -6.541391320028509, -6.199045044578672, -6.199045044578672, -6.199045044578672, -5.857122564548104, -6.871774789024, -6.199045044578672, -5.342017819100318, -5.934206765590078, -6.310967140209558, -6.149316657544154, -6.199045044578672, -6.149316657544154, -5.921612218777622, -5.934206765590078, -6.310967140209558, -6.541391320028509, -6.199045044578672, -6.199045044578672, -6.541391320028509, -6.541391320028509, -6.541391320028509, -5.934206765590078, -6.506346117808651, -6.10689126385113, -6.199045044578672, -6.186465355579052, -6.199045044578672, -6.199045044578672, -6.149316657544154, -6.541391320028509, -6.541391320028509, -6.541391320028509, -6.32983510577041, -6.149316657544154, -6.506346117808651, -6.149316657544154, -6.010903255667085, -6.010903255667085, -6.541391320028509, -5.934206765590078, -6.506346117808651, -6.506346117808651, -5.96771569738107, -6.714863616327947, -6.714863616327947, -6.541391320028509, -6.541391320028509, -6.77785940805425, -6.714863616327947, -6.541391320028509, -6.541391320028509, -6.714863616327947, -6.541391320028509, -6.541391320028509, -6.541391320028509, -6.541391320028509, -6.541391320028509, -6.541391320028509, -6.541391320028509, -6.541391320028509, -6.186465355579052, -6.541391320028509, -6.541391320028509, -6.541391320028509, -6.541391320028509, -6.714863616327947, -6.186465355579052, -5.0257075451932405, -6.186465355579052, -6.541391320028509, -6.149316657544154, -5.96771569738107, -6.389358036068058, -6.541391320028509, -6.541391320028509, -6.541391320028509, -6.541391320028509, -6.714863616327947, -6.541391320028509, -6.541391320028509, -6.541391320028509, -6.541391320028509, -6.541391320028509, -6.541391320028509, -6.541391320028509, -6.541391320028509, -5.0257075451932405, -6.541391320028509, -6.199045044578672, -6.541391320028509, -5.754007857062889, -6.541391320028509, -6.541391320028509, -6.389358036068058, -5.0257075451932405, -6.541391320028509, -5.0257075451932405, -6.541391320028509, -6.199045044578672, -6.199045044578672, -6.541391320028509, -5.0257075451932405, -6.199045044578672, -6.541391320028509, -6.541391320028509, -6.541391320028509, -5.0257075451932405, -6.199045044578672, -6.199045044578672, -6.199045044578672, -6.199045044578672, -6.199045044578672, -5.0257075451932405, -6.541391320028509, -6.199045044578672, -6.199045044578672, -5.754007857062889, -5.066354691055547, -6.714863616327947, -5.754007857062889, -5.683484718305301, -5.234772412036465, -6.541391320028509, -6.541391320028509, -5.882465652437889, -5.234772412036465, -5.754007857062889, -6.541391320028509, -6.541391320028509, -5.234772412036465, -5.234772412036465, -6.541391320028509, -6.541391320028509, -6.541391320028509, -6.541391320028509, -6.575459788680873, -6.541391320028509, -6.541391320028509, -6.541391320028509, -5.0257075451932405, -6.37954389758595, -6.541391320028509, -6.541391320028509, -5.0257075451932405, -5.754007857062889, -5.0257075451932405, -5.0257075451932405, -5.0257075451932405, -5.0257075451932405, -5.066354691055547, -5.0257075451932405, -5.066354691055547, -5.066354691055547, -5.066354691055547, -5.0257075451932405, -5.0257075451932405, -6.5707232316471345, -6.46452005438968, -5.033247879316931, -6.158237606222599, -5.918651755268215, -6.158237606222599, -6.643864519893514, -6.158237606222599, -6.158237606222599, -6.185806957848254, -6.533419072151665, -6.46452005438968, -5.926580630438051, -6.158237606222599, -6.158237606222599, -6.158237606222599, -6.5707232316471345, -6.185806957848254, -5.918651755268215, -5.918651755268215, -6.213972627589085, -6.158237606222599, -6.180065744359919, -5.849584487776755, -5.918651755268215, -5.849584487776755, -6.158237606222599, -6.158237606222599, -6.5707232316471345, -6.158237606222599, -5.918651755268215, -6.751685938400881, -6.5707232316471345, -6.185806957848254, -6.158237606222599, -6.158237606222599, -6.158237606222599, -6.185806957848254, -5.786783358127284, -6.810099858413832, -5.918651755268215, -6.158237606222599, -6.158237606222599, -5.926580630438051, -6.515401441221183, -7.009394051163386, -6.185806957848254, -6.643864519893514, -6.180065744359919, -6.180065744359919, -6.158237606222599, -6.5707232316471345, -6.158237606222599, -6.158237606222599, -6.5707232316471345, -5.918651755268215, -5.918651755268215, -5.918651755268215, -6.326713043671179, -6.158237606222599, -6.158237606222599, -6.5707232316471345, -6.159743112922246, -6.180065744359919, -6.5707232316471345, -6.185806957848254, -6.90225197376565, -6.668926691770232, -6.668926691770232, -6.180065744359919, -6.46452005438968, -6.46452005438968, -6.158237606222599, -6.5707232316471345, -5.786783358127284, -6.158237606222599, -6.158237606222599, -6.158237606222599, -6.5707232316471345, -6.5707232316471345, -6.5707232316471345, -6.42793393150786, -6.180065744359919, -6.158237606222599, -6.5707232316471345, -5.919005723995664, -6.90225197376565, -6.668926691770232, -6.158237606222599, -6.158237606222599, -6.5707232316471345, -6.5707232316471345, -6.5707232316471345, -6.5707232316471345, -5.926580630438051, -6.158237606222599, -6.158237606222599, -6.5707232316471345, -6.5707232316471345, -6.5707232316471345, -6.5707232316471345, -6.5707232316471345, -6.5707232316471345, -6.5707232316471345, -6.5707232316471345, -6.668926691770232, -6.5707232316471345, -6.5707232316471345, -6.5707232316471345, -6.185806957848254, -6.5707232316471345, -6.5707232316471345, -6.5707232316471345, -6.5707232316471345, -5.345104490145242, -5.8996031493870165, -6.278495404412016, -6.5707232316471345, -6.5707232316471345, -6.5707232316471345, -6.5707232316471345, -6.668926691770232, -6.5707232316471345, -6.5707232316471345, -6.5707232316471345, -6.668926691770232, -6.158237606222599, -6.5707232316471345, -6.159743112922246, -6.158237606222599, -6.5707232316471345, -6.5707232316471345, -6.5707232316471345, -6.5707232316471345, -6.5707232316471345, -6.5707232316471345, -6.5707232316471345, -6.5707232316471345, -6.5707232316471345, -6.5707232316471345, -6.158237606222599, -5.926580630438051, -5.033247879316931, -6.158237606222599, -6.5707232316471345, -6.5707232316471345, -6.278495404412016, -6.5707232316471345, -5.831899625048352, -6.158237606222599, -6.158237606222599, -5.033247879316931, -6.5707232316471345, -6.5707232316471345, -5.033247879316931, -6.158237606222599, -5.033247879316931, -6.158237606222599, -5.033247879316931, -5.900840517180321, -5.831899625048352, -6.90225197376565, -5.8996031493870165, -5.8996031493870165, -6.5707232316471345, -5.427656014519682, -6.5707232316471345, -6.5707232316471345, -6.5707232316471345, -6.5707232316471345, -6.5707232316471345, -5.8996031493870165, -5.427656014519682, -6.5707232316471345, -6.5707232316471345, -6.5707232316471345, -6.5707232316471345, -6.5707232316471345, -6.306618172960351, -6.306618172960351, -5.493085745331671, -6.306618172960351, -6.5707232316471345, -6.5707232316471345, -6.306618172960351, -6.306618172960351, -5.039525016826658, -5.039525016826658, -5.033247879316931, -5.831899625048352, -5.831899625048352, -5.033247879316931, -5.033247879316931, -5.033247879316931, -5.039525016826658, -5.033247879316931, -5.039525016826658, -5.039525016826658, -5.033247879316931, -5.039525016826658, -5.033247879316931]","0     -7.22
1     -6.21
2     -7.24
3     -5.92
4     -5.96
       ... 
247   -6.00
248   -3.99
249   -5.24
250   -4.77
251   -4.71
Name: Permeability, Length: 252, dtype: float64","[array([-6.56237606, -6.18951787, -6.18951787, -5.83116095, -5.83552048,
       -5.09982798, -5.9296227 , -5.09982798, -5.16745855, -6.17218062,
       -5.94023261, -6.18951787, -5.9296227 , -6.18951787, -5.83552048,
       -5.83552048, -6.73742845, -6.73742845, -5.9296227 , -6.56237606,
       -5.94023261, -6.17959536, -6.18951787, -5.09982798, -5.83552048,
       -5.94023261, -6.18951787, -6.18951787, -6.21363255, -5.94023261,
       -6.57645934, -6.94795651, -6.18951787, -6.38598474, -6.18951787,
       -6.38598474, -6.18951787, -6.20864689, -6.18951787, -5.83552048,
       -6.21363255, -6.17959536, -6.21363255, -5.09982798, -5.54534868,
       -6.1900706 , -6.38598474, -6.18951787, -6.18951787, -5.70689471,
       -6.97582665, -6.73742845, -6.18951787, -6.18951787, -6.21363255,
       -6.56237606, -6.56237606, -6.38598474, -5.83552048, -6.56237606,
       -6.21363255, -6.38598474, -5.94023261, -6.35720358, -5.94023261,
       -6.1900706 , -6.6068689 , -6.00955816, -6.18951787, -6.56237606,
       -6.17959536, -6.56237606, -6.18951787, -6.56237606, -5.94023261,
       -5.94023261, -5.94023261, -6.18951787, -6.56237606, -6.56237606,
       -6.21363255, -6.17959536, -6.18951787, -6.23403428, -6.17959536,
       -6.17959536, -6.56237606, -6.17218062, -6.56237606, -6.56237606,
       -6.61573466, -6.61573466, -6.35720358, -6.38598474, -5.83552048,
       -6.61573466, -6.18951787, -6.56237606, -6.18951787, -6.18951787,
       -6.56237606, -6.56237606, -6.61573466, -6.17959536, -6.38598474,
       -6.18951787, -6.18951787, -6.56237606, -6.56237606, -6.56237606,
       -5.9296227 , -6.38598474, -6.56237606, -5.96497419, -6.61573466,
       -6.56237606, -6.56237606, -6.56237606, -6.56237606, -6.56237606,
       -6.56237606, -6.56237606, -6.17959536, -6.56237606, -5.94705618,
       -6.23188825, -6.56237606, -6.56237606, -6.56237606, -6.56237606,
       -6.56237606, -6.61573466, -6.17218062, -6.56237606, -6.56237606,
       -6.56237606, -6.56237606, -6.00955816, -6.56237606, -7.04074948,
       -6.56237606, -6.21363255, -6.73742845, -6.61573466, -6.56237606,
       -5.09982798, -6.56237606, -6.21363255, -6.18951787, -6.56237606,
       -6.56237606, -6.56237606, -6.56237606, -5.09982798, -6.56237606,
       -6.56237606, -6.56237606, -6.18951787, -6.23188825, -6.56237606,
       -6.18951787, -6.56237606, -6.56237606, -6.56237606, -6.23403428,
       -6.56237606, -6.56237606, -6.56237606, -6.18951787, -6.56237606,
       -6.56237606, -5.09982798, -6.56237606, -6.18951787, -6.56237606,
       -6.32838384, -6.18951787, -6.18951787, -6.32838384, -5.78440849,
       -5.9296227 , -6.56237606, -6.18951787, -6.56237606, -5.09982798,
       -6.56237606, -6.56237606, -6.56237606, -6.18951787, -5.83552048,
       -6.18951787, -6.18951787, -5.9296227 , -5.09982798, -6.56237606,
       -5.9296227 , -6.56237606, -5.76436479, -6.18951787, -6.18951787,
       -6.18951787, -6.18951787, -6.56237606, -5.76436479, -6.12244003,
       -6.94795651, -5.45797132, -6.94795651, -6.12244003, -5.16745855,
       -6.56237606, -6.56237606, -6.56237606, -6.56237606, -6.56237606,
       -6.12244003, -5.16745855, -5.76436479, -6.56237606, -5.45797132,
       -5.16745855, -5.52560189, -6.56237606, -6.56237606, -6.56237606,
       -6.56237606, -6.56237606, -6.18951787, -6.56237606, -6.36772178,
       -6.56237606, -6.17959536, -6.36772178, -5.55024535, -5.09982798,
       -5.09982798, -5.09982798, -5.09982798, -5.76436479, -5.09982798,
       -4.99639584, -5.09982798, -5.09982798, -5.09982798, -5.09982798,
       -5.09982798, -5.09982798, -4.99639584, -5.09982798, -4.99639584,
       -4.99639584, -4.99639584]), array([-6.52290293, -6.20473999, -6.20473999, -5.77492955, -5.7956764 ,
       -5.12477879, -6.00344886, -5.12477879, -5.26381401, -6.17832376,
       -5.95661168, -6.20473999, -6.00344886, -6.20473999, -5.7956764 ,
       -5.7956764 , -6.63417337, -6.63417337, -6.00344886, -6.52290293,
       -5.95661168, -6.10376337, -6.20473999, -5.12477879, -5.7956764 ,
       -5.95661168, -6.20473999, -6.20473999, -6.24086675, -5.95661168,
       -6.57928955, -6.85573035, -6.20473999, -6.33740917, -6.20473999,
       -6.33740917, -6.20473999, -6.16907956, -6.20473999, -5.7956764 ,
       -6.24086675, -6.10376337, -6.24086675, -5.12477879, -5.66273876,
       -6.10880055, -6.33740917, -6.20473999, -6.20473999, -5.81768099,
       -6.87555797, -6.63417337, -6.20473999, -6.20473999, -6.24086675,
       -6.52290293, -6.52290293, -6.33740917, -5.7956764 , -6.52290293,
       -6.24086675, -6.33740917, -5.95661168, -6.21202752, -5.95661168,
       -6.10880055, -6.46597434, -6.03542008, -6.20473999, -6.52290293,
       -6.10376337, -6.52290293, -6.20473999, -6.52290293, -5.95661168,
       -5.95661168, -5.95661168, -6.20473999, -6.52290293, -6.52290293,
       -6.24086675, -6.10376337, -6.20473999, -6.35827173, -6.10376337,
       -6.10376337, -6.52290293, -6.17832376, -6.52290293, -6.52290293,
       -6.44952665, -6.44952665, -6.21202752, -6.33740917, -5.7956764 ,
       -6.44952665, -6.20473999, -6.52290293, -6.20473999, -6.20473999,
       -6.52290293, -6.52290293, -6.44952665, -6.10376337, -6.33740917,
       -6.20473999, -6.20473999, -6.52290293, -6.52290293, -6.52290293,
       -6.00344886, -6.33740917, -6.52290293, -5.88977786, -6.44952665,
       -6.52290293, -6.52290293, -6.52290293, -6.52290293, -6.52290293,
       -6.52290293, -6.52290293, -6.10376337, -6.52290293, -5.84014053,
       -6.22284484, -6.52290293, -6.52290293, -6.52290293, -6.52290293,
       -6.52290293, -6.44952665, -6.17832376, -6.52290293, -6.52290293,
       -6.52290293, -6.52290293, -6.03542008, -6.52290293, -6.91385015,
       -6.52290293, -6.24086675, -6.63417337, -6.44952665, -6.52290293,
       -5.12477879, -6.52290293, -6.24086675, -6.20473999, -6.52290293,
       -6.52290293, -6.52290293, -6.52290293, -5.12477879, -6.52290293,
       -6.52290293, -6.52290293, -6.20473999, -6.22284484, -6.52290293,
       -6.20473999, -6.52290293, -6.52290293, -6.52290293, -6.35827173,
       -6.52290293, -6.52290293, -6.52290293, -6.20473999, -6.52290293,
       -6.52290293, -5.12477879, -6.52290293, -6.20473999, -6.52290293,
       -6.29342974, -6.20473999, -6.20473999, -6.29342974, -5.96184638,
       -6.00344886, -6.52290293, -6.20473999, -6.52290293, -5.12477879,
       -6.52290293, -6.52290293, -6.52290293, -6.20473999, -5.7956764 ,
       -6.20473999, -6.20473999, -6.00344886, -5.12477879, -6.52290293,
       -6.00344886, -6.52290293, -5.87634953, -6.20473999, -6.20473999,
       -6.20473999, -6.20473999, -6.52290293, -5.87634953, -6.04308385,
       -6.85573035, -5.59349512, -6.85573035, -6.04308385, -5.26381401,
       -6.52290293, -6.52290293, -6.52290293, -6.52290293, -6.52290293,
       -6.04308385, -5.26381401, -5.87634953, -6.52290293, -5.59349512,
       -5.26381401, -5.7172699 , -6.52290293, -6.52290293, -6.52290293,
       -6.52290293, -6.52290293, -6.20473999, -6.52290293, -6.38049921,
       -6.52290293, -6.10376337, -6.38049921, -5.58990976, -5.12477879,
       -5.12477879, -5.12477879, -5.12477879, -5.87634953, -5.12477879,
       -5.02095395, -5.12477879, -5.12477879, -5.12477879, -5.12477879,
       -5.12477879, -5.12477879, -5.02095395, -5.12477879, -5.02095395,
       -5.02095395, -5.02095395]), array([-6.56098125, -6.22847156, -6.22847156, -5.84906749, -5.8729305 ,
       -5.11885243, -5.80498964, -5.11885243, -5.23881786, -6.17070616,
       -5.96689701, -6.22847156, -5.80498964, -6.22847156, -5.8729305 ,
       -5.8729305 , -6.81040004, -6.81040004, -5.80498964, -6.56098125,
       -5.96689701, -6.12104317, -6.22847156, -5.11885243, -5.8729305 ,
       -5.96689701, -6.22847156, -6.22847156, -6.1826701 , -5.96689701,
       -6.6186016 , -6.93567386, -6.22847156, -6.46539526, -6.22847156,
       -6.46539526, -6.22847156, -6.14891978, -6.22847156, -5.8729305 ,
       -6.1826701 , -6.12104317, -6.1826701 , -5.11885243, -5.52058661,
       -6.12376145, -6.46539526, -6.22847156, -6.22847156, -5.89985228,
       -6.92029249, -6.81040004, -6.22847156, -6.22847156, -6.1826701 ,
       -6.56098125, -6.56098125, -6.46539526, -5.8729305 , -6.56098125,
       -6.1826701 , -6.46539526, -5.96689701, -6.01990635, -5.96689701,
       -6.12376145, -6.62841911, -5.9785794 , -6.22847156, -6.56098125,
       -6.12104317, -6.56098125, -6.22847156, -6.56098125, -5.96689701,
       -5.96689701, -5.96689701, -6.22847156, -6.56098125, -6.56098125,
       -6.1826701 , -6.12104317, -6.22847156, -6.31166471, -6.12104317,
       -6.12104317, -6.56098125, -6.17070616, -6.56098125, -6.56098125,
       -6.53086903, -6.53086903, -6.01990635, -6.46539526, -5.8729305 ,
       -6.53086903, -6.22847156, -6.56098125, -6.22847156, -6.22847156,
       -6.56098125, -6.56098125, -6.53086903, -6.12104317, -6.46539526,
       -6.22847156, -6.22847156, -6.56098125, -6.56098125, -6.56098125,
       -5.80498964, -6.46539526, -6.56098125, -5.84552734, -6.53086903,
       -6.56098125, -6.56098125, -6.56098125, -6.56098125, -6.56098125,
       -6.56098125, -6.56098125, -6.12104317, -6.56098125, -5.87603291,
       -6.08512002, -6.56098125, -6.56098125, -6.56098125, -6.56098125,
       -6.56098125, -6.53086903, -6.17070616, -6.56098125, -6.56098125,
       -6.56098125, -6.56098125, -5.9785794 , -6.56098125, -7.00776989,
       -6.56098125, -6.1826701 , -6.81040004, -6.53086903, -6.56098125,
       -5.11885243, -6.56098125, -6.1826701 , -6.22847156, -6.56098125,
       -6.56098125, -6.56098125, -6.56098125, -5.11885243, -6.56098125,
       -6.56098125, -6.56098125, -6.22847156, -6.08512002, -6.56098125,
       -6.22847156, -6.56098125, -6.56098125, -6.56098125, -6.31166471,
       -6.56098125, -6.56098125, -6.56098125, -6.22847156, -6.56098125,
       -6.56098125, -5.11885243, -6.56098125, -6.22847156, -6.56098125,
       -6.24053971, -6.22847156, -6.22847156, -6.24053971, -5.74298869,
       -5.80498964, -6.56098125, -6.22847156, -6.56098125, -5.11885243,
       -6.56098125, -6.56098125, -6.56098125, -6.22847156, -5.8729305 ,
       -6.22847156, -6.22847156, -5.80498964, -5.11885243, -6.56098125,
       -5.80498964, -6.56098125, -5.76415081, -6.22847156, -6.22847156,
       -6.22847156, -6.22847156, -6.56098125, -5.76415081, -6.11558584,
       -6.93567386, -5.83272481, -6.93567386, -6.11558584, -5.23881786,
       -6.56098125, -6.56098125, -6.56098125, -6.56098125, -6.56098125,
       -6.11558584, -5.23881786, -5.76415081, -6.56098125, -5.83272481,
       -5.23881786, -5.90739696, -6.56098125, -6.56098125, -6.56098125,
       -6.56098125, -6.56098125, -6.22847156, -6.56098125, -6.43266043,
       -6.56098125, -6.12104317, -6.43266043, -5.14284881, -5.11885243,
       -5.11885243, -5.11885243, -5.11885243, -5.76415081, -5.11885243,
       -5.01192609, -5.11885243, -5.11885243, -5.11885243, -5.11885243,
       -5.11885243, -5.11885243, -5.01192609, -5.11885243, -5.01192609,
       -5.01192609, -5.01192609]), array([-6.54139132, -6.19904504, -6.19904504, -5.83126883, -5.85712256,
       -5.02570755, -5.9677157 , -5.02570755, -5.23477241, -6.07536389,
       -5.93420677, -6.19904504, -5.9677157 , -6.19904504, -5.85712256,
       -5.85712256, -6.77785941, -6.77785941, -5.9677157 , -6.54139132,
       -5.93420677, -6.14931666, -6.19904504, -5.02570755, -5.85712256,
       -5.93420677, -6.19904504, -6.19904504, -6.18646536, -5.93420677,
       -6.5526946 , -6.87177479, -6.19904504, -6.50634612, -6.19904504,
       -6.50634612, -6.19904504, -6.19310269, -6.19904504, -5.85712256,
       -6.18646536, -6.14931666, -6.18646536, -5.02570755, -5.55456022,
       -5.89343963, -6.50634612, -6.19904504, -6.19904504, -5.9037384 ,
       -6.82132824, -6.77785941, -6.19904504, -6.19904504, -6.18646536,
       -6.54139132, -6.54139132, -6.50634612, -5.85712256, -6.54139132,
       -6.18646536, -6.50634612, -5.93420677, -6.31096714, -5.93420677,
       -5.89343963, -6.64764194, -6.07383426, -6.19904504, -6.54139132,
       -6.14931666, -6.54139132, -6.19904504, -6.54139132, -5.93420677,
       -5.93420677, -5.93420677, -6.19904504, -6.54139132, -6.54139132,
       -6.18646536, -6.14931666, -6.19904504, -6.25273825, -6.14931666,
       -6.14931666, -6.54139132, -6.07536389, -6.54139132, -6.54139132,
       -6.71486362, -6.71486362, -6.31096714, -6.50634612, -5.85712256,
       -6.71486362, -6.19904504, -6.54139132, -6.19904504, -6.19904504,
       -6.54139132, -6.54139132, -6.71486362, -6.14931666, -6.50634612,
       -6.19904504, -6.19904504, -6.54139132, -6.54139132, -6.54139132,
       -5.9677157 , -6.50634612, -6.54139132, -6.01090326, -6.71486362,
       -6.54139132, -6.54139132, -6.54139132, -6.54139132, -6.54139132,
       -6.54139132, -6.54139132, -6.14931666, -6.54139132, -5.92161222,
       -6.32983511, -6.54139132, -6.54139132, -6.54139132, -6.54139132,
       -6.54139132, -6.71486362, -6.07536389, -6.54139132, -6.54139132,
       -6.54139132, -6.54139132, -6.07383426, -6.54139132, -6.96929237,
       -6.54139132, -6.18646536, -6.77785941, -6.71486362, -6.54139132,
       -5.02570755, -6.54139132, -6.18646536, -6.19904504, -6.54139132,
       -6.54139132, -6.54139132, -6.54139132, -5.02570755, -6.54139132,
       -6.54139132, -6.54139132, -6.19904504, -6.32983511, -6.54139132,
       -6.19904504, -6.54139132, -6.54139132, -6.54139132, -6.25273825,
       -6.54139132, -6.54139132, -6.54139132, -6.19904504, -6.54139132,
       -6.54139132, -5.02570755, -6.54139132, -6.19904504, -6.54139132,
       -6.38935804, -6.19904504, -6.19904504, -6.38935804, -5.93431468,
       -5.9677157 , -6.54139132, -6.19904504, -6.54139132, -5.02570755,
       -6.54139132, -6.54139132, -6.54139132, -6.19904504, -5.85712256,
       -6.19904504, -6.19904504, -5.9677157 , -5.02570755, -6.54139132,
       -5.9677157 , -6.54139132, -5.75400786, -6.19904504, -6.19904504,
       -6.19904504, -6.19904504, -6.54139132, -5.75400786, -5.88246565,
       -6.87177479, -5.34201782, -6.87177479, -5.88246565, -5.23477241,
       -6.54139132, -6.54139132, -6.54139132, -6.54139132, -6.54139132,
       -5.88246565, -5.23477241, -5.75400786, -6.54139132, -5.34201782,
       -5.23477241, -5.54109185, -6.54139132, -6.54139132, -6.54139132,
       -6.54139132, -6.54139132, -6.19904504, -6.54139132, -6.3795439 ,
       -6.54139132, -6.14931666, -6.3795439 , -5.61570453, -5.02570755,
       -5.02570755, -5.02570755, -5.02570755, -5.75400786, -5.02570755,
       -5.06635469, -5.02570755, -5.02570755, -5.02570755, -5.02570755,
       -5.02570755, -5.02570755, -5.06635469, -5.02570755, -5.06635469,
       -5.06635469, -5.06635469]), array([-6.57072323, -6.15823761, -6.15823761, -5.81216914, -5.84958449,
       -5.03324788, -5.92658063, -5.03324788, -5.42765601, -6.21397263,
       -5.91865176, -6.15823761, -5.92658063, -6.15823761, -5.84958449,
       -5.84958449, -6.75168594, -6.75168594, -5.92658063, -6.57072323,
       -5.91865176, -6.18006574, -6.15823761, -5.03324788, -5.84958449,
       -5.91865176, -6.15823761, -6.15823761, -6.18580696, -5.91865176,
       -6.53341907, -6.90225197, -6.15823761, -6.46452005, -6.15823761,
       -6.46452005, -6.15823761, -6.27940295, -6.15823761, -5.84958449,
       -6.18580696, -6.18006574, -6.18580696, -5.03324788, -5.34510449,
       -6.10310854, -6.46452005, -6.15823761, -6.15823761, -5.90719085,
       -6.8848843 , -6.75168594, -6.15823761, -6.15823761, -6.18580696,
       -6.57072323, -6.57072323, -6.46452005, -5.84958449, -6.57072323,
       -6.18580696, -6.46452005, -5.91865176, -6.32671304, -5.91865176,
       -6.10310854, -6.42793393, -5.95181973, -6.15823761, -6.57072323,
       -6.18006574, -6.57072323, -6.15823761, -6.57072323, -5.91865176,
       -5.91865176, -5.91865176, -6.15823761, -6.57072323, -6.57072323,
       -6.18580696, -6.18006574, -6.15823761, -6.15974311, -6.18006574,
       -6.18006574, -6.57072323, -6.21397263, -6.57072323, -6.57072323,
       -6.66892669, -6.66892669, -6.32671304, -6.46452005, -5.84958449,
       -6.66892669, -6.15823761, -6.57072323, -6.15823761, -6.15823761,
       -6.57072323, -6.57072323, -6.66892669, -6.18006574, -6.46452005,
       -6.15823761, -6.15823761, -6.57072323, -6.57072323, -6.57072323,
       -5.92658063, -6.46452005, -6.57072323, -5.91254494, -6.66892669,
       -6.57072323, -6.57072323, -6.57072323, -6.57072323, -6.57072323,
       -6.57072323, -6.57072323, -6.18006574, -6.57072323, -5.91900572,
       -6.4549683 , -6.57072323, -6.57072323, -6.57072323, -6.57072323,
       -6.57072323, -6.66892669, -6.21397263, -6.57072323, -6.57072323,
       -6.57072323, -6.57072323, -5.95181973, -6.57072323, -7.00939405,
       -6.57072323, -6.18580696, -6.75168594, -6.66892669, -6.57072323,
       -5.03324788, -6.57072323, -6.18580696, -6.15823761, -6.57072323,
       -6.57072323, -6.57072323, -6.57072323, -5.03324788, -6.57072323,
       -6.57072323, -6.57072323, -6.15823761, -6.4549683 , -6.57072323,
       -6.15823761, -6.57072323, -6.57072323, -6.57072323, -6.15974311,
       -6.57072323, -6.57072323, -6.57072323, -6.15823761, -6.57072323,
       -6.57072323, -5.03324788, -6.57072323, -6.15823761, -6.57072323,
       -6.2784954 , -6.15823761, -6.15823761, -6.2784954 , -5.86472433,
       -5.92658063, -6.57072323, -6.15823761, -6.57072323, -5.03324788,
       -6.57072323, -6.57072323, -6.57072323, -6.15823761, -5.84958449,
       -6.15823761, -6.15823761, -5.92658063, -5.03324788, -6.57072323,
       -5.92658063, -6.57072323, -5.83189963, -6.15823761, -6.15823761,
       -6.15823761, -6.15823761, -6.57072323, -5.83189963, -5.89960315,
       -6.90225197, -5.49308575, -6.90225197, -5.89960315, -5.42765601,
       -6.57072323, -6.57072323, -6.57072323, -6.57072323, -6.57072323,
       -5.89960315, -5.42765601, -5.83189963, -6.57072323, -5.49308575,
       -5.42765601, -5.84267362, -6.57072323, -6.57072323, -6.57072323,
       -6.57072323, -6.57072323, -6.15823761, -6.57072323, -6.30661817,
       -6.57072323, -6.18006574, -6.30661817, -5.33390952, -5.03324788,
       -5.03324788, -5.03324788, -5.03324788, -5.83189963, -5.03324788,
       -5.03952502, -5.03324788, -5.03324788, -5.03324788, -5.03324788,
       -5.03324788, -5.03324788, -5.03952502, -5.03324788, -5.03952502,
       -5.03952502, -5.03952502])]","[-6.55167496 -6.19600241 -6.19600241 -5.81971919 -5.84216689 -5.08048292
 -5.92647151 -5.08048292 -5.26650377 -6.16210941 -5.94331997 -6.19600241
 -5.92647151 -6.19600241 -5.84216689 -5.84216689 -6.74230944 -6.74230944
 -5.92647151 -6.55167496 -5.94331997 -6.14675686 -6.19600241 -5.08048292
 -5.84216689 -5.94331997 -6.19600241 -6.19600241 -6.20188834 -5.94331997
 -6.57209283 -6.9026775  -6.19600241 -6.43193107 -6.19600241 -6.43193107
 -6.19600241 -6.19983037 -6.19600241 -5.84216689 -6.20188834 -6.14675686
 -6.20188834 -5.08048292 -5.52566775 -6.08383615 -6.43193107 -6.19600241
 -6.19600241 -5.84707145 -6.89557793 -6.74230944 -6.19600241 -6.19600241
 -6.20188834 -6.55167496 -6.55167496 -6.43193107 -5.84216689 -6.55167496
 -6.20188834 -6.43193107 -5.94331997 -6.24536353 -5.94331997 -6.08383615
 -6.55536764 -6.00984233 -6.19600241 -6.55167496 -6.14675686 -6.55167496
 -6.19600241 -6.55167496 -5.94331997 -5.94331997 -5.94331997 -6.19600241
 -6.55167496 -6.55167496 -6.20188834 -6.14675686 -6.19600241 -6.26329042
 -6.14675686 -6.14675686 -6.55167496 -6.16210941 -6.55167496 -6.55167496
 -6.59598413 -6.59598413 -6.24536353 -6.43193107 -5.84216689 -6.59598413
 -6.19600241 -6.55167496 -6.19600241 -6.19600241 -6.55167496 -6.55167496
 -6.59598413 -6.14675686 -6.43193107 -6.19600241 -6.19600241 -6.55167496
 -6.55167496 -6.55167496 -5.92647151 -6.43193107 -6.55167496 -5.92474552
 -6.59598413 -6.55167496 -6.55167496 -6.55167496 -6.55167496 -6.55167496
 -6.55167496 -6.55167496 -6.14675686 -6.55167496 -5.90076951 -6.2649313
 -6.55167496 -6.55167496 -6.55167496 -6.55167496 -6.55167496 -6.59598413
 -6.16210941 -6.55167496 -6.55167496 -6.55167496 -6.55167496 -6.00984233
 -6.55167496 -6.98821119 -6.55167496 -6.20188834 -6.74230944 -6.59598413
 -6.55167496 -5.08048292 -6.55167496 -6.20188834 -6.19600241 -6.55167496
 -6.55167496 -6.55167496 -6.55167496 -5.08048292 -6.55167496 -6.55167496
 -6.55167496 -6.19600241 -6.2649313  -6.55167496 -6.19600241 -6.55167496
 -6.55167496 -6.55167496 -6.26329042 -6.55167496 -6.55167496 -6.55167496
 -6.19600241 -6.55167496 -6.55167496 -5.08048292 -6.55167496 -6.19600241
 -6.55167496 -6.30604135 -6.19600241 -6.19600241 -6.30604135 -5.85765651
 -5.92647151 -6.55167496 -6.19600241 -6.55167496 -5.08048292 -6.55167496
 -6.55167496 -6.55167496 -6.19600241 -5.84216689 -6.19600241 -6.19600241
 -5.92647151 -5.08048292 -6.55167496 -5.92647151 -6.55167496 -5.79815452
 -6.19600241 -6.19600241 -6.19600241 -6.19600241 -6.55167496 -5.79815452
 -6.0126357  -6.9026775  -5.54385896 -6.9026775  -6.0126357  -5.26650377
 -6.55167496 -6.55167496 -6.55167496 -6.55167496 -6.55167496 -6.0126357
 -5.26650377 -5.79815452 -6.55167496 -5.54385896 -5.26650377 -5.70680684
 -6.55167496 -6.55167496 -6.55167496 -6.55167496 -6.55167496 -6.19600241
 -6.55167496 -6.3734087  -6.55167496 -6.14675686 -6.3734087  -5.4465236
 -5.08048292 -5.08048292 -5.08048292 -5.08048292 -5.79815452 -5.08048292
 -5.02703112 -5.08048292 -5.08048292 -5.08048292 -5.08048292 -5.08048292
 -5.08048292 -5.02703112 -5.08048292 -5.02703112 -5.02703112 -5.02703112]","[0.0173063  0.02283891 0.02283891 0.0252537  0.02619402 0.04252074
 0.06692441 0.04252074 0.08667252 0.04615803 0.0169331  0.02283891
 0.06692441 0.02283891 0.02619402 0.02619402 0.05950678 0.05950678
 0.06692441 0.0173063  0.0169331  0.03067258 0.02283891 0.04252074
 0.02619402 0.0169331  0.02283891 0.02283891 0.02246358 0.0169331
 0.02865616 0.03549124 0.02283891 0.06126165 0.02283891 0.06126165
 0.02283891 0.04470411 0.02283891 0.02619402 0.02246358 0.03067258
 0.02246358 0.04252074 0.10260554 0.10012519 0.06126165 0.02283891
 0.02283891 0.07762038 0.05114457 0.05950678 0.02283891 0.02283891
 0.02246358 0.0173063  0.0173063  0.06126165 0.02619402 0.0173063
 0.02246358 0.06126165 0.0169331  0.12277785 0.0169331  0.10012519
 0.09025958 0.04264566 0.02283891 0.0173063  0.03067258 0.0173063
 0.02283891 0.0173063  0.0169331  0.0169331  0.0169331  0.02283891
 0.0173063  0.0173063  0.02246358 0.03067258 0.02283891 0.06789821
 0.03067258 0.03067258 0.0173063  0.04615803 0.0173063  0.0173063
 0.0954283  0.0954283  0.12277785 0.06126165 0.02619402 0.0954283
 0.02283891 0.0173063  0.02283891 0.02283891 0.0173063  0.0173063
 0.0954283  0.03067258 0.06126165 0.02283891 0.02283891 0.0173063
 0.0173063  0.0173063  0.06692441 0.06126165 0.0173063  0.05777303
 0.0954283  0.0173063  0.0173063  0.0173063  0.0173063  0.0173063
 0.0173063  0.0173063  0.03067258 0.0173063  0.03793997 0.12289978
 0.0173063  0.0173063  0.0173063  0.0173063  0.0173063  0.0954283
 0.04615803 0.0173063  0.0173063  0.0173063  0.0173063  0.04264566
 0.0173063  0.04354082 0.0173063  0.02246358 0.05950678 0.0954283
 0.0173063  0.04252074 0.0173063  0.02246358 0.02283891 0.0173063
 0.0173063  0.0173063  0.0173063  0.04252074 0.0173063  0.0173063
 0.0173063  0.02283891 0.12289978 0.0173063  0.02283891 0.0173063
 0.0173063  0.0173063  0.06789821 0.0173063  0.0173063  0.0173063
 0.02283891 0.0173063  0.0173063  0.04252074 0.0173063  0.02283891
 0.0173063  0.05029742 0.02283891 0.02283891 0.05029742 0.08401897
 0.06692441 0.0173063  0.02283891 0.0173063  0.04252074 0.0173063
 0.0173063  0.0173063  0.02283891 0.02619402 0.02283891 0.02283891
 0.06692441 0.04252074 0.0173063  0.06692441 0.0173063  0.04795856
 0.02283891 0.02283891 0.02283891 0.02283891 0.0173063  0.04795856
 0.10325058 0.03549124 0.16528865 0.03549124 0.10325058 0.08667252
 0.0173063  0.0173063  0.0173063  0.0173063  0.0173063  0.10325058
 0.08667252 0.04795856 0.0173063  0.16528865 0.08667252 0.15433881
 0.0173063  0.0173063  0.0173063  0.0173063  0.0173063  0.02283891
 0.0173063  0.04022934 0.0173063  0.03067258 0.04022934 0.18157108
 0.04252074 0.04252074 0.04252074 0.04252074 0.04795856 0.04252074
 0.02410832 0.04252074 0.04252074 0.04252074 0.04252074 0.04252074
 0.04252074 0.02410832 0.04252074 0.02410832 0.02410832 0.02410832]"
1,DecisionTreeRegressor,"[-6.5876691729323325, -7.2700000000000005, -7.2700000000000005, -5.78, -6.189531250000003, -6.74, -5.813750000000001, -6.189531250000003, -6.5876691729323325, -6.189531250000003, -6.74, -5.849999999999999, -6.189531250000003, -5.78, -6.195, -6.189531250000003, -6.189531250000003, -5.930370370370367, -6.233124999999999, -6.553333333333334, -6.553333333333334, -6.189531250000003, -6.1991891891891875, -6.175459630714286, -6.1991891891891875, -5.849999999999999, -6.903333333333333, -5.849999999999999, -6.233124999999999, -6.903333333333333, -6.2975, -5.849999999999999, -6.189531250000003, -6.189531250000003, -6.1991891891891875, -6.189531250000003, -5.849999999999999, -5.8950000000000005, -5.8, -6.741666666666667, -6.189531250000003, -6.189531250000003, -6.2975, -5.96, -6.189531250000003, -6.189531250000003, -6.5876691729323325, -6.5876691729323325, -6.189531250000003, -6.5876691729323325, -6.5876691729323325, -6.189531250000003, -6.1991891891891875, -6.195, -6.233124999999999, -5.930370370370367, -6.5876691729323325, -6.5876691729323325, -6.5876691729323325, -5.8950000000000005, -6.189531250000003, -6.5876691729323325, -5.930370370370367, -6.175459630714286, -6.189531250000003, -6.189531250000003, -6.1991891891891875, -6.1991891891891875, -6.189531250000003, -6.1991891891891875, -6.5876691729323325, -6.189531250000003, -6.189531250000003, -6.5876691729323325, -6.572978305279999, -6.2975, -6.233124999999999, -6.5876691729323325, -6.2975, -6.189531250000003, -6.189531250000003, -6.189531250000003, -6.195, -6.5876691729323325, -6.5876691729323325, -6.329999999999999, -6.233124999999999, -6.5876691729323325, -6.5876691729323325, -6.189531250000003, -6.189531250000003, -6.2975, -6.5876691729323325, -6.233124999999999, -5.902105263157894, -5.47, -6.5876691729323325, -6.5876691729323325, -6.5876691729323325, -6.5876691729323325, -6.233124999999999, -6.5876691729323325, -4.938478260869564, -6.5876691729323325, -6.5876691729323325, -7.0375, -6.329999999999999, -6.2975, -5.892499999999999, -6.5876691729323325, -6.5876691729323325, -6.5876691729323325, -6.5876691729323325, -6.175459630714286, -6.175459630714286, -6.5876691729323325, -6.5876691729323325, -6.5876691729323325, -6.5876691729323325, -6.5876691729323325, -6.572978305279999, -6.5876691729323325, -6.5876691729323325, -6.5876691729323325, -6.5876691729323325, -6.5876691729323325, -5.849999999999999, -6.189531250000003, -6.189531250000003, -6.5876691729323325, -6.5876691729323325, -6.5876691729323325, -6.5876691729323325, -6.5876691729323325, -6.5876691729323325, -6.5876691729323325, -6.5876691729323325, -6.236666666666668, -6.236666666666668, -6.236666666666668, -6.135, -5.649285714285715, -6.236666666666668, -6.236666666666668, -6.5876691729323325, -5.849999999999999, -6.189531250000003, -4.938478260869564, -6.5876691729323325, -6.5876691729323325, -6.5876691729323325, -6.5876691729323325, -6.5876691729323325, -6.5876691729323325, -5.649285714285715, -4.938478260869564, -6.189531250000003, -6.5876691729323325, -4.938478260869564, -6.189531250000003, -6.5876691729323325, -6.189531250000003, -5.649285714285715, -5.649285714285715, -5.649285714285715, -6.7, -5.15, -5.89, -5.813750000000001, -4.96695652173913, -5.649285714285715, -5.813750000000001, -6.5876691729323325, -6.5876691729323325, -6.5876691729323325, -6.077142857142857, -5.649285714285715, -6.5876691729323325, -6.5876691729323325, -5.813750000000001, -6.5876691729323325, -6.5876691729323325, -6.5876691729323325, -5.813750000000001, -5.609999999999999, -6.189531250000003, -5.72, -5.649285714285715, -5.415000000000001, -6.98, -6.467499999999999, -6.467499999999999, -4.938478260869564, -4.880986922, -4.880986922, -4.938478260869564, -4.938478260869564, -4.96695652173913, -4.938478260869564, -4.938478260869564, -4.938478260869564, -4.96695652173913, -7.2275, -7.2275, -6.548173431734315, -5.798666666666667, -5.919130434782608, -6.44, -5.798666666666667, -5.798666666666667, -5.798666666666667, -5.798666666666667, -5.798666666666667, -6.2020895522388075, -5.62, -6.548173431734315, -6.33875, -6.137777777777779, -6.114571428571428, -6.2020895522388075, -6.114571428571428, -5.728571428571429, -6.2020895522388075, -5.954999999999999, -6.2020895522388075, -6.2020895522388075, -5.919130434782608, -5.82, -6.137777777777779, -5.954999999999999, -5.759450752, -6.2020895522388075, -6.2020895522388075, -6.114571428571428, -5.919130434782608, -6.548173431734315, -6.548173431734315, -6.5, -6.206475016043479, -6.137777777777779, -5.919130434782608, -6.738333333333333, -6.2020895522388075, -6.2020895522388075, -6.2020895522388075, -5.82, -6.368110996421053, -6.467499999999999, -5.759450752, -5.919130434782608, -6.206475016043479, -6.2020895522388075, -5.82, -6.5, -5.798666666666667, -5.353333333333333, -7.109999999999999, -6.114571428571428, -6.206475016043479, -5.919130434782608, -5.984999999999999, -5.984999999999999, -5.728571428571429, -6.2020895522388075, -6.114571428571428, -6.114571428571428, -5.82, -5.919130434782608, -6.206475016043479, -6.368110996421053, -6.206475016043479, -6.206475016043479, -6.2020895522388075, -6.3125, -6.548173431734315, -6.368110996421053, -6.165909090909091, -6.114571428571428, -6.114571428571428, -6.548173431734315, -6.548173431734315, -6.368110996421053, -6.548173431734315, -6.548173431734315, -6.548173431734315, -6.137777777777779, -6.137777777777779, -6.3, -5.82, -6.114571428571428, -6.548173431734315, -6.368110996421053, -6.2020895522388075, -6.548173431734315, -6.368110996421053, -6.548173431734315, -6.548173431734315, -6.548173431734315, -6.548173431734315, -6.548173431734315, -5.984999999999999, -6.548173431734315, -6.548173431734315, -6.548173431734315, -5.728571428571429, -6.206475016043479, -6.206475016043479, -6.548173431734315, -6.548173431734315, -6.206475016043479, -6.548173431734315, -6.368110996421053, -6.548173431734315, -6.548173431734315, -6.548173431734315, -6.508638306, -6.368110996421053, -6.548173431734315, -6.2020895522388075, -6.548173431734315, -6.548173431734315, -6.2020895522388075, -6.548173431734315, -6.548173431734315, -6.548173431734315, -6.2020895522388075, -6.548173431734315, -6.548173431734315, -6.2020895522388075, -6.2020895522388075, -6.548173431734315, -6.548173431734315, -6.548173431734315, -5.954999999999999, -6.358333333333334, -6.548173431734315, -6.2020895522388075, -5.711764705882352, -6.55, -6.548173431734315, -6.548173431734315, -5.711764705882352, -6.548173431734315, -6.548173431734315, -6.548173431734315, -6.358333333333334, -6.548173431734315, -6.2020895522388075, -5.711764705882352, -6.548173431734315, -6.2020895522388075, -6.2020895522388075, -6.2020895522388075, -6.548173431734315, -6.2020895522388075, -4.9957142857142856, -6.548173431734315, -5.954999999999999, -6.548173431734315, -6.548173431734315, -6.2020895522388075, -6.548173431734315, -6.548173431734315, -6.548173431734315, -4.9957142857142856, -5.711764705882352, -6.05, -5.711764705882352, -7.7, -6.548173431734315, -6.548173431734315, -6.548173431734315, -6.548173431734315, -5.8983333333333325, -5.8983333333333325, -6.548173431734315, -6.548173431734315, -5.569090909090909, -7.7, -6.548173431734315, -5.455, -6.625, -7.7, -4.9957142857142856, -4.9957142857142856, -4.9957142857142856, -4.9957142857142856, -4.9957142857142856, -4.9957142857142856, -4.9957142857142856, -5.007894736842106, -5.007894736842106, -4.9957142857142856, -4.9957142857142856, -4.9957142857142856, -4.9957142857142856, -5.062741012, -5.062741012, -5.007894736842106, -4.9957142857142856, -5.007894736842106, -5.007894736842106, -5.007894736842106, -5.007894736842106, -6.89, -6.133939393939395, -5.945833333333334, -5.945833333333334, -6.228740740740738, -5.866470588235294, -6.228740740740738, -5.57, -5.821428571428571, -5.96, -7.069999999999999, -7.069999999999999, -6.3, -5.8, -5.701538461538461, -6.228740740740738, -6.5864087301587295, -5.821428571428571, -6.228740740740738, -6.823908741, -6.133939393939395, -6.147852689499999, -7.069999999999999, -6.133939393939395, -5.866470588235294, -6.545, -6.228740740740738, -6.133939393939395, -6.147852689499999, -5.945833333333334, -6.228740740740738, -6.5864087301587295, -6.228740740740738, -5.866470588235294, -6.5864087301587295, -6.5864087301587295, -6.133939393939395, -6.71, -5.821428571428571, -5.945833333333334, -7.3100000000000005, -6.5864087301587295, -6.228740740740738, -6.228740740740738, -6.133939393939395, -6.147852689499999, -6.5864087301587295, -6.133939393939395, -6.77, -7.3100000000000005, -5.987500000000001, -6.228740740740738, -6.147852689499999, -6.5864087301587295, -6.205, -6.5864087301587295, -6.5864087301587295, -6.3, -6.5864087301587295, -6.5864087301587295, -6.5864087301587295, -6.133939393939395, -5.945833333333334, -6.228740740740738, -6.5864087301587295, -6.147852689499999, -6.228740740740738, -6.133939393939395, -6.5864087301587295, -6.228740740740738, -6.228740740740738, -6.228740740740738, -6.5864087301587295, -6.5864087301587295, -6.5864087301587295, -5.866470588235294, -6.5864087301587295, -6.5864087301587295, -6.500297227391305, -5.945833333333334, -6.147852689499999, -6.5864087301587295, -6.5864087301587295, -6.133939393939395, -6.228740740740738, -6.5864087301587295, -6.270952380952382, -6.133939393939395, -6.228740740740738, -5.701538461538461, -5.701538461538461, -6.5864087301587295, -6.5864087301587295, -6.5864087301587295, -6.5864087301587295, -6.270952380952382, -7.2875000000000005, -6.500297227391305, -6.500297227391305, -6.228740740740738, -6.5864087301587295, -6.5864087301587295, -6.5864087301587295, -6.5864087301587295, -6.5864087301587295, -6.5864087301587295, -6.5864087301587295, -6.500297227391305, -6.5864087301587295, -5.987500000000001, -6.17, -6.5864087301587295, -6.5864087301587295, -6.228740740740738, -6.5864087301587295, -6.5864087301587295, -6.5864087301587295, -5.8, -6.5864087301587295, -6.5864087301587295, -6.5864087301587295, -6.5864087301587295, -6.5864087301587295, -6.5864087301587295, -6.5864087301587295, -6.5864087301587295, -6.5864087301587295, -6.5864087301587295, -6.5864087301587295, -6.5864087301587295, -6.5864087301587295, -6.5864087301587295, -6.5864087301587295, -6.17, -6.5864087301587295, -6.294780106999999, -6.5864087301587295, -6.5864087301587295, -6.5864087301587295, -6.5864087301587295, -6.228740740740738, -6.5864087301587295, -6.5864087301587295, -6.29, -6.5864087301587295, -6.5864087301587295, -6.5864087301587295, -6.5864087301587295, -6.3072727272727285, -6.3072727272727285, -6.3072727272727285, -6.305, -5.701538461538461, -5.663333333333334, -6.3072727272727285, -6.228740740740738, -6.5864087301587295, -5.701538461538461, -6.228740740740738, -6.228740740740738, -6.5864087301587295, -6.5864087301587295, -6.228740740740738, -5.701538461538461, -5.701538461538461, -6.228740740740738, -5.663333333333334, -5.016799999999999, -5.016799999999999, -5.663333333333334, -4.85, -6.02, -6.5864087301587295, -6.5864087301587295, -5.663333333333334, -6.5864087301587295, -6.5864087301587295, -5.552727272727274, -6.5864087301587295, -6.5864087301587295, -6.5864087301587295, -6.5864087301587295, -6.5864087301587295, -6.5864087301587295, -6.96, -5.425, -6.96, -5.4375, -4.9865, -5.0416176258, -5.016799999999999, -5.0416176258, -6.156000000000001, -5.016799999999999, -5.016799999999999, -5.016799999999999, -4.9865, -4.9865, -4.9865, -4.9865, -4.9865, -6.566123595505621, -7.392, -5.913333333333334, -7.22, -5.910799999999998, -6.1572727272727255, -6.198677685950413, -5.763333333333334, -5.850526315789473, -6.135000000000001, -6.198677685950413, -5.922499999999999, -6.1572727272727255, -6.1572727272727255, -6.198677685950413, -6.1572727272727255, -6.198677685950413, -6.135000000000001, -6.135000000000001, -6.135000000000001, -7.698970004, -6.198677685950413, -6.198677685950413, -6.4203668345, -6.288823529411765, -6.566123595505621, -6.566123595505621, -6.288823529411765, -6.198677685950413, -6.198677685950413, -5.922499999999999, -6.198677685950413, -6.198677685950413, -6.198677685950413, -6.130956527307692, -6.198677685950413, -6.198677685950413, -6.1572727272727255, -6.198677685950413, -6.198677685950413, -6.198677685950413, -6.198677685950413, -6.198677685950413, -6.130956527307692, -6.566123595505621, -6.198677685950413, -6.198677685950413, -6.198677685950413, -5.850526315789473, -6.7675, -6.198677685950413, -5.493333333333333, -5.910799999999998, -6.2665, -6.1572727272727255, -6.198677685950413, -6.1572727272727255, -5.913333333333334, -5.910799999999998, -6.2665, -6.566123595505621, -6.198677685950413, -6.198677685950413, -6.566123595505621, -6.566123595505621, -6.566123595505621, -5.910799999999998, -6.288823529411765, -6.785, -6.198677685950413, -6.130956527307692, -6.198677685950413, -6.198677685950413, -6.1572727272727255, -6.566123595505621, -6.566123595505621, -6.566123595505621, -6.744999999999999, -6.1572727272727255, -6.288823529411765, -6.1572727272727255, -5.645, -5.645, -6.566123595505621, -5.910799999999998, -6.288823529411765, -6.288823529411765, -5.922499999999999, -6.6827228816, -6.6827228816, -6.566123595505621, -6.566123595505621, -6.746666666666667, -6.6827228816, -6.566123595505621, -6.566123595505621, -6.6827228816, -6.566123595505621, -6.566123595505621, -6.566123595505621, -6.566123595505621, -6.566123595505621, -5.58, -6.566123595505621, -6.566123595505621, -6.130956527307692, -6.566123595505621, -6.566123595505621, -6.566123595505621, -6.566123595505621, -6.6827228816, -6.130956527307692, -4.878048780487804, -6.130956527307692, -6.566123595505621, -6.1572727272727255, -5.922499999999999, -6.4725, -6.566123595505621, -6.566123595505621, -6.566123595505621, -6.566123595505621, -6.6827228816, -6.566123595505621, -6.566123595505621, -6.566123595505621, -6.566123595505621, -6.566123595505621, -6.566123595505621, -6.566123595505621, -6.566123595505621, -4.878048780487804, -6.566123595505621, -6.198677685950413, -6.566123595505621, -5.99, -6.566123595505621, -6.566123595505621, -6.4725, -4.878048780487804, -6.566123595505621, -4.878048780487804, -6.566123595505621, -6.198677685950413, -6.198677685950413, -6.566123595505621, -4.878048780487804, -6.198677685950413, -6.566123595505621, -6.566123595505621, -6.566123595505621, -4.878048780487804, -6.198677685950413, -6.198677685950413, -6.198677685950413, -6.198677685950413, -6.198677685950413, -4.878048780487804, -6.566123595505621, -6.198677685950413, -6.198677685950413, -5.6594736842105275, -5.048636363636364, -6.6827228816, -5.6594736842105275, -5.1, -5.580000000000001, -6.566123595505621, -6.566123595505621, -5.837142857142857, -5.580000000000001, -5.6594736842105275, -4.555, -6.566123595505621, -5.580000000000001, -5.580000000000001, -6.566123595505621, -6.566123595505621, -6.566123595505621, -6.566123595505621, -6.6225, -6.566123595505621, -6.566123595505621, -6.566123595505621, -4.878048780487804, -6.845, -6.566123595505621, -6.566123595505621, -5.035209696, -6.144, -4.878048780487804, -4.878048780487804, -4.878048780487804, -4.878048780487804, -5.048636363636364, -4.878048780487804, -5.048636363636364, -5.048636363636364, -5.048636363636364, -4.878048780487804, -4.878048780487804, -6.581420454545454, -7.386, -4.9433333333333325, -6.153278688524589, -5.887142857142858, -6.153278688524589, -6.6625, -6.153278688524589, -6.153278688524589, -6.16258061608, -7.285, -6.249499999999999, -5.901249999999999, -6.153278688524589, -6.153278688524589, -6.153278688524589, -6.581420454545454, -6.16258061608, -5.887142857142858, -5.887142857142858, -6.34375, -6.153278688524589, -6.201315789473683, -5.84578947368421, -5.887142857142858, -5.84578947368421, -6.153278688524589, -6.153278688524589, -6.581420454545454, -6.153278688524589, -5.887142857142858, -6.753333333333333, -6.581420454545454, -6.16258061608, -6.153278688524589, -6.153278688524589, -6.153278688524589, -6.16258061608, -5.8025, -6.843333333333334, -5.887142857142858, -6.153278688524589, -6.153278688524589, -5.901249999999999, -5.8, -7.23, -6.16258061608, -5.92, -6.201315789473683, -6.201315789473683, -6.153278688524589, -6.581420454545454, -6.153278688524589, -6.153278688524589, -6.581420454545454, -5.887142857142858, -5.887142857142858, -5.887142857142858, -6.235454545454545, -6.153278688524589, -6.153278688524589, -6.581420454545454, -5.87, -6.201315789473683, -6.581420454545454, -6.16258061608, -6.986666666666667, -6.663124293047619, -6.663124293047619, -6.201315789473683, -6.249499999999999, -6.249499999999999, -6.153278688524589, -6.581420454545454, -5.8025, -6.153278688524589, -6.153278688524589, -6.153278688524589, -6.581420454545454, -6.581420454545454, -6.581420454545454, -6.663124293047619, -6.201315789473683, -6.153278688524589, -6.581420454545454, -5.877142857142858, -6.986666666666667, -6.663124293047619, -6.153278688524589, -6.153278688524589, -6.581420454545454, -6.581420454545454, -6.581420454545454, -6.581420454545454, -5.901249999999999, -6.153278688524589, -6.153278688524589, -6.581420454545454, -6.581420454545454, -6.581420454545454, -6.581420454545454, -6.581420454545454, -6.581420454545454, -6.581420454545454, -6.581420454545454, -6.663124293047619, -6.581420454545454, -6.581420454545454, -6.581420454545454, -6.16258061608, -6.581420454545454, -6.581420454545454, -6.581420454545454, -6.581420454545454, -6.080921908, -5.7775, -6.350000000000001, -6.581420454545454, -6.581420454545454, -6.581420454545454, -6.581420454545454, -6.663124293047619, -6.581420454545454, -6.581420454545454, -6.581420454545454, -6.663124293047619, -6.153278688524589, -6.581420454545454, -5.87, -6.153278688524589, -6.581420454545454, -6.581420454545454, -6.581420454545454, -6.581420454545454, -6.581420454545454, -6.581420454545454, -6.581420454545454, -6.581420454545454, -6.581420454545454, -6.581420454545454, -6.153278688524589, -5.901249999999999, -4.9433333333333325, -6.153278688524589, -6.581420454545454, -6.581420454545454, -6.350000000000001, -6.581420454545454, -5.729, -6.153278688524589, -6.153278688524589, -4.9433333333333325, -6.581420454545454, -6.581420454545454, -4.9433333333333325, -6.153278688524589, -4.9433333333333325, -6.153278688524589, -4.9433333333333325, -4.93, -5.729, -5.82, -5.7775, -5.7775, -6.581420454545454, -5.763, -6.581420454545454, -6.581420454545454, -6.581420454545454, -6.581420454545454, -6.581420454545454, -5.7775, -5.763, -5.55, -5.55, -6.581420454545454, -6.581420454545454, -6.581420454545454, -6.453333333333333, -6.453333333333333, -5.445, -6.08, -6.581420454545454, -6.581420454545454, -5.496666666666667, -5.496666666666667, -5.0465, -5.0465, -5.052194039500001, -6.3125, -6.3125, -4.9433333333333325, -4.9433333333333325, -4.9433333333333325, -5.0465, -4.9433333333333325, -5.0465, -5.0465, -4.9433333333333325, -5.0465, -4.9433333333333325]","0     -7.22
1     -6.21
2     -7.24
3     -5.92
4     -5.96
       ... 
247   -6.00
248   -3.99
249   -5.24
250   -4.77
251   -4.71
Name: Permeability, Length: 252, dtype: float64","[array([-6.58766917, -6.18953125, -6.18953125, -5.85      , -5.85      ,
       -7.        , -5.90210526, -7.        , -5.81375   , -6.33      ,
       -5.93037037, -6.18953125, -5.90210526, -6.18953125, -5.85      ,
       -5.85      , -6.74166667, -6.74166667, -5.90210526, -6.58766917,
       -5.93037037, -6.19918919, -6.18953125, -4.93847826, -5.85      ,
       -5.93037037, -6.18953125, -6.18953125, -6.17545963, -5.93037037,
       -6.74      , -7.0375    , -6.18953125, -6.233125  , -6.18953125,
       -6.233125  , -6.18953125, -6.19918919, -6.18953125, -5.85      ,
       -6.17545963, -6.19918919, -6.17545963, -4.93847826, -6.29478011,
       -5.81375   , -6.233125  , -6.18953125, -6.18953125, -5.78      ,
       -6.90333333, -6.74166667, -6.18953125, -6.18953125, -6.17545963,
       -6.58766917, -6.58766917, -6.233125  , -5.85      , -6.58766917,
       -6.17545963, -6.233125  , -5.93037037, -6.2975    , -5.93037037,
       -5.81375   , -7.15490196, -5.8925    , -6.18953125, -6.58766917,
       -6.19918919, -6.58766917, -6.18953125, -6.58766917, -5.93037037,
       -5.93037037, -5.93037037, -6.18953125, -6.58766917, -6.58766917,
       -6.17545963, -6.19918919, -6.18953125, -6.195     , -6.19918919,
       -6.19918919, -6.58766917, -6.33      , -6.58766917, -6.58766917,
       -6.57297831, -6.57297831, -6.2975    , -6.233125  , -5.85      ,
       -6.57297831, -6.18953125, -6.58766917, -6.18953125, -6.18953125,
       -6.58766917, -6.58766917, -6.57297831, -6.19918919, -6.233125  ,
       -6.18953125, -6.18953125, -6.58766917, -6.58766917, -6.58766917,
       -5.90210526, -6.233125  , -6.58766917, -5.47      , -6.57297831,
       -6.58766917, -6.58766917, -6.58766917, -6.58766917, -6.58766917,
       -6.58766917, -6.58766917, -6.19918919, -6.58766917, -5.895     ,
       -6.55333333, -6.58766917, -6.58766917, -6.58766917, -6.58766917,
       -6.58766917, -6.57297831, -6.33      , -6.58766917, -6.58766917,
       -6.58766917, -6.58766917, -5.8925    , -6.58766917, -7.464485  ,
       -6.58766917, -6.17545963, -6.74166667, -6.57297831, -6.58766917,
       -4.93847826, -6.58766917, -6.17545963, -6.18953125, -6.58766917,
       -6.58766917, -6.58766917, -6.58766917, -4.93847826, -6.58766917,
       -6.58766917, -6.58766917, -6.18953125, -6.55333333, -6.58766917,
       -6.18953125, -6.58766917, -6.58766917, -6.58766917, -6.195     ,
       -6.58766917, -6.58766917, -6.58766917, -6.18953125, -6.58766917,
       -6.58766917, -4.93847826, -6.58766917, -6.18953125, -6.58766917,
       -6.23666667, -6.18953125, -6.18953125, -6.23666667, -6.135     ,
       -5.90210526, -6.58766917, -6.18953125, -6.58766917, -4.93847826,
       -6.58766917, -6.58766917, -6.58766917, -6.18953125, -5.85      ,
       -6.18953125, -6.18953125, -5.90210526, -4.93847826, -6.58766917,
       -5.90210526, -6.58766917, -5.64928571, -6.18953125, -6.18953125,
       -6.18953125, -6.18953125, -6.58766917, -5.64928571, -6.07714286,
       -6.7       , -6.07714286, -6.7       , -6.07714286, -5.81375   ,
       -6.58766917, -6.58766917, -6.58766917, -6.58766917, -6.58766917,
       -6.07714286, -5.81375   , -5.64928571, -4.88666667, -5.96      ,
       -5.81375   , -5.81375   , -6.58766917, -6.58766917, -6.58766917,
       -6.58766917, -6.58766917, -6.18953125, -6.58766917, -6.98      ,
       -6.58766917, -5.72      , -5.415     , -6.45593196, -4.93847826,
       -4.88098692, -4.93847826, -4.88098692, -6.4675    , -4.93847826,
       -4.96695652, -4.93847826, -4.93847826, -4.93847826, -4.93847826,
       -4.93847826, -4.93847826, -4.96695652, -4.93847826, -4.96695652,
       -4.96695652, -4.96695652]), array([-6.54817343, -6.20208955, -6.20208955, -5.79866667, -5.79866667,
       -7.        , -5.955     , -7.        , -5.56909091, -6.33875   ,
       -5.91913043, -6.20208955, -5.955     , -6.20208955, -5.79866667,
       -5.79866667, -6.73833333, -6.73833333, -5.955     , -6.54817343,
       -5.91913043, -6.11457143, -6.20208955, -4.99571429, -5.79866667,
       -5.91913043, -6.20208955, -6.20208955, -6.20647502, -5.91913043,
       -7.10333333, -7.022     , -6.20208955, -6.13777778, -6.20208955,
       -6.13777778, -6.20208955, -6.11457143, -6.20208955, -5.79866667,
       -6.20647502, -6.11457143, -6.20647502, -4.99571429, -6.50863831,
       -5.955     , -6.13777778, -6.20208955, -6.20208955, -4.975     ,
       -7.11      , -6.73833333, -6.20208955, -6.20208955, -6.20647502,
       -6.54817343, -6.54817343, -6.13777778, -5.79866667, -6.54817343,
       -6.20647502, -6.13777778, -5.91913043, -6.16590909, -5.91913043,
       -5.955     , -7.15490196, -5.985     , -6.20208955, -6.54817343,
       -6.11457143, -6.54817343, -6.20208955, -6.54817343, -5.91913043,
       -5.91913043, -5.91913043, -6.20208955, -6.54817343, -6.54817343,
       -6.20647502, -6.11457143, -6.20208955, -6.3125    , -6.11457143,
       -6.11457143, -6.54817343, -6.33875   , -6.54817343, -6.54817343,
       -6.368111  , -6.368111  , -6.16590909, -6.13777778, -5.79866667,
       -6.368111  , -6.20208955, -6.54817343, -6.20208955, -6.20208955,
       -6.54817343, -6.54817343, -6.368111  , -6.11457143, -6.13777778,
       -6.20208955, -6.20208955, -6.54817343, -6.54817343, -6.54817343,
       -5.955     , -6.13777778, -6.54817343, -5.35333333, -6.368111  ,
       -6.54817343, -6.54817343, -6.54817343, -6.54817343, -6.54817343,
       -6.54817343, -6.54817343, -6.11457143, -6.54817343, -5.82      ,
       -6.55333333, -6.54817343, -6.54817343, -6.54817343, -6.54817343,
       -6.54817343, -6.368111  , -6.33875   , -6.54817343, -6.54817343,
       -6.54817343, -6.54817343, -5.985     , -6.54817343, -7.464485  ,
       -6.54817343, -6.20647502, -6.73833333, -6.368111  , -6.54817343,
       -4.99571429, -6.54817343, -6.20647502, -6.20208955, -6.54817343,
       -6.54817343, -6.54817343, -6.54817343, -4.99571429, -6.54817343,
       -6.54817343, -6.54817343, -6.20208955, -6.55333333, -6.54817343,
       -6.20208955, -6.54817343, -6.54817343, -6.54817343, -6.3125    ,
       -6.54817343, -6.54817343, -6.54817343, -6.20208955, -6.54817343,
       -6.54817343, -4.99571429, -6.54817343, -6.20208955, -6.54817343,
       -6.35833333, -6.20208955, -6.20208955, -6.35833333, -6.55      ,
       -5.955     , -6.54817343, -6.20208955, -6.54817343, -4.99571429,
       -6.54817343, -6.54817343, -6.54817343, -6.20208955, -5.79866667,
       -6.20208955, -6.20208955, -5.955     , -4.99571429, -6.54817343,
       -5.955     , -6.54817343, -5.71176471, -6.20208955, -6.20208955,
       -6.20208955, -6.20208955, -6.54817343, -5.71176471, -5.89833333,
       -6.26      , -6.3       , -6.26      , -5.89833333, -5.56909091,
       -6.54817343, -6.54817343, -6.54817343, -6.54817343, -6.54817343,
       -5.89833333, -5.56909091, -5.71176471, -4.88666667, -5.96      ,
       -5.56909091, -5.89      , -6.54817343, -6.54817343, -6.54817343,
       -6.54817343, -6.54817343, -6.20208955, -6.54817343, -6.625     ,
       -6.54817343, -6.24      , -5.455     , -6.45593196, -4.99571429,
       -5.06274101, -4.99571429, -5.06274101, -6.25666667, -4.99571429,
       -5.00789474, -4.99571429, -4.99571429, -4.99571429, -4.99571429,
       -4.99571429, -4.99571429, -5.00789474, -4.99571429, -5.00789474,
       -5.00789474, -5.00789474]), array([-6.58640873, -6.22874074, -6.22874074, -5.85      , -5.86647059,
       -7.        , -5.70153846, -7.        , -5.55272727, -6.3       ,
       -5.94583333, -6.22874074, -5.70153846, -6.22874074, -5.86647059,
       -5.86647059, -7.07      , -7.07      , -5.70153846, -6.58640873,
       -5.94583333, -6.13393939, -6.22874074, -5.0168    , -5.86647059,
       -5.94583333, -6.22874074, -6.22874074, -6.14785269, -5.94583333,
       -7.10333333, -7.2875    , -6.22874074, -6.27095238, -6.22874074,
       -6.27095238, -6.22874074, -6.13393939, -6.22874074, -5.86647059,
       -6.14785269, -6.13393939, -6.14785269, -5.0168    , -6.29478011,
       -5.9125    , -6.27095238, -6.22874074, -6.22874074, -4.85      ,
       -7.31      , -7.07      , -6.22874074, -6.22874074, -6.14785269,
       -6.58640873, -6.58640873, -6.27095238, -5.86647059, -6.58640873,
       -6.14785269, -6.27095238, -5.94583333, -5.9875    , -5.94583333,
       -5.9125    , -7.15490196, -5.8       , -6.22874074, -6.58640873,
       -6.13393939, -6.58640873, -6.22874074, -6.58640873, -5.94583333,
       -5.94583333, -5.94583333, -6.22874074, -6.58640873, -6.58640873,
       -6.14785269, -6.13393939, -6.22874074, -6.205     , -6.13393939,
       -6.13393939, -6.58640873, -6.3       , -6.58640873, -6.58640873,
       -6.50029723, -6.50029723, -5.9875    , -6.27095238, -5.86647059,
       -6.50029723, -6.22874074, -6.58640873, -6.22874074, -6.22874074,
       -6.58640873, -6.58640873, -6.50029723, -6.13393939, -6.27095238,
       -6.22874074, -6.22874074, -6.58640873, -6.58640873, -6.58640873,
       -5.70153846, -6.27095238, -6.58640873, -5.47      , -6.50029723,
       -6.58640873, -6.58640873, -6.58640873, -6.58640873, -6.58640873,
       -6.58640873, -6.58640873, -6.13393939, -6.58640873, -5.87875   ,
       -6.17      , -6.58640873, -6.58640873, -6.58640873, -6.58640873,
       -6.58640873, -6.50029723, -6.3       , -6.58640873, -6.58640873,
       -6.58640873, -6.58640873, -5.8       , -6.58640873, -7.464485  ,
       -6.58640873, -6.14785269, -7.07      , -6.50029723, -6.58640873,
       -5.0168    , -6.58640873, -6.14785269, -6.22874074, -6.58640873,
       -6.58640873, -6.58640873, -6.58640873, -5.0168    , -6.58640873,
       -6.58640873, -6.58640873, -6.22874074, -6.17      , -6.58640873,
       -6.22874074, -6.58640873, -6.58640873, -6.58640873, -6.205     ,
       -6.58640873, -6.58640873, -6.58640873, -6.22874074, -6.58640873,
       -6.58640873, -5.0168    , -6.58640873, -6.22874074, -6.58640873,
       -6.30727273, -6.22874074, -6.22874074, -6.30727273, -6.305     ,
       -5.70153846, -6.58640873, -6.22874074, -6.58640873, -5.0168    ,
       -6.58640873, -6.58640873, -6.58640873, -6.22874074, -5.86647059,
       -6.22874074, -6.22874074, -5.70153846, -5.0168    , -6.58640873,
       -5.70153846, -6.58640873, -5.66333333, -6.22874074, -6.22874074,
       -6.22874074, -6.22874074, -6.58640873, -5.66333333, -5.9125    ,
       -6.26      , -5.96      , -6.26      , -5.9125    , -5.55272727,
       -6.58640873, -6.58640873, -6.58640873, -6.58640873, -6.58640873,
       -5.9125    , -5.55272727, -5.66333333, -4.88666667, -5.96      ,
       -5.55272727, -5.89      , -6.58640873, -6.58640873, -6.58640873,
       -6.58640873, -6.58640873, -6.22874074, -6.58640873, -6.744     ,
       -6.58640873, -6.24      , -5.4375    , -6.29478011, -5.0168    ,
       -5.04161763, -5.0168    , -5.04161763, -6.156     , -5.0168    ,
       -4.9865    , -5.0168    , -5.0168    , -5.0168    , -5.0168    ,
       -5.0168    , -5.0168    , -4.9865    , -5.0168    , -4.9865    ,
       -4.9865    , -4.9865    ]), array([-6.5661236 , -6.19867769, -6.19867769, -5.85      , -5.85052632,
       -7.        , -5.9225    , -7.        , -5.58      , -6.135     ,
       -5.9108    , -6.19867769, -5.9225    , -6.19867769, -5.85052632,
       -5.85052632, -6.74666667, -6.74666667, -5.9225    , -6.5661236 ,
       -5.9108    , -6.15727273, -6.19867769, -4.87804878, -5.85052632,
       -5.9108    , -6.19867769, -6.19867769, -6.13095653, -5.9108    ,
       -7.10333333, -6.7675    , -6.19867769, -6.28882353, -6.19867769,
       -6.28882353, -6.19867769, -5.82      , -6.19867769, -5.85052632,
       -6.13095653, -6.15727273, -6.13095653, -4.87804878, -6.29478011,
       -5.89      , -6.28882353, -6.19867769, -6.19867769, -5.1       ,
       -7.0825    , -6.74666667, -6.19867769, -6.19867769, -6.13095653,
       -6.5661236 , -6.5661236 , -6.28882353, -5.85052632, -6.5661236 ,
       -6.13095653, -6.28882353, -5.9108    , -6.2665    , -5.9108    ,
       -5.89      , -7.15490196, -5.874     , -6.19867769, -6.5661236 ,
       -6.15727273, -6.5661236 , -6.19867769, -6.5661236 , -5.9108    ,
       -5.9108    , -5.9108    , -6.19867769, -6.5661236 , -6.5661236 ,
       -6.13095653, -6.15727273, -6.19867769, -6.164     , -6.15727273,
       -6.15727273, -6.5661236 , -6.135     , -6.5661236 , -6.5661236 ,
       -6.68272288, -6.68272288, -6.2665    , -6.28882353, -5.85052632,
       -6.68272288, -6.19867769, -6.5661236 , -6.19867769, -6.19867769,
       -6.5661236 , -6.5661236 , -6.68272288, -6.15727273, -6.28882353,
       -6.19867769, -6.19867769, -6.5661236 , -6.5661236 , -6.5661236 ,
       -5.9225    , -6.28882353, -6.5661236 , -5.645     , -6.68272288,
       -6.5661236 , -6.5661236 , -6.5661236 , -6.5661236 , -6.5661236 ,
       -6.5661236 , -6.5661236 , -6.15727273, -6.5661236 , -5.91333333,
       -6.745     , -6.5661236 , -6.5661236 , -6.5661236 , -6.5661236 ,
       -6.5661236 , -6.68272288, -6.135     , -6.5661236 , -6.5661236 ,
       -6.5661236 , -6.5661236 , -5.874     , -6.5661236 , -7.69897   ,
       -6.5661236 , -6.13095653, -6.74666667, -6.68272288, -6.5661236 ,
       -4.87804878, -6.5661236 , -6.13095653, -6.19867769, -6.5661236 ,
       -6.5661236 , -6.5661236 , -6.5661236 , -4.87804878, -6.5661236 ,
       -6.5661236 , -6.5661236 , -6.19867769, -6.745     , -6.5661236 ,
       -6.19867769, -6.5661236 , -6.5661236 , -6.5661236 , -6.164     ,
       -6.5661236 , -6.5661236 , -6.5661236 , -6.19867769, -6.5661236 ,
       -6.5661236 , -4.87804878, -6.5661236 , -6.19867769, -6.5661236 ,
       -6.4725    , -6.19867769, -6.19867769, -6.4725    , -6.33      ,
       -5.9225    , -6.5661236 , -6.19867769, -6.5661236 , -4.87804878,
       -6.5661236 , -6.5661236 , -6.5661236 , -6.19867769, -5.85052632,
       -6.19867769, -6.19867769, -5.9225    , -4.87804878, -6.5661236 ,
       -5.9225    , -6.5661236 , -5.65947368, -6.19867769, -6.19867769,
       -6.19867769, -6.19867769, -6.5661236 , -5.65947368, -5.83714286,
       -6.26      , -5.83714286, -6.26      , -5.83714286, -5.58      ,
       -6.5661236 , -6.5661236 , -6.5661236 , -6.5661236 , -6.5661236 ,
       -5.83714286, -5.58      , -5.65947368, -4.555     , -5.49333333,
       -5.58      , -5.89      , -6.5661236 , -6.5661236 , -6.5661236 ,
       -6.5661236 , -6.5661236 , -6.19867769, -6.5661236 , -6.845     ,
       -6.5661236 , -6.24      , -5.448     , -6.45593196, -4.87804878,
       -5.0352097 , -4.87804878, -5.0352097 , -6.144     , -4.87804878,
       -5.04863636, -4.87804878, -4.87804878, -4.87804878, -4.87804878,
       -4.87804878, -4.87804878, -5.04863636, -4.87804878, -5.04863636,
       -5.04863636, -5.04863636]), array([-6.58142045, -6.15327869, -6.15327869, -5.85      , -5.84578947,
       -4.94333333, -5.90125   , -4.94333333, -5.763     , -6.34375   ,
       -5.88714286, -6.15327869, -5.90125   , -6.15327869, -5.84578947,
       -5.84578947, -6.75333333, -6.75333333, -5.90125   , -6.58142045,
       -5.88714286, -6.20131579, -6.15327869, -4.94333333, -5.84578947,
       -5.88714286, -6.15327869, -6.15327869, -6.16258062, -5.88714286,
       -7.285     , -6.98666667, -6.15327869, -6.2495    , -6.15327869,
       -6.2495    , -6.15327869, -5.82      , -6.15327869, -5.84578947,
       -6.16258062, -6.20131579, -6.16258062, -4.94333333, -6.08092191,
       -5.955     , -6.2495    , -6.15327869, -6.15327869, -5.8025    ,
       -7.0825    , -6.75333333, -6.15327869, -6.15327869, -6.16258062,
       -6.58142045, -6.58142045, -6.2495    , -5.84578947, -6.58142045,
       -6.16258062, -6.2495    , -5.88714286, -6.23545455, -5.88714286,
       -5.955     , -6.66312429, -5.874     , -6.15327869, -6.58142045,
       -6.20131579, -6.58142045, -6.15327869, -6.58142045, -5.88714286,
       -5.88714286, -5.88714286, -6.15327869, -6.58142045, -6.58142045,
       -6.16258062, -6.20131579, -6.15327869, -5.87      , -6.20131579,
       -6.20131579, -6.58142045, -6.34375   , -6.58142045, -6.58142045,
       -6.66312429, -6.66312429, -6.23545455, -6.2495    , -5.84578947,
       -6.66312429, -6.15327869, -6.58142045, -6.15327869, -6.15327869,
       -6.58142045, -6.58142045, -6.66312429, -6.20131579, -6.2495    ,
       -6.15327869, -6.15327869, -6.58142045, -6.58142045, -6.58142045,
       -5.90125   , -6.2495    , -6.58142045, -5.47      , -6.66312429,
       -6.58142045, -6.58142045, -6.58142045, -6.58142045, -6.58142045,
       -6.58142045, -6.58142045, -6.20131579, -6.58142045, -5.87714286,
       -6.55333333, -6.58142045, -6.58142045, -6.58142045, -6.58142045,
       -6.58142045, -6.66312429, -6.34375   , -6.58142045, -6.58142045,
       -6.58142045, -6.58142045, -5.874     , -6.58142045, -7.23      ,
       -6.58142045, -6.16258062, -6.75333333, -6.66312429, -6.58142045,
       -4.94333333, -6.58142045, -6.16258062, -6.15327869, -6.58142045,
       -6.58142045, -6.58142045, -6.58142045, -4.94333333, -6.58142045,
       -6.58142045, -6.58142045, -6.15327869, -6.55333333, -6.58142045,
       -6.15327869, -6.58142045, -6.58142045, -6.58142045, -5.87      ,
       -6.58142045, -6.58142045, -6.58142045, -6.15327869, -6.58142045,
       -6.58142045, -4.94333333, -6.58142045, -6.15327869, -6.58142045,
       -6.35      , -6.15327869, -6.15327869, -6.35      , -6.33      ,
       -5.90125   , -6.58142045, -6.15327869, -6.58142045, -4.94333333,
       -6.58142045, -6.58142045, -6.58142045, -6.15327869, -5.84578947,
       -6.15327869, -6.15327869, -5.90125   , -4.94333333, -6.58142045,
       -5.90125   , -6.58142045, -5.729     , -6.15327869, -6.15327869,
       -6.15327869, -6.15327869, -6.58142045, -5.729     , -5.7775    ,
       -5.82      , -6.54333333, -5.82      , -5.7775    , -5.763     ,
       -6.58142045, -6.58142045, -6.58142045, -6.58142045, -6.58142045,
       -5.7775    , -5.763     , -5.729     , -5.55      , -5.96      ,
       -5.763     , -5.89      , -6.58142045, -6.58142045, -6.58142045,
       -6.58142045, -6.58142045, -6.15327869, -6.58142045, -6.45333333,
       -6.58142045, -6.24      , -5.49666667, -6.45593196, -4.94333333,
       -5.05219404, -4.94333333, -5.05219404, -6.3125    , -4.94333333,
       -5.0465    , -4.94333333, -4.94333333, -4.94333333, -4.94333333,
       -4.94333333, -4.94333333, -5.0465    , -4.94333333, -5.0465    ,
       -5.0465    , -5.0465    ])]","[-6.57395908 -6.19446358 -6.19446358 -5.83973333 -5.84229061 -6.58866667
 -5.87647874 -6.58866667 -5.65571364 -6.2895     -5.9186554  -6.19446358
 -5.87647874 -6.19446358 -5.84229061 -5.84229061 -6.81       -6.81
 -5.87647874 -6.57395908 -5.9186554  -6.16125771 -6.19446358 -4.95447493
 -5.84229061 -5.9186554  -6.19446358 -6.19446358 -6.1646649  -5.9186554
 -7.067      -7.02023333 -6.19446358 -6.23603574 -6.19446358 -6.23603574
 -6.19446358 -6.01754    -6.19446358 -5.84229061 -6.1646649  -6.16125771
 -6.1646649  -4.95447493 -6.29478011 -5.90525    -6.23603574 -6.19446358
 -6.19446358 -5.3015     -7.09766667 -6.81       -6.19446358 -6.19446358
 -6.1646649  -6.57395908 -6.57395908 -6.23603574 -5.84229061 -6.57395908
 -6.1646649  -6.23603574 -5.9186554  -6.19057273 -5.9186554  -5.90525
 -7.05654643 -5.8851     -6.19446358 -6.57395908 -6.16125771 -6.57395908
 -6.19446358 -6.57395908 -5.9186554  -5.9186554  -5.9186554  -6.19446358
 -6.57395908 -6.57395908 -6.1646649  -6.16125771 -6.19446358 -6.1493
 -6.16125771 -6.16125771 -6.57395908 -6.2895     -6.57395908 -6.57395908
 -6.55744674 -6.55744674 -6.19057273 -6.23603574 -5.84229061 -6.55744674
 -6.19446358 -6.57395908 -6.19446358 -6.19446358 -6.57395908 -6.57395908
 -6.55744674 -6.16125771 -6.23603574 -6.19446358 -6.19446358 -6.57395908
 -6.57395908 -6.57395908 -5.87647874 -6.23603574 -6.57395908 -5.48166667
 -6.55744674 -6.57395908 -6.57395908 -6.57395908 -6.57395908 -6.57395908
 -6.57395908 -6.57395908 -6.16125771 -6.57395908 -5.87684524 -6.515
 -6.57395908 -6.57395908 -6.57395908 -6.57395908 -6.57395908 -6.55744674
 -6.2895     -6.57395908 -6.57395908 -6.57395908 -6.57395908 -5.8851
 -6.57395908 -7.464485   -6.57395908 -6.1646649  -6.81       -6.55744674
 -6.57395908 -4.95447493 -6.57395908 -6.1646649  -6.19446358 -6.57395908
 -6.57395908 -6.57395908 -6.57395908 -4.95447493 -6.57395908 -6.57395908
 -6.57395908 -6.19446358 -6.515      -6.57395908 -6.19446358 -6.57395908
 -6.57395908 -6.57395908 -6.1493     -6.57395908 -6.57395908 -6.57395908
 -6.19446358 -6.57395908 -6.57395908 -4.95447493 -6.57395908 -6.19446358
 -6.57395908 -6.34495455 -6.19446358 -6.19446358 -6.34495455 -6.33
 -5.87647874 -6.57395908 -6.19446358 -6.57395908 -4.95447493 -6.57395908
 -6.57395908 -6.57395908 -6.19446358 -5.84229061 -6.19446358 -6.19446358
 -5.87647874 -4.95447493 -6.57395908 -5.87647874 -6.57395908 -5.68257149
 -6.19446358 -6.19446358 -6.19446358 -6.19446358 -6.57395908 -5.68257149
 -5.90052381 -6.26       -6.14352381 -6.26       -5.90052381 -5.65571364
 -6.57395908 -6.57395908 -6.57395908 -6.57395908 -6.57395908 -5.90052381
 -5.65571364 -5.68257149 -4.953      -5.86666667 -5.65571364 -5.87475
 -6.57395908 -6.57395908 -6.57395908 -6.57395908 -6.57395908 -6.19446358
 -6.57395908 -6.72946667 -6.57395908 -6.136      -5.45043333 -6.42370159
 -4.95447493 -5.01454986 -4.95447493 -5.01454986 -6.26733333 -4.95447493
 -5.01129752 -4.95447493 -4.95447493 -4.95447493 -4.95447493 -4.95447493
 -4.95447493 -5.01129752 -4.95447493 -5.01129752 -5.01129752 -5.01129752]","[0.01499951 0.0243777  0.0243777  0.02053333 0.02292258 0.82266667
 0.08961917 0.82266667 0.10984361 0.07872658 0.01965123 0.0243777
 0.08961917 0.0243777  0.02292258 0.02292258 0.13009825 0.13009825
 0.08961917 0.01499951 0.01965123 0.03459834 0.0243777  0.04859235
 0.02292258 0.01965123 0.0243777  0.0243777  0.02564317 0.01965123
 0.17799625 0.16536843 0.0243777  0.052631   0.0243777  0.052631
 0.0243777  0.16370977 0.0243777  0.02292258 0.02564317 0.03459834
 0.02564317 0.04859235 0.1352558  0.052168   0.052631   0.0243777
 0.0243777  0.40768125 0.12919989 0.13009825 0.0243777  0.0243777
 0.02564317 0.01499951 0.01499951 0.052631   0.02292258 0.01499951
 0.02564317 0.052631   0.01965123 0.11050755 0.01965123 0.052168
 0.19671107 0.0592     0.0243777  0.01499951 0.03459834 0.01499951
 0.0243777  0.01499951 0.01965123 0.01965123 0.01965123 0.0243777
 0.01499951 0.01499951 0.02564317 0.03459834 0.0243777  0.14835754
 0.03459834 0.03459834 0.01499951 0.07872658 0.01499951 0.01499951
 0.11508013 0.11508013 0.11050755 0.052631   0.02292258 0.11508013
 0.0243777  0.01499951 0.0243777  0.0243777  0.01499951 0.01499951
 0.11508013 0.03459834 0.052631   0.0243777  0.0243777  0.01499951
 0.01499951 0.01499951 0.08961917 0.052631   0.01499951 0.09333333
 0.11508013 0.01499951 0.01499951 0.01499951 0.01499951 0.01499951
 0.01499951 0.01499951 0.03459834 0.01499951 0.03129241 0.18779421
 0.01499951 0.01499951 0.01499951 0.01499951 0.01499951 0.11508013
 0.07872658 0.01499951 0.01499951 0.01499951 0.01499951 0.0592
 0.01499951 0.14830134 0.01499951 0.02564317 0.13009825 0.11508013
 0.01499951 0.04859235 0.01499951 0.02564317 0.0243777  0.01499951
 0.01499951 0.01499951 0.01499951 0.04859235 0.01499951 0.01499951
 0.01499951 0.0243777  0.18779421 0.01499951 0.0243777  0.01499951
 0.01499951 0.01499951 0.14835754 0.01499951 0.01499951 0.01499951
 0.0243777  0.01499951 0.01499951 0.04859235 0.01499951 0.0243777
 0.01499951 0.07696555 0.0243777  0.0243777  0.07696555 0.13194696
 0.08961917 0.01499951 0.0243777  0.01499951 0.04859235 0.01499951
 0.01499951 0.01499951 0.0243777  0.02292258 0.0243777  0.0243777
 0.08961917 0.04859235 0.01499951 0.08961917 0.01499951 0.03168409
 0.0243777  0.0243777  0.0243777  0.0243777  0.01499951 0.03168409
 0.1004933  0.27828043 0.2515111  0.27828043 0.1004933  0.10984361
 0.01499951 0.01499951 0.01499951 0.01499951 0.01499951 0.1004933
 0.10984361 0.03168409 0.32496564 0.18666667 0.10984361 0.0305
 0.01499951 0.01499951 0.01499951 0.01499951 0.01499951 0.0243777
 0.01499951 0.18082534 0.01499951 0.208      0.02678466 0.06446074
 0.04859235 0.06743593 0.04859235 0.06743593 0.11817506 0.04859235
 0.03232963 0.04859235 0.04859235 0.04859235 0.04859235 0.04859235
 0.04859235 0.03232963 0.04859235 0.03232963 0.03232963 0.03232963]"
2,RandomForestRegressor,"[-6.588513815128117, -7.235436733821731, -7.235436733821731, -6.053326131727751, -6.194443171642053, -6.386994902409722, -5.804285058095501, -6.194443171642053, -6.588513815128117, -6.194443171642053, -6.386994902409722, -5.838563346926548, -6.194443171642053, -5.779034558856177, -6.110809717246915, -6.129492431867115, -6.194443171642053, -5.934830234538524, -6.223722976686681, -6.539237777777776, -6.539237777777776, -6.194443171642053, -6.192998971825559, -6.1753418549933405, -6.192998971825559, -5.838563346926548, -6.87042626792353, -5.838563346926548, -6.223722976686681, -6.87042626792353, -6.263090398351647, -5.838563346926548, -6.194443171642053, -6.194443171642053, -6.192998971825559, -6.194443171642053, -5.838563346926548, -5.8347729445554455, -5.857823852741461, -6.74799306277056, -6.194443171642053, -6.194443171642053, -6.263090398351647, -5.945751132171775, -6.194443171642053, -6.194443171642053, -6.588513815128117, -6.588513815128117, -6.194443171642053, -6.588513815128117, -6.588513815128117, -6.194443171642053, -6.192998971825559, -6.110809717246915, -6.223722976686681, -5.934830234538524, -6.588513815128117, -6.588513815128117, -6.588513815128117, -5.8347729445554455, -6.194443171642053, -6.588513815128117, -5.934830234538524, -6.1753418549933405, -6.194443171642053, -6.194443171642053, -6.192998971825559, -6.192998971825559, -6.194443171642053, -6.192998971825559, -6.588513815128117, -6.194443171642053, -6.194443171642053, -6.588513815128117, -6.565122374769816, -6.263090398351647, -6.223722976686681, -6.588513815128117, -6.263090398351647, -6.194443171642053, -6.194443171642053, -6.194443171642053, -6.275433594890512, -6.588513815128117, -6.588513815128117, -6.33233253066378, -6.223722976686681, -6.588513815128117, -6.588513815128117, -6.194443171642053, -6.194443171642053, -6.263090398351647, -6.588513815128117, -6.223722976686681, -5.906952751280838, -5.491139008024499, -6.588513815128117, -6.588513815128117, -6.588513815128117, -6.588513815128117, -6.223722976686681, -6.588513815128117, -4.96270736361542, -6.588513815128117, -6.588513815128117, -7.002415168881506, -6.33233253066378, -6.263090398351647, -5.842617500000001, -6.588513815128117, -6.588513815128117, -6.588513815128117, -6.588513815128117, -6.1753418549933405, -6.1753418549933405, -6.588513815128117, -6.588513815128117, -6.588513815128117, -6.588513815128117, -6.588513815128117, -6.565122374769816, -6.588513815128117, -6.588513815128117, -6.588513815128117, -6.588513815128117, -6.588513815128117, -5.838563346926548, -6.194443171642053, -6.194443171642053, -6.588513815128117, -6.588513815128117, -6.588513815128117, -6.588513815128117, -6.588513815128117, -6.588513815128117, -6.588513815128117, -6.588513815128117, -6.239478505048874, -6.239478505048874, -6.239478505048874, -6.097374458874453, -5.601841841307558, -6.239478505048874, -6.239478505048874, -6.588513815128117, -5.838563346926548, -6.194443171642053, -4.96270736361542, -6.588513815128117, -6.588513815128117, -6.588513815128117, -6.588513815128117, -6.588513815128117, -6.588513815128117, -5.601841841307558, -4.96270736361542, -6.194443171642053, -6.588513815128117, -4.96270736361542, -6.194443171642053, -6.588513815128117, -6.194443171642053, -5.601841841307558, -5.601841841307558, -5.601841841307558, -6.754643333333337, -5.141091477105008, -5.679249431003369, -5.848729487615556, -4.962347356269943, -5.601841841307558, -5.804285058095501, -6.588513815128117, -6.588513815128117, -6.588513815128117, -6.0755307983683, -5.601841841307558, -6.588513815128117, -6.588513815128117, -5.804285058095501, -6.588513815128117, -6.588513815128117, -6.588513815128117, -5.804285058095501, -5.612224059829059, -6.178275137996393, -5.951725610344206, -5.601841841307558, -5.416066652236651, -6.993258225108226, -6.450321428571425, -6.450321428571425, -4.96270736361542, -4.886100673600939, -4.886100673600939, -4.96270736361542, -4.96270736361542, -4.962347356269943, -4.96270736361542, -4.96270736361542, -4.96270736361542, -4.962347356269943, -7.166963460874874, -7.166963460874874, -6.544967052820095, -5.850736108715634, -5.91998132093586, -6.648447152170738, -5.810569568052346, -5.810569568052346, -5.810569568052346, -5.810569568052346, -5.810569568052346, -6.198949886034813, -5.759973910533912, -6.544967052820095, -6.344242548415637, -6.137758593947776, -6.129576869696669, -6.198949886034813, -6.129576869696669, -5.726787499999998, -6.198949886034813, -5.948204055262726, -6.198949886034813, -6.198949886034813, -5.91998132093586, -5.808713031413034, -6.137758593947776, -5.948204055262726, -5.900775871604354, -6.198949886034813, -6.198949886034813, -6.129576869696669, -5.91998132093586, -6.544967052820095, -6.544967052820095, -6.43802203907204, -6.198336639462472, -6.137758593947776, -5.91998132093586, -6.72096585137085, -6.198949886034813, -6.198949886034813, -6.198949886034813, -6.003810328501567, -6.364504831559621, -6.450596325863679, -5.900775871604354, -5.91998132093586, -6.198336639462472, -6.198949886034813, -5.808713031413034, -6.43802203907204, -5.810569568052346, -5.391415391245711, -7.009024404761908, -6.129576869696669, -6.198336639462472, -5.91998132093586, -5.898335426179607, -5.898335426179607, -5.726787499999998, -6.198949886034813, -6.129576869696669, -6.129576869696669, -6.003810328501567, -5.91998132093586, -6.198336639462472, -6.364504831559621, -6.198336639462472, -6.198336639462472, -6.198949886034813, -6.297597985516543, -6.544967052820095, -6.364504831559621, -6.16610999520496, -6.129576869696669, -6.129576869696669, -6.544967052820095, -6.544967052820095, -6.364504831559621, -6.544967052820095, -6.544967052820095, -6.544967052820095, -6.137758593947776, -6.137758593947776, -6.270826865079365, -5.808713031413034, -6.129576869696669, -6.544967052820095, -6.364504831559621, -6.198949886034813, -6.544967052820095, -6.364504831559621, -6.544967052820095, -6.544967052820095, -6.544967052820095, -6.544967052820095, -6.544967052820095, -5.898335426179607, -6.544967052820095, -6.544967052820095, -6.544967052820095, -5.726787499999998, -6.198336639462472, -6.198336639462472, -6.544967052820095, -6.544967052820095, -6.198336639462472, -6.544967052820095, -6.364504831559621, -6.544967052820095, -6.544967052820095, -6.544967052820095, -6.33154819577265, -6.364504831559621, -6.544967052820095, -6.198949886034813, -6.544967052820095, -6.544967052820095, -6.198949886034813, -6.544967052820095, -6.544967052820095, -6.544967052820095, -6.198949886034813, -6.544967052820095, -6.544967052820095, -6.198949886034813, -6.198949886034813, -6.544967052820095, -6.544967052820095, -6.544967052820095, -5.948204055262726, -6.337098787717269, -6.544967052820095, -6.198949886034813, -5.714715659781909, -6.4278082815799635, -6.544967052820095, -6.544967052820095, -5.714715659781909, -6.544967052820095, -6.544967052820095, -6.544967052820095, -6.337098787717269, -6.544967052820095, -6.198949886034813, -5.714715659781909, -6.544967052820095, -6.198949886034813, -6.198949886034813, -6.198949886034813, -6.544967052820095, -6.198949886034813, -4.976692954006346, -6.544967052820095, -5.948204055262726, -6.544967052820095, -6.544967052820095, -6.198949886034813, -6.544967052820095, -6.544967052820095, -6.544967052820095, -4.976692954006346, -5.714715659781909, -5.987110280622634, -5.714715659781909, -6.803021942946384, -6.544967052820095, -6.544967052820095, -6.544967052820095, -6.544967052820095, -5.925351751859254, -5.925351751859254, -6.544967052820095, -6.544967052820095, -5.584192415599104, -6.803021942946384, -6.544967052820095, -5.46125357142857, -6.600100079365079, -7.116990238095245, -4.976692954006346, -4.976692954006346, -4.976692954006346, -4.976692954006346, -4.976692954006346, -4.976692954006346, -4.976692954006346, -5.013718979225701, -5.013718979225701, -4.976692954006346, -4.976692954006346, -4.976692954006346, -4.976692954006346, -5.026928304470223, -5.040138222782261, -5.013718979225701, -4.976692954006346, -5.013718979225701, -5.013718979225701, -5.013718979225701, -5.013718979225701, -7.044412300109358, -6.139451362735472, -5.940603958816273, -5.940603958816273, -6.2323374506531, -5.875520325382302, -6.2323374506531, -6.05955663686486, -5.811704452214452, -5.904806491799304, -7.0612892061175625, -7.0612892061175625, -6.3146780086580065, -6.002739074832018, -5.697294186357161, -6.2323374506531, -6.591988299565039, -5.811704452214452, -6.2323374506531, -6.48696694226353, -6.139451362735472, -6.156310039782881, -7.0612892061175625, -6.139451362735472, -5.875520325382302, -6.473386258741252, -6.2323374506531, -6.139451362735472, -6.156310039782881, -5.940603958816273, -6.2323374506531, -6.591988299565039, -6.2323374506531, -5.875520325382302, -6.591988299565039, -6.591988299565039, -6.139451362735472, -6.704697619047616, -5.811704452214452, -5.940603958816273, -7.213502142857139, -6.591988299565039, -6.2323374506531, -6.2323374506531, -6.139451362735472, -6.156310039782881, -6.591988299565039, -6.139451362735472, -6.855584336789402, -7.213502142857139, -5.981630670273139, -6.2323374506531, -6.156310039782881, -6.591988299565039, -6.1655037238095245, -6.591988299565039, -6.591988299565039, -6.3146780086580065, -6.591988299565039, -6.591988299565039, -6.591988299565039, -6.139451362735472, -5.940603958816273, -6.2323374506531, -6.591988299565039, -6.156310039782881, -6.2323374506531, -6.139451362735472, -6.591988299565039, -6.2323374506531, -6.2323374506531, -6.2323374506531, -6.591988299565039, -6.591988299565039, -6.591988299565039, -5.875520325382302, -6.591988299565039, -6.591988299565039, -6.508566107319972, -5.940603958816273, -6.156310039782881, -6.591988299565039, -6.591988299565039, -6.139451362735472, -6.2323374506531, -6.591988299565039, -6.271738659209055, -6.139451362735472, -6.2323374506531, -5.697294186357161, -5.697294186357161, -6.591988299565039, -6.591988299565039, -6.591988299565039, -6.591988299565039, -6.271738659209055, -7.317852738095235, -6.508566107319972, -6.508566107319972, -6.2323374506531, -6.591988299565039, -6.591988299565039, -6.591988299565039, -6.591988299565039, -6.591988299565039, -6.591988299565039, -6.591988299565039, -6.508566107319972, -6.591988299565039, -5.981630670273139, -6.1619820628720126, -6.591988299565039, -6.591988299565039, -6.2323374506531, -6.591988299565039, -6.591988299565039, -6.591988299565039, -5.780504392230576, -6.591988299565039, -6.591988299565039, -6.591988299565039, -6.591988299565039, -6.591988299565039, -6.591988299565039, -6.591988299565039, -6.591988299565039, -6.591988299565039, -6.591988299565039, -6.591988299565039, -6.591988299565039, -6.591988299565039, -6.591988299565039, -6.591988299565039, -6.1619820628720126, -6.591988299565039, -5.624817257802482, -6.591988299565039, -6.591988299565039, -6.591988299565039, -6.591988299565039, -6.2323374506531, -6.591988299565039, -6.591988299565039, -6.041179142880683, -6.591988299565039, -6.591988299565039, -6.591988299565039, -6.591988299565039, -6.3289763845386675, -6.429437530059813, -6.3289763845386675, -6.1877473494561, -5.697294186357161, -5.655895953013872, -6.3289763845386675, -6.2323374506531, -6.591988299565039, -5.697294186357161, -6.2323374506531, -6.2323374506531, -6.591988299565039, -6.591988299565039, -6.2323374506531, -5.697294186357161, -5.697294186357161, -6.2323374506531, -5.655895953013872, -5.037282700768073, -5.037282700768073, -5.655895953013872, -5.210020167590394, -5.717074022269934, -6.591988299565039, -6.591988299565039, -5.655895953013872, -6.591988299565039, -6.591988299565039, -5.564565170295316, -6.591988299565039, -6.591988299565039, -6.591988299565039, -6.591988299565039, -6.591988299565039, -6.591988299565039, -6.527407039075173, -5.449675428253616, -6.484010646595847, -5.453360158730159, -4.981409830177934, -5.029788735923894, -5.037282700768073, -5.029788735923894, -6.1822618578643596, -5.037282700768073, -5.037282700768073, -5.037282700768073, -4.981409830177934, -4.981409830177934, -4.981409830177934, -4.981409830177934, -4.981409830177934, -6.56238721037171, -7.419371266233762, -5.947879765512266, -7.249188790631033, -5.899394331751706, -6.155032002242666, -6.201181550177287, -5.761298154247714, -5.845339194614909, -6.11565976995227, -6.201181550177287, -5.917963495522065, -6.155032002242666, -6.155032002242666, -6.201181550177287, -6.155032002242666, -6.201181550177287, -6.11565976995227, -6.164697825507825, -6.11565976995227, -7.3437337934699665, -6.201181550177287, -6.201181550177287, -6.356951699167513, -6.2905548199042265, -6.56238721037171, -6.56238721037171, -6.2905548199042265, -6.201181550177287, -6.201181550177287, -5.917963495522065, -6.201181550177287, -6.201181550177287, -6.201181550177287, -6.122671857375199, -6.201181550177287, -6.201181550177287, -6.155032002242666, -6.201181550177287, -6.201181550177287, -6.201181550177287, -6.201181550177287, -6.201181550177287, -6.122671857375199, -6.56238721037171, -6.201181550177287, -6.201181550177287, -6.201181550177287, -5.845339194614909, -6.732330198412695, -6.201181550177287, -5.390852166356134, -5.899394331751706, -6.279790887821329, -6.155032002242666, -6.201181550177287, -6.155032002242666, -5.947879765512266, -5.899394331751706, -6.279790887821329, -6.56238721037171, -6.201181550177287, -6.201181550177287, -6.56238721037171, -6.56238721037171, -6.56238721037171, -5.899394331751706, -6.2905548199042265, -6.658410682373183, -6.201181550177287, -6.122671857375199, -6.201181550177287, -6.201181550177287, -6.155032002242666, -6.56238721037171, -6.56238721037171, -6.56238721037171, -6.601298572368328, -6.155032002242666, -6.2905548199042265, -6.155032002242666, -5.687878038999531, -5.687878038999531, -6.56238721037171, -5.899394331751706, -6.2905548199042265, -6.2905548199042265, -5.917963495522065, -6.673709373103804, -6.673709373103804, -6.56238721037171, -6.56238721037171, -6.792924404761903, -6.673709373103804, -6.56238721037171, -6.56238721037171, -6.673709373103804, -6.56238721037171, -6.56238721037171, -6.56238721037171, -6.56238721037171, -6.56238721037171, -6.091707143627665, -6.56238721037171, -6.56238721037171, -6.122671857375199, -6.56238721037171, -6.56238721037171, -6.56238721037171, -6.56238721037171, -6.673709373103804, -6.122671857375199, -4.87767470742932, -6.122671857375199, -6.56238721037171, -6.155032002242666, -5.917963495522065, -6.471058846424905, -6.56238721037171, -6.56238721037171, -6.56238721037171, -6.56238721037171, -6.673709373103804, -6.56238721037171, -6.56238721037171, -6.56238721037171, -6.56238721037171, -6.56238721037171, -6.56238721037171, -6.56238721037171, -6.56238721037171, -4.87767470742932, -6.56238721037171, -6.201181550177287, -6.56238721037171, -5.86530991533698, -6.56238721037171, -6.56238721037171, -6.471058846424905, -4.87767470742932, -6.56238721037171, -4.87767470742932, -6.56238721037171, -6.201181550177287, -6.201181550177287, -6.56238721037171, -4.87767470742932, -6.201181550177287, -6.56238721037171, -6.56238721037171, -6.56238721037171, -4.87767470742932, -6.201181550177287, -6.201181550177287, -6.201181550177287, -6.201181550177287, -6.201181550177287, -4.87767470742932, -6.56238721037171, -6.201181550177287, -6.201181550177287, -5.663889698031405, -5.137588969435609, -6.673709373103804, -5.663889698031405, -5.521032800561734, -5.5987883925796424, -6.56238721037171, -6.56238721037171, -5.956778515373517, -5.5987883925796424, -5.663889698031405, -4.840612883100548, -6.56238721037171, -5.5987883925796424, -5.5987883925796424, -6.56238721037171, -6.56238721037171, -6.56238721037171, -6.56238721037171, -6.596204523809523, -6.56238721037171, -6.56238721037171, -6.56238721037171, -4.87767470742932, -6.8332070801420794, -6.56238721037171, -6.56238721037171, -5.03702407118641, -6.1263257864357845, -4.87767470742932, -4.87767470742932, -4.87767470742932, -4.87767470742932, -5.047823712209389, -4.87767470742932, -5.047823712209389, -5.047823712209389, -5.047823712209389, -4.87767470742932, -4.87767470742932, -6.576620576956125, -7.3684789754689755, -4.98057644838622, -6.152857175260692, -5.875808628199567, -6.152857175260692, -6.620447987012986, -6.152857175260692, -6.152857175260692, -6.15419666732172, -7.06442075816132, -6.255606536484322, -5.902887725204624, -6.152857175260692, -6.152857175260692, -6.152857175260692, -6.576620576956125, -6.15419666732172, -5.875808628199567, -5.875808628199567, -6.3432459404484405, -6.152857175260692, -6.2122164130944375, -5.854436956316804, -5.875808628199567, -5.854436956316804, -6.152857175260692, -6.152857175260692, -6.576620576956125, -6.152857175260692, -5.875808628199567, -6.7323937049062, -6.576620576956125, -6.15419666732172, -6.152857175260692, -6.152857175260692, -6.152857175260692, -6.15419666732172, -5.826679895382397, -6.799915779220778, -5.875808628199567, -6.152857175260692, -6.152857175260692, -5.902887725204624, -6.167679335798252, -7.032505160233611, -6.15419666732172, -6.206207880969771, -6.2122164130944375, -6.2122164130944375, -6.152857175260692, -6.576620576956125, -6.152857175260692, -6.152857175260692, -6.576620576956125, -5.875808628199567, -5.875808628199567, -5.875808628199567, -6.2018295121967375, -6.152857175260692, -6.152857175260692, -6.576620576956125, -5.866226683554486, -6.2122164130944375, -6.576620576956125, -6.15419666732172, -6.832516190476189, -6.658529051751397, -6.658529051751397, -6.2122164130944375, -6.255606536484322, -6.255606536484322, -6.152857175260692, -6.576620576956125, -5.826679895382397, -6.152857175260692, -6.152857175260692, -6.152857175260692, -6.576620576956125, -6.576620576956125, -6.576620576956125, -6.430363625842484, -6.2122164130944375, -6.152857175260692, -6.576620576956125, -5.8803503454878445, -6.832516190476189, -6.658529051751397, -6.152857175260692, -6.152857175260692, -6.576620576956125, -6.576620576956125, -6.576620576956125, -6.576620576956125, -5.902887725204624, -6.152857175260692, -6.152857175260692, -6.576620576956125, -6.576620576956125, -6.576620576956125, -6.576620576956125, -6.576620576956125, -6.576620576956125, -6.576620576956125, -6.576620576956125, -6.658529051751397, -6.576620576956125, -6.576620576956125, -6.576620576956125, -6.15419666732172, -6.576620576956125, -6.576620576956125, -6.576620576956125, -6.576620576956125, -5.936061330348524, -5.7843815873015885, -6.34895046260516, -6.576620576956125, -6.576620576956125, -6.576620576956125, -6.576620576956125, -6.658529051751397, -6.576620576956125, -6.576620576956125, -6.576620576956125, -6.658529051751397, -6.152857175260692, -6.576620576956125, -5.866226683554486, -6.152857175260692, -6.576620576956125, -6.576620576956125, -6.576620576956125, -6.576620576956125, -6.576620576956125, -6.576620576956125, -6.576620576956125, -6.576620576956125, -6.576620576956125, -6.576620576956125, -6.152857175260692, -5.902887725204624, -4.936686063770835, -6.152857175260692, -6.576620576956125, -6.576620576956125, -6.34895046260516, -6.576620576956125, -5.743049953600674, -6.152857175260692, -6.152857175260692, -4.936686063770835, -6.576620576956125, -6.576620576956125, -4.936686063770835, -6.152857175260692, -4.936686063770835, -6.152857175260692, -4.936686063770835, -5.285940363173086, -5.743049953600674, -6.179673333333334, -5.7843815873015885, -5.7843815873015885, -6.576620576956125, -5.763394171392334, -6.576620576956125, -6.576620576956125, -6.576620576956125, -6.576620576956125, -6.576620576956125, -5.7843815873015885, -5.763394171392334, -5.894594864040303, -5.894594864040303, -6.576620576956125, -6.576620576956125, -6.576620576956125, -6.359530973516152, -6.359530973516152, -5.491437878787874, -6.1227266666666695, -6.576620576956125, -6.576620576956125, -5.537335515873018, -5.537335515873018, -5.0540650980955215, -5.0540650980955215, -5.058405189897185, -6.302718528138529, -6.302718528138529, -4.936686063770835, -4.936686063770835, -4.936686063770835, -5.0540650980955215, -4.936686063770835, -5.0540650980955215, -5.0540650980955215, -4.936686063770835, -5.0540650980955215, -4.936686063770835]","0     -7.22
1     -6.21
2     -7.24
3     -5.92
4     -5.96
       ... 
247   -6.00
248   -3.99
249   -5.24
250   -4.77
251   -4.71
Name: Permeability, Length: 252, dtype: float64","[array([-6.58851382, -6.19444317, -6.19444317, -5.85698765, -5.83856335,
       -6.24660089, -5.90695275, -6.24660089, -5.80428506, -6.33233253,
       -5.93483023, -6.19444317, -5.90695275, -6.19444317, -5.83856335,
       -5.83856335, -6.74799306, -6.74799306, -5.90695275, -6.58851382,
       -5.93483023, -6.19299897, -6.19444317, -4.96270736, -5.83856335,
       -5.93483023, -6.19444317, -6.19444317, -6.17534185, -5.93483023,
       -6.3869949 , -7.00241517, -6.19444317, -6.22372298, -6.19444317,
       -6.22372298, -6.19444317, -5.95230001, -6.19444317, -5.83856335,
       -6.17534185, -6.19299897, -6.17534185, -4.96270736, -6.27727836,
       -5.86145629, -6.22372298, -6.19444317, -6.19444317, -5.53319727,
       -6.87042627, -6.74799306, -6.19444317, -6.19444317, -6.17534185,
       -6.58851382, -6.58851382, -6.22372298, -5.83856335, -6.58851382,
       -6.17534185, -6.22372298, -5.93483023, -6.2630904 , -5.93483023,
       -5.84875879, -6.84029939, -5.8426175 , -6.19444317, -6.58851382,
       -6.19299897, -6.58851382, -6.19444317, -6.58851382, -5.93483023,
       -5.93483023, -5.93483023, -6.19444317, -6.58851382, -6.58851382,
       -6.17534185, -6.19299897, -6.19444317, -6.27543359, -6.19299897,
       -6.19299897, -6.58851382, -6.33233253, -6.58851382, -6.58851382,
       -6.56512237, -6.56512237, -6.2630904 , -6.22372298, -5.83856335,
       -6.56512237, -6.19444317, -6.58851382, -6.19444317, -6.19444317,
       -6.58851382, -6.58851382, -6.56512237, -6.19299897, -6.22372298,
       -6.19444317, -6.19444317, -6.58851382, -6.58851382, -6.58851382,
       -5.90695275, -6.22372298, -6.58851382, -5.49113901, -6.56512237,
       -6.58851382, -6.58851382, -6.58851382, -6.58851382, -6.58851382,
       -6.58851382, -6.58851382, -6.19299897, -6.58851382, -5.83477294,
       -6.58377061, -6.58851382, -6.58851382, -6.58851382, -6.58851382,
       -6.58851382, -6.56512237, -6.33233253, -6.58851382, -6.58851382,
       -6.58851382, -6.58851382, -5.8426175 , -6.58851382, -7.32398919,
       -6.58851382, -6.17534185, -6.74799306, -6.56512237, -6.58851382,
       -4.96270736, -6.58851382, -6.17534185, -6.19444317, -6.58851382,
       -6.58851382, -6.58851382, -6.58851382, -4.96270736, -6.58851382,
       -6.58851382, -6.58851382, -6.19444317, -6.58377061, -6.58851382,
       -6.19444317, -6.58851382, -6.58851382, -6.58851382, -6.27543359,
       -6.58851382, -6.58851382, -6.58851382, -6.19444317, -6.58851382,
       -6.58851382, -4.96270736, -6.58851382, -6.19444317, -6.58851382,
       -6.23947851, -6.19444317, -6.19444317, -6.23947851, -6.09737446,
       -5.90695275, -6.58851382, -6.19444317, -6.58851382, -4.96270736,
       -6.58851382, -6.58851382, -6.58851382, -6.19444317, -5.83856335,
       -6.19444317, -6.19444317, -5.90695275, -4.96270736, -6.58851382,
       -5.90695275, -6.58851382, -5.60184184, -6.19444317, -6.19444317,
       -6.19444317, -6.19444317, -6.58851382, -5.60184184, -6.0755308 ,
       -6.75464333, -6.00757164, -6.75464333, -6.0755308 , -5.80428506,
       -6.58851382, -6.58851382, -6.58851382, -6.58851382, -6.58851382,
       -6.0755308 , -5.80428506, -5.60184184, -4.9911223 , -5.73795493,
       -5.80428506, -5.8451115 , -6.58851382, -6.58851382, -6.58851382,
       -6.58851382, -6.58851382, -6.19444317, -6.58851382, -6.99325823,
       -6.58851382, -5.95172561, -5.41606665, -6.0625254 , -4.96270736,
       -4.88610067, -4.96270736, -4.88610067, -6.45032143, -4.96270736,
       -4.96234736, -4.96270736, -4.96270736, -4.96270736, -4.96270736,
       -4.96270736, -4.96270736, -4.96234736, -4.96270736, -4.96234736,
       -4.96234736, -4.96234736]), array([-6.54496705, -6.19894989, -6.19894989, -5.85073611, -5.81056957,
       -6.42074007, -5.94820406, -6.42074007, -5.58419242, -6.34424255,
       -5.91998132, -6.19894989, -5.94820406, -6.19894989, -5.81056957,
       -5.81056957, -6.72096585, -6.72096585, -5.94820406, -6.54496705,
       -5.91998132, -6.12957687, -6.19894989, -4.97669295, -5.81056957,
       -5.91998132, -6.19894989, -6.19894989, -6.19833664, -5.91998132,
       -6.99933113, -7.01784022, -6.19894989, -6.13775859, -6.19894989,
       -6.13775859, -6.19894989, -5.98444193, -6.19894989, -5.81056957,
       -6.19833664, -6.12957687, -6.19833664, -4.97669295, -6.3315482 ,
       -5.80719276, -6.13775859, -6.19894989, -6.19894989, -5.54295567,
       -7.0090244 , -6.72096585, -6.19894989, -6.19894989, -6.19833664,
       -6.54496705, -6.54496705, -6.13775859, -5.81056957, -6.54496705,
       -6.19833664, -6.13775859, -5.91998132, -6.16611   , -5.91998132,
       -5.80720826, -6.87054218, -5.89833543, -6.19894989, -6.54496705,
       -6.12957687, -6.54496705, -6.19894989, -6.54496705, -5.91998132,
       -5.91998132, -5.91998132, -6.19894989, -6.54496705, -6.54496705,
       -6.19833664, -6.12957687, -6.19894989, -6.29759799, -6.12957687,
       -6.12957687, -6.54496705, -6.34424255, -6.54496705, -6.54496705,
       -6.36450483, -6.36450483, -6.16611   , -6.13775859, -5.81056957,
       -6.36450483, -6.19894989, -6.54496705, -6.19894989, -6.19894989,
       -6.54496705, -6.54496705, -6.36450483, -6.12957687, -6.13775859,
       -6.19894989, -6.19894989, -6.54496705, -6.54496705, -6.54496705,
       -5.94820406, -6.13775859, -6.54496705, -5.39141539, -6.36450483,
       -6.54496705, -6.54496705, -6.54496705, -6.54496705, -6.54496705,
       -6.54496705, -6.54496705, -6.12957687, -6.54496705, -5.80871303,
       -6.49421113, -6.54496705, -6.54496705, -6.54496705, -6.54496705,
       -6.54496705, -6.36450483, -6.34424255, -6.54496705, -6.54496705,
       -6.54496705, -6.54496705, -5.89833543, -6.54496705, -7.35179224,
       -6.54496705, -6.19833664, -6.72096585, -6.36450483, -6.54496705,
       -4.97669295, -6.54496705, -6.19833664, -6.19894989, -6.54496705,
       -6.54496705, -6.54496705, -6.54496705, -4.97669295, -6.54496705,
       -6.54496705, -6.54496705, -6.19894989, -6.49421113, -6.54496705,
       -6.19894989, -6.54496705, -6.54496705, -6.54496705, -6.29759799,
       -6.54496705, -6.54496705, -6.54496705, -6.19894989, -6.54496705,
       -6.54496705, -4.97669295, -6.54496705, -6.19894989, -6.54496705,
       -6.33709879, -6.19894989, -6.19894989, -6.33709879, -6.42780828,
       -5.94820406, -6.54496705, -6.19894989, -6.54496705, -4.97669295,
       -6.54496705, -6.54496705, -6.54496705, -6.19894989, -5.81056957,
       -6.19894989, -6.19894989, -5.94820406, -4.97669295, -6.54496705,
       -5.94820406, -6.54496705, -5.71471566, -6.19894989, -6.19894989,
       -6.19894989, -6.19894989, -6.54496705, -5.71471566, -5.92535175,
       -6.45060175, -5.95260073, -6.45060175, -5.92535175, -5.58419242,
       -6.54496705, -6.54496705, -6.54496705, -6.54496705, -6.54496705,
       -5.92535175, -5.58419242, -5.71471566, -5.00005603, -5.78715254,
       -5.58419242, -5.88704   , -6.54496705, -6.54496705, -6.54496705,
       -6.54496705, -6.54496705, -6.19894989, -6.54496705, -6.60010008,
       -6.54496705, -6.1003705 , -5.46125357, -6.02771262, -4.97669295,
       -5.04013822, -4.97669295, -5.04013822, -6.30646898, -4.97669295,
       -5.01371898, -4.97669295, -4.97669295, -4.97669295, -4.97669295,
       -4.97669295, -4.97669295, -5.01371898, -4.97669295, -5.01371898,
       -5.01371898, -5.01371898]), array([-6.5919883 , -6.23233745, -6.23233745, -5.86619527, -5.87552033,
       -6.2543539 , -5.69729419, -6.2543539 , -5.56456517, -6.31467801,
       -5.94060396, -6.23233745, -5.69729419, -6.23233745, -5.87552033,
       -5.87552033, -7.06128921, -7.06128921, -5.69729419, -6.5919883 ,
       -5.94060396, -6.13945136, -6.23233745, -5.0372827 , -5.87552033,
       -5.94060396, -6.23233745, -6.23233745, -6.15631004, -5.94060396,
       -7.09455453, -7.31785274, -6.23233745, -6.27173866, -6.23233745,
       -6.27173866, -6.23233745, -5.93495941, -6.23233745, -5.87552033,
       -6.15631004, -6.13945136, -6.15631004, -5.0372827 , -6.14761089,
       -5.73423261, -6.27173866, -6.23233745, -6.23233745, -5.67639407,
       -7.21350214, -7.06128921, -6.23233745, -6.23233745, -6.15631004,
       -6.5919883 , -6.5919883 , -6.27173866, -5.87552033, -6.5919883 ,
       -6.15631004, -6.27173866, -5.94060396, -5.98163067, -5.94060396,
       -5.72496818, -6.85365306, -5.78050439, -6.23233745, -6.5919883 ,
       -6.13945136, -6.5919883 , -6.23233745, -6.5919883 , -5.94060396,
       -5.94060396, -5.94060396, -6.23233745, -6.5919883 , -6.5919883 ,
       -6.15631004, -6.13945136, -6.23233745, -6.16550372, -6.13945136,
       -6.13945136, -6.5919883 , -6.31467801, -6.5919883 , -6.5919883 ,
       -6.50856611, -6.50856611, -5.98163067, -6.27173866, -5.87552033,
       -6.50856611, -6.23233745, -6.5919883 , -6.23233745, -6.23233745,
       -6.5919883 , -6.5919883 , -6.50856611, -6.13945136, -6.27173866,
       -6.23233745, -6.23233745, -6.5919883 , -6.5919883 , -6.5919883 ,
       -5.69729419, -6.27173866, -6.5919883 , -5.49009333, -6.50856611,
       -6.5919883 , -6.5919883 , -6.5919883 , -6.5919883 , -6.5919883 ,
       -6.5919883 , -6.5919883 , -6.13945136, -6.5919883 , -5.89048959,
       -6.16198206, -6.5919883 , -6.5919883 , -6.5919883 , -6.5919883 ,
       -6.5919883 , -6.50856611, -6.31467801, -6.5919883 , -6.5919883 ,
       -6.5919883 , -6.5919883 , -5.78050439, -6.5919883 , -7.39432183,
       -6.5919883 , -6.15631004, -7.06128921, -6.50856611, -6.5919883 ,
       -5.0372827 , -6.5919883 , -6.15631004, -6.23233745, -6.5919883 ,
       -6.5919883 , -6.5919883 , -6.5919883 , -5.0372827 , -6.5919883 ,
       -6.5919883 , -6.5919883 , -6.23233745, -6.16198206, -6.5919883 ,
       -6.23233745, -6.5919883 , -6.5919883 , -6.5919883 , -6.16550372,
       -6.5919883 , -6.5919883 , -6.5919883 , -6.23233745, -6.5919883 ,
       -6.5919883 , -5.0372827 , -6.5919883 , -6.23233745, -6.5919883 ,
       -6.32897638, -6.23233745, -6.23233745, -6.32897638, -6.18774735,
       -5.69729419, -6.5919883 , -6.23233745, -6.5919883 , -5.0372827 ,
       -6.5919883 , -6.5919883 , -6.5919883 , -6.23233745, -5.87552033,
       -6.23233745, -6.23233745, -5.69729419, -5.0372827 , -6.5919883 ,
       -5.69729419, -6.5919883 , -5.65589595, -6.23233745, -6.23233745,
       -6.23233745, -6.23233745, -6.5919883 , -5.65589595, -5.93330308,
       -6.3740325 , -5.92566223, -6.3740325 , -5.92721142, -5.56456517,
       -6.5919883 , -6.5919883 , -6.5919883 , -6.5919883 , -6.5919883 ,
       -5.92721142, -5.56456517, -5.65589595, -4.95848567, -5.73418206,
       -5.56456517, -5.84347096, -6.5919883 , -6.5919883 , -6.5919883 ,
       -6.5919883 , -6.5919883 , -6.23233745, -6.5919883 , -6.71527688,
       -6.5919883 , -6.20583927, -5.45336016, -5.62481726, -5.0372827 ,
       -5.02978874, -5.0372827 , -5.02978874, -6.18226186, -5.0372827 ,
       -4.98140983, -5.0372827 , -5.0372827 , -5.0372827 , -5.0372827 ,
       -5.0372827 , -5.0372827 , -4.98140983, -5.0372827 , -4.98140983,
       -4.98140983, -4.98140983]), array([-6.56238721, -6.20118155, -6.20118155, -5.89535813, -5.84533919,
       -6.20163671, -5.9179635 , -6.20163671, -5.59878839, -6.11565977,
       -5.89939433, -6.20118155, -5.9179635 , -6.20118155, -5.84533919,
       -5.84533919, -6.7929244 , -6.7929244 , -5.9179635 , -6.56238721,
       -5.89939433, -6.155032  , -6.20118155, -4.87767471, -5.84533919,
       -5.89939433, -6.20118155, -6.20118155, -6.12267186, -5.89939433,
       -7.03493109, -6.7323302 , -6.20118155, -6.29055482, -6.20118155,
       -6.29055482, -6.20118155, -6.08937183, -6.20118155, -5.84533919,
       -6.12267186, -6.155032  , -6.12267186, -4.87767471, -6.22679697,
       -5.83962008, -6.29055482, -6.20118155, -6.20118155, -5.60859514,
       -6.9671319 , -6.7929244 , -6.20118155, -6.20118155, -6.12267186,
       -6.56238721, -6.56238721, -6.29055482, -5.84533919, -6.56238721,
       -6.12267186, -6.29055482, -5.89939433, -6.27979089, -5.89939433,
       -5.83920123, -6.87978092, -5.85216504, -6.20118155, -6.56238721,
       -6.155032  , -6.56238721, -6.20118155, -6.56238721, -5.89939433,
       -5.89939433, -5.89939433, -6.20118155, -6.56238721, -6.56238721,
       -6.12267186, -6.155032  , -6.20118155, -6.15811001, -6.155032  ,
       -6.155032  , -6.56238721, -6.11565977, -6.56238721, -6.56238721,
       -6.67370937, -6.67370937, -6.27979089, -6.29055482, -5.84533919,
       -6.67370937, -6.20118155, -6.56238721, -6.20118155, -6.20118155,
       -6.56238721, -6.56238721, -6.67370937, -6.155032  , -6.29055482,
       -6.20118155, -6.20118155, -6.56238721, -6.56238721, -6.56238721,
       -5.9179635 , -6.29055482, -6.56238721, -5.68787804, -6.67370937,
       -6.56238721, -6.56238721, -6.56238721, -6.56238721, -6.56238721,
       -6.56238721, -6.56238721, -6.155032  , -6.56238721, -5.94787977,
       -6.60129857, -6.56238721, -6.56238721, -6.56238721, -6.56238721,
       -6.56238721, -6.67370937, -6.11565977, -6.56238721, -6.56238721,
       -6.56238721, -6.56238721, -5.85216504, -6.56238721, -7.34373379,
       -6.56238721, -6.12267186, -6.7929244 , -6.67370937, -6.56238721,
       -4.87767471, -6.56238721, -6.12267186, -6.20118155, -6.56238721,
       -6.56238721, -6.56238721, -6.56238721, -4.87767471, -6.56238721,
       -6.56238721, -6.56238721, -6.20118155, -6.60129857, -6.56238721,
       -6.20118155, -6.56238721, -6.56238721, -6.56238721, -6.15811001,
       -6.56238721, -6.56238721, -6.56238721, -6.20118155, -6.56238721,
       -6.56238721, -4.87767471, -6.56238721, -6.20118155, -6.56238721,
       -6.47105885, -6.20118155, -6.20118155, -6.47105885, -6.39839179,
       -5.9179635 , -6.56238721, -6.20118155, -6.56238721, -4.87767471,
       -6.56238721, -6.56238721, -6.56238721, -6.20118155, -5.84533919,
       -6.20118155, -6.20118155, -5.9179635 , -4.87767471, -6.56238721,
       -5.9179635 , -6.56238721, -5.6638897 , -6.20118155, -6.20118155,
       -6.20118155, -6.20118155, -6.56238721, -5.6638897 , -5.95817852,
       -6.34868048, -5.82308231, -6.34868048, -5.95677852, -5.59878839,
       -6.56238721, -6.56238721, -6.56238721, -6.56238721, -6.56238721,
       -5.95677852, -5.59878839, -5.6638897 , -4.84061288, -5.39085217,
       -5.59878839, -5.78685273, -6.56238721, -6.56238721, -6.56238721,
       -6.56238721, -6.56238721, -6.20118155, -6.56238721, -6.83320708,
       -6.56238721, -6.1438875 , -5.44814253, -6.07613462, -4.87767471,
       -5.03702407, -4.87767471, -5.03702407, -6.12632579, -4.87767471,
       -5.04782371, -4.87767471, -4.87767471, -4.87767471, -4.87767471,
       -4.87767471, -4.87767471, -5.04782371, -4.87767471, -5.04782371,
       -5.04782371, -5.04782371]), array([-6.57662058, -6.15285718, -6.15285718, -5.92259819, -5.85443696,
       -4.98057645, -5.90288773, -4.98057645, -5.76339417, -6.34324594,
       -5.87580863, -6.15285718, -5.90288773, -6.15285718, -5.85443696,
       -5.85443696, -6.7323937 , -6.7323937 , -5.90288773, -6.57662058,
       -5.87580863, -6.21221641, -6.15285718, -4.93668606, -5.85443696,
       -5.87580863, -6.15285718, -6.15285718, -6.15419667, -5.87580863,
       -7.06442076, -6.83251619, -6.15285718, -6.25560654, -6.15285718,
       -6.25560654, -6.15285718, -5.98138857, -6.15285718, -5.85443696,
       -6.15419667, -6.21221641, -6.15419667, -4.93668606, -5.93606133,
       -5.87539953, -6.25560654, -6.15285718, -6.15285718, -5.69495519,
       -7.04127516, -6.7323937 , -6.15285718, -6.15285718, -6.15419667,
       -6.57662058, -6.57662058, -6.25560654, -5.85443696, -6.57662058,
       -6.15419667, -6.25560654, -5.87580863, -6.20182951, -5.87580863,
       -5.87261043, -6.43036363, -5.88587977, -6.15285718, -6.57662058,
       -6.21221641, -6.57662058, -6.15285718, -6.57662058, -5.87580863,
       -5.87580863, -5.87580863, -6.15285718, -6.57662058, -6.57662058,
       -6.15419667, -6.21221641, -6.15285718, -5.86622668, -6.21221641,
       -6.21221641, -6.57662058, -6.34324594, -6.57662058, -6.57662058,
       -6.65852905, -6.65852905, -6.20182951, -6.25560654, -5.85443696,
       -6.65852905, -6.15285718, -6.57662058, -6.15285718, -6.15285718,
       -6.57662058, -6.57662058, -6.65852905, -6.21221641, -6.25560654,
       -6.15285718, -6.15285718, -6.57662058, -6.57662058, -6.57662058,
       -5.90288773, -6.25560654, -6.57662058, -5.50170051, -6.65852905,
       -6.57662058, -6.57662058, -6.57662058, -6.57662058, -6.57662058,
       -6.57662058, -6.57662058, -6.21221641, -6.57662058, -5.88035035,
       -6.56353919, -6.57662058, -6.57662058, -6.57662058, -6.57662058,
       -6.57662058, -6.65852905, -6.34324594, -6.57662058, -6.57662058,
       -6.57662058, -6.57662058, -5.88587977, -6.57662058, -7.03250516,
       -6.57662058, -6.15419667, -6.7323937 , -6.65852905, -6.57662058,
       -4.93668606, -6.57662058, -6.15419667, -6.15285718, -6.57662058,
       -6.57662058, -6.57662058, -6.57662058, -4.93668606, -6.57662058,
       -6.57662058, -6.57662058, -6.15285718, -6.56353919, -6.57662058,
       -6.15285718, -6.57662058, -6.57662058, -6.57662058, -5.86622668,
       -6.57662058, -6.57662058, -6.57662058, -6.15285718, -6.57662058,
       -6.57662058, -4.93668606, -6.57662058, -6.15285718, -6.57662058,
       -6.34895046, -6.15285718, -6.15285718, -6.34895046, -6.3053494 ,
       -5.90288773, -6.57662058, -6.15285718, -6.57662058, -4.93668606,
       -6.57662058, -6.57662058, -6.57662058, -6.15285718, -5.85443696,
       -6.15285718, -6.15285718, -5.90288773, -4.93668606, -6.57662058,
       -5.90288773, -6.57662058, -5.74304995, -6.15285718, -6.15285718,
       -6.15285718, -6.15285718, -6.57662058, -5.74304995, -5.79333992,
       -6.17967333, -6.11073432, -6.17967333, -5.78438159, -5.76339417,
       -6.57662058, -6.57662058, -6.57662058, -6.57662058, -6.57662058,
       -5.78438159, -5.76339417, -5.74304995, -5.89459486, -5.81123021,
       -5.76339417, -5.87281801, -6.57662058, -6.57662058, -6.57662058,
       -6.57662058, -6.57662058, -6.15285718, -6.57662058, -6.35953097,
       -6.57662058, -6.14124818, -5.53733552, -5.91633809, -4.93668606,
       -5.05840519, -4.93668606, -5.05840519, -6.30271853, -4.93668606,
       -5.0540651 , -4.93668606, -4.93668606, -4.93668606, -4.93668606,
       -4.93668606, -4.93668606, -5.0540651 , -4.93668606, -5.0540651 ,
       -5.0540651 , -5.0540651 ])]","[-6.57289539 -6.19595385 -6.19595385 -5.87837507 -5.84488588 -6.02078161
 -5.87466044 -6.02078161 -5.66304504 -6.29003176 -5.91412369 -6.19595385
 -5.87466044 -6.19595385 -5.84488588 -5.84488588 -6.81111325 -6.81111325
 -5.87466044 -6.57289539 -5.91412369 -6.16585512 -6.19595385 -4.95820876
 -5.84488588 -5.91412369 -6.19595385 -6.19595385 -6.16137141 -5.91412369
 -6.91604648 -6.9805909  -6.19595385 -6.23587632 -6.19595385 -6.23587632
 -6.19595385 -5.98849235 -6.19595385 -5.84488588 -6.16137141 -6.16585512
 -6.16137141 -4.95820876 -6.18385915 -5.82358025 -6.23587632 -6.19595385
 -6.19595385 -5.61121947 -7.02027198 -6.81111325 -6.19595385 -6.19595385
 -6.16137141 -6.57289539 -6.57289539 -6.23587632 -5.84488588 -6.57289539
 -6.16137141 -6.23587632 -5.91412369 -6.17849029 -5.91412369 -5.81854938
 -6.77492784 -5.85190043 -6.19595385 -6.57289539 -6.16585512 -6.57289539
 -6.19595385 -6.57289539 -5.91412369 -5.91412369 -5.91412369 -6.19595385
 -6.57289539 -6.57289539 -6.16137141 -6.16585512 -6.19595385 -6.1525744
 -6.16585512 -6.16585512 -6.57289539 -6.29003176 -6.57289539 -6.57289539
 -6.55408635 -6.55408635 -6.17849029 -6.23587632 -5.84488588 -6.55408635
 -6.19595385 -6.57289539 -6.19595385 -6.19595385 -6.57289539 -6.57289539
 -6.55408635 -6.16585512 -6.23587632 -6.19595385 -6.19595385 -6.57289539
 -6.57289539 -6.57289539 -5.87466044 -6.23587632 -6.57289539 -5.51244526
 -6.55408635 -6.57289539 -6.57289539 -6.57289539 -6.57289539 -6.57289539
 -6.57289539 -6.57289539 -6.16585512 -6.57289539 -5.87244113 -6.48096031
 -6.57289539 -6.57289539 -6.57289539 -6.57289539 -6.57289539 -6.55408635
 -6.29003176 -6.57289539 -6.57289539 -6.57289539 -6.57289539 -5.85190043
 -6.57289539 -7.28926844 -6.57289539 -6.16137141 -6.81111325 -6.55408635
 -6.57289539 -4.95820876 -6.57289539 -6.16137141 -6.19595385 -6.57289539
 -6.57289539 -6.57289539 -6.57289539 -4.95820876 -6.57289539 -6.57289539
 -6.57289539 -6.19595385 -6.48096031 -6.57289539 -6.19595385 -6.57289539
 -6.57289539 -6.57289539 -6.1525744  -6.57289539 -6.57289539 -6.57289539
 -6.19595385 -6.57289539 -6.57289539 -4.95820876 -6.57289539 -6.19595385
 -6.57289539 -6.3451126  -6.19595385 -6.19595385 -6.3451126  -6.28333426
 -5.87466044 -6.57289539 -6.19595385 -6.57289539 -4.95820876 -6.57289539
 -6.57289539 -6.57289539 -6.19595385 -5.84488588 -6.19595385 -6.19595385
 -5.87466044 -4.95820876 -6.57289539 -5.87466044 -6.57289539 -5.67587862
 -6.19595385 -6.19595385 -6.19595385 -6.19595385 -6.57289539 -5.67587862
 -5.93714081 -6.42152628 -5.96393024 -6.42152628 -5.93385081 -5.66304504
 -6.57289539 -6.57289539 -6.57289539 -6.57289539 -6.57289539 -5.93385081
 -5.66304504 -5.67587862 -5.13697435 -5.69227438 -5.66304504 -5.84705864
 -6.57289539 -6.57289539 -6.57289539 -6.57289539 -6.57289539 -6.19595385
 -6.57289539 -6.70027465 -6.57289539 -6.10861421 -5.46323169 -5.9415056
 -4.95820876 -5.01029138 -4.95820876 -5.01029138 -6.27361932 -4.95820876
 -5.011873   -4.95820876 -4.95820876 -4.95820876 -4.95820876 -4.95820876
 -4.95820876 -5.011873   -4.95820876 -5.011873   -5.011873   -5.011873  ]","[0.01739405 0.02537588 0.02537588 0.02688416 0.02120133 0.52540508
 0.09009126 0.52540508 0.10006361 0.08783273 0.02387164 0.02537588
 0.09009126 0.02537588 0.02120133 0.02120133 0.12745691 0.12745691
 0.09009126 0.01739405 0.02387164 0.03167513 0.02537588 0.05208368
 0.02120133 0.02387164 0.02537588 0.02537588 0.02504536 0.02387164
 0.26640026 0.19958399 0.02537588 0.05373996 0.02537588 0.05373996
 0.02537588 0.05370139 0.02537588 0.02120133 0.02504536 0.03167513
 0.02504536 0.05208368 0.13791342 0.05025666 0.05373996 0.02537588
 0.02537588 0.06635314 0.11241276 0.12745691 0.02537588 0.02537588
 0.02504536 0.01739405 0.01739405 0.05373996 0.02120133 0.01739405
 0.02504536 0.05373996 0.02387164 0.1066496  0.02387164 0.05127917
 0.1728189  0.04121757 0.02537588 0.01739405 0.03167513 0.01739405
 0.02537588 0.01739405 0.02387164 0.02387164 0.02387164 0.02537588
 0.01739405 0.01739405 0.02504536 0.03167513 0.02537588 0.15383046
 0.03167513 0.03167513 0.01739405 0.08783273 0.01739405 0.01739405
 0.11256375 0.11256375 0.1066496  0.05373996 0.02120133 0.11256375
 0.02537588 0.01739405 0.02537588 0.02537588 0.01739405 0.01739405
 0.11256375 0.03167513 0.05373996 0.02537588 0.02537588 0.01739405
 0.01739405 0.01739405 0.09009126 0.05373996 0.01739405 0.09643019
 0.11256375 0.01739405 0.01739405 0.01739405 0.01739405 0.01739405
 0.01739405 0.01739405 0.03167513 0.01739405 0.04808212 0.1635807
 0.01739405 0.01739405 0.01739405 0.01739405 0.01739405 0.11256375
 0.08783273 0.01739405 0.01739405 0.01739405 0.01739405 0.04121757
 0.01739405 0.13041843 0.01739405 0.02504536 0.12745691 0.11256375
 0.01739405 0.05208368 0.01739405 0.02504536 0.02537588 0.01739405
 0.01739405 0.01739405 0.01739405 0.05208368 0.01739405 0.01739405
 0.01739405 0.02537588 0.1635807  0.01739405 0.02537588 0.01739405
 0.01739405 0.01739405 0.15383046 0.01739405 0.01739405 0.01739405
 0.02537588 0.01739405 0.01739405 0.05208368 0.01739405 0.02537588
 0.01739405 0.07397344 0.02537588 0.02537588 0.07397344 0.12515075
 0.09009126 0.01739405 0.02537588 0.01739405 0.05208368 0.01739405
 0.01739405 0.01739405 0.02537588 0.02120133 0.02537588 0.02537588
 0.09009126 0.05208368 0.01739405 0.09009126 0.01739405 0.04908114
 0.02537588 0.02537588 0.02537588 0.02537588 0.01739405 0.04908114
 0.08991861 0.18860932 0.09474909 0.18860932 0.09279683 0.10006361
 0.01739405 0.01739405 0.01739405 0.01739405 0.01739405 0.09279683
 0.10006361 0.04908114 0.38306569 0.15352568 0.10006361 0.03436123
 0.01739405 0.01739405 0.01739405 0.01739405 0.01739405 0.02537588
 0.01739405 0.2144186  0.01739405 0.08537433 0.04011224 0.16800436
 0.05208368 0.06280746 0.05208368 0.06280746 0.11241981 0.05208368
 0.03593558 0.05208368 0.05208368 0.05208368 0.05208368 0.05208368
 0.05208368 0.03593558 0.05208368 0.03593558 0.03593558 0.03593558]"
3,GradientBoostingRegressor,"[-6.530739445352666, -7.179650556735497, -7.179650556735497, -7.197334638027773, -6.169051153508325, -6.525939230499555, -5.650405183382364, -6.169051153508325, -6.530739445352666, -6.169051153508325, -6.525939230499555, -5.876415616682148, -6.169051153508325, -5.650318625168247, -6.1870883964310215, -5.8972314601166635, -6.169051153508325, -6.099694460074729, -6.414093011599249, -6.643105249643843, -6.643105249643843, -6.169051153508325, -6.231917884228026, -6.173497170723036, -6.231917884228026, -5.876415616682148, -6.8612920982347, -5.876415616682148, -6.414093011599249, -6.673254060460647, -6.343797462736215, -5.876415616682148, -6.169051153508325, -6.169051153508325, -6.231917884228026, -6.169051153508325, -5.876415616682148, -6.0091141977576035, -6.142273318207588, -6.603836158333383, -6.169051153508325, -6.169051153508325, -6.343797462736215, -5.948716137466981, -6.169051153508325, -6.169051153508325, -6.530739445352666, -6.530739445352666, -6.169051153508325, -6.530739445352666, -6.530739445352666, -6.169051153508325, -6.231917884228026, -6.1870883964310215, -6.414093011599249, -6.099694460074729, -6.530739445352666, -6.530739445352666, -6.530739445352666, -6.0091141977576035, -6.169051153508325, -6.530739445352666, -6.099694460074729, -6.173497170723036, -6.169051153508325, -6.169051153508325, -6.231917884228026, -6.231917884228026, -6.169051153508325, -6.231917884228026, -6.530739445352666, -6.169051153508325, -6.169051153508325, -6.530739445352666, -6.481994921987941, -6.343797462736215, -6.414093011599249, -6.530739445352666, -6.343797462736215, -6.169051153508325, -6.169051153508325, -6.169051153508325, -6.303734830184439, -6.530739445352666, -6.530739445352666, -6.16256119079443, -6.414093011599249, -6.530739445352666, -6.530739445352666, -6.169051153508325, -6.169051153508325, -6.343797462736215, -6.530739445352666, -6.414093011599249, -6.046960997212233, -5.943254528716528, -6.530739445352666, -6.530739445352666, -6.530739445352666, -6.530739445352666, -6.414093011599249, -6.530739445352666, -5.2320876162684264, -6.530739445352666, -6.530739445352666, -6.946944232274571, -6.16256119079443, -6.343797462736215, -5.880387797996827, -6.530739445352666, -6.530739445352666, -6.530739445352666, -6.530739445352666, -6.173497170723036, -6.173497170723036, -6.530739445352666, -6.530739445352666, -6.530739445352666, -6.530739445352666, -6.530739445352666, -6.481994921987941, -6.530739445352666, -6.530739445352666, -6.530739445352666, -6.530739445352666, -6.530739445352666, -5.876415616682148, -6.169051153508325, -6.169051153508325, -6.530739445352666, -6.530739445352666, -6.530739445352666, -6.530739445352666, -6.530739445352666, -6.530739445352666, -6.530739445352666, -6.530739445352666, -6.467265928333985, -6.467265928333985, -6.467265928333985, -6.108656336553188, -5.473054345401012, -6.467265928333985, -6.467265928333985, -6.530739445352666, -5.876415616682148, -6.169051153508325, -5.2320876162684264, -6.530739445352666, -6.530739445352666, -6.530739445352666, -6.530739445352666, -6.530739445352666, -6.530739445352666, -5.473054345401012, -5.2320876162684264, -6.169051153508325, -6.530739445352666, -5.2320876162684264, -6.169051153508325, -6.530739445352666, -6.169051153508325, -5.473054345401012, -5.473054345401012, -5.473054345401012, -6.795530548208717, -5.108412529911477, -5.683498722264431, -5.068867474458861, -5.058931203596854, -5.473054345401012, -5.650405183382364, -6.530739445352666, -6.530739445352666, -6.530739445352666, -6.050147928605237, -5.473054345401012, -6.530739445352666, -6.530739445352666, -5.650405183382364, -6.530739445352666, -6.530739445352666, -6.530739445352666, -5.650405183382364, -5.547325805596244, -6.182171626904996, -6.175746835850993, -5.473054345401012, -5.513749117271955, -6.543859918749337, -6.361408977283955, -6.361408977283955, -5.2320876162684264, -5.052131567161391, -5.052131567161391, -5.2320876162684264, -5.2320876162684264, -5.058931203596854, -5.2320876162684264, -5.2320876162684264, -5.2320876162684264, -5.058931203596854, -7.135909638121116, -7.135909638121116, -6.488148642243615, -5.928390427976969, -6.077638646966554, -6.887737873328917, -5.838266329731872, -5.838266329731872, -5.838266329731872, -5.838266329731872, -5.838266329731872, -6.192457895503202, -5.651797831909493, -6.488148642243615, -6.085418896085595, -6.350606467177043, -6.200238144622243, -6.192457895503202, -6.200238144622243, -5.5541392715616125, -6.192457895503202, -6.147323697733614, -6.192457895503202, -6.192457895503202, -6.077638646966554, -5.846046578850912, -6.350606467177043, -6.147323697733614, -6.228983685077875, -6.192457895503202, -6.192457895503202, -6.200238144622243, -6.077638646966554, -6.488148642243615, -6.488148642243615, -6.772170468374087, -6.189367284229088, -6.350606467177043, -6.077638646966554, -6.386281489462652, -6.192457895503202, -6.192457895503202, -6.192457895503202, -6.156357720235623, -6.2883035925530315, -6.484202111314177, -6.228983685077875, -6.077638646966554, -6.189367284229088, -6.192457895503202, -5.846046578850912, -6.772170468374087, -5.838266329731872, -5.932306493285917, -6.90971264344066, -6.200238144622243, -6.189367284229088, -6.077638646966554, -5.924526244166876, -5.924526244166876, -5.5541392715616125, -6.192457895503202, -6.200238144622243, -6.200238144622243, -6.156357720235623, -6.077638646966554, -6.189367284229088, -6.2883035925530315, -6.189367284229088, -6.189367284229088, -6.192457895503202, -6.480368393124575, -6.488148642243615, -6.2883035925530315, -6.1551039468526545, -6.200238144622243, -6.200238144622243, -6.488148642243615, -6.488148642243615, -6.2883035925530315, -6.488148642243615, -6.488148642243615, -6.488148642243615, -6.350606467177043, -6.350606467177043, -6.164373979613324, -5.846046578850912, -6.200238144622243, -6.488148642243615, -6.2883035925530315, -6.192457895503202, -6.488148642243615, -6.2883035925530315, -6.488148642243615, -6.488148642243615, -6.488148642243615, -6.488148642243615, -6.488148642243615, -5.924526244166876, -6.488148642243615, -6.488148642243615, -6.488148642243615, -5.5541392715616125, -6.189367284229088, -6.189367284229088, -6.488148642243615, -6.488148642243615, -6.189367284229088, -6.488148642243615, -6.2883035925530315, -6.488148642243615, -6.488148642243615, -6.488148642243615, -5.76471744607817, -6.2883035925530315, -6.488148642243615, -6.192457895503202, -6.488148642243615, -6.488148642243615, -6.192457895503202, -6.488148642243615, -6.488148642243615, -6.488148642243615, -6.192457895503202, -6.488148642243615, -6.488148642243615, -6.192457895503202, -6.192457895503202, -6.488148642243615, -6.488148642243615, -6.488148642243615, -6.147323697733614, -6.488148642243615, -6.488148642243615, -6.192457895503202, -5.579923571312651, -6.351098775202597, -6.488148642243615, -6.488148642243615, -5.579923571312651, -6.488148642243615, -6.488148642243615, -6.488148642243615, -6.488148642243615, -6.488148642243615, -6.192457895503202, -5.579923571312651, -6.488148642243615, -6.192457895503202, -6.192457895503202, -6.192457895503202, -6.488148642243615, -6.192457895503202, -5.315530548678379, -6.488148642243615, -6.147323697733614, -6.488148642243615, -6.488148642243615, -6.192457895503202, -6.488148642243615, -6.488148642243615, -6.488148642243615, -5.315530548678379, -5.579923571312651, -5.6823039305616945, -5.579923571312651, -6.556390149866862, -6.488148642243615, -6.488148642243615, -6.488148642243615, -6.488148642243615, -5.925062386994322, -5.925062386994322, -6.488148642243615, -6.488148642243615, -5.458905733440895, -6.556390149866862, -6.488148642243615, -5.554521706326927, -6.517934682718637, -6.586176190341884, -5.315530548678379, -5.315530548678379, -5.315530548678379, -5.315530548678379, -5.315530548678379, -5.315530548678379, -5.315530548678379, -5.103659279796491, -5.103659279796491, -5.315530548678379, -5.315530548678379, -5.315530548678379, -5.315530548678379, -4.9695240366775115, -5.10906377451935, -5.103659279796491, -5.315530548678379, -5.103659279796491, -5.103659279796491, -5.103659279796491, -5.103659279796491, -6.953926349766638, -6.215529725026529, -6.1443703870002, -6.1443703870002, -6.19901606545761, -5.933248694398279, -6.19901606545761, -6.335849778959115, -5.639109764457346, -5.756834673893824, -6.559994745663121, -6.559994745663121, -6.160884046569119, -5.955804162292131, -6.01120760354295, -6.19901606545761, -6.51226379946357, -5.639109764457346, -6.19901606545761, -6.141013577808239, -6.215529725026529, -6.07013822280466, -6.559994745663121, -6.215529725026529, -5.933248694398279, -6.354464683653158, -6.19901606545761, -6.215529725026529, -6.07013822280466, -6.1443703870002, -6.19901606545761, -6.51226379946357, -6.19901606545761, -5.933248694398279, -6.51226379946357, -6.51226379946357, -6.215529725026529, -6.904653742840873, -5.639109764457346, -6.1443703870002, -6.979168272315971, -6.51226379946357, -6.19901606545761, -6.19901606545761, -6.215529725026529, -6.07013822280466, -6.51226379946357, -6.215529725026529, -7.01470405250276, -6.979168272315971, -6.082170074254316, -6.19901606545761, -6.07013822280466, -6.51226379946357, -6.441301328752203, -6.51226379946357, -6.51226379946357, -6.160884046569119, -6.51226379946357, -6.51226379946357, -6.51226379946357, -6.215529725026529, -6.1443703870002, -6.19901606545761, -6.51226379946357, -6.07013822280466, -6.19901606545761, -6.215529725026529, -6.51226379946357, -6.19901606545761, -6.19901606545761, -6.19901606545761, -6.51226379946357, -6.51226379946357, -6.51226379946357, -5.933248694398279, -6.51226379946357, -6.51226379946357, -6.389796353036262, -6.1443703870002, -6.07013822280466, -6.51226379946357, -6.51226379946357, -6.215529725026529, -6.19901606545761, -6.51226379946357, -6.45761812100616, -6.215529725026529, -6.19901606545761, -6.01120760354295, -6.01120760354295, -6.51226379946357, -6.51226379946357, -6.51226379946357, -6.51226379946357, -6.45761812100616, -6.9930341352231284, -6.389796353036262, -6.389796353036262, -6.19901606545761, -6.51226379946357, -6.51226379946357, -6.51226379946357, -6.51226379946357, -6.51226379946357, -6.51226379946357, -6.51226379946357, -6.389796353036262, -6.51226379946357, -6.082170074254316, -6.08252718424053, -6.51226379946357, -6.51226379946357, -6.19901606545761, -6.51226379946357, -6.51226379946357, -6.51226379946357, -5.911907294045238, -6.51226379946357, -6.51226379946357, -6.51226379946357, -6.51226379946357, -6.51226379946357, -6.51226379946357, -6.51226379946357, -6.51226379946357, -6.51226379946357, -6.51226379946357, -6.51226379946357, -6.51226379946357, -6.51226379946357, -6.51226379946357, -6.51226379946357, -6.08252718424053, -6.51226379946357, -5.354370661364283, -6.51226379946357, -6.51226379946357, -6.51226379946357, -6.51226379946357, -6.19901606545761, -6.51226379946357, -6.51226379946357, -5.698209130765716, -6.51226379946357, -6.51226379946357, -6.51226379946357, -6.51226379946357, -6.51226379946357, -6.80952822104624, -6.51226379946357, -6.054074984650721, -6.01120760354295, -5.467234026943071, -6.51226379946357, -6.19901606545761, -6.51226379946357, -6.01120760354295, -6.19901606545761, -6.19901606545761, -6.51226379946357, -6.51226379946357, -6.19901606545761, -6.01120760354295, -6.01120760354295, -6.19901606545761, -5.467234026943071, -5.3065386245280965, -5.3065386245280965, -5.467234026943071, -5.06324282832872, -5.853768151288339, -6.51226379946357, -6.51226379946357, -5.467234026943071, -6.51226379946357, -6.51226379946357, -5.467091997467895, -6.51226379946357, -6.51226379946357, -6.51226379946357, -6.51226379946357, -6.51226379946357, -6.51226379946357, -6.295845124445871, -5.585134590801012, -6.285817155291497, -5.517114154449876, -5.118130647932613, -5.108976664044679, -5.3065386245280965, -5.108976664044679, -6.0859947277186865, -5.3065386245280965, -5.3065386245280965, -5.3065386245280965, -5.118130647932613, -5.118130647932613, -5.118130647932613, -5.118130647932613, -5.118130647932613, -6.506695906848393, -7.32156737689104, -5.986923604920009, -7.233701120479219, -6.068919154739615, -6.235042269254711, -6.172700226823395, -5.605953184424053, -5.875701593163059, -6.131261197170931, -6.172700226823395, -6.129728081498385, -6.235042269254711, -6.235042269254711, -6.172700226823395, -6.235042269254711, -6.172700226823395, -6.131261197170931, -5.917673154536788, -6.131261197170931, -7.27369889063908, -6.172700226823395, -6.172700226823395, -6.208005881290548, -6.402914834764614, -6.506695906848393, -6.506695906848393, -6.402914834764614, -6.172700226823395, -6.172700226823395, -6.129728081498385, -6.172700226823395, -6.172700226823395, -6.172700226823395, -6.128751529262936, -6.172700226823395, -6.172700226823395, -6.235042269254711, -6.172700226823395, -6.172700226823395, -6.172700226823395, -6.172700226823395, -6.172700226823395, -6.128751529262936, -6.506695906848393, -6.172700226823395, -6.172700226823395, -6.172700226823395, -5.875701593163059, -6.829258383140881, -6.172700226823395, -5.329820552711988, -6.068919154739615, -6.288063702673993, -6.235042269254711, -6.172700226823395, -6.235042269254711, -5.986923604920009, -6.068919154739615, -6.288063702673993, -6.506695906848393, -6.172700226823395, -6.172700226823395, -6.506695906848393, -6.506695906848393, -6.506695906848393, -6.068919154739615, -6.402914834764614, -6.336386738387344, -6.172700226823395, -6.128751529262936, -6.172700226823395, -6.172700226823395, -6.235042269254711, -6.506695906848393, -6.506695906848393, -6.506695906848393, -6.150759007453587, -6.235042269254711, -6.402914834764614, -6.235042269254711, -6.096621489962852, -6.096621489962852, -6.506695906848393, -6.068919154739615, -6.402914834764614, -6.402914834764614, -6.129728081498385, -6.540216603416905, -6.540216603416905, -6.506695906848393, -6.506695906848393, -6.619470955444517, -6.540216603416905, -6.506695906848393, -6.506695906848393, -6.540216603416905, -6.506695906848393, -6.506695906848393, -6.506695906848393, -6.506695906848393, -6.506695906848393, -5.73700676460208, -6.506695906848393, -6.506695906848393, -6.128751529262936, -6.506695906848393, -6.506695906848393, -6.506695906848393, -6.506695906848393, -6.540216603416905, -6.128751529262936, -5.250566200684376, -6.128751529262936, -6.506695906848393, -6.235042269254711, -6.129728081498385, -6.548441689707507, -6.506695906848393, -6.506695906848393, -6.506695906848393, -6.506695906848393, -6.540216603416905, -6.506695906848393, -6.506695906848393, -6.506695906848393, -6.506695906848393, -6.506695906848393, -6.506695906848393, -6.506695906848393, -6.506695906848393, -5.250566200684376, -6.506695906848393, -6.172700226823395, -6.506695906848393, -5.5725344528738585, -6.506695906848393, -6.506695906848393, -6.548441689707507, -5.250566200684376, -6.506695906848393, -5.250566200684376, -6.506695906848393, -6.172700226823395, -6.172700226823395, -6.506695906848393, -5.250566200684376, -6.172700226823395, -6.506695906848393, -6.506695906848393, -6.506695906848393, -5.250566200684376, -6.172700226823395, -6.172700226823395, -6.172700226823395, -6.172700226823395, -6.172700226823395, -5.250566200684376, -6.506695906848393, -6.172700226823395, -6.172700226823395, -5.473364616301567, -5.1445565189773745, -6.540216603416905, -5.473364616301567, -5.180007701674816, -5.497050741896142, -6.506695906848393, -6.506695906848393, -5.871140881775236, -5.497050741896142, -5.473364616301567, -4.683235123122627, -6.506695906848393, -5.497050741896142, -5.497050741896142, -6.506695906848393, -6.506695906848393, -6.506695906848393, -6.506695906848393, -6.6025774324213025, -6.506695906848393, -6.506695906848393, -6.506695906848393, -5.250566200684376, -6.523491966618287, -6.506695906848393, -6.506695906848393, -5.090931165632358, -6.066128795673497, -5.250566200684376, -5.250566200684376, -5.250566200684376, -5.250566200684376, -5.138263770503603, -5.250566200684376, -5.138263770503603, -5.138263770503603, -5.138263770503603, -5.250566200684376, -5.250566200684376, -6.5185993321887326, -7.302155870520701, -5.809294613519474, -6.142498150353205, -6.062730140013435, -6.142498150353205, -6.668349073708952, -6.142498150353205, -6.142498150353205, -6.1148553283429905, -6.9726199092037575, -6.438831321848962, -6.050228158066069, -6.142498150353205, -6.142498150353205, -6.142498150353205, -6.5185993321887326, -6.1148553283429905, -6.062730140013435, -6.062730140013435, -6.135877968808083, -6.142498150353205, -6.215645979147854, -5.89699055419223, -6.062730140013435, -5.89699055419223, -6.142498150353205, -6.142498150353205, -6.5185993321887326, -6.142498150353205, -6.062730140013435, -6.591949666650104, -6.5185993321887326, -6.1148553283429905, -6.142498150353205, -6.142498150353205, -6.142498150353205, -6.1148553283429905, -5.67960434773178, -6.918418782340341, -6.062730140013435, -6.142498150353205, -6.142498150353205, -6.050228158066069, -6.022440593985551, -7.0766489467230755, -6.1148553283429905, -6.30601931390449, -6.215645979147854, -6.215645979147854, -6.142498150353205, -6.5185993321887326, -6.142498150353205, -6.142498150353205, -6.5185993321887326, -6.062730140013435, -6.062730140013435, -6.062730140013435, -6.26980688981663, -6.142498150353205, -6.142498150353205, -6.5185993321887326, -6.299020600438172, -6.215645979147854, -6.5185993321887326, -6.1148553283429905, -6.928485142552386, -6.521286464081404, -6.521286464081404, -6.215645979147854, -6.438831321848962, -6.438831321848962, -6.142498150353205, -6.5185993321887326, -5.67960434773178, -6.142498150353205, -6.142498150353205, -6.142498150353205, -6.5185993321887326, -6.5185993321887326, -6.5185993321887326, -6.377542620269994, -6.215645979147854, -6.142498150353205, -6.5185993321887326, -5.970138382986878, -6.928485142552386, -6.521286464081404, -6.142498150353205, -6.142498150353205, -6.5185993321887326, -6.5185993321887326, -6.5185993321887326, -6.5185993321887326, -6.050228158066069, -6.142498150353205, -6.142498150353205, -6.5185993321887326, -6.5185993321887326, -6.5185993321887326, -6.5185993321887326, -6.5185993321887326, -6.5185993321887326, -6.5185993321887326, -6.5185993321887326, -6.521286464081404, -6.5185993321887326, -6.5185993321887326, -6.5185993321887326, -6.1148553283429905, -6.5185993321887326, -6.5185993321887326, -6.5185993321887326, -6.5185993321887326, -5.482553408046881, -5.832164810537268, -6.424315015429875, -6.5185993321887326, -6.5185993321887326, -6.5185993321887326, -6.5185993321887326, -6.521286464081404, -6.5185993321887326, -6.5185993321887326, -6.5185993321887326, -6.521286464081404, -6.142498150353205, -6.5185993321887326, -6.299020600438172, -6.142498150353205, -6.5185993321887326, -6.5185993321887326, -6.5185993321887326, -6.5185993321887326, -6.5185993321887326, -6.5185993321887326, -6.5185993321887326, -6.5185993321887326, -6.5185993321887326, -6.5185993321887326, -6.142498150353205, -6.050228158066069, -5.268406026349854, -6.142498150353205, -6.5185993321887326, -6.5185993321887326, -6.424315015429875, -6.5185993321887326, -5.58839299630748, -6.142498150353205, -6.142498150353205, -5.268406026349854, -6.5185993321887326, -6.5185993321887326, -5.268406026349854, -6.142498150353205, -5.268406026349854, -6.142498150353205, -5.268406026349854, -5.6326907892853875, -5.58839299630748, -6.2068495945461795, -5.832164810537268, -5.832164810537268, -6.5185993321887326, -5.692447844627028, -6.5185993321887326, -6.5185993321887326, -6.5185993321887326, -6.5185993321887326, -6.5185993321887326, -5.832164810537268, -5.692447844627028, -5.702791580113043, -5.702791580113043, -6.5185993321887326, -6.5185993321887326, -6.5185993321887326, -6.3459340664813055, -6.3459340664813055, -5.623299343066926, -6.319272194561955, -6.5185993321887326, -6.5185993321887326, -5.579665700513907, -5.579665700513907, -5.095740760642427, -5.095740760642427, -5.115217073914553, -6.2365820638549385, -6.2365820638549385, -5.268406026349854, -5.268406026349854, -5.268406026349854, -5.095740760642427, -5.268406026349854, -5.095740760642427, -5.095740760642427, -5.268406026349854, -5.095740760642427, -5.268406026349854]","0     -7.22
1     -6.21
2     -7.24
3     -5.92
4     -5.96
       ... 
247   -6.00
248   -3.99
249   -5.24
250   -4.77
251   -4.71
Name: Permeability, Length: 252, dtype: float64","[array([-6.53073945, -6.16905115, -6.16905115, -5.8254605 , -5.87641562,
       -6.77910363, -6.046961  , -6.77910363, -5.65040518, -6.16256119,
       -6.09969446, -6.16905115, -6.046961  , -6.16905115, -5.87641562,
       -5.87641562, -6.60383616, -6.60383616, -6.046961  , -6.53073945,
       -6.09969446, -6.23191788, -6.16905115, -5.23208762, -5.87641562,
       -6.09969446, -6.16905115, -6.16905115, -6.17349717, -6.09969446,
       -6.52593923, -6.94694423, -6.16905115, -6.41409301, -6.16905115,
       -6.41409301, -6.16905115, -5.96009819, -6.16905115, -5.87641562,
       -6.17349717, -6.23191788, -6.17349717, -5.23208762, -5.56151156,
       -5.73581218, -6.41409301, -6.16905115, -6.16905115, -5.22134162,
       -6.8612921 , -6.60383616, -6.16905115, -6.16905115, -6.17349717,
       -6.53073945, -6.53073945, -6.41409301, -5.87641562, -6.53073945,
       -6.17349717, -6.41409301, -6.09969446, -6.34379746, -6.09969446,
       -5.55585613, -6.48002404, -5.8803878 , -6.16905115, -6.53073945,
       -6.23191788, -6.53073945, -6.16905115, -6.53073945, -6.09969446,
       -6.09969446, -6.09969446, -6.16905115, -6.53073945, -6.53073945,
       -6.17349717, -6.23191788, -6.16905115, -6.30373483, -6.23191788,
       -6.23191788, -6.53073945, -6.16256119, -6.53073945, -6.53073945,
       -6.48199492, -6.48199492, -6.34379746, -6.41409301, -5.87641562,
       -6.48199492, -6.16905115, -6.53073945, -6.16905115, -6.16905115,
       -6.53073945, -6.53073945, -6.48199492, -6.23191788, -6.41409301,
       -6.16905115, -6.16905115, -6.53073945, -6.53073945, -6.53073945,
       -6.046961  , -6.41409301, -6.53073945, -5.94325453, -6.48199492,
       -6.53073945, -6.53073945, -6.53073945, -6.53073945, -6.53073945,
       -6.53073945, -6.53073945, -6.23191788, -6.53073945, -6.0091142 ,
       -6.17546805, -6.53073945, -6.53073945, -6.53073945, -6.53073945,
       -6.53073945, -6.48199492, -6.16256119, -6.53073945, -6.53073945,
       -6.53073945, -6.53073945, -5.8803878 , -6.53073945, -7.30246694,
       -6.53073945, -6.17349717, -6.60383616, -6.48199492, -6.53073945,
       -5.23208762, -6.53073945, -6.17349717, -6.16905115, -6.53073945,
       -6.53073945, -6.53073945, -6.53073945, -5.23208762, -6.53073945,
       -6.53073945, -6.53073945, -6.16905115, -6.17546805, -6.53073945,
       -6.16905115, -6.53073945, -6.53073945, -6.53073945, -6.30373483,
       -6.53073945, -6.53073945, -6.53073945, -6.16905115, -6.53073945,
       -6.53073945, -5.23208762, -6.53073945, -6.16905115, -6.53073945,
       -6.46726593, -6.16905115, -6.16905115, -6.46726593, -6.10865634,
       -6.046961  , -6.53073945, -6.16905115, -6.53073945, -5.23208762,
       -6.53073945, -6.53073945, -6.53073945, -6.16905115, -5.87641562,
       -6.16905115, -6.16905115, -6.046961  , -5.23208762, -6.53073945,
       -6.046961  , -6.53073945, -5.47305435, -6.16905115, -6.16905115,
       -6.16905115, -6.16905115, -6.53073945, -5.47305435, -5.33898467,
       -6.79553055, -5.7592498 , -6.79553055, -6.05014793, -5.65040518,
       -6.53073945, -6.53073945, -6.53073945, -6.53073945, -6.53073945,
       -6.05014793, -5.65040518, -5.47305435, -4.99787725, -5.49784448,
       -5.65040518, -4.86872182, -6.53073945, -6.53073945, -6.53073945,
       -6.53073945, -6.53073945, -6.16905115, -6.53073945, -6.54385992,
       -6.53073945, -6.17574684, -5.51374912, -5.38456176, -5.23208762,
       -5.05213157, -5.23208762, -5.05213157, -6.36140898, -5.23208762,
       -5.0589312 , -5.23208762, -5.23208762, -5.23208762, -5.23208762,
       -5.23208762, -5.23208762, -5.0589312 , -5.23208762, -5.0589312 ,
       -5.0589312 , -5.0589312 ]), array([-6.48814864, -6.1924579 , -6.1924579 , -5.92839043, -5.83826633,
       -6.86156898, -6.1473237 , -6.86156898, -5.45890573, -6.0854189 ,
       -6.07763865, -6.1924579 , -6.1473237 , -6.1924579 , -5.83826633,
       -5.83826633, -6.38628149, -6.38628149, -6.1473237 , -6.48814864,
       -6.07763865, -6.20023814, -6.1924579 , -5.31553055, -5.83826633,
       -6.07763865, -6.1924579 , -6.1924579 , -6.18936728, -6.07763865,
       -6.77010221, -6.91252906, -6.1924579 , -6.35060647, -6.1924579 ,
       -6.35060647, -6.1924579 , -6.0059894 , -6.1924579 , -5.83826633,
       -6.18936728, -6.20023814, -6.18936728, -5.31553055, -5.76471745,
       -5.9286357 , -6.35060647, -6.1924579 , -6.1924579 , -5.44871212,
       -6.90971264, -6.38628149, -6.1924579 , -6.1924579 , -6.18936728,
       -6.48814864, -6.48814864, -6.35060647, -5.83826633, -6.48814864,
       -6.18936728, -6.35060647, -6.07763865, -6.15510395, -6.07763865,
       -4.91724613, -6.4104778 , -5.92452624, -6.1924579 , -6.48814864,
       -6.20023814, -6.48814864, -6.1924579 , -6.48814864, -6.07763865,
       -6.07763865, -6.07763865, -6.1924579 , -6.48814864, -6.48814864,
       -6.18936728, -6.20023814, -6.1924579 , -6.48036839, -6.20023814,
       -6.20023814, -6.48814864, -6.0854189 , -6.48814864, -6.48814864,
       -6.28830359, -6.28830359, -6.15510395, -6.35060647, -5.83826633,
       -6.28830359, -6.1924579 , -6.48814864, -6.1924579 , -6.1924579 ,
       -6.48814864, -6.48814864, -6.28830359, -6.20023814, -6.35060647,
       -6.1924579 , -6.1924579 , -6.48814864, -6.48814864, -6.48814864,
       -6.1473237 , -6.35060647, -6.48814864, -5.93230649, -6.28830359,
       -6.48814864, -6.48814864, -6.48814864, -6.48814864, -6.48814864,
       -6.48814864, -6.48814864, -6.20023814, -6.48814864, -5.84604658,
       -6.14658442, -6.48814864, -6.48814864, -6.48814864, -6.48814864,
       -6.48814864, -6.28830359, -6.0854189 , -6.48814864, -6.48814864,
       -6.48814864, -6.48814864, -5.92452624, -6.48814864, -7.3730501 ,
       -6.48814864, -6.18936728, -6.38628149, -6.28830359, -6.48814864,
       -5.31553055, -6.48814864, -6.18936728, -6.1924579 , -6.48814864,
       -6.48814864, -6.48814864, -6.48814864, -5.31553055, -6.48814864,
       -6.48814864, -6.48814864, -6.1924579 , -6.14658442, -6.48814864,
       -6.1924579 , -6.48814864, -6.48814864, -6.48814864, -6.48036839,
       -6.48814864, -6.48814864, -6.48814864, -6.1924579 , -6.48814864,
       -6.48814864, -5.31553055, -6.48814864, -6.1924579 , -6.48814864,
       -6.48814864, -6.1924579 , -6.1924579 , -6.48814864, -6.35109878,
       -6.1473237 , -6.48814864, -6.1924579 , -6.48814864, -5.31553055,
       -6.48814864, -6.48814864, -6.48814864, -6.1924579 , -5.83826633,
       -6.1924579 , -6.1924579 , -6.1473237 , -5.31553055, -6.48814864,
       -6.1473237 , -6.48814864, -5.57992357, -6.1924579 , -6.1924579 ,
       -6.1924579 , -6.1924579 , -6.48814864, -5.57992357, -5.0265629 ,
       -6.46265672, -5.47900325, -6.46265672, -5.92506239, -5.45890573,
       -6.48814864, -6.48814864, -6.48814864, -6.48814864, -6.48814864,
       -5.92506239, -5.45890573, -5.57992357, -4.99595583, -5.47900325,
       -5.45890573, -5.14220785, -6.48814864, -6.48814864, -6.48814864,
       -6.48814864, -6.48814864, -6.1924579 , -6.48814864, -6.51793468,
       -6.48814864, -6.23377755, -5.55452171, -5.41791091, -5.31553055,
       -5.10906377, -5.31553055, -5.10906377, -6.19422474, -5.31553055,
       -5.10365928, -5.31553055, -5.31553055, -5.31553055, -5.31553055,
       -5.31553055, -5.31553055, -5.10365928, -5.31553055, -5.10365928,
       -5.10365928, -5.10365928]), array([-6.5122638 , -6.19901607, -6.19901607, -6.06305467, -5.93324869,
       -6.84450382, -6.0112076 , -6.84450382, -5.467092  , -6.16088405,
       -6.14437039, -6.19901607, -6.0112076 , -6.19901607, -5.93324869,
       -5.93324869, -6.55999475, -6.55999475, -6.0112076 , -6.5122638 ,
       -6.14437039, -6.21552973, -6.19901607, -5.30653862, -5.93324869,
       -6.14437039, -6.19901607, -6.19901607, -6.07013822, -6.14437039,
       -6.92632366, -6.99303414, -6.19901607, -6.45761812, -6.19901607,
       -6.45761812, -6.19901607, -6.0391157 , -6.19901607, -5.93324869,
       -6.07013822, -6.21552973, -6.07013822, -5.30653862, -5.44980416,
       -5.98178289, -6.45761812, -6.19901607, -6.19901607, -5.48486342,
       -6.97916827, -6.55999475, -6.19901607, -6.19901607, -6.07013822,
       -6.5122638 , -6.5122638 , -6.45761812, -5.93324869, -6.5122638 ,
       -6.07013822, -6.45761812, -6.14437039, -6.08217007, -6.14437039,
       -4.93883145, -6.37740739, -5.91190729, -6.19901607, -6.5122638 ,
       -6.21552973, -6.5122638 , -6.19901607, -6.5122638 , -6.14437039,
       -6.14437039, -6.14437039, -6.19901607, -6.5122638 , -6.5122638 ,
       -6.07013822, -6.21552973, -6.19901607, -6.44130133, -6.21552973,
       -6.21552973, -6.5122638 , -6.16088405, -6.5122638 , -6.5122638 ,
       -6.38979635, -6.38979635, -6.08217007, -6.45761812, -5.93324869,
       -6.38979635, -6.19901607, -6.5122638 , -6.19901607, -6.19901607,
       -6.5122638 , -6.5122638 , -6.38979635, -6.21552973, -6.45761812,
       -6.19901607, -6.19901607, -6.5122638 , -6.5122638 , -6.5122638 ,
       -6.0112076 , -6.45761812, -6.5122638 , -5.92842095, -6.38979635,
       -6.5122638 , -6.5122638 , -6.5122638 , -6.5122638 , -6.5122638 ,
       -6.5122638 , -6.5122638 , -6.21552973, -6.5122638 , -5.94976235,
       -6.08252718, -6.5122638 , -6.5122638 , -6.5122638 , -6.5122638 ,
       -6.5122638 , -6.38979635, -6.16088405, -6.5122638 , -6.5122638 ,
       -6.5122638 , -6.5122638 , -5.91190729, -6.5122638 , -7.24090466,
       -6.5122638 , -6.07013822, -6.55999475, -6.38979635, -6.5122638 ,
       -5.30653862, -6.5122638 , -6.07013822, -6.19901607, -6.5122638 ,
       -6.5122638 , -6.5122638 , -6.5122638 , -5.30653862, -6.5122638 ,
       -6.5122638 , -6.5122638 , -6.19901607, -6.08252718, -6.5122638 ,
       -6.19901607, -6.5122638 , -6.5122638 , -6.5122638 , -6.44130133,
       -6.5122638 , -6.5122638 , -6.5122638 , -6.19901607, -6.5122638 ,
       -6.5122638 , -5.30653862, -6.5122638 , -6.19901607, -6.5122638 ,
       -6.5122638 , -6.19901607, -6.19901607, -6.5122638 , -6.05407498,
       -6.0112076 , -6.5122638 , -6.19901607, -6.5122638 , -5.30653862,
       -6.5122638 , -6.5122638 , -6.5122638 , -6.19901607, -5.93324869,
       -6.19901607, -6.19901607, -6.0112076 , -5.30653862, -6.5122638 ,
       -6.0112076 , -6.5122638 , -5.46723403, -6.19901607, -6.19901607,
       -6.19901607, -6.19901607, -6.5122638 , -5.46723403, -4.89485106,
       -6.41467206, -5.6785913 , -6.41467206, -6.0436857 , -5.467092  ,
       -6.5122638 , -6.5122638 , -6.5122638 , -6.5122638 , -6.5122638 ,
       -6.0436857 , -5.467092  , -5.46723403, -4.97764665, -5.6138609 ,
       -5.467092  , -5.26250651, -6.5122638 , -6.5122638 , -6.5122638 ,
       -6.5122638 , -6.5122638 , -6.19901607, -6.5122638 , -6.5697525 ,
       -6.5122638 , -6.22555769, -5.51711415, -5.35437066, -5.30653862,
       -5.10897666, -5.30653862, -5.10897666, -6.08599473, -5.30653862,
       -5.11813065, -5.30653862, -5.30653862, -5.30653862, -5.30653862,
       -5.30653862, -5.30653862, -5.11813065, -5.30653862, -5.11813065,
       -5.11813065, -5.11813065]), array([-6.50669591, -6.17270023, -6.17270023, -5.91680385, -5.87570159,
       -6.86834889, -6.12972808, -6.86834889, -5.49705074, -6.1312612 ,
       -6.06891915, -6.17270023, -6.12972808, -6.17270023, -5.87570159,
       -5.87570159, -6.61947096, -6.61947096, -6.12972808, -6.50669591,
       -6.06891915, -6.23504227, -6.17270023, -5.2505662 , -5.87570159,
       -6.06891915, -6.17270023, -6.17270023, -6.12875153, -6.06891915,
       -6.87572204, -6.82925838, -6.17270023, -6.40291483, -6.17270023,
       -6.40291483, -6.17270023, -6.07701363, -6.17270023, -5.87570159,
       -6.12875153, -6.23504227, -6.12875153, -5.2505662 , -5.76044961,
       -5.89952077, -6.40291483, -6.17270023, -6.17270023, -5.49388052,
       -6.85127659, -6.61947096, -6.17270023, -6.17270023, -6.12875153,
       -6.50669591, -6.50669591, -6.40291483, -5.87570159, -6.50669591,
       -6.12875153, -6.40291483, -6.06891915, -6.2880637 , -6.06891915,
       -4.98245436, -6.51820913, -6.06341365, -6.17270023, -6.50669591,
       -6.23504227, -6.50669591, -6.17270023, -6.50669591, -6.06891915,
       -6.06891915, -6.06891915, -6.17270023, -6.50669591, -6.50669591,
       -6.12875153, -6.23504227, -6.17270023, -6.39724025, -6.23504227,
       -6.23504227, -6.50669591, -6.1312612 , -6.50669591, -6.50669591,
       -6.5402166 , -6.5402166 , -6.2880637 , -6.40291483, -5.87570159,
       -6.5402166 , -6.17270023, -6.50669591, -6.17270023, -6.17270023,
       -6.50669591, -6.50669591, -6.5402166 , -6.23504227, -6.40291483,
       -6.17270023, -6.17270023, -6.50669591, -6.50669591, -6.50669591,
       -6.12972808, -6.40291483, -6.50669591, -6.09662149, -6.5402166 ,
       -6.50669591, -6.50669591, -6.50669591, -6.50669591, -6.50669591,
       -6.50669591, -6.50669591, -6.23504227, -6.50669591, -5.9869236 ,
       -6.15075901, -6.50669591, -6.50669591, -6.50669591, -6.50669591,
       -6.50669591, -6.5402166 , -6.1312612 , -6.50669591, -6.50669591,
       -6.50669591, -6.50669591, -6.06341365, -6.50669591, -7.27369889,
       -6.50669591, -6.12875153, -6.61947096, -6.5402166 , -6.50669591,
       -5.2505662 , -6.50669591, -6.12875153, -6.17270023, -6.50669591,
       -6.50669591, -6.50669591, -6.50669591, -5.2505662 , -6.50669591,
       -6.50669591, -6.50669591, -6.17270023, -6.15075901, -6.50669591,
       -6.17270023, -6.50669591, -6.50669591, -6.50669591, -6.39724025,
       -6.50669591, -6.50669591, -6.50669591, -6.17270023, -6.50669591,
       -6.50669591, -5.2505662 , -6.50669591, -6.17270023, -6.50669591,
       -6.54844169, -6.17270023, -6.17270023, -6.54844169, -6.23043628,
       -6.12972808, -6.50669591, -6.17270023, -6.50669591, -5.2505662 ,
       -6.50669591, -6.50669591, -6.50669591, -6.17270023, -5.87570159,
       -6.17270023, -6.17270023, -6.12972808, -5.2505662 , -6.50669591,
       -6.12972808, -6.50669591, -5.47336462, -6.17270023, -6.17270023,
       -6.17270023, -6.17270023, -6.50669591, -5.47336462, -5.03261078,
       -6.44360688, -5.32982055, -6.44360688, -5.87114088, -5.49705074,
       -6.50669591, -6.50669591, -6.50669591, -6.50669591, -6.50669591,
       -5.87114088, -5.49705074, -5.47336462, -4.68323512, -5.32982055,
       -5.49705074, -5.06615208, -6.50669591, -6.50669591, -6.50669591,
       -6.50669591, -6.50669591, -6.17270023, -6.50669591, -6.52349197,
       -6.50669591, -6.24133502, -5.53699615, -5.52669883, -5.2505662 ,
       -5.09093117, -5.2505662 , -5.09093117, -6.0661288 , -5.2505662 ,
       -5.13826377, -5.2505662 , -5.2505662 , -5.2505662 , -5.2505662 ,
       -5.2505662 , -5.2505662 , -5.13826377, -5.2505662 , -5.13826377,
       -5.13826377, -5.13826377]), array([-6.51859933, -6.14249815, -6.14249815, -5.94774694, -5.89699055,
       -5.80929461, -6.05022816, -5.80929461, -5.69244784, -6.13587797,
       -6.06273014, -6.14249815, -6.05022816, -6.14249815, -5.89699055,
       -5.89699055, -6.59194967, -6.59194967, -6.05022816, -6.51859933,
       -6.06273014, -6.21564598, -6.14249815, -5.26840603, -5.89699055,
       -6.06273014, -6.14249815, -6.14249815, -6.11485533, -6.06273014,
       -6.97261991, -6.92848514, -6.14249815, -6.43883132, -6.14249815,
       -6.43883132, -6.14249815, -6.00306596, -6.14249815, -5.89699055,
       -6.11485533, -6.21564598, -6.11485533, -5.26840603, -5.48255341,
       -5.91145352, -6.43883132, -6.14249815, -6.14249815, -5.5632265 ,
       -6.98195918, -6.59194967, -6.14249815, -6.14249815, -6.11485533,
       -6.51859933, -6.51859933, -6.43883132, -5.89699055, -6.51859933,
       -6.11485533, -6.43883132, -6.06273014, -6.26980689, -6.06273014,
       -4.94211789, -6.37754262, -5.91009787, -6.14249815, -6.51859933,
       -6.21564598, -6.51859933, -6.14249815, -6.51859933, -6.06273014,
       -6.06273014, -6.06273014, -6.14249815, -6.51859933, -6.51859933,
       -6.11485533, -6.21564598, -6.14249815, -6.2990206 , -6.21564598,
       -6.21564598, -6.51859933, -6.13587797, -6.51859933, -6.51859933,
       -6.52128646, -6.52128646, -6.26980689, -6.43883132, -5.89699055,
       -6.52128646, -6.14249815, -6.51859933, -6.14249815, -6.14249815,
       -6.51859933, -6.51859933, -6.52128646, -6.21564598, -6.43883132,
       -6.14249815, -6.14249815, -6.51859933, -6.51859933, -6.51859933,
       -6.05022816, -6.43883132, -6.51859933, -5.92323838, -6.52128646,
       -6.51859933, -6.51859933, -6.51859933, -6.51859933, -6.51859933,
       -6.51859933, -6.51859933, -6.21564598, -6.51859933, -5.97013838,
       -6.25859917, -6.51859933, -6.51859933, -6.51859933, -6.51859933,
       -6.51859933, -6.52128646, -6.13587797, -6.51859933, -6.51859933,
       -6.51859933, -6.51859933, -5.91009787, -6.51859933, -7.07664895,
       -6.51859933, -6.11485533, -6.59194967, -6.52128646, -6.51859933,
       -5.26840603, -6.51859933, -6.11485533, -6.14249815, -6.51859933,
       -6.51859933, -6.51859933, -6.51859933, -5.26840603, -6.51859933,
       -6.51859933, -6.51859933, -6.14249815, -6.25859917, -6.51859933,
       -6.14249815, -6.51859933, -6.51859933, -6.51859933, -6.2990206 ,
       -6.51859933, -6.51859933, -6.51859933, -6.14249815, -6.51859933,
       -6.51859933, -5.26840603, -6.51859933, -6.14249815, -6.51859933,
       -6.42431502, -6.14249815, -6.14249815, -6.42431502, -6.14545903,
       -6.05022816, -6.51859933, -6.14249815, -6.51859933, -5.26840603,
       -6.51859933, -6.51859933, -6.51859933, -6.14249815, -5.89699055,
       -6.14249815, -6.14249815, -6.05022816, -5.26840603, -6.51859933,
       -6.05022816, -6.51859933, -5.588393  , -6.14249815, -6.14249815,
       -6.14249815, -6.14249815, -6.51859933, -5.588393  , -4.86444353,
       -6.20684959, -5.70569405, -6.20684959, -5.83216481, -5.69244784,
       -6.51859933, -6.51859933, -6.51859933, -6.51859933, -6.51859933,
       -5.83216481, -5.69244784, -5.588393  , -5.70279158, -5.63530655,
       -5.69244784, -5.31562502, -6.51859933, -6.51859933, -6.51859933,
       -6.51859933, -6.51859933, -6.14249815, -6.51859933, -6.34593407,
       -6.51859933, -6.20363877, -5.5796657 , -5.31270382, -5.26840603,
       -5.11521707, -5.26840603, -5.11521707, -6.23658206, -5.26840603,
       -5.09574076, -5.26840603, -5.26840603, -5.26840603, -5.26840603,
       -5.26840603, -5.26840603, -5.09574076, -5.26840603, -5.09574076,
       -5.09574076, -5.09574076])]","[-6.51128943 -6.1751447  -6.1751447  -5.93629128 -5.88412456 -6.63256399
 -6.07708971 -6.63256399 -5.5531803  -6.13520066 -6.09067056 -6.1751447
 -6.07708971 -6.1751447  -5.88412456 -5.88412456 -6.5523066  -6.5523066
 -6.07708971 -6.51128943 -6.09067056 -6.2196748  -6.1751447  -5.2746258
 -5.88412456 -6.09067056 -6.1751447  -6.1751447  -6.13532191 -6.09067056
 -6.81414141 -6.92205019 -6.1751447  -6.41281275 -6.1751447  -6.41281275
 -6.1751447  -6.01705658 -6.1751447  -5.88412456 -6.13532191 -6.2196748
 -6.13532191 -5.2746258  -5.60380724 -5.89144101 -6.41281275 -6.1751447
 -6.1751447  -5.44240484 -6.91668176 -6.5523066  -6.1751447  -6.1751447
 -6.13532191 -6.51128943 -6.51128943 -6.41281275 -5.88412456 -6.51128943
 -6.13532191 -6.41281275 -6.09067056 -6.22778842 -6.09067056 -5.06730119
 -6.4327322  -5.93806657 -6.1751447  -6.51128943 -6.2196748  -6.51128943
 -6.1751447  -6.51128943 -6.09067056 -6.09067056 -6.09067056 -6.1751447
 -6.51128943 -6.51128943 -6.13532191 -6.2196748  -6.1751447  -6.38433308
 -6.2196748  -6.2196748  -6.51128943 -6.13520066 -6.51128943 -6.51128943
 -6.44431959 -6.44431959 -6.22778842 -6.41281275 -5.88412456 -6.44431959
 -6.1751447  -6.51128943 -6.1751447  -6.1751447  -6.51128943 -6.51128943
 -6.44431959 -6.2196748  -6.41281275 -6.1751447  -6.1751447  -6.51128943
 -6.51128943 -6.51128943 -6.07708971 -6.41281275 -6.51128943 -5.96476837
 -6.44431959 -6.51128943 -6.51128943 -6.51128943 -6.51128943 -6.51128943
 -6.51128943 -6.51128943 -6.2196748  -6.51128943 -5.95239702 -6.16278757
 -6.51128943 -6.51128943 -6.51128943 -6.51128943 -6.51128943 -6.44431959
 -6.13520066 -6.51128943 -6.51128943 -6.51128943 -6.51128943 -5.93806657
 -6.51128943 -7.25335391 -6.51128943 -6.13532191 -6.5523066  -6.44431959
 -6.51128943 -5.2746258  -6.51128943 -6.13532191 -6.1751447  -6.51128943
 -6.51128943 -6.51128943 -6.51128943 -5.2746258  -6.51128943 -6.51128943
 -6.51128943 -6.1751447  -6.16278757 -6.51128943 -6.1751447  -6.51128943
 -6.51128943 -6.51128943 -6.38433308 -6.51128943 -6.51128943 -6.51128943
 -6.1751447  -6.51128943 -6.51128943 -5.2746258  -6.51128943 -6.1751447
 -6.51128943 -6.48808702 -6.1751447  -6.1751447  -6.48808702 -6.17794508
 -6.07708971 -6.51128943 -6.1751447  -6.51128943 -5.2746258  -6.51128943
 -6.51128943 -6.51128943 -6.1751447  -5.88412456 -6.1751447  -6.1751447
 -6.07708971 -5.2746258  -6.51128943 -6.07708971 -6.51128943 -5.51639391
 -6.1751447  -6.1751447  -6.1751447  -6.1751447  -6.51128943 -5.51639391
 -5.03149059 -6.46466316 -5.59047179 -6.46466316 -5.94444034 -5.5531803
 -6.51128943 -6.51128943 -6.51128943 -6.51128943 -6.51128943 -5.94444034
 -5.5531803  -5.51639391 -5.07150129 -5.51116715 -5.5531803  -5.13104266
 -6.51128943 -6.51128943 -6.51128943 -6.51128943 -6.51128943 -6.1751447
 -6.51128943 -6.50019463 -6.51128943 -6.21601117 -5.54040937 -5.3992492
 -5.2746258  -5.09526405 -5.2746258  -5.09526405 -6.18886786 -5.2746258
 -5.10294513 -5.2746258  -5.2746258  -5.2746258  -5.2746258  -5.2746258
 -5.2746258  -5.10294513 -5.2746258  -5.10294513 -5.10294513 -5.10294513]","[0.01406616 0.01989217 0.01989217 0.07606028 0.03102278 0.41284443
 0.05229406 0.41284443 0.0982828  0.02793721 0.02962676 0.01989217
 0.05229406 0.01989217 0.03102278 0.03102278 0.08527762 0.08527762
 0.05229406 0.01406616 0.02962676 0.01262734 0.01989217 0.03199586
 0.03102278 0.02962676 0.01989217 0.01989217 0.04263617 0.02962676
 0.15905497 0.05366715 0.01989217 0.03647936 0.01989217 0.03647936
 0.01989217 0.0390997  0.01989217 0.03102278 0.04263617 0.01262734
 0.04263617 0.03199586 0.13463825 0.08274203 0.03647936 0.01989217
 0.01989217 0.11658394 0.05578553 0.08527762 0.01989217 0.01989217
 0.04263617 0.01406616 0.01406616 0.03647936 0.03102278 0.01406616
 0.04263617 0.03647936 0.02962676 0.09523077 0.02962676 0.24518433
 0.05682395 0.06432515 0.01989217 0.01406616 0.01262734 0.01406616
 0.01989217 0.01406616 0.02962676 0.02962676 0.02962676 0.01989217
 0.01406616 0.01406616 0.04263617 0.01262734 0.01989217 0.07267607
 0.01262734 0.01262734 0.01406616 0.02793721 0.01406616 0.01406616
 0.09365185 0.09365185 0.09523077 0.03647936 0.03102278 0.09365185
 0.01989217 0.01406616 0.01989217 0.01989217 0.01406616 0.01406616
 0.09365185 0.01262734 0.03647936 0.01989217 0.01989217 0.01406616
 0.01406616 0.01406616 0.05229406 0.03647936 0.01406616 0.06625366
 0.09365185 0.01406616 0.01406616 0.01406616 0.01406616 0.01406616
 0.01406616 0.01406616 0.01262734 0.01406616 0.05664104 0.05690275
 0.01406616 0.01406616 0.01406616 0.01406616 0.01406616 0.09365185
 0.02793721 0.01406616 0.01406616 0.01406616 0.01406616 0.06432515
 0.01406616 0.09852189 0.01406616 0.04263617 0.08527762 0.09365185
 0.01406616 0.03199586 0.01406616 0.04263617 0.01989217 0.01406616
 0.01406616 0.01406616 0.01406616 0.03199586 0.01406616 0.01406616
 0.01406616 0.01989217 0.05690275 0.01406616 0.01989217 0.01406616
 0.01406616 0.01406616 0.07267607 0.01406616 0.01406616 0.01406616
 0.01989217 0.01406616 0.01406616 0.03199586 0.01406616 0.01989217
 0.01406616 0.0417794  0.01989217 0.01989217 0.0417794  0.10386299
 0.05229406 0.01406616 0.01989217 0.01406616 0.03199586 0.01406616
 0.01406616 0.01406616 0.01989217 0.03102278 0.01989217 0.01989217
 0.05229406 0.03199586 0.01406616 0.05229406 0.01406616 0.0554372
 0.01989217 0.01989217 0.01989217 0.01989217 0.01406616 0.0554372
 0.16801978 0.18914945 0.16117788 0.18914945 0.0887444  0.0982828
 0.01406616 0.01406616 0.01406616 0.01406616 0.01406616 0.0887444
 0.0982828  0.0554372  0.33740609 0.10959489 0.0982828  0.15779801
 0.01406616 0.01406616 0.01406616 0.01406616 0.01406616 0.01989217
 0.01406616 0.07924488 0.01406616 0.02375866 0.02451654 0.07254182
 0.03199586 0.02304681 0.03199586 0.02304681 0.1074463  0.03199586
 0.02633494 0.03199586 0.03199586 0.03199586 0.03199586 0.03199586
 0.03199586 0.02633494 0.03199586 0.02633494 0.02633494 0.02633494]"
4,AdaBoostRegressor,"[-6.421179245283013, -6.470597402597407, -6.470597402597407, -5.220940536398376, -6.267238372093021, -6.267238372093021, -5.220940536398376, -6.267238372093021, -6.421179245283013, -6.267238372093021, -6.267238372093021, -6.162791878172591, -6.267238372093021, -5.220940536398376, -6.377161016949142, -6.267238372093021, -6.267238372093021, -6.267238372093021, -6.421179245283013, -6.421179245283013, -6.421179245283013, -6.267238372093021, -6.347955326460469, -6.287000194087719, -6.347955326460469, -6.162791878172591, -6.470597402597407, -6.162791878172591, -6.421179245283013, -6.470597402597407, -6.420811036789282, -6.162791878172591, -6.267238372093021, -6.267238372093021, -6.347955326460469, -6.267238372093021, -6.162791878172591, -6.16973557692308, -6.421179245283013, -6.406450439916663, -6.267238372093021, -6.267238372093021, -6.420811036789282, -6.3667324185248635, -6.267238372093021, -6.267238372093021, -6.421179245283013, -6.421179245283013, -6.267238372093021, -6.421179245283013, -6.421179245283013, -6.267238372093021, -6.347955326460469, -6.377161016949142, -6.421179245283013, -6.267238372093021, -6.421179245283013, -6.421179245283013, -6.421179245283013, -6.16973557692308, -6.267238372093021, -6.421179245283013, -6.267238372093021, -6.287000194087719, -6.267238372093021, -6.267238372093021, -6.347955326460469, -6.347955326460469, -6.267238372093021, -6.347955326460469, -6.421179245283013, -6.267238372093021, -6.267238372093021, -6.421179245283013, -6.406450439916663, -6.420811036789282, -6.421179245283013, -6.421179245283013, -6.420811036789282, -6.267238372093021, -6.267238372093021, -6.267238372093021, -6.377161016949142, -6.421179245283013, -6.421179245283013, -6.347955326460469, -6.421179245283013, -6.421179245283013, -6.421179245283013, -6.267238372093021, -6.267238372093021, -6.420811036789282, -6.421179245283013, -6.421179245283013, -6.3667324185248635, -6.347955326460469, -6.421179245283013, -6.421179245283013, -6.421179245283013, -6.421179245283013, -6.421179245283013, -6.421179245283013, -5.220940536398376, -6.421179245283013, -6.421179245283013, -6.470597402597407, -6.347955326460469, -6.420811036789282, -6.267238372093021, -6.421179245283013, -6.421179245283013, -6.421179245283013, -6.421179245283013, -6.287000194087719, -6.287000194087719, -6.421179245283013, -6.421179245283013, -6.421179245283013, -6.421179245283013, -6.421179245283013, -6.406450439916663, -6.421179245283013, -6.421179245283013, -6.421179245283013, -6.421179245283013, -6.421179245283013, -6.162791878172591, -6.267238372093021, -6.267238372093021, -6.421179245283013, -6.421179245283013, -6.421179245283013, -6.421179245283013, -6.421179245283013, -6.421179245283013, -6.421179245283013, -6.421179245283013, -6.421179245283013, -6.421179245283013, -6.421179245283013, -6.3667324185248635, -5.326948841266184, -6.421179245283013, -6.421179245283013, -6.421179245283013, -6.162791878172591, -6.267238372093021, -5.220940536398376, -6.421179245283013, -6.421179245283013, -6.421179245283013, -6.421179245283013, -6.421179245283013, -6.421179245283013, -5.326948841266184, -5.220940536398376, -6.267238372093021, -6.421179245283013, -5.220940536398376, -6.267238372093021, -6.421179245283013, -6.267238372093021, -5.326948841266184, -5.326948841266184, -5.326948841266184, -6.470597402597407, -5.220940536398376, -5.220940536398376, -5.220940536398376, -5.220940536398376, -5.326948841266184, -5.220940536398376, -6.421179245283013, -6.421179245283013, -6.421179245283013, -5.220940536398376, -5.326948841266184, -6.421179245283013, -6.421179245283013, -5.220940536398376, -6.421179245283013, -6.421179245283013, -6.421179245283013, -5.220940536398376, -5.220940536398376, -6.267238372093021, -6.347955326460469, -5.326948841266184, -6.421179245283013, -6.421179245283013, -5.326948841266184, -5.326948841266184, -5.220940536398376, -5.220940536398376, -5.220940536398376, -5.220940536398376, -5.220940536398376, -5.220940536398376, -5.220940536398376, -5.220940536398376, -5.220940536398376, -5.220940536398376, -6.581196581196577, -6.581196581196577, -6.38502101226556, -6.315576592082602, -6.315576592082602, -6.315576592082602, -6.315576592082602, -6.315576592082602, -6.315576592082602, -6.315576592082602, -6.315576592082602, -6.315576592082602, -6.315576592082602, -6.38502101226556, -6.315576592082602, -6.38502101226556, -6.315576592082602, -6.315576592082602, -6.315576592082602, -5.285344976650408, -6.315576592082602, -6.320959933222023, -6.315576592082602, -6.315576592082602, -6.315576592082602, -6.315576592082602, -6.38502101226556, -6.320959933222023, -6.342986625895836, -6.315576592082602, -6.315576592082602, -6.315576592082602, -6.315576592082602, -6.38502101226556, -6.38502101226556, -6.581196581196577, -6.342986625895836, -6.38502101226556, -6.315576592082602, -6.378806128149999, -6.315576592082602, -6.315576592082602, -6.315576592082602, -6.38502101226556, -6.378806128149999, -6.38502101226556, -6.342986625895836, -6.315576592082602, -6.342986625895836, -6.315576592082602, -6.315576592082602, -6.581196581196577, -6.315576592082602, -6.315576592082602, -6.581196581196577, -6.315576592082602, -6.342986625895836, -6.315576592082602, -6.315576592082602, -6.315576592082602, -5.285344976650408, -6.315576592082602, -6.315576592082602, -6.315576592082602, -6.38502101226556, -6.315576592082602, -6.342986625895836, -6.378806128149999, -6.342986625895836, -6.342986625895836, -6.315576592082602, -6.38502101226556, -6.38502101226556, -6.378806128149999, -6.320959933222023, -6.315576592082602, -6.315576592082602, -6.38502101226556, -6.38502101226556, -6.378806128149999, -6.38502101226556, -6.38502101226556, -6.38502101226556, -6.38502101226556, -6.38502101226556, -5.343354661654406, -6.315576592082602, -6.315576592082602, -6.38502101226556, -6.378806128149999, -6.315576592082602, -6.38502101226556, -6.378806128149999, -6.38502101226556, -6.38502101226556, -6.38502101226556, -6.38502101226556, -6.38502101226556, -6.315576592082602, -6.38502101226556, -6.38502101226556, -6.38502101226556, -5.285344976650408, -6.342986625895836, -6.342986625895836, -6.38502101226556, -6.38502101226556, -6.342986625895836, -6.38502101226556, -6.378806128149999, -6.38502101226556, -6.38502101226556, -6.38502101226556, -5.285344976650408, -6.378806128149999, -6.38502101226556, -6.315576592082602, -6.38502101226556, -6.38502101226556, -6.315576592082602, -6.38502101226556, -6.38502101226556, -6.38502101226556, -6.315576592082602, -6.38502101226556, -6.38502101226556, -6.315576592082602, -6.315576592082602, -6.38502101226556, -6.38502101226556, -6.38502101226556, -6.320959933222023, -6.346956500369202, -6.38502101226556, -6.315576592082602, -5.453844254884059, -6.320959933222023, -6.38502101226556, -6.38502101226556, -5.453844254884059, -6.38502101226556, -6.38502101226556, -6.38502101226556, -6.346956500369202, -6.38502101226556, -6.315576592082602, -5.453844254884059, -6.38502101226556, -6.315576592082602, -6.315576592082602, -6.315576592082602, -6.38502101226556, -6.315576592082602, -5.20400141350794, -6.38502101226556, -6.320959933222023, -6.38502101226556, -6.38502101226556, -6.315576592082602, -6.38502101226556, -6.38502101226556, -6.38502101226556, -5.20400141350794, -5.453844254884059, -5.9833333333333325, -5.453844254884059, -6.38502101226556, -6.38502101226556, -6.38502101226556, -6.38502101226556, -6.38502101226556, -5.329189858063061, -5.329189858063061, -6.38502101226556, -6.38502101226556, -5.20400141350794, -6.38502101226556, -6.38502101226556, -6.346956500369202, -6.38502101226556, -6.38502101226556, -5.20400141350794, -5.20400141350794, -5.20400141350794, -5.20400141350794, -5.20400141350794, -5.20400141350794, -5.20400141350794, -5.20400141350794, -5.20400141350794, -5.20400141350794, -5.20400141350794, -5.20400141350794, -5.20400141350794, -5.20400141350794, -5.20400141350794, -5.20400141350794, -5.20400141350794, -5.20400141350794, -5.20400141350794, -5.20400141350794, -5.20400141350794, -6.522016423357648, -6.347516778523476, -6.347516778523476, -6.347516778523476, -6.347516778523476, -6.139747706422021, -6.347516778523476, -6.364586267605623, -5.262312137793391, -6.139747706422021, -6.442696580679246, -6.442696580679246, -6.347516778523476, -6.353254431851849, -6.300578859060389, -6.347516778523476, -6.364586267605623, -5.262312137793391, -6.347516778523476, -6.300578859060389, -6.347516778523476, -6.170697333194443, -6.442696580679246, -6.347516778523476, -6.139747706422021, -6.142706515523809, -6.347516778523476, -6.347516778523476, -6.170697333194443, -6.347516778523476, -6.347516778523476, -6.364586267605623, -6.347516778523476, -6.139747706422021, -6.364586267605623, -6.364586267605623, -6.347516778523476, -6.3826882661996445, -5.262312137793391, -6.347516778523476, -6.3826882661996445, -6.364586267605623, -6.347516778523476, -6.347516778523476, -6.347516778523476, -6.170697333194443, -6.364586267605623, -6.347516778523476, -6.362401785714271, -6.3826882661996445, -6.300578859060389, -6.347516778523476, -6.170697333194443, -6.364586267605623, -6.364586267605623, -6.364586267605623, -6.364586267605623, -6.347516778523476, -6.364586267605623, -6.364586267605623, -6.364586267605623, -6.347516778523476, -6.347516778523476, -6.347516778523476, -6.364586267605623, -6.170697333194443, -6.347516778523476, -6.347516778523476, -6.364586267605623, -6.347516778523476, -6.347516778523476, -6.347516778523476, -6.364586267605623, -6.364586267605623, -6.364586267605623, -6.139747706422021, -6.364586267605623, -6.364586267605623, -6.442696580679246, -6.347516778523476, -6.170697333194443, -6.364586267605623, -6.364586267605623, -6.347516778523476, -6.347516778523476, -6.364586267605623, -6.364586267605623, -6.347516778523476, -6.347516778523476, -6.300578859060389, -6.300578859060389, -6.364586267605623, -6.364586267605623, -6.364586267605623, -6.364586267605623, -6.364586267605623, -6.3826882661996445, -6.442696580679246, -6.442696580679246, -6.347516778523476, -6.364586267605623, -6.364586267605623, -6.364586267605623, -6.364586267605623, -6.364586267605623, -6.364586267605623, -6.364586267605623, -6.442696580679246, -6.364586267605623, -6.300578859060389, -6.170697333194443, -6.364586267605623, -6.364586267605623, -6.347516778523476, -6.364586267605623, -6.364586267605623, -6.364586267605623, -6.347516778523476, -6.364586267605623, -6.364586267605623, -6.364586267605623, -6.364586267605623, -6.364586267605623, -6.364586267605623, -6.364586267605623, -6.364586267605623, -6.364586267605623, -6.364586267605623, -6.364586267605623, -6.364586267605623, -6.364586267605623, -6.364586267605623, -6.364586267605623, -6.170697333194443, -6.364586267605623, -5.262312137793391, -6.364586267605623, -6.364586267605623, -6.364586267605623, -6.364586267605623, -6.347516778523476, -6.364586267605623, -6.364586267605623, -5.292202641938934, -6.364586267605623, -6.364586267605623, -6.364586267605623, -6.364586267605623, -6.364586267605623, -6.364586267605623, -6.364586267605623, -6.300578859060389, -6.300578859060389, -5.292202641938934, -6.364586267605623, -6.347516778523476, -6.364586267605623, -6.300578859060389, -6.347516778523476, -6.347516778523476, -6.364586267605623, -6.364586267605623, -6.347516778523476, -6.300578859060389, -6.300578859060389, -6.347516778523476, -5.292202641938934, -5.25903065328244, -5.25903065328244, -5.292202641938934, -5.262312137793391, -5.25903065328244, -6.364586267605623, -6.364586267605623, -5.292202641938934, -6.364586267605623, -6.364586267605623, -5.25903065328244, -6.364586267605623, -6.364586267605623, -6.364586267605623, -6.364586267605623, -6.364586267605623, -6.364586267605623, -6.347516778523476, -5.25903065328244, -6.347516778523476, -6.362401785714271, -5.25903065328244, -5.25903065328244, -5.25903065328244, -5.25903065328244, -5.292202641938934, -5.25903065328244, -5.25903065328244, -5.25903065328244, -5.25903065328244, -5.25903065328244, -5.25903065328244, -5.25903065328244, -5.25903065328244, -6.363198529411754, -6.542918781725886, -6.222878048780487, -6.542918781725886, -6.265457463884426, -6.265457463884426, -6.265457463884426, -5.2655089626129, -6.222878048780487, -6.265457463884426, -6.265457463884426, -6.360356550580419, -6.265457463884426, -6.265457463884426, -6.265457463884426, -6.265457463884426, -6.265457463884426, -6.265457463884426, -6.265457463884426, -6.265457463884426, -6.69597258096875, -6.265457463884426, -6.265457463884426, -6.197003998805555, -6.363198529411754, -6.363198529411754, -6.363198529411754, -6.363198529411754, -6.265457463884426, -6.265457463884426, -6.360356550580419, -6.265457463884426, -6.265457463884426, -6.265457463884426, -6.197003998805555, -6.265457463884426, -6.265457463884426, -6.265457463884426, -6.265457463884426, -6.265457463884426, -6.265457463884426, -6.265457463884426, -6.265457463884426, -6.197003998805555, -6.363198529411754, -6.265457463884426, -6.265457463884426, -6.265457463884426, -6.222878048780487, -6.471675324675323, -6.265457463884426, -5.199551838473279, -6.265457463884426, -6.360356550580419, -6.265457463884426, -6.265457463884426, -6.265457463884426, -6.222878048780487, -6.265457463884426, -6.360356550580419, -6.363198529411754, -6.265457463884426, -6.265457463884426, -6.363198529411754, -6.363198529411754, -6.363198529411754, -6.265457463884426, -6.363198529411754, -5.3717906630648145, -6.265457463884426, -6.197003998805555, -6.265457463884426, -6.265457463884426, -6.265457463884426, -6.363198529411754, -6.363198529411754, -6.363198529411754, -6.31354277078788, -6.265457463884426, -6.363198529411754, -6.265457463884426, -6.265457463884426, -6.265457463884426, -6.363198529411754, -6.265457463884426, -6.363198529411754, -6.363198529411754, -6.360356550580419, -6.659748244043477, -6.659748244043477, -6.363198529411754, -6.363198529411754, -6.659748244043477, -6.659748244043477, -6.363198529411754, -6.363198529411754, -6.659748244043477, -6.363198529411754, -6.363198529411754, -6.363198529411754, -6.363198529411754, -6.363198529411754, -6.363198529411754, -6.363198529411754, -6.363198529411754, -6.197003998805555, -6.363198529411754, -6.363198529411754, -6.363198529411754, -6.363198529411754, -6.659748244043477, -6.197003998805555, -5.199551838473279, -6.197003998805555, -6.363198529411754, -6.265457463884426, -6.360356550580419, -6.363198529411754, -6.363198529411754, -6.363198529411754, -6.363198529411754, -6.363198529411754, -6.659748244043477, -6.363198529411754, -6.363198529411754, -6.363198529411754, -6.363198529411754, -6.363198529411754, -6.363198529411754, -6.363198529411754, -6.363198529411754, -5.199551838473279, -6.363198529411754, -6.265457463884426, -6.363198529411754, -5.280557818580648, -6.363198529411754, -6.363198529411754, -6.363198529411754, -5.199551838473279, -6.363198529411754, -5.199551838473279, -6.363198529411754, -6.265457463884426, -6.265457463884426, -6.363198529411754, -5.199551838473279, -6.265457463884426, -6.363198529411754, -6.363198529411754, -6.363198529411754, -5.199551838473279, -6.265457463884426, -6.265457463884426, -6.265457463884426, -6.265457463884426, -6.265457463884426, -5.199551838473279, -6.363198529411754, -6.265457463884426, -6.265457463884426, -5.280557818580648, -5.199551838473279, -6.659748244043477, -5.280557818580648, -5.2655089626129, -5.199551838473279, -6.363198529411754, -6.363198529411754, -5.2655089626129, -5.199551838473279, -5.280557818580648, -4.555, -6.363198529411754, -5.199551838473279, -5.199551838473279, -6.363198529411754, -6.363198529411754, -6.363198529411754, -6.363198529411754, -6.381900630914812, -6.363198529411754, -6.363198529411754, -6.363198529411754, -5.199551838473279, -6.428752309411461, -6.363198529411754, -6.363198529411754, -5.199551838473279, -5.280557818580648, -5.199551838473279, -5.199551838473279, -5.199551838473279, -5.199551838473279, -5.199551838473279, -5.199551838473279, -5.199551838473279, -5.199551838473279, -5.199551838473279, -5.199551838473279, -5.199551838473279, -6.424374221473415, -7.255, -5.2216530826376815, -6.262499999999997, -6.262499999999997, -6.262499999999997, -6.424374221473415, -6.262499999999997, -6.262499999999997, -6.186286838879999, -6.335080442008215, -6.424374221473415, -6.298338842975197, -6.262499999999997, -6.262499999999997, -6.262499999999997, -6.424374221473415, -6.186286838879999, -6.262499999999997, -6.262499999999997, -6.262499999999997, -6.262499999999997, -6.262499999999997, -6.2520170454545445, -6.262499999999997, -6.2520170454545445, -6.262499999999997, -6.262499999999997, -6.424374221473415, -6.262499999999997, -6.262499999999997, -6.622407170073173, -6.424374221473415, -6.186286838879999, -6.262499999999997, -6.262499999999997, -6.262499999999997, -6.186286838879999, -5.276215073862384, -6.532622758660842, -6.262499999999997, -6.262499999999997, -6.262499999999997, -6.298338842975197, -6.350125033162791, -6.636206676424241, -6.186286838879999, -6.424374221473415, -6.262499999999997, -6.262499999999997, -6.262499999999997, -6.424374221473415, -6.262499999999997, -6.262499999999997, -6.424374221473415, -6.262499999999997, -6.262499999999997, -6.262499999999997, -6.335080442008215, -6.262499999999997, -6.262499999999997, -6.424374221473415, -6.307832764505112, -6.262499999999997, -6.424374221473415, -6.186286838879999, -6.5849456521739125, -6.622407170073173, -6.622407170073173, -6.262499999999997, -6.424374221473415, -6.424374221473415, -6.262499999999997, -6.424374221473415, -5.276215073862384, -6.262499999999997, -6.262499999999997, -6.262499999999997, -6.424374221473415, -6.424374221473415, -6.424374221473415, -6.403429307200001, -6.262499999999997, -6.262499999999997, -6.424374221473415, -6.2520170454545445, -6.5849456521739125, -6.622407170073173, -6.262499999999997, -6.262499999999997, -6.424374221473415, -6.424374221473415, -6.424374221473415, -6.424374221473415, -6.298338842975197, -6.262499999999997, -6.262499999999997, -6.424374221473415, -6.424374221473415, -6.424374221473415, -6.424374221473415, -6.424374221473415, -6.424374221473415, -6.424374221473415, -6.424374221473415, -6.622407170073173, -6.424374221473415, -6.424374221473415, -6.424374221473415, -6.186286838879999, -6.424374221473415, -6.424374221473415, -6.424374221473415, -6.424374221473415, -5.254898292242189, -5.2216530826376815, -6.424374221473415, -6.424374221473415, -6.424374221473415, -6.424374221473415, -6.424374221473415, -6.622407170073173, -6.424374221473415, -6.424374221473415, -6.424374221473415, -6.622407170073173, -6.262499999999997, -6.424374221473415, -6.307832764505112, -6.262499999999997, -6.424374221473415, -6.424374221473415, -6.424374221473415, -6.424374221473415, -6.424374221473415, -6.424374221473415, -6.424374221473415, -6.424374221473415, -6.424374221473415, -6.424374221473415, -6.262499999999997, -6.298338842975197, -5.2216530826376815, -6.262499999999997, -6.424374221473415, -6.424374221473415, -6.424374221473415, -6.424374221473415, -5.889999999999999, -6.262499999999997, -6.262499999999997, -5.2216530826376815, -6.424374221473415, -6.424374221473415, -5.2216530826376815, -6.262499999999997, -5.2216530826376815, -6.262499999999997, -5.2216530826376815, -6.064674884137933, -5.889999999999999, -6.4894791666666665, -5.2216530826376815, -5.2216530826376815, -6.424374221473415, -5.2216530826376815, -6.424374221473415, -6.424374221473415, -6.424374221473415, -6.424374221473415, -6.424374221473415, -5.2216530826376815, -5.2216530826376815, -6.424374221473415, -6.424374221473415, -6.424374221473415, -6.424374221473415, -6.424374221473415, -6.424374221473415, -6.424374221473415, -5.254898292242189, -6.3640051457975915, -6.424374221473415, -6.424374221473415, -6.3640051457975915, -6.3640051457975915, -5.2216530826376815, -5.2216530826376815, -5.2216530826376815, -5.889999999999999, -5.889999999999999, -5.2216530826376815, -5.2216530826376815, -5.2216530826376815, -5.2216530826376815, -5.2216530826376815, -5.2216530826376815, -5.2216530826376815, -5.2216530826376815, -5.2216530826376815, -5.2216530826376815]","0     -7.22
1     -6.21
2     -7.24
3     -5.92
4     -5.96
       ... 
247   -6.00
248   -3.99
249   -5.24
250   -4.77
251   -4.71
Name: Permeability, Length: 252, dtype: float64","[array([-6.42117925, -6.26723837, -6.26723837, -6.16279188, -6.16279188,
       -5.22094054, -6.36673242, -5.22094054, -5.22094054, -6.34795533,
       -6.26723837, -6.26723837, -6.36673242, -6.26723837, -6.16279188,
       -6.16279188, -6.40645044, -6.40645044, -6.36673242, -6.42117925,
       -6.26723837, -6.34795533, -6.26723837, -5.22094054, -6.16279188,
       -6.26723837, -6.26723837, -6.26723837, -6.28700019, -6.26723837,
       -6.26723837, -6.4705974 , -6.26723837, -6.42117925, -6.26723837,
       -6.42117925, -6.26723837, -6.34795533, -6.26723837, -6.16279188,
       -6.28700019, -6.34795533, -6.28700019, -5.22094054, -5.22094054,
       -5.22094054, -6.42117925, -6.26723837, -6.26723837, -5.22094054,
       -6.4705974 , -6.40645044, -6.26723837, -6.26723837, -6.28700019,
       -6.42117925, -6.42117925, -6.42117925, -6.16279188, -6.42117925,
       -6.28700019, -6.42117925, -6.26723837, -6.42081104, -6.26723837,
       -5.22094054, -6.3429295 , -6.26723837, -6.26723837, -6.42117925,
       -6.34795533, -6.42117925, -6.26723837, -6.42117925, -6.26723837,
       -6.26723837, -6.26723837, -6.26723837, -6.42117925, -6.42117925,
       -6.28700019, -6.34795533, -6.26723837, -6.37716102, -6.34795533,
       -6.34795533, -6.42117925, -6.34795533, -6.42117925, -6.42117925,
       -6.40645044, -6.40645044, -6.42081104, -6.42117925, -6.16279188,
       -6.40645044, -6.26723837, -6.42117925, -6.26723837, -6.26723837,
       -6.42117925, -6.42117925, -6.40645044, -6.34795533, -6.42117925,
       -6.26723837, -6.26723837, -6.42117925, -6.42117925, -6.42117925,
       -6.36673242, -6.42117925, -6.42117925, -6.34795533, -6.40645044,
       -6.42117925, -6.42117925, -6.42117925, -6.42117925, -6.42117925,
       -6.42117925, -6.42117925, -6.34795533, -6.42117925, -6.16973558,
       -6.3429295 , -6.42117925, -6.42117925, -6.42117925, -6.42117925,
       -6.42117925, -6.40645044, -6.34795533, -6.42117925, -6.42117925,
       -6.42117925, -6.42117925, -6.26723837, -6.42117925, -7.38632333,
       -6.42117925, -6.28700019, -6.40645044, -6.40645044, -6.42117925,
       -5.22094054, -6.42117925, -6.28700019, -6.26723837, -6.42117925,
       -6.42117925, -6.42117925, -6.42117925, -5.22094054, -6.42117925,
       -6.42117925, -6.42117925, -6.26723837, -6.3429295 , -6.42117925,
       -6.26723837, -6.42117925, -6.42117925, -6.42117925, -6.37716102,
       -6.42117925, -6.42117925, -6.42117925, -6.26723837, -6.42117925,
       -6.42117925, -5.22094054, -6.42117925, -6.26723837, -6.42117925,
       -6.42117925, -6.26723837, -6.26723837, -6.42117925, -6.36673242,
       -6.36673242, -6.42117925, -6.26723837, -6.42117925, -5.22094054,
       -6.42117925, -6.42117925, -6.42117925, -6.26723837, -6.16279188,
       -6.26723837, -6.26723837, -6.36673242, -5.22094054, -6.42117925,
       -6.36673242, -6.42117925, -5.32694884, -6.26723837, -6.26723837,
       -6.26723837, -6.26723837, -6.42117925, -5.32694884, -5.22094054,
       -6.4705974 , -5.22094054, -6.4705974 , -5.22094054, -5.22094054,
       -6.42117925, -6.42117925, -6.42117925, -6.42117925, -6.42117925,
       -5.22094054, -5.22094054, -5.32694884, -5.08875   , -5.22094054,
       -5.22094054, -5.22094054, -6.42117925, -6.42117925, -6.42117925,
       -6.42117925, -6.42117925, -6.26723837, -6.42117925, -6.42117925,
       -6.42117925, -6.34795533, -6.42117925, -5.22094054, -5.22094054,
       -5.22094054, -5.22094054, -5.22094054, -5.32694884, -5.22094054,
       -5.22094054, -5.22094054, -5.22094054, -5.22094054, -5.22094054,
       -5.22094054, -5.22094054, -5.22094054, -5.22094054, -5.22094054,
       -5.22094054, -5.22094054]), array([-6.38502101, -6.31557659, -6.31557659, -6.31557659, -6.31557659,
       -5.20400141, -6.32095993, -5.20400141, -5.20400141, -6.31557659,
       -6.31557659, -6.31557659, -6.32095993, -6.31557659, -6.31557659,
       -6.31557659, -6.37880613, -6.37880613, -6.32095993, -6.38502101,
       -6.31557659, -6.31557659, -6.31557659, -5.20400141, -6.31557659,
       -6.31557659, -6.31557659, -6.31557659, -6.34298663, -6.31557659,
       -6.31557659, -6.58119658, -6.31557659, -6.38502101, -6.31557659,
       -6.38502101, -6.31557659, -6.31557659, -6.31557659, -6.31557659,
       -6.34298663, -6.31557659, -6.34298663, -5.20400141, -5.28534498,
       -5.32918986, -6.38502101, -6.31557659, -6.31557659, -5.28534498,
       -6.58119658, -6.37880613, -6.31557659, -6.31557659, -6.34298663,
       -6.38502101, -6.38502101, -6.38502101, -6.31557659, -6.38502101,
       -6.34298663, -6.38502101, -6.31557659, -6.32095993, -6.31557659,
       -5.32918986, -6.37880613, -6.31557659, -6.31557659, -6.38502101,
       -6.31557659, -6.38502101, -6.31557659, -6.38502101, -6.31557659,
       -6.31557659, -6.31557659, -6.31557659, -6.38502101, -6.38502101,
       -6.34298663, -6.31557659, -6.31557659, -6.38502101, -6.31557659,
       -6.31557659, -6.38502101, -6.31557659, -6.38502101, -6.38502101,
       -6.37880613, -6.37880613, -6.32095993, -6.38502101, -6.31557659,
       -6.37880613, -6.31557659, -6.38502101, -6.31557659, -6.31557659,
       -6.38502101, -6.38502101, -6.37880613, -6.31557659, -6.38502101,
       -6.31557659, -6.31557659, -6.38502101, -6.38502101, -6.38502101,
       -6.32095993, -6.38502101, -6.38502101, -6.31557659, -6.37880613,
       -6.38502101, -6.38502101, -6.38502101, -6.38502101, -6.38502101,
       -6.38502101, -6.38502101, -6.31557659, -6.38502101, -6.31557659,
       -6.34298663, -6.38502101, -6.38502101, -6.38502101, -6.38502101,
       -6.38502101, -6.37880613, -6.31557659, -6.38502101, -6.38502101,
       -6.38502101, -6.38502101, -6.31557659, -6.38502101, -7.464485  ,
       -6.38502101, -6.34298663, -6.37880613, -6.37880613, -6.38502101,
       -5.20400141, -6.38502101, -6.34298663, -6.31557659, -6.38502101,
       -6.38502101, -6.38502101, -6.38502101, -5.20400141, -6.38502101,
       -6.38502101, -6.38502101, -6.31557659, -6.34298663, -6.38502101,
       -6.31557659, -6.38502101, -6.38502101, -6.38502101, -6.38502101,
       -6.38502101, -6.38502101, -6.38502101, -6.31557659, -6.38502101,
       -6.38502101, -5.20400141, -6.38502101, -6.31557659, -6.38502101,
       -6.3469565 , -6.31557659, -6.31557659, -6.3469565 , -6.32095993,
       -6.32095993, -6.38502101, -6.31557659, -6.38502101, -5.20400141,
       -6.38502101, -6.38502101, -6.38502101, -6.31557659, -6.31557659,
       -6.31557659, -6.31557659, -6.32095993, -5.20400141, -6.38502101,
       -6.32095993, -6.38502101, -5.45384425, -6.31557659, -6.31557659,
       -6.31557659, -6.31557659, -6.38502101, -5.45384425, -5.32918986,
       -6.58119658, -5.20400141, -6.58119658, -5.32918986, -5.20400141,
       -6.38502101, -6.38502101, -6.38502101, -6.38502101, -6.38502101,
       -5.32918986, -5.20400141, -5.45384425, -5.125     , -5.20400141,
       -5.20400141, -5.20400141, -6.38502101, -6.38502101, -6.38502101,
       -6.38502101, -6.38502101, -6.31557659, -6.38502101, -6.38502101,
       -6.38502101, -6.31557659, -6.3469565 , -5.28534498, -5.20400141,
       -5.20400141, -5.20400141, -5.20400141, -5.45384425, -5.20400141,
       -5.20400141, -5.20400141, -5.20400141, -5.20400141, -5.20400141,
       -5.20400141, -5.20400141, -5.20400141, -5.20400141, -5.20400141,
       -5.20400141, -5.20400141]), array([-6.36458627, -6.34751678, -6.34751678, -6.13974771, -6.13974771,
       -5.25903065, -6.30057886, -5.25903065, -5.25903065, -6.34751678,
       -6.34751678, -6.34751678, -6.30057886, -6.34751678, -6.13974771,
       -6.13974771, -6.44269658, -6.44269658, -6.30057886, -6.36458627,
       -6.34751678, -6.34751678, -6.34751678, -5.25903065, -6.13974771,
       -6.34751678, -6.34751678, -6.34751678, -6.17069733, -6.34751678,
       -6.36240179, -6.38268827, -6.34751678, -6.36458627, -6.34751678,
       -6.36458627, -6.34751678, -6.34751678, -6.34751678, -6.13974771,
       -6.17069733, -6.34751678, -6.17069733, -5.25903065, -5.26231214,
       -5.25903065, -6.36458627, -6.34751678, -6.34751678, -5.26231214,
       -6.38268827, -6.44269658, -6.34751678, -6.34751678, -6.17069733,
       -6.36458627, -6.36458627, -6.36458627, -6.13974771, -6.36458627,
       -6.17069733, -6.36458627, -6.34751678, -6.30057886, -6.34751678,
       -5.25903065, -6.44269658, -6.34751678, -6.34751678, -6.36458627,
       -6.34751678, -6.36458627, -6.34751678, -6.36458627, -6.34751678,
       -6.34751678, -6.34751678, -6.34751678, -6.36458627, -6.36458627,
       -6.17069733, -6.34751678, -6.34751678, -6.36458627, -6.34751678,
       -6.34751678, -6.36458627, -6.34751678, -6.36458627, -6.36458627,
       -6.44269658, -6.44269658, -6.30057886, -6.36458627, -6.13974771,
       -6.44269658, -6.34751678, -6.36458627, -6.34751678, -6.34751678,
       -6.36458627, -6.36458627, -6.44269658, -6.34751678, -6.36458627,
       -6.34751678, -6.34751678, -6.36458627, -6.36458627, -6.36458627,
       -6.30057886, -6.36458627, -6.36458627, -6.34751678, -6.44269658,
       -6.36458627, -6.36458627, -6.36458627, -6.36458627, -6.36458627,
       -6.36458627, -6.36458627, -6.34751678, -6.36458627, -6.01218392,
       -6.17069733, -6.36458627, -6.36458627, -6.36458627, -6.36458627,
       -6.36458627, -6.44269658, -6.34751678, -6.36458627, -6.36458627,
       -6.36458627, -6.36458627, -6.34751678, -6.36458627, -6.75360837,
       -6.36458627, -6.17069733, -6.44269658, -6.44269658, -6.36458627,
       -5.25903065, -6.36458627, -6.17069733, -6.34751678, -6.36458627,
       -6.36458627, -6.36458627, -6.36458627, -5.25903065, -6.36458627,
       -6.36458627, -6.36458627, -6.34751678, -6.17069733, -6.36458627,
       -6.34751678, -6.36458627, -6.36458627, -6.36458627, -6.36458627,
       -6.36458627, -6.36458627, -6.36458627, -6.34751678, -6.36458627,
       -6.36458627, -5.25903065, -6.36458627, -6.34751678, -6.36458627,
       -6.36458627, -6.34751678, -6.34751678, -6.36458627, -6.30057886,
       -6.30057886, -6.36458627, -6.34751678, -6.36458627, -5.25903065,
       -6.36458627, -6.36458627, -6.36458627, -6.34751678, -6.13974771,
       -6.34751678, -6.34751678, -6.30057886, -5.25903065, -6.36458627,
       -6.30057886, -6.36458627, -5.29220264, -6.34751678, -6.34751678,
       -6.34751678, -6.34751678, -6.36458627, -5.29220264, -5.25903065,
       -6.38268827, -5.25903065, -6.38268827, -5.25903065, -5.25903065,
       -6.36458627, -6.36458627, -6.36458627, -6.36458627, -6.36458627,
       -5.25903065, -5.25903065, -5.29220264, -6.36458627, -5.25903065,
       -5.25903065, -5.25903065, -6.36458627, -6.36458627, -6.36458627,
       -6.36458627, -6.36458627, -6.34751678, -6.36458627, -6.36458627,
       -6.36458627, -6.34751678, -6.36240179, -5.26231214, -5.25903065,
       -5.25903065, -5.25903065, -5.25903065, -5.29220264, -5.25903065,
       -5.25903065, -5.25903065, -5.25903065, -5.25903065, -5.25903065,
       -5.25903065, -5.25903065, -5.25903065, -5.25903065, -5.25903065,
       -5.25903065, -5.25903065]), array([-6.36319853, -6.26545746, -6.26545746, -6.26545746, -6.22287805,
       -5.28055782, -6.36035655, -5.28055782, -5.19955184, -6.26545746,
       -6.26545746, -6.26545746, -6.36035655, -6.26545746, -6.22287805,
       -6.22287805, -6.65974824, -6.65974824, -6.36035655, -6.36319853,
       -6.26545746, -6.26545746, -6.26545746, -5.19955184, -6.22287805,
       -6.26545746, -6.26545746, -6.26545746, -6.197004  , -6.26545746,
       -6.36319853, -6.47167532, -6.26545746, -6.36319853, -6.26545746,
       -6.36319853, -6.26545746, -6.26545746, -6.26545746, -6.22287805,
       -6.197004  , -6.26545746, -6.197004  , -5.19955184, -5.26550896,
       -5.26550896, -6.36319853, -6.26545746, -6.26545746, -5.26550896,
       -6.47167532, -6.65974824, -6.26545746, -6.26545746, -6.197004  ,
       -6.36319853, -6.36319853, -6.36319853, -6.22287805, -6.36319853,
       -6.197004  , -6.36319853, -6.26545746, -6.36035655, -6.26545746,
       -5.26550896, -6.50115089, -6.26545746, -6.26545746, -6.36319853,
       -6.26545746, -6.36319853, -6.26545746, -6.36319853, -6.26545746,
       -6.26545746, -6.26545746, -6.26545746, -6.36319853, -6.36319853,
       -6.197004  , -6.26545746, -6.26545746, -6.36319853, -6.26545746,
       -6.26545746, -6.36319853, -6.26545746, -6.36319853, -6.36319853,
       -6.65974824, -6.65974824, -6.36035655, -6.36319853, -6.22287805,
       -6.65974824, -6.26545746, -6.36319853, -6.26545746, -6.26545746,
       -6.36319853, -6.36319853, -6.65974824, -6.26545746, -6.36319853,
       -6.26545746, -6.26545746, -6.36319853, -6.36319853, -6.36319853,
       -6.36035655, -6.36319853, -6.36319853, -6.26545746, -6.65974824,
       -6.36319853, -6.36319853, -6.36319853, -6.36319853, -6.36319853,
       -6.36319853, -6.36319853, -6.26545746, -6.36319853, -6.22287805,
       -6.31354277, -6.36319853, -6.36319853, -6.36319853, -6.36319853,
       -6.36319853, -6.65974824, -6.26545746, -6.36319853, -6.36319853,
       -6.36319853, -6.36319853, -6.26545746, -6.36319853, -6.69597258,
       -6.36319853, -6.197004  , -6.65974824, -6.65974824, -6.36319853,
       -5.19955184, -6.36319853, -6.197004  , -6.26545746, -6.36319853,
       -6.36319853, -6.36319853, -6.36319853, -5.19955184, -6.36319853,
       -6.36319853, -6.36319853, -6.26545746, -6.31354277, -6.36319853,
       -6.26545746, -6.36319853, -6.36319853, -6.36319853, -6.36319853,
       -6.36319853, -6.36319853, -6.36319853, -6.26545746, -6.36319853,
       -6.36319853, -5.19955184, -6.36319853, -6.26545746, -6.36319853,
       -6.36319853, -6.26545746, -6.26545746, -6.36319853, -6.36035655,
       -6.36035655, -6.36319853, -6.26545746, -6.36319853, -5.19955184,
       -6.36319853, -6.36319853, -6.36319853, -6.26545746, -6.22287805,
       -6.26545746, -6.26545746, -6.36035655, -5.19955184, -6.36319853,
       -6.36035655, -6.36319853, -5.28055782, -6.26545746, -6.26545746,
       -6.26545746, -6.26545746, -6.36319853, -5.28055782, -5.26550896,
       -6.47167532, -5.19955184, -6.47167532, -5.26550896, -5.19955184,
       -6.36319853, -6.36319853, -6.36319853, -6.36319853, -6.36319853,
       -5.26550896, -5.19955184, -5.28055782, -4.555     , -5.19955184,
       -5.19955184, -5.19955184, -6.36319853, -6.36319853, -6.36319853,
       -6.36319853, -6.36319853, -6.26545746, -6.36319853, -6.42875231,
       -6.36319853, -6.26545746, -6.36319853, -5.26550896, -5.19955184,
       -5.19955184, -5.19955184, -5.19955184, -5.28055782, -5.19955184,
       -5.19955184, -5.19955184, -5.19955184, -5.19955184, -5.19955184,
       -5.19955184, -5.19955184, -5.19955184, -5.19955184, -5.19955184,
       -5.19955184, -5.19955184]), array([-6.42437422, -6.2625    , -6.2625    , -6.13708531, -6.25201705,
       -5.22165308, -6.29833884, -5.22165308, -5.22165308, -6.2625    ,
       -6.2625    , -6.2625    , -6.29833884, -6.2625    , -6.25201705,
       -6.25201705, -6.62240717, -6.62240717, -6.29833884, -6.42437422,
       -6.2625    , -6.2625    , -6.2625    , -5.22165308, -6.25201705,
       -6.2625    , -6.2625    , -6.2625    , -6.18628684, -6.2625    ,
       -6.33508044, -6.58494565, -6.2625    , -6.42437422, -6.2625    ,
       -6.42437422, -6.2625    , -6.2625    , -6.2625    , -6.25201705,
       -6.18628684, -6.2625    , -6.18628684, -5.22165308, -5.25489829,
       -5.22165308, -6.42437422, -6.2625    , -6.2625    , -5.27621507,
       -6.53262276, -6.62240717, -6.2625    , -6.2625    , -6.18628684,
       -6.42437422, -6.42437422, -6.42437422, -6.25201705, -6.42437422,
       -6.18628684, -6.42437422, -6.2625    , -6.33508044, -6.2625    ,
       -5.22165308, -6.40342931, -6.2625    , -6.2625    , -6.42437422,
       -6.2625    , -6.42437422, -6.2625    , -6.42437422, -6.2625    ,
       -6.2625    , -6.2625    , -6.2625    , -6.42437422, -6.42437422,
       -6.18628684, -6.2625    , -6.2625    , -6.30783276, -6.2625    ,
       -6.2625    , -6.42437422, -6.2625    , -6.42437422, -6.42437422,
       -6.62240717, -6.62240717, -6.33508044, -6.42437422, -6.25201705,
       -6.62240717, -6.2625    , -6.42437422, -6.2625    , -6.2625    ,
       -6.42437422, -6.42437422, -6.62240717, -6.2625    , -6.42437422,
       -6.2625    , -6.2625    , -6.42437422, -6.42437422, -6.42437422,
       -6.29833884, -6.42437422, -6.42437422, -6.2625    , -6.62240717,
       -6.42437422, -6.42437422, -6.42437422, -6.42437422, -6.42437422,
       -6.42437422, -6.42437422, -6.2625    , -6.42437422, -6.25201705,
       -6.35012503, -6.42437422, -6.42437422, -6.42437422, -6.42437422,
       -6.42437422, -6.62240717, -6.2625    , -6.42437422, -6.42437422,
       -6.42437422, -6.42437422, -6.2625    , -6.42437422, -6.63620668,
       -6.42437422, -6.18628684, -6.62240717, -6.62240717, -6.42437422,
       -5.22165308, -6.42437422, -6.18628684, -6.2625    , -6.42437422,
       -6.42437422, -6.42437422, -6.42437422, -5.22165308, -6.42437422,
       -6.42437422, -6.42437422, -6.2625    , -6.35012503, -6.42437422,
       -6.2625    , -6.42437422, -6.42437422, -6.42437422, -6.30783276,
       -6.42437422, -6.42437422, -6.42437422, -6.2625    , -6.42437422,
       -6.42437422, -5.22165308, -6.42437422, -6.2625    , -6.42437422,
       -6.42437422, -6.2625    , -6.2625    , -6.42437422, -6.26346535,
       -6.29833884, -6.42437422, -6.2625    , -6.42437422, -5.22165308,
       -6.42437422, -6.42437422, -6.42437422, -6.2625    , -6.25201705,
       -6.2625    , -6.2625    , -6.29833884, -5.22165308, -6.42437422,
       -6.29833884, -6.42437422, -5.89      , -6.2625    , -6.2625    ,
       -6.2625    , -6.2625    , -6.42437422, -5.89      , -5.22165308,
       -6.48947917, -5.27621507, -6.48947917, -5.22165308, -5.22165308,
       -6.42437422, -6.42437422, -6.42437422, -6.42437422, -6.42437422,
       -5.22165308, -5.22165308, -5.89      , -6.42437422, -5.25489829,
       -5.22165308, -5.25489829, -6.42437422, -6.42437422, -6.42437422,
       -6.42437422, -6.42437422, -6.2625    , -6.42437422, -6.42437422,
       -6.42437422, -6.2625    , -6.36400515, -5.25489829, -5.22165308,
       -5.22165308, -5.22165308, -5.22165308, -5.89      , -5.22165308,
       -5.22165308, -5.22165308, -5.22165308, -5.22165308, -5.22165308,
       -5.22165308, -5.22165308, -5.22165308, -5.22165308, -5.22165308,
       -5.22165308, -5.22165308])]","[-6.39167186 -6.29165784 -6.29165784 -6.20413179 -6.21860225 -5.2372367
 -6.32939332 -5.2372367  -5.2210355  -6.30780123 -6.29165784 -6.29165784
 -6.32939332 -6.29165784 -6.21860225 -6.21860225 -6.50202171 -6.50202171
 -6.32939332 -6.39167186 -6.29165784 -6.30780123 -6.29165784 -5.2210355
 -6.21860225 -6.29165784 -6.29165784 -6.29165784 -6.236795   -6.29165784
 -6.32869914 -6.49822065 -6.29165784 -6.39167186 -6.29165784 -6.39167186
 -6.29165784 -6.30780123 -6.29165784 -6.21860225 -6.236795   -6.30780123
 -6.236795   -5.2210355  -5.25780098 -5.25926462 -6.39167186 -6.29165784
 -6.29165784 -5.26206434 -6.48775607 -6.50202171 -6.29165784 -6.29165784
 -6.236795   -6.39167186 -6.39167186 -6.39167186 -6.21860225 -6.39167186
 -6.236795   -6.39167186 -6.29165784 -6.34755736 -6.29165784 -5.25926462
 -6.41380248 -6.29165784 -6.29165784 -6.39167186 -6.30780123 -6.39167186
 -6.29165784 -6.39167186 -6.29165784 -6.29165784 -6.29165784 -6.29165784
 -6.39167186 -6.39167186 -6.236795   -6.30780123 -6.29165784 -6.35955992
 -6.30780123 -6.30780123 -6.39167186 -6.30780123 -6.39167186 -6.39167186
 -6.50202171 -6.50202171 -6.34755736 -6.39167186 -6.21860225 -6.50202171
 -6.29165784 -6.39167186 -6.29165784 -6.29165784 -6.39167186 -6.39167186
 -6.50202171 -6.30780123 -6.39167186 -6.29165784 -6.29165784 -6.39167186
 -6.39167186 -6.39167186 -6.32939332 -6.39167186 -6.39167186 -6.30780123
 -6.50202171 -6.39167186 -6.39167186 -6.39167186 -6.39167186 -6.39167186
 -6.39167186 -6.39167186 -6.30780123 -6.39167186 -6.19447824 -6.30405625
 -6.39167186 -6.39167186 -6.39167186 -6.39167186 -6.39167186 -6.50202171
 -6.30780123 -6.39167186 -6.39167186 -6.39167186 -6.39167186 -6.29165784
 -6.39167186 -6.98731919 -6.39167186 -6.236795   -6.50202171 -6.50202171
 -6.39167186 -5.2210355  -6.39167186 -6.236795   -6.29165784 -6.39167186
 -6.39167186 -6.39167186 -6.39167186 -5.2210355  -6.39167186 -6.39167186
 -6.39167186 -6.29165784 -6.30405625 -6.39167186 -6.29165784 -6.39167186
 -6.39167186 -6.39167186 -6.35955992 -6.39167186 -6.39167186 -6.39167186
 -6.29165784 -6.39167186 -6.39167186 -5.2210355  -6.39167186 -6.29165784
 -6.39167186 -6.38405895 -6.29165784 -6.29165784 -6.38405895 -6.32241862
 -6.32939332 -6.39167186 -6.29165784 -6.39167186 -5.2210355  -6.39167186
 -6.39167186 -6.39167186 -6.29165784 -6.21860225 -6.29165784 -6.29165784
 -6.32939332 -5.2210355  -6.39167186 -6.32939332 -6.39167186 -5.44871071
 -6.29165784 -6.29165784 -6.29165784 -6.29165784 -6.39167186 -5.44871071
 -5.25926462 -6.47912735 -5.2319479  -6.47912735 -5.25926462 -5.2210355
 -6.39167186 -6.39167186 -6.39167186 -6.39167186 -6.39167186 -5.25926462
 -5.2210355  -5.44871071 -5.5115421  -5.22768455 -5.2210355  -5.22768455
 -6.39167186 -6.39167186 -6.39167186 -6.39167186 -6.39167186 -6.29165784
 -6.39167186 -6.40478261 -6.39167186 -6.30780123 -6.37154824 -5.25780098
 -5.2210355  -5.2210355  -5.2210355  -5.2210355  -5.44871071 -5.2210355
 -5.2210355  -5.2210355  -5.2210355  -5.2210355  -5.2210355  -5.2210355
 -5.2210355  -5.2210355  -5.2210355  -5.2210355  -5.2210355  -5.2210355 ]","[0.02656586 0.03413291 0.03413291 0.07284272 0.06304235 0.02815917
 0.02904722 0.02815917 0.02095581 0.03767049 0.03413291 0.03413291
 0.02904722 0.03413291 0.06304235 0.06304235 0.11593596 0.11593596
 0.02904722 0.02656586 0.03413291 0.03767049 0.03413291 0.02095581
 0.06304235 0.03413291 0.03413291 0.03413291 0.06678401 0.03413291
 0.03554272 0.07644823 0.03413291 0.02656586 0.03413291 0.02656586
 0.03413291 0.03767049 0.03413291 0.06304235 0.06678401 0.03767049
 0.06678401 0.02095581 0.02100263 0.03952708 0.02656586 0.03413291
 0.03413291 0.02211482 0.06683772 0.11593596 0.03413291 0.03413291
 0.06678401 0.02656586 0.02656586 0.02656586 0.06304235 0.02656586
 0.06678401 0.02656586 0.03413291 0.04147287 0.03413291 0.03952708
 0.05444252 0.03413291 0.03413291 0.02656586 0.03767049 0.02656586
 0.03413291 0.02656586 0.03413291 0.03413291 0.03413291 0.03413291
 0.02656586 0.02656586 0.06678401 0.03767049 0.03413291 0.0271008
 0.03767049 0.03767049 0.02656586 0.03767049 0.02656586 0.02656586
 0.11593596 0.11593596 0.04147287 0.02656586 0.06304235 0.11593596
 0.03413291 0.02656586 0.03413291 0.03413291 0.02656586 0.02656586
 0.11593596 0.03767049 0.02656586 0.03413291 0.03413291 0.02656586
 0.02656586 0.02656586 0.02904722 0.02656586 0.02656586 0.03767049
 0.11593596 0.02656586 0.02656586 0.02656586 0.02656586 0.02656586
 0.02656586 0.02656586 0.03767049 0.02656586 0.1025919  0.06785813
 0.02656586 0.02656586 0.02656586 0.02656586 0.02656586 0.11593596
 0.03767049 0.02656586 0.02656586 0.02656586 0.02656586 0.03413291
 0.02656586 0.36046501 0.02656586 0.06678401 0.11593596 0.11593596
 0.02656586 0.02095581 0.02656586 0.06678401 0.03413291 0.02656586
 0.02656586 0.02656586 0.02656586 0.02095581 0.02656586 0.02656586
 0.02656586 0.03413291 0.06785813 0.02656586 0.03413291 0.02656586
 0.02656586 0.02656586 0.0271008  0.02656586 0.02656586 0.02656586
 0.03413291 0.02656586 0.02656586 0.02095581 0.02656586 0.03413291
 0.02656586 0.03223095 0.03413291 0.03413291 0.03223095 0.03836037
 0.02904722 0.02656586 0.03413291 0.02656586 0.02095581 0.02656586
 0.02656586 0.02656586 0.03413291 0.06304235 0.03413291 0.03413291
 0.02904722 0.02095581 0.02656586 0.02904722 0.02656586 0.22906711
 0.03413291 0.03413291 0.03413291 0.03413291 0.02656586 0.22906711
 0.03952708 0.0631729  0.03047862 0.0631729  0.03952708 0.02095581
 0.02656586 0.02656586 0.02656586 0.02656586 0.02656586 0.03952708
 0.02095581 0.22906711 0.7488775  0.02498395 0.02095581 0.02498395
 0.02656586 0.02656586 0.02656586 0.02656586 0.02656586 0.03413291
 0.02656586 0.02543027 0.02656586 0.03767049 0.02560572 0.02100263
 0.02095581 0.02095581 0.02095581 0.02095581 0.22906711 0.02095581
 0.02095581 0.02095581 0.02095581 0.02095581 0.02095581 0.02095581
 0.02095581 0.02095581 0.02095581 0.02095581 0.02095581 0.02095581]"
5,XGBRegressor,"[-6.5871205, -7.266745, -7.266745, -7.4786177, -6.1892548, -6.735735, -5.8131638, -6.1892548, -6.5871205, -6.1892548, -6.735735, -5.8495026, -6.1892548, -5.7884274, -6.0870447, -5.5784106, -6.1892548, -5.9309134, -6.2397194, -6.5535855, -6.5535855, -6.1892548, -6.2013874, -6.1752386, -6.2013874, -5.8495026, -6.902237, -5.8495026, -6.2397194, -6.8175964, -6.300863, -5.8495026, -6.1892548, -6.1892548, -6.2013874, -6.1892548, -5.8495026, -5.8944464, -5.784626, -6.7474937, -6.1892548, -6.1892548, -6.300863, -5.943408, -6.1892548, -6.1892548, -6.5871205, -6.5871205, -6.1892548, -6.5871205, -6.5871205, -6.1892548, -6.2013874, -6.0870447, -6.2397194, -5.9309134, -6.5871205, -6.5871205, -6.5871205, -5.8944464, -6.1892548, -6.5871205, -5.9309134, -6.1752386, -6.1892548, -6.1892548, -6.2013874, -6.2013874, -6.1892548, -6.2013874, -6.5871205, -6.1892548, -6.1892548, -6.5871205, -6.570318, -6.300863, -6.2397194, -6.5871205, -6.300863, -6.1892548, -6.1892548, -6.1892548, -6.213344, -6.5871205, -6.5871205, -6.320048, -6.2397194, -6.5871205, -6.5871205, -6.1892548, -6.1892548, -6.300863, -6.5871205, -6.2397194, -5.9021535, -5.4695086, -6.5871205, -6.5871205, -6.5871205, -6.5871205, -6.2397194, -6.5871205, -4.9430666, -6.5871205, -6.5871205, -7.0397563, -6.320048, -6.300863, -5.892083, -6.5871205, -6.5871205, -6.5871205, -6.5871205, -6.1752386, -6.1752386, -6.5871205, -6.5871205, -6.5871205, -6.5871205, -6.5871205, -6.570318, -6.5871205, -6.5871205, -6.5871205, -6.5871205, -6.5871205, -5.8495026, -6.1892548, -6.1892548, -6.5871205, -6.5871205, -6.5871205, -6.5871205, -6.5871205, -6.5871205, -6.5871205, -6.5871205, -6.236981, -6.236981, -6.236981, -6.1344023, -5.648308, -6.236981, -6.236981, -6.5871205, -5.8495026, -6.1892548, -4.9430666, -6.5871205, -6.5871205, -6.5871205, -6.5871205, -6.5871205, -6.5871205, -5.648308, -4.9430666, -6.1892548, -6.5871205, -4.9430666, -6.1892548, -6.5871205, -6.1892548, -5.648308, -5.648308, -5.648308, -6.7002935, -5.1468325, -5.8857346, -6.2284174, -4.9656067, -5.648308, -5.8131638, -6.5871205, -6.5871205, -6.5871205, -6.0731497, -5.648308, -6.5871205, -6.5871205, -5.8131638, -6.5871205, -6.5871205, -6.5871205, -5.8131638, -5.6194553, -6.2166395, -5.946899, -5.648308, -5.415554, -6.9807906, -6.4669776, -6.4669776, -4.9430666, -4.8784127, -4.8784127, -4.9430666, -4.9430666, -4.9656067, -4.9430666, -4.9430666, -4.9430666, -4.9656067, -7.2254763, -7.2254763, -6.547362, -5.9405355, -5.919769, -6.4457974, -5.7991853, -5.7991853, -5.7991853, -5.7991853, -5.7991853, -6.20189, -5.43139, -6.547362, -6.3304877, -6.143737, -6.118725, -6.20189, -6.118725, -5.7348065, -6.20189, -5.955419, -6.20189, -6.20189, -5.919769, -5.8171124, -6.143737, -5.955419, -5.760802, -6.20189, -6.20189, -6.118725, -5.919769, -6.547362, -6.547362, -6.502369, -6.2068987, -6.143737, -5.919769, -6.742166, -6.20189, -6.20189, -6.20189, -5.7899404, -6.3655667, -6.46615, -5.760802, -5.919769, -6.2068987, -6.20189, -5.8171124, -6.502369, -5.7991853, -5.351029, -7.103709, -6.118725, -6.2068987, -5.919769, -5.9807267, -5.9807267, -5.7348065, -6.20189, -6.118725, -6.118725, -5.7899404, -5.919769, -6.2068987, -6.3655667, -6.2068987, -6.2068987, -6.20189, -6.3263493, -6.547362, -6.3655667, -6.168177, -6.118725, -6.118725, -6.547362, -6.547362, -6.3655667, -6.547362, -6.547362, -6.547362, -6.143737, -6.143737, -6.3018894, -5.8171124, -6.118725, -6.547362, -6.3655667, -6.20189, -6.547362, -6.3655667, -6.547362, -6.547362, -6.547362, -6.547362, -6.547362, -5.9807267, -6.547362, -6.547362, -6.547362, -5.7348065, -6.2068987, -6.2068987, -6.547362, -6.547362, -6.2068987, -6.547362, -6.3655667, -6.547362, -6.547362, -6.547362, -6.538655, -6.3655667, -6.547362, -6.20189, -6.547362, -6.547362, -6.20189, -6.547362, -6.547362, -6.547362, -6.20189, -6.547362, -6.547362, -6.20189, -6.20189, -6.547362, -6.547362, -6.547362, -5.955419, -6.3592095, -6.547362, -6.20189, -5.7106876, -6.544405, -6.547362, -6.547362, -5.7106876, -6.547362, -6.547362, -6.547362, -6.3592095, -6.547362, -6.20189, -5.7106876, -6.547362, -6.20189, -6.20189, -6.20189, -6.547362, -6.20189, -5.0006557, -6.547362, -5.955419, -6.547362, -6.547362, -6.20189, -6.547362, -6.547362, -6.547362, -5.0006557, -5.7106876, -6.0959454, -5.7106876, -6.9086804, -6.547362, -6.547362, -6.547362, -6.547362, -5.8947372, -5.8947372, -6.547362, -6.547362, -5.5684104, -6.9086804, -6.547362, -5.4553547, -6.626124, -7.697395, -5.0006557, -5.0006557, -5.0006557, -5.0006557, -5.0006557, -5.0006557, -5.0006557, -5.0072584, -5.0072584, -5.0006557, -5.0006557, -5.0006557, -5.0006557, -5.02422, -5.061229, -5.0072584, -5.0006557, -5.0072584, -5.0072584, -5.0072584, -5.0072584, -6.8968287, -6.140701, -5.9466777, -5.9466777, -6.228052, -5.8667517, -6.228052, -5.6061254, -5.8234854, -5.8984547, -7.0790224, -7.0790224, -6.2883544, -5.7997622, -5.700422, -6.228052, -6.5854006, -5.8234854, -6.228052, -6.8049703, -6.140701, -6.1487274, -7.0790224, -6.140701, -5.8667517, -6.5470443, -6.228052, -6.140701, -6.1487274, -5.9466777, -6.228052, -6.5854006, -6.228052, -5.8667517, -6.5854006, -6.5854006, -6.140701, -6.7122297, -5.8234854, -5.9466777, -7.304103, -6.5854006, -6.228052, -6.228052, -6.140701, -6.1487274, -6.5854006, -6.140701, -6.778591, -7.304103, -5.9891768, -6.228052, -6.1487274, -6.5854006, -6.223759, -6.5854006, -6.5854006, -6.2883544, -6.5854006, -6.5854006, -6.5854006, -6.140701, -5.9466777, -6.228052, -6.5854006, -6.1487274, -6.228052, -6.140701, -6.5854006, -6.228052, -6.228052, -6.228052, -6.5854006, -6.5854006, -6.5854006, -5.8667517, -6.5854006, -6.5854006, -6.498922, -5.9466777, -6.1487274, -6.5854006, -6.5854006, -6.140701, -6.228052, -6.5854006, -6.2759037, -6.140701, -6.228052, -5.700422, -5.700422, -6.5854006, -6.5854006, -6.5854006, -6.5854006, -6.2759037, -7.288461, -6.498922, -6.498922, -6.228052, -6.5854006, -6.5854006, -6.5854006, -6.5854006, -6.5854006, -6.5854006, -6.5854006, -6.498922, -6.5854006, -5.9891768, -6.1465344, -6.5854006, -6.5854006, -6.228052, -6.5854006, -6.5854006, -6.5854006, -5.7995567, -6.5854006, -6.5854006, -6.5854006, -6.5854006, -6.5854006, -6.5854006, -6.5854006, -6.5854006, -6.5854006, -6.5854006, -6.5854006, -6.5854006, -6.5854006, -6.5854006, -6.5854006, -6.1465344, -6.5854006, -5.1535153, -6.5854006, -6.5854006, -6.5854006, -6.5854006, -6.228052, -6.5854006, -6.5854006, -6.2855425, -6.5854006, -6.5854006, -6.5854006, -6.5854006, -6.308981, -6.308981, -6.308981, -6.302795, -5.700422, -5.6624403, -6.308981, -6.228052, -6.5854006, -5.700422, -6.228052, -6.228052, -6.5854006, -6.5854006, -6.228052, -5.700422, -5.700422, -6.228052, -5.6624403, -5.020232, -5.020232, -5.6624403, -4.8486233, -6.01685, -6.5854006, -6.5854006, -5.6624403, -6.5854006, -6.5854006, -5.5522118, -6.5854006, -6.5854006, -6.5854006, -6.5854006, -6.5854006, -6.5854006, -6.772567, -5.4445224, -6.6030903, -5.4378524, -4.9856806, -5.0396285, -5.020232, -5.0396285, -6.156528, -5.020232, -5.020232, -5.020232, -4.9856806, -4.9856806, -4.9856806, -4.9856806, -4.9856806, -6.565629, -7.391032, -5.9122577, -7.2212715, -5.9106393, -6.1584873, -6.1990476, -5.769347, -5.8507166, -6.1323395, -6.1990476, -5.92184, -6.1584873, -6.1584873, -6.1990476, -6.1584873, -6.1990476, -6.1323395, -5.890339, -6.1323395, -7.699024, -6.1990476, -6.1990476, -6.4184275, -6.2918744, -6.565629, -6.565629, -6.2918744, -6.1990476, -6.1990476, -5.92184, -6.1990476, -6.1990476, -6.1990476, -6.1307683, -6.1990476, -6.1990476, -6.1584873, -6.1990476, -6.1990476, -6.1990476, -6.1990476, -6.1990476, -6.1307683, -6.565629, -6.1990476, -6.1990476, -6.1990476, -5.8507166, -6.7685223, -6.1990476, -5.324197, -5.9106393, -6.267748, -6.1584873, -6.1990476, -6.1584873, -5.9122577, -5.9106393, -6.267748, -6.565629, -6.1990476, -6.1990476, -6.565629, -6.565629, -6.565629, -5.9106393, -6.2918744, -6.784996, -6.1990476, -6.1307683, -6.1990476, -6.1990476, -6.1584873, -6.565629, -6.565629, -6.565629, -6.792241, -6.1584873, -6.2918744, -6.1584873, -5.6458907, -5.6458907, -6.565629, -5.9106393, -6.2918744, -6.2918744, -5.92184, -6.6803603, -6.6803603, -6.565629, -6.565629, -6.7471805, -6.6803603, -6.565629, -6.565629, -6.6803603, -6.565629, -6.565629, -6.565629, -6.565629, -6.565629, -5.6856365, -6.565629, -6.565629, -6.1307683, -6.565629, -6.565629, -6.565629, -6.565629, -6.6803603, -6.1307683, -4.88161, -6.1307683, -6.565629, -6.1584873, -5.92184, -6.4725585, -6.565629, -6.565629, -6.565629, -6.565629, -6.6803603, -6.565629, -6.565629, -6.565629, -6.565629, -6.565629, -6.565629, -6.565629, -6.565629, -4.88161, -6.565629, -6.1990476, -6.565629, -5.9848547, -6.565629, -6.565629, -6.4725585, -4.88161, -6.565629, -4.88161, -6.565629, -6.1990476, -6.1990476, -6.565629, -4.88161, -6.1990476, -6.565629, -6.565629, -6.565629, -4.88161, -6.1990476, -6.1990476, -6.1990476, -6.1990476, -6.1990476, -4.88161, -6.565629, -6.1990476, -6.1990476, -5.658862, -5.1759214, -6.6803603, -5.658862, -5.122696, -5.5800376, -6.565629, -6.565629, -5.83503, -5.5800376, -5.658862, -4.558027, -6.565629, -5.5800376, -5.5800376, -6.565629, -6.565629, -6.565629, -6.565629, -6.621911, -6.565629, -6.565629, -6.565629, -4.88161, -6.845778, -6.565629, -6.565629, -5.033406, -6.143865, -4.88161, -4.88161, -4.88161, -4.88161, -5.0479927, -4.88161, -5.0479927, -5.0479927, -5.0479927, -4.88161, -4.88161, -6.580851, -7.383558, -5.24634, -6.1531444, -5.8883553, -6.1531444, -6.662072, -6.1531444, -6.1531444, -6.1630282, -7.2844305, -6.2548203, -5.9004345, -6.1531444, -6.1531444, -6.1531444, -6.580851, -6.1630282, -5.8883553, -5.8883553, -6.3364797, -6.1531444, -6.2037487, -5.846124, -5.8883553, -5.846124, -6.1531444, -6.1531444, -6.580851, -6.1531444, -5.8883553, -6.755789, -6.580851, -6.1630282, -6.1531444, -6.1531444, -6.1531444, -6.1630282, -5.8081098, -6.8433146, -5.8883553, -6.1531444, -6.1531444, -5.9004345, -5.79277, -7.2285504, -6.1630282, -5.95823, -6.2037487, -6.2037487, -6.1531444, -6.580851, -6.1531444, -6.1531444, -6.580851, -5.8883553, -5.8883553, -5.8883553, -6.236273, -6.1531444, -6.1531444, -6.580851, -5.897723, -6.2037487, -6.580851, -6.1630282, -6.988366, -6.6607146, -6.6607146, -6.2037487, -6.2548203, -6.2548203, -6.1531444, -6.580851, -5.8081098, -6.1531444, -6.1531444, -6.1531444, -6.580851, -6.580851, -6.580851, -6.581926, -6.2037487, -6.1531444, -6.580851, -5.8761864, -6.988366, -6.6607146, -6.1531444, -6.1531444, -6.580851, -6.580851, -6.580851, -6.580851, -5.9004345, -6.1531444, -6.1531444, -6.580851, -6.580851, -6.580851, -6.580851, -6.580851, -6.580851, -6.580851, -6.580851, -6.6607146, -6.580851, -6.580851, -6.580851, -6.1630282, -6.580851, -6.580851, -6.580851, -6.580851, -6.122175, -5.772905, -6.350337, -6.580851, -6.580851, -6.580851, -6.580851, -6.6607146, -6.580851, -6.580851, -6.580851, -6.6607146, -6.1531444, -6.580851, -5.897723, -6.1531444, -6.580851, -6.580851, -6.580851, -6.580851, -6.580851, -6.580851, -6.580851, -6.580851, -6.580851, -6.580851, -6.1531444, -5.9004345, -4.946965, -6.1531444, -6.580851, -6.580851, -6.350337, -6.580851, -5.7283125, -6.1531444, -6.1531444, -4.946965, -6.580851, -6.580851, -4.946965, -6.1531444, -4.946965, -6.1531444, -4.946965, -4.9914455, -5.7283125, -5.822409, -5.772905, -5.772905, -6.580851, -5.7618785, -6.580851, -6.580851, -6.580851, -6.580851, -6.580851, -5.772905, -5.7618785, -5.5545287, -5.5545287, -6.580851, -6.580851, -6.580851, -6.4540925, -6.4540925, -5.464138, -6.078987, -6.580851, -6.580851, -5.496964, -5.496964, -5.0453286, -5.0453286, -5.0493436, -6.3122406, -6.3122406, -4.946965, -4.946965, -4.946965, -5.0453286, -4.946965, -5.0453286, -5.0453286, -4.946965, -5.0453286, -4.946965]","0     -7.22
1     -6.21
2     -7.24
3     -5.92
4     -5.96
       ... 
247   -6.00
248   -3.99
249   -5.24
250   -4.77
251   -4.71
Name: Permeability, Length: 252, dtype: float64","[array([-6.5871205, -6.1892548, -6.1892548, -5.855733 , -5.8495026,
       -6.995291 , -5.9021535, -6.995291 , -5.8131638, -6.320048 ,
       -5.9309134, -6.1892548, -5.9021535, -6.1892548, -5.8495026,
       -5.8495026, -6.7474937, -6.7474937, -5.9021535, -6.5871205,
       -5.9309134, -6.2013874, -6.1892548, -4.9430666, -5.8495026,
       -5.9309134, -6.1892548, -6.1892548, -6.1752386, -5.9309134,
       -6.735735 , -7.0397563, -6.1892548, -6.2397194, -6.1892548,
       -6.2397194, -6.1892548, -5.543852 , -6.1892548, -5.8495026,
       -6.1752386, -6.2013874, -6.1752386, -4.9430666, -6.3247647,
       -5.8150015, -6.2397194, -6.1892548, -6.1892548, -5.3207307,
       -6.902237 , -6.7474937, -6.1892548, -6.1892548, -6.1752386,
       -6.5871205, -6.5871205, -6.2397194, -5.8495026, -6.5871205,
       -6.1752386, -6.2397194, -5.9309134, -6.300863 , -5.9309134,
       -5.7269998, -7.1405134, -5.892083 , -6.1892548, -6.5871205,
       -6.2013874, -6.5871205, -6.1892548, -6.5871205, -5.9309134,
       -5.9309134, -5.9309134, -6.1892548, -6.5871205, -6.5871205,
       -6.1752386, -6.2013874, -6.1892548, -6.213344 , -6.2013874,
       -6.2013874, -6.5871205, -6.320048 , -6.5871205, -6.5871205,
       -6.570318 , -6.570318 , -6.300863 , -6.2397194, -5.8495026,
       -6.570318 , -6.1892548, -6.5871205, -6.1892548, -6.1892548,
       -6.5871205, -6.5871205, -6.570318 , -6.2013874, -6.2397194,
       -6.1892548, -6.1892548, -6.5871205, -6.5871205, -6.5871205,
       -5.9021535, -6.2397194, -6.5871205, -5.4695086, -6.570318 ,
       -6.5871205, -6.5871205, -6.5871205, -6.5871205, -6.5871205,
       -6.5871205, -6.5871205, -6.2013874, -6.5871205, -5.8944464,
       -6.5753694, -6.5871205, -6.5871205, -6.5871205, -6.5871205,
       -6.5871205, -6.570318 , -6.320048 , -6.5871205, -6.5871205,
       -6.5871205, -6.5871205, -5.892083 , -6.5871205, -7.467429 ,
       -6.5871205, -6.1752386, -6.7474937, -6.570318 , -6.5871205,
       -4.9430666, -6.5871205, -6.1752386, -6.1892548, -6.5871205,
       -6.5871205, -6.5871205, -6.5871205, -4.9430666, -6.5871205,
       -6.5871205, -6.5871205, -6.1892548, -6.5753694, -6.5871205,
       -6.1892548, -6.5871205, -6.5871205, -6.5871205, -6.213344 ,
       -6.5871205, -6.5871205, -6.5871205, -6.1892548, -6.5871205,
       -6.5871205, -4.9430666, -6.5871205, -6.1892548, -6.5871205,
       -6.236981 , -6.1892548, -6.1892548, -6.236981 , -6.1344023,
       -5.9021535, -6.5871205, -6.1892548, -6.5871205, -4.9430666,
       -6.5871205, -6.5871205, -6.5871205, -6.1892548, -5.8495026,
       -6.1892548, -6.1892548, -5.9021535, -4.9430666, -6.5871205,
       -5.9021535, -6.5871205, -5.648308 , -6.1892548, -6.1892548,
       -6.1892548, -6.1892548, -6.5871205, -5.648308 , -5.9018593,
       -6.7002935, -6.631046 , -6.7002935, -6.0731497, -5.8131638,
       -6.5871205, -6.5871205, -6.5871205, -6.5871205, -6.5871205,
       -6.0731497, -5.8131638, -5.648308 , -4.8888016, -5.8601856,
       -5.8131638, -6.173952 , -6.5871205, -6.5871205, -6.5871205,
       -6.5871205, -6.5871205, -6.1892548, -6.5871205, -6.9807906,
       -6.5871205, -5.946899 , -5.415554 , -6.182374 , -4.9430666,
       -4.8784127, -4.9430666, -4.8784127, -6.4669776, -4.9430666,
       -4.9656067, -4.9430666, -4.9430666, -4.9430666, -4.9430666,
       -4.9430666, -4.9430666, -4.9656067, -4.9430666, -4.9656067,
       -4.9656067, -4.9656067], dtype=float32), array([-6.547362 , -6.20189  , -6.20189  , -5.9405355, -5.7991853,
       -6.9949894, -5.955419 , -6.9949894, -5.5684104, -6.3304877,
       -5.919769 , -6.20189  , -5.955419 , -6.20189  , -5.7991853,
       -5.7991853, -6.742166 , -6.742166 , -5.955419 , -6.547362 ,
       -5.919769 , -6.118725 , -6.20189  , -5.0006557, -5.7991853,
       -5.919769 , -6.20189  , -6.20189  , -6.2068987, -5.919769 ,
       -7.103084 , -7.023764 , -6.20189  , -6.143737 , -6.20189  ,
       -6.143737 , -6.20189  , -5.5587373, -6.20189  , -5.7991853,
       -6.2068987, -6.118725 , -6.2068987, -5.0006557, -6.538655 ,
       -5.795944 , -6.143737 , -6.20189  , -6.20189  , -5.6743903,
       -7.103709 , -6.742166 , -6.20189  , -6.20189  , -6.2068987,
       -6.547362 , -6.547362 , -6.143737 , -5.7991853, -6.547362 ,
       -6.2068987, -6.143737 , -5.919769 , -6.168177 , -5.919769 ,
       -5.0400457, -7.142773 , -5.9807267, -6.20189  , -6.547362 ,
       -6.118725 , -6.547362 , -6.20189  , -6.547362 , -5.919769 ,
       -5.919769 , -5.919769 , -6.20189  , -6.547362 , -6.547362 ,
       -6.2068987, -6.118725 , -6.20189  , -6.3263493, -6.118725 ,
       -6.118725 , -6.547362 , -6.3304877, -6.547362 , -6.547362 ,
       -6.3655667, -6.3655667, -6.168177 , -6.143737 , -5.7991853,
       -6.3655667, -6.20189  , -6.547362 , -6.20189  , -6.20189  ,
       -6.547362 , -6.547362 , -6.3655667, -6.118725 , -6.143737 ,
       -6.20189  , -6.20189  , -6.547362 , -6.547362 , -6.547362 ,
       -5.955419 , -6.143737 , -6.547362 , -5.351029 , -6.3655667,
       -6.547362 , -6.547362 , -6.547362 , -6.547362 , -6.547362 ,
       -6.547362 , -6.547362 , -6.118725 , -6.547362 , -5.8171124,
       -6.56854  , -6.547362 , -6.547362 , -6.547362 , -6.547362 ,
       -6.547362 , -6.3655667, -6.3304877, -6.547362 , -6.547362 ,
       -6.547362 , -6.547362 , -5.9807267, -6.547362 , -7.464843 ,
       -6.547362 , -6.2068987, -6.742166 , -6.3655667, -6.547362 ,
       -5.0006557, -6.547362 , -6.2068987, -6.20189  , -6.547362 ,
       -6.547362 , -6.547362 , -6.547362 , -5.0006557, -6.547362 ,
       -6.547362 , -6.547362 , -6.20189  , -6.56854  , -6.547362 ,
       -6.20189  , -6.547362 , -6.547362 , -6.547362 , -6.3263493,
       -6.547362 , -6.547362 , -6.547362 , -6.20189  , -6.547362 ,
       -6.547362 , -5.0006557, -6.547362 , -6.20189  , -6.547362 ,
       -6.3592095, -6.20189  , -6.20189  , -6.3592095, -6.544405 ,
       -5.955419 , -6.547362 , -6.20189  , -6.547362 , -5.0006557,
       -6.547362 , -6.547362 , -6.547362 , -6.20189  , -5.7991853,
       -6.20189  , -6.20189  , -5.955419 , -5.0006557, -6.547362 ,
       -5.955419 , -6.547362 , -5.7106876, -6.20189  , -6.20189  ,
       -6.20189  , -6.20189  , -6.547362 , -5.7106876, -5.3091435,
       -6.2631655, -6.3864384, -6.2631655, -5.8947372, -5.5684104,
       -6.547362 , -6.547362 , -6.547362 , -6.547362 , -6.547362 ,
       -5.8947372, -5.5684104, -5.7106876, -4.888451 , -5.8664913,
       -5.5684104, -5.9282985, -6.547362 , -6.547362 , -6.547362 ,
       -6.547362 , -6.547362 , -6.20189  , -6.547362 , -6.626124 ,
       -6.547362 , -6.2304287, -5.4553547, -6.2526803, -5.0006557,
       -5.061229 , -5.0006557, -5.061229 , -6.255956 , -5.0006557,
       -5.0072584, -5.0006557, -5.0006557, -5.0006557, -5.0006557,
       -5.0006557, -5.0006557, -5.0072584, -5.0006557, -5.0072584,
       -5.0072584, -5.0072584], dtype=float32), array([-6.5854006, -6.228052 , -6.228052 , -5.856524 , -5.8667517,
       -6.988664 , -5.700422 , -6.988664 , -5.5522118, -6.2883544,
       -5.9466777, -6.228052 , -5.700422 , -6.228052 , -5.8667517,
       -5.8667517, -7.0790224, -7.0790224, -5.700422 , -6.5854006,
       -5.9466777, -6.140701 , -6.228052 , -5.020232 , -5.8667517,
       -5.9466777, -6.228052 , -6.228052 , -6.1487274, -5.9466777,
       -7.102916 , -7.288461 , -6.228052 , -6.2759037, -6.228052 ,
       -6.2759037, -6.228052 , -5.737627 , -6.228052 , -5.8667517,
       -6.1487274, -6.140701 , -6.1487274, -5.020232 , -6.2881284,
       -5.694104 , -6.2759037, -6.228052 , -6.228052 , -5.6611385,
       -7.304103 , -7.0790224, -6.228052 , -6.228052 , -6.1487274,
       -6.5854006, -6.5854006, -6.2759037, -5.8667517, -6.5854006,
       -6.1487274, -6.2759037, -5.9466777, -5.9891768, -5.9466777,
       -5.075864 , -7.1500044, -5.7995567, -6.228052 , -6.5854006,
       -6.140701 , -6.5854006, -6.228052 , -6.5854006, -5.9466777,
       -5.9466777, -5.9466777, -6.228052 , -6.5854006, -6.5854006,
       -6.1487274, -6.140701 , -6.228052 , -6.223759 , -6.140701 ,
       -6.140701 , -6.5854006, -6.2883544, -6.5854006, -6.5854006,
       -6.498922 , -6.498922 , -5.9891768, -6.2759037, -5.8667517,
       -6.498922 , -6.228052 , -6.5854006, -6.228052 , -6.228052 ,
       -6.5854006, -6.5854006, -6.498922 , -6.140701 , -6.2759037,
       -6.228052 , -6.228052 , -6.5854006, -6.5854006, -6.5854006,
       -5.700422 , -6.2759037, -6.5854006, -5.4672556, -6.498922 ,
       -6.5854006, -6.5854006, -6.5854006, -6.5854006, -6.5854006,
       -6.5854006, -6.5854006, -6.140701 , -6.5854006, -5.876238 ,
       -6.1465344, -6.5854006, -6.5854006, -6.5854006, -6.5854006,
       -6.5854006, -6.498922 , -6.2883544, -6.5854006, -6.5854006,
       -6.5854006, -6.5854006, -5.7995567, -6.5854006, -7.465716 ,
       -6.5854006, -6.1487274, -7.0790224, -6.498922 , -6.5854006,
       -5.020232 , -6.5854006, -6.1487274, -6.228052 , -6.5854006,
       -6.5854006, -6.5854006, -6.5854006, -5.020232 , -6.5854006,
       -6.5854006, -6.5854006, -6.228052 , -6.1465344, -6.5854006,
       -6.228052 , -6.5854006, -6.5854006, -6.5854006, -6.223759 ,
       -6.5854006, -6.5854006, -6.5854006, -6.228052 , -6.5854006,
       -6.5854006, -5.020232 , -6.5854006, -6.228052 , -6.5854006,
       -6.308981 , -6.228052 , -6.228052 , -6.308981 , -6.302795 ,
       -5.700422 , -6.5854006, -6.228052 , -6.5854006, -5.020232 ,
       -6.5854006, -6.5854006, -6.5854006, -6.228052 , -5.8667517,
       -6.228052 , -6.228052 , -5.700422 , -5.020232 , -6.5854006,
       -5.700422 , -6.5854006, -5.6624403, -6.228052 , -6.228052 ,
       -6.228052 , -6.228052 , -6.5854006, -5.6624403, -5.4126654,
       -6.2594447, -6.469748 , -6.2594447, -5.909714 , -5.5522118,
       -6.5854006, -6.5854006, -6.5854006, -6.5854006, -6.5854006,
       -5.909714 , -5.5522118, -5.6624403, -4.887708 , -5.824944 ,
       -5.5522118, -5.8929024, -6.5854006, -6.5854006, -6.5854006,
       -6.5854006, -6.5854006, -6.228052 , -6.5854006, -6.744722 ,
       -6.5854006, -6.2182956, -5.4378524, -5.1535153, -5.020232 ,
       -5.0396285, -5.020232 , -5.0396285, -6.156528 , -5.020232 ,
       -4.9856806, -5.020232 , -5.020232 , -5.020232 , -5.020232 ,
       -5.020232 , -5.020232 , -4.9856806, -5.020232 , -4.9856806,
       -4.9856806, -4.9856806], dtype=float32), array([-6.565629 , -6.1990476, -6.1990476, -5.8552165, -5.8507166,
       -6.9956274, -5.92184  , -6.9956274, -5.5800376, -6.1323395,
       -5.9106393, -6.1990476, -5.92184  , -6.1990476, -5.8507166,
       -5.8507166, -6.7471805, -6.7471805, -5.92184  , -6.565629 ,
       -5.9106393, -6.1584873, -6.1990476, -4.88161  , -5.8507166,
       -5.9106393, -6.1990476, -6.1990476, -6.1307683, -5.9106393,
       -7.10433  , -6.7685223, -6.1990476, -6.2918744, -6.1990476,
       -6.2918744, -6.1990476, -5.889266 , -6.1990476, -5.8507166,
       -6.1307683, -6.1584873, -6.1307683, -4.88161  , -6.320132 ,
       -5.841645 , -6.2918744, -6.1990476, -6.1990476, -5.7538757,
       -7.079933 , -6.7471805, -6.1990476, -6.1990476, -6.1307683,
       -6.565629 , -6.565629 , -6.2918744, -5.8507166, -6.565629 ,
       -6.1307683, -6.2918744, -5.9106393, -6.267748 , -5.9106393,
       -4.9523554, -7.148422 , -5.87348  , -6.1990476, -6.565629 ,
       -6.1584873, -6.565629 , -6.1990476, -6.565629 , -5.9106393,
       -5.9106393, -5.9106393, -6.1990476, -6.565629 , -6.565629 ,
       -6.1307683, -6.1584873, -6.1990476, -6.1756206, -6.1584873,
       -6.1584873, -6.565629 , -6.1323395, -6.565629 , -6.565629 ,
       -6.6803603, -6.6803603, -6.267748 , -6.2918744, -5.8507166,
       -6.6803603, -6.1990476, -6.565629 , -6.1990476, -6.1990476,
       -6.565629 , -6.565629 , -6.6803603, -6.1584873, -6.2918744,
       -6.1990476, -6.1990476, -6.565629 , -6.565629 , -6.565629 ,
       -5.92184  , -6.2918744, -6.565629 , -5.6458907, -6.6803603,
       -6.565629 , -6.565629 , -6.565629 , -6.565629 , -6.565629 ,
       -6.565629 , -6.565629 , -6.1584873, -6.565629 , -5.9122577,
       -6.792241 , -6.565629 , -6.565629 , -6.565629 , -6.565629 ,
       -6.565629 , -6.6803603, -6.1323395, -6.565629 , -6.565629 ,
       -6.565629 , -6.565629 , -5.87348  , -6.565629 , -7.699024 ,
       -6.565629 , -6.1307683, -6.7471805, -6.6803603, -6.565629 ,
       -4.88161  , -6.565629 , -6.1307683, -6.1990476, -6.565629 ,
       -6.565629 , -6.565629 , -6.565629 , -4.88161  , -6.565629 ,
       -6.565629 , -6.565629 , -6.1990476, -6.792241 , -6.565629 ,
       -6.1990476, -6.565629 , -6.565629 , -6.565629 , -6.1756206,
       -6.565629 , -6.565629 , -6.565629 , -6.1990476, -6.565629 ,
       -6.565629 , -4.88161  , -6.565629 , -6.1990476, -6.565629 ,
       -6.4725585, -6.1990476, -6.1990476, -6.4725585, -6.329504 ,
       -5.92184  , -6.565629 , -6.1990476, -6.565629 , -4.88161  ,
       -6.565629 , -6.565629 , -6.565629 , -6.1990476, -5.8507166,
       -6.1990476, -6.1990476, -5.92184  , -4.88161  , -6.565629 ,
       -5.92184  , -6.565629 , -5.658862 , -6.1990476, -6.1990476,
       -6.1990476, -6.1990476, -6.565629 , -5.658862 , -5.372791 ,
       -6.259522 , -6.088554 , -6.259522 , -5.83503  , -5.5800376,
       -6.565629 , -6.565629 , -6.565629 , -6.565629 , -6.565629 ,
       -5.83503  , -5.5800376, -5.658862 , -4.558027 , -5.324197 ,
       -5.5800376, -5.9377756, -6.565629 , -6.565629 , -6.565629 ,
       -6.565629 , -6.565629 , -6.1990476, -6.565629 , -6.845778 ,
       -6.565629 , -6.2289453, -5.448439 , -6.182821 , -4.88161  ,
       -5.033406 , -4.88161  , -5.033406 , -6.143865 , -4.88161  ,
       -5.0479927, -4.88161  , -4.88161  , -4.88161  , -4.88161  ,
       -4.88161  , -4.88161  , -5.0479927, -4.88161  , -5.0479927,
       -5.0479927, -5.0479927], dtype=float32), array([-6.580851 , -6.1531444, -6.1531444, -5.8489313, -5.846124 ,
       -5.24634  , -5.9004345, -5.24634  , -5.7618785, -6.3364797,
       -5.8883553, -6.1531444, -5.9004345, -6.1531444, -5.846124 ,
       -5.846124 , -6.755789 , -6.755789 , -5.9004345, -6.580851 ,
       -5.8883553, -6.2037487, -6.1531444, -4.946965 , -5.846124 ,
       -5.8883553, -6.1531444, -6.1531444, -6.1630282, -5.8883553,
       -7.2844305, -6.988366 , -6.1531444, -6.2548203, -6.1531444,
       -6.2548203, -6.1531444, -5.772873 , -6.1531444, -5.846124 ,
       -6.1630282, -6.2037487, -6.1630282, -4.946965 , -6.122175 ,
       -5.8681645, -6.2548203, -6.1531444, -6.1531444, -5.768504 ,
       -7.0809455, -6.755789 , -6.1531444, -6.1531444, -6.1630282,
       -6.580851 , -6.580851 , -6.2548203, -5.846124 , -6.580851 ,
       -6.1630282, -6.2548203, -5.8883553, -6.236273 , -5.8883553,
       -5.2951865, -6.581926 , -5.873521 , -6.1531444, -6.580851 ,
       -6.2037487, -6.580851 , -6.1531444, -6.580851 , -5.8883553,
       -5.8883553, -5.8883553, -6.1531444, -6.580851 , -6.580851 ,
       -6.1630282, -6.2037487, -6.1531444, -5.897723 , -6.2037487,
       -6.2037487, -6.580851 , -6.3364797, -6.580851 , -6.580851 ,
       -6.6607146, -6.6607146, -6.236273 , -6.2548203, -5.846124 ,
       -6.6607146, -6.1531444, -6.580851 , -6.1531444, -6.1531444,
       -6.580851 , -6.580851 , -6.6607146, -6.2037487, -6.2548203,
       -6.1531444, -6.1531444, -6.580851 , -6.580851 , -6.580851 ,
       -5.9004345, -6.2548203, -6.580851 , -5.4689474, -6.6607146,
       -6.580851 , -6.580851 , -6.580851 , -6.580851 , -6.580851 ,
       -6.580851 , -6.580851 , -6.2037487, -6.580851 , -5.8761864,
       -6.580682 , -6.580851 , -6.580851 , -6.580851 , -6.580851 ,
       -6.580851 , -6.6607146, -6.3364797, -6.580851 , -6.580851 ,
       -6.580851 , -6.580851 , -5.873521 , -6.580851 , -7.2285504,
       -6.580851 , -6.1630282, -6.755789 , -6.6607146, -6.580851 ,
       -4.946965 , -6.580851 , -6.1630282, -6.1531444, -6.580851 ,
       -6.580851 , -6.580851 , -6.580851 , -4.946965 , -6.580851 ,
       -6.580851 , -6.580851 , -6.1531444, -6.580682 , -6.580851 ,
       -6.1531444, -6.580851 , -6.580851 , -6.580851 , -5.897723 ,
       -6.580851 , -6.580851 , -6.580851 , -6.1531444, -6.580851 ,
       -6.580851 , -4.946965 , -6.580851 , -6.1531444, -6.580851 ,
       -6.350337 , -6.1531444, -6.1531444, -6.350337 , -6.3301764,
       -5.9004345, -6.580851 , -6.1531444, -6.580851 , -4.946965 ,
       -6.580851 , -6.580851 , -6.580851 , -6.1531444, -5.846124 ,
       -6.1531444, -6.1531444, -5.9004345, -4.946965 , -6.580851 ,
       -5.9004345, -6.580851 , -5.7283125, -6.1531444, -6.1531444,
       -6.1531444, -6.1531444, -6.580851 , -5.7283125, -5.188887 ,
       -5.822409 , -6.5664454, -5.822409 , -5.772905 , -5.7618785,
       -6.580851 , -6.580851 , -6.580851 , -6.580851 , -6.580851 ,
       -5.772905 , -5.7618785, -5.7283125, -5.5545287, -5.856258 ,
       -5.7618785, -5.869247 , -6.580851 , -6.580851 , -6.580851 ,
       -6.580851 , -6.580851 , -6.1531444, -6.580851 , -6.4540925,
       -6.580851 , -6.2312307, -5.496964 , -6.2159333, -4.946965 ,
       -5.0493436, -4.946965 , -5.0493436, -6.3122406, -4.946965 ,
       -5.0453286, -4.946965 , -4.946965 , -4.946965 , -4.946965 ,
       -4.946965 , -4.946965 , -5.0453286, -4.946965 , -5.0453286,
       -5.0453286, -5.0453286], dtype=float32)]","[-6.5732727 -6.194278  -6.194278  -5.8713884 -5.842456  -6.6441817
 -5.876054  -6.6441817 -5.655141  -6.281542  -5.9192705 -6.194278
 -5.876054  -6.194278  -5.842456  -5.842456  -6.814331  -6.814331
 -5.876054  -6.5732727 -5.9192705 -6.16461   -6.194278  -4.958506
 -5.842456  -5.9192705 -6.194278  -6.194278  -6.1649323 -5.9192705
 -7.0660987 -7.0217743 -6.194278  -6.2412105 -6.194278  -6.2412105
 -6.194278  -5.700471  -6.194278  -5.842456  -6.1649323 -6.16461
 -6.1649323 -4.958506  -6.318771  -5.802972  -6.2412105 -6.194278
 -6.194278  -5.635728  -7.094186  -6.814331  -6.194278  -6.194278
 -6.1649323 -6.5732727 -6.5732727 -6.2412105 -5.842456  -6.5732727
 -6.1649323 -6.2412105 -5.9192705 -6.1924477 -5.9192705 -5.2180905
 -7.0327277 -5.883874  -6.194278  -6.5732727 -6.16461   -6.5732727
 -6.194278  -6.5732727 -5.9192705 -5.9192705 -5.9192705 -6.194278
 -6.5732727 -6.5732727 -6.1649323 -6.16461   -6.194278  -6.1673594
 -6.16461   -6.16461   -6.5732727 -6.281542  -6.5732727 -6.5732727
 -6.5551767 -6.5551767 -6.1924477 -6.2412105 -5.842456  -6.5551767
 -6.194278  -6.5732727 -6.194278  -6.194278  -6.5732727 -6.5732727
 -6.5551767 -6.16461   -6.2412105 -6.194278  -6.194278  -6.5732727
 -6.5732727 -6.5732727 -5.876054  -6.2412105 -6.5732727 -5.480526
 -6.5551767 -6.5732727 -6.5732727 -6.5732727 -6.5732727 -6.5732727
 -6.5732727 -6.5732727 -6.16461   -6.5732727 -5.8752484 -6.532673
 -6.5732727 -6.5732727 -6.5732727 -6.5732727 -6.5732727 -6.5551767
 -6.281542  -6.5732727 -6.5732727 -6.5732727 -6.5732727 -5.883874
 -6.5732727 -7.465112  -6.5732727 -6.1649323 -6.814331  -6.5551767
 -6.5732727 -4.958506  -6.5732727 -6.1649323 -6.194278  -6.5732727
 -6.5732727 -6.5732727 -6.5732727 -4.958506  -6.5732727 -6.5732727
 -6.5732727 -6.194278  -6.532673  -6.5732727 -6.194278  -6.5732727
 -6.5732727 -6.5732727 -6.1673594 -6.5732727 -6.5732727 -6.5732727
 -6.194278  -6.5732727 -6.5732727 -4.958506  -6.5732727 -6.194278
 -6.5732727 -6.345613  -6.194278  -6.194278  -6.345613  -6.328256
 -5.876054  -6.5732727 -6.194278  -6.5732727 -4.958506  -6.5732727
 -6.5732727 -6.5732727 -6.194278  -5.842456  -6.194278  -6.194278
 -5.876054  -4.958506  -6.5732727 -5.876054  -6.5732727 -5.681722
 -6.194278  -6.194278  -6.194278  -6.194278  -6.5732727 -5.681722
 -5.4370694 -6.260967  -6.4284463 -6.260967  -5.897107  -5.655141
 -6.5732727 -6.5732727 -6.5732727 -6.5732727 -6.5732727 -5.897107
 -5.655141  -5.681722  -4.9555035 -5.746415  -5.655141  -5.9604354
 -6.5732727 -6.5732727 -6.5732727 -6.5732727 -6.5732727 -6.194278
 -6.5732727 -6.730302  -6.5732727 -6.17116   -5.450833  -5.9974647
 -4.958506  -5.012404  -4.958506  -5.012404  -6.2671137 -4.958506
 -5.010373  -4.958506  -4.958506  -4.958506  -4.958506  -4.958506
 -4.958506  -5.010373  -4.958506  -5.010373  -5.010373  -5.010373 ]","[0.01500719 0.02424291 0.02424291 0.03467917 0.0227771  0.6989261
 0.09001938 0.6989261  0.10965512 0.07642557 0.01958168 0.02424291
 0.09001938 0.02424291 0.0227771  0.0227771  0.13241822 0.13241822
 0.09001938 0.01500719 0.01958168 0.03346342 0.02424291 0.04872636
 0.0227771  0.01958168 0.02424291 0.02424291 0.02569358 0.01958168
 0.17944026 0.16534929 0.02424291 0.05188259 0.02424291 0.05188259
 0.02424291 0.13182122 0.02424291 0.0227771  0.02569358 0.03346342
 0.02569358 0.04872636 0.13264655 0.05965224 0.05188259 0.02424291
 0.02424291 0.16306573 0.12757641 0.13241822 0.02424291 0.02424291
 0.02569358 0.01500719 0.01500719 0.05188259 0.0227771  0.01500719
 0.02569358 0.05188259 0.01958168 0.11068219 0.01958168 0.2783796
 0.22542803 0.05791799 0.02424291 0.01500719 0.03346342 0.01500719
 0.02424291 0.01500719 0.01958168 0.01958168 0.01958168 0.02424291
 0.01500719 0.01500719 0.02569358 0.03346342 0.02424291 0.14376734
 0.03346342 0.03346342 0.01500719 0.07642557 0.01500719 0.01500719
 0.11502609 0.11502609 0.11068219 0.05188259 0.0227771  0.11502609
 0.02424291 0.01500719 0.02424291 0.02424291 0.01500719 0.01500719
 0.11502609 0.03346342 0.05188259 0.02424291 0.02424291 0.01500719
 0.01500719 0.01500719 0.09001938 0.05188259 0.01500719 0.09438912
 0.11502609 0.01500719 0.01500719 0.01500719 0.01500719 0.01500719
 0.01500719 0.01500719 0.03346342 0.01500719 0.03199967 0.21066222
 0.01500719 0.01500719 0.01500719 0.01500719 0.01500719 0.11502609
 0.07642557 0.01500719 0.01500719 0.01500719 0.01500719 0.05791799
 0.01500719 0.14878313 0.01500719 0.02569358 0.13241822 0.11502609
 0.01500719 0.04872636 0.01500719 0.02569358 0.02424291 0.01500719
 0.01500719 0.01500719 0.01500719 0.04872636 0.01500719 0.01500719
 0.01500719 0.02424291 0.21066222 0.01500719 0.02424291 0.01500719
 0.01500719 0.01500719 0.14376734 0.01500719 0.01500719 0.01500719
 0.02424291 0.01500719 0.01500719 0.04872636 0.01500719 0.02424291
 0.01500719 0.07676611 0.02424291 0.02424291 0.07676611 0.13034812
 0.09001938 0.01500719 0.02424291 0.01500719 0.04872636 0.01500719
 0.01500719 0.01500719 0.02424291 0.0227771  0.02424291 0.02424291
 0.09001938 0.04872636 0.01500719 0.09001938 0.01500719 0.03168769
 0.02424291 0.02424291 0.02424291 0.02424291 0.01500719 0.03168769
 0.24442437 0.27761486 0.1892552  0.27761486 0.10043436 0.10965512
 0.01500719 0.01500719 0.01500719 0.01500719 0.01500719 0.10043436
 0.10965512 0.03168769 0.32568708 0.21159516 0.10965512 0.10955516
 0.01500719 0.01500719 0.01500719 0.01500719 0.01500719 0.02424291
 0.01500719 0.18079378 0.01500719 0.11222763 0.02671084 0.42276764
 0.04872636 0.06765256 0.04872636 0.06765256 0.11792024 0.04872636
 0.03243633 0.04872636 0.04872636 0.04872636 0.04872636 0.04872636
 0.04872636 0.03243633 0.04872636 0.03243633 0.03243633 0.03243633]"
6,ExtraTreesRegressor,"[-6.587669172932343, -7.26999999999999, -7.26999999999999, -5.779999999999985, -6.189531249999998, -6.740000000000006, -5.813750000000015, -6.189531249999998, -6.587669172932343, -6.189531249999998, -6.740000000000006, -5.85000000000001, -6.189531249999998, -5.779999999999985, -6.195000000000005, -6.189531249999998, -6.189531249999998, -5.930370370370379, -6.233124999999984, -6.553333333333327, -6.553333333333327, -6.189531249999998, -6.199189189189191, -6.1754596307142755, -6.199189189189191, -5.85000000000001, -6.903333333333318, -5.85000000000001, -6.233124999999984, -6.903333333333318, -6.29750000000001, -5.85000000000001, -6.189531249999998, -6.189531249999998, -6.199189189189191, -6.189531249999998, -5.85000000000001, -5.8949999999999925, -5.800000000000001, -6.741666666666672, -6.189531249999998, -6.189531249999998, -6.29750000000001, -5.959999999999997, -6.189531249999998, -6.189531249999998, -6.587669172932343, -6.587669172932343, -6.189531249999998, -6.587669172932343, -6.587669172932343, -6.189531249999998, -6.199189189189191, -6.195000000000005, -6.233124999999984, -5.930370370370379, -6.587669172932343, -6.587669172932343, -6.587669172932343, -5.8949999999999925, -6.189531249999998, -6.587669172932343, -5.930370370370379, -6.1754596307142755, -6.189531249999998, -6.189531249999998, -6.199189189189191, -6.199189189189191, -6.189531249999998, -6.199189189189191, -6.587669172932343, -6.189531249999998, -6.189531249999998, -6.587669172932343, -6.572978305280002, -6.29750000000001, -6.233124999999984, -6.587669172932343, -6.29750000000001, -6.189531249999998, -6.189531249999998, -6.189531249999998, -6.195000000000005, -6.587669172932343, -6.587669172932343, -6.330000000000004, -6.233124999999984, -6.587669172932343, -6.587669172932343, -6.189531249999998, -6.189531249999998, -6.29750000000001, -6.587669172932343, -6.233124999999984, -5.902105263157901, -5.470000000000014, -6.587669172932343, -6.587669172932343, -6.587669172932343, -6.587669172932343, -6.233124999999984, -6.587669172932343, -4.938478260869556, -6.587669172932343, -6.587669172932343, -7.037500000000012, -6.330000000000004, -6.29750000000001, -5.892500000000001, -6.587669172932343, -6.587669172932343, -6.587669172932343, -6.587669172932343, -6.1754596307142755, -6.1754596307142755, -6.587669172932343, -6.587669172932343, -6.587669172932343, -6.587669172932343, -6.587669172932343, -6.572978305280002, -6.587669172932343, -6.587669172932343, -6.587669172932343, -6.587669172932343, -6.587669172932343, -5.85000000000001, -6.189531249999998, -6.189531249999998, -6.587669172932343, -6.587669172932343, -6.587669172932343, -6.587669172932343, -6.587669172932343, -6.587669172932343, -6.587669172932343, -6.587669172932343, -6.236666666666675, -6.236666666666675, -6.236666666666675, -6.134999999999994, -5.649285714285721, -6.236666666666675, -6.236666666666675, -6.587669172932343, -5.85000000000001, -6.189531249999998, -4.938478260869556, -6.587669172932343, -6.587669172932343, -6.587669172932343, -6.587669172932343, -6.587669172932343, -6.587669172932343, -5.649285714285721, -4.938478260869556, -6.189531249999998, -6.587669172932343, -4.938478260869556, -6.189531249999998, -6.587669172932343, -6.189531249999998, -5.649285714285721, -5.649285714285721, -5.649285714285721, -6.700000000000005, -5.149999999999991, -5.88999999999999, -5.850350000000004, -4.966956521739124, -5.649285714285721, -5.813750000000015, -6.587669172932343, -6.587669172932343, -6.587669172932343, -6.077142857142851, -5.649285714285721, -6.587669172932343, -6.587669172932343, -5.813750000000015, -6.587669172932343, -6.587669172932343, -6.587669172932343, -5.813750000000015, -5.61000000000001, -6.189531249999998, -5.720000000000015, -5.649285714285721, -5.415000000000007, -6.98000000000001, -6.467499999999984, -6.467499999999984, -4.938478260869556, -4.880986921999991, -4.880986921999991, -4.938478260869556, -4.938478260869556, -4.966956521739124, -4.938478260869556, -4.938478260869556, -4.938478260869556, -4.966956521739124, -7.227499999999996, -7.227499999999996, -6.548173431734313, -5.798666666666678, -5.919130434782611, -6.44000000000001, -5.798666666666678, -5.798666666666678, -5.798666666666678, -5.798666666666678, -5.798666666666678, -6.202089552238814, -5.620000000000004, -6.548173431734313, -6.338750000000004, -6.137777777777774, -6.114571428571434, -6.202089552238814, -6.114571428571434, -5.728571428571433, -6.202089552238814, -5.955000000000001, -6.202089552238814, -6.202089552238814, -5.919130434782611, -5.820000000000001, -6.137777777777774, -5.955000000000001, -5.75945075200001, -6.202089552238814, -6.202089552238814, -6.114571428571434, -5.919130434782611, -6.548173431734313, -6.548173431734313, -6.5, -6.206475016043478, -6.137777777777774, -5.919130434782611, -6.73833333333334, -6.202089552238814, -6.202089552238814, -6.202089552238814, -5.820000000000001, -6.368110996421055, -6.467499999999984, -5.75945075200001, -5.919130434782611, -6.206475016043478, -6.202089552238814, -5.820000000000001, -6.5, -5.798666666666678, -5.3533333333333415, -7.11000000000001, -6.114571428571434, -6.206475016043478, -5.919130434782611, -5.98500000000001, -5.98500000000001, -5.728571428571433, -6.202089552238814, -6.114571428571434, -6.114571428571434, -5.820000000000001, -5.919130434782611, -6.206475016043478, -6.368110996421055, -6.206475016043478, -6.206475016043478, -6.202089552238814, -6.3125, -6.548173431734313, -6.368110996421055, -6.165909090909091, -6.114571428571434, -6.114571428571434, -6.548173431734313, -6.548173431734313, -6.368110996421055, -6.548173431734313, -6.548173431734313, -6.548173431734313, -6.137777777777774, -6.137777777777774, -6.299999999999998, -5.820000000000001, -6.114571428571434, -6.548173431734313, -6.368110996421055, -6.202089552238814, -6.548173431734313, -6.368110996421055, -6.548173431734313, -6.548173431734313, -6.548173431734313, -6.548173431734313, -6.548173431734313, -5.98500000000001, -6.548173431734313, -6.548173431734313, -6.548173431734313, -5.728571428571433, -6.206475016043478, -6.206475016043478, -6.548173431734313, -6.548173431734313, -6.206475016043478, -6.548173431734313, -6.368110996421055, -6.548173431734313, -6.548173431734313, -6.548173431734313, -6.508638306, -6.368110996421055, -6.548173431734313, -6.202089552238814, -6.548173431734313, -6.548173431734313, -6.202089552238814, -6.548173431734313, -6.548173431734313, -6.548173431734313, -6.202089552238814, -6.548173431734313, -6.548173431734313, -6.202089552238814, -6.202089552238814, -6.548173431734313, -6.548173431734313, -6.548173431734313, -5.955000000000001, -6.3583333333333405, -6.548173431734313, -6.202089552238814, -5.711764705882349, -6.549999999999996, -6.548173431734313, -6.548173431734313, -5.711764705882349, -6.548173431734313, -6.548173431734313, -6.548173431734313, -6.3583333333333405, -6.548173431734313, -6.202089552238814, -5.711764705882349, -6.548173431734313, -6.202089552238814, -6.202089552238814, -6.202089552238814, -6.548173431734313, -6.202089552238814, -4.995714285714285, -6.548173431734313, -5.955000000000001, -6.548173431734313, -6.548173431734313, -6.202089552238814, -6.548173431734313, -6.548173431734313, -6.548173431734313, -4.995714285714285, -5.711764705882349, -6.05, -5.711764705882349, -7.70000000000001, -6.548173431734313, -6.548173431734313, -6.548173431734313, -6.548173431734313, -5.898333333333324, -5.898333333333324, -6.548173431734313, -6.548173431734313, -5.569090909090908, -7.70000000000001, -6.548173431734313, -5.454999999999997, -6.625, -7.70000000000001, -4.995714285714285, -4.995714285714285, -4.995714285714285, -4.995714285714285, -4.995714285714285, -4.995714285714285, -4.995714285714285, -5.007894736842105, -5.007894736842105, -4.995714285714285, -4.995714285714285, -4.995714285714285, -4.995714285714285, -5.062741012000003, -5.062741012000003, -5.007894736842105, -4.995714285714285, -5.007894736842105, -5.007894736842105, -5.007894736842105, -5.007894736842105, -6.88999999999999, -6.1339393939393885, -5.945833333333327, -5.945833333333327, -6.228740740740741, -5.866470588235299, -6.228740740740741, -5.5699999999999985, -5.821428571428566, -5.959999999999997, -7.070000000000009, -7.070000000000009, -6.299999999999998, -5.800000000000001, -5.701538461538462, -6.228740740740741, -6.586408730158726, -5.821428571428566, -6.228740740740741, -6.823908741000001, -6.1339393939393885, -6.147852689500001, -7.070000000000009, -6.1339393939393885, -5.866470588235299, -6.5449999999999955, -6.228740740740741, -6.1339393939393885, -6.147852689500001, -5.945833333333327, -6.228740740740741, -6.586408730158726, -6.228740740740741, -5.866470588235299, -6.586408730158726, -6.586408730158726, -6.1339393939393885, -6.710000000000003, -5.821428571428566, -5.945833333333327, -7.309999999999985, -6.586408730158726, -6.228740740740741, -6.228740740740741, -6.1339393939393885, -6.147852689500001, -6.586408730158726, -6.1339393939393885, -6.76999999999999, -7.309999999999985, -5.9875, -6.228740740740741, -6.147852689500001, -6.586408730158726, -6.205000000000004, -6.586408730158726, -6.586408730158726, -6.299999999999998, -6.586408730158726, -6.586408730158726, -6.586408730158726, -6.1339393939393885, -5.945833333333327, -6.228740740740741, -6.586408730158726, -6.147852689500001, -6.228740740740741, -6.1339393939393885, -6.586408730158726, -6.228740740740741, -6.228740740740741, -6.228740740740741, -6.586408730158726, -6.586408730158726, -6.586408730158726, -5.866470588235299, -6.586408730158726, -6.586408730158726, -6.500297227391306, -5.945833333333327, -6.147852689500001, -6.586408730158726, -6.586408730158726, -6.1339393939393885, -6.228740740740741, -6.586408730158726, -6.27095238095239, -6.1339393939393885, -6.228740740740741, -5.701538461538462, -5.701538461538462, -6.586408730158726, -6.586408730158726, -6.586408730158726, -6.586408730158726, -6.27095238095239, -7.287500000000012, -6.500297227391306, -6.500297227391306, -6.228740740740741, -6.586408730158726, -6.586408730158726, -6.586408730158726, -6.586408730158726, -6.586408730158726, -6.586408730158726, -6.586408730158726, -6.500297227391306, -6.586408730158726, -5.9875, -6.169999999999996, -6.586408730158726, -6.586408730158726, -6.228740740740741, -6.586408730158726, -6.586408730158726, -6.586408730158726, -5.800000000000001, -6.586408730158726, -6.586408730158726, -6.586408730158726, -6.586408730158726, -6.586408730158726, -6.586408730158726, -6.586408730158726, -6.586408730158726, -6.586408730158726, -6.586408730158726, -6.586408730158726, -6.586408730158726, -6.586408730158726, -6.586408730158726, -6.586408730158726, -6.169999999999996, -6.586408730158726, -6.200109799885711, -6.586408730158726, -6.586408730158726, -6.586408730158726, -6.586408730158726, -6.228740740740741, -6.586408730158726, -6.586408730158726, -6.290000000000001, -6.586408730158726, -6.586408730158726, -6.586408730158726, -6.586408730158726, -6.3072727272727205, -6.3072727272727205, -6.3072727272727205, -6.304999999999995, -5.701538461538462, -5.663333333333338, -6.3072727272727205, -6.228740740740741, -6.586408730158726, -5.701538461538462, -6.228740740740741, -6.228740740740741, -6.586408730158726, -6.586408730158726, -6.228740740740741, -5.701538461538462, -5.701538461538462, -6.228740740740741, -5.663333333333338, -5.016799999999993, -5.016799999999993, -5.663333333333338, -4.8500000000000085, -6.019999999999991, -6.586408730158726, -6.586408730158726, -5.663333333333338, -6.586408730158726, -6.586408730158726, -5.5527272727272745, -6.586408730158726, -6.586408730158726, -6.586408730158726, -6.586408730158726, -6.586408730158726, -6.586408730158726, -6.9600000000000035, -5.425000000000004, -6.9600000000000035, -5.4375, -4.9864999999999915, -5.0416176257999865, -5.016799999999993, -5.0416176257999865, -6.155999999999995, -5.016799999999993, -5.016799999999993, -5.016799999999993, -4.9864999999999915, -4.9864999999999915, -4.9864999999999915, -4.9864999999999915, -4.9864999999999915, -6.566123595505621, -7.392000000000014, -5.913333333333336, -7.220000000000017, -5.910799999999996, -6.157272727272714, -6.198677685950421, -5.763333333333325, -5.850526315789467, -6.134999999999994, -6.198677685950421, -5.922500000000009, -6.157272727272714, -6.157272727272714, -6.198677685950421, -6.157272727272714, -6.198677685950421, -6.134999999999994, -6.134999999999994, -6.134999999999994, -7.6989700039999915, -6.198677685950421, -6.198677685950421, -6.4203668344999905, -6.288823529411766, -6.566123595505621, -6.566123595505621, -6.288823529411766, -6.198677685950421, -6.198677685950421, -5.922500000000009, -6.198677685950421, -6.198677685950421, -6.198677685950421, -6.130956527307705, -6.198677685950421, -6.198677685950421, -6.157272727272714, -6.198677685950421, -6.198677685950421, -6.198677685950421, -6.198677685950421, -6.198677685950421, -6.130956527307705, -6.566123595505621, -6.198677685950421, -6.198677685950421, -6.198677685950421, -5.850526315789467, -6.767500000000005, -6.198677685950421, -5.4933333333333385, -5.910799999999996, -6.266499999999995, -6.157272727272714, -6.198677685950421, -6.157272727272714, -5.913333333333336, -5.910799999999996, -6.266499999999995, -6.566123595505621, -6.198677685950421, -6.198677685950421, -6.566123595505621, -6.566123595505621, -6.566123595505621, -5.910799999999996, -6.288823529411766, -6.785000000000001, -6.198677685950421, -6.130956527307705, -6.198677685950421, -6.198677685950421, -6.157272727272714, -6.566123595505621, -6.566123595505621, -6.566123595505621, -6.745000000000004, -6.157272727272714, -6.288823529411766, -6.157272727272714, -5.6449999999999925, -5.6449999999999925, -6.566123595505621, -5.910799999999996, -6.288823529411766, -6.288823529411766, -5.922500000000009, -6.682722881600009, -6.682722881600009, -6.566123595505621, -6.566123595505621, -6.746666666666669, -6.682722881600009, -6.566123595505621, -6.566123595505621, -6.682722881600009, -6.566123595505621, -6.566123595505621, -6.566123595505621, -6.566123595505621, -6.566123595505621, -5.579999999999999, -6.566123595505621, -6.566123595505621, -6.130956527307705, -6.566123595505621, -6.566123595505621, -6.566123595505621, -6.566123595505621, -6.682722881600009, -6.130956527307705, -4.878048780487803, -6.130956527307705, -6.566123595505621, -6.157272727272714, -5.922500000000009, -6.472500000000002, -6.566123595505621, -6.566123595505621, -6.566123595505621, -6.566123595505621, -6.682722881600009, -6.566123595505621, -6.566123595505621, -6.566123595505621, -6.566123595505621, -6.566123595505621, -6.566123595505621, -6.566123595505621, -6.566123595505621, -4.878048780487803, -6.566123595505621, -6.198677685950421, -6.566123595505621, -5.990000000000006, -6.566123595505621, -6.566123595505621, -6.472500000000002, -4.878048780487803, -6.566123595505621, -4.878048780487803, -6.566123595505621, -6.198677685950421, -6.198677685950421, -6.566123595505621, -4.878048780487803, -6.198677685950421, -6.566123595505621, -6.566123595505621, -6.566123595505621, -4.878048780487803, -6.198677685950421, -6.198677685950421, -6.198677685950421, -6.198677685950421, -6.198677685950421, -4.878048780487803, -6.566123595505621, -6.198677685950421, -6.198677685950421, -5.659473684210526, -5.100331818181818, -6.682722881600009, -5.659473684210526, -5.100000000000009, -5.579999999999999, -6.566123595505621, -6.566123595505621, -5.837142857142859, -5.579999999999999, -5.659473684210526, -4.555000000000006, -6.566123595505621, -5.579999999999999, -5.579999999999999, -6.566123595505621, -6.566123595505621, -6.566123595505621, -6.566123595505621, -6.622499999999989, -6.566123595505621, -6.566123595505621, -6.566123595505621, -4.878048780487803, -6.845000000000017, -6.566123595505621, -6.566123595505621, -5.035209695999993, -6.144000000000005, -4.878048780487803, -4.878048780487803, -4.878048780487803, -4.878048780487803, -5.048636363636373, -4.878048780487803, -5.048636363636373, -5.048636363636373, -5.048636363636373, -4.878048780487803, -4.878048780487803, -6.581420454545457, -7.385999999999998, -4.943333333333329, -6.1532786885245905, -5.8871428571428615, -6.1532786885245905, -6.662500000000012, -6.1532786885245905, -6.1532786885245905, -6.162580616080004, -7.284999999999999, -6.249500000000008, -5.901250000000004, -6.1532786885245905, -6.1532786885245905, -6.1532786885245905, -6.581420454545457, -6.162580616080004, -5.8871428571428615, -5.8871428571428615, -6.34375, -6.1532786885245905, -6.2013157894736874, -5.845789473684209, -5.8871428571428615, -5.845789473684209, -6.1532786885245905, -6.1532786885245905, -6.581420454545457, -6.1532786885245905, -5.8871428571428615, -6.753333333333331, -6.581420454545457, -6.162580616080004, -6.1532786885245905, -6.1532786885245905, -6.1532786885245905, -6.162580616080004, -5.8025000000000055, -6.843333333333351, -5.8871428571428615, -6.1532786885245905, -6.1532786885245905, -5.901250000000004, -5.800000000000001, -7.23000000000001, -6.162580616080004, -5.919999999999999, -6.2013157894736874, -6.2013157894736874, -6.1532786885245905, -6.581420454545457, -6.1532786885245905, -6.1532786885245905, -6.581420454545457, -5.8871428571428615, -5.8871428571428615, -5.8871428571428615, -6.235454545454555, -6.1532786885245905, -6.1532786885245905, -6.581420454545457, -5.870000000000004, -6.2013157894736874, -6.581420454545457, -6.162580616080004, -6.986666666666675, -6.663124293047633, -6.663124293047633, -6.2013157894736874, -6.249500000000008, -6.249500000000008, -6.1532786885245905, -6.581420454545457, -5.8025000000000055, -6.1532786885245905, -6.1532786885245905, -6.1532786885245905, -6.581420454545457, -6.581420454545457, -6.581420454545457, -6.663124293047633, -6.2013157894736874, -6.1532786885245905, -6.581420454545457, -5.877142857142867, -6.986666666666675, -6.663124293047633, -6.1532786885245905, -6.1532786885245905, -6.581420454545457, -6.581420454545457, -6.581420454545457, -6.581420454545457, -5.901250000000004, -6.1532786885245905, -6.1532786885245905, -6.581420454545457, -6.581420454545457, -6.581420454545457, -6.581420454545457, -6.581420454545457, -6.581420454545457, -6.581420454545457, -6.581420454545457, -6.663124293047633, -6.581420454545457, -6.581420454545457, -6.581420454545457, -6.162580616080004, -6.581420454545457, -6.581420454545457, -6.581420454545457, -6.581420454545457, -6.080921908000004, -5.7774999999999945, -6.350000000000011, -6.581420454545457, -6.581420454545457, -6.581420454545457, -6.581420454545457, -6.663124293047633, -6.581420454545457, -6.581420454545457, -6.581420454545457, -6.663124293047633, -6.1532786885245905, -6.581420454545457, -5.870000000000004, -6.1532786885245905, -6.581420454545457, -6.581420454545457, -6.581420454545457, -6.581420454545457, -6.581420454545457, -6.581420454545457, -6.581420454545457, -6.581420454545457, -6.581420454545457, -6.581420454545457, -6.1532786885245905, -5.901250000000004, -4.943333333333329, -6.1532786885245905, -6.581420454545457, -6.581420454545457, -6.350000000000011, -6.581420454545457, -5.729, -6.1532786885245905, -6.1532786885245905, -4.943333333333329, -6.581420454545457, -6.581420454545457, -4.943333333333329, -6.1532786885245905, -4.943333333333329, -6.1532786885245905, -4.943333333333329, -4.930000000000006, -5.729, -5.820000000000001, -5.7774999999999945, -5.7774999999999945, -6.581420454545457, -5.762999999999995, -6.581420454545457, -6.581420454545457, -6.581420454545457, -6.581420454545457, -6.581420454545457, -5.7774999999999945, -5.762999999999995, -5.550000000000003, -5.550000000000003, -6.581420454545457, -6.581420454545457, -6.581420454545457, -6.453333333333334, -6.453333333333334, -5.444999999999998, -6.080000000000002, -6.581420454545457, -6.581420454545457, -5.496666666666669, -5.496666666666669, -5.046499999999992, -5.046499999999992, -5.05219403950001, -6.3125, -6.3125, -4.943333333333329, -4.943333333333329, -4.943333333333329, -5.046499999999992, -4.943333333333329, -5.046499999999992, -5.046499999999992, -4.943333333333329, -5.046499999999992, -4.943333333333329]","0     -7.22
1     -6.21
2     -7.24
3     -5.92
4     -5.96
       ... 
247   -6.00
248   -3.99
249   -5.24
250   -4.77
251   -4.71
Name: Permeability, Length: 252, dtype: float64","[array([-6.58766917, -6.18953125, -6.18953125, -5.85      , -5.85      ,
       -7.        , -5.90210526, -7.        , -5.81375   , -6.33      ,
       -5.93037037, -6.18953125, -5.90210526, -6.18953125, -5.85      ,
       -5.85      , -6.74166667, -6.74166667, -5.90210526, -6.58766917,
       -5.93037037, -6.19918919, -6.18953125, -4.93847826, -5.85      ,
       -5.93037037, -6.18953125, -6.18953125, -6.17545963, -5.93037037,
       -6.74      , -7.0375    , -6.18953125, -6.233125  , -6.18953125,
       -6.233125  , -6.18953125, -6.19918919, -6.18953125, -5.85      ,
       -6.17545963, -6.19918919, -6.17545963, -4.93847826, -6.29478011,
       -5.95889464, -6.233125  , -6.18953125, -6.18953125, -5.3775    ,
       -6.90333333, -6.74166667, -6.18953125, -6.18953125, -6.17545963,
       -6.58766917, -6.58766917, -6.233125  , -5.85      , -6.58766917,
       -6.17545963, -6.233125  , -5.93037037, -6.2975    , -5.93037037,
       -5.95889464, -7.15490196, -5.8925    , -6.18953125, -6.58766917,
       -6.19918919, -6.58766917, -6.18953125, -6.58766917, -5.93037037,
       -5.93037037, -5.93037037, -6.18953125, -6.58766917, -6.58766917,
       -6.17545963, -6.19918919, -6.18953125, -6.195     , -6.19918919,
       -6.19918919, -6.58766917, -6.33      , -6.58766917, -6.58766917,
       -6.57297831, -6.57297831, -6.2975    , -6.233125  , -5.85      ,
       -6.57297831, -6.18953125, -6.58766917, -6.18953125, -6.18953125,
       -6.58766917, -6.58766917, -6.57297831, -6.19918919, -6.233125  ,
       -6.18953125, -6.18953125, -6.58766917, -6.58766917, -6.58766917,
       -5.90210526, -6.233125  , -6.58766917, -5.47      , -6.57297831,
       -6.58766917, -6.58766917, -6.58766917, -6.58766917, -6.58766917,
       -6.58766917, -6.58766917, -6.19918919, -6.58766917, -5.895     ,
       -6.55333333, -6.58766917, -6.58766917, -6.58766917, -6.58766917,
       -6.58766917, -6.57297831, -6.33      , -6.58766917, -6.58766917,
       -6.58766917, -6.58766917, -5.8925    , -6.58766917, -7.464485  ,
       -6.58766917, -6.17545963, -6.74166667, -6.57297831, -6.58766917,
       -4.93847826, -6.58766917, -6.17545963, -6.18953125, -6.58766917,
       -6.58766917, -6.58766917, -6.58766917, -4.93847826, -6.58766917,
       -6.58766917, -6.58766917, -6.18953125, -6.55333333, -6.58766917,
       -6.18953125, -6.58766917, -6.58766917, -6.58766917, -6.195     ,
       -6.58766917, -6.58766917, -6.58766917, -6.18953125, -6.58766917,
       -6.58766917, -4.93847826, -6.58766917, -6.18953125, -6.58766917,
       -6.23666667, -6.18953125, -6.18953125, -6.23666667, -6.135     ,
       -5.90210526, -6.58766917, -6.18953125, -6.58766917, -4.93847826,
       -6.58766917, -6.58766917, -6.58766917, -6.18953125, -5.85      ,
       -6.18953125, -6.18953125, -5.90210526, -4.93847826, -6.58766917,
       -5.90210526, -6.58766917, -5.64928571, -6.18953125, -6.18953125,
       -6.18953125, -6.18953125, -6.58766917, -5.64928571, -6.07714286,
       -6.7       , -6.13397143, -6.7       , -6.07714286, -5.81375   ,
       -6.58766917, -6.58766917, -6.58766917, -6.58766917, -6.58766917,
       -6.07714286, -5.81375   , -5.64928571, -4.88666667, -5.96      ,
       -5.81375   , -5.85035   , -6.58766917, -6.58766917, -6.58766917,
       -6.58766917, -6.58766917, -6.18953125, -6.58766917, -6.98      ,
       -6.58766917, -5.72      , -5.415     , -6.45593196, -4.93847826,
       -4.88098692, -4.93847826, -4.88098692, -6.4675    , -4.93847826,
       -4.96695652, -4.93847826, -4.93847826, -4.93847826, -4.93847826,
       -4.93847826, -4.93847826, -4.96695652, -4.93847826, -4.96695652,
       -4.96695652, -4.96695652]), array([-6.54817343, -6.20208955, -6.20208955, -5.79866667, -5.79866667,
       -7.        , -5.955     , -7.        , -5.56909091, -6.33875   ,
       -5.91913043, -6.20208955, -5.955     , -6.20208955, -5.79866667,
       -5.79866667, -6.73833333, -6.73833333, -5.955     , -6.54817343,
       -5.91913043, -6.11457143, -6.20208955, -4.99571429, -5.79866667,
       -5.91913043, -6.20208955, -6.20208955, -6.20647502, -5.91913043,
       -7.10333333, -7.022     , -6.20208955, -6.13777778, -6.20208955,
       -6.13777778, -6.20208955, -6.11457143, -6.20208955, -5.79866667,
       -6.20647502, -6.11457143, -6.20647502, -4.99571429, -6.50863831,
       -5.91505   , -6.13777778, -6.20208955, -6.20208955, -5.40453571,
       -7.11      , -6.73833333, -6.20208955, -6.20208955, -6.20647502,
       -6.54817343, -6.54817343, -6.13777778, -5.79866667, -6.54817343,
       -6.20647502, -6.13777778, -5.91913043, -6.16590909, -5.91913043,
       -5.91505   , -7.15490196, -5.985     , -6.20208955, -6.54817343,
       -6.11457143, -6.54817343, -6.20208955, -6.54817343, -5.91913043,
       -5.91913043, -5.91913043, -6.20208955, -6.54817343, -6.54817343,
       -6.20647502, -6.11457143, -6.20208955, -6.3125    , -6.11457143,
       -6.11457143, -6.54817343, -6.33875   , -6.54817343, -6.54817343,
       -6.368111  , -6.368111  , -6.16590909, -6.13777778, -5.79866667,
       -6.368111  , -6.20208955, -6.54817343, -6.20208955, -6.20208955,
       -6.54817343, -6.54817343, -6.368111  , -6.11457143, -6.13777778,
       -6.20208955, -6.20208955, -6.54817343, -6.54817343, -6.54817343,
       -5.955     , -6.13777778, -6.54817343, -5.35333333, -6.368111  ,
       -6.54817343, -6.54817343, -6.54817343, -6.54817343, -6.54817343,
       -6.54817343, -6.54817343, -6.11457143, -6.54817343, -5.82      ,
       -6.55333333, -6.54817343, -6.54817343, -6.54817343, -6.54817343,
       -6.54817343, -6.368111  , -6.33875   , -6.54817343, -6.54817343,
       -6.54817343, -6.54817343, -5.985     , -6.54817343, -7.464485  ,
       -6.54817343, -6.20647502, -6.73833333, -6.368111  , -6.54817343,
       -4.99571429, -6.54817343, -6.20647502, -6.20208955, -6.54817343,
       -6.54817343, -6.54817343, -6.54817343, -4.99571429, -6.54817343,
       -6.54817343, -6.54817343, -6.20208955, -6.55333333, -6.54817343,
       -6.20208955, -6.54817343, -6.54817343, -6.54817343, -6.3125    ,
       -6.54817343, -6.54817343, -6.54817343, -6.20208955, -6.54817343,
       -6.54817343, -4.99571429, -6.54817343, -6.20208955, -6.54817343,
       -6.35833333, -6.20208955, -6.20208955, -6.35833333, -6.55      ,
       -5.955     , -6.54817343, -6.20208955, -6.54817343, -4.99571429,
       -6.54817343, -6.54817343, -6.54817343, -6.20208955, -5.79866667,
       -6.20208955, -6.20208955, -5.955     , -4.99571429, -6.54817343,
       -5.955     , -6.54817343, -5.71176471, -6.20208955, -6.20208955,
       -6.20208955, -6.20208955, -6.54817343, -5.71176471, -5.89833333,
       -6.26      , -6.02618333, -6.26      , -5.89833333, -5.56909091,
       -6.54817343, -6.54817343, -6.54817343, -6.54817343, -6.54817343,
       -5.89833333, -5.56909091, -5.71176471, -4.88666667, -5.96      ,
       -5.56909091, -5.89      , -6.54817343, -6.54817343, -6.54817343,
       -6.54817343, -6.54817343, -6.20208955, -6.54817343, -6.625     ,
       -6.54817343, -6.24      , -5.455     , -6.45593196, -4.99571429,
       -5.06274101, -4.99571429, -5.06274101, -6.25666667, -4.99571429,
       -5.00789474, -4.99571429, -4.99571429, -4.99571429, -4.99571429,
       -4.99571429, -4.99571429, -5.00789474, -4.99571429, -5.00789474,
       -5.00789474, -5.00789474]), array([-6.58640873, -6.22874074, -6.22874074, -5.85      , -5.86647059,
       -7.        , -5.70153846, -7.        , -5.55272727, -6.3       ,
       -5.94583333, -6.22874074, -5.70153846, -6.22874074, -5.86647059,
       -5.86647059, -7.07      , -7.07      , -5.70153846, -6.58640873,
       -5.94583333, -6.13393939, -6.22874074, -5.0168    , -5.86647059,
       -5.94583333, -6.22874074, -6.22874074, -6.14785269, -5.94583333,
       -7.10333333, -7.2875    , -6.22874074, -6.27095238, -6.22874074,
       -6.27095238, -6.22874074, -6.13393939, -6.22874074, -5.86647059,
       -6.14785269, -6.13393939, -6.14785269, -5.0168    , -6.29478011,
       -5.934425  , -6.27095238, -6.22874074, -6.22874074, -5.37457143,
       -7.31      , -7.07      , -6.22874074, -6.22874074, -6.14785269,
       -6.58640873, -6.58640873, -6.27095238, -5.86647059, -6.58640873,
       -6.14785269, -6.27095238, -5.94583333, -5.9875    , -5.94583333,
       -5.934425  , -7.15490196, -5.8       , -6.22874074, -6.58640873,
       -6.13393939, -6.58640873, -6.22874074, -6.58640873, -5.94583333,
       -5.94583333, -5.94583333, -6.22874074, -6.58640873, -6.58640873,
       -6.14785269, -6.13393939, -6.22874074, -6.205     , -6.13393939,
       -6.13393939, -6.58640873, -6.3       , -6.58640873, -6.58640873,
       -6.50029723, -6.50029723, -5.9875    , -6.27095238, -5.86647059,
       -6.50029723, -6.22874074, -6.58640873, -6.22874074, -6.22874074,
       -6.58640873, -6.58640873, -6.50029723, -6.13393939, -6.27095238,
       -6.22874074, -6.22874074, -6.58640873, -6.58640873, -6.58640873,
       -5.70153846, -6.27095238, -6.58640873, -5.47      , -6.50029723,
       -6.58640873, -6.58640873, -6.58640873, -6.58640873, -6.58640873,
       -6.58640873, -6.58640873, -6.13393939, -6.58640873, -5.87875   ,
       -6.17      , -6.58640873, -6.58640873, -6.58640873, -6.58640873,
       -6.58640873, -6.50029723, -6.3       , -6.58640873, -6.58640873,
       -6.58640873, -6.58640873, -5.8       , -6.58640873, -7.464485  ,
       -6.58640873, -6.14785269, -7.07      , -6.50029723, -6.58640873,
       -5.0168    , -6.58640873, -6.14785269, -6.22874074, -6.58640873,
       -6.58640873, -6.58640873, -6.58640873, -5.0168    , -6.58640873,
       -6.58640873, -6.58640873, -6.22874074, -6.17      , -6.58640873,
       -6.22874074, -6.58640873, -6.58640873, -6.58640873, -6.205     ,
       -6.58640873, -6.58640873, -6.58640873, -6.22874074, -6.58640873,
       -6.58640873, -5.0168    , -6.58640873, -6.22874074, -6.58640873,
       -6.30727273, -6.22874074, -6.22874074, -6.30727273, -6.305     ,
       -5.70153846, -6.58640873, -6.22874074, -6.58640873, -5.0168    ,
       -6.58640873, -6.58640873, -6.58640873, -6.22874074, -5.86647059,
       -6.22874074, -6.22874074, -5.70153846, -5.0168    , -6.58640873,
       -5.70153846, -6.58640873, -5.66333333, -6.22874074, -6.22874074,
       -6.22874074, -6.22874074, -6.58640873, -5.66333333, -5.9125    ,
       -6.26      , -6.1211    , -6.26      , -5.9125    , -5.55272727,
       -6.58640873, -6.58640873, -6.58640873, -6.58640873, -6.58640873,
       -5.9125    , -5.55272727, -5.66333333, -4.88666667, -5.96      ,
       -5.55272727, -5.89      , -6.58640873, -6.58640873, -6.58640873,
       -6.58640873, -6.58640873, -6.22874074, -6.58640873, -6.744     ,
       -6.58640873, -6.24      , -5.4375    , -6.2001098 , -5.0168    ,
       -5.04161763, -5.0168    , -5.04161763, -6.156     , -5.0168    ,
       -4.9865    , -5.0168    , -5.0168    , -5.0168    , -5.0168    ,
       -5.0168    , -5.0168    , -4.9865    , -5.0168    , -4.9865    ,
       -4.9865    , -4.9865    ]), array([-6.5661236 , -6.19867769, -6.19867769, -5.85      , -5.85052632,
       -7.        , -5.9225    , -7.        , -5.58      , -6.135     ,
       -5.9108    , -6.19867769, -5.9225    , -6.19867769, -5.85052632,
       -5.85052632, -6.74666667, -6.74666667, -5.9225    , -6.5661236 ,
       -5.9108    , -6.15727273, -6.19867769, -4.87804878, -5.85052632,
       -5.9108    , -6.19867769, -6.19867769, -6.13095653, -5.9108    ,
       -7.10333333, -6.7675    , -6.19867769, -6.28882353, -6.19867769,
       -6.28882353, -6.19867769, -5.82      , -6.19867769, -5.85052632,
       -6.13095653, -6.15727273, -6.13095653, -4.87804878, -6.29478011,
       -5.88530714, -6.28882353, -6.19867769, -6.19867769, -5.4383    ,
       -7.0825    , -6.74666667, -6.19867769, -6.19867769, -6.13095653,
       -6.5661236 , -6.5661236 , -6.28882353, -5.85052632, -6.5661236 ,
       -6.13095653, -6.28882353, -5.9108    , -6.2665    , -5.9108    ,
       -5.88530714, -7.15490196, -5.874     , -6.19867769, -6.5661236 ,
       -6.15727273, -6.5661236 , -6.19867769, -6.5661236 , -5.9108    ,
       -5.9108    , -5.9108    , -6.19867769, -6.5661236 , -6.5661236 ,
       -6.13095653, -6.15727273, -6.19867769, -6.164     , -6.15727273,
       -6.15727273, -6.5661236 , -6.135     , -6.5661236 , -6.5661236 ,
       -6.68272288, -6.68272288, -6.2665    , -6.28882353, -5.85052632,
       -6.68272288, -6.19867769, -6.5661236 , -6.19867769, -6.19867769,
       -6.5661236 , -6.5661236 , -6.68272288, -6.15727273, -6.28882353,
       -6.19867769, -6.19867769, -6.5661236 , -6.5661236 , -6.5661236 ,
       -5.9225    , -6.28882353, -6.5661236 , -5.645     , -6.68272288,
       -6.5661236 , -6.5661236 , -6.5661236 , -6.5661236 , -6.5661236 ,
       -6.5661236 , -6.5661236 , -6.15727273, -6.5661236 , -5.91333333,
       -6.745     , -6.5661236 , -6.5661236 , -6.5661236 , -6.5661236 ,
       -6.5661236 , -6.68272288, -6.135     , -6.5661236 , -6.5661236 ,
       -6.5661236 , -6.5661236 , -5.874     , -6.5661236 , -7.69897   ,
       -6.5661236 , -6.13095653, -6.74666667, -6.68272288, -6.5661236 ,
       -4.87804878, -6.5661236 , -6.13095653, -6.19867769, -6.5661236 ,
       -6.5661236 , -6.5661236 , -6.5661236 , -4.87804878, -6.5661236 ,
       -6.5661236 , -6.5661236 , -6.19867769, -6.745     , -6.5661236 ,
       -6.19867769, -6.5661236 , -6.5661236 , -6.5661236 , -6.164     ,
       -6.5661236 , -6.5661236 , -6.5661236 , -6.19867769, -6.5661236 ,
       -6.5661236 , -4.87804878, -6.5661236 , -6.19867769, -6.5661236 ,
       -6.4725    , -6.19867769, -6.19867769, -6.4725    , -6.33      ,
       -5.9225    , -6.5661236 , -6.19867769, -6.5661236 , -4.87804878,
       -6.5661236 , -6.5661236 , -6.5661236 , -6.19867769, -5.85052632,
       -6.19867769, -6.19867769, -5.9225    , -4.87804878, -6.5661236 ,
       -5.9225    , -6.5661236 , -5.65947368, -6.19867769, -6.19867769,
       -6.19867769, -6.19867769, -6.5661236 , -5.65947368, -5.83714286,
       -6.26      , -5.67555238, -6.26      , -5.83714286, -5.58      ,
       -6.5661236 , -6.5661236 , -6.5661236 , -6.5661236 , -6.5661236 ,
       -5.83714286, -5.58      , -5.65947368, -4.555     , -5.49333333,
       -5.58      , -5.89      , -6.5661236 , -6.5661236 , -6.5661236 ,
       -6.5661236 , -6.5661236 , -6.19867769, -6.5661236 , -6.845     ,
       -6.5661236 , -6.24      , -5.448     , -6.45593196, -4.87804878,
       -5.0352097 , -4.87804878, -5.0352097 , -6.144     , -4.87804878,
       -5.04863636, -4.87804878, -4.87804878, -4.87804878, -4.87804878,
       -4.87804878, -4.87804878, -5.04863636, -4.87804878, -5.04863636,
       -5.04863636, -5.04863636]), array([-6.58142045, -6.15327869, -6.15327869, -5.85      , -5.84578947,
       -4.94333333, -5.90125   , -4.94333333, -5.763     , -6.34375   ,
       -5.88714286, -6.15327869, -5.90125   , -6.15327869, -5.84578947,
       -5.84578947, -6.75333333, -6.75333333, -5.90125   , -6.58142045,
       -5.88714286, -6.20131579, -6.15327869, -4.94333333, -5.84578947,
       -5.88714286, -6.15327869, -6.15327869, -6.16258062, -5.88714286,
       -7.285     , -6.98666667, -6.15327869, -6.2495    , -6.15327869,
       -6.2495    , -6.15327869, -5.82      , -6.15327869, -5.84578947,
       -6.16258062, -6.20131579, -6.16258062, -4.94333333, -6.08092191,
       -5.955     , -6.2495    , -6.15327869, -6.15327869, -5.8025    ,
       -7.0825    , -6.75333333, -6.15327869, -6.15327869, -6.16258062,
       -6.58142045, -6.58142045, -6.2495    , -5.84578947, -6.58142045,
       -6.16258062, -6.2495    , -5.88714286, -6.23545455, -5.88714286,
       -5.955     , -6.66312429, -5.874     , -6.15327869, -6.58142045,
       -6.20131579, -6.58142045, -6.15327869, -6.58142045, -5.88714286,
       -5.88714286, -5.88714286, -6.15327869, -6.58142045, -6.58142045,
       -6.16258062, -6.20131579, -6.15327869, -5.87      , -6.20131579,
       -6.20131579, -6.58142045, -6.34375   , -6.58142045, -6.58142045,
       -6.66312429, -6.66312429, -6.23545455, -6.2495    , -5.84578947,
       -6.66312429, -6.15327869, -6.58142045, -6.15327869, -6.15327869,
       -6.58142045, -6.58142045, -6.66312429, -6.20131579, -6.2495    ,
       -6.15327869, -6.15327869, -6.58142045, -6.58142045, -6.58142045,
       -5.90125   , -6.2495    , -6.58142045, -5.47      , -6.66312429,
       -6.58142045, -6.58142045, -6.58142045, -6.58142045, -6.58142045,
       -6.58142045, -6.58142045, -6.20131579, -6.58142045, -5.87714286,
       -6.55333333, -6.58142045, -6.58142045, -6.58142045, -6.58142045,
       -6.58142045, -6.66312429, -6.34375   , -6.58142045, -6.58142045,
       -6.58142045, -6.58142045, -5.874     , -6.58142045, -7.23      ,
       -6.58142045, -6.16258062, -6.75333333, -6.66312429, -6.58142045,
       -4.94333333, -6.58142045, -6.16258062, -6.15327869, -6.58142045,
       -6.58142045, -6.58142045, -6.58142045, -4.94333333, -6.58142045,
       -6.58142045, -6.58142045, -6.15327869, -6.55333333, -6.58142045,
       -6.15327869, -6.58142045, -6.58142045, -6.58142045, -5.87      ,
       -6.58142045, -6.58142045, -6.58142045, -6.15327869, -6.58142045,
       -6.58142045, -4.94333333, -6.58142045, -6.15327869, -6.58142045,
       -6.35      , -6.15327869, -6.15327869, -6.35      , -6.33      ,
       -5.90125   , -6.58142045, -6.15327869, -6.58142045, -4.94333333,
       -6.58142045, -6.58142045, -6.58142045, -6.15327869, -5.84578947,
       -6.15327869, -6.15327869, -5.90125   , -4.94333333, -6.58142045,
       -5.90125   , -6.58142045, -5.729     , -6.15327869, -6.15327869,
       -6.15327869, -6.15327869, -6.58142045, -5.729     , -5.7775    ,
       -5.82      , -6.2225    , -5.82      , -5.7775    , -5.763     ,
       -6.58142045, -6.58142045, -6.58142045, -6.58142045, -6.58142045,
       -5.7775    , -5.763     , -5.729     , -5.55      , -5.96      ,
       -5.763     , -5.89      , -6.58142045, -6.58142045, -6.58142045,
       -6.58142045, -6.58142045, -6.15327869, -6.58142045, -6.45333333,
       -6.58142045, -6.24      , -5.49666667, -6.45593196, -4.94333333,
       -5.05219404, -4.94333333, -5.05219404, -6.3125    , -4.94333333,
       -5.0465    , -4.94333333, -4.94333333, -4.94333333, -4.94333333,
       -4.94333333, -4.94333333, -5.0465    , -4.94333333, -5.0465    ,
       -5.0465    , -5.0465    ])]","[-6.57395908 -6.19446358 -6.19446358 -5.83973333 -5.84229061 -6.58866667
 -5.87647874 -6.58866667 -5.65571364 -6.2895     -5.9186554  -6.19446358
 -5.87647874 -6.19446358 -5.84229061 -5.84229061 -6.81       -6.81
 -5.87647874 -6.57395908 -5.9186554  -6.16125771 -6.19446358 -4.95447493
 -5.84229061 -5.9186554  -6.19446358 -6.19446358 -6.1646649  -5.9186554
 -7.067      -7.02023333 -6.19446358 -6.23603574 -6.19446358 -6.23603574
 -6.19446358 -6.01754    -6.19446358 -5.84229061 -6.1646649  -6.16125771
 -6.1646649  -4.95447493 -6.29478011 -5.92973536 -6.23603574 -6.19446358
 -6.19446358 -5.47948143 -7.09766667 -6.81       -6.19446358 -6.19446358
 -6.1646649  -6.57395908 -6.57395908 -6.23603574 -5.84229061 -6.57395908
 -6.1646649  -6.23603574 -5.9186554  -6.19057273 -5.9186554  -5.92973536
 -7.05654643 -5.8851     -6.19446358 -6.57395908 -6.16125771 -6.57395908
 -6.19446358 -6.57395908 -5.9186554  -5.9186554  -5.9186554  -6.19446358
 -6.57395908 -6.57395908 -6.1646649  -6.16125771 -6.19446358 -6.1493
 -6.16125771 -6.16125771 -6.57395908 -6.2895     -6.57395908 -6.57395908
 -6.55744674 -6.55744674 -6.19057273 -6.23603574 -5.84229061 -6.55744674
 -6.19446358 -6.57395908 -6.19446358 -6.19446358 -6.57395908 -6.57395908
 -6.55744674 -6.16125771 -6.23603574 -6.19446358 -6.19446358 -6.57395908
 -6.57395908 -6.57395908 -5.87647874 -6.23603574 -6.57395908 -5.48166667
 -6.55744674 -6.57395908 -6.57395908 -6.57395908 -6.57395908 -6.57395908
 -6.57395908 -6.57395908 -6.16125771 -6.57395908 -5.87684524 -6.515
 -6.57395908 -6.57395908 -6.57395908 -6.57395908 -6.57395908 -6.55744674
 -6.2895     -6.57395908 -6.57395908 -6.57395908 -6.57395908 -5.8851
 -6.57395908 -7.464485   -6.57395908 -6.1646649  -6.81       -6.55744674
 -6.57395908 -4.95447493 -6.57395908 -6.1646649  -6.19446358 -6.57395908
 -6.57395908 -6.57395908 -6.57395908 -4.95447493 -6.57395908 -6.57395908
 -6.57395908 -6.19446358 -6.515      -6.57395908 -6.19446358 -6.57395908
 -6.57395908 -6.57395908 -6.1493     -6.57395908 -6.57395908 -6.57395908
 -6.19446358 -6.57395908 -6.57395908 -4.95447493 -6.57395908 -6.19446358
 -6.57395908 -6.34495455 -6.19446358 -6.19446358 -6.34495455 -6.33
 -5.87647874 -6.57395908 -6.19446358 -6.57395908 -4.95447493 -6.57395908
 -6.57395908 -6.57395908 -6.19446358 -5.84229061 -6.19446358 -6.19446358
 -5.87647874 -4.95447493 -6.57395908 -5.87647874 -6.57395908 -5.68257149
 -6.19446358 -6.19446358 -6.19446358 -6.19446358 -6.57395908 -5.68257149
 -5.90052381 -6.26       -6.03586143 -6.26       -5.90052381 -5.65571364
 -6.57395908 -6.57395908 -6.57395908 -6.57395908 -6.57395908 -5.90052381
 -5.65571364 -5.68257149 -4.953      -5.86666667 -5.65571364 -5.88207
 -6.57395908 -6.57395908 -6.57395908 -6.57395908 -6.57395908 -6.19446358
 -6.57395908 -6.72946667 -6.57395908 -6.136      -5.45043333 -6.40476752
 -4.95447493 -5.01454986 -4.95447493 -5.01454986 -6.26733333 -4.95447493
 -5.01129752 -4.95447493 -4.95447493 -4.95447493 -4.95447493 -4.95447493
 -4.95447493 -5.01129752 -4.95447493 -5.01129752 -5.01129752 -5.01129752]","[0.01499951 0.0243777  0.0243777  0.02053333 0.02292258 0.82266667
 0.08961917 0.82266667 0.10984361 0.07872658 0.01965123 0.0243777
 0.08961917 0.0243777  0.02292258 0.02292258 0.13009825 0.13009825
 0.08961917 0.01499951 0.01965123 0.03459834 0.0243777  0.04859235
 0.02292258 0.01965123 0.0243777  0.0243777  0.02564317 0.01965123
 0.17799625 0.16536843 0.0243777  0.052631   0.0243777  0.052631
 0.0243777  0.16370977 0.0243777  0.02292258 0.02564317 0.03459834
 0.02564317 0.04859235 0.1352558  0.02720325 0.052631   0.0243777
 0.0243777  0.1631319  0.12919989 0.13009825 0.0243777  0.0243777
 0.02564317 0.01499951 0.01499951 0.052631   0.02292258 0.01499951
 0.02564317 0.052631   0.01965123 0.11050755 0.01965123 0.02720325
 0.19671107 0.0592     0.0243777  0.01499951 0.03459834 0.01499951
 0.0243777  0.01499951 0.01965123 0.01965123 0.01965123 0.0243777
 0.01499951 0.01499951 0.02564317 0.03459834 0.0243777  0.14835754
 0.03459834 0.03459834 0.01499951 0.07872658 0.01499951 0.01499951
 0.11508013 0.11508013 0.11050755 0.052631   0.02292258 0.11508013
 0.0243777  0.01499951 0.0243777  0.0243777  0.01499951 0.01499951
 0.11508013 0.03459834 0.052631   0.0243777  0.0243777  0.01499951
 0.01499951 0.01499951 0.08961917 0.052631   0.01499951 0.09333333
 0.11508013 0.01499951 0.01499951 0.01499951 0.01499951 0.01499951
 0.01499951 0.01499951 0.03459834 0.01499951 0.03129241 0.18779421
 0.01499951 0.01499951 0.01499951 0.01499951 0.01499951 0.11508013
 0.07872658 0.01499951 0.01499951 0.01499951 0.01499951 0.0592
 0.01499951 0.14830134 0.01499951 0.02564317 0.13009825 0.11508013
 0.01499951 0.04859235 0.01499951 0.02564317 0.0243777  0.01499951
 0.01499951 0.01499951 0.01499951 0.04859235 0.01499951 0.01499951
 0.01499951 0.0243777  0.18779421 0.01499951 0.0243777  0.01499951
 0.01499951 0.01499951 0.14835754 0.01499951 0.01499951 0.01499951
 0.0243777  0.01499951 0.01499951 0.04859235 0.01499951 0.0243777
 0.01499951 0.07696555 0.0243777  0.0243777  0.07696555 0.13194696
 0.08961917 0.01499951 0.0243777  0.01499951 0.04859235 0.01499951
 0.01499951 0.01499951 0.0243777  0.02292258 0.0243777  0.0243777
 0.08961917 0.04859235 0.01499951 0.08961917 0.01499951 0.03168409
 0.0243777  0.0243777  0.0243777  0.0243777  0.01499951 0.03168409
 0.1004933  0.27828043 0.1905998  0.27828043 0.1004933  0.10984361
 0.01499951 0.01499951 0.01499951 0.01499951 0.01499951 0.1004933
 0.10984361 0.03168409 0.32496564 0.18666667 0.10984361 0.01586
 0.01499951 0.01499951 0.01499951 0.01499951 0.01499951 0.0243777
 0.01499951 0.18082534 0.01499951 0.208      0.02678466 0.10232886
 0.04859235 0.06743593 0.04859235 0.06743593 0.11817506 0.04859235
 0.03232963 0.04859235 0.04859235 0.04859235 0.04859235 0.04859235
 0.04859235 0.03232963 0.04859235 0.03232963 0.03232963 0.03232963]"
7,LinearRegression,"[-6.467157445913245, -7.448339096228841, -7.448339096228841, -5.939454973214169, -6.11933349575399, -6.628275325000602, -5.690191096847642, -6.11933349575399, -6.467157445913245, -6.11933349575399, -6.628275325000602, -6.0145440678577105, -6.11933349575399, -5.351930073271772, -6.783466933053452, -5.560012402420888, -6.11933349575399, -6.512990246127189, -6.860814196286444, -6.457594519329861, -6.457594519329861, -6.11933349575399, -6.196680758986982, -5.911274082674955, -6.196680758986982, -6.0145440678577105, -6.582442524786658, -6.0145440678577105, -6.860814196286444, -5.925564455841247, -6.362368018016966, -6.0145440678577105, -6.11933349575399, -6.11933349575399, -6.196680758986982, -6.11933349575399, -6.0145440678577105, -6.091891331090703, -6.301493102953342, -5.822934086877963, -6.11933349575399, -6.11933349575399, -6.362368018016966, -6.6786775051571725, -6.11933349575399, -6.11933349575399, -6.467157445913245, -6.467157445913245, -6.11933349575399, -6.467157445913245, -6.467157445913245, -6.11933349575399, -6.196680758986982, -6.783466933053452, -6.860814196286444, -6.512990246127189, -6.467157445913245, -6.467157445913245, -6.467157445913245, -6.091891331090703, -6.11933349575399, -6.467157445913245, -6.512990246127189, -5.911274082674955, -6.11933349575399, -6.11933349575399, -6.196680758986982, -6.196680758986982, -6.11933349575399, -6.196680758986982, -6.467157445913245, -6.11933349575399, -6.11933349575399, -6.467157445913245, -6.0934107738042265, -6.362368018016966, -6.860814196286444, -6.467157445913245, -6.362368018016966, -6.11933349575399, -6.11933349575399, -6.11933349575399, -6.389810182680254, -6.467157445913245, -6.467157445913245, -6.590337509360181, -6.860814196286444, -6.467157445913245, -6.467157445913245, -6.11933349575399, -6.11933349575399, -6.362368018016966, -6.467157445913245, -6.860814196286444, -6.285020754783974, -6.027337414765021, -6.467157445913245, -6.467157445913245, -6.467157445913245, -6.467157445913245, -6.860814196286444, -6.467157445913245, -5.699754023431027, -6.467157445913245, -6.467157445913245, -7.107778603519449, -6.590337509360181, -6.362368018016966, -5.949990151532029, -6.467157445913245, -6.467157445913245, -6.467157445913245, -6.467157445913245, -5.911274082674955, -5.911274082674955, -6.467157445913245, -6.467157445913245, -6.467157445913245, -6.467157445913245, -6.467157445913245, -6.0934107738042265, -6.467157445913245, -6.467157445913245, -6.467157445913245, -6.467157445913245, -6.467157445913245, -6.0145440678577105, -6.11933349575399, -6.11933349575399, -6.467157445913245, -6.467157445913245, -6.467157445913245, -6.467157445913245, -6.467157445913245, -6.467157445913245, -6.467157445913245, -6.467157445913245, -6.2978141016912845, -6.2978141016912845, -6.2978141016912845, -6.115677410562013, -5.530410679209067, -6.2978141016912845, -6.2978141016912845, -6.467157445913245, -6.0145440678577105, -6.11933349575399, -5.699754023431027, -6.467157445913245, -6.467157445913245, -6.467157445913245, -6.467157445913245, -6.467157445913245, -6.467157445913245, -5.530410679209067, -5.699754023431027, -6.11933349575399, -6.467157445913245, -5.699754023431027, -6.11933349575399, -6.467157445913245, -6.11933349575399, -5.530410679209067, -5.530410679209067, -5.530410679209067, -7.3796024604864146, -5.496007473484312, -5.890000000000001, -4.869956243171662, -5.224183616517346, -5.530410679209067, -5.690191096847642, -6.467157445913245, -6.467157445913245, -6.467157445913245, -6.34037518103723, -5.530410679209067, -6.467157445913245, -6.467157445913245, -5.690191096847642, -6.467157445913245, -6.467157445913245, -6.467157445913245, -5.690191096847642, -5.70110119347173, -5.643763088840309, -6.4685046159539485, -5.530410679209067, -5.415000000000003, -5.9915870389995645, -6.467499999999999, -6.467499999999999, -5.699754023431027, -5.042875954485616, -5.042875954485616, -5.699754023431027, -5.699754023431027, -5.224183616517346, -5.699754023431027, -5.699754023431027, -5.699754023431027, -5.224183616517346, -7.515783905100157, -7.515783905100157, -6.431859294124399, -6.291185767900518, -6.4482077764981165, -6.632352769308264, -6.003871688631603, -6.003871688631603, -6.003871688631603, -6.003871688631603, -6.003871688631603, -6.160893697229201, -5.617283057496125, -6.431859294124399, -6.4188938770354875, -6.719173373393314, -6.131579797766573, -6.160893697229201, -6.131579797766573, -5.427869033814009, -6.160893697229201, -6.304151184989429, -6.160893697229201, -6.160893697229201, -6.4482077764981165, -5.9745577891689745, -6.719173373393314, -6.304151184989429, -5.5581611044853245, -6.160893697229201, -6.160893697229201, -6.131579797766573, -6.4482077764981165, -6.431859294124399, -6.431859294124399, -7.1081341836663725, -5.858440600843151, -6.719173373393314, -6.4482077764981165, -5.685869213620295, -6.160893697229201, -6.160893697229201, -6.160893697229201, -6.361898641720464, -5.986148709978121, -6.267687813263072, -5.5581611044853245, -6.4482077764981165, -5.858440600843151, -6.160893697229201, -5.9745577891689745, -7.1081341836663725, -6.003871688631603, -6.081556672650831, -6.820820104397458, -6.131579797766573, -5.858440600843151, -6.4482077764981165, -6.11087057211346, -6.11087057211346, -5.427869033814009, -6.160893697229201, -6.131579797766573, -6.131579797766573, -6.361898641720464, -6.4482077764981165, -5.858440600843151, -5.986148709978121, -5.858440600843151, -5.858440600843151, -6.160893697229201, -6.461173193587028, -6.431859294124399, -5.986148709978121, -6.2748372855268, -6.131579797766573, -6.131579797766573, -6.431859294124399, -6.431859294124399, -5.986148709978121, -6.431859294124399, -6.431859294124399, -6.431859294124399, -6.719173373393314, -6.719173373393314, -5.899328105893071, -5.9745577891689745, -6.131579797766573, -6.431859294124399, -5.986148709978121, -6.160893697229201, -6.431859294124399, -5.986148709978121, -6.431859294124399, -6.431859294124399, -6.431859294124399, -6.431859294124399, -6.431859294124399, -6.11087057211346, -6.431859294124399, -6.431859294124399, -6.431859294124399, -5.427869033814009, -5.858440600843151, -5.858440600843151, -6.431859294124399, -6.431859294124399, -5.858440600843151, -6.431859294124399, -5.986148709978121, -6.431859294124399, -6.431859294124399, -6.431859294124399, -5.571126521574236, -5.986148709978121, -6.431859294124399, -6.160893697229201, -6.431859294124399, -6.431859294124399, -6.160893697229201, -6.431859294124399, -6.431859294124399, -6.431859294124399, -6.160893697229201, -6.431859294124399, -6.431859294124399, -6.160893697229201, -6.160893697229201, -6.431859294124399, -6.431859294124399, -6.431859294124399, -6.304151184989429, -6.381836169008658, -6.431859294124399, -6.160893697229201, -5.648811505593464, -6.254128059873688, -6.431859294124399, -6.431859294124399, -5.648811505593464, -6.431859294124399, -6.431859294124399, -6.431859294124399, -6.381836169008658, -6.431859294124399, -6.160893697229201, -5.648811505593464, -6.431859294124399, -6.160893697229201, -6.160893697229201, -6.160893697229201, -6.431859294124399, -6.160893697229201, -5.6988346307092055, -6.431859294124399, -6.304151184989429, -6.431859294124399, -6.431859294124399, -6.160893697229201, -6.431859294124399, -6.431859294124399, -6.431859294124399, -5.6988346307092055, -5.648811505593464, -5.678125405056093, -5.648811505593464, -6.5807366334431014, -6.431859294124399, -6.431859294124399, -6.431859294124399, -6.431859294124399, -6.1702937027882685, -6.1702937027882685, -6.431859294124399, -6.431859294124399, -5.534663149847878, -6.5807366334431014, -6.431859294124399, -5.454999999999988, -6.018049494284235, -6.166926833602939, -5.6988346307092055, -5.6988346307092055, -5.6988346307092055, -5.6988346307092055, -5.6988346307092055, -5.6988346307092055, -5.6988346307092055, -5.285024830869043, -5.285024830869043, -5.6988346307092055, -5.6988346307092055, -5.6988346307092055, -5.6988346307092055, -4.573970285632945, -4.9877800854731085, -5.285024830869043, -5.6988346307092055, -5.285024830869043, -5.285024830869043, -5.285024830869042, -5.285024830869042, -7.210252654270842, -6.182108622381449, -6.506810219986512, -6.506810219986512, -6.1746267910769825, -6.005594472093985, -6.1746267910769825, -5.931277826191594, -5.401996596793103, -5.49213143388167, -5.7416618570071, -5.7416618570071, -6.514292051290979, -5.220716987490318, -6.268226714116444, -6.1746267910769825, -6.444740864403909, -5.401996596793103, -6.1746267910769825, -6.600410143025973, -6.182108622381449, -5.827779948742094, -5.7416618570071, -6.182108622381449, -6.005594472093985, -5.9572134307729945, -6.1746267910769825, -6.182108622381449, -5.827779948742094, -6.506810219986512, -6.1746267910769825, -6.444740864403909, -6.1746267910769825, -6.005594472093985, -6.444740864403909, -6.444740864403909, -6.182108622381449, -7.1254275107885565, -5.401996596793103, -6.506810219986512, -6.793244081879026, -6.444740864403909, -6.1746267910769825, -6.1746267910769825, -6.182108622381449, -5.827779948742094, -6.444740864403909, -6.182108622381449, -6.729843625056874, -6.793244081879026, -6.275708545420911, -6.1746267910769825, -5.827779948742094, -6.444740864403909, -6.4372590330994415, -6.444740864403909, -6.444740864403909, -6.514292051290979, -6.444740864403909, -6.444740864403909, -6.444740864403909, -6.182108622381449, -6.506810219986512, -6.1746267910769825, -6.444740864403909, -5.827779948742094, -6.1746267910769825, -6.182108622381449, -6.444740864403909, -6.1746267910769825, -6.1746267910769825, -6.1746267910769825, -6.444740864403909, -6.444740864403909, -6.444740864403909, -6.005594472093985, -6.444740864403909, -6.444740864403909, -6.0042940990295595, -6.506810219986512, -5.827779948742094, -6.444740864403909, -6.444740864403909, -6.182108622381449, -6.1746267910769825, -6.444740864403909, -6.776924293313439, -6.182108622381449, -6.1746267910769825, -6.268226714116444, -6.268226714116444, -6.444740864403909, -6.444740864403909, -6.444740864403909, -6.444740864403909, -6.776924293313439, -6.9999576983838, -6.0042940990295595, -6.0042940990295595, -6.1746267910769825, -6.444740864403909, -6.444740864403909, -6.444740864403909, -6.444740864403909, -6.444740864403909, -6.444740864403909, -6.444740864403909, -6.0042940990295595, -6.444740864403909, -6.275708545420911, -5.996812267725093, -6.444740864403909, -6.444740864403909, -6.1746267910769825, -6.444740864403909, -6.444740864403909, -6.444740864403909, -6.037399155016045, -6.444740864403909, -6.444740864403909, -6.444740864403909, -6.444740864403909, -6.444740864403909, -6.444740864403909, -6.444740864403909, -6.444740864403909, -6.444740864403909, -6.444740864403909, -6.444740864403909, -6.444740864403909, -6.444740864403909, -6.444740864403909, -6.444740864403909, -5.996812267725093, -6.444740864403909, -5.664628838815563, -6.444740864403909, -6.444740864403909, -6.444740864403909, -6.444740864403909, -6.1746267910769825, -6.444740864403909, -6.444740864403909, -5.62353874819711, -6.444740864403909, -6.444740864403909, -6.444740864403909, -6.444740864403909, -6.307513228342971, -6.552762130998684, -6.307513228342971, -6.130999078055506, -6.268226714116444, -5.534883034059092, -6.307513228342971, -6.1746267910769825, -6.444740864403909, -6.268226714116444, -6.1746267910769825, -6.1746267910769825, -6.444740864403909, -6.444740864403909, -6.1746267910769825, -6.268226714116444, -6.268226714116444, -6.1746267910769825, -5.534883034059092, -5.67211067012003, -5.67211067012003, -5.534883034059092, -5.57865527810054, -6.02, -6.444740864403909, -6.444740864403909, -5.534883034059092, -6.444740864403909, -6.444740864403909, -5.586137109405007, -6.444740864403909, -6.444740864403909, -6.444740864403909, -6.444740864403909, -6.444740864403909, -6.444740864403909, -5.9033807056337535, -5.498134142235588, -5.814724991495735, -5.437499999999999, -5.304727039234317, -5.07015557973239, -5.67211067012003, -5.07015557973239, -6.1560000000000015, -5.67211067012003, -5.67211067012003, -5.67211067012003, -5.304727039234317, -5.304727039234317, -5.304727039234317, -5.304727039234317, -5.304727039234316, -6.444118398594268, -7.656552955110616, -6.074745714858527, -7.306760925371464, -6.4921422739707895, -6.191379225968645, -6.142350244231638, -5.391710545579201, -6.02571673312152, -6.541171255707797, -6.142350244231638, -6.278455905747143, -6.191379225968645, -6.191379225968645, -6.142350244231638, -6.191379225968645, -6.142350244231638, -6.541171255707797, -6.11966894185749, -6.541171255707797, -6.439304086973588, -6.142350244231638, -6.142350244231638, -5.624869064208235, -6.793910428333421, -6.444118398594268, -6.444118398594268, -6.793910428333421, -6.142350244231638, -6.142350244231638, -6.278455905747143, -6.142350244231638, -6.142350244231638, -6.142350244231638, -5.877608236833858, -6.142350244231638, -6.142350244231638, -6.191379225968645, -6.142350244231638, -6.142350244231638, -6.142350244231638, -6.142350244231638, -6.142350244231638, -5.877608236833858, -6.444118398594268, -6.142350244231638, -6.142350244231638, -6.142350244231638, -6.02571673312152, -6.840151755886874, -6.142350244231638, -5.440739527316208, -6.4921422739707895, -6.32748488748415, -6.191379225968645, -6.142350244231638, -6.191379225968645, -6.074745714858527, -6.4921422739707895, -6.32748488748415, -6.444118398594268, -6.142350244231638, -6.142350244231638, -6.444118398594268, -6.444118398594268, -6.444118398594268, -6.4921422739707895, -6.793910428333421, -5.7877439028718065, -6.142350244231638, -5.877608236833858, -6.142350244231638, -6.142350244231638, -6.191379225968645, -6.444118398594268, -6.444118398594268, -6.444118398594268, -5.994241747943976, -6.191379225968645, -6.793910428333421, -6.191379225968645, -6.1304080988129535, -6.1304080988129535, -6.444118398594268, -6.4921422739707895, -6.793910428333421, -6.793910428333421, -6.278455905747143, -6.043270729680983, -6.043270729680983, -6.444118398594268, -6.444118398594268, -5.79053155705536, -6.043270729680983, -6.444118398594268, -6.444118398594268, -6.043270729680983, -6.444118398594268, -6.444118398594268, -6.444118398594268, -6.444118398594268, -6.444118398594268, -5.640971127155684, -6.444118398594268, -6.444118398594268, -5.877608236833858, -6.444118398594268, -6.444118398594268, -6.444118398594268, -6.444118398594268, -6.043270729680983, -5.877608236833858, -5.693478699941831, -5.877608236833858, -6.444118398594268, -6.191379225968645, -6.278455905747143, -6.383147271438577, -6.444118398594268, -6.444118398594268, -6.444118398594268, -6.444118398594268, -6.043270729680983, -6.444118398594268, -6.444118398594268, -6.444118398594268, -6.444118398594268, -6.444118398594268, -6.444118398594268, -6.444118398594268, -6.444118398594268, -5.693478699941831, -6.444118398594268, -6.142350244231638, -6.444118398594268, -5.717465558922135, -6.444118398594268, -6.444118398594268, -6.383147271438577, -5.693478699941831, -6.444118398594268, -5.693478699941831, -6.444118398594268, -6.142350244231638, -6.142350244231638, -6.444118398594268, -5.693478699941831, -6.142350244231638, -6.444118398594268, -6.444118398594268, -6.444118398594268, -5.693478699941831, -6.142350244231638, -6.142350244231638, -6.142350244231638, -6.142350244231638, -6.142350244231638, -5.693478699941831, -6.444118398594268, -6.142350244231638, -6.142350244231638, -5.63250757278614, -5.427184170592882, -6.043270729680983, -5.63250757278614, -5.587622571118935, -5.636651552855942, -6.444118398594268, -6.444118398594268, -6.089512057234437, -5.636651552855942, -5.63250757278614, -4.555000000000003, -6.444118398594268, -5.636651552855942, -5.636651552855942, -6.444118398594268, -6.444118398594268, -6.444118398594268, -6.444118398594268, -6.38729125150838, -6.444118398594268, -6.444118398594268, -6.444118398594268, -5.693478699941831, -6.092865883109324, -6.444118398594268, -6.444118398594268, -5.065606760655427, -6.143999999999998, -5.693478699941831, -5.693478699941831, -5.693478699941831, -5.693478699941831, -5.342226184456886, -5.693478699941831, -5.342226184456886, -5.342226184456886, -5.342226184456886, -5.693478699941831, -5.693478699941831, -6.444210405317338, -7.543810302157079, -6.476809138374255, -6.119982605304365, -6.469609332034797, -6.119982605304365, -6.438436052985875, -6.119982605304365, -6.119982605304365, -5.857670519208651, -6.88847416873374, -6.793837132047769, -6.225418229530612, -6.119982605304365, -6.119982605304365, -6.119982605304365, -6.444210405317338, -5.857670519208651, -6.469609332034797, -6.469609332034797, -6.557851133607471, -6.119982605304365, -6.208224406877039, -5.989432231090313, -6.469609332034797, -5.989432231090313, -6.119982605304365, -6.119982605304365, -6.444210405317338, -6.119982605304365, -6.469609332034797, -5.840476696555079, -6.444210405317338, -5.857670519208651, -6.119982605304365, -6.119982605304365, -6.119982605304365, -5.857670519208651, -5.402608168251973, -7.212701968746713, -6.469609332034797, -6.119982605304365, -6.119982605304365, -6.225418229530612, -5.267860228089121, -6.558645662378518, -5.857670519208651, -5.9598357384240535, -6.208224406877039, -6.208224406877039, -6.119982605304365, -6.444210405317338, -6.119982605304365, -6.119982605304365, -6.444210405317338, -6.469609332034797, -6.469609332034797, -6.469609332034797, -6.313660031103286, -6.119982605304365, -6.119982605304365, -6.444210405317338, -6.355968603744664, -6.208224406877039, -6.444210405317338, -5.857670519208651, -6.926393372700478, -6.076462694995377, -6.076462694995377, -6.208224406877039, -6.793837132047769, -6.793837132047769, -6.119982605304365, -6.444210405317338, -5.402608168251973, -6.119982605304365, -6.119982605304365, -6.119982605304365, -6.444210405317338, -6.444210405317338, -6.444210405317338, -5.945912320781325, -6.208224406877039, -6.119982605304365, -6.444210405317338, -6.077674032662987, -6.926393372700478, -6.076462694995377, -6.119982605304365, -6.119982605304365, -6.444210405317338, -6.444210405317338, -6.444210405317338, -6.444210405317338, -6.225418229530612, -6.119982605304365, -6.119982605304365, -6.444210405317338, -6.444210405317338, -6.444210405317338, -6.444210405317338, -6.444210405317338, -6.444210405317338, -6.444210405317338, -6.444210405317338, -6.076462694995377, -6.444210405317338, -6.444210405317338, -6.444210405317338, -5.857670519208651, -6.444210405317338, -6.444210405317338, -6.444210405317338, -6.444210405317338, -5.50804379247822, -6.209018935648086, -6.341219410022776, -6.444210405317338, -6.444210405317338, -6.444210405317338, -6.444210405317338, -6.076462694995377, -6.444210405317338, -6.444210405317338, -6.444210405317338, -6.076462694995377, -6.119982605304365, -6.444210405317338, -6.355968603744664, -6.119982605304365, -6.444210405317338, -6.444210405317338, -6.444210405317338, -6.444210405317338, -6.444210405317338, -6.444210405317338, -6.444210405317338, -6.444210405317338, -6.444210405317338, -6.444210405317338, -6.119982605304365, -6.225418229530612, -5.726835968264946, -6.119982605304365, -6.444210405317338, -6.444210405317338, -6.341219410022776, -6.444210405317338, -5.623844972970384, -6.119982605304365, -6.119982605304365, -5.726835968264946, -6.444210405317338, -6.444210405317338, -5.726835968264946, -6.119982605304365, -5.726835968264946, -6.119982605304365, -5.726835968264946, -5.53560317139771, -5.623844972970384, -6.927393924647307, -6.209018935648086, -6.209018935648086, -6.444210405317338, -5.721061615933483, -6.444210405317338, -6.444210405317338, -6.444210405317338, -6.444210405317338, -6.444210405317338, -6.209018935648086, -5.721061615933483, -5.550000000000003, -5.550000000000003, -6.444210405317338, -6.444210405317338, -6.444210405317338, -5.966641962758438, -5.966641962758438, -5.491850521771477, -5.967642514705267, -6.444210405317338, -6.444210405317338, -5.496666666666675, -5.496666666666675, -5.249267525706046, -5.249267525706046, -5.086405514475946, -6.312500000000003, -6.312500000000003, -5.726835968264946, -5.726835968264946, -5.726835968264946, -5.249267525706046, -5.726835968264946, -5.249267525706046, -5.249267525706046, -5.726835968264946, -5.249267525706046, -5.726835968264946]","0     -7.22
1     -6.21
2     -7.24
3     -5.92
4     -5.96
       ... 
247   -6.00
248   -3.99
249   -5.24
250   -4.77
251   -4.71
Name: Permeability, Length: 252, dtype: float64","[array([-6.46715745, -6.1193335 , -6.1193335 , -6.40820082, -6.01454407,
       -6.28727892, -6.28502075, -6.28727892, -5.6901911 , -6.59033751,
       -6.51299025, -6.1193335 , -6.28502075, -6.1193335 , -6.01454407,
       -6.01454407, -5.82293409, -5.82293409, -6.28502075, -6.46715745,
       -6.51299025, -6.19668076, -6.1193335 , -5.69975402, -6.01454407,
       -6.51299025, -6.1193335 , -6.1193335 , -5.91127408, -6.51299025,
       -6.62827533, -7.1077786 , -6.1193335 , -6.8608142 , -6.1193335 ,
       -6.8608142 , -6.1193335 , -5.63735967, -6.1193335 , -6.01454407,
       -5.91127408, -6.19668076, -5.91127408, -5.69975402, -5.51761733,
       -5.8150391 , -6.8608142 , -6.1193335 , -6.1193335 , -4.79260898,
       -6.58244252, -5.82293409, -6.1193335 , -6.1193335 , -5.91127408,
       -6.46715745, -6.46715745, -6.8608142 , -6.01454407, -6.46715745,
       -5.91127408, -6.8608142 , -6.51299025, -6.36236802, -6.51299025,
       -5.15816103, -5.98862135, -5.94999015, -6.1193335 , -6.46715745,
       -6.19668076, -6.46715745, -6.1193335 , -6.46715745, -6.51299025,
       -6.51299025, -6.51299025, -6.1193335 , -6.46715745, -6.46715745,
       -5.91127408, -6.19668076, -6.1193335 , -6.38981018, -6.19668076,
       -6.19668076, -6.46715745, -6.59033751, -6.46715745, -6.46715745,
       -6.09341077, -6.09341077, -6.36236802, -6.8608142 , -6.01454407,
       -6.09341077, -6.1193335 , -6.46715745, -6.1193335 , -6.1193335 ,
       -6.46715745, -6.46715745, -6.09341077, -6.19668076, -6.8608142 ,
       -6.1193335 , -6.1193335 , -6.46715745, -6.46715745, -6.46715745,
       -6.28502075, -6.8608142 , -6.46715745, -6.02733741, -6.09341077,
       -6.46715745, -6.46715745, -6.46715745, -6.46715745, -6.46715745,
       -6.46715745, -6.46715745, -6.19668076, -6.46715745, -6.09189133,
       -6.01606351, -6.46715745, -6.46715745, -6.46715745, -6.46715745,
       -6.46715745, -6.09341077, -6.59033751, -6.46715745, -6.46715745,
       -6.46715745, -6.46715745, -5.94999015, -6.46715745, -6.73403193,
       -6.46715745, -5.91127408, -5.82293409, -6.09341077, -6.46715745,
       -5.69975402, -6.46715745, -5.91127408, -6.1193335 , -6.46715745,
       -6.46715745, -6.46715745, -6.46715745, -5.69975402, -6.46715745,
       -6.46715745, -6.46715745, -6.1193335 , -6.01606351, -6.46715745,
       -6.1193335 , -6.46715745, -6.46715745, -6.46715745, -6.38981018,
       -6.46715745, -6.46715745, -6.46715745, -6.1193335 , -6.46715745,
       -6.46715745, -5.69975402, -6.46715745, -6.1193335 , -6.46715745,
       -6.2978141 , -6.1193335 , -6.1193335 , -6.2978141 , -6.11567741,
       -6.28502075, -6.46715745, -6.1193335 , -6.46715745, -5.69975402,
       -6.46715745, -6.46715745, -6.46715745, -6.1193335 , -6.01454407,
       -6.1193335 , -6.1193335 , -6.28502075, -5.69975402, -6.46715745,
       -6.28502075, -6.46715745, -5.53041068, -6.1193335 , -6.1193335 ,
       -6.1193335 , -6.1193335 , -6.46715745, -5.53041068, -5.76378814,
       -7.37960246, -5.39529232, -7.37960246, -6.34037518, -5.6901911 ,
       -6.46715745, -6.46715745, -6.46715745, -6.46715745, -6.46715745,
       -6.34037518, -5.6901911 , -5.53041068, -4.88666667, -5.42927734,
       -5.6901911 , -4.21307817, -6.46715745, -6.46715745, -6.46715745,
       -6.46715745, -6.46715745, -6.1193335 , -6.46715745, -5.99158704,
       -6.46715745, -6.46850462, -5.415     , -5.62240676, -5.69975402,
       -5.04287595, -5.69975402, -5.04287595, -6.4675    , -5.69975402,
       -5.22418362, -5.69975402, -5.69975402, -5.69975402, -5.69975402,
       -5.69975402, -5.69975402, -5.22418362, -5.69975402, -5.22418362,
       -5.22418362, -5.22418362]), array([-6.43185929, -6.1608937 , -6.1608937 , -6.29118577, -6.00387169,
       -6.49544516, -6.30415118, -6.49544516, -5.53466315, -6.41889388,
       -6.44820778, -6.1608937 , -6.30415118, -6.1608937 , -6.00387169,
       -6.00387169, -5.68586921, -5.68586921, -6.30415118, -6.43185929,
       -6.44820778, -6.1315798 , -6.1608937 , -5.69883463, -6.00387169,
       -6.44820778, -6.1608937 , -6.1608937 , -5.8584406 , -6.44820778,
       -6.83716859, -6.90331837, -6.1608937 , -6.71917337, -6.1608937 ,
       -6.71917337, -6.1608937 , -5.77430507, -6.1608937 , -6.00387169,
       -5.8584406 , -6.1315798 , -5.8584406 , -5.69883463, -5.57112652,
       -6.08779544, -6.71917337, -6.1608937 , -6.1608937 , -5.0705943 ,
       -6.8208201 , -5.68586921, -6.1608937 , -6.1608937 , -5.8584406 ,
       -6.43185929, -6.43185929, -6.71917337, -6.00387169, -6.43185929,
       -5.8584406 , -6.71917337, -6.44820778, -6.27483729, -6.44820778,
       -5.3767409 , -5.8291267 , -6.11087057, -6.1608937 , -6.43185929,
       -6.1315798 , -6.43185929, -6.1608937 , -6.43185929, -6.44820778,
       -6.44820778, -6.44820778, -6.1608937 , -6.43185929, -6.43185929,
       -5.8584406 , -6.1315798 , -6.1608937 , -6.46117319, -6.1315798 ,
       -6.1315798 , -6.43185929, -6.41889388, -6.43185929, -6.43185929,
       -5.98614871, -5.98614871, -6.27483729, -6.71917337, -6.00387169,
       -5.98614871, -6.1608937 , -6.43185929, -6.1608937 , -6.1608937 ,
       -6.43185929, -6.43185929, -5.98614871, -6.1315798 , -6.71917337,
       -6.1608937 , -6.1608937 , -6.43185929, -6.43185929, -6.43185929,
       -6.30415118, -6.71917337, -6.43185929, -6.08155667, -5.98614871,
       -6.43185929, -6.43185929, -6.43185929, -6.43185929, -6.43185929,
       -6.43185929, -6.43185929, -6.1315798 , -6.43185929, -5.97455779,
       -6.01546261, -6.43185929, -6.43185929, -6.43185929, -6.43185929,
       -6.43185929, -5.98614871, -6.41889388, -6.43185929, -6.43185929,
       -6.43185929, -6.43185929, -6.11087057, -6.43185929, -6.45760778,
       -6.43185929, -5.8584406 , -5.68586921, -5.98614871, -6.43185929,
       -5.69883463, -6.43185929, -5.8584406 , -6.1608937 , -6.43185929,
       -6.43185929, -6.43185929, -6.43185929, -5.69883463, -6.43185929,
       -6.43185929, -6.43185929, -6.1608937 , -6.01546261, -6.43185929,
       -6.1608937 , -6.43185929, -6.43185929, -6.43185929, -6.46117319,
       -6.43185929, -6.43185929, -6.43185929, -6.1608937 , -6.43185929,
       -6.43185929, -5.69883463, -6.43185929, -6.1608937 , -6.43185929,
       -6.38183617, -6.1608937 , -6.1608937 , -6.38183617, -6.25412806,
       -6.30415118, -6.43185929, -6.1608937 , -6.43185929, -5.69883463,
       -6.43185929, -6.43185929, -6.43185929, -6.1608937 , -6.00387169,
       -6.1608937 , -6.1608937 , -6.30415118, -5.69883463, -6.43185929,
       -6.30415118, -6.43185929, -5.64881151, -6.1608937 , -6.1608937 ,
       -6.1608937 , -6.1608937 , -6.43185929, -5.64881151, -5.32334204,
       -7.05219571, -5.12377866, -7.05219571, -6.1702937 , -5.53466315,
       -6.43185929, -6.43185929, -6.43185929, -6.43185929, -6.43185929,
       -6.1702937 , -5.53466315, -5.64881151, -4.88666667, -5.39855513,
       -5.53466315, -4.33022586, -6.43185929, -6.43185929, -6.43185929,
       -6.43185929, -6.43185929, -6.1608937 , -6.43185929, -6.01804949,
       -6.43185929, -6.28045714, -5.455     , -5.72814853, -5.69883463,
       -4.98778009, -5.69883463, -4.98778009, -6.25666667, -5.69883463,
       -5.28502483, -5.69883463, -5.69883463, -5.69883463, -5.69883463,
       -5.69883463, -5.69883463, -5.28502483, -5.69883463, -5.28502483,
       -5.28502483, -5.28502483]), array([-6.44474086, -6.17462679, -6.17462679, -6.3377779 , -6.00559447,
       -6.43762246, -6.26822671, -6.43762246, -5.58613711, -6.51429205,
       -6.50681022, -6.17462679, -6.26822671, -6.17462679, -6.00559447,
       -6.00559447, -5.74166186, -5.74166186, -6.26822671, -6.44474086,
       -6.50681022, -6.18210862, -6.17462679, -5.67211067, -6.00559447,
       -6.50681022, -6.17462679, -6.17462679, -5.82777995, -6.50681022,
       -6.85531344, -6.9999577 , -6.17462679, -6.77692429, -6.17462679,
       -6.77692429, -6.17462679, -5.66864558, -6.17462679, -6.00559447,
       -5.82777995, -6.18210862, -5.82777995, -5.67211067, -5.49559652,
       -6.02061389, -6.77692429, -6.17462679, -6.17462679, -4.88853356,
       -6.79324408, -5.74166186, -6.17462679, -6.17462679, -5.82777995,
       -6.44474086, -6.44474086, -6.77692429, -6.00559447, -6.44474086,
       -5.82777995, -6.77692429, -6.50681022, -6.27570855, -6.50681022,
       -5.4186588 , -5.83526178, -6.03739916, -6.17462679, -6.44474086,
       -6.18210862, -6.44474086, -6.17462679, -6.44474086, -6.50681022,
       -6.50681022, -6.50681022, -6.17462679, -6.44474086, -6.44474086,
       -5.82777995, -6.18210862, -6.17462679, -6.43725903, -6.18210862,
       -6.18210862, -6.44474086, -6.51429205, -6.44474086, -6.44474086,
       -6.0042941 , -6.0042941 , -6.27570855, -6.77692429, -6.00559447,
       -6.0042941 , -6.17462679, -6.44474086, -6.17462679, -6.17462679,
       -6.44474086, -6.44474086, -6.0042941 , -6.18210862, -6.77692429,
       -6.17462679, -6.17462679, -6.44474086, -6.44474086, -6.44474086,
       -6.26822671, -6.77692429, -6.44474086, -6.04488099, -6.0042941 ,
       -6.44474086, -6.44474086, -6.44474086, -6.44474086, -6.44474086,
       -6.44474086, -6.44474086, -6.18210862, -6.44474086, -6.0130763 ,
       -5.99681227, -6.44474086, -6.44474086, -6.44474086, -6.44474086,
       -6.44474086, -6.0042941 , -6.51429205, -6.44474086, -6.44474086,
       -6.44474086, -6.44474086, -6.03739916, -6.44474086, -6.55951093,
       -6.44474086, -5.82777995, -5.74166186, -6.0042941 , -6.44474086,
       -5.67211067, -6.44474086, -5.82777995, -6.17462679, -6.44474086,
       -6.44474086, -6.44474086, -6.44474086, -5.67211067, -6.44474086,
       -6.44474086, -6.44474086, -6.17462679, -5.99681227, -6.44474086,
       -6.17462679, -6.44474086, -6.44474086, -6.44474086, -6.43725903,
       -6.44474086, -6.44474086, -6.44474086, -6.17462679, -6.44474086,
       -6.44474086, -5.67211067, -6.44474086, -6.17462679, -6.44474086,
       -6.30751323, -6.17462679, -6.17462679, -6.30751323, -6.13099908,
       -6.26822671, -6.44474086, -6.17462679, -6.44474086, -5.67211067,
       -6.44474086, -6.44474086, -6.44474086, -6.17462679, -6.00559447,
       -6.17462679, -6.17462679, -6.26822671, -5.67211067, -6.44474086,
       -6.26822671, -6.44474086, -5.53488303, -6.17462679, -6.17462679,
       -6.17462679, -6.17462679, -6.44474086, -5.53488303, -5.34408752,
       -7.08861341, -5.10272901, -7.08861341, -6.2273275 , -5.58613711,
       -6.44474086, -6.44474086, -6.44474086, -6.44474086, -6.44474086,
       -6.2273275 , -5.58613711, -5.53488303, -4.88666667, -5.40947843,
       -5.58613711, -4.2940603 , -6.44474086, -6.44474086, -6.44474086,
       -6.44474086, -6.44474086, -6.17462679, -6.44474086, -6.07735723,
       -6.44474086, -6.27076434, -5.4375    , -5.66462884, -5.67211067,
       -5.07015558, -5.67211067, -5.07015558, -6.156     , -5.67211067,
       -5.30472704, -5.67211067, -5.67211067, -5.67211067, -5.67211067,
       -5.67211067, -5.67211067, -5.30472704, -5.67211067, -5.30472704,
       -5.30472704, -5.30472704]), array([-6.4441184 , -6.14235024, -6.14235024, -6.37550876, -6.02571673,
       -6.55612123, -6.27845591, -6.55612123, -5.63665155, -6.54117126,
       -6.49214227, -6.14235024, -6.27845591, -6.14235024, -6.02571673,
       -6.02571673, -5.79053156, -5.79053156, -6.27845591, -6.4441184 ,
       -6.49214227, -6.19137923, -6.14235024, -5.6934787 , -6.02571673,
       -6.49214227, -6.14235024, -6.14235024, -5.87760824, -6.49214227,
       -6.81590989, -6.84015176, -6.14235024, -6.79391043, -6.14235024,
       -6.79391043, -6.14235024, -5.76987691, -6.14235024, -6.02571673,
       -5.87760824, -6.19137923, -5.87760824, -5.6934787 , -5.52781621,
       -6.01724632, -6.79391043, -6.14235024, -6.14235024, -4.97020823,
       -6.76788602, -5.79053156, -6.14235024, -6.14235024, -5.87760824,
       -6.4441184 , -6.4441184 , -6.79391043, -6.02571673, -6.4441184 ,
       -5.87760824, -6.79391043, -6.49214227, -6.32748489, -6.49214227,
       -5.38937438, -5.92663722, -6.08137912, -6.14235024, -6.4441184 ,
       -6.19137923, -6.4441184 , -6.14235024, -6.4441184 , -6.49214227,
       -6.49214227, -6.49214227, -6.14235024, -6.4441184 , -6.4441184 ,
       -5.87760824, -6.19137923, -6.14235024, -6.39508942, -6.19137923,
       -6.19137923, -6.4441184 , -6.54117126, -6.4441184 , -6.4441184 ,
       -6.04327073, -6.04327073, -6.32748489, -6.79391043, -6.02571673,
       -6.04327073, -6.14235024, -6.4441184 , -6.14235024, -6.14235024,
       -6.4441184 , -6.4441184 , -6.04327073, -6.19137923, -6.79391043,
       -6.14235024, -6.14235024, -6.4441184 , -6.4441184 , -6.4441184 ,
       -6.27845591, -6.79391043, -6.4441184 , -6.1304081 , -6.04327073,
       -6.4441184 , -6.4441184 , -6.4441184 , -6.4441184 , -6.4441184 ,
       -6.4441184 , -6.4441184 , -6.19137923, -6.4441184 , -6.07474571,
       -5.99424175, -6.4441184 , -6.4441184 , -6.4441184 , -6.4441184 ,
       -6.4441184 , -6.04327073, -6.54117126, -6.4441184 , -6.4441184 ,
       -6.4441184 , -6.4441184 , -6.08137912, -6.4441184 , -6.43930409,
       -6.4441184 , -5.87760824, -5.79053156, -6.04327073, -6.4441184 ,
       -5.6934787 , -6.4441184 , -5.87760824, -6.14235024, -6.4441184 ,
       -6.4441184 , -6.4441184 , -6.4441184 , -5.6934787 , -6.4441184 ,
       -6.4441184 , -6.4441184 , -6.14235024, -5.99424175, -6.4441184 ,
       -6.14235024, -6.4441184 , -6.4441184 , -6.4441184 , -6.39508942,
       -6.4441184 , -6.4441184 , -6.4441184 , -6.14235024, -6.4441184 ,
       -6.4441184 , -5.6934787 , -6.4441184 , -6.14235024, -6.4441184 ,
       -6.38314727, -6.14235024, -6.14235024, -6.38314727, -6.21748478,
       -6.27845591, -6.4441184 , -6.14235024, -6.4441184 , -5.6934787 ,
       -6.4441184 , -6.4441184 , -6.4441184 , -6.14235024, -6.02571673,
       -6.14235024, -6.14235024, -6.27845591, -5.6934787 , -6.4441184 ,
       -6.27845591, -6.4441184 , -5.63250757, -6.14235024, -6.14235024,
       -6.14235024, -6.14235024, -6.4441184 , -5.63250757, -5.167462  ,
       -6.92510974, -5.09150295, -6.92510974, -6.08951206, -5.63665155,
       -6.4441184 , -6.4441184 , -6.4441184 , -6.4441184 , -6.4441184 ,
       -6.08951206, -5.63665155, -5.63250757, -4.555     , -5.44073953,
       -5.63665155, -4.39136527, -6.4441184 , -6.4441184 , -6.4441184 ,
       -6.4441184 , -6.4441184 , -6.14235024, -6.4441184 , -6.09286588,
       -6.4441184 , -6.27633721, -5.448     , -5.64444972, -5.6934787 ,
       -5.06560676, -5.6934787 , -5.06560676, -6.144     , -5.6934787 ,
       -5.34222618, -5.6934787 , -5.6934787 , -5.6934787 , -5.6934787 ,
       -5.6934787 , -5.6934787 , -5.34222618, -5.6934787 , -5.34222618,
       -5.34222618, -5.34222618]), array([-6.44421041, -6.11998261, -6.11998261, -6.33905896, -5.98943223,
       -6.47680914, -6.22541823, -6.47680914, -5.72106162, -6.55785113,
       -6.46960933, -6.11998261, -6.22541823, -6.11998261, -5.98943223,
       -5.98943223, -5.8404767 , -5.8404767 , -6.22541823, -6.44421041,
       -6.46960933, -6.20822441, -6.11998261, -5.72683597, -5.98943223,
       -6.46960933, -6.11998261, -6.11998261, -5.85767052, -6.46960933,
       -6.88847417, -6.92639337, -6.11998261, -6.79383713, -6.11998261,
       -6.79383713, -6.11998261, -5.72384974, -6.11998261, -5.98943223,
       -5.85767052, -6.20822441, -5.85767052, -5.72683597, -5.50804379,
       -6.1457008 , -6.79383713, -6.11998261, -6.11998261, -4.9182335 ,
       -6.86307524, -5.8404767 , -6.11998261, -6.11998261, -5.85767052,
       -6.44421041, -6.44421041, -6.79383713, -5.98943223, -6.44421041,
       -5.85767052, -6.79383713, -6.46960933, -6.31366003, -6.46960933,
       -5.50527035, -5.94591232, -6.01699161, -6.11998261, -6.44421041,
       -6.20822441, -6.44421041, -6.11998261, -6.44421041, -6.46960933,
       -6.46960933, -6.46960933, -6.11998261, -6.44421041, -6.44421041,
       -5.85767052, -6.20822441, -6.11998261, -6.3559686 , -6.20822441,
       -6.20822441, -6.44421041, -6.55785113, -6.44421041, -6.44421041,
       -6.07646269, -6.07646269, -6.31366003, -6.79383713, -5.98943223,
       -6.07646269, -6.11998261, -6.44421041, -6.11998261, -6.11998261,
       -6.44421041, -6.44421041, -6.07646269, -6.20822441, -6.79383713,
       -6.11998261, -6.11998261, -6.44421041, -6.44421041, -6.44421041,
       -6.22541823, -6.79383713, -6.44421041, -6.10523341, -6.07646269,
       -6.44421041, -6.44421041, -6.44421041, -6.44421041, -6.44421041,
       -6.44421041, -6.44421041, -6.20822441, -6.44421041, -6.07767403,
       -5.98822089, -6.44421041, -6.44421041, -6.44421041, -6.44421041,
       -6.44421041, -6.07646269, -6.55785113, -6.44421041, -6.44421041,
       -6.44421041, -6.44421041, -6.01699161, -6.44421041, -6.55864566,
       -6.44421041, -5.85767052, -5.8404767 , -6.07646269, -6.44421041,
       -5.72683597, -6.44421041, -5.85767052, -6.11998261, -6.44421041,
       -6.44421041, -6.44421041, -6.44421041, -5.72683597, -6.44421041,
       -6.44421041, -6.44421041, -6.11998261, -5.98822089, -6.44421041,
       -6.11998261, -6.44421041, -6.44421041, -6.44421041, -6.3559686 ,
       -6.44421041, -6.44421041, -6.44421041, -6.11998261, -6.44421041,
       -6.44421041, -5.72683597, -6.44421041, -6.11998261, -6.44421041,
       -6.34121941, -6.11998261, -6.11998261, -6.34121941, -6.12242723,
       -6.22541823, -6.44421041, -6.11998261, -6.44421041, -5.72683597,
       -6.44421041, -6.44421041, -6.44421041, -6.11998261, -5.98943223,
       -6.11998261, -6.11998261, -6.22541823, -5.72683597, -6.44421041,
       -6.22541823, -6.44421041, -5.62384497, -6.11998261, -6.11998261,
       -6.11998261, -6.11998261, -6.44421041, -5.62384497, -5.63877556,
       -6.92739392, -5.06979343, -6.92739392, -6.20901894, -5.72106162,
       -6.44421041, -6.44421041, -6.44421041, -6.44421041, -6.44421041,
       -6.20901894, -5.72106162, -5.62384497, -5.55      , -5.49084997,
       -5.72106162, -4.36604485, -6.44421041, -6.44421041, -6.44421041,
       -6.44421041, -6.44421041, -6.11998261, -6.44421041, -5.96664196,
       -6.44421041, -6.20922496, -5.49666667, -5.63859417, -5.72683597,
       -5.08640551, -5.72683597, -5.08640551, -6.3125    , -5.72683597,
       -5.24926753, -5.72683597, -5.72683597, -5.72683597, -5.72683597,
       -5.72683597, -5.72683597, -5.24926753, -5.72683597, -5.24926753,
       -5.24926753, -5.24926753])]","[-6.44641728 -6.14343737 -6.14343737 -6.35034644 -6.00783184 -6.45065538
 -6.27225456 -6.45065538 -5.6337409  -6.52450917 -6.48595197 -6.14343737
 -6.27225456 -6.14343737 -6.00783184 -6.00783184 -5.77629468 -5.77629468
 -6.27225456 -6.44641728 -6.48595197 -6.18199456 -6.14343737 -5.6982028
 -6.00783184 -6.48595197 -6.14343737 -6.14343737 -5.86655468 -6.48595197
 -6.80502828 -6.95551996 -6.14343737 -6.78893188 -6.14343737 -6.78893188
 -6.14343737 -5.71480739 -6.14343737 -6.00783184 -5.86655468 -6.18199456
 -5.86655468 -5.6982028  -5.52404007 -6.01727911 -6.78893188 -6.14343737
 -6.14343737 -4.92803571 -6.76549359 -5.77629468 -6.14343737 -6.14343737
 -5.86655468 -6.44641728 -6.44641728 -6.78893188 -6.00783184 -6.44641728
 -5.86655468 -6.78893188 -6.48595197 -6.31081175 -6.48595197 -5.36964109
 -5.90511187 -6.03932612 -6.14343737 -6.44641728 -6.18199456 -6.44641728
 -6.14343737 -6.44641728 -6.48595197 -6.48595197 -6.48595197 -6.14343737
 -6.44641728 -6.44641728 -5.86655468 -6.18199456 -6.14343737 -6.40786009
 -6.18199456 -6.18199456 -6.44641728 -6.52450917 -6.44641728 -6.44641728
 -6.0407174  -6.0407174  -6.31081175 -6.78893188 -6.00783184 -6.0407174
 -6.14343737 -6.44641728 -6.14343737 -6.14343737 -6.44641728 -6.44641728
 -6.0407174  -6.18199456 -6.78893188 -6.14343737 -6.14343737 -6.44641728
 -6.44641728 -6.44641728 -6.27225456 -6.78893188 -6.44641728 -6.07788332
 -6.0407174  -6.44641728 -6.44641728 -6.44641728 -6.44641728 -6.44641728
 -6.44641728 -6.44641728 -6.18199456 -6.44641728 -6.04638903 -6.00216021
 -6.44641728 -6.44641728 -6.44641728 -6.44641728 -6.44641728 -6.0407174
 -6.52450917 -6.44641728 -6.44641728 -6.44641728 -6.44641728 -6.03932612
 -6.44641728 -6.54982008 -6.44641728 -5.86655468 -5.77629468 -6.0407174
 -6.44641728 -5.6982028  -6.44641728 -5.86655468 -6.14343737 -6.44641728
 -6.44641728 -6.44641728 -6.44641728 -5.6982028  -6.44641728 -6.44641728
 -6.44641728 -6.14343737 -6.00216021 -6.44641728 -6.14343737 -6.44641728
 -6.44641728 -6.44641728 -6.40786009 -6.44641728 -6.44641728 -6.44641728
 -6.14343737 -6.44641728 -6.44641728 -5.6982028  -6.44641728 -6.14343737
 -6.44641728 -6.34230604 -6.14343737 -6.14343737 -6.34230604 -6.16814331
 -6.27225456 -6.44641728 -6.14343737 -6.44641728 -5.6982028  -6.44641728
 -6.44641728 -6.44641728 -6.14343737 -6.00783184 -6.14343737 -6.14343737
 -6.27225456 -5.6982028  -6.44641728 -6.27225456 -6.44641728 -5.59409155
 -6.14343737 -6.14343737 -6.14343737 -6.14343737 -6.44641728 -5.59409155
 -5.44749105 -7.07458305 -5.15661928 -7.07458305 -6.20730548 -5.6337409
 -6.44641728 -6.44641728 -6.44641728 -6.44641728 -6.44641728 -6.20730548
 -5.6337409  -5.59409155 -4.953      -5.43378008 -5.6337409  -4.31895489
 -6.44641728 -6.44641728 -6.44641728 -6.44641728 -6.44641728 -6.14343737
 -6.44641728 -6.02930032 -6.44641728 -6.30105765 -5.45043333 -5.6596456
 -5.6982028  -5.05056478 -5.6982028  -5.05056478 -6.26733333 -5.6982028
 -5.28108584 -5.6982028  -5.6982028  -5.6982028  -5.6982028  -5.6982028
 -5.6982028  -5.28108584 -5.6982028  -5.28108584 -5.28108584 -5.28108584]","[0.011446   0.02195362 0.02195362 0.03940972 0.0120346  0.09019414
 0.02618661 0.09019414 0.06767943 0.05827806 0.02406724 0.02195362
 0.02618661 0.02195362 0.0120346  0.0120346  0.05634439 0.05634439
 0.02618661 0.011446   0.02406724 0.02658354 0.02195362 0.01746872
 0.0120346  0.02406724 0.02195362 0.02195362 0.02745998 0.02406724
 0.09152577 0.0916958  0.02195362 0.04522465 0.02195362 0.04522465
 0.02195362 0.05437546 0.02195362 0.0120346  0.02745998 0.02658354
 0.02745998 0.01746872 0.02583626 0.11169318 0.04522465 0.02195362
 0.02195362 0.09175879 0.09681602 0.05634439 0.02195362 0.02195362
 0.02745998 0.011446   0.011446   0.04522465 0.0120346  0.011446
 0.02745998 0.04522465 0.02406724 0.03307734 0.02406724 0.11485787
 0.06285639 0.05544461 0.02195362 0.011446   0.02658354 0.011446
 0.02195362 0.011446   0.02406724 0.02406724 0.02406724 0.02195362
 0.011446   0.011446   0.02745998 0.02658354 0.02195362 0.03711657
 0.02658354 0.02658354 0.011446   0.05827806 0.011446   0.011446
 0.0409029  0.0409029  0.03307734 0.04522465 0.0120346  0.0409029
 0.02195362 0.011446   0.02195362 0.02195362 0.011446   0.011446
 0.0409029  0.02658354 0.04522465 0.02195362 0.02195362 0.011446
 0.011446   0.011446   0.02618661 0.04522465 0.011446   0.03785344
 0.0409029  0.011446   0.011446   0.011446   0.011446   0.011446
 0.011446   0.011446   0.02658354 0.011446   0.04499506 0.01145306
 0.011446   0.011446   0.011446   0.011446   0.011446   0.0409029
 0.05827806 0.011446   0.011446   0.011446   0.011446   0.05544461
 0.011446   0.1047117  0.011446   0.02745998 0.05634439 0.0409029
 0.011446   0.01746872 0.011446   0.02745998 0.02195362 0.011446
 0.011446   0.011446   0.011446   0.01746872 0.011446   0.011446
 0.011446   0.02195362 0.01145306 0.011446   0.02195362 0.011446
 0.011446   0.011446   0.03711657 0.011446   0.011446   0.011446
 0.02195362 0.011446   0.011446   0.01746872 0.011446   0.02195362
 0.011446   0.03583822 0.02195362 0.02195362 0.03583822 0.05665736
 0.02618661 0.011446   0.02195362 0.011446   0.01746872 0.011446
 0.011446   0.011446   0.02195362 0.0120346  0.02195362 0.02195362
 0.02618661 0.01746872 0.011446   0.02618661 0.011446   0.05082565
 0.02195362 0.02195362 0.02195362 0.02195362 0.011446   0.05082565
 0.21961564 0.16597698 0.12060377 0.16597698 0.08167806 0.06767943
 0.011446   0.011446   0.011446   0.011446   0.011446   0.08167806
 0.06767943 0.05082565 0.32496564 0.03211557 0.06767943 0.06231755
 0.011446   0.011446   0.011446   0.011446   0.011446   0.02195362
 0.011446   0.04863125 0.011446   0.08766401 0.02678466 0.03681927
 0.01746872 0.03433848 0.01746872 0.03433848 0.11817506 0.01746872
 0.04138317 0.01746872 0.01746872 0.01746872 0.01746872 0.01746872
 0.01746872 0.04138317 0.01746872 0.04138317 0.04138317 0.04138317]"
8,KNeighborsRegressor,"[-6.28, -7.36, -7.36, -7.036666666666666, -6.366666666666666, -6.863333333333334, -5.46, -6.366666666666666, -6.28, -6.366666666666666, -6.863333333333334, -5.78, -6.366666666666666, -5.760000000000001, -6.0, -5.703333333333333, -6.366666666666666, -6.0, -6.916666666666667, -6.553333333333334, -6.553333333333334, -6.366666666666666, -6.82, -6.3066021936666665, -6.82, -5.78, -6.903333333333333, -5.78, -6.916666666666667, -4.870649756, -6.061666666666667, -5.78, -6.366666666666666, -6.366666666666666, -6.82, -6.366666666666666, -5.78, -6.253333333333333, -5.713333333333334, -6.419999999999999, -6.366666666666666, -6.366666666666666, -6.061666666666667, -6.169656667999999, -6.366666666666666, -6.366666666666666, -6.28, -6.28, -6.366666666666666, -6.28, -6.28, -6.366666666666666, -6.82, -6.0, -6.916666666666667, -6.0, -6.28, -6.28, -6.28, -6.253333333333333, -6.366666666666666, -6.28, -6.0, -6.3066021936666665, -6.366666666666666, -6.366666666666666, -6.82, -6.82, -6.366666666666666, -6.82, -6.28, -6.366666666666666, -6.366666666666666, -6.28, -7.030219817, -6.061666666666667, -6.916666666666667, -6.28, -6.061666666666667, -6.366666666666666, -6.366666666666666, -6.366666666666666, -5.736666666666667, -6.28, -6.28, -6.5633333333333335, -6.916666666666667, -6.28, -6.28, -6.366666666666666, -6.366666666666666, -6.061666666666667, -6.28, -6.916666666666667, -5.736666666666667, -5.47, -6.28, -6.28, -6.28, -6.28, -6.916666666666667, -6.28, -5.403333333333332, -6.28, -6.28, -7.396666666666666, -6.5633333333333335, -6.061666666666667, -5.8, -6.28, -6.28, -6.28, -6.28, -6.3066021936666665, -6.3066021936666665, -6.28, -6.28, -6.28, -6.28, -6.28, -7.030219817, -6.28, -6.28, -6.28, -6.28, -6.28, -5.78, -6.366666666666666, -6.366666666666666, -6.28, -6.28, -6.28, -6.28, -6.28, -6.28, -6.28, -6.28, -6.3, -6.3, -6.3, -5.94, -5.5, -6.3, -6.3, -6.28, -5.78, -6.366666666666666, -5.403333333333332, -6.28, -6.28, -6.28, -6.28, -6.28, -6.28, -5.5, -5.403333333333332, -6.366666666666666, -6.28, -5.403333333333332, -6.366666666666666, -6.28, -6.366666666666666, -5.5, -5.5, -5.5, -7.096666666666667, -6.31, -5.793333333333334, -5.763333333333333, -4.216666666666666, -5.5, -5.46, -6.28, -6.28, -6.28, -6.6499999999999995, -5.5, -6.28, -6.28, -5.46, -6.28, -6.28, -6.28, -5.46, -6.09, -6.866666666666667, -6.206666666666667, -5.5, -5.390000000000001, -6.900000000000001, -6.81, -6.81, -5.403333333333332, -4.870649756, -4.870649756, -5.403333333333332, -5.403333333333332, -4.216666666666666, -5.403333333333332, -5.403333333333332, -5.403333333333332, -4.216666666666666, -7.303333333333334, -7.303333333333334, -6.69, -6.181119831, -6.05, -6.346666666666667, -5.656666666666666, -5.656666666666666, -5.656666666666666, -5.656666666666666, -5.656666666666666, -6.5, -5.703333333333333, -6.69, -6.859999999999999, -6.68, -6.82, -6.5, -6.82, -5.789999999999999, -6.5, -5.736666666666667, -6.5, -6.5, -6.05, -5.8500000000000005, -6.68, -5.736666666666667, -6.157216340666667, -6.5, -6.5, -6.82, -6.05, -6.69, -6.69, -6.873333333333334, -6.308956145, -6.68, -6.05, -6.420000000000001, -6.5, -6.5, -6.5, -5.760000000000001, -6.980889168, -6.489999999999999, -6.157216340666667, -6.05, -6.308956145, -6.5, -5.8500000000000005, -6.873333333333334, -5.656666666666666, -5.353333333333333, -7.11, -6.82, -6.308956145, -6.05, -5.77, -5.77, -5.789999999999999, -6.5, -6.82, -6.82, -5.760000000000001, -6.05, -6.308956145, -6.980889168, -6.308956145, -6.308956145, -6.5, -5.8933333333333335, -6.69, -6.980889168, -6.170000000000001, -6.82, -6.82, -6.69, -6.69, -6.980889168, -6.69, -6.69, -6.69, -6.68, -6.68, -6.346666666666667, -5.8500000000000005, -6.82, -6.69, -6.980889168, -6.5, -6.69, -6.980889168, -6.69, -6.69, -6.69, -6.69, -6.69, -5.77, -6.69, -6.69, -6.69, -5.789999999999999, -6.308956145, -6.308956145, -6.69, -6.69, -6.308956145, -6.69, -6.980889168, -6.69, -6.69, -6.69, -5.982879435333333, -6.980889168, -6.69, -6.5, -6.69, -6.69, -6.5, -6.69, -6.69, -6.69, -6.5, -6.69, -6.69, -6.5, -6.5, -6.69, -6.69, -6.69, -5.736666666666667, -6.25, -6.69, -6.5, -5.813333333333333, -6.3, -6.69, -6.69, -5.813333333333333, -6.69, -6.69, -6.69, -6.25, -6.69, -6.5, -5.813333333333333, -6.69, -6.5, -6.5, -6.5, -6.69, -6.5, -5.623333333333332, -6.69, -5.736666666666667, -6.69, -6.69, -6.5, -6.69, -6.69, -6.69, -5.623333333333332, -5.813333333333333, -6.05, -5.813333333333333, -5.696666666666666, -6.69, -6.69, -6.69, -6.69, -6.166666666666667, -6.166666666666667, -6.69, -6.69, -5.21, -5.696666666666666, -6.69, -5.4433333333333325, -6.8999999999999995, -6.19, -5.623333333333332, -5.623333333333332, -5.623333333333332, -5.623333333333332, -5.623333333333332, -5.623333333333332, -5.623333333333332, -4.81, -4.81, -5.623333333333332, -5.623333333333332, -5.623333333333332, -5.623333333333332, -4.85480029, -4.85480029, -4.81, -5.623333333333332, -4.81, -4.81, -4.81, -4.81, -6.98, -6.933333333333334, -6.486666666666667, -6.486666666666667, -6.5, -5.78, -6.5, -5.783333333333334, -5.789999999999999, -5.783333333333334, -7.073333333333333, -7.073333333333333, -6.62, -5.743333333333333, -5.6433333333333335, -6.5, -6.69, -5.789999999999999, -6.5, -6.457626248333334, -6.933333333333334, -6.308956145, -7.073333333333333, -6.933333333333334, -5.78, -6.62, -6.5, -6.933333333333334, -6.308956145, -6.486666666666667, -6.5, -6.69, -6.5, -5.78, -6.69, -6.69, -6.933333333333334, -6.71, -5.789999999999999, -6.486666666666667, -7.256666666666668, -6.69, -6.5, -6.5, -6.933333333333334, -6.308956145, -6.69, -6.933333333333334, -6.62, -7.256666666666668, -6.170000000000001, -6.5, -6.308956145, -6.69, -5.75, -6.69, -6.69, -6.62, -6.69, -6.69, -6.69, -6.933333333333334, -6.486666666666667, -6.5, -6.69, -6.308956145, -6.5, -6.933333333333334, -6.69, -6.5, -6.5, -6.5, -6.69, -6.69, -6.69, -5.78, -6.69, -6.69, -7.030219817, -6.486666666666667, -6.308956145, -6.69, -6.69, -6.933333333333334, -6.5, -6.69, -6.903333333333333, -6.933333333333334, -6.5, -5.6433333333333335, -5.6433333333333335, -6.69, -6.69, -6.69, -6.69, -6.903333333333333, -7.533333333333332, -7.030219817, -7.030219817, -6.5, -6.69, -6.69, -6.69, -6.69, -6.69, -6.69, -6.69, -7.030219817, -6.69, -6.170000000000001, -6.738300653333333, -6.69, -6.69, -6.5, -6.69, -6.69, -6.69, -5.8, -6.69, -6.69, -6.69, -6.69, -6.69, -6.69, -6.69, -6.69, -6.69, -6.69, -6.69, -6.69, -6.69, -6.69, -6.69, -6.738300653333333, -6.69, -5.789999999999999, -6.69, -6.69, -6.69, -6.69, -6.5, -6.69, -6.69, -5.713333333333334, -6.69, -6.69, -6.69, -6.69, -6.25, -6.25, -6.25, -6.053333333333334, -5.6433333333333335, -5.919999999999999, -6.25, -6.5, -6.69, -5.6433333333333335, -6.5, -6.5, -6.69, -6.69, -6.5, -5.6433333333333335, -5.6433333333333335, -6.5, -5.919999999999999, -5.623333333333332, -5.623333333333332, -5.919999999999999, -5.276666666666666, -5.826666666666667, -6.69, -6.69, -5.919999999999999, -6.69, -6.69, -5.21, -6.69, -6.69, -6.69, -6.69, -6.69, -6.69, -6.31, -5.696666666666666, -6.900000000000001, -5.390000000000001, -4.766666666666667, -5.179615588333333, -5.623333333333332, -5.179615588333333, -6.173333333333333, -5.623333333333332, -5.623333333333332, -5.623333333333332, -4.766666666666667, -4.766666666666667, -4.766666666666667, -4.766666666666667, -4.766666666666667, -6.263333333333333, -7.36, -6.210000000000001, -7.406666666666666, -5.906666666666666, -6.710000000000001, -6.5, -5.71, -5.78, -6.1866666666666665, -6.5, -5.656666666666666, -6.710000000000001, -6.710000000000001, -6.5, -6.710000000000001, -6.5, -6.1866666666666665, -5.8066666666666675, -6.1866666666666665, -6.449656668, -6.5, -6.5, -6.513234557666667, -6.903333333333333, -6.263333333333333, -6.263333333333333, -6.903333333333333, -6.5, -6.5, -5.656666666666666, -6.5, -6.5, -6.5, -6.308956145, -6.5, -6.5, -6.710000000000001, -6.5, -6.5, -6.5, -6.5, -6.5, -6.308956145, -6.263333333333333, -6.5, -6.5, -6.5, -5.78, -6.703333333333333, -6.5, -5.523333333333333, -5.906666666666666, -6.486666666666667, -6.710000000000001, -6.5, -6.710000000000001, -6.210000000000001, -5.906666666666666, -6.486666666666667, -6.263333333333333, -6.5, -6.5, -6.263333333333333, -6.263333333333333, -6.263333333333333, -5.906666666666666, -6.903333333333333, -6.78, -6.5, -6.308956145, -6.5, -6.5, -6.710000000000001, -6.263333333333333, -6.263333333333333, -6.263333333333333, -6.763333333333333, -6.710000000000001, -6.903333333333333, -6.710000000000001, -5.829999999999999, -5.829999999999999, -6.263333333333333, -5.906666666666666, -6.903333333333333, -6.903333333333333, -5.656666666666666, -7.047270657666666, -7.047270657666666, -6.263333333333333, -6.263333333333333, -6.420000000000001, -7.047270657666666, -6.263333333333333, -6.263333333333333, -7.047270657666666, -6.263333333333333, -6.263333333333333, -6.263333333333333, -6.263333333333333, -6.263333333333333, -6.243333333333333, -6.263333333333333, -6.263333333333333, -6.308956145, -6.263333333333333, -6.263333333333333, -6.263333333333333, -6.263333333333333, -7.047270657666666, -6.308956145, -5.523333333333333, -6.308956145, -6.263333333333333, -6.710000000000001, -5.656666666666666, -6.1499999999999995, -6.263333333333333, -6.263333333333333, -6.263333333333333, -6.263333333333333, -7.047270657666666, -6.263333333333333, -6.263333333333333, -6.263333333333333, -6.263333333333333, -6.263333333333333, -6.263333333333333, -6.263333333333333, -6.263333333333333, -5.523333333333333, -6.263333333333333, -6.5, -6.263333333333333, -5.613333333333333, -6.263333333333333, -6.263333333333333, -6.1499999999999995, -5.523333333333333, -6.263333333333333, -5.523333333333333, -6.263333333333333, -6.5, -6.5, -6.263333333333333, -5.523333333333333, -6.5, -6.263333333333333, -6.263333333333333, -6.263333333333333, -5.523333333333333, -6.5, -6.5, -6.5, -6.5, -6.5, -5.523333333333333, -6.263333333333333, -6.5, -6.5, -5.919999999999999, -6.5, -7.047270657666666, -5.919999999999999, -5.359999999999999, -5.37, -6.263333333333333, -6.263333333333333, -5.6066666666666665, -5.37, -5.919999999999999, -5.433333333333334, -6.263333333333333, -5.37, -5.37, -6.263333333333333, -6.263333333333333, -6.263333333333333, -6.263333333333333, -6.489999999999999, -6.263333333333333, -6.263333333333333, -6.263333333333333, -5.523333333333333, -6.72, -6.263333333333333, -6.263333333333333, -4.85480029, -6.1433333333333335, -5.523333333333333, -5.523333333333333, -5.523333333333333, -5.523333333333333, -4.81, -5.523333333333333, -4.81, -4.81, -4.81, -5.523333333333333, -5.523333333333333, -6.796666666666667, -7.703333333333333, -7.109999999999999, -6.033333333333334, -6.0, -6.033333333333334, -6.75, -6.033333333333334, -6.033333333333334, -6.190340042333333, -7.239999999999999, -6.93, -5.633333333333333, -6.033333333333334, -6.033333333333334, -6.033333333333334, -6.796666666666667, -6.190340042333333, -6.0, -6.0, -6.5633333333333335, -6.033333333333334, -6.82, -5.78, -6.0, -5.78, -6.033333333333334, -6.033333333333334, -6.796666666666667, -6.033333333333334, -6.0, -6.419999999999999, -6.796666666666667, -6.190340042333333, -6.033333333333334, -6.033333333333334, -6.033333333333334, -6.190340042333333, -5.789999999999999, -6.843333333333334, -6.0, -6.033333333333334, -6.033333333333334, -5.633333333333333, -5.743333333333333, -5.739999999999999, -6.190340042333333, -5.8999999999999995, -6.82, -6.82, -6.033333333333334, -6.796666666666667, -6.033333333333334, -6.033333333333334, -6.796666666666667, -6.0, -6.0, -6.0, -6.170000000000001, -6.033333333333334, -6.033333333333334, -6.796666666666667, -5.87, -6.82, -6.796666666666667, -6.190340042333333, -6.986666666666667, -7.030219817, -7.030219817, -6.82, -6.93, -6.93, -6.033333333333334, -6.796666666666667, -5.789999999999999, -6.033333333333334, -6.033333333333334, -6.033333333333334, -6.796666666666667, -6.796666666666667, -6.796666666666667, -6.190340042333333, -6.82, -6.033333333333334, -6.796666666666667, -5.956666666666666, -6.986666666666667, -7.030219817, -6.033333333333334, -6.033333333333334, -6.796666666666667, -6.796666666666667, -6.796666666666667, -6.796666666666667, -5.633333333333333, -6.033333333333334, -6.033333333333334, -6.796666666666667, -6.796666666666667, -6.796666666666667, -6.796666666666667, -6.796666666666667, -6.796666666666667, -6.796666666666667, -6.796666666666667, -7.030219817, -6.796666666666667, -6.796666666666667, -6.796666666666667, -6.190340042333333, -6.796666666666667, -6.796666666666667, -6.796666666666667, -6.796666666666667, -5.746973969333333, -5.476666666666667, -5.933333333333334, -6.796666666666667, -6.796666666666667, -6.796666666666667, -6.796666666666667, -7.030219817, -6.796666666666667, -6.796666666666667, -6.796666666666667, -7.030219817, -6.033333333333334, -6.796666666666667, -5.87, -6.033333333333334, -6.796666666666667, -6.796666666666667, -6.796666666666667, -6.796666666666667, -6.796666666666667, -6.796666666666667, -6.796666666666667, -6.796666666666667, -6.796666666666667, -6.796666666666667, -6.033333333333334, -5.633333333333333, -5.6499999999999995, -6.033333333333334, -6.796666666666667, -6.796666666666667, -5.933333333333334, -6.796666666666667, -5.919999999999999, -6.033333333333334, -6.033333333333334, -5.6499999999999995, -6.796666666666667, -6.796666666666667, -5.6499999999999995, -6.033333333333334, -5.6499999999999995, -6.033333333333334, -5.6499999999999995, -5.55, -5.919999999999999, -6.6066666666666665, -5.476666666666667, -5.476666666666667, -6.796666666666667, -5.69, -6.796666666666667, -6.796666666666667, -6.796666666666667, -6.796666666666667, -6.796666666666667, -5.476666666666667, -5.69, -6.233333333333333, -6.233333333333333, -6.796666666666667, -6.796666666666667, -6.796666666666667, -6.453333333333333, -6.453333333333333, -5.710000000000001, -5.650000000000001, -6.796666666666667, -6.796666666666667, -5.496666666666667, -5.496666666666667, -5.156666666666666, -5.156666666666666, -5.200988088333333, -6.1433333333333335, -6.1433333333333335, -5.6499999999999995, -5.6499999999999995, -5.6499999999999995, -5.156666666666666, -5.6499999999999995, -5.156666666666666, -5.156666666666666, -5.6499999999999995, -5.156666666666666, -5.6499999999999995]","0     -7.22
1     -6.21
2     -7.24
3     -5.92
4     -5.96
       ... 
247   -6.00
248   -3.99
249   -5.24
250   -4.77
251   -4.71
Name: Permeability, Length: 252, dtype: float64","[array([-6.28      , -6.36666667, -6.36666667, -5.85648358, -5.78      ,
       -7.03666667, -5.73666667, -7.03666667, -5.46      , -6.56333333,
       -6.        , -6.36666667, -5.73666667, -6.36666667, -5.78      ,
       -5.78      , -6.42      , -6.42      , -5.73666667, -6.28      ,
       -6.        , -6.82      , -6.36666667, -5.40333333, -5.78      ,
       -6.        , -6.36666667, -6.36666667, -6.30660219, -6.        ,
       -6.86333333, -7.39666667, -6.36666667, -6.91666667, -6.36666667,
       -6.91666667, -6.36666667, -5.67666667, -6.36666667, -5.78      ,
       -6.30660219, -6.82      , -6.30660219, -5.40333333, -6.09652007,
       -6.90333333, -6.91666667, -6.36666667, -6.36666667, -5.84      ,
       -6.90333333, -6.42      , -6.36666667, -6.36666667, -6.30660219,
       -6.28      , -6.28      , -6.91666667, -5.78      , -6.28      ,
       -6.30660219, -6.91666667, -6.        , -6.06166667, -6.        ,
       -4.87064976, -6.45857951, -5.8       , -6.36666667, -6.28      ,
       -6.82      , -6.28      , -6.36666667, -6.28      , -6.        ,
       -6.        , -6.        , -6.36666667, -6.28      , -6.28      ,
       -6.30660219, -6.82      , -6.36666667, -5.73666667, -6.82      ,
       -6.82      , -6.28      , -6.56333333, -6.28      , -6.28      ,
       -7.03021982, -7.03021982, -6.06166667, -6.91666667, -5.78      ,
       -7.03021982, -6.36666667, -6.28      , -6.36666667, -6.36666667,
       -6.28      , -6.28      , -7.03021982, -6.82      , -6.91666667,
       -6.36666667, -6.36666667, -6.28      , -6.28      , -6.28      ,
       -5.73666667, -6.91666667, -6.28      , -5.47      , -7.03021982,
       -6.28      , -6.28      , -6.28      , -6.28      , -6.28      ,
       -6.28      , -6.28      , -6.82      , -6.28      , -6.25333333,
       -6.55333333, -6.28      , -6.28      , -6.28      , -6.28      ,
       -6.28      , -7.03021982, -6.56333333, -6.28      , -6.28      ,
       -6.28      , -6.28      , -5.8       , -6.28      , -7.27299   ,
       -6.28      , -6.30660219, -6.42      , -7.03021982, -6.28      ,
       -5.40333333, -6.28      , -6.30660219, -6.36666667, -6.28      ,
       -6.28      , -6.28      , -6.28      , -5.40333333, -6.28      ,
       -6.28      , -6.28      , -6.36666667, -6.55333333, -6.28      ,
       -6.36666667, -6.28      , -6.28      , -6.28      , -5.73666667,
       -6.28      , -6.28      , -6.28      , -6.36666667, -6.28      ,
       -6.28      , -5.40333333, -6.28      , -6.36666667, -6.28      ,
       -6.3       , -6.36666667, -6.36666667, -6.3       , -5.94      ,
       -5.73666667, -6.28      , -6.36666667, -6.28      , -5.40333333,
       -6.28      , -6.28      , -6.28      , -6.36666667, -5.78      ,
       -6.36666667, -6.36666667, -5.73666667, -5.40333333, -6.28      ,
       -5.73666667, -6.28      , -5.5       , -6.36666667, -6.36666667,
       -6.36666667, -6.36666667, -6.28      , -5.5       , -5.39      ,
       -7.09666667, -6.16666667, -7.09666667, -6.65      , -5.46      ,
       -6.28      , -6.28      , -6.28      , -6.28      , -6.28      ,
       -6.65      , -5.46      , -5.5       , -4.88666667, -5.62333333,
       -5.46      , -4.87064976, -6.28      , -6.28      , -6.28      ,
       -6.28      , -6.28      , -6.36666667, -6.28      , -6.9       ,
       -6.28      , -6.20666667, -5.39      , -6.01864399, -5.40333333,
       -4.87064976, -5.40333333, -4.87064976, -6.81      , -5.40333333,
       -4.21666667, -5.40333333, -5.40333333, -5.40333333, -5.40333333,
       -5.40333333, -5.40333333, -4.21666667, -5.40333333, -4.21666667,
       -4.21666667, -4.21666667]), array([-6.69      , -6.5       , -6.5       , -6.18111983, -5.65666667,
       -7.03666667, -5.73666667, -7.03666667, -5.21      , -6.86      ,
       -6.05      , -6.5       , -5.73666667, -6.5       , -5.65666667,
       -5.65666667, -6.42      , -6.42      , -5.73666667, -6.69      ,
       -6.05      , -6.82      , -6.5       , -5.62333333, -5.65666667,
       -6.05      , -6.5       , -6.5       , -6.30895614, -6.05      ,
       -7.10333333, -7.39666667, -6.5       , -6.68      , -6.5       ,
       -6.68      , -6.5       , -5.77      , -6.5       , -5.65666667,
       -6.30895614, -6.82      , -6.30895614, -5.62333333, -5.98287944,
       -7.11      , -6.68      , -6.5       , -6.5       , -5.83666667,
       -7.11      , -6.42      , -6.5       , -6.5       , -6.30895614,
       -6.69      , -6.69      , -6.68      , -5.65666667, -6.69      ,
       -6.30895614, -6.68      , -6.05      , -6.17      , -6.05      ,
       -5.1149916 , -6.46093346, -5.77      , -6.5       , -6.69      ,
       -6.82      , -6.69      , -6.5       , -6.69      , -6.05      ,
       -6.05      , -6.05      , -6.5       , -6.69      , -6.69      ,
       -6.30895614, -6.82      , -6.5       , -5.89333333, -6.82      ,
       -6.82      , -6.69      , -6.86      , -6.69      , -6.69      ,
       -6.98088917, -6.98088917, -6.17      , -6.68      , -5.65666667,
       -6.98088917, -6.5       , -6.69      , -6.5       , -6.5       ,
       -6.69      , -6.69      , -6.98088917, -6.82      , -6.68      ,
       -6.5       , -6.5       , -6.69      , -6.69      , -6.69      ,
       -5.73666667, -6.68      , -6.69      , -5.35333333, -6.98088917,
       -6.69      , -6.69      , -6.69      , -6.69      , -6.69      ,
       -6.69      , -6.69      , -6.82      , -6.69      , -5.85      ,
       -6.55333333, -6.69      , -6.69      , -6.69      , -6.69      ,
       -6.69      , -6.98088917, -6.86      , -6.69      , -6.69      ,
       -6.69      , -6.69      , -5.77      , -6.69      , -7.27299   ,
       -6.69      , -6.30895614, -6.42      , -6.98088917, -6.69      ,
       -5.62333333, -6.69      , -6.30895614, -6.5       , -6.69      ,
       -6.69      , -6.69      , -6.69      , -5.62333333, -6.69      ,
       -6.69      , -6.69      , -6.5       , -6.55333333, -6.69      ,
       -6.5       , -6.69      , -6.69      , -6.69      , -5.89333333,
       -6.69      , -6.69      , -6.69      , -6.5       , -6.69      ,
       -6.69      , -5.62333333, -6.69      , -6.5       , -6.69      ,
       -6.25      , -6.5       , -6.5       , -6.25      , -6.3       ,
       -5.73666667, -6.69      , -6.5       , -6.69      , -5.62333333,
       -6.69      , -6.69      , -6.69      , -6.5       , -5.65666667,
       -6.5       , -6.5       , -5.73666667, -5.62333333, -6.69      ,
       -5.73666667, -6.69      , -5.81333333, -6.5       , -6.5       ,
       -6.5       , -6.5       , -6.69      , -5.81333333, -5.3       ,
       -6.35666667, -6.16666667, -6.35666667, -6.16666667, -5.21      ,
       -6.69      , -6.69      , -6.69      , -6.69      , -6.69      ,
       -6.16666667, -5.21      , -5.81333333, -4.88666667, -5.84      ,
       -5.21      , -4.85480029, -6.69      , -6.69      , -6.69      ,
       -6.69      , -6.69      , -6.5       , -6.69      , -6.9       ,
       -6.69      , -5.69666667, -5.44333333, -6.01864399, -5.62333333,
       -4.85480029, -5.62333333, -4.85480029, -6.14333333, -5.62333333,
       -4.81      , -5.62333333, -5.62333333, -5.62333333, -5.62333333,
       -5.62333333, -5.62333333, -4.81      , -5.62333333, -4.81      ,
       -4.81      , -4.81      ]), array([-6.69      , -6.5       , -6.5       , -6.14445316, -5.78      ,
       -7.03666667, -5.64333333, -7.03666667, -5.21      , -6.62      ,
       -6.48666667, -6.5       , -5.64333333, -6.5       , -5.78      ,
       -5.78      , -7.07333333, -7.07333333, -5.64333333, -6.69      ,
       -6.48666667, -6.93333333, -6.5       , -5.62333333, -5.78      ,
       -6.48666667, -6.5       , -6.5       , -6.30895614, -6.48666667,
       -7.10333333, -7.53333333, -6.5       , -6.90333333, -6.5       ,
       -6.90333333, -6.5       , -5.76      , -6.5       , -5.78      ,
       -6.30895614, -6.93333333, -6.30895614, -5.62333333, -6.09652007,
       -7.25666667, -6.90333333, -6.5       , -6.5       , -5.83666667,
       -7.25666667, -7.07333333, -6.5       , -6.5       , -6.30895614,
       -6.69      , -6.69      , -6.90333333, -5.78      , -6.69      ,
       -6.30895614, -6.90333333, -6.48666667, -6.17      , -6.48666667,
       -5.44306018, -6.46093346, -5.8       , -6.5       , -6.69      ,
       -6.93333333, -6.69      , -6.5       , -6.69      , -6.48666667,
       -6.48666667, -6.48666667, -6.5       , -6.69      , -6.69      ,
       -6.30895614, -6.93333333, -6.5       , -5.75      , -6.93333333,
       -6.93333333, -6.69      , -6.62      , -6.69      , -6.69      ,
       -7.03021982, -7.03021982, -6.17      , -6.90333333, -5.78      ,
       -7.03021982, -6.5       , -6.69      , -6.5       , -6.5       ,
       -6.69      , -6.69      , -7.03021982, -6.93333333, -6.90333333,
       -6.5       , -6.5       , -6.69      , -6.69      , -6.69      ,
       -5.64333333, -6.90333333, -6.69      , -5.51333333, -7.03021982,
       -6.69      , -6.69      , -6.69      , -6.69      , -6.69      ,
       -6.69      , -6.69      , -6.93333333, -6.69      , -5.95666667,
       -6.73830065, -6.69      , -6.69      , -6.69      , -6.69      ,
       -6.69      , -7.03021982, -6.62      , -6.69      , -6.69      ,
       -6.69      , -6.69      , -5.8       , -6.69      , -7.27299   ,
       -6.69      , -6.30895614, -7.07333333, -7.03021982, -6.69      ,
       -5.62333333, -6.69      , -6.30895614, -6.5       , -6.69      ,
       -6.69      , -6.69      , -6.69      , -5.62333333, -6.69      ,
       -6.69      , -6.69      , -6.5       , -6.73830065, -6.69      ,
       -6.5       , -6.69      , -6.69      , -6.69      , -5.75      ,
       -6.69      , -6.69      , -6.69      , -6.5       , -6.69      ,
       -6.69      , -5.62333333, -6.69      , -6.5       , -6.69      ,
       -6.25      , -6.5       , -6.5       , -6.25      , -6.05333333,
       -5.64333333, -6.69      , -6.5       , -6.69      , -5.62333333,
       -6.69      , -6.69      , -6.69      , -6.5       , -5.78      ,
       -6.5       , -6.5       , -5.64333333, -5.62333333, -6.69      ,
       -5.64333333, -6.69      , -5.92      , -6.5       , -6.5       ,
       -6.5       , -6.5       , -6.69      , -5.92      , -5.3       ,
       -6.49333333, -6.16666667, -6.49333333, -6.16666667, -5.21      ,
       -6.69      , -6.69      , -6.69      , -6.69      , -6.69      ,
       -6.16666667, -5.21      , -5.92      , -4.88666667, -5.84      ,
       -5.21      , -5.17961559, -6.69      , -6.69      , -6.69      ,
       -6.69      , -6.69      , -6.5       , -6.69      , -6.9       ,
       -6.69      , -6.42333333, -5.39      , -5.79      , -5.62333333,
       -5.17961559, -5.62333333, -5.17961559, -6.17333333, -5.62333333,
       -4.76666667, -5.62333333, -5.62333333, -5.62333333, -5.62333333,
       -5.62333333, -5.62333333, -4.76666667, -5.62333333, -4.76666667,
       -4.76666667, -4.76666667]), array([-6.26333333, -6.5       , -6.5       , -6.21130291, -5.78      ,
       -7.14666667, -5.65666667, -7.14666667, -5.37      , -6.18666667,
       -5.90666667, -6.5       , -5.65666667, -6.5       , -5.78      ,
       -5.78      , -6.42      , -6.42      , -5.65666667, -6.26333333,
       -5.90666667, -6.71      , -6.5       , -5.52333333, -5.78      ,
       -5.90666667, -6.5       , -6.5       , -6.30895614, -5.90666667,
       -7.10333333, -6.70333333, -6.5       , -6.90333333, -6.5       ,
       -6.90333333, -6.5       , -5.77      , -6.5       , -5.78      ,
       -6.30895614, -6.71      , -6.30895614, -5.52333333, -6.1098534 ,
       -7.17      , -6.90333333, -6.5       , -6.5       , -5.83666667,
       -7.17      , -6.42      , -6.5       , -6.5       , -6.30895614,
       -6.26333333, -6.26333333, -6.90333333, -5.78      , -6.26333333,
       -6.30895614, -6.90333333, -5.90666667, -6.48666667, -5.90666667,
       -5.1149916 , -6.46093346, -5.73      , -6.5       , -6.26333333,
       -6.71      , -6.26333333, -6.5       , -6.26333333, -5.90666667,
       -5.90666667, -5.90666667, -6.5       , -6.26333333, -6.26333333,
       -6.30895614, -6.71      , -6.5       , -5.87      , -6.71      ,
       -6.71      , -6.26333333, -6.18666667, -6.26333333, -6.26333333,
       -7.04727066, -7.04727066, -6.48666667, -6.90333333, -5.78      ,
       -7.04727066, -6.5       , -6.26333333, -6.5       , -6.5       ,
       -6.26333333, -6.26333333, -7.04727066, -6.71      , -6.90333333,
       -6.5       , -6.5       , -6.26333333, -6.26333333, -6.26333333,
       -5.65666667, -6.90333333, -6.26333333, -5.83      , -7.04727066,
       -6.26333333, -6.26333333, -6.26333333, -6.26333333, -6.26333333,
       -6.26333333, -6.26333333, -6.71      , -6.26333333, -6.21      ,
       -6.76333333, -6.26333333, -6.26333333, -6.26333333, -6.26333333,
       -6.26333333, -7.04727066, -6.18666667, -6.26333333, -6.26333333,
       -6.26333333, -6.26333333, -5.73      , -6.26333333, -6.44965667,
       -6.26333333, -6.30895614, -6.42      , -7.04727066, -6.26333333,
       -5.52333333, -6.26333333, -6.30895614, -6.5       , -6.26333333,
       -6.26333333, -6.26333333, -6.26333333, -5.52333333, -6.26333333,
       -6.26333333, -6.26333333, -6.5       , -6.76333333, -6.26333333,
       -6.5       , -6.26333333, -6.26333333, -6.26333333, -5.87      ,
       -6.26333333, -6.26333333, -6.26333333, -6.5       , -6.26333333,
       -6.26333333, -5.52333333, -6.26333333, -6.5       , -6.26333333,
       -6.15      , -6.5       , -6.5       , -6.15      , -6.33      ,
       -5.65666667, -6.26333333, -6.5       , -6.26333333, -5.52333333,
       -6.26333333, -6.26333333, -6.26333333, -6.5       , -5.78      ,
       -6.5       , -6.5       , -5.65666667, -5.52333333, -6.26333333,
       -5.65666667, -6.26333333, -5.92      , -6.5       , -6.5       ,
       -6.5       , -6.5       , -6.26333333, -5.92      , -5.3       ,
       -6.70666667, -5.60666667, -6.70666667, -5.60666667, -5.37      ,
       -6.26333333, -6.26333333, -6.26333333, -6.26333333, -6.26333333,
       -5.60666667, -5.37      , -5.92      , -5.43333333, -5.52333333,
       -5.37      , -4.85480029, -6.26333333, -6.26333333, -6.26333333,
       -6.26333333, -6.26333333, -6.5       , -6.26333333, -6.72      ,
       -6.26333333, -6.42333333, -5.39      , -5.96864399, -5.52333333,
       -4.85480029, -5.52333333, -4.85480029, -6.14333333, -5.52333333,
       -4.81      , -5.52333333, -5.52333333, -5.52333333, -5.52333333,
       -5.52333333, -5.52333333, -4.81      , -5.52333333, -4.81      ,
       -4.81      , -4.81      ]), array([-6.79666667, -6.03333333, -6.03333333, -6.21130291, -5.78      ,
       -7.11      , -5.63333333, -7.11      , -5.69      , -6.56333333,
       -6.        , -6.03333333, -5.63333333, -6.03333333, -5.78      ,
       -5.78      , -6.42      , -6.42      , -5.63333333, -6.79666667,
       -6.        , -6.82      , -6.03333333, -5.65      , -5.78      ,
       -6.        , -6.03333333, -6.03333333, -6.19034004, -6.        ,
       -7.24      , -6.98666667, -6.03333333, -6.93      , -6.03333333,
       -6.93      , -6.03333333, -5.87666667, -6.03333333, -5.78      ,
       -6.19034004, -6.82      , -6.19034004, -5.65      , -5.74697397,
       -7.17      , -6.93      , -6.03333333, -6.03333333, -5.83666667,
       -7.17      , -6.42      , -6.03333333, -6.03333333, -6.19034004,
       -6.79666667, -6.79666667, -6.93      , -5.78      , -6.79666667,
       -6.19034004, -6.93      , -6.        , -6.17      , -6.        ,
       -5.4611794 , -6.19034004, -5.73      , -6.03333333, -6.79666667,
       -6.82      , -6.79666667, -6.03333333, -6.79666667, -6.        ,
       -6.        , -6.        , -6.03333333, -6.79666667, -6.79666667,
       -6.19034004, -6.82      , -6.03333333, -5.87      , -6.82      ,
       -6.82      , -6.79666667, -6.56333333, -6.79666667, -6.79666667,
       -7.03021982, -7.03021982, -6.17      , -6.93      , -5.78      ,
       -7.03021982, -6.03333333, -6.79666667, -6.03333333, -6.03333333,
       -6.79666667, -6.79666667, -7.03021982, -6.82      , -6.93      ,
       -6.03333333, -6.03333333, -6.79666667, -6.79666667, -6.79666667,
       -5.63333333, -6.93      , -6.79666667, -5.51333333, -7.03021982,
       -6.79666667, -6.79666667, -6.79666667, -6.79666667, -6.79666667,
       -6.79666667, -6.79666667, -6.82      , -6.79666667, -5.95666667,
       -6.55333333, -6.79666667, -6.79666667, -6.79666667, -6.79666667,
       -6.79666667, -7.03021982, -6.56333333, -6.79666667, -6.79666667,
       -6.79666667, -6.79666667, -5.73      , -6.79666667, -5.74      ,
       -6.79666667, -6.19034004, -6.42      , -7.03021982, -6.79666667,
       -5.65      , -6.79666667, -6.19034004, -6.03333333, -6.79666667,
       -6.79666667, -6.79666667, -6.79666667, -5.65      , -6.79666667,
       -6.79666667, -6.79666667, -6.03333333, -6.55333333, -6.79666667,
       -6.03333333, -6.79666667, -6.79666667, -6.79666667, -5.87      ,
       -6.79666667, -6.79666667, -6.79666667, -6.03333333, -6.79666667,
       -6.79666667, -5.65      , -6.79666667, -6.03333333, -6.79666667,
       -5.93333333, -6.03333333, -6.03333333, -5.93333333, -6.33      ,
       -5.63333333, -6.79666667, -6.03333333, -6.79666667, -5.65      ,
       -6.79666667, -6.79666667, -6.79666667, -6.03333333, -5.78      ,
       -6.03333333, -6.03333333, -5.63333333, -5.65      , -6.79666667,
       -5.63333333, -6.79666667, -5.92      , -6.03333333, -6.03333333,
       -6.03333333, -6.03333333, -6.79666667, -5.92      , -5.38333333,
       -6.60666667, -5.47666667, -6.60666667, -5.47666667, -5.69      ,
       -6.79666667, -6.79666667, -6.79666667, -6.79666667, -6.79666667,
       -5.47666667, -5.69      , -5.92      , -6.23333333, -5.84      ,
       -5.69      , -5.20098809, -6.79666667, -6.79666667, -6.79666667,
       -6.79666667, -6.79666667, -6.03333333, -6.79666667, -6.45333333,
       -6.79666667, -6.42333333, -5.49666667, -6.01864399, -5.65      ,
       -5.20098809, -5.65      , -5.20098809, -6.14333333, -5.65      ,
       -5.15666667, -5.65      , -5.65      , -5.65      , -5.65      ,
       -5.65      , -5.65      , -5.15666667, -5.65      , -5.15666667,
       -5.15666667, -5.15666667])]","[-6.544      -6.38       -6.38       -6.12093248 -5.75533333 -7.07333333
 -5.68133333 -7.07333333 -5.388      -6.55866667 -6.08866667 -6.38
 -5.68133333 -6.38       -5.75533333 -5.75533333 -6.55066667 -6.55066667
 -5.68133333 -6.544      -6.08866667 -6.82066667 -6.38       -5.56466667
 -5.75533333 -6.08866667 -6.38       -6.38       -6.28476213 -6.08866667
 -7.08266667 -7.20333333 -6.38       -6.86666667 -6.38       -6.86666667
 -6.38       -5.77066667 -6.38       -5.75533333 -6.28476213 -6.82066667
 -6.28476213 -5.56466667 -6.00654939 -7.122      -6.86666667 -6.38
 -6.38       -5.83733333 -7.122      -6.55066667 -6.38       -6.38
 -6.28476213 -6.544      -6.544      -6.86666667 -5.75533333 -6.544
 -6.28476213 -6.86666667 -6.08866667 -6.21166667 -6.08866667 -5.20097451
 -6.40634399 -5.766      -6.38       -6.544      -6.82066667 -6.544
 -6.38       -6.544      -6.08866667 -6.08866667 -6.08866667 -6.38
 -6.544      -6.544      -6.28476213 -6.82066667 -6.38       -5.824
 -6.82066667 -6.82066667 -6.544      -6.55866667 -6.544      -6.544
 -7.02376386 -7.02376386 -6.21166667 -6.86666667 -5.75533333 -7.02376386
 -6.38       -6.544      -6.38       -6.38       -6.544      -6.544
 -7.02376386 -6.82066667 -6.86666667 -6.38       -6.38       -6.544
 -6.544      -6.544      -5.68133333 -6.86666667 -6.544      -5.536
 -7.02376386 -6.544      -6.544      -6.544      -6.544      -6.544
 -6.544      -6.544      -6.82066667 -6.544      -6.04533333 -6.6323268
 -6.544      -6.544      -6.544      -6.544      -6.544      -7.02376386
 -6.55866667 -6.544      -6.544      -6.544      -6.544      -5.766
 -6.544      -6.80172533 -6.544      -6.28476213 -6.55066667 -7.02376386
 -6.544      -5.56466667 -6.544      -6.28476213 -6.38       -6.544
 -6.544      -6.544      -6.544      -5.56466667 -6.544      -6.544
 -6.544      -6.38       -6.6323268  -6.544      -6.38       -6.544
 -6.544      -6.544      -5.824      -6.544      -6.544      -6.544
 -6.38       -6.544      -6.544      -5.56466667 -6.544      -6.38
 -6.544      -6.17666667 -6.38       -6.38       -6.17666667 -6.19066667
 -5.68133333 -6.544      -6.38       -6.544      -5.56466667 -6.544
 -6.544      -6.544      -6.38       -5.75533333 -6.38       -6.38
 -5.68133333 -5.56466667 -6.544      -5.68133333 -6.544      -5.81466667
 -6.38       -6.38       -6.38       -6.38       -6.544      -5.81466667
 -5.33466667 -6.652      -5.91666667 -6.652      -6.01333333 -5.388
 -6.544      -6.544      -6.544      -6.544      -6.544      -6.01333333
 -5.388      -5.81466667 -5.26533333 -5.73333333 -5.388      -4.9921708
 -6.544      -6.544      -6.544      -6.544      -6.544      -6.38
 -6.544      -6.77466667 -6.544      -6.23466667 -5.422      -5.96291519
 -5.56466667 -4.9921708  -5.56466667 -4.9921708  -6.28266667 -5.56466667
 -4.752      -5.56466667 -5.56466667 -5.56466667 -5.56466667 -5.56466667
 -5.56466667 -4.752      -5.56466667 -4.752      -4.752      -4.752     ]","[0.22580621 0.18086213 0.18086213 0.13449356 0.04933333 0.04638007
 0.04578209 0.04638007 0.17893015 0.21586621 0.20432654 0.18086213
 0.04578209 0.18086213 0.04933333 0.04933333 0.26133333 0.26133333
 0.04578209 0.22580621 0.20432654 0.07062892 0.18086213 0.09154477
 0.04933333 0.20432654 0.18086213 0.18086213 0.04721985 0.20432654
 0.1217721  0.31003226 0.18086213 0.09385568 0.18086213 0.09385568
 0.18086213 0.06354001 0.18086213 0.04933333 0.04721985 0.07062892
 0.04721985 0.09154477 0.13769592 0.1189136  0.09385568 0.18086213
 0.18086213 0.00133333 0.1189136  0.26133333 0.18086213 0.18086213
 0.04721985 0.22580621 0.22580621 0.09385568 0.04933333 0.22580621
 0.04721985 0.09385568 0.20432654 0.14375906 0.20432654 0.22370186
 0.10800582 0.03136877 0.18086213 0.22580621 0.07062892 0.22580621
 0.18086213 0.22580621 0.20432654 0.20432654 0.20432654 0.18086213
 0.22580621 0.22580621 0.04721985 0.07062892 0.18086213 0.06654656
 0.07062892 0.07062892 0.22580621 0.21586621 0.22580621 0.22580621
 0.02243144 0.02243144 0.14375906 0.09385568 0.04933333 0.02243144
 0.18086213 0.22580621 0.18086213 0.18086213 0.22580621 0.22580621
 0.02243144 0.07062892 0.09385568 0.18086213 0.18086213 0.22580621
 0.22580621 0.22580621 0.04578209 0.09385568 0.22580621 0.1582319
 0.02243144 0.22580621 0.22580621 0.22580621 0.22580621 0.22580621
 0.22580621 0.22580621 0.07062892 0.22580621 0.15764376 0.09707015
 0.22580621 0.22580621 0.22580621 0.22580621 0.22580621 0.02243144
 0.21586621 0.22580621 0.22580621 0.22580621 0.22580621 0.03136877
 0.22580621 0.61927122 0.22580621 0.04721985 0.26133333 0.02243144
 0.22580621 0.09154477 0.22580621 0.04721985 0.18086213 0.22580621
 0.22580621 0.22580621 0.22580621 0.09154477 0.22580621 0.22580621
 0.22580621 0.18086213 0.09707015 0.22580621 0.18086213 0.22580621
 0.22580621 0.22580621 0.06654656 0.22580621 0.22580621 0.22580621
 0.18086213 0.22580621 0.22580621 0.09154477 0.22580621 0.18086213
 0.22580621 0.13106402 0.18086213 0.18086213 0.13106402 0.16277319
 0.04578209 0.22580621 0.18086213 0.22580621 0.09154477 0.22580621
 0.22580621 0.22580621 0.18086213 0.04933333 0.18086213 0.18086213
 0.04578209 0.09154477 0.22580621 0.04578209 0.22580621 0.16266667
 0.18086213 0.18086213 0.18086213 0.18086213 0.22580621 0.16266667
 0.04251013 0.25106529 0.30893365 0.25106529 0.4256185  0.17893015
 0.22580621 0.22580621 0.22580621 0.22580621 0.22580621 0.4256185
 0.17893015 0.16266667 0.52828275 0.1344123  0.17893015 0.16201783
 0.22580621 0.22580621 0.22580621 0.22580621 0.22580621 0.18086213
 0.22580621 0.17513931 0.22580621 0.28178479 0.04266667 0.08859975
 0.09154477 0.16201783 0.09154477 0.16201783 0.26392255 0.09154477
 0.30241693 0.09154477 0.09154477 0.09154477 0.09154477 0.09154477
 0.09154477 0.30241693 0.09154477 0.30241693 0.30241693 0.30241693]"
9,SVR,"[-6.719724755825709, -7.099858462210147, -7.099858462210147, -6.5988333179503815, -5.9898309564981576, -6.639797201233352, -5.789811541336392, -5.9898309564981576, -6.719724755825709, -5.9898309564981576, -6.639797201233352, -5.799460565300097, -5.9898309564981576, -5.78019109889963, -6.060959653205181, -5.624554304598391, -5.9898309564981576, -5.870008988347182, -6.410117256608505, -6.299944926211728, -6.299944926211728, -5.9898309564981576, -6.0599374743795265, -6.140933488886541, -6.0599374743795265, -5.799460565300097, -6.900170440466395, -5.799460565300097, -6.410117256608505, -6.00340893575455, -6.131383472036388, -5.799460565300097, -5.9898309564981576, -5.9898309564981576, -6.0599374743795265, -5.9898309564981576, -5.799460565300097, -5.839705310113748, -5.742398283939189, -6.6223097205362915, -5.9898309564981576, -5.9898309564981576, -6.131383472036388, -5.7669065290291925, -5.9898309564981576, -5.9898309564981576, -6.719724755825709, -6.719724755825709, -5.9898309564981576, -6.719724755825709, -6.719724755825709, -5.9898309564981576, -6.0599374743795265, -6.060959653205181, -6.410117256608505, -5.870008988347182, -6.719724755825709, -6.719724755825709, -6.719724755825709, -5.839705310113748, -5.9898309564981576, -6.719724755825709, -5.870008988347182, -6.140933488886541, -5.9898309564981576, -5.9898309564981576, -6.0599374743795265, -6.0599374743795265, -5.9898309564981576, -6.0599374743795265, -6.719724755825709, -5.9898309564981576, -5.9898309564981576, -6.719724755825709, -6.640345084554867, -6.131383472036388, -6.410117256608505, -6.719724755825709, -6.131383472036388, -5.9898309564981576, -5.9898309564981576, -5.9898309564981576, -6.320286357891664, -6.719724755825709, -6.719724755825709, -6.059585890944391, -6.410117256608505, -6.719724755825709, -6.719724755825709, -5.9898309564981576, -5.9898309564981576, -6.131383472036388, -6.719724755825709, -6.410117256608505, -5.800249328870852, -5.653419489325504, -6.719724755825709, -6.719724755825709, -6.719724755825709, -6.719724755825709, -6.410117256608505, -6.719724755825709, -5.289968910105777, -6.719724755825709, -6.719724755825709, -6.649768286538553, -6.059585890944391, -6.131383472036388, -5.725621131969001, -6.719724755825709, -6.719724755825709, -6.719724755825709, -6.719724755825709, -6.140933488886541, -6.140933488886541, -6.719724755825709, -6.719724755825709, -6.719724755825709, -6.719724755825709, -6.719724755825709, -6.640345084554867, -6.719724755825709, -6.719724755825709, -6.719724755825709, -6.719724755825709, -6.719724755825709, -5.799460565300097, -5.9898309564981576, -5.9898309564981576, -6.719724755825709, -6.719724755825709, -6.719724755825709, -6.719724755825709, -6.719724755825709, -6.719724755825709, -6.719724755825709, -6.719724755825709, -6.100098162943071, -6.100098162943071, -6.100098162943071, -5.989772697351491, -5.500343252013803, -6.100098162943071, -6.100098162943071, -6.719724755825709, -5.799460565300097, -5.9898309564981576, -5.289968910105777, -6.719724755825709, -6.719724755825709, -6.719724755825709, -6.719724755825709, -6.719724755825709, -6.719724755825709, -5.500343252013803, -5.289968910105777, -5.9898309564981576, -6.719724755825709, -5.289968910105777, -5.9898309564981576, -6.719724755825709, -5.9898309564981576, -5.500343252013803, -5.500343252013803, -5.500343252013803, -6.599992608149179, -6.061708233700956, -5.989675754710163, -5.51054057149797, -5.020445062815953, -5.500343252013803, -5.789811541336392, -6.719724755825709, -6.719724755825709, -6.719724755825709, -6.519986050141534, -5.500343252013803, -6.719724755825709, -6.719724755825709, -5.789811541336392, -6.719724755825709, -6.719724755825709, -6.719724755825709, -5.789811541336392, -5.689941063920414, -6.141449284808212, -5.914509940188023, -5.500343252013803, -5.440113429433363, -6.4404451763528225, -6.720132445440569, -6.720132445440569, -5.289968910105777, -4.940800114660065, -4.940800114660065, -5.289968910105777, -5.289968910105777, -5.020445062815953, -5.289968910105777, -5.289968910105777, -5.289968910105777, -5.020445062815953, -6.930076912900526, -6.930076912900526, -6.689886190248307, -5.76526445694715, -5.859894132897177, -6.5397762564331705, -5.699722885674114, -5.699722885674114, -5.699722885674114, -5.699722885674114, -5.699722885674114, -5.990230989606535, -5.763088916921857, -6.689886190248307, -6.022614743263743, -6.270065879876627, -6.019677497507866, -5.990230989606535, -6.019677497507866, -5.761332645199109, -5.990230989606535, -5.799833059466769, -5.990230989606535, -5.990230989606535, -5.859894132897177, -5.790035183093838, -6.270065879876627, -5.799833059466769, -6.139411826549637, -5.990230989606535, -5.990230989606535, -6.019677497507866, -5.859894132897177, -6.689886190248307, -6.689886190248307, -6.600019589026099, -6.114582448461191, -6.270065879876627, -5.859894132897177, -6.480101120438595, -5.990230989606535, -5.990230989606535, -5.990230989606535, -5.720037735260184, -6.26967530866836, -6.270264374422244, -6.139411826549637, -5.859894132897177, -6.114582448461191, -5.990230989606535, -5.790035183093838, -6.600019589026099, -5.699722885674114, -5.570211670658906, -6.905481246444706, -6.019677497507866, -6.114582448461191, -5.859894132897177, -5.899930602835096, -5.899930602835096, -5.761332645199109, -5.990230989606535, -6.019677497507866, -6.019677497507866, -5.720037735260184, -5.859894132897177, -6.114582448461191, -6.26967530866836, -6.114582448461191, -6.114582448461191, -5.990230989606535, -6.418620871733306, -6.689886190248307, -6.26967530866836, -6.045424716772181, -6.019677497507866, -6.019677497507866, -6.689886190248307, -6.689886190248307, -6.26967530866836, -6.689886190248307, -6.689886190248307, -6.689886190248307, -6.270065879876627, -6.270065879876627, -6.355323110221232, -5.790035183093838, -6.019677497507866, -6.689886190248307, -6.26967530866836, -5.990230989606535, -6.689886190248307, -6.26967530866836, -6.689886190248307, -6.689886190248307, -6.689886190248307, -6.689886190248307, -6.689886190248307, -5.899930602835096, -6.689886190248307, -6.689886190248307, -6.689886190248307, -5.761332645199109, -6.114582448461191, -6.114582448461191, -6.689886190248307, -6.689886190248307, -6.114582448461191, -6.689886190248307, -6.26967530866836, -6.689886190248307, -6.689886190248307, -6.689886190248307, -5.523459683563285, -6.26967530866836, -6.689886190248307, -5.990230989606535, -6.689886190248307, -6.689886190248307, -5.990230989606535, -6.689886190248307, -6.689886190248307, -6.689886190248307, -5.990230989606535, -6.689886190248307, -6.689886190248307, -5.990230989606535, -5.990230989606535, -6.689886190248307, -6.689886190248307, -6.689886190248307, -5.799833059466769, -6.281736037091529, -6.689886190248307, -5.990230989606535, -5.6600210776917566, -6.479870121722816, -6.689886190248307, -6.689886190248307, -5.6600210776917566, -6.689886190248307, -6.689886190248307, -6.689886190248307, -6.281736037091529, -6.689886190248307, -5.990230989606535, -5.6600210776917566, -6.689886190248307, -5.990230989606535, -5.990230989606535, -5.990230989606535, -6.689886190248307, -5.990230989606535, -5.310164703329581, -6.689886190248307, -5.799833059466769, -6.689886190248307, -6.689886190248307, -5.990230989606535, -6.689886190248307, -6.689886190248307, -6.689886190248307, -5.310164703329581, -5.6600210776917566, -5.954067830897978, -5.6600210776917566, -6.215313338163316, -6.689886190248307, -6.689886190248307, -6.689886190248307, -6.689886190248307, -6.5202326491650675, -6.5202326491650675, -6.689886190248307, -6.689886190248307, -5.530649383041799, -6.215313338163316, -6.689886190248307, -5.47997287707867, -6.242882292663211, -5.928487675071786, -5.310164703329581, -5.310164703329581, -5.310164703329581, -5.310164703329581, -5.310164703329581, -5.310164703329581, -5.310164703329581, -5.040035712238333, -5.040035712238333, -5.310164703329581, -5.310164703329581, -5.310164703329581, -5.310164703329581, -5.625952542369728, -4.978983012837107, -5.040035712238333, -5.310164703329581, -5.040035712238333, -5.040035712238333, -5.040035712238333, -5.040035712238333, -6.990055235049887, -6.059892095183197, -5.859575505053812, -5.859575505053812, -5.990259095548821, -5.779625522967168, -5.990259095548821, -5.894763260167013, -5.779678581139342, -5.849500659317134, -6.886158582155142, -6.886158582155142, -6.108316658438214, -5.90005165778118, -5.773105507537827, -5.990259095548821, -6.719828255728234, -5.779678581139342, -5.990259095548821, -5.79731349672071, -6.059892095183197, -6.112958424179454, -6.886158582155142, -6.059892095183197, -5.779625522967168, -6.431516317208032, -5.990259095548821, -6.059892095183197, -6.112958424179454, -5.859575505053812, -5.990259095548821, -6.719828255728234, -5.990259095548821, -5.779625522967168, -6.719828255728234, -6.719828255728234, -6.059892095183197, -6.779718656458333, -5.779678581139342, -5.859575505053812, -7.039883955064156, -6.719828255728234, -5.990259095548821, -5.990259095548821, -6.059892095183197, -6.112958424179454, -6.719828255728234, -6.059892095183197, -6.669688993122704, -7.039883955064156, -5.990056603228311, -5.990259095548821, -6.112958424179454, -6.719828255728234, -6.286560272425517, -6.719828255728234, -6.719828255728234, -6.108316658438214, -6.719828255728234, -6.719828255728234, -6.719828255728234, -6.059892095183197, -5.859575505053812, -5.990259095548821, -6.719828255728234, -6.112958424179454, -5.990259095548821, -6.059892095183197, -6.719828255728234, -5.990259095548821, -5.990259095548821, -5.990259095548821, -6.719828255728234, -6.719828255728234, -6.719828255728234, -5.779625522967168, -6.719828255728234, -6.719828255728234, -6.523235911746962, -5.859575505053812, -6.112958424179454, -6.719828255728234, -6.719828255728234, -6.059892095183197, -5.990259095548821, -6.719828255728234, -6.410088157905391, -6.059892095183197, -5.990259095548821, -5.773105507537827, -5.773105507537827, -6.719828255728234, -6.719828255728234, -6.719828255728234, -6.719828255728234, -6.410088157905391, -6.88673420806146, -6.523235911746962, -6.523235911746962, -5.990259095548821, -6.719828255728234, -6.719828255728234, -6.719828255728234, -6.719828255728234, -6.719828255728234, -6.719828255728234, -6.719828255728234, -6.523235911746962, -6.719828255728234, -5.990056603228311, -6.186505039229827, -6.719828255728234, -6.719828255728234, -5.990259095548821, -6.719828255728234, -6.719828255728234, -6.719828255728234, -5.650042618853448, -6.719828255728234, -6.719828255728234, -6.719828255728234, -6.719828255728234, -6.719828255728234, -6.719828255728234, -6.719828255728234, -6.719828255728234, -6.719828255728234, -6.719828255728234, -6.719828255728234, -6.719828255728234, -6.719828255728234, -6.719828255728234, -6.719828255728234, -6.186505039229827, -6.719828255728234, -5.350265819235876, -6.719828255728234, -6.719828255728234, -6.719828255728234, -6.719828255728234, -5.990259095548821, -6.719828255728234, -6.719828255728234, -6.190294892144793, -6.719828255728234, -6.719828255728234, -6.719828255728234, -6.719828255728234, -6.160366572835605, -6.033352452952825, -6.160366572835605, -5.989801207786884, -5.773105507537827, -5.539960641190299, -6.160366572835605, -5.990259095548821, -6.719828255728234, -5.773105507537827, -5.990259095548821, -5.990259095548821, -6.719828255728234, -6.719828255728234, -5.990259095548821, -5.773105507537827, -5.773105507537827, -5.990259095548821, -5.539960641190299, -5.289985312537921, -5.289985312537921, -5.539960641190299, -5.279851862457276, -6.0333524528546745, -6.719828255728234, -6.719828255728234, -5.539960641190299, -6.719828255728234, -6.719828255728234, -5.530364530266711, -6.719828255728234, -6.719828255728234, -6.719828255728234, -6.719828255728234, -6.719828255728234, -6.719828255728234, -6.16411591273236, -5.603501377603609, -6.422780008949919, -5.480018767698837, -5.020006567347531, -4.944963768698853, -5.289985312537921, -4.944963768698853, -6.033091354535118, -5.289985312537921, -5.289985312537921, -5.289985312537921, -5.020006567347531, -5.020006567347531, -5.020006567347531, -5.020006567347531, -5.020006567347531, -6.690134973085353, -7.129736560933518, -5.840082850153236, -7.120059063258925, -5.860240316252906, -5.969866999078509, -6.009666018817, -5.670118366179822, -5.779646686306593, -5.989674224461707, -6.009666018817, -5.820229344628124, -5.969866999078509, -5.969866999078509, -6.009666018817, -5.969866999078509, -6.009666018817, -5.989674224461707, -5.797660199233344, -5.989674224461707, -6.865554837170033, -6.009666018817, -6.009666018817, -6.331396145825024, -6.440044765016683, -6.690134973085353, -6.690134973085353, -6.440044765016683, -6.009666018817, -6.009666018817, -5.820229344628124, -6.009666018817, -6.009666018817, -6.009666018817, -6.114834013276957, -6.009666018817, -6.009666018817, -5.969866999078509, -6.009666018817, -6.009666018817, -6.009666018817, -6.009666018817, -6.009666018817, -6.114834013276957, -6.690134973085353, -6.009666018817, -6.009666018817, -6.009666018817, -5.779646686306593, -6.649833980978789, -6.009666018817, -5.12561367925132, -5.860240316252906, -6.259803546897515, -5.969866999078509, -6.009666018817, -5.969866999078509, -5.840082850153236, -5.860240316252906, -6.259803546897515, -6.690134973085353, -6.009666018817, -6.009666018817, -6.690134973085353, -6.690134973085353, -6.690134973085353, -5.860240316252906, -6.440044765016683, -6.639690521890432, -6.009666018817, -6.114834013276957, -6.009666018817, -6.009666018817, -5.969866999078509, -6.690134973085353, -6.690134973085353, -6.690134973085353, -6.5400835610742325, -5.969866999078509, -6.440044765016683, -5.969866999078509, -5.814243516085295, -5.814243516085295, -6.690134973085353, -5.860240316252906, -6.440044765016683, -6.440044765016683, -5.820229344628124, -6.702260727526659, -6.702260727526659, -6.690134973085353, -6.690134973085353, -6.5550410800866645, -6.702260727526659, -6.690134973085353, -6.690134973085353, -6.702260727526659, -6.690134973085353, -6.690134973085353, -6.690134973085353, -6.690134973085353, -6.690134973085353, -5.93804792442478, -6.690134973085353, -6.690134973085353, -6.114834013276957, -6.690134973085353, -6.690134973085353, -6.690134973085353, -6.690134973085353, -6.702260727526659, -6.114834013276957, -5.159884423079999, -6.114834013276957, -6.690134973085353, -5.969866999078509, -5.820229344628124, -6.330011854753005, -6.690134973085353, -6.690134973085353, -6.690134973085353, -6.690134973085353, -6.702260727526659, -6.690134973085353, -6.690134973085353, -6.690134973085353, -6.690134973085353, -6.690134973085353, -6.690134973085353, -6.690134973085353, -6.690134973085353, -5.159884423079999, -6.690134973085353, -6.009666018817, -6.690134973085353, -5.890255239359936, -6.690134973085353, -6.690134973085353, -6.330011854753005, -5.159884423079999, -6.690134973085353, -5.159884423079999, -6.690134973085353, -6.009666018817, -6.009666018817, -6.690134973085353, -5.159884423079999, -6.009666018817, -6.690134973085353, -6.690134973085353, -6.690134973085353, -5.159884423079999, -6.009666018817, -6.009666018817, -6.009666018817, -6.009666018817, -6.009666018817, -5.159884423079999, -6.690134973085353, -6.009666018817, -6.009666018817, -5.54037136186091, -5.898770792549897, -6.702260727526659, -5.54037136186091, -5.2050571128763305, -5.466424790478105, -6.690134973085353, -6.690134973085353, -6.486949122008944, -5.466424790478105, -5.54037136186091, -4.799814473103288, -6.690134973085353, -5.466424790478105, -5.466424790478105, -6.690134973085353, -6.690134973085353, -6.690134973085353, -6.690134973085353, -6.269962640550053, -6.690134973085353, -6.690134973085353, -6.690134973085353, -5.159884423079999, -6.546528732086029, -6.690134973085353, -6.690134973085353, -4.940965612599896, -5.999893350306692, -5.159884423079999, -5.159884423079999, -5.159884423079999, -5.159884423079999, -5.089935179946686, -5.159884423079999, -5.089935179946686, -5.089935179946686, -5.089935179946686, -5.159884423079999, -5.159884423079999, -6.6895978925077895, -7.099852456024999, -6.984345979706849, -5.9286486736722726, -5.8703516594475875, -5.9286486736722726, -6.2999708466399795, -5.9286486736722726, -5.9286486736722726, -6.115017715809816, -6.999887112663837, -6.410409951352051, -5.780187563442074, -5.9286486736722726, -5.9286486736722726, -5.9286486736722726, -6.6895978925077895, -6.115017715809816, -5.8703516594475875, -5.8703516594475875, -6.059735614857919, -5.9286486736722726, -6.109954274987366, -5.76015071449142, -5.8703516594475875, -5.76015071449142, -5.9286486736722726, -5.9286486736722726, -6.6895978925077895, -5.9286486736722726, -5.8703516594475875, -6.710635244655721, -6.6895978925077895, -6.115017715809816, -5.9286486736722726, -5.9286486736722726, -5.9286486736722726, -6.115017715809816, -5.779894125488488, -6.8002251281838415, -5.8703516594475875, -5.9286486736722726, -5.9286486736722726, -5.780187563442074, -5.900071717197446, -6.925216768797581, -6.115017715809816, -6.020191562408714, -6.109954274987366, -6.109954274987366, -5.9286486736722726, -6.6895978925077895, -5.9286486736722726, -5.9286486736722726, -6.6895978925077895, -5.8703516594475875, -5.8703516594475875, -5.8703516594475875, -6.234822334120654, -5.9286486736722726, -5.9286486736722726, -6.6895978925077895, -6.1398937495477846, -6.109954274987366, -6.6895978925077895, -6.115017715809816, -6.85839135625143, -6.702414480311364, -6.702414480311364, -6.109954274987366, -6.410409951352051, -6.410409951352051, -5.9286486736722726, -6.6895978925077895, -5.779894125488488, -5.9286486736722726, -5.9286486736722726, -5.9286486736722726, -6.6895978925077895, -6.6895978925077895, -6.6895978925077895, -6.28922883587408, -6.109954274987366, -5.9286486736722726, -6.6895978925077895, -5.889435154919329, -6.85839135625143, -6.702414480311364, -5.9286486736722726, -5.9286486736722726, -6.6895978925077895, -6.6895978925077895, -6.6895978925077895, -6.6895978925077895, -5.780187563442074, -5.9286486736722726, -5.9286486736722726, -6.6895978925077895, -6.6895978925077895, -6.6895978925077895, -6.6895978925077895, -6.6895978925077895, -6.6895978925077895, -6.6895978925077895, -6.6895978925077895, -6.702414480311364, -6.6895978925077895, -6.6895978925077895, -6.6895978925077895, -6.115017715809816, -6.6895978925077895, -6.6895978925077895, -6.6895978925077895, -6.6895978925077895, -5.4466368481060465, -6.539852420687959, -6.159935826864592, -6.6895978925077895, -6.6895978925077895, -6.6895978925077895, -6.6895978925077895, -6.702414480311364, -6.6895978925077895, -6.6895978925077895, -6.6895978925077895, -6.702414480311364, -5.9286486736722726, -6.6895978925077895, -6.1398937495477846, -5.9286486736722726, -6.6895978925077895, -6.6895978925077895, -6.6895978925077895, -6.6895978925077895, -6.6895978925077895, -6.6895978925077895, -6.6895978925077895, -6.6895978925077895, -6.6895978925077895, -6.6895978925077895, -5.9286486736722726, -5.780187563442074, -5.290204273016204, -5.9286486736722726, -6.6895978925077895, -6.6895978925077895, -6.159935826864592, -6.6895978925077895, -5.660000042101481, -5.9286486736722726, -5.9286486736722726, -5.290204273016204, -6.6895978925077895, -6.6895978925077895, -5.290204273016204, -5.9286486736722726, -5.290204273016204, -5.9286486736722726, -5.290204273016204, -5.6060530264939965, -5.660000042101481, -5.919511331493907, -6.539852420687959, -6.539852420687959, -6.6895978925077895, -5.78974310483849, -6.6895978925077895, -6.6895978925077895, -6.6895978925077895, -6.6895978925077895, -6.6895978925077895, -6.539852420687959, -5.78974310483849, -5.650117231073692, -5.650117231073692, -6.6895978925077895, -6.6895978925077895, -6.6895978925077895, -6.2397415574484265, -6.2397415574484265, -5.576997321452947, -5.935041789288341, -6.6895978925077895, -6.6895978925077895, -5.5201174122979255, -5.5201174122979255, -5.050131389837934, -5.050131389837934, -4.96966924268818, -6.200001238791945, -6.200001238791945, -5.290204273016204, -5.290204273016204, -5.290204273016204, -5.050131389837934, -5.290204273016204, -5.050131389837934, -5.050131389837934, -5.290204273016204, -5.050131389837934, -5.290204273016204]","0     -7.22
1     -6.21
2     -7.24
3     -5.92
4     -5.96
       ... 
247   -6.00
248   -3.99
249   -5.24
250   -4.77
251   -4.71
Name: Permeability, Length: 252, dtype: float64","[array([-6.71972476, -5.98983096, -5.98983096, -5.81447294, -5.79946057,
       -6.89998402, -5.80024933, -6.89998402, -5.78981154, -6.05958589,
       -5.87000899, -5.98983096, -5.80024933, -5.98983096, -5.79946057,
       -5.79946057, -6.62230972, -6.62230972, -5.80024933, -6.71972476,
       -5.87000899, -6.05993747, -5.98983096, -5.28996891, -5.79946057,
       -5.87000899, -5.98983096, -5.98983096, -6.14093349, -5.87000899,
       -6.6397972 , -6.64976829, -5.98983096, -6.41011726, -5.98983096,
       -6.41011726, -5.98983096, -5.66474365, -5.98983096, -5.79946057,
       -6.14093349, -6.05993747, -6.14093349, -5.28996891, -5.75048447,
       -6.6094788 , -6.41011726, -5.98983096, -5.98983096, -5.61953374,
       -6.90017044, -6.62230972, -5.98983096, -5.98983096, -6.14093349,
       -6.71972476, -6.71972476, -6.41011726, -5.79946057, -6.71972476,
       -6.14093349, -6.41011726, -5.87000899, -6.13138347, -5.87000899,
       -5.98369832, -6.41313149, -5.72562113, -5.98983096, -6.71972476,
       -6.05993747, -6.71972476, -5.98983096, -6.71972476, -5.87000899,
       -5.87000899, -5.87000899, -5.98983096, -6.71972476, -6.71972476,
       -6.14093349, -6.05993747, -5.98983096, -6.32028636, -6.05993747,
       -6.05993747, -6.71972476, -6.05958589, -6.71972476, -6.71972476,
       -6.64034508, -6.64034508, -6.13138347, -6.41011726, -5.79946057,
       -6.64034508, -5.98983096, -6.71972476, -5.98983096, -5.98983096,
       -6.71972476, -6.71972476, -6.64034508, -6.05993747, -6.41011726,
       -5.98983096, -5.98983096, -6.71972476, -6.71972476, -6.71972476,
       -5.80024933, -6.41011726, -6.71972476, -5.65341949, -6.64034508,
       -6.71972476, -6.71972476, -6.71972476, -6.71972476, -6.71972476,
       -6.71972476, -6.71972476, -6.05993747, -6.71972476, -5.83970531,
       -6.54011107, -6.71972476, -6.71972476, -6.71972476, -6.71972476,
       -6.71972476, -6.64034508, -6.05958589, -6.71972476, -6.71972476,
       -6.71972476, -6.71972476, -5.72562113, -6.71972476, -7.13052758,
       -6.71972476, -6.14093349, -6.62230972, -6.64034508, -6.71972476,
       -5.28996891, -6.71972476, -6.14093349, -5.98983096, -6.71972476,
       -6.71972476, -6.71972476, -6.71972476, -5.28996891, -6.71972476,
       -6.71972476, -6.71972476, -5.98983096, -6.54011107, -6.71972476,
       -5.98983096, -6.71972476, -6.71972476, -6.71972476, -6.32028636,
       -6.71972476, -6.71972476, -6.71972476, -5.98983096, -6.71972476,
       -6.71972476, -5.28996891, -6.71972476, -5.98983096, -6.71972476,
       -6.10009816, -5.98983096, -5.98983096, -6.10009816, -5.9897727 ,
       -5.80024933, -6.71972476, -5.98983096, -6.71972476, -5.28996891,
       -6.71972476, -6.71972476, -6.71972476, -5.98983096, -5.79946057,
       -5.98983096, -5.98983096, -5.80024933, -5.28996891, -6.71972476,
       -5.80024933, -6.71972476, -5.50034325, -5.98983096, -5.98983096,
       -5.98983096, -5.98983096, -6.71972476, -5.50034325, -6.06170823,
       -6.59999261, -6.08040202, -6.59999261, -6.51998605, -5.78981154,
       -6.71972476, -6.71972476, -6.71972476, -6.71972476, -6.71972476,
       -6.51998605, -5.78981154, -5.50034325, -5.06170828, -5.3659771 ,
       -5.78981154, -5.77354584, -6.71972476, -6.71972476, -6.71972476,
       -6.71972476, -6.71972476, -5.98983096, -6.71972476, -6.44044518,
       -6.71972476, -5.91450994, -5.44011343, -5.60314988, -5.28996891,
       -4.94080011, -5.28996891, -4.94080011, -6.72013245, -5.28996891,
       -5.02044506, -5.28996891, -5.28996891, -5.28996891, -5.28996891,
       -5.28996891, -5.28996891, -5.02044506, -5.28996891, -5.02044506,
       -5.02044506, -5.02044506]), array([-6.68988619, -5.99023099, -5.99023099, -5.76526446, -5.69972289,
       -6.97901121, -5.79983306, -6.97901121, -5.53064938, -6.02261474,
       -5.85989413, -5.99023099, -5.79983306, -5.99023099, -5.69972289,
       -5.69972289, -6.48010112, -6.48010112, -5.79983306, -6.68988619,
       -5.85989413, -6.0196775 , -5.99023099, -5.3101647 , -5.69972289,
       -5.85989413, -5.99023099, -5.99023099, -6.11458245, -5.85989413,
       -6.85312932, -6.83267912, -5.99023099, -6.27006588, -5.99023099,
       -6.27006588, -5.99023099, -5.79413596, -5.99023099, -5.69972289,
       -6.11458245, -6.0196775 , -6.11458245, -5.3101647 , -5.52345968,
       -6.62531177, -6.27006588, -5.99023099, -5.99023099, -5.83651844,
       -6.90548125, -6.48010112, -5.99023099, -5.99023099, -6.11458245,
       -6.68988619, -6.68988619, -6.27006588, -5.69972289, -6.68988619,
       -6.11458245, -6.27006588, -5.85989413, -6.04542472, -5.85989413,
       -5.77156442, -6.22715932, -5.8999306 , -5.99023099, -6.68988619,
       -6.0196775 , -6.68988619, -5.99023099, -6.68988619, -5.85989413,
       -5.85989413, -5.85989413, -5.99023099, -6.68988619, -6.68988619,
       -6.11458245, -6.0196775 , -5.99023099, -6.41862087, -6.0196775 ,
       -6.0196775 , -6.68988619, -6.02261474, -6.68988619, -6.68988619,
       -6.26967531, -6.26967531, -6.04542472, -6.27006588, -5.69972289,
       -6.26967531, -5.99023099, -6.68988619, -5.99023099, -5.99023099,
       -6.68988619, -6.68988619, -6.26967531, -6.0196775 , -6.27006588,
       -5.99023099, -5.99023099, -6.68988619, -6.68988619, -6.68988619,
       -5.79983306, -6.27006588, -6.68988619, -5.57021167, -6.26967531,
       -6.68988619, -6.68988619, -6.68988619, -6.68988619, -6.68988619,
       -6.68988619, -6.68988619, -6.0196775 , -6.68988619, -5.79003518,
       -6.30909834, -6.68988619, -6.68988619, -6.68988619, -6.68988619,
       -6.68988619, -6.26967531, -6.02261474, -6.68988619, -6.68988619,
       -6.68988619, -6.68988619, -5.8999306 , -6.68988619, -7.12977212,
       -6.68988619, -6.11458245, -6.48010112, -6.26967531, -6.68988619,
       -5.3101647 , -6.68988619, -6.11458245, -5.99023099, -6.68988619,
       -6.68988619, -6.68988619, -6.68988619, -5.3101647 , -6.68988619,
       -6.68988619, -6.68988619, -5.99023099, -6.30909834, -6.68988619,
       -5.99023099, -6.68988619, -6.68988619, -6.68988619, -6.41862087,
       -6.68988619, -6.68988619, -6.68988619, -5.99023099, -6.68988619,
       -6.68988619, -5.3101647 , -6.68988619, -5.99023099, -6.68988619,
       -6.28173604, -5.99023099, -5.99023099, -6.28173604, -6.47987012,
       -5.79983306, -6.68988619, -5.99023099, -6.68988619, -5.3101647 ,
       -6.68988619, -6.68988619, -6.68988619, -5.99023099, -5.69972289,
       -5.99023099, -5.99023099, -5.79983306, -5.3101647 , -6.68988619,
       -5.79983306, -6.68988619, -5.66002108, -5.99023099, -5.99023099,
       -5.99023099, -5.99023099, -6.68988619, -5.66002108, -5.9974634 ,
       -6.09534668, -6.02844779, -6.09534668, -6.52023265, -5.53064938,
       -6.68988619, -6.68988619, -6.68988619, -6.68988619, -6.68988619,
       -6.52023265, -5.53064938, -5.66002108, -4.99746548, -5.41670076,
       -5.53064938, -5.66464599, -6.68988619, -6.68988619, -6.68988619,
       -6.68988619, -6.68988619, -5.99023099, -6.68988619, -6.24288229,
       -6.68988619, -6.12910278, -5.47997288, -5.61298784, -5.3101647 ,
       -4.97898301, -5.3101647 , -4.97898301, -6.19993979, -5.3101647 ,
       -5.04003571, -5.3101647 , -5.3101647 , -5.3101647 , -5.3101647 ,
       -5.3101647 , -5.3101647 , -5.04003571, -5.3101647 , -5.04003571,
       -5.04003571, -5.04003571]), array([-6.71982826, -5.9902591 , -5.9902591 , -5.79085088, -5.77962552,
       -6.97867318, -5.77310551, -6.97867318, -5.53036453, -6.10831666,
       -5.85957551, -5.9902591 , -5.77310551, -5.9902591 , -5.77962552,
       -5.77962552, -6.88615858, -6.88615858, -5.77310551, -6.71982826,
       -5.85957551, -6.0598921 , -5.9902591 , -5.28998531, -5.77962552,
       -5.85957551, -5.9902591 , -5.9902591 , -6.11295842, -5.85957551,
       -6.95021643, -6.88673421, -5.9902591 , -6.41008816, -5.9902591 ,
       -6.41008816, -5.9902591 , -5.77662578, -5.9902591 , -5.77962552,
       -6.11295842, -6.0598921 , -6.11295842, -5.28998531, -5.60429166,
       -6.72484837, -6.41008816, -5.9902591 , -5.9902591 , -5.80198771,
       -7.03988396, -6.88615858, -5.9902591 , -5.9902591 , -6.11295842,
       -6.71982826, -6.71982826, -6.41008816, -5.77962552, -6.71982826,
       -6.11295842, -6.41008816, -5.85957551, -5.9900566 , -5.85957551,
       -5.78138785, -6.39291981, -5.65004262, -5.9902591 , -6.71982826,
       -6.0598921 , -6.71982826, -5.9902591 , -6.71982826, -5.85957551,
       -5.85957551, -5.85957551, -5.9902591 , -6.71982826, -6.71982826,
       -6.11295842, -6.0598921 , -5.9902591 , -6.28656027, -6.0598921 ,
       -6.0598921 , -6.71982826, -6.10831666, -6.71982826, -6.71982826,
       -6.52323591, -6.52323591, -5.9900566 , -6.41008816, -5.77962552,
       -6.52323591, -5.9902591 , -6.71982826, -5.9902591 , -5.9902591 ,
       -6.71982826, -6.71982826, -6.52323591, -6.0598921 , -6.41008816,
       -5.9902591 , -5.9902591 , -6.71982826, -6.71982826, -6.71982826,
       -5.77310551, -6.41008816, -6.71982826, -5.56995348, -6.52323591,
       -6.71982826, -6.71982826, -6.71982826, -6.71982826, -6.71982826,
       -6.71982826, -6.71982826, -6.0598921 , -6.71982826, -5.79002215,
       -6.18650504, -6.71982826, -6.71982826, -6.71982826, -6.71982826,
       -6.71982826, -6.52323591, -6.10831666, -6.71982826, -6.71982826,
       -6.71982826, -6.71982826, -5.65004262, -6.71982826, -7.13036156,
       -6.71982826, -6.11295842, -6.88615858, -6.52323591, -6.71982826,
       -5.28998531, -6.71982826, -6.11295842, -5.9902591 , -6.71982826,
       -6.71982826, -6.71982826, -6.71982826, -5.28998531, -6.71982826,
       -6.71982826, -6.71982826, -5.9902591 , -6.18650504, -6.71982826,
       -5.9902591 , -6.71982826, -6.71982826, -6.71982826, -6.28656027,
       -6.71982826, -6.71982826, -6.71982826, -5.9902591 , -6.71982826,
       -6.71982826, -5.28998531, -6.71982826, -5.9902591 , -6.71982826,
       -6.16036657, -5.9902591 , -5.9902591 , -6.16036657, -5.98980121,
       -5.77310551, -6.71982826, -5.9902591 , -6.71982826, -5.28998531,
       -6.71982826, -6.71982826, -6.71982826, -5.9902591 , -5.77962552,
       -5.9902591 , -5.9902591 , -5.77310551, -5.28998531, -6.71982826,
       -5.77310551, -6.71982826, -5.53996064, -5.9902591 , -5.9902591 ,
       -5.9902591 , -5.9902591 , -6.71982826, -5.53996064, -6.03335146,
       -6.12271162, -6.08248208, -6.12271162, -6.52038715, -5.53036453,
       -6.71982826, -6.71982826, -6.71982826, -6.71982826, -6.71982826,
       -6.52038715, -5.53036453, -5.53996064, -5.03335265, -5.58889305,
       -5.53036453, -5.69230823, -6.71982826, -6.71982826, -6.71982826,
       -6.71982826, -6.71982826, -5.9902591 , -6.71982826, -6.44053698,
       -6.71982826, -6.13974009, -5.48001877, -5.35026582, -5.28998531,
       -4.94496377, -5.28998531, -4.94496377, -6.03309135, -5.28998531,
       -5.02000657, -5.28998531, -5.28998531, -5.28998531, -5.28998531,
       -5.28998531, -5.28998531, -5.02000657, -5.28998531, -5.02000657,
       -5.02000657, -5.02000657]), array([-6.69013497, -6.00966602, -6.00966602, -5.88676399, -5.77964669,
       -7.05012004, -5.82022934, -7.05012004, -5.46642479, -5.98967422,
       -5.86024032, -6.00966602, -5.82022934, -6.00966602, -5.77964669,
       -5.77964669, -6.55504108, -6.55504108, -5.82022934, -6.69013497,
       -5.86024032, -5.969867  , -6.00966602, -5.15988442, -5.77964669,
       -5.86024032, -6.00966602, -6.00966602, -6.11483401, -5.86024032,
       -6.95016036, -6.64983398, -6.00966602, -6.44004477, -6.00966602,
       -6.44004477, -6.00966602, -5.89157757, -6.00966602, -5.77964669,
       -6.11483401, -5.969867  , -6.11483401, -5.15988442, -5.57239707,
       -6.62230729, -6.44004477, -6.00966602, -6.00966602, -5.79178007,
       -6.92022857, -6.55504108, -6.00966602, -6.00966602, -6.11483401,
       -6.69013497, -6.69013497, -6.44004477, -5.77964669, -6.69013497,
       -6.11483401, -6.44004477, -5.86024032, -6.25980355, -5.86024032,
       -5.76666452, -6.46764387, -5.90028491, -6.00966602, -6.69013497,
       -5.969867  , -6.69013497, -6.00966602, -6.69013497, -5.86024032,
       -5.86024032, -5.86024032, -6.00966602, -6.69013497, -6.69013497,
       -6.11483401, -5.969867  , -6.00966602, -6.27175526, -5.969867  ,
       -5.969867  , -6.69013497, -5.98967422, -6.69013497, -6.69013497,
       -6.70226073, -6.70226073, -6.25980355, -6.44004477, -5.77964669,
       -6.70226073, -6.00966602, -6.69013497, -6.00966602, -6.00966602,
       -6.69013497, -6.69013497, -6.70226073, -5.969867  , -6.44004477,
       -6.00966602, -6.00966602, -6.69013497, -6.69013497, -6.69013497,
       -5.82022934, -6.44004477, -6.69013497, -5.81424352, -6.70226073,
       -6.69013497, -6.69013497, -6.69013497, -6.69013497, -6.69013497,
       -6.69013497, -6.69013497, -5.969867  , -6.69013497, -5.84008285,
       -6.54008356, -6.69013497, -6.69013497, -6.69013497, -6.69013497,
       -6.69013497, -6.70226073, -5.98967422, -6.69013497, -6.69013497,
       -6.69013497, -6.69013497, -5.90028491, -6.69013497, -6.86555484,
       -6.69013497, -6.11483401, -6.55504108, -6.70226073, -6.69013497,
       -5.15988442, -6.69013497, -6.11483401, -6.00966602, -6.69013497,
       -6.69013497, -6.69013497, -6.69013497, -5.15988442, -6.69013497,
       -6.69013497, -6.69013497, -6.00966602, -6.54008356, -6.69013497,
       -6.00966602, -6.69013497, -6.69013497, -6.69013497, -6.27175526,
       -6.69013497, -6.69013497, -6.69013497, -6.00966602, -6.69013497,
       -6.69013497, -5.15988442, -6.69013497, -6.00966602, -6.69013497,
       -6.33001185, -6.00966602, -6.00966602, -6.33001185, -6.28053381,
       -5.82022934, -6.69013497, -6.00966602, -6.69013497, -5.15988442,
       -6.69013497, -6.69013497, -6.69013497, -6.00966602, -5.77964669,
       -6.00966602, -6.00966602, -5.82022934, -5.15988442, -6.69013497,
       -5.82022934, -6.69013497, -5.54037136, -6.00966602, -6.00966602,
       -6.00966602, -6.00966602, -6.69013497, -5.54037136, -5.93804734,
       -6.01115381, -5.98734043, -6.01115381, -6.48694912, -5.46642479,
       -6.69013497, -6.69013497, -6.69013497, -6.69013497, -6.69013497,
       -6.48694912, -5.46642479, -5.54037136, -4.79981447, -5.12561368,
       -5.46642479, -5.64727088, -6.69013497, -6.69013497, -6.69013497,
       -6.69013497, -6.69013497, -6.00966602, -6.69013497, -6.54652873,
       -6.69013497, -6.08478517, -5.48028864, -5.45584062, -5.15988442,
       -4.94096561, -5.15988442, -4.94096561, -5.99989335, -5.15988442,
       -5.08993518, -5.15988442, -5.15988442, -5.15988442, -5.15988442,
       -5.15988442, -5.15988442, -5.08993518, -5.15988442, -5.08993518,
       -5.08993518, -5.08993518]), array([-6.68959789, -5.92864867, -5.92864867, -5.86257132, -5.76015071,
       -6.98434598, -5.78018756, -6.98434598, -5.7897431 , -6.05973561,
       -5.87035166, -5.92864867, -5.78018756, -5.92864867, -5.76015071,
       -5.76015071, -6.71063524, -6.71063524, -5.78018756, -6.68959789,
       -5.87035166, -6.10995427, -5.92864867, -5.29020427, -5.76015071,
       -5.87035166, -5.92864867, -5.92864867, -6.11501772, -5.87035166,
       -6.99988711, -6.85839136, -5.92864867, -6.41040995, -5.92864867,
       -6.41040995, -5.92864867, -5.8738462 , -5.92864867, -5.76015071,
       -6.11501772, -6.10995427, -6.11501772, -5.29020427, -5.44663685,
       -6.63146658, -6.41040995, -5.92864867, -5.92864867, -5.78407991,
       -6.92016201, -6.71063524, -5.92864867, -5.92864867, -6.11501772,
       -6.68959789, -6.68959789, -6.41040995, -5.76015071, -6.68959789,
       -6.11501772, -6.41040995, -5.87035166, -6.23482233, -5.87035166,
       -5.78297086, -6.28922884, -5.69971854, -5.92864867, -6.68959789,
       -6.10995427, -6.68959789, -5.92864867, -6.68959789, -5.87035166,
       -5.87035166, -5.87035166, -5.92864867, -6.68959789, -6.68959789,
       -6.11501772, -6.10995427, -5.92864867, -6.13989375, -6.10995427,
       -6.10995427, -6.68959789, -6.05973561, -6.68959789, -6.68959789,
       -6.70241448, -6.70241448, -6.23482233, -6.41040995, -5.76015071,
       -6.70241448, -5.92864867, -6.68959789, -5.92864867, -5.92864867,
       -6.68959789, -6.68959789, -6.70241448, -6.10995427, -6.41040995,
       -5.92864867, -5.92864867, -6.68959789, -6.68959789, -6.68959789,
       -5.78018756, -6.41040995, -6.68959789, -5.56946561, -6.70241448,
       -6.68959789, -6.68959789, -6.68959789, -6.68959789, -6.68959789,
       -6.68959789, -6.68959789, -6.10995427, -6.68959789, -5.88943515,
       -6.54019751, -6.68959789, -6.68959789, -6.68959789, -6.68959789,
       -6.68959789, -6.70241448, -6.05973561, -6.68959789, -6.68959789,
       -6.68959789, -6.68959789, -5.69971854, -6.68959789, -6.92521677,
       -6.68959789, -6.11501772, -6.71063524, -6.70241448, -6.68959789,
       -5.29020427, -6.68959789, -6.11501772, -5.92864867, -6.68959789,
       -6.68959789, -6.68959789, -6.68959789, -5.29020427, -6.68959789,
       -6.68959789, -6.68959789, -5.92864867, -6.54019751, -6.68959789,
       -5.92864867, -6.68959789, -6.68959789, -6.68959789, -6.13989375,
       -6.68959789, -6.68959789, -6.68959789, -5.92864867, -6.68959789,
       -6.68959789, -5.29020427, -6.68959789, -5.92864867, -6.68959789,
       -6.15993583, -5.92864867, -5.92864867, -6.15993583, -6.27985107,
       -5.78018756, -6.68959789, -5.92864867, -6.68959789, -5.29020427,
       -6.68959789, -6.68959789, -6.68959789, -5.92864867, -5.76015071,
       -5.92864867, -5.92864867, -5.78018756, -5.29020427, -6.68959789,
       -5.78018756, -6.68959789, -5.66000004, -5.92864867, -5.92864867,
       -5.92864867, -5.92864867, -6.68959789, -5.66000004, -6.02604652,
       -5.91951133, -6.0677389 , -5.91951133, -6.53985242, -5.7897431 ,
       -6.68959789, -6.68959789, -6.68959789, -6.68959789, -6.68959789,
       -6.53985242, -5.7897431 , -5.66000004, -5.65011723, -5.47172439,
       -5.7897431 , -5.70197262, -6.68959789, -6.68959789, -6.68959789,
       -6.68959789, -6.68959789, -5.92864867, -6.68959789, -6.23974156,
       -6.68959789, -6.14013794, -5.52011741, -5.4230949 , -5.29020427,
       -4.96966924, -5.29020427, -4.96966924, -6.20000124, -5.29020427,
       -5.05013139, -5.29020427, -5.29020427, -5.29020427, -5.29020427,
       -5.29020427, -5.29020427, -5.05013139, -5.29020427, -5.05013139,
       -5.05013139, -5.05013139])]","[-6.70183441 -5.98172715 -5.98172715 -5.82398472 -5.76372127 -6.97842689
 -5.79472096 -6.97842689 -5.62139867 -6.04798543 -5.86401412 -5.98172715
 -5.79472096 -5.98172715 -5.76372127 -5.76372127 -6.65084915 -6.65084915
 -5.79472096 -6.70183441 -5.86401412 -6.04386567 -5.98172715 -5.26804152
 -5.76372127 -5.86401412 -5.98172715 -5.98172715 -6.11966522 -5.86401412
 -6.87863808 -6.77548139 -5.98172715 -6.3881452  -5.98172715 -6.3881452
 -5.98172715 -5.80018583 -5.98172715 -5.76372127 -6.11966522 -6.04386567
 -6.11966522 -5.26804152 -5.57945395 -6.64268256 -6.3881452  -5.98172715
 -5.98172715 -5.76677997 -6.93718524 -6.65084915 -5.98172715 -5.98172715
 -6.11966522 -6.70183441 -6.70183441 -6.3881452  -5.76372127 -6.70183441
 -6.11966522 -6.3881452  -5.86401412 -6.13229813 -5.86401412 -5.81725719
 -6.35801666 -5.77511956 -5.98172715 -6.70183441 -6.04386567 -6.70183441
 -5.98172715 -6.70183441 -5.86401412 -5.86401412 -5.86401412 -5.98172715
 -6.70183441 -6.70183441 -6.11966522 -6.04386567 -5.98172715 -6.2874233
 -6.04386567 -6.04386567 -6.70183441 -6.04798543 -6.70183441 -6.70183441
 -6.5675863  -6.5675863  -6.13229813 -6.3881452  -5.76372127 -6.5675863
 -5.98172715 -6.70183441 -5.98172715 -5.98172715 -6.70183441 -6.70183441
 -6.5675863  -6.04386567 -6.3881452  -5.98172715 -5.98172715 -6.70183441
 -6.70183441 -6.70183441 -5.79472096 -6.3881452  -6.70183441 -5.63545875
 -6.5675863  -6.70183441 -6.70183441 -6.70183441 -6.70183441 -6.70183441
 -6.70183441 -6.70183441 -6.04386567 -6.70183441 -5.82985613 -6.4231991
 -6.70183441 -6.70183441 -6.70183441 -6.70183441 -6.70183441 -6.5675863
 -6.04798543 -6.70183441 -6.70183441 -6.70183441 -6.70183441 -5.77511956
 -6.70183441 -7.03628657 -6.70183441 -6.11966522 -6.65084915 -6.5675863
 -6.70183441 -5.26804152 -6.70183441 -6.11966522 -5.98172715 -6.70183441
 -6.70183441 -6.70183441 -6.70183441 -5.26804152 -6.70183441 -6.70183441
 -6.70183441 -5.98172715 -6.4231991  -6.70183441 -5.98172715 -6.70183441
 -6.70183441 -6.70183441 -6.2874233  -6.70183441 -6.70183441 -6.70183441
 -5.98172715 -6.70183441 -6.70183441 -5.26804152 -6.70183441 -5.98172715
 -6.70183441 -6.20642969 -5.98172715 -5.98172715 -6.20642969 -6.20396578
 -5.79472096 -6.70183441 -5.98172715 -6.70183441 -5.26804152 -6.70183441
 -6.70183441 -6.70183441 -5.98172715 -5.76372127 -5.98172715 -5.98172715
 -5.79472096 -5.26804152 -6.70183441 -5.79472096 -6.70183441 -5.58013927
 -5.98172715 -5.98172715 -5.98172715 -5.98172715 -6.70183441 -5.58013927
 -6.01132339 -6.14974321 -6.04928224 -6.14974321 -6.51748148 -5.62139867
 -6.70183441 -6.70183441 -6.70183441 -6.70183441 -6.70183441 -6.51748148
 -5.62139867 -5.58013927 -5.10849162 -5.39378179 -5.62139867 -5.69594871
 -6.70183441 -6.70183441 -6.70183441 -6.70183441 -6.70183441 -5.98172715
 -6.70183441 -6.38202695 -6.70183441 -6.08165519 -5.48010223 -5.48906781
 -5.26804152 -4.95507635 -5.26804152 -4.95507635 -6.23061164 -5.26804152
 -5.04411078 -5.26804152 -5.26804152 -5.26804152 -5.26804152 -5.26804152
 -5.26804152 -5.04411078 -5.26804152 -5.04411078 -5.04411078 -5.04411078]","[0.01465068 0.02759959 0.02759959 0.04486994 0.03432901 0.04759964
 0.01664825 0.04759964 0.13945773 0.03989076 0.00504024 0.02759959
 0.01664825 0.02759959 0.03432901 0.03432901 0.14006676 0.14006676
 0.01664825 0.01465068 0.00504024 0.04678402 0.02759959 0.05463671
 0.03432901 0.00504024 0.02759959 0.02759959 0.01065922 0.00504024
 0.12855807 0.10403258 0.02759959 0.06016024 0.02759959 0.06016024
 0.02759959 0.08088827 0.02759959 0.03432901 0.01065922 0.04678402
 0.01065922 0.05463671 0.1006915  0.04170469 0.06016024 0.02759959
 0.02759959 0.07577438 0.05196072 0.14006676 0.02759959 0.02759959
 0.01065922 0.01465068 0.01465068 0.06016024 0.03432901 0.01465068
 0.01065922 0.06016024 0.00504024 0.1044503  0.00504024 0.08344131
 0.08732629 0.10490359 0.02759959 0.01465068 0.04678402 0.01465068
 0.02759959 0.01465068 0.00504024 0.00504024 0.00504024 0.02759959
 0.01465068 0.01465068 0.01065922 0.04678402 0.02759959 0.08978194
 0.04678402 0.04678402 0.01465068 0.03989076 0.01465068 0.01465068
 0.16268226 0.16268226 0.1044503  0.06016024 0.03432901 0.16268226
 0.02759959 0.01465068 0.02759959 0.02759959 0.01465068 0.01465068
 0.16268226 0.04678402 0.06016024 0.02759959 0.02759959 0.01465068
 0.01465068 0.01465068 0.01664825 0.06016024 0.01465068 0.09506818
 0.16268226 0.01465068 0.01465068 0.01465068 0.01465068 0.01465068
 0.01465068 0.01465068 0.04678402 0.01465068 0.03721211 0.14836582
 0.01465068 0.01465068 0.01465068 0.01465068 0.01465068 0.16268226
 0.03989076 0.01465068 0.01465068 0.01465068 0.01465068 0.10490359
 0.01465068 0.11658203 0.01465068 0.01065922 0.14006676 0.16268226
 0.01465068 0.05463671 0.01465068 0.01065922 0.02759959 0.01465068
 0.01465068 0.01465068 0.01465068 0.05463671 0.01465068 0.01465068
 0.01465068 0.02759959 0.14836582 0.01465068 0.02759959 0.01465068
 0.01465068 0.01465068 0.08978194 0.01465068 0.01465068 0.01465068
 0.02759959 0.01465068 0.01465068 0.05463671 0.01465068 0.02759959
 0.01465068 0.08547922 0.02759959 0.02759959 0.08547922 0.18946746
 0.01664825 0.01465068 0.02759959 0.01465068 0.05463671 0.01465068
 0.01465068 0.01465068 0.02759959 0.03432901 0.02759959 0.02759959
 0.01664825 0.05463671 0.01465068 0.01664825 0.01465068 0.06681625
 0.02759959 0.02759959 0.02759959 0.02759959 0.01465068 0.06681625
 0.0419574  0.23606268 0.0365573  0.23606268 0.01705854 0.13945773
 0.01465068 0.01465068 0.01465068 0.01465068 0.01465068 0.01705854
 0.13945773 0.06681625 0.28593749 0.15320311 0.13945773 0.04340564
 0.01465068 0.01465068 0.01465068 0.01465068 0.01465068 0.02759959
 0.01465068 0.12124629 0.01465068 0.08601476 0.02529971 0.10304694
 0.05463671 0.01606032 0.05463671 0.01606032 0.2583616  0.05463671
 0.02566635 0.05463671 0.05463671 0.05463671 0.05463671 0.05463671
 0.05463671 0.02566635 0.05463671 0.02566635 0.02566635 0.02566635]"
10,MLPRegressor,"[-6.49253628697673, -7.232715132336182, -7.232715132336182, -5.272577882612597, -6.200816898531826, -6.722928532481955, -5.875544782106237, -6.200816898531826, -6.49253628697673, -6.200816898531826, -6.722928532481955, -5.857301467131337, -6.200816898531826, -5.498975572654081, -5.716254340315827, -5.353138719117146, -6.200816898531826, -5.9877014730372435, -6.24490944944201, -6.263094629256481, -6.263094629256481, -6.200816898531826, -6.100988815166862, -6.189380374107575, -6.100988815166862, -5.857301467131337, -6.728714136627808, -5.857301467131337, -6.24490944944201, -4.814824368970958, -6.124424341748653, -5.857301467131337, -6.200816898531826, -6.200816898531826, -6.100988815166862, -6.200816898531826, -5.857301467131337, -5.683918782217087, -5.8267146769504405, -6.510476766568416, -6.200816898531826, -6.200816898531826, -6.124424341748653, -5.852640714903937, -6.200816898531826, -6.200816898531826, -6.49253628697673, -6.49253628697673, -6.200816898531826, -6.49253628697673, -6.49253628697673, -6.200816898531826, -6.100988815166862, -5.716254340315827, -6.24490944944201, -5.9877014730372435, -6.49253628697673, -6.49253628697673, -6.49253628697673, -5.683918782217087, -6.200816898531826, -6.49253628697673, -5.9877014730372435, -6.189380374107575, -6.200816898531826, -6.200816898531826, -6.100988815166862, -6.100988815166862, -6.200816898531826, -6.100988815166862, -6.49253628697673, -6.200816898531826, -6.200816898531826, -6.49253628697673, -6.545927103772903, -6.124424341748653, -6.24490944944201, -6.49253628697673, -6.124424341748653, -6.200816898531826, -6.200816898531826, -6.200816898531826, -5.54177437894412, -6.49253628697673, -6.49253628697673, -6.218548071597688, -6.24490944944201, -6.49253628697673, -6.49253628697673, -6.200816898531826, -6.200816898531826, -6.124424341748653, -6.49253628697673, -6.24490944944201, -5.873224490619399, -6.0130327052385555, -6.49253628697673, -6.49253628697673, -6.49253628697673, -6.49253628697673, -6.24490944944201, -6.49253628697673, -4.925760718061203, -6.49253628697673, -6.49253628697673, -6.864694035967816, -6.218548071597688, -6.124424341748653, -6.166329314014245, -6.49253628697673, -6.49253628697673, -6.49253628697673, -6.49253628697673, -6.189380374107575, -6.189380374107575, -6.49253628697673, -6.49253628697673, -6.49253628697673, -6.49253628697673, -6.49253628697673, -6.545927103772903, -6.49253628697673, -6.49253628697673, -6.49253628697673, -6.49253628697673, -6.49253628697673, -5.857301467131337, -6.200816898531826, -6.200816898531826, -6.49253628697673, -6.49253628697673, -6.49253628697673, -6.49253628697673, -6.49253628697673, -6.49253628697673, -6.49253628697673, -6.49253628697673, -6.159579723420797, -6.159579723420797, -6.159579723420797, -6.0139649535354485, -5.868639399556365, -6.159579723420797, -6.159579723420797, -6.49253628697673, -5.857301467131337, -6.200816898531826, -4.925760718061203, -6.49253628697673, -6.49253628697673, -6.49253628697673, -6.49253628697673, -6.49253628697673, -6.49253628697673, -5.868639399556365, -4.925760718061203, -6.200816898531826, -6.49253628697673, -4.925760718061203, -6.200816898531826, -6.49253628697673, -6.200816898531826, -5.868639399556365, -5.868639399556365, -5.868639399556365, -6.635775092762191, -3.4, -5.8778397211658975, -5.125501644659871, -5.076195489082273, -5.868639399556365, -5.875544782106237, -6.49253628697673, -6.49253628697673, -6.49253628697673, -6.24606395206698, -5.868639399556365, -6.49253628697673, -6.49253628697673, -5.875544782106237, -6.49253628697673, -6.49253628697673, -6.49253628697673, -5.875544782106237, -5.609529390320014, -5.24868164319515, -6.077976268447203, -5.868639399556365, -5.431031474444308, -6.512908427576808, -6.474109650408951, -6.474109650408951, -4.925760718061203, -4.9499235565081365, -4.9499235565081365, -4.925760718061203, -4.925760718061203, -5.076195489082273, -4.925760718061203, -4.925760718061203, -4.925760718061204, -5.0761954890822745, -7.350660123319706, -7.350660123319706, -6.446790021830748, -6.406702716145777, -6.20652389926385, -6.881355574414413, -5.830437909893824, -5.830437909893824, -5.830437909893824, -5.830437909893824, -5.830437909893824, -6.1893717719079895, -5.046766876873104, -6.446790021830748, -6.312512027931359, -6.2925629377093575, -6.095946930503136, -6.1893717719079895, -6.095946930503136, -5.343675996902637, -6.1893717719079895, -5.947003303359471, -6.1893717719079895, -6.1893717719079895, -6.20652389926385, -5.653385785617119, -6.2925629377093575, -5.947003303359471, -6.6796227244368716, -6.1893717719079895, -6.1893717719079895, -6.095946930503136, -6.20652389926385, -6.446790021830748, -6.446790021830748, -6.672746346138777, -6.399602695462422, -6.2925629377093575, -6.20652389926385, -6.461405916719534, -6.1893717719079895, -6.1893717719079895, -6.1893717719079895, -5.73313671345949, -6.323443841781667, -6.291976452318966, -6.6796227244368716, -6.20652389926385, -6.399602695462422, -6.1893717719079895, -5.653385785617119, -6.672746346138777, -5.830437909893824, -5.868717477193657, -6.828262379648749, -6.095946930503136, -6.399602695462422, -6.20652389926385, -6.169264875825764, -6.169264875825764, -5.343675996902637, -6.1893717719079895, -6.095946930503136, -6.095946930503136, -5.73313671345949, -6.20652389926385, -6.399602695462422, -6.323443841781667, -6.399602695462422, -6.399602695462422, -6.1893717719079895, -5.668598793265207, -6.446790021830748, -6.323443841781667, -6.120172239072699, -6.095946930503136, -6.095946930503136, -6.446790021830748, -6.446790021830748, -6.323443841781667, -6.446790021830748, -6.446790021830748, -6.446790021830748, -6.2925629377093575, -6.2925629377093575, -6.6538774105163006, -5.653385785617119, -6.095946930503136, -6.446790021830748, -6.323443841781667, -6.1893717719079895, -6.446790021830748, -6.323443841781667, -6.446790021830748, -6.446790021830748, -6.446790021830748, -6.446790021830748, -6.446790021830748, -6.169264875825764, -6.446790021830748, -6.446790021830748, -6.446790021830748, -5.343675996902637, -6.399602695462422, -6.399602695462422, -6.446790021830748, -6.446790021830748, -6.399602695462422, -6.446790021830748, -6.323443841781667, -6.446790021830748, -6.446790021830748, -6.446790021830748, -5.362798361174285, -6.323443841781667, -6.446790021830748, -6.1893717719079895, -6.446790021830748, -6.446790021830748, -6.1893717719079895, -6.446790021830748, -6.446790021830748, -6.446790021830748, -6.1893717719079895, -6.446790021830748, -6.446790021830748, -6.1893717719079895, -6.1893717719079895, -6.446790021830748, -6.446790021830748, -6.446790021830748, -5.947003303359471, -6.21689685881582, -6.446790021830748, -6.1893717719079895, -5.590958342671968, -6.007268582432266, -6.446790021830748, -6.446790021830748, -5.590958342671968, -6.446790021830748, -6.446790021830748, -6.446790021830748, -6.21689685881582, -6.446790021830748, -6.1893717719079895, -5.590958342671968, -6.446790021830748, -6.1893717719079895, -6.1893717719079895, -6.1893717719079895, -6.446790021830748, -6.1893717719079895, -4.9741715638018125, -6.446790021830748, -5.947003303359471, -6.446790021830748, -6.446790021830748, -6.1893717719079895, -6.446790021830748, -6.446790021830748, -6.446790021830748, -4.9741715638018125, -5.590958342671968, -5.669431180505798, -5.590958342671968, -6.802076658050423, -6.446790021830748, -6.446790021830748, -6.446790021830748, -6.446790021830748, -6.187815620796641, -6.187815620796641, -6.446790021830748, -6.446790021830748, -5.557111954470819, -6.802076658050423, -6.446790021830748, -5.473991267325133, -6.359232653204263, -6.696482535824347, -4.9741715638018125, -4.9741715638018125, -4.9741715638018125, -4.9741715638018125, -4.9741715638018125, -4.9741715638018125, -4.9741715638018125, -5.074213828415877, -5.074213828415877, -4.9741715638018125, -4.9741715638018125, -4.9741715638018125, -4.9741715638018125, -4.365685504273484, -5.049964845092065, -5.074213828415877, -4.9741715638018125, -5.074213828415877, -5.074213828415877, -5.074213828415877, -5.074213828415877, -7.481132039760165, -6.000793919482751, -5.924179121222071, -5.924179121222071, -6.115742134522991, -5.7935142265230954, -6.115742134522991, -5.9020710054246335, -5.072778971808242, -5.658537934985634, -6.240309309900662, -6.240309309900662, -6.149918821944101, -5.997739489843125, -5.681538462603181, -6.115742134522991, -6.531369349692521, -5.072778971808242, -6.115742134522991, -5.913521289535987, -6.000793919482751, -6.167928021661321, -6.240309309900662, -6.000793919482751, -5.7935142265230954, -6.786645700929025, -6.115742134522991, -6.000793919482751, -6.167928021661321, -5.924179121222071, -6.115742134522991, -6.531369349692521, -6.115742134522991, -5.7935142265230954, -6.531369349692521, -6.531369349692521, -6.000793919482751, -6.995238954619081, -5.072778971808242, -5.924179121222071, -6.967853487188922, -6.531369349692521, -6.115742134522991, -6.115742134522991, -6.000793919482751, -6.167928021661321, -6.531369349692521, -6.000793919482751, -7.24602065112857, -6.967853487188922, -6.0121032023461, -6.115742134522991, -6.167928021661321, -6.531369349692521, -5.47583052279669, -6.531369349692521, -6.531369349692521, -6.149918821944101, -6.531369349692521, -6.531369349692521, -6.531369349692521, -6.000793919482751, -5.924179121222071, -6.115742134522991, -6.531369349692521, -6.167928021661321, -6.115742134522991, -6.000793919482751, -6.531369349692521, -6.115742134522991, -6.115742134522991, -6.115742134522991, -6.531369349692521, -6.531369349692521, -6.531369349692521, -5.7935142265230954, -6.531369349692521, -6.531369349692521, -6.461641861461386, -5.924179121222071, -6.167928021661321, -6.531369349692521, -6.531369349692521, -6.000793919482751, -6.115742134522991, -6.531369349692521, -6.316255117644912, -6.000793919482751, -6.115742134522991, -5.681538462603181, -5.681538462603181, -6.531369349692521, -6.531369349692521, -6.531369349692521, -6.531369349692521, -6.316255117644912, -7.015627591659987, -6.461641861461386, -6.461641861461386, -6.115742134522991, -6.531369349692521, -6.531369349692521, -6.531369349692521, -6.531369349692521, -6.531369349692521, -6.531369349692521, -6.531369349692521, -6.461641861461386, -6.531369349692521, -6.0121032023461, -5.536169273065375, -6.531369349692521, -6.531369349692521, -6.115742134522991, -6.531369349692521, -6.531369349692521, -6.531369349692521, -6.277492977494601, -6.531369349692521, -6.531369349692521, -6.531369349692521, -6.531369349692521, -6.531369349692521, -6.531369349692521, -6.531369349692521, -6.531369349692521, -6.531369349692521, -6.531369349692521, -6.531369349692521, -6.531369349692521, -6.531369349692521, -6.531369349692521, -6.531369349692521, -5.536169273065375, -6.531369349692521, -4.134420472745159, -6.531369349692521, -6.531369349692521, -6.531369349692521, -6.531369349692521, -6.115742134522991, -6.531369349692521, -6.531369349692521, -6.178671160386827, -6.531369349692521, -6.531369349692521, -6.531369349692521, -6.531369349692521, -6.1896668582957926, -3.4, -6.1896668582957926, -6.108728706850931, -5.681538462603181, -5.844845155234019, -6.1896668582957926, -6.115742134522991, -6.531369349692521, -5.681538462603181, -6.115742134522991, -6.115742134522991, -6.531369349692521, -6.531369349692521, -6.115742134522991, -5.681538462603181, -5.681538462603181, -6.115742134522991, -5.844845155234019, -5.103340711909358, -5.103340711909358, -5.844845155234019, -5.079010732271729, -6.082578310718905, -6.531369349692521, -6.531369349692521, -5.844845155234019, -6.531369349692521, -6.531369349692521, -6.03799317562998, -6.531369349692521, -6.531369349692521, -6.531369349692521, -6.531369349692521, -6.531369349692521, -6.531369349692521, -6.037959781929455, -5.408310876825172, -5.66879678716931, -5.5519802459443675, -5.2105749575697615, -4.924733863662372, -5.103340711909358, -4.924733863662372, -6.031940962308163, -5.103340711909358, -5.103340711909358, -5.103340711909358, -5.2105749575697615, -5.2105749575697615, -5.2105749575697615, -5.2105749575697615, -5.210574957569763, -6.595804779917842, -7.480815557184965, -5.914624573563871, -7.5988895159932275, -5.942019232340023, -6.208622599926847, -6.235579345740506, -5.582004286372731, -5.996189851243538, -6.159032222485225, -6.235579345740506, -6.0806708901749165, -6.208622599926847, -6.208622599926847, -6.235579345740506, -6.208622599926847, -6.235579345740506, -6.159032222485225, -5.793026321563753, -6.159032222485225, -6.960287232193591, -6.235579345740506, -6.235579345740506, -6.617212683690126, -6.33709770080403, -6.595804779917842, -6.595804779917842, -6.33709770080403, -6.235579345740506, -6.235579345740506, -6.0806708901749165, -6.235579345740506, -6.235579345740506, -6.235579345740506, -6.2165285984968985, -6.235579345740506, -6.235579345740506, -6.208622599926847, -6.235579345740506, -6.235579345740506, -6.235579345740506, -6.235579345740506, -6.235579345740506, -6.2165285984968985, -6.595804779917842, -6.235579345740506, -6.235579345740506, -6.235579345740506, -5.996189851243538, -6.837465882932738, -6.235579345740506, -4.633121710380616, -5.942019232340023, -6.352222120858312, -6.208622599926847, -6.235579345740506, -6.208622599926847, -5.914624573563871, -5.942019232340023, -6.352222120858312, -6.595804779917842, -6.235579345740506, -6.235579345740506, -6.595804779917842, -6.595804779917842, -6.595804779917842, -5.942019232340023, -6.33709770080403, -7.1632461402347305, -6.235579345740506, -6.2165285984968985, -6.235579345740506, -6.235579345740506, -6.208622599926847, -6.595804779917842, -6.595804779917842, -6.595804779917842, -6.319475406947838, -6.208622599926847, -6.33709770080403, -6.208622599926847, -6.128934041677494, -6.128934041677494, -6.595804779917842, -5.942019232340023, -6.33709770080403, -6.33709770080403, -6.0806708901749165, -6.647676256969779, -6.647676256969779, -6.595804779917842, -6.595804779917842, -6.549123561190503, -6.647676256969779, -6.595804779917842, -6.595804779917842, -6.647676256969779, -6.595804779917842, -6.595804779917842, -6.595804779917842, -6.595804779917842, -6.595804779917842, -3.4, -6.595804779917842, -6.595804779917842, -6.2165285984968985, -6.595804779917842, -6.595804779917842, -6.595804779917842, -6.595804779917842, -6.647676256969779, -6.2165285984968985, -5.010855855774883, -6.2165285984968985, -6.595804779917842, -6.208622599926847, -6.0806708901749165, -6.339231635598947, -6.595804779917842, -6.595804779917842, -6.595804779917842, -6.595804779917842, -6.647676256969779, -6.595804779917842, -6.595804779917842, -6.595804779917842, -6.595804779917842, -6.595804779917842, -6.595804779917842, -6.595804779917842, -6.595804779917842, -5.010855855774883, -6.595804779917842, -6.235579345740506, -6.595804779917842, -5.939551955594647, -6.595804779917842, -6.595804779917842, -6.339231635598947, -5.010855855774883, -6.595804779917842, -5.010855855774883, -6.595804779917842, -6.235579345740506, -6.235579345740506, -6.595804779917842, -5.010855855774883, -6.235579345740506, -6.595804779917842, -6.595804779917842, -6.595804779917842, -5.010855855774883, -6.235579345740506, -6.235579345740506, -6.235579345740506, -6.235579345740506, -6.235579345740506, -5.010855855774883, -6.595804779917842, -6.235579345740506, -6.235579345740506, -5.717831768464074, -6.079634289185541, -6.647676256969779, -5.717831768464074, -5.164537525619274, -5.802332446633329, -6.595804779917842, -6.595804779917842, -6.497051540400468, -5.802332446633329, -5.717831768464074, -4.559152854451572, -6.595804779917842, -5.802332446633329, -5.802332446633329, -6.595804779917842, -6.595804779917842, -6.595804779917842, -6.595804779917842, -6.687437788523015, -6.595804779917842, -6.595804779917842, -6.595804779917842, -5.010855855774883, -6.778358663178748, -6.595804779917842, -6.595804779917842, -4.965020660917577, -6.234462937482426, -5.010855855774883, -5.010855855774883, -5.010855855774883, -5.010855855774883, -5.235564397180214, -5.010855855774883, -5.235564397180214, -5.235564397180214, -5.235564397180214, -5.010855855774883, -5.010855855774883, -6.538033689603777, -7.045534925396662, -6.166650155791329, -6.189387910409785, -6.0011927708764965, -6.189387910409785, -6.483292261967199, -6.189387910409785, -6.189387910409785, -6.277704399335502, -7.058045008664071, -6.232162046533162, -5.918668432349916, -6.189387910409785, -6.189387910409785, -6.189387910409785, -6.538033689603777, -6.277704399335502, -6.0011927708764965, -6.0011927708764965, -6.196443931672221, -6.189387910409785, -6.1785343535331645, -5.903978246726283, -6.0011927708764965, -5.903978246726283, -6.189387910409785, -6.189387910409785, -6.538033689603777, -6.189387910409785, -6.0011927708764965, -6.493782098801727, -6.538033689603777, -6.277704399335502, -6.189387910409785, -6.189387910409785, -6.189387910409785, -6.277704399335502, -5.40514911027943, -6.741371513198546, -6.0011927708764965, -6.189387910409785, -6.189387910409785, -5.918668432349916, -6.240995669320998, -6.19526833396248, -6.277704399335502, -5.747667188427191, -6.1785343535331645, -6.1785343535331645, -6.189387910409785, -6.538033689603777, -6.189387910409785, -6.189387910409785, -6.538033689603777, -6.0011927708764965, -6.0011927708764965, -6.0011927708764965, -6.162016733227281, -6.189387910409785, -6.189387910409785, -6.538033689603777, -5.519258003664034, -6.1785343535331645, -6.538033689603777, -6.277704399335502, -6.501645814868743, -6.508164318555795, -6.508164318555795, -6.1785343535331645, -6.232162046533162, -6.232162046533162, -6.189387910409785, -6.538033689603777, -5.40514911027943, -6.189387910409785, -6.189387910409785, -6.189387910409785, -6.538033689603777, -6.538033689603777, -6.538033689603777, -6.436005436916665, -6.1785343535331645, -6.189387910409785, -6.538033689603777, -5.764499356500583, -6.501645814868743, -6.508164318555795, -6.189387910409785, -6.189387910409785, -6.538033689603777, -6.538033689603777, -6.538033689603777, -6.538033689603777, -5.918668432349916, -6.189387910409785, -6.189387910409785, -6.538033689603777, -6.538033689603777, -6.538033689603777, -6.538033689603777, -6.538033689603777, -6.538033689603777, -6.538033689603777, -6.538033689603777, -6.508164318555795, -6.538033689603777, -6.538033689603777, -6.538033689603777, -6.277704399335502, -6.538033689603777, -6.538033689603777, -6.538033689603777, -6.538033689603777, -5.322028059617669, -5.9389011539233, -6.088019894584144, -6.538033689603777, -6.538033689603777, -6.538033689603777, -6.538033689603777, -6.508164318555795, -6.538033689603777, -6.538033689603777, -6.538033689603777, -6.508164318555795, -6.189387910409785, -6.538033689603777, -5.519258003664034, -6.189387910409785, -6.538033689603777, -6.538033689603777, -6.538033689603777, -6.538033689603777, -6.538033689603777, -6.538033689603777, -6.538033689603777, -6.538033689603777, -6.538033689603777, -6.538033689603777, -6.189387910409785, -5.918668432349916, -4.969466922234806, -6.189387910409785, -6.538033689603777, -6.538033689603777, -6.088019894584144, -6.538033689603777, -5.602670878425943, -6.189387910409785, -6.189387910409785, -4.969466922234806, -6.538033689603777, -6.538033689603777, -4.969466922234806, -6.189387910409785, -4.969466922234806, -6.189387910409785, -4.969466922234806, -5.546296027004908, -5.602670878425943, -5.699718008663979, -5.9389011539233, -5.9389011539233, -6.538033689603777, -5.777993275999989, -6.538033689603777, -6.538033689603777, -6.538033689603777, -6.538033689603777, -6.538033689603777, -5.9389011539233, -5.777993275999989, -5.551472443541614, -5.551472443541614, -6.538033689603777, -6.538033689603777, -6.538033689603777, -6.452386163373262, -6.452386163373262, -5.329941818213472, -6.091062592043422, -6.538033689603777, -6.538033689603777, -5.50981560798102, -5.50981560798102, -5.275208667141048, -5.275208667141048, -5.496547314796634, -6.273905308969106, -6.273905308969106, -4.969466922234806, -4.969466922234806, -4.969466922234806, -5.275208667141048, -4.969466922234806, -5.275208667141048, -5.275208667141048, -4.969466922234806, -5.275208667141048, -4.9694669222348065]","0     -7.22
1     -6.21
2     -7.24
3     -5.92
4     -5.96
       ... 
247   -6.00
248   -3.99
249   -5.24
250   -4.77
251   -4.71
Name: Permeability, Length: 252, dtype: float64","[array([-6.49253629, -6.2008169 , -6.2008169 , -6.02019547, -5.85730147,
       -6.27376334, -5.87322449, -6.27376334, -5.87554478, -6.21854807,
       -5.98770147, -6.2008169 , -5.87322449, -6.2008169 , -5.85730147,
       -5.85730147, -6.51047677, -6.51047677, -5.87322449, -6.49253629,
       -5.98770147, -6.10098882, -6.2008169 , -4.92576072, -5.85730147,
       -5.98770147, -6.2008169 , -6.2008169 , -6.18938037, -5.98770147,
       -6.72292853, -6.86469404, -6.2008169 , -6.24490945, -6.2008169 ,
       -6.24490945, -6.2008169 , -5.44460107, -6.2008169 , -5.85730147,
       -6.18938037, -6.10098882, -6.18938037, -4.92576072, -5.41022641,
       -6.34689827, -6.24490945, -6.2008169 , -6.2008169 , -5.01217258,
       -6.72871414, -6.51047677, -6.2008169 , -6.2008169 , -6.18938037,
       -6.49253629, -6.49253629, -6.24490945, -5.85730147, -6.49253629,
       -6.18938037, -6.24490945, -5.98770147, -6.12442434, -5.98770147,
       -4.95089898, -6.42809124, -6.16632931, -6.2008169 , -6.49253629,
       -6.10098882, -6.49253629, -6.2008169 , -6.49253629, -5.98770147,
       -5.98770147, -5.98770147, -6.2008169 , -6.49253629, -6.49253629,
       -6.18938037, -6.10098882, -6.2008169 , -5.54177438, -6.10098882,
       -6.10098882, -6.49253629, -6.21854807, -6.49253629, -6.49253629,
       -6.5459271 , -6.5459271 , -6.12442434, -6.24490945, -5.85730147,
       -6.5459271 , -6.2008169 , -6.49253629, -6.2008169 , -6.2008169 ,
       -6.49253629, -6.49253629, -6.5459271 , -6.10098882, -6.24490945,
       -6.2008169 , -6.2008169 , -6.49253629, -6.49253629, -6.49253629,
       -5.87322449, -6.24490945, -6.49253629, -6.01303271, -6.5459271 ,
       -6.49253629, -6.49253629, -6.49253629, -6.49253629, -6.49253629,
       -6.49253629, -6.49253629, -6.10098882, -6.49253629, -5.68391878,
       -6.02958868, -6.49253629, -6.49253629, -6.49253629, -6.49253629,
       -6.49253629, -6.5459271 , -6.21854807, -6.49253629, -6.49253629,
       -6.49253629, -6.49253629, -6.16632931, -6.49253629, -6.66700099,
       -6.49253629, -6.18938037, -6.51047677, -6.5459271 , -6.49253629,
       -4.92576072, -6.49253629, -6.18938037, -6.2008169 , -6.49253629,
       -6.49253629, -6.49253629, -6.49253629, -4.92576072, -6.49253629,
       -6.49253629, -6.49253629, -6.2008169 , -6.02958868, -6.49253629,
       -6.2008169 , -6.49253629, -6.49253629, -6.49253629, -5.54177438,
       -6.49253629, -6.49253629, -6.49253629, -6.2008169 , -6.49253629,
       -6.49253629, -4.92576072, -6.49253629, -6.2008169 , -6.49253629,
       -6.15957972, -6.2008169 , -6.2008169 , -6.15957972, -6.01396495,
       -5.87322449, -6.49253629, -6.2008169 , -6.49253629, -4.92576072,
       -6.49253629, -6.49253629, -6.49253629, -6.2008169 , -5.85730147,
       -6.2008169 , -6.2008169 , -5.87322449, -4.92576072, -6.49253629,
       -5.87322449, -6.49253629, -5.8686394 , -6.2008169 , -6.2008169 ,
       -6.2008169 , -6.2008169 , -6.49253629, -5.8686394 , -3.4       ,
       -6.63577509, -3.70751227, -6.63577509, -6.24606395, -5.87554478,
       -6.49253629, -6.49253629, -6.49253629, -6.49253629, -6.49253629,
       -6.24606395, -5.87554478, -5.8686394 , -4.8985093 , -4.71847525,
       -5.87554478, -4.86573521, -6.49253629, -6.49253629, -6.49253629,
       -6.49253629, -6.49253629, -6.2008169 , -6.49253629, -6.51290843,
       -6.49253629, -6.07797627, -5.43103147, -4.52957444, -4.92576072,
       -4.94992356, -4.92576072, -4.94992356, -6.47410965, -4.92576072,
       -5.07619549, -4.92576072, -4.92576072, -4.92576072, -4.92576072,
       -4.92576072, -4.92576072, -5.07619549, -4.92576072, -5.07619549,
       -5.07619549, -5.07619549]), array([-6.44679002, -6.18937177, -6.18937177, -6.40670272, -5.83043791,
       -6.65729299, -5.9470033 , -6.65729299, -5.55711195, -6.31251203,
       -6.2065239 , -6.18937177, -5.9470033 , -6.18937177, -5.83043791,
       -5.83043791, -6.46140592, -6.46140592, -5.9470033 , -6.44679002,
       -6.2065239 , -6.09594693, -6.18937177, -4.97417156, -5.83043791,
       -6.2065239 , -6.18937177, -6.18937177, -6.3996027 , -6.2065239 ,
       -7.05564835, -6.77660498, -6.18937177, -6.29256294, -6.18937177,
       -6.29256294, -6.18937177, -5.25368137, -6.18937177, -5.83043791,
       -6.3996027 , -6.09594693, -6.3996027 , -4.97417156, -5.36279836,
       -6.58468007, -6.29256294, -6.18937177, -6.18937177, -5.25355633,
       -6.82826238, -6.46140592, -6.18937177, -6.18937177, -6.3996027 ,
       -6.44679002, -6.44679002, -6.29256294, -5.83043791, -6.44679002,
       -6.3996027 , -6.29256294, -6.2065239 , -6.12017224, -6.2065239 ,
       -5.64067692, -6.54309961, -6.16926488, -6.18937177, -6.44679002,
       -6.09594693, -6.44679002, -6.18937177, -6.44679002, -6.2065239 ,
       -6.2065239 , -6.2065239 , -6.18937177, -6.44679002, -6.44679002,
       -6.3996027 , -6.09594693, -6.18937177, -5.66859879, -6.09594693,
       -6.09594693, -6.44679002, -6.31251203, -6.44679002, -6.44679002,
       -6.32344384, -6.32344384, -6.12017224, -6.29256294, -5.83043791,
       -6.32344384, -6.18937177, -6.44679002, -6.18937177, -6.18937177,
       -6.44679002, -6.44679002, -6.32344384, -6.09594693, -6.29256294,
       -6.18937177, -6.18937177, -6.44679002, -6.44679002, -6.44679002,
       -5.9470033 , -6.29256294, -6.44679002, -5.86871748, -6.32344384,
       -6.44679002, -6.44679002, -6.44679002, -6.44679002, -6.44679002,
       -6.44679002, -6.44679002, -6.09594693, -6.44679002, -5.65338579,
       -6.00060181, -6.44679002, -6.44679002, -6.44679002, -6.44679002,
       -6.44679002, -6.32344384, -6.31251203, -6.44679002, -6.44679002,
       -6.44679002, -6.44679002, -6.16926488, -6.44679002, -6.59198617,
       -6.44679002, -6.3996027 , -6.46140592, -6.32344384, -6.44679002,
       -4.97417156, -6.44679002, -6.3996027 , -6.18937177, -6.44679002,
       -6.44679002, -6.44679002, -6.44679002, -4.97417156, -6.44679002,
       -6.44679002, -6.44679002, -6.18937177, -6.00060181, -6.44679002,
       -6.18937177, -6.44679002, -6.44679002, -6.44679002, -5.66859879,
       -6.44679002, -6.44679002, -6.44679002, -6.18937177, -6.44679002,
       -6.44679002, -4.97417156, -6.44679002, -6.18937177, -6.44679002,
       -6.21689686, -6.18937177, -6.18937177, -6.21689686, -6.00726858,
       -5.9470033 , -6.44679002, -6.18937177, -6.44679002, -4.97417156,
       -6.44679002, -6.44679002, -6.44679002, -6.18937177, -5.83043791,
       -6.18937177, -6.18937177, -5.9470033 , -4.97417156, -6.44679002,
       -5.9470033 , -6.44679002, -5.59095834, -6.18937177, -6.18937177,
       -6.18937177, -6.18937177, -6.44679002, -5.59095834, -5.21106094,
       -6.21136597, -3.58302525, -6.21136597, -6.18781562, -5.55711195,
       -6.44679002, -6.44679002, -6.44679002, -6.44679002, -6.44679002,
       -6.18781562, -5.55711195, -5.59095834, -4.9007983 , -4.63171811,
       -5.55711195, -5.46906914, -6.44679002, -6.44679002, -6.44679002,
       -6.44679002, -6.44679002, -6.18937177, -6.44679002, -6.35923265,
       -6.44679002, -6.25581796, -5.47399127, -4.48454108, -4.97417156,
       -5.04996485, -4.97417156, -5.04996485, -6.26733794, -4.97417156,
       -5.07421383, -4.97417156, -4.97417156, -4.97417156, -4.97417156,
       -4.97417156, -4.97417156, -5.07421383, -4.97417156, -5.07421383,
       -5.07421383, -5.07421383]), array([-6.53136935, -6.11574213, -6.11574213, -6.22273088, -5.79351423,
       -6.68160955, -5.68153846, -6.68160955, -6.03799318, -6.14991882,
       -5.92417912, -6.11574213, -5.68153846, -6.11574213, -5.79351423,
       -5.79351423, -6.24030931, -6.24030931, -5.68153846, -6.53136935,
       -5.92417912, -6.00079392, -6.11574213, -5.10334071, -5.79351423,
       -5.92417912, -6.11574213, -6.11574213, -6.16792802, -5.92417912,
       -7.2951407 , -7.01562759, -6.11574213, -6.31625512, -6.11574213,
       -6.31625512, -6.11574213, -5.58031477, -6.11574213, -5.79351423,
       -6.16792802, -6.00079392, -6.16792802, -5.10334071, -5.33259837,
       -6.71832747, -6.31625512, -6.11574213, -6.11574213, -5.22679187,
       -6.96785349, -6.24030931, -6.11574213, -6.11574213, -6.16792802,
       -6.53136935, -6.53136935, -6.31625512, -5.79351423, -6.53136935,
       -6.16792802, -6.31625512, -5.92417912, -6.0121032 , -5.92417912,
       -5.60162586, -6.4955514 , -6.27749298, -6.11574213, -6.53136935,
       -6.00079392, -6.53136935, -6.11574213, -6.53136935, -5.92417912,
       -5.92417912, -5.92417912, -6.11574213, -6.53136935, -6.53136935,
       -6.16792802, -6.00079392, -6.11574213, -5.47583052, -6.00079392,
       -6.00079392, -6.53136935, -6.14991882, -6.53136935, -6.53136935,
       -6.46164186, -6.46164186, -6.0121032 , -6.31625512, -5.79351423,
       -6.46164186, -6.11574213, -6.53136935, -6.11574213, -6.11574213,
       -6.53136935, -6.53136935, -6.46164186, -6.00079392, -6.31625512,
       -6.11574213, -6.11574213, -6.53136935, -6.53136935, -6.53136935,
       -5.68153846, -6.31625512, -6.53136935, -6.05727582, -6.46164186,
       -6.53136935, -6.53136935, -6.53136935, -6.53136935, -6.53136935,
       -6.53136935, -6.53136935, -6.00079392, -6.53136935, -5.61712106,
       -5.53616927, -6.53136935, -6.53136935, -6.53136935, -6.53136935,
       -6.53136935, -6.46164186, -6.14991882, -6.53136935, -6.53136935,
       -6.53136935, -6.53136935, -6.27749298, -6.53136935, -6.48516031,
       -6.53136935, -6.16792802, -6.24030931, -6.46164186, -6.53136935,
       -5.10334071, -6.53136935, -6.16792802, -6.11574213, -6.53136935,
       -6.53136935, -6.53136935, -6.53136935, -5.10334071, -6.53136935,
       -6.53136935, -6.53136935, -6.11574213, -5.53616927, -6.53136935,
       -6.11574213, -6.53136935, -6.53136935, -6.53136935, -5.47583052,
       -6.53136935, -6.53136935, -6.53136935, -6.11574213, -6.53136935,
       -6.53136935, -5.10334071, -6.53136935, -6.11574213, -6.53136935,
       -6.18966686, -6.11574213, -6.11574213, -6.18966686, -6.10872871,
       -5.68153846, -6.53136935, -6.11574213, -6.53136935, -5.10334071,
       -6.53136935, -6.53136935, -6.53136935, -6.11574213, -5.79351423,
       -6.11574213, -6.11574213, -5.68153846, -5.10334071, -6.53136935,
       -5.68153846, -6.53136935, -5.84484516, -6.11574213, -6.11574213,
       -6.11574213, -6.11574213, -6.53136935, -5.84484516, -4.3887466 ,
       -6.45511196, -3.75616863, -6.45511196, -6.34382496, -6.03799318,
       -6.53136935, -6.53136935, -6.53136935, -6.53136935, -6.53136935,
       -6.34382496, -6.03799318, -5.84484516, -4.87704   , -4.55723929,
       -6.03799318, -5.3018624 , -6.53136935, -6.53136935, -6.53136935,
       -6.53136935, -6.53136935, -6.11574213, -6.53136935, -6.56334452,
       -6.53136935, -6.13694825, -5.55198025, -4.13442047, -5.10334071,
       -4.92473386, -5.10334071, -4.92473386, -6.03194096, -5.10334071,
       -5.21057496, -5.10334071, -5.10334071, -5.10334071, -5.10334071,
       -5.10334071, -5.10334071, -5.21057496, -5.10334071, -5.21057496,
       -5.21057496, -5.21057496]), array([-6.59580478, -6.23557935, -6.23557935, -6.08313657, -5.99618985,
       -6.97506674, -6.08067089, -6.97506674, -5.80233245, -6.15903222,
       -5.94201923, -6.23557935, -6.08067089, -6.23557935, -5.99618985,
       -5.99618985, -6.54912356, -6.54912356, -6.08067089, -6.59580478,
       -5.94201923, -6.2086226 , -6.23557935, -5.01085586, -5.99618985,
       -5.94201923, -6.23557935, -6.23557935, -6.2165286 , -5.94201923,
       -7.1118989 , -6.83746588, -6.23557935, -6.3370977 , -6.23557935,
       -6.3370977 , -6.23557935, -5.64403064, -6.23557935, -5.99618985,
       -6.2165286 , -6.2086226 , -6.2165286 , -5.01085586, -5.58138603,
       -6.51441165, -6.3370977 , -6.23557935, -6.23557935, -5.30819077,
       -6.95102263, -6.54912356, -6.23557935, -6.23557935, -6.2165286 ,
       -6.59580478, -6.59580478, -6.3370977 , -5.99618985, -6.59580478,
       -6.2165286 , -6.3370977 , -5.94201923, -6.35222212, -5.94201923,
       -5.36590144, -6.58417161, -6.13783162, -6.23557935, -6.59580478,
       -6.2086226 , -6.59580478, -6.23557935, -6.59580478, -5.94201923,
       -5.94201923, -5.94201923, -6.23557935, -6.59580478, -6.59580478,
       -6.2165286 , -6.2086226 , -6.23557935, -5.8356624 , -6.2086226 ,
       -6.2086226 , -6.59580478, -6.15903222, -6.59580478, -6.59580478,
       -6.64767626, -6.64767626, -6.35222212, -6.3370977 , -5.99618985,
       -6.64767626, -6.23557935, -6.59580478, -6.23557935, -6.23557935,
       -6.59580478, -6.59580478, -6.64767626, -6.2086226 , -6.3370977 ,
       -6.23557935, -6.23557935, -6.59580478, -6.59580478, -6.59580478,
       -6.08067089, -6.3370977 , -6.59580478, -6.12893404, -6.64767626,
       -6.59580478, -6.59580478, -6.59580478, -6.59580478, -6.59580478,
       -6.59580478, -6.59580478, -6.2086226 , -6.59580478, -5.91462457,
       -6.31947541, -6.59580478, -6.59580478, -6.59580478, -6.59580478,
       -6.59580478, -6.64767626, -6.15903222, -6.59580478, -6.59580478,
       -6.59580478, -6.59580478, -6.13783162, -6.59580478, -6.96028723,
       -6.59580478, -6.2165286 , -6.54912356, -6.64767626, -6.59580478,
       -5.01085586, -6.59580478, -6.2165286 , -6.23557935, -6.59580478,
       -6.59580478, -6.59580478, -6.59580478, -5.01085586, -6.59580478,
       -6.59580478, -6.59580478, -6.23557935, -6.31947541, -6.59580478,
       -6.23557935, -6.59580478, -6.59580478, -6.59580478, -5.8356624 ,
       -6.59580478, -6.59580478, -6.59580478, -6.23557935, -6.59580478,
       -6.59580478, -5.01085586, -6.59580478, -6.23557935, -6.59580478,
       -6.33923164, -6.23557935, -6.23557935, -6.33923164, -6.11886091,
       -6.08067089, -6.59580478, -6.23557935, -6.59580478, -5.01085586,
       -6.59580478, -6.59580478, -6.59580478, -6.23557935, -5.99618985,
       -6.23557935, -6.23557935, -6.08067089, -5.01085586, -6.59580478,
       -6.08067089, -6.59580478, -5.71783177, -6.23557935, -6.23557935,
       -6.23557935, -6.23557935, -6.59580478, -5.71783177, -4.79177762,
       -6.44754204, -4.09791518, -6.44754204, -6.49705154, -5.80233245,
       -6.59580478, -6.59580478, -6.59580478, -6.59580478, -6.59580478,
       -6.49705154, -5.80233245, -5.71783177, -4.55915285, -4.63312171,
       -5.80233245, -5.18254667, -6.59580478, -6.59580478, -6.59580478,
       -6.59580478, -6.59580478, -6.23557935, -6.59580478, -6.77835866,
       -6.59580478, -5.97957401, -5.42323295, -4.76838645, -5.01085586,
       -4.96502066, -5.01085586, -4.96502066, -6.23446294, -5.01085586,
       -5.2355644 , -5.01085586, -5.01085586, -5.01085586, -5.01085586,
       -5.01085586, -5.01085586, -5.2355644 , -5.01085586, -5.2355644 ,
       -5.2355644 , -5.2355644 ]), array([-6.53803369, -6.18938791, -6.18938791, -6.25363453, -5.90397825,
       -6.16665016, -5.91866843, -6.16665016, -5.77799328, -6.19644393,
       -6.00119277, -6.18938791, -5.91866843, -6.18938791, -5.90397825,
       -5.90397825, -6.4937821 , -6.4937821 , -5.91866843, -6.53803369,
       -6.00119277, -6.17853435, -6.18938791, -4.96946692, -5.90397825,
       -6.00119277, -6.18938791, -6.18938791, -6.2777044 , -6.00119277,
       -7.05804501, -6.50164581, -6.18938791, -6.23216205, -6.18938791,
       -6.23216205, -6.18938791, -5.53548568, -6.18938791, -5.90397825,
       -6.2777044 , -6.17853435, -6.2777044 , -4.96946692, -5.32202806,
       -6.26419078, -6.23216205, -6.18938791, -6.18938791, -5.39415279,
       -6.74955265, -6.4937821 , -6.18938791, -6.18938791, -6.2777044 ,
       -6.53803369, -6.53803369, -6.23216205, -5.90397825, -6.53803369,
       -6.2777044 , -6.23216205, -6.00119277, -6.16201673, -6.00119277,
       -5.63469026, -6.43600544, -5.98007683, -6.18938791, -6.53803369,
       -6.17853435, -6.53803369, -6.18938791, -6.53803369, -6.00119277,
       -6.00119277, -6.00119277, -6.18938791, -6.53803369, -6.53803369,
       -6.2777044 , -6.17853435, -6.18938791, -5.519258  , -6.17853435,
       -6.17853435, -6.53803369, -6.19644393, -6.53803369, -6.53803369,
       -6.50816432, -6.50816432, -6.16201673, -6.23216205, -5.90397825,
       -6.50816432, -6.18938791, -6.53803369, -6.18938791, -6.18938791,
       -6.53803369, -6.53803369, -6.50816432, -6.17853435, -6.23216205,
       -6.18938791, -6.18938791, -6.53803369, -6.53803369, -6.53803369,
       -5.91866843, -6.23216205, -6.53803369, -5.81783299, -6.50816432,
       -6.53803369, -6.53803369, -6.53803369, -6.53803369, -6.53803369,
       -6.53803369, -6.53803369, -6.17853435, -6.53803369, -5.76449936,
       -6.05688829, -6.53803369, -6.53803369, -6.53803369, -6.53803369,
       -6.53803369, -6.50816432, -6.19644393, -6.53803369, -6.53803369,
       -6.53803369, -6.53803369, -5.98007683, -6.53803369, -6.19526833,
       -6.53803369, -6.2777044 , -6.4937821 , -6.50816432, -6.53803369,
       -4.96946692, -6.53803369, -6.2777044 , -6.18938791, -6.53803369,
       -6.53803369, -6.53803369, -6.53803369, -4.96946692, -6.53803369,
       -6.53803369, -6.53803369, -6.18938791, -6.05688829, -6.53803369,
       -6.18938791, -6.53803369, -6.53803369, -6.53803369, -5.519258  ,
       -6.53803369, -6.53803369, -6.53803369, -6.18938791, -6.53803369,
       -6.53803369, -4.96946692, -6.53803369, -6.18938791, -6.53803369,
       -6.08801989, -6.18938791, -6.18938791, -6.08801989, -6.05771686,
       -5.91866843, -6.53803369, -6.18938791, -6.53803369, -4.96946692,
       -6.53803369, -6.53803369, -6.53803369, -6.18938791, -5.90397825,
       -6.18938791, -6.18938791, -5.91866843, -4.96946692, -6.53803369,
       -5.91866843, -6.53803369, -5.60267088, -6.18938791, -6.18938791,
       -6.18938791, -6.18938791, -6.53803369, -5.60267088, -4.95855296,
       -5.69971801, -3.86842365, -5.69971801, -5.93890115, -5.77799328,
       -6.53803369, -6.53803369, -6.53803369, -6.53803369, -6.53803369,
       -5.93890115, -5.77799328, -5.60267088, -5.55147244, -4.70103179,
       -5.77799328, -5.67343602, -6.53803369, -6.53803369, -6.53803369,
       -6.53803369, -6.53803369, -6.18938791, -6.53803369, -6.45238616,
       -6.53803369, -6.18064319, -5.50981561, -4.418295  , -4.96946692,
       -5.49654731, -4.96946692, -5.49654731, -6.27390531, -4.96946692,
       -5.27520867, -4.96946692, -4.96946692, -4.96946692, -4.96946692,
       -4.96946692, -4.96946692, -5.27520867, -4.96946692, -5.27520867,
       -5.27520867, -5.27520867])]","[-6.52090683 -6.18617961 -6.18617961 -6.19728003 -5.87628434 -6.55087656
 -5.90022112 -6.55087656 -5.81019513 -6.20729102 -6.0123233  -6.18617961
 -5.90022112 -6.18617961 -5.87628434 -5.87628434 -6.45101953 -6.45101953
 -5.90022112 -6.52090683 -6.0123233  -6.11697732 -6.18617961 -4.99671915
 -5.87628434 -6.0123233  -6.18617961 -6.18617961 -6.25022882 -6.0123233
 -7.0487323  -6.79920766 -6.18617961 -6.28459745 -6.18617961 -6.28459745
 -6.18617961 -5.49162271 -6.18617961 -5.87628434 -6.25022882 -6.11697732
 -6.25022882 -4.99671915 -5.40180745 -6.48570165 -6.28459745 -6.18617961
 -6.18617961 -5.23897287 -6.84508106 -6.45101953 -6.18617961 -6.18617961
 -6.25022882 -6.52090683 -6.52090683 -6.28459745 -5.87628434 -6.52090683
 -6.25022882 -6.28459745 -6.0123233  -6.15418773 -6.0123233  -5.43875869
 -6.49738386 -6.14619912 -6.18617961 -6.52090683 -6.11697732 -6.52090683
 -6.18617961 -6.52090683 -6.0123233  -6.0123233  -6.0123233  -6.18617961
 -6.52090683 -6.52090683 -6.25022882 -6.11697732 -6.18617961 -5.60822482
 -6.11697732 -6.11697732 -6.52090683 -6.20729102 -6.52090683 -6.52090683
 -6.49737068 -6.49737068 -6.15418773 -6.28459745 -5.87628434 -6.49737068
 -6.18617961 -6.52090683 -6.18617961 -6.18617961 -6.52090683 -6.52090683
 -6.49737068 -6.11697732 -6.28459745 -6.18617961 -6.18617961 -6.52090683
 -6.52090683 -6.52090683 -5.90022112 -6.28459745 -6.52090683 -5.97715861
 -6.49737068 -6.52090683 -6.52090683 -6.52090683 -6.52090683 -6.52090683
 -6.52090683 -6.52090683 -6.11697732 -6.52090683 -5.72670991 -5.98854469
 -6.52090683 -6.52090683 -6.52090683 -6.52090683 -6.52090683 -6.49737068
 -6.20729102 -6.52090683 -6.52090683 -6.52090683 -6.52090683 -6.14619912
 -6.52090683 -6.57994061 -6.52090683 -6.25022882 -6.45101953 -6.49737068
 -6.52090683 -4.99671915 -6.52090683 -6.25022882 -6.18617961 -6.52090683
 -6.52090683 -6.52090683 -6.52090683 -4.99671915 -6.52090683 -6.52090683
 -6.52090683 -6.18617961 -5.98854469 -6.52090683 -6.18617961 -6.52090683
 -6.52090683 -6.52090683 -5.60822482 -6.52090683 -6.52090683 -6.52090683
 -6.18617961 -6.52090683 -6.52090683 -4.99671915 -6.52090683 -6.18617961
 -6.52090683 -6.19867899 -6.18617961 -6.18617961 -6.19867899 -6.061308
 -5.90022112 -6.52090683 -6.18617961 -6.52090683 -4.99671915 -6.52090683
 -6.52090683 -6.52090683 -6.18617961 -5.87628434 -6.18617961 -6.18617961
 -5.90022112 -4.99671915 -6.52090683 -5.90022112 -6.52090683 -5.72498911
 -6.18617961 -6.18617961 -6.18617961 -6.18617961 -6.52090683 -5.72498911
 -4.55002762 -6.28990261 -3.802609   -6.28990261 -6.24273144 -5.81019513
 -6.52090683 -6.52090683 -6.52090683 -6.52090683 -6.52090683 -6.24273144
 -5.81019513 -5.72498911 -4.95739458 -4.64831723 -5.81019513 -5.29852989
 -6.52090683 -6.52090683 -6.52090683 -6.52090683 -6.52090683 -6.18617961
 -6.52090683 -6.53324609 -6.52090683 -6.12619193 -5.47801031 -4.46704349
 -4.99671915 -5.07723805 -4.99671915 -5.07723805 -6.25635136 -4.99671915
 -5.17435147 -4.99671915 -4.99671915 -4.99671915 -4.99671915 -4.99671915
 -4.99671915 -5.17435147 -4.99671915 -5.17435147 -5.17435147 -5.17435147]","[0.04961993 0.0390807  0.0390807  0.13569754 0.06993915 0.29420216
 0.12933825 0.29420216 0.15576418 0.05820021 0.10114945 0.0390807
 0.12933825 0.0390807  0.06993915 0.06993915 0.10908242 0.10908242
 0.12933825 0.04961993 0.10114945 0.07264244 0.0390807  0.05975647
 0.06993915 0.10114945 0.0390807  0.0390807  0.0832816  0.10114945
 0.18492689 0.16831142 0.0390807  0.04036469 0.0390807  0.04036469
 0.0390807  0.13553268 0.0390807  0.06993915 0.0832816  0.07264244
 0.0832816  0.05975647 0.0948638  0.16313749 0.04036469 0.0390807
 0.0390807  0.12702075 0.09924363 0.10908242 0.0390807  0.0390807
 0.0832816  0.04961993 0.04961993 0.04036469 0.06993915 0.04961993
 0.0832816  0.04036469 0.10114945 0.11091424 0.10114945 0.26419733
 0.06032276 0.09575172 0.0390807  0.04961993 0.07264244 0.04961993
 0.0390807  0.04961993 0.10114945 0.10114945 0.10114945 0.0390807
 0.04961993 0.04961993 0.0832816  0.07264244 0.0390807  0.13056177
 0.07264244 0.07264244 0.04961993 0.05820021 0.04961993 0.04961993
 0.10638899 0.10638899 0.11091424 0.04036469 0.06993915 0.10638899
 0.0390807  0.04961993 0.0390807  0.0390807  0.04961993 0.04961993
 0.10638899 0.07264244 0.04036469 0.0390807  0.0390807  0.04961993
 0.04961993 0.04961993 0.12933825 0.04036469 0.04961993 0.11652093
 0.10638899 0.04961993 0.04961993 0.04961993 0.04961993 0.04961993
 0.04961993 0.04961993 0.07264244 0.04961993 0.10578959 0.25324276
 0.04961993 0.04961993 0.04961993 0.04961993 0.04961993 0.10638899
 0.05820021 0.04961993 0.04961993 0.04961993 0.04961993 0.09575172
 0.04961993 0.24873449 0.04961993 0.0832816  0.10908242 0.10638899
 0.04961993 0.05975647 0.04961993 0.0832816  0.0390807  0.04961993
 0.04961993 0.04961993 0.04961993 0.05975647 0.04961993 0.04961993
 0.04961993 0.0390807  0.25324276 0.04961993 0.0390807  0.04961993
 0.04961993 0.04961993 0.13056177 0.04961993 0.04961993 0.04961993
 0.0390807  0.04961993 0.04961993 0.05975647 0.04961993 0.0390807
 0.04961993 0.08239216 0.0390807  0.0390807  0.08239216 0.04633698
 0.12933825 0.04961993 0.0390807  0.04961993 0.05975647 0.04961993
 0.04961993 0.04961993 0.0390807  0.06993915 0.0390807  0.0390807
 0.12933825 0.05975647 0.04961993 0.12933825 0.04961993 0.11660026
 0.0390807  0.0390807  0.0390807  0.0390807  0.04961993 0.11660026
 0.63417287 0.32442502 0.17375525 0.32442502 0.18452008 0.15576418
 0.04961993 0.04961993 0.04961993 0.04961993 0.04961993 0.18452008
 0.15576418 0.11660026 0.32392976 0.05745015 0.15576418 0.27218108
 0.04961993 0.04961993 0.04961993 0.04961993 0.04961993 0.0390807
 0.04961993 0.14015614 0.04961993 0.09349343 0.04838771 0.20397958
 0.05975647 0.21383327 0.05975647 0.21383327 0.14048961 0.05975647
 0.08353859 0.05975647 0.05975647 0.05975647 0.05975647 0.05975647
 0.05975647 0.08353859 0.05975647 0.08353859 0.08353859 0.08353859]"
