,Model,Y Train pred,Y Test actual,Test prediction folds,Test Predictions Mean,Test Predictions Std
0,LGBMRegressor,"[-6.72783300254763, -7.219809565530734, -7.219809565530734, -5.703542002028542, -6.111807629743729, -6.406934401480064, -6.966541968864456, -5.9947516455460255, -6.049505542452131, -6.526564754324073, -6.413634791634167, -5.795227096446913, -6.037301294950156, -5.728981301342179, -6.561259331998865, -5.813862058021344, -5.9926986797991235, -5.704165403585342, -6.561259331998865, -7.0673109096499465, -6.880359363817258, -5.715631627422502, -5.9770177817429575, -5.886138733256737, -6.328018374220509, -6.098146815656742, -6.7831232009118265, -5.57524171368582, -6.901182052149633, -6.526285635653879, -5.711838807877629, -6.431518639334141, -6.002165435964887, -5.9971052366029785, -5.916053309001141, -6.312246666544288, -5.994018379213617, -5.815919464116928, -5.844835064995398, -6.692582862791045, -5.9111750450744704, -5.94686788405784, -7.121683734616845, -6.021998805903656, -6.292039231662608, -5.777349168008587, -6.790970056119661, -6.705398461450622, -6.588135310220662, -6.35448034551162, -6.09984764169403, -5.633975785195113, -6.420447214288716, -6.485614018323844, -6.45149411930466, -5.9481894849789185, -6.301811508525206, -6.272558424469962, -7.23649176303025, -5.679350202004995, -6.20710847480182, -6.244672625040199, -5.834053687868332, -6.235250630525047, -5.755369986781384, -5.9416065197254175, -5.597322660661994, -6.293687438345379, -6.680397509472513, -6.141706336361761, -6.665838062574899, -6.355494681054051, -6.665153894405033, -6.945351804106881, -7.168368149364651, -5.6629315049486255, -6.774566797985028, -6.246675473689843, -6.392574577033622, -6.891516752296978, -5.876204401218599, -5.774116301144559, -6.713141587883408, -7.304327549140775, -6.476342765764085, -6.291777144463956, -5.791268623575091, -6.366259662116452, -6.395509340370273, -6.314497309948971, -5.935064443460832, -5.719712677126924, -5.813690688554819, -6.176720789777574, -5.523795325839938, -5.391632470646751, -7.056881669085148, -6.0683698039579035, -6.000747938101726, -6.916673567586408, -7.18254170918325, -6.596499972094587, -6.4091079479087965, -6.734239542645666, -7.033839794388443, -7.18346882996595, -6.385327771470201, -6.660825024009814, -6.42430255208056, -6.596499972094587, -7.072236566156037, -6.88852956654756, -6.596499972094587, -5.9811845635735645, -6.2174826065635305, -7.289640530448142, -6.906694420616748, -7.090517511926041, -6.09984764169403, -6.406715860151615, -6.096851693426367, -6.8966946753798855, -7.094796048322581, -6.781177341504537, -6.494687307425, -6.284643703723438, -5.939325563333245, -6.229846273746363, -6.634768750137777, -7.075765306765707, -6.476342765764085, -6.173614264832416, -6.880108829063289, -6.790327725574848, -6.48588176887468, -6.753707133023734, -6.420494621898871, -6.395988138378978, -6.395988138378978, -6.395988138378978, -6.248180618004814, -5.828592390358076, -6.385105271853354, -6.409000052823058, -6.9479398878016045, -5.978246718524005, -6.79862311365217, -5.311564065912816, -6.85583640283008, -6.864331448661166, -6.340221273674798, -6.020178935736416, -6.830332342178478, -6.845040738479972, -5.356488192936216, -5.171015950881247, -6.458044031036901, -6.4686296361962485, -6.205670124587505, -6.634768750137777, -6.780461712002363, -6.732967626161687, -5.356488192936216, -5.556839353970264, -5.556839353970264, -6.188155031897259, -6.015602775900134, -5.969315323294467, -5.3623435610356065, -5.082603899242272, -5.556839353970264, -5.3665171292916165, -5.990267270786346, -5.997366753647286, -5.593760757649165, -5.984832990702641, -6.524350621955073, -6.556105682386975, -5.859106465235892, -6.184741828008158, -6.357438523637493, -5.859106465235892, -6.1286326426946145, -5.71312539053573, -5.764137155970354, -5.97048991453088, -5.756312857064594, -5.674589428302338, -5.594741955621918, -5.987544891119427, -5.828592390358076, -5.828592390358076, -4.534859070474228, -4.931439674141562, -4.931439674141562, -4.580700231472501, -4.893832235491153, -5.298576376789229, -5.011588169788774, -5.1677822962348055, -5.074381670135645, -5.061924450200972, -7.179872070417179, -7.204696849120846, -6.3708962235365085, -5.659733693517952, -6.203027543341433, -6.580130377692293, -5.602135152098288, -5.777185437178241, -6.284840125097741, -6.284840125097741, -5.996239871562547, -6.078695349084478, -5.8879468145279485, -5.913757600614396, -5.793799603607326, -6.874235919611502, -6.524128808478202, -6.175980163343775, -6.498027497952839, -5.945629717171654, -5.604410049376403, -5.783230490056076, -6.5001037945228095, -5.604410049376403, -5.9578780177625115, -5.737188351486513, -6.162363594166063, -6.160380813411065, -6.568728507250016, -5.574239277177891, -5.934317374002672, -6.5242819782365515, -5.678886029981718, -6.759702129952756, -7.001568051456801, -6.5381163905525606, -6.109960148343468, -6.148993723951549, -5.913936373087523, -6.854071063389004, -5.89178435855149, -5.935611493224092, -5.911156397995433, -6.347463199391979, -6.271134851014037, -6.259371665423693, -6.154291734433206, -5.887113340663097, -6.1121838569311935, -6.037740676145818, -6.661998387177192, -6.541743869845211, -6.458845248997515, -6.8808384105810365, -6.520824133237457, -6.502111076287419, -6.1121838569311935, -5.69455978255344, -5.6339111570553655, -5.805638396274948, -6.138050127128547, -6.037856565124895, -6.37951894066819, -5.593714449220784, -5.814634368476039, -5.784896956232259, -6.553415270306999, -6.856188358753584, -6.1791456074849975, -6.1791456074849975, -5.782595314327493, -6.2532815812393725, -7.211411235576405, -7.030973619028719, -6.565419219771012, -6.023894497847132, -5.895719916108519, -6.643356266163831, -7.192856352072454, -7.030973619028719, -7.274912129010481, -6.700167854257216, -6.938619540992764, -6.285600409261719, -6.150263786572863, -6.555237442247988, -5.769902178082426, -5.940186010890316, -6.5282981189651395, -6.23399964092311, -6.09995698336502, -6.189495884139118, -6.188092183468724, -6.487347823884266, -6.723991526919358, -7.18538084159378, -6.70662222399632, -6.922316440159579, -6.468973602348542, -7.094830925181035, -6.314806131279943, -5.950936677368267, -6.028713026230348, -6.11949912432023, -6.116897190152303, -7.085004362351847, -7.063229791900005, -6.11949912432023, -7.075640294107346, -6.691618267672189, -7.294981840043305, -7.01523382844958, -6.937614146535634, -6.18039261646208, -6.833552523024641, -6.349067772265239, -6.471032251634083, -6.342589945546422, -6.819194022860207, -6.506273031055164, -6.445314652586901, -6.4801855076409005, -7.183725461359118, -6.001442104870647, -6.922316440159579, -6.221375766352973, -6.039240903536129, -6.614648673372108, -6.221375766352973, -6.445314652586901, -6.445314652586901, -5.763610649996381, -5.825137226023717, -7.1339877465929185, -6.643650191675326, -5.430087768563372, -6.2605718871863685, -6.398613212752722, -6.922316440159579, -5.9606435376538744, -6.942737809368633, -6.873409388320202, -6.149617786821556, -6.50135108713931, -6.819194022860207, -6.860948190515698, -5.430087768563372, -6.901022171237781, -6.528859629780564, -6.92142711040226, -6.914845484954655, -6.5282981189651395, -6.823963757573529, -5.235939089407285, -6.601152227839741, -6.139651228120321, -6.895197353791747, -6.847338857403395, -6.919569157736385, -6.793208771907741, -6.661154591451103, -6.5282981189651395, -5.344403663426815, -5.559041446287139, -5.430087768563372, -5.559041446287139, -5.269648291019472, -5.6871721005783655, -5.6871721005783655, -5.8519238819723265, -5.6871721005783655, -5.830811417404298, -5.830811417404298, -5.743663512129218, -5.743663512129218, -5.754214074875715, -5.774418102068323, -5.8519238819723265, -5.675505338172637, -6.236485098303877, -6.031955855274349, -4.544528229416224, -4.544528229416224, -4.523330072153289, -4.544528229416224, -5.224552797927737, -5.341622146770859, -5.062517760695877, -5.341622146770859, -5.341622146770859, -5.129371913725949, -5.129371913725949, -5.076028898990119, -5.341622146770859, -5.206269136255365, -5.088627012500586, -4.544528229416224, -4.544528229416224, -4.544528229416224, -5.686192835320502, -5.143745193866327, -5.129976255410725, -7.259551052299159, -6.590159373780314, -5.937242261212541, -5.937242261212541, -6.263179013501884, -5.562155347737643, -6.10236361932121, -5.935463365291019, -6.016209873863197, -6.258175948889961, -6.410999605597414, -6.779990866470892, -6.324708098904982, -6.477154695936357, -5.785324204726797, -6.5924866694139785, -6.546976828900122, -5.808242882695453, -5.777556462447515, -6.202440962751466, -6.607235622097569, -6.396829484343066, -6.364299704266705, -6.166864471543563, -5.5112159743768485, -6.625253203391196, -5.862189207907655, -6.661521674116138, -5.980042403507481, -5.791442172780309, -6.367713392773445, -6.640270371996958, -5.641092634087564, -5.560107689375393, -7.471728112551675, -6.680488309750406, -6.373002628532396, -6.722555174121934, -5.905510239390084, -5.929731973183367, -6.548688978073823, -5.976363101979341, -5.966318536824003, -5.754403998300898, -6.611668869571999, -6.396829484343066, -6.96372004166762, -6.06824592972397, -6.527426165931358, -6.548688978073823, -6.2342868661353865, -6.615355267738089, -6.364487915174421, -6.7718354065120145, -6.480603792490753, -6.603099580184497, -6.656706711796601, -6.242622912856809, -6.916952978704224, -7.118393131447179, -6.883849733592633, -6.784597405431132, -5.828619635362888, -5.851464048913161, -6.9002172850714025, -6.396829484343066, -5.809678983866417, -5.79056766225537, -6.763296811575621, -6.242710425929088, -5.99029912672964, -5.700451323172742, -7.10225244440014, -6.547013634342245, -5.944488407190461, -5.780629142881026, -6.865683564116236, -7.18632104833299, -7.040440676972863, -5.761734101958214, -6.388528528880319, -6.345429891133884, -6.72812673562127, -6.15879832792279, -6.024984636173371, -7.118393131447179, -5.836360598261257, -5.9937560943029355, -5.709893469825049, -5.854980655025744, -5.854980655025744, -6.908159690603982, -6.472466333042127, -6.680488309750406, -5.752788783486241, -6.349783530308097, -6.826656169344471, -7.089990241581386, -6.053596742479694, -5.769374032505567, -6.1046565926109295, -6.747878743795324, -6.747878743795324, -5.868146997518512, -5.999501916117305, -5.736859403138158, -7.1490566446193204, -6.665866326437845, -6.516178143107557, -7.132928158746321, -5.997017806390485, -5.7844492749395915, -6.445216872235679, -6.528104796407596, -6.891337715099934, -6.389925031678027, -5.868146997518512, -5.819350268372162, -7.025386935693523, -6.389925031678027, -6.906264073119974, -6.736598437814324, -7.020038688121073, -6.480603792490753, -6.781316738966898, -6.547077701714239, -7.270894377401239, -5.9571534030976325, -7.040894230691546, -6.872248840200552, -6.8018279135294195, -7.2220096563047065, -6.805363620335541, -6.127905568316499, -7.286801128570438, -6.15600582982279, -6.7560495000977845, -6.963598787121329, -6.759215827766279, -6.92984819856833, -6.917513473991917, -7.079688526719441, -6.654369019032413, -6.341409046240795, -6.480603792490753, -6.3587176506386385, -6.058246420455779, -7.079688526719441, -6.2726710183337175, -5.9596229630280675, -6.276496486024884, -6.044424964781217, -5.892050335970298, -5.367371501889561, -6.320642143643487, -6.154034309134243, -7.079688526719441, -6.1001791890319135, -6.087583359703139, -6.706208179843358, -7.126209765406969, -6.905603699256497, -6.710826805581762, -5.56451009912623, -5.961591212020291, -6.21685070108727, -5.619399532529126, -5.44545164420513, -5.304358207832745, -5.619399532529126, -5.2794873914532765, -5.171509909930778, -5.805892651126313, -5.821470411833965, -6.270026810252828, -5.562043876532438, -5.616092649983761, -5.750675014928772, -6.0584958531048025, -5.562043876532438, -5.562043876532438, -5.805892651126313, -5.805892651126313, -5.805892651126313, -5.753426602080212, -6.052044498485431, -6.15835077246013, -5.648068625370472, -4.504937138621935, -5.096281969386913, -4.901105956718303, -5.096281969386913, -6.302687394941056, -4.458161319597491, -4.574832361325444, -5.11018972586457, -5.222250392041315, -4.581838447481162, -4.569470808966582, -4.924057145685652, -5.153972812063831, -6.861250077824843, -7.367518195836958, -6.32245434962987, -7.293455742600798, -6.046259438380633, -6.637518695877623, -5.9687048576120025, -6.398027283891174, -5.68996964018829, -6.368850227885293, -6.066695360948716, -5.98889561472803, -6.628585087170605, -6.7880779833978995, -6.688711461179263, -5.86461486486553, -5.636350829000318, -6.528640972349064, -6.194732835959537, -5.782717363615968, -6.914793709809305, -6.285364957049331, -5.747795774900928, -5.9250027882734635, -6.6438405471501385, -6.966601181473464, -6.572765570397915, -6.472960764921696, -6.259011983415449, -6.259011983415449, -5.518752320558378, -5.685631245202873, -5.715288160444902, -5.846411362077551, -6.269953772673453, -5.661179309624274, -5.8492884268267185, -6.414999931931517, -5.880005890556793, -5.774175410742213, -5.880005890556793, -5.930804446615169, -6.040379593499791, -5.9905266081400015, -6.3134724706688505, -5.871835637727911, -5.661179309624274, -6.285364957049331, -5.957175406029892, -6.811816964812127, -5.693446818606607, -6.215215091411048, -5.797988251232105, -5.5209973895357205, -6.301785436955471, -5.8369870697582495, -6.69538690344697, -5.798805257227236, -5.707463117288025, -5.524623134886512, -5.973382755660053, -6.108302808943091, -6.087593198250965, -6.556625818265148, -6.625522681821344, -6.458672284137431, -5.99712548870588, -6.4104466184804165, -6.572083876540284, -6.873631444351993, -6.236995446956398, -5.71890053761364, -5.770128934639538, -5.641347957145849, -6.307238907237498, -5.639043979984023, -7.141371528725641, -6.9697073018966735, -6.138897412008796, -5.634120476584382, -5.791202435814154, -5.7045900871695, -5.681582597062121, -5.822033999522175, -6.087797072458428, -6.222677433687959, -6.222166566658419, -6.342270877549786, -6.475793486297841, -6.226181383899335, -5.892439170971255, -7.049171005414569, -6.41555756261656, -7.323218615915537, -6.9623305453210635, -6.60897758019102, -6.160632006485572, -5.892439170971255, -6.20663010430241, -6.793772151821834, -6.256566799047264, -5.61345035575836, -6.750296556373138, -6.811234321609029, -6.560847571104429, -6.240288015990233, -6.256566799047264, -6.256566799047264, -7.125027931819618, -6.4456243320625255, -7.195568781456412, -6.223066962508345, -5.908864280950952, -6.47952754740861, -6.693477539446564, -5.955500246168532, -5.529650041155564, -6.564154490730388, -6.591194694139849, -6.945761614147099, -6.966601181473464, -6.763138951070982, -6.153018234108314, -6.456133243962464, -7.2787284692007965, -6.760380591502215, -6.605740180632027, -6.845728445215859, -7.468341908701471, -7.071760910727121, -6.384195530889253, -5.269111165475, -6.838110022043008, -6.710642672292458, -6.953259628086524, -6.008321743987385, -7.166511565215549, -6.731143521355001, -6.597221669106313, -5.347757419855952, -6.97903189032106, -5.066382158922866, -6.572765570397915, -6.175016565394424, -6.221612518307347, -7.246371743957332, -5.275124439762, -6.729173502787363, -7.246371743957332, -6.985364821269812, -6.783226857206811, -5.075307806673509, -6.7855246503222295, -6.858101508596242, -6.67088643821235, -6.67088643821235, -5.870408268733424, -5.275124439762, -6.845728445215859, -6.46012180827476, -6.67088643821235, -5.401422746126386, -5.555675385042866, -5.183046002073334, -5.405933523044705, -5.336073733030935, -5.336073733030935, -5.688786417745172, -5.858541514629471, -5.71485525287092, -5.380765070713786, -6.0747331988148225, -5.561557416922421, -5.858541514629471, -5.380765070713786, -5.380765070713786, -5.581511196415867, -5.633330899241756, -5.581511196415867, -5.633330899241756, -6.2062511035159345, -6.81635962996289, -5.858541514629471, -5.858541514629471, -4.947642833902417, -7.016040825129135, -5.858541514629471, -5.818300714897103, -5.095808655053496, -6.2285659206400386, -4.602705702733249, -4.361170636591349, -5.133843331833964, -5.115169867309031, -5.085044112752597, -4.869153102743339, -4.602705702733249, -4.602705702733249, -4.602705702733249, -4.844332563846843, -4.967222056441537, -6.447427600699073, -7.098006474692144, -6.857177016626948, -6.387508586679314, -6.1357062235830835, -6.626177988293209, -6.160607232893343, -6.195940085772001, -6.163782601769461, -6.16706068900119, -6.67775042771195, -6.3586107265880045, -5.546124653791969, -6.195940085772001, -6.139966894839372, -6.46064587440127, -6.654812117609192, -5.944269227337555, -5.956369190161374, -5.956369190161374, -5.844468760468251, -5.943103907444977, -6.234011512107795, -5.464531440599496, -5.763758639661611, -5.5257039725581745, -5.616451372321105, -5.9757041351626725, -6.820146509537304, -5.698884470085721, -5.919262782503737, -7.098034423636321, -6.5061031144447385, -6.180534939371962, -5.679909059021385, -5.868616319231428, -6.25809438856087, -5.944269227337555, -6.543323514975406, -6.886499792793995, -5.813931630872166, -6.241383039474471, -5.792393701810546, -6.312747557036987, -6.188629765176115, -7.3125297452387175, -6.180534939371962, -5.826077879122938, -5.737678214109189, -6.335177603478237, -5.9757041351626725, -6.74573175966995, -6.548291498750776, -6.599813223999707, -6.727272329158356, -5.813931630872166, -5.813931630872166, -5.815800914073224, -5.584657070881628, -6.051724148613334, -6.241879687907197, -6.502747844789935, -6.727272329158356, -6.129455725240013, -7.028654595581196, -5.834691879782456, -7.099791349638825, -6.159455766296045, -6.632590763429669, -6.143293884139018, -5.807068755231052, -5.618275354800763, -6.2285394246920625, -6.053094367424377, -6.198475256575651, -6.074701095787859, -5.668497989436318, -6.217462898074031, -6.573245876691989, -6.911578266211335, -7.006167300838741, -7.195090253313617, -5.564103267931828, -5.693924760553182, -6.896489746271687, -6.005464262866634, -7.099791349638825, -6.239366646613307, -6.355000972742674, -5.887399004556569, -7.0025409737172755, -5.756517629468429, -5.620929249075823, -6.327764880216441, -5.632414249865047, -5.84395721085348, -6.413618341909945, -6.122341075626453, -6.504733404937098, -6.504733404937098, -6.216356016381396, -6.620040623744981, -6.462882089627409, -6.64393193746379, -7.197751161523763, -6.348448961711005, -6.563871574309922, -6.657162003591436, -6.607694490313905, -5.834691879782456, -6.648034598597111, -6.813132388292372, -7.16204070558076, -6.644576135029578, -6.222434782978472, -6.907872923655347, -6.383026330678245, -6.53363129854845, -7.13278233968662, -6.727272329158356, -6.617022319219982, -6.114148981680057, -6.502747844789935, -7.002468640910754, -7.086270733592458, -6.1335474301496244, -5.991357516425481, -6.502747844789935, -7.125615863012739, -6.434978438833372, -7.443104581076512, -7.018998801886675, -7.157025769837084, -6.614819134016256, -6.447427600699073, -6.77709043219064, -6.502747844789935, -7.168775299273291, -6.134910010892417, -6.613335167649754, -6.065275596063456, -5.871566181800346, -5.250682145324295, -6.277547565791231, -7.026322624464744, -6.875706004703642, -6.417392341332431, -7.253214332083578, -5.316190120678279, -6.266129011805145, -6.014231283766243, -5.250682145324295, -7.018998801886675, -6.965990752926809, -5.296985298177065, -5.857455294626852, -5.250682145324295, -6.7978059022198005, -5.250682145324295, -5.316190120678279, -5.316190120678279, -6.230749045203945, -5.803014900081534, -5.803014900081534, -5.864565766544985, -5.352813607253327, -5.864565766544985, -5.864565766544985, -5.768846628487567, -5.864565766544985, -5.70087468471776, -5.292523712702098, -5.611601514243144, -5.695181923572499, -5.7634238478878155, -5.864565766544985, -5.70087468471776, -6.429957259190439, -6.429957259190439, -6.604592008195448, -5.711724809251018, -5.9690542643860285, -5.864565766544985, -5.864565766544985, -5.6029777430018, -5.6029777430018, -4.7757542449218136, -4.7757542449218136, -5.09825381616181, -6.438444303679524, -6.438444303679524, -4.842863234141735, -5.126515224734816, -5.243860506482587, -5.126670895434452, -5.01653184846545, -5.336070616998469, -5.320800743080684, -5.126515224734816, -4.583950482585307, -5.2362481086273425]","0     -7.22
1     -6.21
2     -7.24
3     -5.92
4     -5.96
       ... 
247   -6.00
248   -3.99
249   -5.24
250   -4.77
251   -4.71
Name: Permeability, Length: 252, dtype: float64","[array([-6.47634277, -6.42569212, -5.70057953, -5.70982318, -5.74592103,
       -6.56295851, -6.21523959, -6.67004369, -6.63658235, -6.33064317,
       -6.15802596, -6.01264859, -6.20821885, -6.08646593, -5.60859649,
       -5.84228929, -6.24045532, -6.69258286, -5.60226195, -6.42857171,
       -5.85888137, -6.89416866, -5.76041668, -6.49711681, -5.74684704,
       -6.07492594, -6.03482226, -6.22839051, -6.23525063, -5.8945028 ,
       -6.42068434, -6.73696685, -5.62645723, -6.462618  , -5.94686788,
       -7.22852192, -6.00216544, -6.04628161, -5.9692603 , -5.89283041,
       -6.20060756, -6.10019836, -5.88613873, -6.49711681, -6.01821861,
       -6.66575962, -6.45791401, -5.94160652, -6.37716198, -5.94666294,
       -6.70279939, -6.73813139, -5.82441381, -5.59971403, -6.20060756,
       -5.91732723, -7.03515363, -6.45149412, -5.57585745, -6.42049462,
       -5.87507146, -6.45149412, -5.71743565, -5.44065773, -5.94818948,
       -6.90930726, -6.11825543, -5.40073253, -5.93711391, -6.19714872,
       -6.03065552, -6.80240248, -6.30463946, -6.81771767, -5.90112682,
       -5.87010685, -5.89410747, -5.91117505, -6.17361426, -6.46440718,
       -5.97018382, -5.77034489, -6.0506505 , -6.67647546, -5.98238096,
       -5.86835387, -6.7756284 , -5.97527685, -7.20591707, -7.09315029,
       -7.16836815, -7.16836815, -5.52372033, -5.84130059, -6.66542775,
       -7.11794342, -5.99134328, -6.24467263, -6.08667311, -5.94686788,
       -7.21986379, -6.83033234, -7.16836815, -5.8397476 , -6.02001148,
       -6.11895965, -5.75172693, -6.94793989, -6.53172008, -6.77541674,
       -5.6629315 , -6.07722356, -6.17361426, -6.35007932, -6.02910766,
       -6.33399072, -6.94020037, -6.35448035, -6.35448035, -5.95015642,
       -6.14622815, -6.59649997, -5.93412529, -6.80815771, -6.19073454,
       -6.21491449, -6.46862964, -6.46956923, -6.21967447, -6.46956923,
       -7.07582919, -6.99106563, -6.01921212, -5.75418926, -6.60491648,
       -6.80830851, -6.59649997, -5.96634662, -6.24467263, -6.9091422 ,
       -6.92520337, -6.38013279, -6.75501046, -7.27531023, -6.40890293,
       -5.80094649, -7.35701322, -6.15679092, -5.41409798, -5.75418926,
       -5.89911611, -7.07809392, -6.5102354 , -5.17630128, -6.75917682,
       -7.09479605, -6.56689275, -6.40217617, -6.24042717, -6.91667357,
       -6.23999082, -7.13473227, -6.24467263, -6.78046171, -6.80768914,
       -5.87938708, -6.95028146, -6.58757655, -5.91718315, -6.42049462,
       -6.7867298 , -5.17630128, -6.97728775, -6.61001228, -6.45821004,
       -6.3516154 , -5.8762044 , -5.98893756, -6.09302856, -6.11810399,
       -5.93476579, -6.24467263, -6.9150864 , -6.00320726, -5.17630128,
       -6.46956923, -6.6084708 , -7.07560152, -6.13825947, -5.78183898,
       -6.51128551, -6.63476875, -6.11817074, -5.17630128, -6.83843778,
       -6.09125694, -6.81742463, -5.71110162, -5.93290533, -6.14536419,
       -6.34321924, -6.53109444, -6.83033234, -5.55683935, -6.33057201,
       -6.18815503, -5.27254342, -6.70061929, -5.98483299, -5.36651713,
       -5.73202105, -6.58172701, -5.59376076, -5.99026727, -5.59376076,
       -5.98483299, -5.72633712, -6.32615735, -5.44695245, -5.18676863,
       -5.8931338 , -6.15266799, -6.12863264, -6.12863264, -5.99026727,
       -5.99026727, -5.99026727, -5.97048991, -5.99026727, -6.35743852,
       -5.99026727, -6.08800647, -5.59474196, -6.27055808, -4.59752811,
       -4.93143967, -4.62906479, -4.93143967, -6.36972022, -4.65696771,
       -4.492728  , -4.89383224, -5.29857638, -5.0495526 , -5.01158817,
       -4.94033857, -5.1677823 , -4.58070023, -4.57891415, -4.90707905,
       -4.84624713, -4.56072312]), array([-6.57035901, -6.65015223, -5.89178436, -5.65973369, -5.84827171,
       -6.7893489 , -5.96113888, -6.99928827, -6.31367417, -6.40603397,
       -6.05982944, -6.06604873, -6.4689357 , -6.02302075, -5.72598334,
       -5.82937284, -6.27942328, -6.85237357, -5.74896824, -6.43161274,
       -5.79188122, -6.70416218, -5.62608648, -6.30823701, -5.76483278,
       -5.99063463, -6.13740107, -5.99657921, -6.24844335, -5.99433996,
       -6.75252105, -6.63721627, -5.57015027, -6.14899372, -5.98191875,
       -6.77465672, -6.03680586, -6.12865395, -5.99303058, -5.84427699,
       -6.17914561, -6.10689825, -6.11218386, -6.30823701, -6.35248703,
       -6.76150029, -6.39875121, -5.87778891, -6.2719809 , -5.89369662,
       -6.52082413, -6.79969065, -5.77086622, -5.59823895, -6.17914561,
       -6.10384372, -6.85543676, -6.34497767, -5.50105231, -6.65040629,
       -6.10996015, -6.34497767, -5.89844868, -5.59739833, -5.81126043,
       -6.78008047, -6.16688347, -5.5240834 , -6.12627024, -6.04926544,
       -6.00188754, -6.52829812, -6.11483666, -6.90260564, -5.8175651 ,
       -5.86565711, -5.8539998 , -5.9111564 , -6.25756897, -6.37879643,
       -6.15881705, -5.69711833, -6.0990852 , -6.48971741, -5.92394297,
       -5.74158178, -6.87340939, -5.93028349, -7.21141124, -7.13422398,
       -7.03097362, -7.03097362, -5.52532099, -5.8267844 , -6.60050219,
       -6.95785608, -6.00496889, -6.35637759, -6.00280876, -5.98191875,
       -7.32754016, -6.89756242, -7.03097362, -5.73217737, -5.89991979,
       -6.15514091, -5.6118383 , -7.01879618, -6.70662222, -6.79993855,
       -5.60967359, -6.15026379, -6.25756897, -6.40759327, -6.08036064,
       -6.44488448, -7.0422235 , -6.55577934, -6.55577934, -5.74238194,
       -6.15995235, -6.33625932, -6.24162661, -6.89519735, -6.1663302 ,
       -6.33859088, -6.57636094, -6.51143299, -6.21951977, -6.51143299,
       -7.08641567, -6.83279005, -6.34926933, -5.77117816, -6.59408779,
       -6.94153427, -6.33625932, -6.02088677, -6.31480613, -6.66135114,
       -7.17063836, -6.46721928, -6.74715921, -7.23279918, -6.70404654,
       -5.92682004, -7.19876883, -6.11949912, -5.72828078, -5.77117816,
       -6.00286526, -7.10353242, -6.54710896, -5.25149849, -6.95657903,
       -6.8924428 , -6.62567909, -6.72913195, -6.19110146, -6.82396978,
       -6.15628564, -7.20951117, -6.31480613, -6.82356728, -6.7683217 ,
       -5.8919846 , -6.63887959, -6.48409039, -5.99750224, -6.65040629,
       -6.89820148, -5.25149849, -6.93987735, -6.62985042, -6.40270471,
       -6.52090624, -5.76474884, -5.90439139, -5.80438238, -6.26057189,
       -5.82988991, -6.31480613, -6.92958419, -6.39861321, -5.25149849,
       -6.51143299, -6.77000651, -6.9968961 , -6.22111823, -5.57258387,
       -6.65437532, -6.82396376, -6.13965123, -5.25149849, -6.60115223,
       -6.04386917, -6.93861954, -5.64256703, -6.02911152, -6.35808894,
       -6.24072156, -6.37110829, -6.89756242, -5.55904145, -6.15384956,
       -6.13141209, -5.26043354, -6.52077353, -5.83081142, -5.30602339,
       -5.35625585, -6.49762331, -5.35625585, -5.85192388, -5.35625585,
       -5.83081142, -5.47333728, -6.39445237, -5.43730186, -5.33928026,
       -5.65239177, -5.03697633, -5.74366351, -5.74366351, -5.85192388,
       -5.85192388, -5.85192388, -6.20384576, -5.85192388, -5.91660767,
       -5.85192388, -6.21789852, -5.67550534, -6.446787  , -4.54452823,
       -5.06246739, -4.54452823, -5.06246739, -6.31349009, -4.54452823,
       -4.52166297, -4.77689549, -5.28254865, -5.06469767, -5.16897129,
       -5.0760289 , -5.25224979, -4.54452823, -4.561633  , -4.90139185,
       -4.87763401, -4.73259315]), array([-6.48060379, -6.46177017, -5.75030767, -5.73244432, -5.63198266,
       -6.84580926, -5.93918443, -6.9368782 , -6.3731724 , -6.39344434,
       -6.23614374, -5.98649874, -6.38627345, -6.02498464, -5.62064279,
       -5.99024504, -6.41099961, -6.85160621, -5.61527807, -6.44306131,
       -6.08079692, -6.85628601, -5.63840612, -6.16613227, -5.71700905,
       -6.02739604, -6.04966461, -6.0829152 , -6.39682948, -5.95222681,
       -6.82574294, -6.82665617, -5.8955893 , -6.47070497, -5.99029913,
       -7.05023614, -6.0340707 , -5.93622702, -5.90798756, -5.71073037,
       -6.36448792, -6.058777  , -5.9419078 , -6.16613227, -5.74922522,
       -6.67814166, -6.4764582 , -5.7383428 , -6.03664645, -6.14085002,
       -6.54868898, -6.79913187, -5.73031719, -5.57291636, -6.36448792,
       -6.01726559, -7.07364652, -6.42562808, -5.53345352, -6.72669666,
       -5.84270932, -6.42562808, -5.83933587, -5.48201343, -5.92973197,
       -6.72332192, -6.38130542, -5.39031029, -6.12771758, -6.29467645,
       -6.03697763, -6.72701277, -6.16738756, -6.85506386, -5.79438014,
       -5.91851235, -5.89917115, -5.87263859, -6.35871765, -6.51494546,
       -6.06793631, -5.82303245, -6.15254428, -6.51795039, -5.92225749,
       -5.78923283, -6.84596322, -6.0862287 , -7.21046889, -7.15599158,
       -7.08999024, -7.08999024, -5.532093  , -5.80015884, -6.46328748,
       -7.04835077, -6.02907382, -6.42710896, -5.98969706, -5.99029913,
       -7.29056009, -6.78131674, -7.08999024, -5.74524426, -5.85085422,
       -5.80161359, -5.61435926, -7.06663503, -6.68048831, -6.96224321,
       -5.56332245, -6.12606439, -6.35871765, -5.94477453, -6.01180981,
       -6.16228918, -7.0797962 , -6.74787874, -6.74787874, -5.94391373,
       -6.14267091, -6.46114331, -6.20134209, -7.07968853, -6.36305352,
       -5.99701781, -6.61347681, -6.63048048, -6.21196599, -6.63048048,
       -6.95171048, -7.05977201, -6.37845613, -5.868147  , -6.63388782,
       -6.78343122, -6.46114331, -5.81935027, -6.40405416, -6.83253357,
       -7.17885577, -6.2939252 , -6.79324496, -7.20459137, -6.52126465,
       -5.92483716, -7.27089438, -6.31990891, -5.80944883, -5.868147  ,
       -5.9571534 , -7.09519303, -6.42521829, -5.2614265 , -7.03447318,
       -6.75936219, -6.37651818, -6.71590031, -6.3223379 , -6.87224884,
       -6.16924171, -7.36968289, -6.40405416, -6.88384973, -6.8147011 ,
       -6.01572444, -6.93531822, -6.68717443, -6.03369634, -6.72669666,
       -6.92044645, -5.2614265 , -7.00975722, -6.78091895, -6.34001646,
       -6.26051835, -5.7231524 , -5.93512405, -6.16133744, -6.06789164,
       -5.89205034, -6.40405416, -6.95123278, -6.08201931, -5.2614265 ,
       -6.63048048, -6.88431182, -6.99298334, -6.18187509, -5.52766324,
       -6.65417585, -6.91889395, -6.01062739, -5.2614265 , -6.910491  ,
       -5.89269144, -6.98570507, -5.5560633 , -5.71022912, -6.12309071,
       -6.16290918, -6.37508752, -6.78131674, -5.61939953, -5.81871202,
       -6.14883413, -5.37682488, -6.69838476, -5.80411659, -5.27948739,
       -6.00638545, -6.29483632, -5.82147041, -5.80589265, -5.61609265,
       -5.80411659, -5.53825408, -6.2701647 , -5.24836441, -5.32242712,
       -5.56704443, -5.73859649, -6.05849585, -6.05849585, -5.80589265,
       -5.80589265, -5.80589265, -6.23998092, -5.80589265, -5.9919853 ,
       -5.80589265, -6.14690633, -5.64806863, -6.28102913, -4.87024816,
       -5.09628197, -4.90110596, -5.09628197, -6.30268739, -4.76861446,
       -4.50493714, -4.82076165, -5.26009188, -4.97491973, -5.07417466,
       -4.95187713, -5.16769115, -4.56947081, -4.54423396, -4.88290825,
       -4.84377405, -4.60276189]), array([-6.47423106, -6.44766611, -5.77417541, -5.66926336, -5.82279118,
       -7.00825485, -5.83940454, -7.02658023, -6.34828614, -6.36556285,
       -6.06175764, -6.0488328 , -6.08933518, -5.96458678, -5.8107884 ,
       -5.78198138, -6.24674744, -6.75294408, -5.51874135, -6.54060965,
       -6.04879914, -6.64615749, -5.74002455, -6.20270984, -5.88385423,
       -6.01585162, -6.22891594, -5.97762114, -6.26995377, -5.92696337,
       -6.84097814, -6.33161326, -5.69182187, -6.47296076, -5.84928843,
       -7.09843766, -6.25901198, -6.23087402, -5.96684507, -6.14908461,
       -6.23699545, -6.02285478, -5.99052661, -6.20270984, -5.97696615,
       -6.70693128, -6.54043952, -5.83698707, -6.14064693, -6.01996735,
       -6.73292076, -6.63538356, -5.92267539, -5.67764719, -6.23699545,
       -5.92367831, -7.00283723, -6.35651133, -5.58284085, -6.6898859 ,
       -5.91865539, -6.35651133, -5.85696201, -5.49816958, -5.93004297,
       -6.83995721, -6.1209096 , -5.61003459, -6.00151189, -6.38358268,
       -6.07154562, -6.82056348, -5.96322585, -6.95778472, -5.85310175,
       -5.81949301, -5.87952073, -5.88000589, -6.39015403, -6.57290003,
       -6.0759254 , -5.85605813, -5.98219512, -6.51564937, -5.87303861,
       -5.80902878, -6.95242935, -5.86392484, -7.15263562, -7.13203486,
       -7.19556878, -7.19556878, -5.5270839 , -5.73349284, -6.43324445,
       -7.02933481, -5.95600519, -6.3819645 , -5.96056198, -5.84928843,
       -7.30053176, -6.84572845, -7.19556878, -5.71027579, -5.90806359,
       -6.18125146, -5.60227998, -7.10882626, -6.61249191, -6.96163224,
       -5.6297324 , -6.41044662, -6.39015403, -6.04852995, -6.18820017,
       -6.62676893, -7.0354654 , -6.57276557, -6.57276557, -5.91233363,
       -6.09755014, -6.44562433, -6.18629184, -6.85100857, -6.23329672,
       -6.3007314 , -6.59456318, -6.68054448, -6.13804398, -6.68054448,
       -7.22116238, -7.04003863, -6.09683864, -5.89243917, -6.70425784,
       -6.75003985, -6.44562433, -5.85806592, -6.30723891, -6.59555821,
       -7.08605894, -5.88805442, -6.40924834, -7.36760034, -6.4380666 ,
       -5.90886428, -7.27494361, -6.24028802, -6.04425549, -5.89243917,
       -6.02179453, -7.06363073, -6.75767453, -5.27512444, -7.07489184,
       -6.80748293, -6.60095994, -6.45417266, -6.38597269, -6.80835669,
       -5.99677801, -7.22839558, -6.30723891, -6.78078441, -6.66699229,
       -6.2066301 , -6.68295826, -6.56586163, -6.00070341, -6.6898859 ,
       -6.70213713, -5.27512444, -6.94576161, -6.66270255, -6.32043028,
       -6.58903115, -5.79040162, -5.8818661 , -6.08315214, -6.24215721,
       -5.85311758, -6.30723891, -6.78015849, -6.15835635, -5.27512444,
       -6.68054448, -6.92477904, -7.10309284, -6.07911474, -5.67010129,
       -6.49256412, -6.67088644, -6.16738425, -5.27512444, -6.89030171,
       -5.80458445, -6.8887171 , -5.46995926, -5.91199312, -6.05906287,
       -6.01579119, -6.1631203 , -6.84572845, -5.52645693, -5.89737821,
       -6.01792825, -5.26786354, -6.63335812, -5.71485525, -5.31640166,
       -5.55857097, -6.34113777, -5.54811046, -5.85854151, -5.45129575,
       -5.71485525, -5.38076507, -6.0747332 , -5.37626027, -5.25895548,
       -5.63866909, -5.28938855, -5.6333309 , -5.6333309 , -5.85854151,
       -5.85854151, -5.85854151, -6.19646343, -5.85854151, -6.20523615,
       -5.85854151, -6.11820434, -5.56102865, -6.47525544, -4.48594762,
       -5.09580866, -4.56592884, -5.09580866, -6.22856592, -4.61316621,
       -4.5948464 , -4.81033013, -5.11516987, -4.96195772, -4.95556942,
       -4.87379611, -5.33315074, -4.6027057 , -4.55739302, -4.87483928,
       -4.86541027, -4.83289882]), array([-6.50274784, -6.48770134, -5.77500156, -5.81830482, -5.77950958,
       -6.87878847, -6.04261167, -6.9953826 , -6.25642636, -6.55149618,
       -6.03430474, -5.97902552, -5.99804241, -5.99135752, -5.71609931,
       -5.90689432, -6.43209384, -6.99982745, -5.53170245, -6.56485032,
       -5.86561477, -6.62966232, -5.75647336, -6.38044148, -5.75908685,
       -6.06446133, -6.18264425, -6.13101731, -6.16706069, -5.85358465,
       -6.67775043, -6.48473911, -5.78633896, -6.39719728, -5.91075658,
       -6.79538673, -6.01445835, -6.04071846, -5.94485692, -6.01174558,
       -6.18053494, -6.18695838, -5.94426923, -6.38044148, -6.08684388,
       -6.67339893, -6.43917303, -5.97570414, -6.06967404, -6.21801244,
       -6.79278031, -6.83093082, -5.78250408, -5.62510715, -6.18053494,
       -6.05309437, -6.85650359, -6.36075721, -5.66654478, -6.60607757,
       -5.85868716, -6.36075721, -5.73219597, -5.58465707, -5.91926278,
       -6.727001  , -6.15229429, -5.45070418, -5.96995096, -6.31105253,
       -6.06705183, -6.81203793, -5.92946822, -6.80985054, -5.84552911,
       -5.84507603, -5.81580091, -5.7923937 , -6.39393403, -6.60114466,
       -6.24171127, -5.89372572, -6.13784448, -6.5139824 , -5.87172   ,
       -5.78526642, -6.88554351, -5.74452026, -7.18798948, -7.05499666,
       -7.12911885, -7.12911885, -5.50014583, -5.62502043, -6.71835983,
       -6.99862827, -5.97755551, -6.48810646, -6.08337699, -5.91075658,
       -7.22962811, -6.84101871, -7.12911885, -5.8248447 , -5.84031746,
       -5.88682581, -5.58318395, -6.96308905, -6.62004062, -6.90501715,
       -5.65470122, -6.28505669, -6.39393403, -6.09243141, -6.21560457,
       -6.27154191, -6.96457635, -6.60727286, -6.60727286, -5.81568962,
       -6.32776488, -6.52643635, -6.18608287, -6.875706  , -6.32634386,
       -6.23059109, -6.58244452, -6.57413388, -6.46288209, -6.57413388,
       -7.27749585, -7.00423204, -6.29453656, -5.84167978, -6.66639588,
       -6.8783167 , -6.52643635, -5.78955801, -6.4474276 , -6.86048963,
       -7.07149628, -6.20296236, -6.84661687, -7.23833457, -6.25178074,
       -5.65675017, -7.19775116, -6.11184803, -5.61825342, -5.84167978,
       -6.16480241, -7.01659827, -6.46890979, -5.25068215, -6.97492037,
       -6.81830019, -6.60997928, -6.29631326, -6.26485611, -6.91157827,
       -5.86197569, -7.20766654, -6.4474276 , -7.0189988 , -6.77709043,
       -6.12234108, -6.87326388, -6.5898237 , -5.9733577 , -6.60607757,
       -6.78768321, -5.25068215, -6.94486185, -6.6513491 , -6.39875408,
       -6.41620321, -5.74145703, -5.77337544, -6.26899245, -6.15413268,
       -5.86582335, -6.4474276 , -6.93864955, -6.05672239, -5.25068215,
       -6.57413388, -6.72010589, -6.99213914, -6.01423128, -5.90636326,
       -6.56465477, -6.7978059 , -6.07886884, -5.25068215, -6.79072817,
       -5.87156618, -6.92722427, -5.75583905, -5.8583001 , -6.12785986,
       -5.85798033, -6.25194793, -6.84101871, -5.58264257, -5.79583652,
       -6.02604117, -5.42509388, -6.23074905, -5.8030149 , -5.35281361,
       -5.46846559, -6.14769701, -5.41375871, -5.86456577, -5.39243999,
       -5.8030149 , -5.61160151, -6.43583925, -5.69518192, -5.40049349,
       -6.0457362 , -6.28203189, -5.98175746, -5.98175746, -5.86456577,
       -5.86456577, -5.86456577, -6.29586268, -5.86456577, -5.8344698 ,
       -5.86456577, -5.89186174, -5.60297774, -6.16528554, -4.59823472,
       -5.09825382, -4.59823472, -5.09825382, -6.4384443 , -4.63432904,
       -4.77575424, -4.86639065, -5.33607062, -5.01653185, -5.02802817,
       -4.87313023, -5.19330836, -4.58395048, -4.84286323, -4.96971576,
       -4.99709748, -4.84881324])]","[-6.50085689 -6.49459639 -5.77836971 -5.71791387 -5.76569523 -6.817032
 -5.99951582 -6.9256346  -6.38562828 -6.4094361  -6.1100123  -6.01861088
 -6.23016112 -6.01808312 -5.69642207 -5.87015657 -6.3219439  -6.82986684
 -5.60339041 -6.48174115 -5.92919468 -6.74608733 -5.70428144 -6.31092748
 -5.77432599 -6.03465391 -6.12668963 -6.08330468 -6.26350758 -5.92432352
 -6.70353538 -6.60343833 -5.71407153 -6.39049495 -5.93582615 -6.98944784
 -6.06930247 -6.07655101 -5.95639609 -5.92173359 -6.23235429 -6.09513735
 -5.97500524 -6.31092748 -6.03674818 -6.69714635 -6.46254719 -5.87408589
 -6.17922206 -6.04383787 -6.65960271 -6.76065366 -5.80615534 -5.61472474
 -6.23235429 -6.00304184 -6.96471555 -6.38787368 -5.57194978 -6.61871221
 -5.9210167  -6.38787368 -5.80887564 -5.52057923 -5.90769753 -6.79593357
 -6.18792964 -5.475173   -6.03251292 -6.24714517 -6.04162363 -6.73806296
 -6.09591155 -6.86860449 -5.84234058 -5.86376907 -5.86852001 -5.87347392
 -6.31479779 -6.50643875 -6.10291477 -5.8080559  -6.08446391 -6.54275501
 -5.91466801 -5.79869274 -6.86659477 -5.92004683 -7.19368446 -7.11407948
 -7.12280393 -7.12280393 -5.52167281 -5.76535142 -6.57616434 -7.03042267
 -5.99178934 -6.37964603 -6.02462358 -5.93582615 -7.27362478 -6.83919173
 -7.12280393 -5.77045794 -5.90383331 -6.02875828 -5.63267768 -7.02105728
 -6.63027263 -6.88084958 -5.62407223 -6.20981101 -6.31479779 -6.1686817
 -6.10501657 -6.36789504 -7.01245236 -6.56763537 -6.56763537 -5.87289507
 -6.17483329 -6.47319265 -6.14989374 -6.90195163 -6.25595177 -6.21636913
 -6.56709502 -6.57323221 -6.25041726 -6.57323221 -7.12252272 -6.98557967
 -6.22766256 -5.82552667 -6.64070916 -6.83232611 -6.47319265 -5.89084152
 -6.34363988 -6.77181495 -7.08645054 -6.24645881 -6.71025596 -7.26372714
 -6.46481229 -5.84364363 -7.25987424 -6.189667   -5.7228673  -5.82552667
 -6.00914634 -7.07140967 -6.54182939 -5.24300657 -6.96000825 -6.87447683
 -6.55600585 -6.51953887 -6.28093907 -6.86656543 -6.08485437 -7.22999769
 -6.34363988 -6.85753239 -6.76695893 -6.02321346 -6.81614028 -6.58290534
 -5.98448857 -6.61871221 -6.81903962 -5.24300657 -6.96350916 -6.66696666
 -6.38402311 -6.42765487 -5.77919286 -5.89673891 -6.08217859 -6.16857148
 -5.87512939 -6.34363988 -6.90294228 -6.13978371 -5.24300657 -6.57323221
 -6.78153481 -7.03214259 -6.12691976 -5.69171013 -6.57541111 -6.76926376
 -6.10294049 -5.24300657 -6.80622218 -5.94079364 -6.91153812 -5.62710605
 -5.88850784 -6.16269331 -6.1241243  -6.3384717  -6.83919173 -5.56887597
 -5.99926966 -6.10247413 -5.32055185 -6.55677695 -5.82752623 -5.32424864
 -5.62433978 -6.37260428 -5.54667124 -5.87423822 -5.481969   -5.82752623
 -5.54605901 -6.30026937 -5.44081218 -5.301585   -5.75939506 -5.69993225
 -5.90917607 -5.90917607 -5.87423822 -5.87423822 -5.87423822 -6.18132854
 -5.87423822 -6.06114749 -5.87423822 -6.09257548 -5.61646446 -6.32778304
 -4.61929737 -5.0568503  -4.64777251 -5.0568503  -6.33058159 -4.64352113
 -4.57798575 -4.83364203 -5.25849148 -5.01353191 -5.04766634 -4.94303419
 -5.22283647 -4.57627109 -4.61700747 -4.90718684 -4.88603259 -4.71555804]","[0.03620548 0.08034049 0.06281816 0.05675692 0.07555095 0.14596429
 0.12581119 0.13109752 0.13145194 0.0756063  0.07588533 0.0340513
 0.1763955  0.04080278 0.07456078 0.07209114 0.08266417 0.10452728
 0.08202454 0.05866619 0.11413135 0.10896816 0.05934095 0.12015208
 0.05719985 0.03115836 0.07492442 0.09166991 0.07502489 0.04812718
 0.15290152 0.17707365 0.11580667 0.1239385  0.05163529 0.17693239
 0.09571026 0.09840867 0.02861221 0.14909589 0.06928939 0.05503068
 0.07615285 0.12015208 0.19431278 0.035064   0.04668721 0.08330849
 0.12775056 0.12025249 0.10633824 0.0694884  0.06552316 0.03553047
 0.06928939 0.07282054 0.09157775 0.04250158 0.05583997 0.10693989
 0.09780919 0.04250158 0.07142058 0.06063679 0.04910866 0.07080557
 0.09844104 0.08236706 0.07978771 0.11542495 0.0255451  0.11003781
 0.13736316 0.05537876 0.03604392 0.03271195 0.03067692 0.04349416
 0.08611386 0.07939508 0.09160672 0.06869803 0.06212963 0.0676343
 0.04075833 0.04120904 0.05739967 0.11378121 0.02219474 0.03581517
 0.05817258 0.05817258 0.0111245  0.07932415 0.11130779 0.05340277
 0.02468659 0.08097038 0.05118934 0.05163529 0.04181772 0.03709773
 0.05817258 0.05192687 0.06383044 0.15433895 0.06052474 0.06081497
 0.06080186 0.07924331 0.03571575 0.12170075 0.08611386 0.17909149
 0.08271251 0.15852461 0.05189138 0.12622262 0.12622262 0.08108576
 0.07929044 0.08682802 0.10977463 0.09350653 0.07645181 0.11863771
 0.05083831 0.07662801 0.11058692 0.07662801 0.1152452  0.08024083
 0.14322397 0.05403237 0.04049553 0.06896396 0.08682802 0.08838142
 0.07262604 0.1213898  0.09148852 0.19960091 0.15456512 0.05660772
 0.14808344 0.10441901 0.05895364 0.07948031 0.20837399 0.05403237
 0.08858686 0.03068224 0.11535215 0.03450065 0.10891342 0.11811749
 0.0917853  0.17341482 0.06740415 0.04420844 0.13691115 0.07682239
 0.07262604 0.08916028 0.0529832  0.12761746 0.13009162 0.06480218
 0.03874944 0.10693989 0.08030353 0.03450065 0.02664542 0.05978065
 0.04909244 0.11712035 0.05349772 0.07137551 0.15391877 0.07317214
 0.03594594 0.07262604 0.06251418 0.13872757 0.03450065 0.07662801
 0.11396455 0.04753663 0.07349291 0.13839694 0.06860123 0.10388738
 0.05446795 0.03450065 0.11070045 0.10855688 0.05631757 0.1035458
 0.10486935 0.10198113 0.17068711 0.12469472 0.03709773 0.03092935
 0.2088177  0.06829037 0.0675141  0.17561236 0.08786327 0.03162242
 0.22717634 0.1529597  0.16227005 0.06159826 0.10511578 0.08786327
 0.11787067 0.12624791 0.14557272 0.07299081 0.1804996  0.48028351
 0.18932016 0.18932016 0.06159826 0.06159826 0.06159826 0.11112802
 0.06159826 0.19266959 0.06159826 0.10919837 0.04052539 0.1164269
 0.13211087 0.06410341 0.12987654 0.06410341 0.07020484 0.07298584
 0.10504656 0.04153276 0.07582574 0.04018761 0.07153561 0.0740993
 0.06321117 0.01913757 0.11347081 0.03340441 0.05692081 0.11705796]"
1,DecisionTreeRegressor,"[-7.77, -7.5, -7.5, -5.96, -6.055, -6.39, -6.615, -6.28, -7.14, -6.03, -6.74, -5.74, -5.96, -5.96, -6.47, -5.54, -5.51, -5.8100000000000005, -6.47, -6.96, -7.02, -6.0, -5.92, -5.7848447724, -6.66, -6.48, -6.5, -5.68, -6.72, -6.873333333333334, -5.8, -5.74, -5.54, -5.835, -5.805, -5.89, -5.59, -5.3, -5.82, -7.11, -5.75, -6.695, -7.006666666666667, -5.7848447724, -5.835, -5.96, -6.96, -7.77, -5.54, -6.26, -5.87, -5.54, -6.07, -6.542857142857143, -6.2125, -5.52, -6.2125, -5.92, -6.74, -5.3, -5.92, -6.2125, -6.39, -6.2153366034, -5.475, -5.623333333333334, -6.695, -6.89, -5.96, -5.96, -6.34, -7.6, -5.4, -7.19, -7.15490196, -5.725, -6.72, -6.42, -7.02, -6.9319999999999995, -5.52, -5.59, -6.54, -7.28, -6.542857142857143, -5.92, -5.72, -6.82, -6.42, -5.96, -6.695, -5.725, -5.6, -5.85, -5.96, -5.25, -7.21, -6.542857142857143, -5.66, -6.47, -7.260000000000001, -6.47, -5.96, -6.9, -5.54, -7.54, -5.92, -5.48, -6.38, -6.47, -7.24, -7.0249999999999995, -6.47, -5.790484985, -6.2153366034, -7.14, -7.38, -5.96, -5.87, -6.542857142857143, -5.82, -7.38, -5.96, -6.96, -7.22, -7.07, -6.9319999999999995, -6.19, -6.9319999999999995, -6.836666666666666, -6.542857142857143, -7.14, -7.0249999999999995, -5.59, -6.708333333333333, -7.27, -6.2125, -7.11, -7.11, -7.11, -6.82, -6.04, -5.92, -6.52, -7.21, -7.25, -6.43, -5.4350000000000005, -6.623333333333332, -6.623333333333332, -5.96, -6.0, -6.756666666666667, -7.66, -5.267142857142857, -5.42, -6.8, -6.24, -5.48, -6.9319999999999995, -6.623333333333332, -6.0, -5.267142857142857, -5.614999999999999, -5.614999999999999, -5.82, -5.176666666666667, -4.97, -5.89, -5.3, -5.614999999999999, -4.97, -5.959444444444444, -4.93, -5.04, -6.0280000000000005, -6.77, -7.57, -5.8585714285714285, -6.609999999999999, -7.22, -5.8585714285714285, -6.3660000000000005, -5.89, -5.72, -6.24, -5.72, -6.77, -5.415000000000001, -6.24, -6.04, -6.04, -4.38, -4.911897748666667, -4.911897748666667, -4.735454545454545, -5.54, -5.15, -4.74, -4.74, -5.41, -5.21, -7.293333333333334, -7.293333333333334, -7.11, -5.759450752, -6.28, -6.54, -6.48, -5.47, -7.25, -7.25, -6.77, -5.89, -5.62, -5.734999999999999, -5.9399999999999995, -5.845, -6.835, -5.89, -5.6066666666666665, -5.68, -5.7, -5.62, -6.77, -5.7, -5.869999999999999, -5.55, -6.51, -5.72, -5.92, -5.835, -6.27, -6.92, -5.72, -7.1, -7.35, -6.9, -6.004364805, -6.51, -6.223333333333333, -7.09, -5.904999999999999, -5.74, -5.8075, -6.01, -7.045757491, -7.165, -6.2214158316666675, -5.96, -5.99510404275, -5.92, -5.6066666666666665, -6.9, -6.89, -5.92, -6.855, -5.6066666666666665, -5.99510404275, -5.72, -5.34, -5.359999999999999, -5.52, -5.66, -6.21, -5.7, -5.64, -5.662, -6.853871964, -7.045757491, -6.320298831, -6.320298831, -5.38, -6.153333333333333, -7.1000000000000005, -7.096910013, -6.34, -5.82, -5.38, -5.96, -7.375, -7.096910013, -7.3100000000000005, -5.96, -6.956666666666666, -5.89, -5.89, -6.06, -5.54, -5.72, -7.2, -7.07, -5.03, -5.66, -7.045757491, -6.1, -6.85, -7.6, -6.484999999999999, -7.3100000000000005, -5.8, -6.96, -6.115, -5.96, -5.47, -5.756961951, -5.99510404275, -6.956666666666666, -6.74, -5.756961951, -7.744999999999999, -7.096910013, -6.44, -6.48, -5.66, -6.455931956, -7.096910013, -6.215, -5.805, -6.96, -6.553333333333334, -7.19, -6.6125, -6.7, -6.553333333333334, -5.77, -7.3100000000000005, -6.153333333333333, -5.76, -7.19, -6.153333333333333, -6.6125, -6.6125, -5.725, -6.2, -7.15, -7.19, -5.3357142857142845, -6.38, -6.115, -7.3100000000000005, -6.68, -6.54, -7.11, -5.05, -7.24, -6.85, -7.47, -5.3357142857142845, -7.11, -5.805, -6.89, -7.23, -7.2, -7.031666666666666, -5.55, -6.48, -5.68, -6.629999999999999, -7.0840000000000005, -7.031666666666666, -6.68, -6.0, -7.2, -5.605, -5.494, -5.3357142857142845, -5.494, -5.21, -6.105, -6.105, -5.895294117647058, -4.66, -5.7475000000000005, -5.7475000000000005, -5.9925, -5.9925, -5.9350000000000005, -5.98, -5.895294117647058, -5.455, -5.32, -7.41, -4.859999999999999, -4.859999999999999, -3.935, -4.859999999999999, -5.25, -5.32, -5.15, -5.45, -5.45, -5.05, -5.05, -5.05, -5.32, -5.0918462884, -4.91721463, -4.859999999999999, -3.68, -4.859999999999999, -6.0, -6.0, -6.0, -6.89, -7.05, -5.96, -5.96, -5.805, -5.64, -5.66, -5.38, -5.68, -5.852499999999999, -6.8, -6.408935393, -5.64, -5.92, -5.46, -5.96, -7.15, -5.77, -5.6475, -5.62, -7.33, -6.366507876, -6.8, -5.74, -5.59, -5.92, -5.852499999999999, -7.15, -5.8564823378333335, -5.92, -6.8, -7.006666666666667, -5.734999999999999, -5.59, -7.14, -6.41, -5.74, -6.3, -5.645, -5.615, -7.0, -5.47, -6.03, -5.94, -6.835, -6.366507876, -6.836666666666666, -6.62, -6.06, -7.0, -5.96, -6.18, -6.3331472556, -7.85, -6.56, -6.55, -6.535, -5.85, -5.96, -7.43, -6.669999999999999, -6.6, -5.77, -5.3, -6.52, -6.366507876, -5.24, -5.3, -6.08, -6.66, -6.5649999999999995, -5.49, -7.85, -6.761666666666666, -5.89, -5.59, -7.02, -6.74, -6.89, -5.585999999999999, -5.35, -6.669999999999999, -5.8, -7.1, -6.48, -7.43, -5.6, -6.535, -5.96, -5.64, -5.64, -7.12, -6.14, -6.41, -5.62, -5.92, -6.89, -7.096910013, -6.004364805, -5.96, -5.37, -6.596666666666667, -6.596666666666667, -5.41, -6.37, -5.6, -7.13, -6.958607315, -5.82, -6.59, -5.645, -6.0, -5.47, -7.1, -6.96, -6.8, -5.41, -5.773333333333333, -7.43, -6.8, -6.59, -5.96, -7.08, -6.56, -6.766666666666667, -6.14, -7.89, -5.62, -6.59, -6.654999999999999, -6.74, -7.51, -7.41, -5.75, -7.14, -6.080921908, -6.57, -6.52, -6.766666666666667, -7.85, -6.975714285714285, -6.975, -6.779999999999999, -6.29, -6.56, -7.19, -6.0375, -6.975, -6.7, -5.359999999999999, -6.7, -5.46, -5.85, -5.276250000000001, -6.285, -5.92, -6.975, -5.92, -5.82, -5.89, -6.92, -7.17, -6.975714285714285, -5.96, -5.64, -6.54, -5.613999999999999, -5.31, -5.43, -5.613999999999999, -4.84, -5.89, -5.820666666666666, -6.0649999999999995, -6.41, -5.6375, -5.11, -5.845, -6.298, -5.6375, -5.6375, -5.820666666666666, -5.820666666666666, -5.820666666666666, -6.24, -5.26, -6.96, -5.4375, -4.08, -5.179615588333333, -5.64, -5.179615588333333, -6.37, -4.095, -4.615454545454545, -4.94, -5.51, -4.615454545454545, -4.615454545454545, -4.92, -4.975, -7.6, -7.626666666666668, -7.52, -7.626666666666668, -5.85, -6.66, -6.48, -5.72, -5.82, -6.74, -6.68, -5.74, -6.85, -7.15, -6.85, -5.64, -5.723333333333333, -5.72, -5.82, -5.9399999999999995, -6.96, -5.64, -5.869999999999999, -5.47, -6.54, -7.14, -6.2299999999999995, -6.82, -5.74, -5.74, -5.46, -5.869999999999999, -5.92, -5.869999999999999, -6.2359506678, -5.49, -5.41, -5.72, -5.91, -5.8, -5.91, -5.24, -6.48, -5.8505674758, -5.89, -5.76, -5.49, -5.64, -5.59, -7.074999999999999, -5.42, -5.72, -5.671999999999999, -5.7, -6.68, -5.63, -6.74, -5.38, -5.96, -5.51, -5.475, -6.18, -5.72, -6.535, -6.96, -5.92, -5.92, -6.24, -6.44, -6.24, -6.2906865694, -5.89, -5.91, -6.82, -5.9825, -5.51, -6.965, -5.96, -6.92, -5.64, -5.475, -5.47, -5.47, -5.39, -5.671999999999999, -5.96, -6.17, -5.8, -5.96, -5.6, -5.475, -6.64, -7.52, -7.129818655499999, -6.7299999999999995, -6.34, -5.72, -5.475, -5.85, -6.24, -6.31, -5.51, -6.24, -7.19, -6.13, -6.2308388335, -6.31, -6.31, -7.41, -6.13, -7.129818655499999, -6.64, -5.59, -6.958607315, -6.636, -5.54, -5.49, -6.26, -5.48, -7.034000000000001, -7.14, -7.74, -5.96, -6.34, -7.21, -7.19, -6.871666666666667, -6.605, -7.15, -7.034000000000001, -6.508888888888889, -5.1975, -7.034000000000001, -7.04, -7.48, -5.99, -7.49, -6.72, -7.68, -5.32, -7.64, -4.84, -6.2299999999999995, -5.72, -5.92, -7.34, -5.1975, -6.24, -7.34, -7.24, -7.24, -4.84, -7.06, -7.16, -6.96, -6.96, -5.76, -5.1975, -6.605, -6.74, -6.96, -5.373749999999999, -6.0, -5.24, -5.373749999999999, -4.904999999999999, -4.904999999999999, -6.0, -5.922142857142857, -5.692, -5.13, -5.571428571428571, -4.41, -5.922142857142857, -5.13, -5.13, -5.699285714285714, -5.875, -5.699285714285714, -5.875, -7.49, -7.2, -5.922142857142857, -5.922142857142857, -4.13, -6.96, -5.922142857142857, -7.22, -4.752026734, -6.349999999999999, -4.795, -3.62, -5.55, -4.915, -4.94, -4.48, -4.795, -4.795, -4.795, -4.48, -5.05, -6.526666666666666, -7.470000000000001, -6.34, -5.96, -5.63, -6.82, -7.02, -5.92, -5.54, -6.125904997199999, -5.96, -6.21, -5.62, -5.92, -5.63, -6.0, -6.96, -5.81480116725, -5.88, -5.88, -5.96, -5.6066666666666665, -5.74, -5.475, -5.96, -5.46, -5.34, -5.71, -6.7, -5.72, -5.585, -7.06, -4.85, -6.242915149, -5.77, -5.925, -5.805, -5.81480116725, -7.02, -6.7, -5.580000000000001, -5.72, -5.76, -7.14, -6.18, -7.118849107999999, -6.242915149, -5.6, -6.96, -5.54, -5.71, -7.14, -6.18, -5.805, -7.073333333333333, -5.580000000000001, -5.580000000000001, -5.3, -5.82, -6.82, -5.82, -6.4, -7.073333333333333, -5.71, -6.68, -5.616184634, -8.04, -6.89, -7.15490196, -6.82, -5.66, -5.66, -6.82, -5.57, -6.24, -5.71, -5.8, -5.85, -6.59, -6.535, -6.9350000000000005, -7.125905986499999, -5.8, -6.96, -7.19, -5.54, -8.04, -5.64, -5.72, -5.52, -7.59, -5.7, -5.64, -5.72, -5.54, -6.05, -7.115, -5.8, -7.0, -7.0, -6.4, -6.125, -7.11, -5.92, -7.6, -5.57, -6.06, -7.19, -4.85, -5.616184634, -7.39, -5.77, -7.15, -7.23, -6.080921908, -7.11, -6.2, -6.38, -7.365, -7.073333333333333, -6.81, -5.68, -6.4, -7.43, -6.54, -6.24, -6.16, -6.4, -6.84, -7.25, -6.5675, -7.3100000000000005, -6.96, -7.6, -6.526666666666666, -5.72, -6.4, -7.19, -5.96, -6.4, -5.72, -5.68, -5.135, -6.96, -7.74, -6.5675, -6.56, -7.74, -5.183333333333333, -5.54, -5.72, -5.135, -7.3100000000000005, -6.904999999999999, -5.484999999999999, -5.8, -5.135, -6.966666666666666, -5.135, -5.183333333333333, -5.183333333333333, -5.82, -5.777500000000001, -5.777500000000001, -5.877500000000001, -4.904999999999999, -5.877500000000001, -5.877500000000001, -6.103333333333334, -5.877500000000001, -5.752142857142857, -5.752142857142857, -6.145, -5.55, -5.293333333333334, -5.877500000000001, -5.752142857142857, -6.77, -6.77, -6.34, -5.98, -6.72, -5.877500000000001, -5.877500000000001, -5.496666666666667, -5.496666666666667, -4.35, -4.35, -5.16098071825, -6.79, -6.79, -4.596363636363636, -4.710000000000001, -5.23, -4.84, -4.45, -5.355, -5.04, -4.710000000000001, -4.596363636363636, -5.205]","0     -7.22
1     -6.21
2     -7.24
3     -5.92
4     -5.96
       ... 
247   -6.00
248   -3.99
249   -5.24
250   -4.77
251   -4.71
Name: Permeability, Length: 252, dtype: float64","[array([-6.54285714, -7.06      , -5.8525    , -5.85      , -5.72      ,
       -5.48      , -5.92      , -5.48      , -5.6       , -6.66      ,
       -5.92      , -5.835     , -5.96      , -6.48      , -5.87      ,
       -5.68      , -6.62      , -7.11      , -5.46      , -6.2       ,
       -5.74      , -6.66      , -5.77      , -5.48      , -6.66      ,
       -5.54      , -5.92      , -6.89      , -6.2153366 , -6.39      ,
       -6.74      , -5.96      , -5.96      , -6.665     , -6.695     ,
       -6.665     , -5.54      , -5.74      , -5.47      , -5.72333333,
       -6.29844584, -6.055     , -5.78484477, -5.48      , -5.72      ,
       -5.96      , -6.665     , -5.62333333, -6.82      , -5.8       ,
       -6.90333333, -7.11      , -6.        , -5.54      , -6.29844584,
       -5.64      , -7.14      , -6.2125    , -5.54      , -6.2125    ,
       -5.61618463, -6.2125    , -6.05      , -5.595     , -5.52      ,
       -5.48      , -6.38      , -5.47      , -5.475     , -5.7       ,
       -5.96      , -7.00666667, -5.49      , -7.19      , -5.66      ,
       -5.96      , -5.96      , -5.75      , -7.14      , -6.57      ,
       -5.78484477, -5.75      , -6.695     , -6.9       , -6.27      ,
       -5.62333333, -7.19      , -5.89      , -7.27      , -7.23      ,
       -7.15490196, -7.15490196, -5.96      , -5.92      , -6.08      ,
       -6.89      , -5.59      , -6.2125    , -5.85      , -6.695     ,
       -6.9       , -6.75666667, -7.15490196, -5.96      , -5.85      ,
       -6.66      , -5.49      , -7.21      , -6.34      , -7.00666667,
       -5.725     , -6.065     , -7.14      , -5.92      , -6.44      ,
       -6.70833333, -7.12      , -6.26      , -6.26      , -5.7       ,
       -5.48      , -6.47      , -7.02      , -6.674     , -5.82      ,
       -6.85      , -6.24      , -6.24      , -5.37      , -6.24      ,
       -6.57      , -5.48      , -6.66      , -5.4425    , -6.77      ,
       -6.89      , -6.47      , -6.17      , -6.2125    , -6.77      ,
       -6.85      , -7.30103   , -7.11      , -7.14      , -7.38      ,
       -5.6       , -7.745     , -6.07287987, -5.03      , -5.4425    ,
       -6.4       , -7.38      , -7.21      , -5.17666667, -6.8       ,
       -5.96      , -6.54285714, -5.88      , -6.45593196, -6.47      ,
       -6.19      , -6.96      , -6.2125    , -6.62333333, -7.12      ,
       -5.825     , -7.00666667, -6.51      , -5.72      , -6.2125    ,
       -6.91      , -5.17666667, -7.07      , -5.92      , -5.4425    ,
       -7.11      , -5.52      , -5.77333333, -6.7       , -5.89      ,
       -5.68      , -6.2125    , -6.43      , -5.66      , -5.17666667,
       -6.24      , -6.51      , -7.23      , -6.68      , -5.46      ,
       -6.        , -6.932     , -5.72      , -5.17666667, -7.46      ,
       -5.85      , -6.85      , -5.615     , -5.47      , -6.        ,
       -6.32      , -6.8       , -6.75666667, -5.615     , -7.05      ,
       -5.82      , -5.15      , -6.7       , -6.028     , -5.02      ,
       -6.065     , -7.        , -4.89      , -5.95944444, -5.04      ,
       -6.028     , -5.80666667, -6.7       , -4.41      , -5.64      ,
       -4.97      , -4.97      , -6.366     , -6.366     , -5.95944444,
       -5.95944444, -5.95944444, -6.24      , -5.95944444, -7.22      ,
       -5.95944444, -5.63      , -5.415     , -7.30103   , -3.68      ,
       -4.91189775, -5.64      , -4.91189775, -6.4675    , -5.64      ,
       -4.22      , -5.54      , -5.15      , -5.        , -4.74      ,
       -4.69      , -4.74      , -4.73545455, -3.58      , -5.21      ,
       -5.21      , -4.73545455]), array([-6.50888889, -6.82      , -5.905     , -5.75945075, -5.75945075,
       -7.        , -5.38      , -7.15      , -5.6       , -5.92      ,
       -5.92      , -5.92      , -5.64      , -6.48      , -5.47      ,
       -6.68      , -6.62      , -7.09      , -5.62      , -6.54      ,
       -5.92      , -7.        , -5.77      , -7.        , -6.25      ,
       -5.66      , -5.92      , -5.77      , -6.22141583, -5.92      ,
       -6.74      , -5.96      , -5.6       , -6.51      , -6.22333333,
       -5.845     , -5.60666667, -5.66      , -5.47      , -5.48      ,
       -6.32029883, -5.64      , -5.99510404, -7.        , -5.75945075,
       -7.11      , -5.51      , -5.6475    , -5.38      , -5.72      ,
       -6.855     , -7.06      , -5.47      , -5.92      , -6.32029883,
       -5.64      , -6.96      , -6.21      , -6.82      , -7.4       ,
       -6.0043648 , -6.21      , -6.08      , -5.595     , -5.57333333,
       -7.01      , -7.04575749, -5.36      , -5.905     , -6.54      ,
       -5.96      , -7.2       , -5.38      , -7.57      , -5.662     ,
       -5.96      , -5.96      , -5.8075    , -7.165     , -6.57      ,
       -5.99510404, -5.24      , -6.22333333, -6.04      , -6.27      ,
       -5.51      , -7.11      , -6.        , -7.1       , -6.95666667,
       -7.12590599, -7.12590599, -5.725     , -5.89      , -6.25      ,
       -7.12590599, -5.74      , -6.115     , -5.85      , -6.22333333,
       -7.04      , -6.7225    , -7.12590599, -5.62      , -5.85      ,
       -6.25      , -5.38      , -7.04      , -6.485     , -5.96      ,
       -5.38      , -5.89      , -7.165     , -6.17      , -5.68      ,
       -6.6125    , -5.72      , -6.352     , -6.352     , -5.7       ,
       -5.48      , -6.215     , -5.60666667, -6.63      , -7.745     ,
       -6.85      , -7.2       , -7.2       , -5.37      , -7.2       ,
       -7.39666667, -5.72      , -7.        , -5.4425    , -7.2       ,
       -6.89      , -6.215     , -6.17      , -6.115     , -6.22141583,
       -6.95666667, -7.30103   , -7.06      , -7.03      , -7.38      ,
       -5.6       , -7.745     , -5.75696195, -5.03      , -5.4425    ,
       -6.4       , -7.29      , -7.04      , -5.17666667, -6.68      ,
       -6.7       , -7.41      , -5.96      , -6.19      , -6.55333333,
       -5.92      , -6.63      , -6.115     , -6.8125    , -7.12      ,
       -5.825     , -7.2       , -7.2       , -5.72      , -7.4       ,
       -6.485     , -5.17666667, -7.07      , -5.92      , -5.64      ,
       -6.26      , -5.72      , -5.76      , -6.2       , -6.38      ,
       -5.68      , -6.115     , -7.6       , -6.115     , -5.17666667,
       -7.2       , -6.51      , -7.57      , -6.68      , -5.64      ,
       -7.19      , -7.03166667, -5.68      , -5.17666667, -6.48      ,
       -5.85      , -6.95666667, -6.19      , -5.47      , -5.66      ,
       -7.24      , -6.8       , -6.7225    , -5.494     , -5.7475    ,
       -5.82      , -6.17      , -6.7       , -5.7475    , -5.02      ,
       -6.105     , -6.65      , -4.89      , -5.89529412, -5.075     ,
       -5.7475    , -5.80666667, -6.7       , -4.41      , -5.89      ,
       -4.905     , -6.7       , -5.9925    , -5.9925    , -5.89529412,
       -5.89529412, -5.89529412, -6.96      , -5.89529412, -5.32      ,
       -5.89529412, -5.98      , -5.455     , -7.30103   , -3.68      ,
       -5.09184629, -3.68      , -5.09184629, -6.4675    , -3.68      ,
       -4.22      , -4.45      , -5.14      , -5.        , -5.05      ,
       -5.05      , -5.24      , -4.86      , -3.58      , -4.92      ,
       -5.21      , -4.89      ]), array([-6.56      , -6.97571429, -5.8525    , -5.85      , -5.72      ,
       -7.        , -5.38      , -7.        , -5.72      , -6.32      ,
       -5.805     , -5.92      , -7.13      , -6.48      , -5.835     ,
       -5.6       , -6.8       , -7.09      , -5.46      , -6.6       ,
       -5.89      , -6.6       , -5.77      , -5.96      , -6.66      ,
       -5.66      , -6.32      , -5.96      , -6.36650788, -5.92      ,
       -6.74      , -6.89      , -6.62      , -6.665     , -6.565     ,
       -7.24      , -5.60666667, -5.92      , -5.92      , -5.545     ,
       -6.33314726, -6.055     , -5.85648234, -5.96      , -5.62      ,
       -5.77      , -6.37      , -5.6475    , -5.49      , -5.8       ,
       -7.        , -6.97571429, -6.        , -5.38      , -6.33314726,
       -5.64      , -6.37      , -6.21      , -5.92      , -7.4       ,
       -5.61618463, -6.21      , -5.96      , -5.595     , -5.615     ,
       -7.49      , -5.82      , -5.55      , -5.89      , -6.665     ,
       -5.6       , -7.00666667, -5.68      , -7.13      , -5.66      ,
       -6.39      , -5.96      , -5.8       , -7.19      , -5.89      ,
       -5.85648234, -5.51      , -6.565     , -6.04      , -5.92      ,
       -5.51      , -7.19      , -6.51      , -7.27      , -7.23      ,
       -7.09691001, -7.09691001, -5.96      , -6.        , -6.7       ,
       -5.72      , -5.74      , -6.188     , -5.82      , -6.565     ,
       -6.08      , -6.76666667, -7.09691001, -5.94666667, -5.82      ,
       -6.66      , -5.28      , -7.04      , -6.41      , -6.08      ,
       -5.38      , -6.065     , -7.19      , -6.14      , -6.44      ,
       -6.17      , -6.975     , -6.59666667, -6.59666667, -5.62      ,
       -6.535     , -6.215     , -7.02      , -6.975     , -5.60666667,
       -5.645     , -7.2       , -5.825     , -5.37      , -5.825     ,
       -6.57      , -7.11884911, -7.        , -5.41      , -7.2       ,
       -5.96      , -6.215     , -5.77333333, -6.188     , -5.645     ,
       -7.23      , -5.6       , -6.97571429, -7.11884911, -6.59      ,
       -5.6       , -7.89      , -6.07287987, -5.03      , -5.41      ,
       -5.62      , -7.13      , -7.30103   , -5.17666667, -7.85      ,
       -6.7       , -6.56      , -7.72      , -6.07287987, -6.655     ,
       -7.24      , -7.14      , -6.188     , -6.67      , -7.12      ,
       -5.825     , -7.44      , -7.44      , -5.92      , -7.4       ,
       -6.41      , -5.17666667, -7.07      , -6.97571429, -5.64      ,
       -6.26      , -5.28      , -5.77333333, -6.7       , -5.89      ,
       -5.85      , -6.188     , -7.195     , -5.66      , -5.17666667,
       -5.825     , -6.96      , -7.13      , -6.68      , -5.59      ,
       -7.07      , -6.97571429, -5.72      , -5.17666667, -7.46      ,
       -5.85      , -6.85      , -6.19      , -5.77333333, -7.04575749,
       -7.24      , -7.24      , -6.76666667, -5.614     , -5.81666667,
       -5.82      , -5.14      , -6.7       , -5.81666667, -5.02      ,
       -6.065     , -7.68      , -6.065     , -5.82066667, -5.11      ,
       -5.81666667, -5.80666667, -6.7       , -4.41      , -5.41      ,
       -4.84      , -7.05      , -6.298     , -6.298     , -5.82066667,
       -5.82066667, -5.82066667, -6.96      , -5.82066667, -5.32      ,
       -5.82066667, -6.24      , -5.4375    , -7.49      , -5.64      ,
       -5.17961559, -5.64      , -5.17961559, -6.37      , -5.64      ,
       -5.41      , -4.45      , -5.14      , -5.        , -5.05      ,
       -4.69      , -5.24      , -4.61545455, -3.58      , -4.92      ,
       -4.92      , -5.41      ]), array([-6.50888889, -7.52      , -5.8       , -5.85      , -5.92      ,
       -6.31      , -5.92      , -7.27      , -5.72      , -7.02      ,
       -5.92      , -5.92      , -6.        , -6.48      , -5.87      ,
       -5.64      , -6.62      , -7.09      , -5.46      , -6.13      ,
       -5.92      , -6.32      , -5.72      , -5.72      , -6.25      ,
       -6.68      , -5.92      , -6.305     , -6.23595067, -5.92      ,
       -6.74      , -5.96      , -5.6       , -6.82      , -5.41      ,
       -7.39      , -5.74      , -6.24      , -5.89      , -5.63      ,
       -6.29068657, -5.64      , -5.85056748, -5.72      , -5.61618463,
       -6.535     , -6.82      , -5.63      , -6.82      , -5.91      ,
       -6.90333333, -7.11      , -6.        , -6.55      , -6.29068657,
       -5.64      , -7.14      , -6.21      , -5.28      , -7.4       ,
       -5.61618463, -6.21      , -6.05      , -5.595     , -5.57333333,
       -5.96      , -7.04575749, -5.72333333, -5.54      , -7.055     ,
       -5.05      , -7.00666667, -5.68      , -7.19      , -5.66      ,
       -6.18      , -5.96      , -5.91      , -7.165     , -4.85      ,
       -5.58      , -5.28      , -5.96      , -6.04      , -5.92      ,
       -5.47      , -7.19      , -5.89      , -7.27      , -6.73      ,
       -7.12590599, -7.12590599, -5.96      , -5.89      , -6.7       ,
       -6.535     , -5.89      , -5.9825    , -5.85      , -5.41      ,
       -6.54      , -6.605     , -7.12590599, -7.24      , -5.82      ,
       -6.25      , -5.49      , -7.04      , -6.34      , -7.47      ,
       -5.38      , -6.24      , -7.165     , -5.82      , -5.96      ,
       -6.87166667, -7.14      , -6.23      , -6.23      , -5.7       ,
       -6.31      , -6.13      , -7.6       , -6.674     , -7.6       ,
       -6.85      , -7.2       , -5.85      , -5.37      , -5.85      ,
       -6.57      , -7.12981866, -7.6       , -5.475     , -6.77      ,
       -7.14      , -6.13      , -6.17      , -5.9825    , -7.745     ,
       -6.85      , -6.95860732, -7.11      , -7.14      , -7.19      ,
       -5.59      , -7.745     , -6.23083883, -5.4       , -5.475     ,
       -6.4       , -7.14      , -7.04      , -5.1975    , -6.8       ,
       -6.7       , -6.50888889, -5.54      , -6.23083883, -6.55333333,
       -5.925     , -6.96      , -5.9825    , -6.8125    , -7.12      ,
       -5.85      , -7.00666667, -7.2       , -5.72      , -7.4       ,
       -6.34      , -5.1975    , -7.034     , -5.92      , -6.50888889,
       -6.26      , -5.91      , -5.76      , -6.2       , -5.89      ,
       -5.68      , -5.9825    , -6.89      , -5.66      , -5.1975    ,
       -5.85      , -6.51      , -7.41      , -6.68      , -6.8       ,
       -7.07      , -6.96      , -5.72      , -5.1975    , -7.46      ,
       -5.85      , -6.85      , -5.37375   , -5.76      , -6.        ,
       -5.925     , -5.92      , -6.605     , -5.57142857, -5.692     ,
       -5.82      , -5.33      , -6.7       , -5.692     , -5.02      ,
       -4.89      , -6.64      , -4.89      , -5.92214286, -5.075     ,
       -5.692     , -5.13      , -5.57142857, -4.41      , -3.68      ,
       -6.13      , -3.68      , -5.875     , -5.875     , -5.92214286,
       -5.92214286, -5.92214286, -6.96      , -5.92214286, -5.32      ,
       -5.92214286, -5.98      , -5.448     , -5.96      , -3.68      ,
       -5.09184629, -3.68      , -5.09184629, -6.35      , -5.64      ,
       -4.22      , -4.45      , -4.915     , -5.        , -5.05      ,
       -4.69      , -5.24      , -4.795     , -3.58      , -4.92      ,
       -5.21      , -4.795     ]), array([-6.4       , -7.06      , -5.8525    , -5.85      , -5.88      ,
       -5.72      , -5.8       , -6.34      , -5.72      , -7.05      ,
       -5.92      , -5.92      , -7.15666667, -6.16      , -5.87      ,
       -5.64      , -6.62      , -7.09      , -5.46      , -6.2       ,
       -6.8       , -6.32      , -5.88      , -5.72      , -5.96      ,
       -5.54      , -5.71      , -6.305     , -6.125905  , -5.92      ,
       -5.96      , -5.96      , -5.74      , -6.665     , -6.22333333,
       -6.6       , -5.60666667, -6.24      , -5.92      , -5.66      ,
       -6.24291515, -5.92      , -5.81480117, -5.72      , -5.64      ,
       -6.17      , -6.665     , -5.71      , -5.85      , -5.76      ,
       -6.90333333, -7.06      , -6.        , -5.74      , -6.24291515,
       -5.57      , -7.14      , -6.21      , -6.96      , -7.4       ,
       -5.61618463, -6.21      , -6.05      , -5.82      , -5.585     ,
       -7.01      , -7.15490196, -5.36      , -7.07      , -5.7       ,
       -5.05      , -7.00666667, -5.68      , -7.23      , -6.        ,
       -5.3       , -5.3       , -5.76      , -7.165     , -4.85      ,
       -5.74      , -6.96      , -6.96      , -6.04      , -5.89      ,
       -6.96      , -7.19      , -5.92      , -7.27      , -7.57      ,
       -7.12590599, -7.12590599, -5.54      , -5.66      , -5.96      ,
       -7.12590599, -5.71      , -6.52666667, -5.71      , -6.22333333,
       -7.49      , -6.7225    , -7.12590599, -5.72      , -5.89      ,
       -6.22333333, -5.38      , -7.04      , -6.125     , -7.47      ,
       -5.38      , -6.065     , -7.165     , -5.82      , -6.44      ,
       -5.66      , -5.72      , -6.352     , -6.352     , -5.82      ,
       -5.72      , -6.215     , -7.57      , -6.5675    , -7.57      ,
       -6.85      , -7.2       , -7.2       , -7.11      , -7.2       ,
       -7.19      , -5.72      , -7.57      , -5.4425    , -6.04      ,
       -7.365     , -6.215     , -6.17      , -6.52666667, -6.60205999,
       -7.57      , -7.30103   , -7.06      , -7.11884911, -7.38      ,
       -5.6       , -7.6       , -6.07287987, -5.4       , -5.4425    ,
       -6.4       , -7.23      , -5.66      , -5.135     , -6.16      ,
       -6.7       , -6.4       , -5.54      , -6.07287987, -6.535     ,
       -5.925     , -6.5675    , -6.52666667, -7.31      , -5.72      ,
       -5.8       , -7.43      , -7.2       , -5.72      , -7.4       ,
       -6.125     , -5.135     , -7.07      , -5.92      , -6.4       ,
       -6.        , -5.52      , -5.8       , -6.2       , -5.89      ,
       -5.68      , -6.52666667, -6.43      , -5.66      , -5.135     ,
       -7.2       , -6.06      , -7.23      , -5.72      , -6.2       ,
       -7.07      , -6.96666667, -5.72      , -5.135     , -7.46      ,
       -5.68      , -6.85      , -6.19      , -5.8       , -6.82      ,
       -5.8       , -5.92      , -6.7225    , -5.57142857, -5.15      ,
       -5.82      , -6.14      , -5.82      , -5.7775    , -4.905     ,
       -6.10333333, -6.72      , -4.89      , -5.8775    , -5.075     ,
       -5.7775    , -6.145     , -6.7       , -5.55      , -5.3       ,
       -4.905     , -6.02      , -6.155     , -6.155     , -5.8775    ,
       -5.8775    , -5.8775    , -6.96      , -5.8775    , -5.32      ,
       -5.8775    , -5.63      , -5.49666667, -7.30103   , -3.68      ,
       -5.16098072, -3.68      , -5.16098072, -6.79      , -5.64      ,
       -4.35      , -4.45      , -5.355     , -4.45      , -5.05      ,
       -4.69      , -5.24      , -4.59636364, -4.59636364, -4.92      ,
       -4.93      , -5.19      ])]","[-6.50412698 -7.08714286 -5.8525     -5.83189015 -5.79989015 -6.302
 -5.68       -6.648      -5.672      -6.594      -5.897      -5.903
 -6.37733333 -6.416      -5.783      -5.848      -6.656      -7.094
 -5.492      -6.334      -6.054      -6.58       -5.782      -5.976
 -6.356      -5.816      -5.958      -6.246      -6.2330232  -6.014
 -6.584      -6.146      -5.904      -6.665      -6.22333333 -6.748
 -5.62       -5.96       -5.734      -5.60766667 -6.29709873 -5.862
 -5.86035996 -5.976      -5.67112708 -6.309      -6.406      -5.65166667
 -6.072      -5.798      -6.913      -7.06314286 -5.894      -5.826
 -6.29709873 -5.626      -6.95       -6.2105     -6.104      -7.1625
 -5.69382067 -6.2105     -6.038      -5.64       -5.57333333 -6.59
 -6.68928339 -5.49266667 -5.976      -6.332      -5.524      -7.04533333
 -5.582      -7.262      -5.7284     -5.958      -5.828      -5.8055
 -7.165      -5.746      -5.79128623 -5.748      -6.48066667 -6.212
 -6.054      -5.81466667 -7.174      -6.042      -7.236      -7.14333333
 -7.12590599 -7.12590599 -5.829      -5.872      -6.338      -6.67936239
 -5.734      -6.20493333 -5.816      -6.22333333 -6.81       -6.71466667
 -7.12590599 -6.09733333 -5.846      -6.40866667 -5.404      -7.074
 -6.34       -6.79733333 -5.449      -6.065      -7.165      -5.974
 -6.192      -6.4045     -6.535      -6.35813333 -6.35813333 -5.708
 -5.905      -6.249      -6.96333333 -6.7041     -6.86833333 -6.609
 -7.008      -6.463      -5.718      -6.463      -6.85933333 -6.23373355
 -7.166      -5.4425     -6.796      -6.849      -6.249      -6.09066667
 -6.20493333 -6.59669516 -7.09133333 -6.89233946 -7.06314286 -7.10953964
 -7.184      -5.598      -7.745      -6.04128808 -5.178      -5.4425
 -6.244      -7.234      -6.850206   -5.1725     -6.858      -6.552
 -6.68434921 -6.128      -6.20450611 -6.55333333 -6.24       -6.8515
 -6.20493333 -6.84566667 -6.84       -5.825      -7.21666667 -7.11
 -5.76       -7.1625     -6.454      -5.1725     -7.0628     -6.13114286
 -5.92627778 -6.378      -5.59       -5.77333333 -6.4        -5.988
 -5.714      -6.20493333 -6.909      -5.751      -5.1725     -6.463
 -6.51       -7.314      -6.488      -5.938      -6.88       -6.97320952
 -5.712      -5.1725     -7.264      -5.816      -6.87133333 -5.91175
 -5.65466667 -6.3051515  -6.505      -6.536      -6.71466667 -5.57317143
 -5.89123333 -5.82       -5.586      -6.524      -5.81233333 -4.997
 -5.84566667 -6.938      -5.125      -5.89500962 -5.075      -5.81233333
 -5.739      -6.47428571 -4.638      -5.184      -5.15       -5.684
 -6.1373     -6.1373     -5.89500962 -5.89500962 -5.89500962 -6.816
 -5.89500962 -5.7        -5.89500962 -5.892      -5.45043333 -7.070618
 -4.072      -5.08723733 -4.464      -5.08723733 -6.489      -5.248
 -4.484      -4.668      -5.14       -4.89       -4.988      -4.762
 -5.14       -4.72045455 -3.78327273 -4.978      -5.096      -5.00409091]","[5.56948820e-02 2.33503922e-01 3.32039154e-02 3.62196992e-02
 8.39573477e-02 6.30694855e-01 2.48837296e-01 6.66615331e-01
 5.87877538e-02 4.29678950e-01 4.60000000e-02 3.40000000e-02
 6.37820595e-01 1.28000000e-01 1.57085964e-01 4.16768521e-01
 7.20000000e-02 8.00000000e-03 6.40000000e-02 1.95304890e-01
 3.78924795e-01 2.52348965e-01 5.26877595e-02 5.34026217e-01
 2.69859223e-01 4.35320572e-01 1.98433868e-01 3.82117783e-01
 7.71344085e-02 1.88000000e-01 3.12000000e-01 3.72000000e-01
 3.81449866e-01 9.80306075e-02 4.47373818e-01 5.47435841e-01
 6.53197265e-02 2.43639077e-01 2.15833269e-01 8.58396438e-02
 3.10371772e-02 1.87845681e-01 7.21734628e-02 5.34026217e-01
 5.79502876e-02 4.74198271e-01 4.71098716e-01 3.06911134e-02
 6.30219010e-01 6.33719181e-02 4.73568017e-02 4.91013113e-02
 2.12000000e-01 4.05245605e-01 3.10371772e-02 2.80000000e-02
 2.98261630e-01 1.00000000e-03 6.74732540e-01 4.75000000e-01
 1.55272068e-01 1.00000000e-03 4.06939799e-02 9.00000000e-02
 3.07137320e-02 7.47234903e-01 5.14248588e-01 1.35800507e-01
 5.74520670e-01 5.43273412e-01 4.08734633e-01 7.73333333e-02
 1.24963995e-01 1.57276826e-01 1.35802209e-01 3.65754016e-01
 2.64000000e-01 5.67538545e-02 1.58113883e-02 7.72569738e-01
 1.36459425e-01 6.32879135e-01 3.52171991e-01 3.44000000e-01
 1.76703141e-01 5.74949660e-01 3.20000000e-02 2.37436307e-01
 6.80000000e-02 2.83815276e-01 1.83386638e-02 1.83386638e-02
 1.70774705e-01 1.13384302e-01 3.09606201e-01 5.26191460e-01
 9.56242647e-02 1.79678002e-01 5.42586399e-02 4.47373818e-01
 4.75226262e-01 5.76498049e-02 1.83386638e-02 5.86084560e-01
 2.57681975e-02 2.05443693e-01 7.91454357e-02 6.80000000e-02
 1.20124935e-01 6.57947651e-01 1.38000000e-01 1.10679718e-01
 1.58113883e-02 1.52525408e-01 3.16379519e-01 4.38883558e-01
 6.67877234e-01 1.28857820e-01 1.28857820e-01 6.40000000e-02
 4.37355690e-01 1.15299610e-01 7.23927559e-01 1.40960420e-01
 9.47314332e-01 4.82000000e-01 3.84000000e-01 6.19496570e-01
 6.96000000e-01 6.19496570e-01 3.60335646e-01 7.32442032e-01
 3.64065928e-01 2.05548048e-02 4.24103761e-01 4.78460030e-01
 1.15299610e-01 1.58666667e-01 1.79678002e-01 6.92130856e-01
 2.76755809e-01 6.59638776e-01 4.91013113e-02 4.08792216e-02
 3.05980392e-01 4.00000000e-03 9.17060521e-02 1.54767542e-01
 1.81262241e-01 2.05548048e-02 3.12000000e-01 9.39361485e-02
 6.03544173e-01 2.04124145e-02 5.49487034e-01 2.96000000e-01
 3.67067459e-01 8.14331628e-01 1.40548731e-01 5.93576729e-02
 5.10558518e-01 2.17483333e-01 1.79678002e-01 2.44170592e-01
 5.60000000e-01 1.58113883e-02 1.91763744e-01 3.14070056e-01
 8.00000000e-02 4.75000000e-01 2.57709138e-01 2.04124145e-02
 1.44000000e-02 4.22285714e-01 4.38588491e-01 3.79599789e-01
 2.12226294e-01 1.46059349e-02 2.44948974e-01 1.96000000e-01
 6.80000000e-02 1.79678002e-01 4.51335795e-01 1.82000000e-01
 2.04124145e-02 6.19496570e-01 2.84604989e-01 1.56665248e-01
 3.84000000e-01 5.00016000e-01 4.42447737e-01 3.26773216e-02
 1.60000000e-02 2.04124145e-02 3.92000000e-01 6.80000000e-02
 4.26666667e-02 3.49220203e-01 1.51328928e-01 5.32169436e-01
 6.24195482e-01 5.28000000e-01 5.76498049e-02 4.40245201e-02
 6.25792365e-01 0.00000000e+00 4.69578534e-01 3.52000000e-01
 1.15262936e-01 4.60000000e-02 4.78154554e-01 3.93364970e-01
 4.70000000e-01 4.63068064e-02 2.21359436e-02 1.15262936e-01
 3.31497612e-01 4.51428571e-01 4.56000000e-01 7.78835027e-01
 4.91721466e-01 1.22775568e+00 1.83417447e-01 1.83417447e-01
 4.63068064e-02 4.63068064e-02 4.63068064e-02 2.88000000e-01
 4.63068064e-02 7.60000000e-01 4.63068064e-02 2.34042731e-01
 2.67846556e-02 5.60111180e-01 7.84000000e-01 9.46131954e-02
 9.60199979e-01 9.46131954e-02 1.58118626e-01 7.84000000e-01
 4.65729535e-01 4.36000000e-01 1.39247980e-01 2.20000000e-01
 1.24000000e-01 1.44000000e-01 2.00000000e-01 1.01664657e-01
 4.06545455e-01 1.16000000e-01 1.39656722e-01 2.56213044e-01]"
2,RandomForestRegressor,"[-6.4090466666666694, -7.4346, -7.4346, -5.869968333333333, -6.07138, -6.138182266576662, -6.857401867619999, -6.011594999999995, -6.087639999999999, -6.249605, -6.466693571428573, -5.818100000000003, -5.963003333333332, -5.946466666666663, -6.635030000000009, -5.9666416666666695, -6.302485000000002, -5.957453333333331, -6.635030000000009, -6.803929920634921, -6.631067406204902, -5.859013636363634, -6.0028634570528565, -5.793404810682099, -6.37, -6.127500000000001, -6.608851264568765, -5.590414285714285, -6.81201969696971, -6.5181491017316, -5.80925484985, -6.269825000000001, -5.6432633333333335, -6.067863095238093, -5.937347499999998, -6.230491666666661, -5.746649999999994, -5.5981192857142865, -5.892524999999998, -6.985947272727277, -5.730562777777775, -6.613620000000002, -7.004009761904764, -6.1577802100278, -6.366589285714281, -5.736566666666663, -6.7934422691197724, -7.100120952380947, -6.223447687263334, -6.290119404761907, -5.870975000000002, -5.611647194783336, -6.1861000000000015, -6.489780308580309, -6.234066904761907, -5.578101428571428, -6.302880833333332, -6.337652023809527, -6.903791785714288, -5.519991666666667, -6.1084416666666685, -6.25770023809524, -6.049995833333328, -6.233579881033429, -5.6828991666666635, -5.667038452380947, -6.210415000000001, -6.355864285714279, -6.214370599910004, -6.109467857142857, -6.57619285714286, -5.744478333333334, -6.151816666666667, -6.984470357142864, -7.127802424260165, -5.860386666666667, -6.944346666666673, -6.325173333333334, -6.437791666666666, -6.9492621536796495, -5.703547399267396, -5.640526666666662, -6.783580634920632, -7.005950000000006, -6.560161499056501, -6.390941111111108, -5.737576190476193, -6.611350000000007, -6.47802059991, -6.040166666666667, -6.2999847619047635, -5.907319999999999, -5.712014910116195, -5.9172323529333415, -5.783010000000001, -5.325900000000001, -7.03604642857143, -6.073531904761905, -5.717020595238096, -6.549188571428576, -7.426979999999999, -6.573200000000007, -6.210242766221671, -7.016413333333335, -6.704739694086672, -7.165014506803334, -6.329184444444444, -6.772293903986671, -6.474407142857141, -6.573200000000007, -6.895786666666669, -7.021075952380952, -6.573200000000007, -5.795137257590826, -6.122678101761408, -7.191143333333332, -7.203207058799995, -7.206698095238093, -5.870975000000002, -6.592522546897543, -5.898244275630001, -7.056091372533328, -6.940940000000001, -6.974544999999999, -6.667533303772506, -6.516306158920005, -6.411831666666666, -6.298600000000006, -6.90877834415584, -6.863904761904762, -6.560161499056501, -6.784301666666662, -7.038733531746032, -6.2205396428571404, -6.743561994949496, -6.969756666666668, -6.362369999999996, -6.807400000000004, -6.807400000000004, -6.668000000000004, -6.229388477753652, -5.703755499098001, -6.275793333333331, -6.546082671469391, -6.782217738095242, -6.796141316093335, -6.591800599909998, -5.4773604761904755, -6.972957222222226, -6.789151666666668, -6.130580908243332, -6.086646666666668, -6.788339523809522, -7.051491666666674, -5.2246527965893765, -5.33355347680098, -6.355808333333332, -6.503223089965591, -6.534470351500002, -6.90877834415584, -6.728906507936512, -6.392736666666668, -5.2246527965893765, -5.61969827922078, -5.61969827922078, -6.3947833333333355, -5.283663557068452, -5.42051441083178, -5.664109999999998, -5.062241844342723, -5.61969827922078, -4.977204285714285, -5.968202962453112, -5.374098875568877, -5.186097619047623, -6.012708149350651, -6.379376944444439, -7.022449771269754, -5.8427180061605055, -6.525265350877191, -6.301662295155958, -5.8427180061605055, -6.3906065728715715, -5.888683333333326, -5.795308333333338, -6.309594117647063, -5.764533333333341, -5.570146332497912, -5.416066652236652, -6.211537867647063, -6.250875000000001, -6.250875000000001, -4.556122438394936, -4.916556392881067, -4.916556392881067, -4.731977464341643, -5.161983333333337, -5.217999999999995, -4.8722697619047635, -4.912699880224668, -5.175834901458695, -5.068464927001098, -7.212367619047621, -7.113421904761911, -6.900198333333341, -5.731223213743333, -6.313256666666664, -6.441366666666669, -5.8187, -5.88325, -7.1664008114804805, -7.1664008114804805, -6.424590000000002, -5.916217302805827, -5.8102466666666714, -5.840127500000005, -5.9199199999999985, -6.744625731175559, -6.765000000000003, -5.998356666666659, -6.680633333333333, -5.943706666666666, -5.7008499999999955, -5.9204872564733355, -6.466573333333335, -5.7008499999999955, -6.123099999999995, -5.885900000000004, -6.203832116126665, -6.351179576320477, -6.315808897049947, -5.828993333333333, -6.289875000000004, -6.812341666666666, -5.913868452380958, -6.5466321225982425, -7.305663809523814, -6.6269552380952375, -5.972623552916138, -6.4702504645366625, -6.1142321717171715, -7.06931952380952, -5.8674892857142735, -5.758483333333334, -5.79215476190476, -6.068428033373333, -6.568472361992922, -6.696579166666667, -6.349138613669272, -5.796701031746027, -5.996982054505086, -6.074275708180002, -6.432586666666667, -6.458650793650793, -6.547099999999996, -6.512494826839824, -6.662449999999998, -6.363186666666666, -5.996982054505086, -5.88695404761905, -5.825041935735335, -5.764359049993334, -5.806616666666672, -6.225336860624287, -6.23505, -5.709358333333328, -5.797452380952382, -5.6609104906204895, -6.853818131229999, -6.932319314175004, -6.304025940291137, -6.304025940291137, -5.821972142857145, -6.145850881757128, -7.187688571428567, -7.108345301399994, -6.2800209523809505, -5.9722500000000025, -5.800217142857147, -6.317777777777775, -7.3647300000000016, -7.108345301399994, -7.230703333333335, -6.1217375, -6.746711865079367, -6.000799999999998, -5.913229872743327, -6.199495000000001, -5.568963095238098, -5.777050000000011, -6.653504523809527, -6.6267489444912515, -6.048066666666659, -6.164756058063336, -6.290340580186252, -6.276340000000006, -6.753737139320004, -7.388100000000009, -6.481660476190475, -7.244083333333335, -6.1244999999999985, -7.093196666666666, -6.12095369047619, -6.165441666666665, -5.871691650377145, -5.931871771961914, -5.9424749383211655, -6.972363492063491, -6.864457142857147, -5.931871771961914, -7.5544474207433385, -7.110542835857497, -7.0786300000000075, -6.982174999999999, -6.453798483153337, -6.279469984287956, -7.069076341429996, -6.141381385281386, -6.081850187263333, -6.67949, -6.858968333333337, -6.155981020596666, -6.574894087301588, -6.485366515151518, -6.963623333333337, -5.861550000000001, -7.244083333333335, -6.162573571428571, -5.800240000000003, -6.670708333333336, -6.162573571428571, -6.574894087301588, -6.574894087301588, -6.079047142857141, -6.102200150543332, -6.996423333333333, -6.808875000000006, -5.360422276334775, -6.232732236189998, -6.643980119047621, -7.244083333333335, -6.237146860607522, -6.910070000000002, -7.136460000000003, -6.047116666666669, -6.75201142857143, -6.906371666666672, -7.025775000000009, -5.345984816017315, -6.979490000000004, -6.148482499999999, -7.066600000000003, -7.127275000000006, -6.653504523809527, -7.034181794039292, -5.391389231601734, -6.688670238095243, -5.985699047619046, -6.69234931096681, -6.988366518759022, -7.060816804861807, -6.6090849999999985, -6.568147261904761, -6.653504523809527, -5.574509999999998, -5.505336273448771, -5.345984816017315, -5.505336273448771, -4.944314469696966, -5.963156969696968, -5.963156969696968, -5.873117891590655, -5.1602789935065, -5.794970753968254, -5.794970753968254, -5.94908404761905, -5.94908404761905, -5.954362380952379, -5.732189444444447, -5.873117891590655, -5.452653571428573, -6.01140004296357, -6.1081550000000036, -4.834346096681096, -4.834346096681096, -4.2090966666666665, -4.834346096681096, -5.243895081677499, -5.241337857142854, -5.057499999999994, -5.258186190476186, -5.258186190476186, -4.967850000000006, -4.967850000000006, -4.931900479633333, -5.241337857142854, -5.225044287645276, -5.034342746066924, -4.834346096681096, -4.24227351731602, -4.834346096681096, -5.384179762876013, -5.414506420508267, -5.390026296158384, -6.9651266666666585, -6.699816666666664, -6.013733333333331, -6.017926190476187, -5.949243333333332, -5.681199999999999, -5.8774466666666685, -5.809903333333336, -5.828487840853331, -5.998725714285715, -6.412895374526665, -6.5051074157199995, -6.130159999999997, -6.3706793539299955, -5.683700000000001, -6.458999999999998, -6.907151466009992, -5.890371666666663, -5.725927460317459, -6.160732672880004, -6.257973333333334, -6.347716663467536, -6.313528707859997, -6.020150000000004, -6.095376666666664, -6.6363249999999905, -6.000006666666665, -6.93504999999999, -5.911709541739369, -5.881878333333333, -6.468008333333331, -6.761694999999999, -5.726448886145241, -5.761342103174599, -7.102281366711667, -6.491406666666664, -6.0713, -6.440809700039998, -6.252121428571427, -5.63135, -6.740608333333333, -5.75547000000001, -6.214699999999996, -5.861650000000003, -6.852275000000001, -6.347716663467536, -6.856529999999999, -6.170770833333337, -6.304959999999993, -6.740608333333333, -6.176899999999998, -6.451529999999996, -6.33252476341704, -7.131785952380953, -6.522385061327562, -6.620999999999998, -6.784248571428574, -6.056580665710002, -7.1164185714285715, -7.329488333333327, -6.768592261904761, -6.674228441340008, -5.793283333333328, -5.443750000000003, -6.737866666666662, -6.347716663467536, -5.603249999999997, -5.797299999999996, -6.516073333333329, -6.194142857142857, -6.510098333333335, -5.690490000000004, -7.1780783333333344, -6.76753211871462, -6.051273016306663, -5.8155879365079315, -6.999668571428573, -6.936163333333331, -6.896582100491827, -5.585072420634922, -6.112185771834168, -6.572667739816665, -6.37279777777778, -6.15249961951, -6.291796666666667, -7.329488333333327, -5.667225000000005, -6.015183333333336, -5.637215, -5.67608, -5.67608, -7.1880700000000015, -6.277868928571422, -6.496606666666663, -5.86331257491, -6.11413607315, -6.798578923889522, -7.0986761177445326, -6.066610547885143, -5.800118333333331, -6.301789862914866, -6.605997261904763, -6.605997261904763, -5.511683809523816, -6.130613595506665, -5.851388333333336, -7.120259999999999, -6.618001823446667, -6.1971500000000015, -7.029095686266665, -5.752646578391434, -5.943999999999996, -6.4354544047619076, -6.549037908488889, -6.902449999999998, -6.722746666666665, -5.511683809523816, -6.077869047619048, -6.953886666666668, -6.722746666666665, -6.817643333333333, -6.824697380952384, -6.953121428571432, -6.522385061327562, -6.750713809523811, -6.410848095238092, -7.450899999999998, -5.735000000000003, -7.0534399999999975, -6.66741785714286, -7.097960000000003, -7.2691000000000034, -6.868454523809527, -5.895624994036669, -7.164775000000001, -6.23847250289417, -6.889372500000005, -6.894188095238088, -6.590437142857144, -7.009361666666667, -7.010626472416475, -6.967978333333341, -6.811687222222223, -6.319383333333331, -6.522385061327562, -6.901613333333343, -6.028831666666667, -6.967978333333341, -6.367180185383332, -6.338925423494548, -6.382764973156665, -6.060923177042856, -5.878299047619053, -5.255861607836607, -6.292593333333332, -6.1764166666666656, -6.967978333333341, -6.0161, -6.194600000000001, -6.795530079365078, -7.033833333333333, -6.947499999999995, -6.948980361305364, -5.848599999999999, -5.742966666666665, -6.141375000000003, -5.601195732323232, -5.308731315628816, -5.402847346359522, -5.601195732323232, -4.927395396825394, -5.218346206820001, -5.799663422707337, -5.906416666666671, -6.284387777777782, -5.644432487373739, -5.428498075396833, -5.851554649122809, -6.328858275613275, -5.644432487373739, -5.644432487373739, -5.799663422707337, -5.799663422707337, -5.799663422707337, -6.073460000000004, -5.762689353929997, -6.380166666666667, -5.446626825396826, -4.2790882117882125, -5.161244806908538, -5.2895841529385565, -5.161244806908538, -6.41060071428572, -4.283714874005002, -4.663443721858207, -5.002649285714284, -5.36803333333333, -4.625344630949116, -4.625344630949116, -4.9070827503052525, -5.1831266666666655, -7.175339949494952, -7.62474857142857, -6.559795989017146, -7.4044652380952405, -5.896824999999998, -6.701749999999997, -6.0479972527472565, -6.088946666666671, -5.831691666666668, -6.266513690476185, -6.015050000000001, -6.122206020596663, -6.60246666666667, -6.929583333333328, -6.914700000000005, -5.785847182662374, -5.7235225000000005, -6.496616666666666, -6.085033333333331, -5.921838095238096, -7.093245519249997, -5.958498333333332, -5.653683333333338, -5.8912016947152015, -6.526183333333332, -7.034504999999995, -6.283977777777779, -6.7195490196000085, -5.890425000000005, -5.890425000000005, -5.658599885604996, -5.779066666666668, -5.869700000000002, -5.7724, -6.237225386143512, -5.862516666666672, -5.482593333333333, -6.227700000000003, -5.869120476190477, -5.770950000000002, -5.869120476190477, -5.786060000000001, -6.371233333333335, -5.819484128427892, -6.351641468362379, -5.845660000000002, -5.862516666666672, -5.958498333333332, -5.803439999999992, -6.930925000000001, -5.593887525233336, -6.192200000000002, -5.669327023809522, -5.657700000000001, -6.4475950000000015, -5.707399841269839, -6.607662041193335, -5.680880000000003, -5.986994411331426, -5.689949999999997, -6.298694682539683, -6.087399999999999, -5.946041951440005, -6.710167393889207, -6.4988800000000015, -6.287262732086663, -6.056571428571427, -6.2814786736250054, -6.532380000000001, -6.895941666666662, -6.282854555007898, -5.797699999999997, -5.649944999999998, -6.03232666666667, -5.969316523199024, -5.617999999999994, -7.020340000000004, -6.812701219663669, -6.073061666666663, -5.749099999999998, -5.980831111111112, -5.480534542473347, -5.616709039152434, -5.687084146554439, -5.939195674603176, -6.002327439279997, -6.185216634775, -6.276386073150003, -6.053675087589999, -5.8997297547734355, -5.544035714285716, -6.9670599999999965, -6.7852726321866665, -7.1088869556235, -6.730890000000006, -6.555786421502472, -6.0155476771619165, -5.544035714285716, -6.156233333333342, -6.598944166666668, -6.291249999999995, -5.686999999999997, -6.477133333333333, -6.621310000000003, -6.181865476190475, -6.228359418040856, -6.298749999999996, -6.298749999999996, -7.313342857142858, -6.150838333333333, -7.120276020116501, -6.177430096020928, -6.05790811418, -6.763556315509998, -6.575543152958151, -5.621379999999996, -5.545875000000004, -6.7188788888888915, -6.302003719640005, -7.237966944444449, -7.034504999999995, -7.19682210526316, -5.932251666666666, -6.510600434434048, -7.01668333333333, -6.456654878559996, -6.870216486291486, -6.652461071428576, -7.34818571428571, -7.354252658730169, -6.435646632087545, -5.267389960317458, -6.649769455266956, -6.7911499999999965, -7.321366666666678, -6.075356190476192, -7.132697857142861, -6.739871428571434, -6.470502380952378, -5.238304999999994, -6.973399999999998, -4.869425714285714, -6.283977777777779, -6.0004666666666715, -6.136696666666668, -7.061471309523813, -5.221008293650792, -6.89008547619047, -7.061471309523813, -7.111050000000003, -6.766714285714284, -4.848679047619046, -6.6444300000000025, -7.0129416666666655, -6.964324285714289, -6.964324285714289, -5.8004266666666675, -5.221008293650792, -6.652461071428576, -6.550772835290001, -6.964324285714289, -5.380537413003664, -4.7424599999999995, -5.305226158602384, -5.407705796842049, -4.956349999999996, -4.956349999999996, -5.920031666666665, -5.8978844200860205, -5.849139862914864, -5.3179349999999985, -6.098417965367961, -4.97863227272728, -5.8978844200860205, -5.3179349999999985, -5.342334999999999, -5.674360442433383, -5.823460952380954, -5.674360442433383, -5.823460952380954, -6.60316205437, -7.107785714285712, -5.8978844200860205, -5.8978844200860205, -4.6943105806177785, -7.001700000000003, -5.8978844200860205, -5.728406977855906, -4.865835492890591, -6.31359880952381, -4.802911637251637, -3.9772675366524988, -5.426100000000003, -4.908459047619051, -5.13855, -4.597344956709962, -4.802911637251637, -4.802911637251637, -4.802911637251637, -4.636843333333331, -5.02475512820513, -6.504194246031748, -7.371865238095239, -6.654885287306667, -6.0558861741866625, -5.812336174186669, -6.901399999999999, -6.424239761904756, -6.089400000000001, -6.03423, -6.129654359507549, -6.552499999999997, -6.4427738888888895, -5.866337574910003, -6.089400000000001, -5.829347840853333, -6.610700000000003, -6.67323645194, -5.805010940772069, -5.832546666666668, -5.832546666666668, -5.903199999999998, -5.701493928571431, -6.0531, -5.644925000000003, -5.933616666666665, -5.572581666666666, -5.6811750000000005, -5.7688475000000015, -6.773481666666668, -5.950900000000001, -5.628395833333334, -6.97999, -6.054358142031429, -6.2569636857647, -5.619839999999994, -5.867599219080001, -6.015800714285713, -5.805010940772069, -6.606166666666666, -6.722066666666672, -5.610030238095241, -6.234086626984132, -5.756956468253967, -6.637909526013329, -6.036453333333336, -7.0834972921592545, -6.2569636857647, -5.762721428571426, -6.091044507519999, -6.337399999999998, -5.7688475000000015, -6.801606666666665, -6.675781666666662, -6.522565714285707, -7.102936825396827, -5.610030238095241, -5.610030238095241, -5.746057142857145, -5.790328989197145, -6.152900000000001, -6.150663095238098, -6.44394898268398, -7.102936825396827, -5.892533333333334, -7.215674241576668, -5.710331914307279, -7.207199761904758, -6.567331125455475, -6.805790195018333, -6.393150000000005, -5.751273333333337, -5.722573333333339, -6.290733333333334, -5.770367914862917, -6.428515277777776, -6.0110199999999985, -5.729749999999998, -6.080985555555556, -6.559499999999999, -6.6639900000000125, -7.012995833333334, -7.107153738013997, -5.75285, -6.324019047619048, -6.626016284271287, -6.2174999999999985, -7.207199761904758, -6.074518453048001, -6.279989996392499, -6.041139999999997, -7.336400000000006, -5.777303335537141, -5.669699999999993, -6.203981004891906, -5.763027857142861, -6.086573333333336, -6.572720555555557, -5.950958333333334, -6.92453, -6.92453, -6.250850000000002, -6.285599999999999, -6.410000000000002, -6.366695555555551, -7.493120000000012, -5.9083000000000006, -6.343557574909993, -6.776099999999999, -6.070452857142856, -5.743437190052493, -6.696885895523332, -6.20810444444444, -7.02796666666666, -6.884411785714289, -6.228949195306189, -6.611830908243335, -6.2247342857142876, -6.3650980391999985, -7.310805, -7.102936825396827, -6.801553618326119, -5.833187926939998, -6.44394898268398, -6.986878095238098, -7.015, -6.073405311494998, -6.062524999999998, -6.44394898268398, -6.890090317460317, -6.813666666666666, -7.12242666666667, -7.256848333333328, -6.944616666666666, -7.343529319560008, -6.504194246031748, -6.888458333333329, -6.44394898268398, -6.991765714285716, -6.081856666666665, -6.453950530303031, -5.952215000000006, -5.852591666666665, -5.167616666666662, -6.520501666666666, -7.3544420634920655, -6.5498052272727225, -6.586260000000002, -7.312450000000002, -5.182402526640027, -6.094450000000002, -5.727340000000007, -5.167616666666662, -7.256848333333328, -6.903894484126985, -5.347561984126985, -5.801430000000002, -5.167616666666662, -6.979143813131312, -5.167616666666662, -5.182402526640027, -5.182402526640027, -6.122370952380952, -5.796060158730159, -5.796060158730159, -5.85867051645293, -4.92751599206349, -5.85867051645293, -5.85867051645293, -6.0247271428571425, -5.85867051645293, -5.740598481379729, -5.508721328991126, -6.053159999999992, -5.684711042707293, -5.623848033735752, -5.85867051645293, -5.740598481379729, -6.529791666666662, -6.529791666666662, -6.4252555555555535, -6.012916540812824, -6.080324950728613, -5.85867051645293, -5.85867051645293, -5.524868849206355, -5.524868849206355, -4.592990479014806, -4.595127448711776, -5.158634055393391, -6.678699540153332, -6.678699540153332, -4.591782135832437, -5.066992214453336, -5.211950000000004, -5.021199999999993, -4.847590201855556, -5.337775714285713, -5.133766666666673, -5.066992214453336, -4.591782135832437, -5.350369285714283]","0     -7.22
1     -6.21
2     -7.24
3     -5.92
4     -5.96
       ... 
247   -6.00
248   -3.99
249   -5.24
250   -4.77
251   -4.71
Name: Permeability, Length: 252, dtype: float64","[array([-6.5601615 , -6.43282727, -5.88450083, -5.82877008, -5.90662377,
       -6.88532353, -6.15928667, -6.95161883, -6.50499414, -6.55777143,
       -5.99100167, -6.0623881 , -6.5289931 , -6.383825  , -5.9443    ,
       -5.81734762, -6.5007    , -6.98594727, -5.6777    , -6.22471667,
       -6.03276138, -6.54925   , -5.80117667, -6.761521  , -6.38891   ,
       -6.02751667, -5.79609078, -6.46738571, -6.23357988, -5.99542238,
       -6.53302857, -6.19530291, -5.854825  , -6.63465865, -6.61362   ,
       -7.01682864, -5.64326333, -6.20481   , -6.0743    , -6.07252832,
       -6.30218424, -5.9997169 , -5.79340481, -6.761521  , -5.73975853,
       -6.58354441, -6.61806365, -5.66703845, -6.125875  , -5.85751587,
       -6.89800144, -6.92026053, -5.9295    , -6.074675  , -6.30218424,
       -5.64671778, -6.91536865, -6.2340669 , -5.75029013, -6.36237   ,
       -5.68828686, -6.2340669 , -5.99618476, -5.6299    , -5.57810143,
       -6.75342482, -6.52465082, -5.46820167, -5.87723689, -6.36292584,
       -5.96885759, -6.99892893, -6.15459333, -7.12310095, -5.91137048,
       -5.96912393, -5.9172    , -5.73056278, -6.78430167, -6.63627   ,
       -5.88914449, -5.66667071, -6.652395  , -6.89137635, -5.8046    ,
       -5.79809048, -7.03875417, -6.0051125 , -7.23695167, -7.00260929,
       -7.12780242, -7.12780242, -5.71588167, -5.9124    , -6.5639    ,
       -7.04133567, -5.71576602, -6.25770024, -5.89673143, -6.43807   ,
       -6.94846333, -6.78833952, -7.12780242, -6.07797826, -5.79848611,
       -6.56876   , -5.57972192, -6.78221774, -6.35353464, -6.9512725 ,
       -5.86038667, -6.04828333, -6.78430167, -6.0766    , -6.0863978 ,
       -6.59044211, -6.83910292, -6.2901194 , -6.2901194 , -5.90001303,
       -6.16227719, -6.5732    , -6.56305922, -6.65478476, -6.66914881,
       -6.55832714, -6.50322309, -6.50192817, -5.7865    , -6.50192817,
       -7.19173333, -7.04000129, -6.3119    , -5.46757734, -6.75647885,
       -7.01343833, -6.5732    , -6.1767    , -6.25770024, -6.7344996 ,
       -6.90275722, -6.86321216, -6.91921886, -7.13781885, -6.53906488,
       -6.08103188, -7.62695548, -6.10017706, -5.53707599, -5.46757734,
       -6.16219365, -7.0822844 , -6.59245553, -5.16794575, -6.78608333,
       -6.94094   , -6.64028428, -6.51471333, -6.31897618, -6.54918857,
       -6.26204833, -7.07985583, -6.25770024, -6.72890651, -6.97694664,
       -5.90415667, -6.9854594 , -6.58079738, -5.82875   , -6.36237   ,
       -6.50500464, -5.16794575, -6.94242639, -6.18029556, -6.10774517,
       -6.58320667, -5.70858407, -5.77576168, -6.33075932, -5.9987897 ,
       -5.79322131, -6.25770024, -6.70456727, -6.05783541, -5.16794575,
       -6.50192817, -6.59678829, -7.17835024, -6.26475333, -6.14209405,
       -6.33141667, -6.90877834, -5.8077    , -5.16794575, -7.17052   ,
       -5.93310687, -6.79608274, -5.8388199 , -5.87353357, -6.35820067,
       -6.2210669 , -6.42353286, -6.78833952, -5.61969828, -5.65724504,
       -6.39478333, -5.43700667, -6.73625   , -6.01270815, -5.01068405,
       -5.47131748, -6.87870027, -5.22270444, -5.96820296, -5.18609762,
       -6.01270815, -5.82011333, -6.38713304, -4.98140181, -5.25563103,
       -5.45787998, -5.48288027, -6.39060657, -6.39060657, -5.96820296,
       -5.96820296, -5.96820296, -6.30959412, -5.96820296, -6.3016623 ,
       -5.96820296, -5.7148    , -5.41606665, -6.9512154 , -4.31651104,
       -4.91655639, -4.81616778, -4.91655639, -6.46656976, -5.19189496,
       -4.42488362, -5.16198333, -5.218     , -4.95824889, -4.87226976,
       -4.77887833, -4.91269988, -4.73197746, -3.93658958, -5.00650221,
       -4.91055403, -4.94942094]), array([-6.43663698, -6.64305797, -5.86748929, -5.73122321, -5.92760393,
       -6.69568183, -6.2344375 , -6.8756794 , -5.93850342, -6.42076638,
       -6.043575  , -6.13858333, -6.68133758, -6.3134    , -5.91673935,
       -5.93413833, -6.47273343, -7.07206119, -5.76215   , -6.30359333,
       -6.10485333, -6.81699451, -5.76483667, -6.34982145, -6.37505667,
       -6.13769405, -5.88918881, -6.31208333, -6.20934067, -6.08901833,
       -6.7463    , -6.20436303, -5.8867    , -6.47025046, -6.22954992,
       -6.54923184, -5.65113048, -6.14417   , -6.283175  , -6.25219149,
       -6.30402594, -6.00916857, -5.99698205, -6.34982145, -6.08829257,
       -6.82368773, -6.36455069, -5.66192301, -6.10758333, -5.81420444,
       -6.66245   , -7.04387452, -5.9387    , -5.89725   , -6.30402594,
       -5.80197222, -6.50368576, -6.20783762, -5.81568333, -7.00758333,
       -5.97262355, -6.20783762, -5.84304343, -5.67085   , -5.5952881 ,
       -6.58431169, -6.60916541, -5.45457   , -5.83559167, -6.27847467,
       -5.98225619, -6.65350452, -5.91054571, -7.14479   , -5.88367182,
       -5.86941214, -5.93442954, -5.79215476, -6.92500417, -6.5525    ,
       -6.01548061, -5.5879881 , -6.27619278, -6.42602889, -5.88519167,
       -5.85744451, -7.13646   , -6.344425  , -7.18768857, -7.11023667,
       -7.12042539, -7.12042539, -5.65414952, -5.84960667, -6.40488333,
       -7.02188727, -5.84954167, -6.11958702, -5.85124714, -6.14130325,
       -6.83230778, -6.72367607, -7.12042539, -6.26079429, -5.8557    ,
       -6.480845  , -5.5773352 , -6.94340897, -6.48166048, -6.63223286,
       -5.52953   , -5.91322987, -6.92500417, -6.12068333, -6.13235379,
       -6.85522583, -6.91811583, -6.34004972, -6.34004972, -5.80226667,
       -6.50389091, -6.24235722, -6.53542617, -6.69234931, -6.62077269,
       -6.433975  , -6.92827086, -6.80667316, -5.8775    , -6.80667316,
       -7.03497302, -6.77250308, -6.72640635, -5.45873143, -6.75612778,
       -7.13336167, -6.24235722, -6.13111333, -6.12095369, -6.32930659,
       -7.27409889, -6.79258589, -7.0288581 , -7.15754324, -6.72217205,
       -5.75576307, -7.57874742, -5.93187177, -5.46968935, -5.45873143,
       -6.1445    , -7.03989952, -7.02739911, -5.16185604, -6.87519083,
       -6.70387333, -6.8551875 , -6.61465714, -6.16430834, -6.56344214,
       -6.10354333, -6.94091975, -6.12095369, -6.84538524, -7.0868    ,
       -5.83120833, -6.7975525 , -6.58359429, -5.90944939, -7.00758333,
       -6.56259833, -5.16185604, -6.96431167, -6.10245959, -6.13599819,
       -6.371965  , -5.57704758, -5.79388214, -6.15758197, -6.23273224,
       -5.78511571, -6.12095369, -6.925875  , -6.64398012, -5.16185604,
       -6.80667316, -6.81877262, -6.8277654 , -6.3194    , -5.8507395 ,
       -6.333725  , -7.03418179, -5.98569905, -5.16185604, -6.68867024,
       -5.87501   , -6.74671187, -5.81101531, -5.79117   , -6.33929424,
       -6.11242548, -6.19236333, -6.72367607, -5.50533627, -5.33456033,
       -6.09371667, -5.36625531, -6.72885   , -5.79497075, -4.99582028,
       -5.25128692, -6.63547159, -5.09398239, -5.87311789, -5.10448253,
       -5.79497075, -5.82404238, -6.42115595, -4.97161514, -5.23229169,
       -5.26589088, -5.4041796 , -5.94908405, -5.94908405, -5.87311789,
       -5.87311789, -5.87311789, -6.7074    , -5.87311789, -5.61893061,
       -5.87311789, -5.92737   , -5.45265357, -6.83828127, -3.99579464,
       -5.06246681, -4.11948528, -5.06246681, -6.52835107, -4.24227352,
       -4.36873167, -4.73101979, -5.17937095, -4.95822   , -5.02378929,
       -4.93190048, -5.15041583, -4.8343461 , -3.97587167, -4.96906722,
       -5.04730508, -5.12493155]), array([-6.52238506, -6.7057389 , -5.86199345, -5.86070527, -5.98066129,
       -6.95313161, -5.74264363, -6.93623849, -6.08993919, -6.58237   ,
       -6.07105167, -5.91646   , -6.08234667, -6.31159667, -5.7714    ,
       -5.80125667, -6.41289537, -7.01040893, -5.63278909, -6.26428667,
       -6.24197833, -6.73474   , -5.79318936, -6.49062667, -6.24548333,
       -5.89862397, -5.81399373, -6.23101167, -6.34771666, -5.86066175,
       -6.778     , -6.79857892, -5.93014762, -6.65777759, -6.51009833,
       -6.83667886, -5.61083643, -6.11497   , -5.8825    , -5.74646383,
       -6.33252476, -5.98237333, -5.86966855, -6.49062667, -5.87121417,
       -6.63271056, -6.71561092, -5.6718556 , -6.083365  , -5.85500079,
       -6.74060833, -7.02577782, -5.7962    , -5.7714    , -6.33252476,
       -5.6806275 , -6.93003333, -6.25633595, -5.75582389, -7.1988    ,
       -5.72079895, -6.25633595, -5.9571919 , -5.6195    , -5.63135   ,
       -6.45966684, -6.57717467, -5.50247951, -6.10053238, -6.28778667,
       -6.0770625 , -7.03735762, -5.90686427, -7.03450071, -5.77456377,
       -6.02827968, -5.93560515, -5.80125722, -6.90161333, -6.37721667,
       -5.92472728, -5.59800167, -6.52149   , -6.43558571, -5.79800667,
       -5.791785  , -7.0454619 , -6.15709067, -7.17617667, -7.34480833,
       -7.09867612, -7.09867612, -5.75179048, -5.95474   , -6.50770167,
       -6.93565362, -5.79364   , -6.2004277 , -5.981095  , -6.51009833,
       -6.66339762, -6.75071381, -7.09867612, -6.10024036, -5.80156   ,
       -6.41902667, -5.65257333, -6.92987083, -6.49660667, -6.77856833,
       -5.5606    , -6.04227774, -6.90161333, -6.10363571, -6.09551774,
       -6.61764224, -6.978725  , -6.60599726, -6.60599726, -5.94887484,
       -6.33343815, -6.23293528, -6.47585305, -6.96797833, -6.35167589,
       -5.75264658, -6.93247238, -6.76199837, -5.89125   , -6.76199837,
       -6.710485  , -7.01188006, -6.43141129, -5.51168381, -6.90746905,
       -7.00001119, -6.23293528, -6.07786905, -6.1922727 , -6.61567546,
       -7.47042095, -6.79452644, -6.98353663, -7.12364491, -6.86785   ,
       -5.86503607, -7.4509    , -6.04379526, -5.53079167, -5.51168381,
       -5.735     , -7.02733833, -6.57614652, -5.20336504, -6.85646667,
       -6.73342667, -6.619985  , -7.1015    , -6.24450437, -6.66741786,
       -6.08953619, -7.10445833, -6.1922727 , -6.76859226, -7.12342   ,
       -5.87565833, -7.06469794, -6.7940446 , -6.17641667, -7.1988    ,
       -6.55743   , -5.20336504, -6.94579048, -7.00756235, -6.24807127,
       -6.20561667, -5.62006048, -5.8109519 , -6.39739398, -5.9899041 ,
       -5.87829905, -6.1922727 , -6.82348238, -5.96155179, -5.20336504,
       -6.76199837, -7.04471429, -6.88421   , -6.33520143, -5.85632985,
       -6.6032    , -6.99713314, -5.7525    , -5.20336504, -7.15258333,
       -5.8603825 , -6.80800889, -5.77056552, -5.75268667, -6.17243043,
       -6.26544095, -6.17215429, -6.75071381, -5.60119573, -5.6191157 ,
       -5.9813    , -5.49157668, -6.616075  , -5.80761453, -5.00528595,
       -6.04271067, -6.66780855, -5.90641667, -5.79966342, -5.42849808,
       -5.80761453, -5.82555893, -6.4008576 , -4.86652833, -5.30300087,
       -5.09492457, -5.71112026, -6.32885828, -6.32885828, -5.79966342,
       -5.79966342, -5.79966342, -6.60456667, -5.79966342, -5.6849371 ,
       -5.79966342, -6.16621675, -5.44662683, -6.91444014, -5.28958415,
       -5.16124481, -5.28958415, -5.16124481, -6.41060071, -5.28958415,
       -4.40875555, -4.76279167, -5.16262041, -4.9097    , -4.99935693,
       -4.79141833, -5.16819715, -4.62534463, -3.97809913, -4.89232243,
       -4.90707164, -5.03275511]), array([-6.52960123, -6.643055  , -5.77095   , -5.81608313, -5.93421345,
       -6.86131569, -6.02512284, -6.9258    , -6.09397107, -6.16960119,
       -5.97424   , -6.02239167, -6.40174607, -6.23138333, -5.943     ,
       -5.92746667, -6.509475  , -7.03084286, -5.65839989, -6.28063627,
       -6.11084132, -6.6511    , -5.81013512, -6.45720167, -6.21921667,
       -6.009815  , -5.91981167, -6.22914167, -6.23722539, -6.10328   ,
       -6.84657143, -6.19580238, -5.91015   , -6.71954902, -5.48259333,
       -6.93416165, -5.890425  , -6.32540833, -5.95753333, -6.00379242,
       -6.28285456, -5.90949333, -5.81948413, -6.45720167, -5.8966677 ,
       -6.61626433, -6.61398811, -5.70739984, -6.09625   , -5.96501881,
       -6.83455667, -6.943665  , -6.00334286, -6.10991667, -6.28285456,
       -5.66342922, -6.81128638, -6.14127694, -5.81845   , -7.02671667,
       -5.74361584, -6.14127694, -6.02476545, -5.638175  , -5.61817869,
       -6.38135441, -6.70728186, -5.60236053, -6.0414895 , -6.31526404,
       -5.84286833, -7.00057952, -5.80299524, -7.12418167, -5.8572881 ,
       -5.98705607, -5.89684015, -5.86912048, -6.99875714, -6.45134867,
       -6.00729978, -5.62617393, -5.82987   , -6.57181952, -5.8068    ,
       -5.8520956 , -7.12646667, -6.18988319, -7.16191143, -7.214435  ,
       -7.11703784, -7.11703784, -5.53368571, -5.85538   , -6.42495   ,
       -6.84006366, -5.7826    , -5.97208319, -5.96298889, -5.46964333,
       -6.99410262, -6.65246107, -7.11703784, -6.03819   , -5.83901899,
       -6.33855333, -5.54717881, -6.957895  , -6.34015643, -6.92298095,
       -5.51314667, -6.28147867, -6.99875714, -6.06788333, -6.02033538,
       -6.82025838, -6.87612143, -6.28397778, -6.28397778, -5.84320757,
       -6.28960735, -6.15083833, -6.62798333, -6.67711877, -6.48265167,
       -6.4941979 , -6.9396687 , -6.54958011, -5.76264444, -6.54958011,
       -7.06486   , -6.85543386, -6.52243333, -5.54403571, -6.92577075,
       -6.94898333, -6.15083833, -6.14180667, -5.96931652, -6.71398447,
       -7.353455  , -6.69140359, -6.920765  , -7.13249557, -6.61285616,
       -6.05790811, -7.62086156, -6.22835942, -5.6613    , -5.54403571,
       -6.157575  , -6.882675  , -6.88090062, -5.22100829, -6.90516667,
       -6.70285899, -6.73773302, -6.6608    , -6.34122352, -6.60668056,
       -6.07997167, -7.03541202, -5.96931652, -6.78728556, -6.969165  ,
       -6.15623333, -6.81743   , -6.71618668, -5.9673    , -7.02671667,
       -6.3912731 , -5.22100829, -7.23796694, -6.17564143, -6.11569353,
       -6.54388127, -5.64867833, -5.83249333, -6.35536765, -6.12638311,
       -5.78950556, -5.96931652, -6.82921667, -6.01733551, -5.22100829,
       -6.54958011, -6.98393333, -6.93022333, -6.3507    , -5.89064291,
       -6.37881667, -6.96432429, -5.8715    , -5.22100829, -7.29195   ,
       -5.83345   , -6.77129   , -5.4378608 , -5.87962667, -6.26752056,
       -6.1829    , -6.07844667, -6.65246107, -5.57295344, -5.3671359 ,
       -6.04160119, -5.17365856, -6.6141    , -5.84913986, -4.9793    ,
       -5.3225848 , -6.43348222, -5.14113127, -5.89788442, -5.15026542,
       -5.84913986, -5.317935  , -6.09841797, -4.84909144, -5.00157167,
       -5.67976416, -5.34778954, -5.82346095, -5.82346095, -5.89788442,
       -5.89788442, -5.89788442, -6.6628    , -5.89788442, -5.66670506,
       -5.89788442, -5.96055667, -5.44814253, -6.81464603, -4.16621901,
       -5.0929809 , -4.60107755, -5.0929809 , -6.31359881, -5.12893627,
       -4.34900948, -4.621425  , -4.90845905, -5.02275   , -5.01961206,
       -4.70515333, -5.13101513, -4.80291164, -3.92598534, -4.94719964,
       -5.03097048, -5.02658799]), array([-6.44394898, -6.73120167, -5.8738325 , -5.80275294, -5.82036733,
       -6.57349862, -6.14691333, -6.73247695, -6.05796759, -6.8561    ,
       -6.02759833, -5.9415    , -6.53327274, -6.062525  , -5.87218   ,
       -5.79059833, -6.5624    , -6.95684444, -5.67456177, -6.29181409,
       -6.01057864, -6.64513333, -5.750885  , -6.17992591, -6.16807889,
       -6.01815   , -5.76993143, -6.30793333, -6.12965436, -5.8940831 ,
       -6.5525    , -6.20755865, -5.854025  , -6.67074134, -6.20539651,
       -6.86635981, -5.62499952, -6.46078333, -6.0478    , -5.74549955,
       -6.25696369, -6.0838    , -5.80501094, -6.17992591, -5.87375619,
       -6.6563877 , -6.63613476, -5.7688475 , -6.27367222, -5.84569274,
       -6.87055429, -6.97161587, -5.92405   , -5.892865  , -6.25696369,
       -5.77036791, -6.74514837, -6.23798727, -6.30498462, -7.0974    ,
       -5.67194798, -6.23798727, -5.858695  , -5.79032899, -5.62839583,
       -6.30784902, -6.72424727, -5.51581167, -5.93538   , -6.25726456,
       -5.88778556, -6.96232762, -5.68390286, -7.08169269, -5.81250214,
       -5.79010714, -5.74605714, -5.75695647, -7.09028333, -6.20967796,
       -5.98158873, -6.11552594, -6.5637496 , -6.48110833, -5.84445   ,
       -5.99048018, -7.097305  , -6.19139971, -7.21593667, -7.23117012,
       -7.1050732 , -7.1050732 , -5.63174833, -5.71707333, -6.51630556,
       -6.98928817, -5.87687   , -6.44581202, -5.93236333, -6.14464627,
       -6.9642875 , -6.72252048, -7.1050732 , -5.89129524, -5.82323893,
       -6.2520419 , -5.4837875 , -6.96387583, -6.2856    , -6.89839929,
       -5.46564667, -6.05581667, -7.09028333, -5.9215    , -6.25685757,
       -6.33788903, -6.719155  , -6.35569434, -6.35569434, -5.83792917,
       -6.35446434, -6.19697262, -6.68075   , -6.54980523, -6.82519333,
       -6.57705757, -7.01686922, -6.71612011, -6.41      , -6.71612011,
       -7.02988   , -6.76790873, -6.665     , -5.46616135, -6.76913922,
       -6.94151562, -6.19697262, -6.07732619, -6.50419425, -6.737961  ,
       -7.3090696 , -6.67781205, -6.95002091, -7.14337595, -6.62526077,
       -5.82729044, -7.49312   , -6.09687362, -5.548775  , -5.46616135,
       -6.38735   , -6.87998816, -6.58394363, -5.16761667, -6.79341869,
       -6.81957905, -6.59569401, -6.60496333, -6.27817014, -6.66399   ,
       -5.9416831 , -6.95917548, -6.50419425, -7.25684833, -6.88845833,
       -5.95095833, -6.94415262, -6.94010238, -5.75887333, -7.0974    ,
       -6.37429833, -5.16761667, -6.93365   , -6.25333775, -6.20500917,
       -6.17768   , -5.51472806, -5.73841   , -6.28816728, -6.04859098,
       -5.81052635, -6.50419425, -6.85025825, -5.98511167, -5.16761667,
       -6.71612011, -6.87813377, -6.9229994 , -5.72734   , -6.06439134,
       -6.35169206, -6.97914381, -5.853075  , -5.16761667, -7.13253333,
       -5.85259167, -6.806435  , -5.78144107, -5.78652167, -6.25950333,
       -5.779375  , -6.169975  , -6.72252048, -5.5320195 , -5.33215333,
       -5.948     , -5.55527941, -6.12237095, -5.79606016, -4.92751599,
       -5.39120167, -6.1885258 , -5.24266905, -5.85867052, -5.15853184,
       -5.79606016, -6.05316   , -6.44034786, -5.68892089, -5.31183805,
       -5.22192838, -5.61889083, -6.16336914, -6.16336914, -5.85867052,
       -5.85867052, -5.85867052, -6.69318929, -5.85867052, -5.57157212,
       -5.85867052, -5.91652333, -5.52486885, -6.46291029, -4.10024869,
       -5.15863406, -4.81336701, -5.15863406, -6.67869954, -5.15664479,
       -4.65617541, -4.74178173, -5.33777571, -4.8475902 , -5.00361099,
       -4.76170333, -5.12381818, -4.59178214, -4.59178214, -4.93763913,
       -4.93607548, -5.03747286])]","[-6.49854675 -6.63117616 -5.85175321 -5.80790693 -5.91389396 -6.79379026
 -6.06168079 -6.88436273 -6.13707508 -6.5173218  -6.02149333 -6.01626462
 -6.44553923 -6.260546   -5.88952387 -5.85416152 -6.49164076 -7.01122094
 -5.68112015 -6.2730094  -6.1002026  -6.67944357 -5.78404456 -6.44781934
 -6.27934911 -6.01835994 -5.83780328 -6.30951114 -6.23150339 -5.98849311
 -6.69128    -6.32032118 -5.88716952 -6.63059541 -6.20825162 -6.84065216
 -5.68413095 -6.25002833 -6.04906167 -5.96409512 -6.29571064 -5.99691043
 -5.8569101  -6.44781934 -5.89393783 -6.66251895 -6.58966963 -5.69541288
 -6.13734911 -5.86748653 -6.80123415 -6.98103875 -5.91835857 -5.94922133
 -6.29571064 -5.71262293 -6.7811045  -6.21550094 -5.88904639 -6.938574
 -5.75945464 -6.21550094 -5.93597611 -5.6697508  -5.61026281 -6.49732136
 -6.628504   -5.50868468 -5.95804609 -6.30034316 -5.95176603 -6.93053964
 -5.89178028 -7.10165321 -5.84787926 -5.92879579 -5.8860264  -5.79001034
 -6.93999193 -6.44540266 -5.96364818 -5.71887207 -6.36873948 -6.56118376
 -5.82780967 -5.85797915 -7.08888955 -6.17758221 -7.195733   -7.18065188
 -7.11380299 -7.11380299 -5.65745114 -5.85784    -6.48354811 -6.96564568
 -5.80368354 -6.19912203 -5.92488516 -6.14075224 -6.88051177 -6.72754219
 -7.11380299 -6.07369963 -5.82360081 -6.41184538 -5.56811935 -6.91545367
 -6.39151164 -6.83669079 -5.585862   -6.06821726 -6.93999193 -6.05806048
 -6.11829246 -6.64429152 -6.86624404 -6.3751677  -6.3751677  -5.86645826
 -6.32873559 -6.27926069 -6.57661435 -6.70840728 -6.58988848 -6.36324084
 -6.86410085 -6.66725998 -5.94557889 -6.66725998 -7.00638627 -6.8895454
 -6.53143019 -5.48963793 -6.82299713 -7.00746203 -6.27926069 -6.12096305
 -6.20888748 -6.62628542 -7.26196033 -6.76390802 -6.9604799  -7.1389757
 -6.67344077 -5.91740591 -7.55411689 -6.08021543 -5.5495264  -5.48963793
 -6.11732373 -6.98243708 -6.73216908 -5.18435836 -6.84326524 -6.78013561
 -6.68977676 -6.69932676 -6.26943651 -6.61014383 -6.09535652 -7.02396428
 -6.20888748 -6.87740358 -7.00895799 -5.943643   -6.92185849 -6.72294507
 -5.92815788 -6.938574   -6.47812088 -5.18435836 -7.0048291  -6.34385933
 -6.16250347 -6.37646992 -5.6138197  -5.79029981 -6.30585404 -6.07928002
 -5.81133359 -6.20888748 -6.82667991 -6.1331629  -5.18435836 -6.66725998
 -6.86446846 -6.94870967 -6.19947895 -5.96083953 -6.39977008 -6.97671228
 -5.85409481 -5.18435836 -7.08725138 -5.87090821 -6.7857057  -5.72794052
 -5.81670771 -6.27938985 -6.11224167 -6.20729443 -6.72754219 -5.56624065
 -5.46204206 -6.09188024 -5.40475532 -6.56352919 -5.85209869 -4.98372125
 -5.49582031 -6.56079769 -5.32138076 -5.87950784 -5.2055751  -5.85209869
 -5.76816193 -6.34958248 -5.07151152 -5.22086666 -5.34407759 -5.5129721
 -6.1310758  -6.1310758  -5.87950784 -5.87950784 -5.87950784 -6.59551001
 -5.87950784 -5.76876144 -5.87950784 -5.93709335 -5.45767169 -6.79629862
 -4.37367151 -5.07837659 -4.72793636 -5.07837659 -6.47956398 -5.00186674
 -4.44151115 -4.8038003  -5.16124523 -4.93930182 -4.98372781 -4.79381076
 -5.09722923 -4.71727239 -4.08166557 -4.95054613 -4.96639534 -5.03423369]","[0.04928034 0.10506119 0.04108904 0.04288762 0.05264752 0.13891102
 0.17306505 0.08009521 0.19242291 0.22399584 0.03505287 0.08084243
 0.20203428 0.11014554 0.06458307 0.06318924 0.04891896 0.03919892
 0.0435262  0.02740597 0.08101351 0.09045316 0.02247823 0.19063038
 0.08752987 0.07580797 0.05706008 0.08666592 0.069867   0.0985733
 0.12567131 0.23917636 0.03006715 0.08484141 0.39559491 0.15835697
 0.10410095 0.12774291 0.13532763 0.19569392 0.02503173 0.05578712
 0.07471289 0.19063038 0.11178205 0.08399759 0.11840301 0.04004486
 0.06957739 0.05115037 0.08742552 0.04717944 0.06740229 0.12574506
 0.02503173 0.06181423 0.15451317 0.04021382 0.2099391  0.29579917
 0.10946085 0.04021382 0.07289388 0.06269062 0.02046819 0.15743079
 0.07637655 0.05182998 0.09930167 0.03641672 0.08108414 0.1405359
 0.15540024 0.03933497 0.04904584 0.08680855 0.07138773 0.04693842
 0.10195868 0.14707209 0.04894806 0.20019615 0.29690649 0.17297055
 0.0329785  0.07149789 0.04036168 0.10802264 0.02719643 0.11601569
 0.01053884 0.01053884 0.07523756 0.08031874 0.05955629 0.07227922
 0.05609653 0.15630836 0.04665309 0.36748252 0.12165595 0.04452096
 0.01053884 0.11854065 0.02183921 0.10985772 0.05459376 0.06765669
 0.0830285  0.11795267 0.1406517  0.11893319 0.10195868 0.07083458
 0.07814033 0.1859839  0.0869621  0.1186959  0.1186959  0.05175612
 0.11009349 0.15044724 0.07143676 0.13902802 0.16177106 0.30943648
 0.18334333 0.11998489 0.23750555 0.11998489 0.15918507 0.11598338
 0.15108595 0.0329793  0.07680467 0.0688631  0.15044724 0.0384847
 0.17606329 0.15503668 0.19142654 0.06970026 0.04146403 0.0113356
 0.11332994 0.12923323 0.0703439  0.09586957 0.06224767 0.0329793
 0.21140371 0.08454088 0.18714462 0.02349674 0.04643222 0.09097601
 0.09574181 0.20658322 0.06222118 0.04916973 0.10172441 0.06454176
 0.17606329 0.19339909 0.08519308 0.11319965 0.10129413 0.13556011
 0.14286618 0.29579917 0.08058632 0.02349674 0.11699661 0.33526707
 0.05481013 0.16703006 0.06543042 0.03201108 0.08215699 0.09074673
 0.03457432 0.17606329 0.07116707 0.25744669 0.02349674 0.11998489
 0.15536276 0.12043694 0.23784255 0.11962277 0.10311975 0.04121687
 0.07758562 0.02349674 0.20689168 0.0338671  0.02350809 0.14698374
 0.05069525 0.06599447 0.17384235 0.11507503 0.04452096 0.04243835
 0.14484901 0.15950621 0.13124295 0.22676089 0.08268847 0.03005659
 0.28299881 0.23361727 0.2974557  0.054872   0.11451285 0.08268847
 0.24209262 0.1268731  0.31329927 0.1135352  0.20432683 0.13454224
 0.21691698 0.21691698 0.054872   0.054872   0.054872   0.14725384
 0.054872   0.26935414 0.054872   0.14351311 0.03601226 0.17389858
 0.46962768 0.08939864 0.37863896 0.08939864 0.12206914 0.38366048
 0.11071004 0.1856776  0.14043889 0.05825423 0.05648913 0.07508462
 0.09355726 0.09534683 0.25589867 0.03752839 0.06045359 0.05566047]"
3,GradientBoostingRegressor,"[-6.643612042714251, -7.049524079763018, -7.049524079763018, -6.426046798445273, -6.088696728295462, -6.427898340238302, -6.608216569466958, -5.876424830960003, -6.178746900976546, -6.210035834027958, -6.1732089384384965, -5.764685063875138, -6.045882350857345, -6.049228812560443, -6.71394974436931, -5.641653219328622, -5.998670327361844, -5.894770627451908, -6.71394974436931, -6.554618494113546, -6.592251415939051, -5.792980408040307, -6.079061186443013, -5.944803057261161, -6.440539190882245, -5.690154165138866, -6.767391444976595, -5.7208241827217865, -6.810358939178927, -6.914544190863422, -6.195931512930907, -6.435039954124008, -6.257087607849746, -5.9996683799918165, -6.089473847862307, -6.181401133290694, -5.793258808799191, -5.868261761528839, -5.934814054485411, -6.819362058613345, -5.998670327361844, -5.998670327361844, -6.8694813230063065, -6.282302799387581, -6.231741856799851, -5.836627179182016, -6.43265077921579, -6.6704202088888005, -6.3003010689365295, -6.5565390975170565, -6.4692351052247306, -5.655887123257389, -6.245340788212531, -6.4687998664274975, -6.485942247075387, -6.203414695038852, -6.6704202088888005, -6.631027120485821, -7.042698208823623, -5.773359698885339, -6.080671921729125, -6.4692351052247306, -5.94455658101003, -6.176425127466402, -5.756738910151471, -5.97102095995533, -5.9800460529272685, -6.205803205219209, -6.395341748674675, -6.291748436232438, -6.611954622643793, -6.409292255122479, -6.157760331845681, -6.905665432657737, -6.745608896241977, -5.775843152887993, -6.810358939178927, -6.257347640701287, -6.572022440597081, -6.573426996733106, -5.954297117160157, -5.994696848174516, -6.548272904584724, -7.247548750690834, -6.522472779238392, -6.308213943479398, -6.093217274271679, -6.134099973030536, -6.311596708953557, -6.09527047374454, -6.133984264386766, -5.974904316488163, -6.147466342523949, -6.327786043514954, -5.745646617165814, -5.499803479346822, -6.730731841592931, -6.039299285850033, -6.258304815830262, -6.797223251349926, -6.760322995452377, -6.577635877820707, -6.481820246141343, -6.690992422003787, -6.881874782919358, -7.2558598776654835, -6.494501172411033, -6.684478227382458, -6.523812633930754, -6.577635877820707, -6.992995250176161, -6.772747904665597, -6.577635877820707, -5.962375484103963, -6.193997554309203, -7.172872664853371, -6.982655927092476, -6.679610562643651, -6.4692351052247306, -6.696415297931304, -6.004637169471468, -6.903535297579672, -6.679610562643651, -6.511072469133012, -6.465812138008069, -6.366990683961916, -5.664334467256496, -6.064532898038184, -6.53025547593715, -6.813995908263271, -6.522472779238392, -6.387782633838818, -6.771228162307423, -6.771228162307423, -6.4692351052247306, -6.508490946802016, -6.6704202088888005, -6.270188120253977, -6.270188120253977, -6.270188120253977, -6.238435146716421, -5.577323497301227, -6.270188120253977, -6.304990824932095, -6.731082186566426, -5.9407415257102585, -6.638299290080658, -5.203014378476526, -6.903535297579672, -6.702350193915602, -6.482690821455683, -6.300478641546492, -6.742375482676128, -6.699258614936119, -5.524638645095079, -5.331115287842294, -6.277890486435352, -6.522472779238392, -6.337412646293472, -6.53025547593715, -6.702350193915602, -6.85321592441578, -5.524638645095079, -5.4597145237467934, -5.4597145237467934, -6.735399056202353, -5.862931879468987, -5.385735861548485, -5.002361680438765, -5.224029771450304, -5.4597145237467934, -5.233266470365809, -5.944449356818827, -5.940417196702617, -5.798610836696244, -6.036915879666782, -6.2752688643759065, -6.713008293125214, -5.798610836696244, -6.231980521550585, -6.332570579288104, -5.798610836696244, -6.00659117927961, -5.838820737970723, -5.615560487063016, -5.994410722610139, -5.693213369192068, -5.48009066426363, -5.7369936413619484, -5.982777718052308, -6.3873980370758945, -6.3873980370758945, -4.6263043293708135, -4.949087290408039, -4.949087290408039, -4.6263043293708135, -5.075731622491692, -5.203014378476526, -5.2703268383658335, -5.208147633257129, -5.204581448886987, -4.984326519863735, -7.080909342422234, -7.189592423831708, -6.511057509991222, -6.019293744218474, -6.321267888084598, -6.567204284742491, -5.740655790407778, -5.969069679704995, -6.833064615980106, -6.833064615980106, -5.950850385275202, -5.98531620623251, -5.753981163606224, -6.306938737091656, -5.833933049018048, -6.5712932371572235, -6.606497799000967, -6.081101713560914, -6.669893542525165, -5.942863368895389, -5.797918038305031, -5.826779981189356, -6.202141262081392, -5.797918038305031, -6.028582828870992, -5.80286518839597, -6.122699140019674, -6.335982135935185, -6.622077229304961, -5.851202892518283, -6.192611362298113, -6.503644171856803, -5.688827482333623, -6.320765867227227, -6.731234403201799, -6.758021180425026, -5.9849367226216525, -6.171753616781417, -5.962589531617364, -6.907448094046548, -5.962589531617364, -5.962589531617364, -5.962589531617364, -6.2757463970661105, -6.07238601138877, -6.22733034692979, -6.040542167394303, -5.969986586766448, -6.0705598139406005, -6.302103030241915, -6.722376697590917, -6.758021180425026, -6.557516836772237, -6.928949169995132, -6.6958448050628325, -6.406199139279149, -6.0705598139406005, -5.662041077484837, -5.524474741078369, -5.823404819409743, -6.135563836452322, -6.097187450977309, -6.352886022594444, -5.784810468821384, -5.837698320358196, -5.996772991615234, -6.551615566935673, -6.714645464004352, -6.120802973431451, -6.120802973431451, -5.934578347906213, -6.4753253360660725, -7.099133834041514, -6.982463851753382, -6.372522930322111, -6.10269126710653, -5.998954037147511, -6.518342573225299, -7.161393564190169, -6.982463851753382, -7.167665847689794, -6.6844346450277365, -6.848153297883952, -6.329741963482002, -6.2039075311642335, -6.541884272733823, -5.846813866211065, -6.011612533757872, -6.523336203109683, -6.39061390543183, -6.013810493492713, -6.089358807016318, -6.293809014290666, -6.300460850956241, -6.579788594182119, -7.02828111501914, -6.715266846444476, -6.824162342119574, -6.390812732414156, -6.896248042787955, -6.578356541993495, -6.282883636551147, -6.1115584797006255, -5.975664206587708, -6.0705598139406005, -6.789830645306343, -6.949508234001648, -5.975664206587708, -6.655676322356382, -6.942986362927702, -7.167665847689794, -6.715266846444476, -6.723479121575882, -6.063734944862905, -6.982463851753382, -6.284879756773176, -6.161728811313083, -6.578356541993495, -6.73228741081409, -6.253248884256514, -6.592244230748226, -6.506935274644245, -7.0372953756606815, -6.022709180978499, -6.824162342119574, -6.578356541993495, -6.122645348803841, -6.2755321751772355, -6.578356541993495, -6.592244230748226, -6.592244230748226, -6.071246968134172, -5.950009864208818, -6.992209896313029, -6.275293809183424, -5.487711129964957, -6.134190690425007, -6.583482556445508, -6.824162342119574, -5.8147363531530125, -6.972460650246057, -6.756863310117301, -6.306938737091656, -6.43007349252215, -6.73228741081409, -6.3918357772022025, -5.5492775786339115, -6.647967814442203, -6.297750249332948, -6.859150477829997, -6.985626641297913, -6.523336203109683, -6.732779044348522, -5.411947200143234, -6.563302411407368, -6.30798797147778, -6.782475314893061, -6.533921578170617, -6.791375286453066, -6.796363003647792, -6.695870793803277, -6.523336203109683, -5.312549035855693, -5.467530240422302, -5.5492775786339115, -5.467530240422302, -4.974081884598457, -5.660601620062594, -5.660601620062594, -5.791777956297923, -5.660601620062594, -5.7676054306328535, -5.7676054306328535, -5.703462498709008, -5.703462498709008, -5.802698629664247, -5.764395263050843, -5.791777956297923, -5.764395263050843, -6.42025730459349, -5.861487518831909, -4.640365012743845, -4.640365012743845, -4.552407936311549, -4.640365012743845, -5.212285010685839, -5.249329008830333, -5.177770395010711, -5.249329008830333, -5.249329008830333, -5.163894699675389, -5.163894699675389, -5.224427774394676, -5.249329008830333, -5.015903871139631, -5.158586334759972, -4.640365012743845, -4.419349233702692, -4.640365012743845, -5.5574515246183696, -5.608357019312258, -5.40273479042026, -7.0792980792276685, -6.457426267495557, -5.975350979093127, -5.975350979093127, -6.076908941691281, -5.615059680493407, -5.975152709784135, -6.253538471331541, -5.797919169846632, -6.05655824199727, -6.181338924775702, -6.391973660117864, -6.1286130286103075, -6.210746901305897, -5.869787906109941, -6.285978176316261, -6.6219040511864975, -6.072099143654398, -6.032253880366592, -6.089816430510928, -6.4366577942137555, -6.169863326178635, -6.216355047332093, -6.148739387707898, -5.516222447362601, -6.708435749723488, -5.895771531113808, -6.54044860637657, -5.97651985353985, -5.75649840431163, -6.437659984943692, -6.631706948522664, -5.770650889619802, -5.591120073813957, -7.109668308408197, -6.679792393427462, -6.157362385865585, -6.721323848228576, -6.2511573651570655, -6.283969096160278, -6.860593954377484, -6.369663934349975, -5.975124683660334, -5.940889178337836, -6.675377883965927, -6.169863326178635, -6.816969747940502, -6.044269029180612, -6.527298339146015, -6.860593954377484, -6.406801550522297, -6.28821321744264, -6.177850686055916, -6.770847010780413, -6.410824531290446, -6.569969002508059, -6.63844932648588, -5.869081936423189, -6.724074750240271, -6.920334753342801, -6.739807917733554, -6.418305571777587, -5.872009084588548, -6.007559456328879, -6.82776668606934, -6.169863326178635, -5.819119710688016, -6.063814244590234, -6.632577837629078, -6.348658116153554, -5.941284828035211, -5.883932558463712, -7.054709848421751, -6.59127525048445, -6.157746693241168, -5.984099951207302, -6.742072121489146, -6.963460996961128, -7.062362368879519, -5.952252916252259, -6.363428244594423, -6.667087392411089, -6.634201970165529, -6.183252746631719, -5.701376812551743, -6.920334753342801, -6.141949474221696, -6.076671529441105, -6.006093925849344, -5.960146385297954, -5.960146385297954, -6.696681674115227, -6.399397028162671, -6.679792393427462, -6.042653162081003, -6.362092794703335, -6.702183622688585, -6.888347052565923, -6.237216300159752, -5.985871822970063, -6.378286932507662, -6.613581508836899, -6.613581508836899, -6.177785712028196, -6.04426320383892, -6.326988339440284, -7.109366806202035, -6.805691397549523, -6.435636840881995, -7.144307858490113, -6.004564562579576, -6.143559515979613, -6.524271723288525, -6.470778360898265, -6.941942776969674, -6.297510133646933, -6.177785712028196, -6.037784051228262, -6.736058199424388, -6.297510133646933, -7.067929146697445, -6.630374554362419, -6.853825852242625, -6.410824531290446, -6.731574947124135, -6.405753091956554, -6.764341487079046, -6.174069896574887, -7.067929146697445, -6.7396497613422905, -6.741849680826653, -7.311994395866726, -6.7902228322688645, -5.951922439947261, -7.046080215472942, -5.977460345143222, -6.519121449781407, -7.047718815418025, -6.690544902502985, -6.942140937282593, -6.649593757401622, -6.739807917733554, -6.485722157741802, -6.319653624255187, -6.410824531290446, -6.391970192702424, -6.479487325269378, -6.739807917733554, -6.1500095250644184, -5.871379605539088, -6.03356768443831, -6.215408126617954, -5.880691507938665, -5.469066880385732, -6.301358425773236, -6.119116366477321, -6.739807917733554, -5.950295275218019, -5.968682594069534, -6.674887547775844, -7.002592394796114, -6.742575302706901, -6.664799019138622, -5.563430613622019, -6.03504401174931, -6.143385113746896, -5.515383404100717, -5.33066123925403, -5.280036811180199, -5.515383404100717, -5.152519273837603, -5.215660356572785, -5.696395020059196, -5.597862543358143, -6.088257020398062, -5.597862543358143, -5.597862543358143, -5.684743725541231, -6.044490083482756, -5.597862543358143, -5.597862543358143, -5.696395020059196, -5.696395020059196, -5.696395020059196, -5.82623151681546, -5.926222547198135, -6.328466170851089, -5.7098440593801545, -4.437052450119143, -5.128228913073343, -4.886408082875708, -5.128228913073343, -6.299364414301592, -4.964432462352169, -4.646876593669523, -5.246249528930123, -5.152677029363546, -4.646876593669523, -4.646876593669523, -4.942660347540608, -5.152677029363546, -6.6577103099052195, -7.371375472738722, -6.525981590301548, -7.371375472738722, -6.114283087102719, -6.471852756543637, -5.897570944223984, -6.195956154142977, -5.6216497592274175, -6.177640628260415, -5.873876819478457, -6.228047550565937, -6.619711719549502, -6.663151559616847, -6.5890426890780205, -5.768593904418338, -5.781997330451807, -6.448443118627231, -5.721993697711714, -5.945374229029225, -6.954364304821372, -6.136695994305459, -5.873876819478457, -5.788759629695358, -6.637618620727401, -6.9082441150072444, -6.5859003164312515, -6.396123602983417, -6.291885620136086, -6.291885620136086, -5.725780969224964, -5.842638742239251, -5.908271248328823, -5.942988742590555, -6.238551327445203, -5.921270789232975, -5.946339628500248, -6.090586366872939, -5.972804368517221, -5.946339628500248, -5.972804368517221, -5.893180854474808, -5.932418902573176, -5.962990679484975, -6.381225249622736, -6.01197213458982, -5.921270789232975, -6.136695994305459, -5.906963366949081, -6.80839482425206, -5.658839223954005, -5.600643709958668, -6.027124034899198, -5.725780969224964, -6.099948181033718, -6.002111857478368, -6.228898700614682, -5.832345303076042, -5.822361453282893, -5.715323336501547, -6.321016082914964, -6.094587358935259, -6.109090569042805, -6.541141881148868, -6.591744621028023, -6.43697505506138, -6.019996150388376, -6.3873994525496345, -6.3857790406705774, -6.618778217634228, -6.165830250066553, -5.965401649793295, -6.027124034899198, -5.972804368517221, -6.532675690941432, -6.053901338107864, -7.049016043117596, -6.979500735181678, -6.164929827461412, -6.0373867511262365, -5.87822139597217, -5.696693450690828, -5.7576319038329355, -6.031829627184476, -6.135228708557318, -6.260591886785994, -6.347480822931937, -6.304755354950934, -6.506524734069392, -6.219480883470906, -6.25825740150569, -7.089854364004661, -6.4745261387928545, -7.2529927462696415, -6.862231209670206, -6.613315322329663, -6.3802403639749246, -6.25825740150569, -6.347480822931937, -6.745346668237526, -6.4038555318127575, -6.0373867511262365, -6.77259151815487, -6.8214933420534445, -6.466844323793326, -6.170375464122805, -6.4038555318127575, -6.4038555318127575, -6.796598703580634, -6.466844323793326, -7.176587885908922, -6.01574323732541, -6.229518699945985, -6.161108271863018, -6.516685218034368, -5.885107047208857, -5.692861420665622, -6.635725511098787, -6.189048993786365, -6.888596186381027, -6.9082441150072444, -6.6789478284192345, -6.030207088512947, -6.616994761425435, -6.752967089649292, -6.764926840061876, -6.532675690941432, -6.762815571466667, -7.2042736378663745, -6.888596186381027, -6.584810916365525, -5.16886463298341, -6.832846380942383, -6.415116269155491, -6.822963680291455, -6.03362965390842, -6.878892774221949, -6.686300503666119, -6.54099896985149, -5.32266598128671, -6.951120668536708, -5.202883575408353, -6.5859003164312515, -6.159995705262308, -6.465826565891122, -6.934347890658785, -5.269441355796891, -6.537433429448954, -6.934347890658785, -6.863962400712952, -6.755451533417304, -5.17029528371417, -6.5380397963260455, -6.762426468869545, -6.520366217390906, -6.520366217390906, -6.066291800971797, -5.269441355796891, -6.762815571466667, -6.244427985875479, -6.520366217390906, -5.5204454415820825, -5.36574849574507, -5.412995361710257, -5.5204454415820825, -5.289136601511507, -5.289136601511507, -5.570503718476132, -5.70272827001308, -5.697176850405106, -5.465342392043177, -5.85709914758086, -4.839730114899731, -5.70272827001308, -5.465342392043177, -5.465342392043177, -5.570503718476132, -5.683337356638784, -5.570503718476132, -5.683337356638784, -6.177408963435128, -6.8188143190296895, -5.70272827001308, -5.70272827001308, -5.129367950398931, -6.970983810329248, -5.70272827001308, -5.754055097116429, -4.905004289154647, -6.260408765495158, -4.687243080257923, -4.457095644212711, -5.134320951187623, -5.17029528371417, -5.134320951187623, -5.110964324877048, -4.687243080257923, -4.687243080257923, -4.687243080257923, -5.040808765650422, -5.108587098098774, -6.568609174236175, -7.227692855905814, -6.8868127095012595, -6.37141599518507, -6.179635198663295, -6.646193175644741, -6.645222003012066, -6.197719307733599, -6.18837797237875, -6.138876779457423, -6.524426207659493, -6.420134225500104, -5.630233093839297, -6.197719307733599, -5.955889470255834, -6.276379619285861, -6.708262635818107, -5.9321905958780095, -6.250783961582638, -6.250783961582638, -5.854636864638595, -6.1901000717119015, -6.103145422091332, -5.583540291237981, -5.901075489917393, -5.615519774990523, -5.775940823814308, -6.010499769914827, -6.6568397934215096, -5.776219948332803, -6.242494210856262, -7.302935334096889, -6.839125068251175, -6.15602284505654, -5.794473279358997, -6.0036110125208735, -6.258409129270544, -5.9321905958780095, -6.545709000562594, -7.031349718012863, -5.999793975772562, -6.342799496531564, -5.956557316667032, -6.094817081841269, -6.115551222195728, -7.3991319871885874, -6.15602284505654, -5.856609090762092, -5.812438999128722, -6.432556570849764, -6.010499769914827, -6.522944168132866, -6.649711321632292, -6.644695620329071, -6.487476541518494, -5.999793975772562, -5.999793975772562, -5.893824983472276, -5.608802046819087, -5.8879054853831025, -6.331649360949386, -6.457575846961213, -6.487476541518494, -6.154142666929471, -6.991809404237141, -5.826705430255166, -7.070931668734385, -6.626694703713079, -6.34279153151162, -6.048704195986994, -6.027353091380283, -5.975094637211696, -6.2135494159103555, -6.307492064451189, -6.2206617522480645, -5.908853134616543, -5.917932368342959, -6.322654223060194, -6.4734461544146695, -6.751268476482739, -7.002151955257592, -6.971010859188505, -5.9270066231181975, -5.808060989578816, -6.660726379497525, -5.96473607606347, -7.070931668734385, -6.136823619443407, -6.282198217005759, -6.102901848534939, -6.869647574546405, -5.98084735536689, -6.044601866551708, -6.415204762330079, -5.737031861927625, -5.930852633465285, -6.329491365554678, -6.2936257749058075, -6.318966960577713, -6.318966960577713, -6.346644069895281, -6.632907153558162, -6.551410943352783, -6.757773930629488, -6.793001907798697, -6.300278037226108, -6.8090061721184725, -6.795020395975473, -6.75911346191218, -5.826705430255166, -6.7211516676401875, -6.792543659111727, -6.766012514456809, -6.5087802878918195, -6.013263021720327, -6.821042926732787, -6.340172653157742, -6.453458921134429, -7.000684437438855, -6.487476541518494, -6.568609174236175, -6.07129593831644, -6.457575846961213, -6.934124898958727, -7.26032284517968, -6.209332188028525, -5.944514810995522, -6.457575846961213, -6.899401680158876, -6.339533838449081, -7.084651091018744, -6.787191353882091, -6.739140669311085, -6.563854260501645, -6.568609174236175, -6.754782711148637, -6.457575846961213, -6.592834911996747, -6.507925284365439, -6.457575846961213, -5.9184344229292565, -5.899997386869683, -5.424475989266403, -6.333539508657827, -6.794281957302048, -6.799233859553601, -6.451793298743142, -6.893385990339831, -5.510876934026688, -6.220159294961403, -6.142138942154743, -5.424475989266403, -6.787191353882091, -6.8532275489824634, -5.252646711136817, -6.017652164658333, -5.424475989266403, -6.556088481213579, -5.424475989266403, -5.510876934026688, -5.510876934026688, -7.071400665843227, -5.72039259810066, -5.72039259810066, -5.7282749854703, -5.119083369113827, -5.7282749854703, -5.7282749854703, -5.731869102643094, -5.7282749854703, -5.682830358267962, -5.864833952669932, -5.771427467105434, -5.7235691139536975, -5.651330140033499, -5.7282749854703, -5.682830358267962, -6.118269691782538, -6.118269691782538, -6.365127118565736, -5.767915031361017, -6.026018576185876, -5.7282749854703, -5.7282749854703, -5.745054381608358, -5.745054381608358, -4.761913585189107, -4.761913585189107, -5.115203569370041, -6.538469970466154, -6.538469970466154, -4.790623505475803, -5.1123212441624135, -5.1786745244682315, -5.1896061971653635, -5.1501306799669875, -5.252646711136817, -5.1867072977475255, -5.1123212441624135, -4.602414036217715, -5.195976323677003]","0     -7.22
1     -6.21
2     -7.24
3     -5.92
4     -5.96
       ... 
247   -6.00
248   -3.99
249   -5.24
250   -4.77
251   -4.71
Name: Permeability, Length: 252, dtype: float64","[array([-6.52247278, -6.49218509, -5.92784944, -5.91128822, -5.9666856 ,
       -6.80867438, -6.24526435, -6.93800435, -6.45535377, -6.30789799,
       -6.1122497 , -5.99966838, -6.26540587, -5.99867033, -5.79881812,
       -6.1162915 , -6.26975022, -6.81936206, -5.74475254, -6.34913817,
       -5.96519365, -6.3929639 , -5.80075239, -6.4599313 , -5.72304047,
       -6.01681636, -6.21105549, -6.11763997, -6.17642513, -6.03186057,
       -6.23961551, -6.33775833, -5.96637672, -6.31716895, -5.99867033,
       -6.71441098, -6.25708761, -5.7793078 , -5.99880913, -5.60057148,
       -6.16983067, -6.17991706, -5.94480306, -6.4599313 , -6.32677121,
       -6.82062485, -6.34296908, -5.97102096, -6.27489011, -6.06242551,
       -6.74990469, -6.81936206, -5.94074774, -5.90922516, -6.16983067,
       -6.33624158, -6.68932419, -6.48594225, -5.55503473, -6.67042021,
       -5.87089544, -6.48594225, -5.90653361, -5.57135098, -6.2034147 ,
       -7.10487991, -6.21967348, -5.53961667, -6.05202426, -6.15796318,
       -6.07647154, -6.7936518 , -6.2365944 , -6.788767  , -5.96500187,
       -6.01140399, -6.0125669 , -5.99867033, -6.38778263, -6.45585909,
       -5.94480306, -5.62004102, -6.05332919, -6.5482729 , -6.07048927,
       -5.66959176, -6.75855201, -6.00047126, -7.0654604 , -7.11251818,
       -6.7456089 , -6.7456089 , -5.68602115, -6.1190174 , -6.49646548,
       -6.52553351, -6.03786837, -6.46923511, -5.95103405, -5.91747419,
       -7.0163561 , -6.74237548, -6.7456089 , -5.83916359, -5.99761119,
       -6.06131732, -6.1049201 , -6.73108219, -6.61195462, -6.8450532 ,
       -5.77584315, -6.32068345, -6.38778263, -6.25146139, -6.31487528,
       -6.35622909, -6.86743774, -6.5565391 , -6.5565391 , -6.09098827,
       -6.48269082, -6.57763588, -6.18684823, -6.70235019, -6.43984916,
       -6.21361516, -6.52247278, -6.52247278, -6.48269082, -6.52247278,
       -6.73456847, -6.96732562, -6.21529056, -6.21299141, -6.52247278,
       -6.73396407, -6.57763588, -6.21382531, -6.46923511, -6.82018622,
       -7.06814034, -6.3338767 , -6.62770695, -6.93168249, -6.70501671,
       -6.13889406, -6.89354094, -6.0389432 , -5.80837868, -6.21299141,
       -5.97689606, -7.0930686 , -6.52207609, -5.33111529, -6.85225178,
       -6.67961056, -6.52247278, -6.34591299, -6.29114823, -6.79722325,
       -6.0645329 , -6.84506971, -6.46923511, -6.70235019, -6.70235019,
       -6.30281341, -6.96378597, -6.5656443 , -6.01525282, -6.67042021,
       -6.66808099, -5.33111529, -6.86763736, -6.33680211, -6.43265078,
       -6.28597242, -6.13398426, -6.13398426, -6.11815931, -6.1748824 ,
       -5.90322695, -6.46923511, -7.03502729, -6.26022901, -5.33111529,
       -6.52247278, -6.7668294 , -6.94129675, -6.28205916, -5.75197706,
       -6.40969748, -6.53025548, -6.15903271, -5.33111529, -6.6651923 ,
       -5.97408533, -6.74237548, -5.55827084, -6.07261892, -6.17080168,
       -6.22962044, -6.44297803, -6.74237548, -5.45971452, -6.07113337,
       -6.73539906, -5.40282211, -6.87318257, -6.03691588, -5.16842308,
       -5.9404172 , -6.42769302, -5.79861084, -5.94444936, -5.79861084,
       -6.03691588, -5.86940062, -6.273517  , -4.91968394, -5.13650732,
       -5.59584637, -6.24544534, -6.00659118, -6.00659118, -5.94444936,
       -5.94444936, -5.94444936, -5.99441072, -5.94444936, -6.33257058,
       -5.94444936, -5.95095707, -5.73699364, -6.14569424, -4.71140401,
       -4.94908729, -4.76811069, -4.94908729, -6.33284608, -4.76811069,
       -4.45648396, -5.07573162, -5.20301438, -5.19055958, -5.27032684,
       -5.11578385, -5.20814763, -4.62630433, -4.39776767, -4.84901258,
       -4.84901258, -4.67551806]), array([-6.47532534, -6.67889732, -5.96258953, -6.01929374, -6.05299102,
       -7.03039815, -6.10352401, -7.15605181, -6.30835201, -6.4506341 ,
       -6.10340616, -6.18255849, -6.69266272, -6.02118577, -5.83476686,
       -5.8746241 , -6.35637697, -6.90116631, -5.71804623, -6.43435712,
       -5.76044416, -6.75915076, -5.80491804, -6.58855757, -5.81003376,
       -6.12396225, -6.3215298 , -6.20130276, -6.13212626, -6.02118577,
       -6.62333   , -6.49175048, -5.90075977, -6.17175362, -5.96258953,
       -6.32076587, -6.2184986 , -5.84710212, -6.19261136, -5.58218894,
       -6.12080297, -6.13977066, -6.07055981, -6.58855757, -6.3549641 ,
       -6.76264083, -6.22192495, -6.06562074, -6.31166522, -6.21619981,
       -6.69584481, -6.82861997, -5.90154961, -5.94152241, -6.12080297,
       -6.42433791, -6.41532957, -6.56965686, -5.67791019, -6.77630958,
       -5.98493672, -6.56965686, -5.87064178, -5.63430746, -6.2184986 ,
       -6.24013573, -5.94769509, -5.60859325, -6.10849303, -6.12922111,
       -6.13119996, -6.5233362 , -6.07933039, -6.76723332, -5.86551999,
       -5.96998659, -5.94846162, -5.96258953, -6.30693874, -6.34253691,
       -6.07055981, -5.77333077, -6.04099408, -6.48825264, -6.05755028,
       -5.79080732, -6.75686331, -6.0957298 , -7.09913383, -6.997361  ,
       -6.86523817, -6.86523817, -5.6792456 , -5.98865907, -6.62996414,
       -6.50495365, -6.10387606, -6.62988108, -5.99583434, -5.88312793,
       -7.12301571, -6.83426561, -6.86523817, -5.66885697, -6.10020317,
       -6.0345178 , -5.94723684, -6.82933554, -6.71526685, -6.71811792,
       -5.66777049, -6.20390753, -6.30693874, -6.49074168, -6.23281391,
       -6.57508292, -7.02896747, -6.57835654, -6.57835654, -5.9041557 ,
       -6.50657068, -6.28487976, -6.2868342 , -6.78247531, -6.34880453,
       -6.12620387, -6.47532534, -6.47532534, -6.5249452 , -6.47532534,
       -6.65106269, -6.95560462, -6.39820526, -6.1529201 , -6.47532534,
       -6.74752072, -6.28487976, -6.12280638, -6.57835654, -6.46830092,
       -7.05568365, -6.39900941, -6.76802124, -7.22266952, -6.69762343,
       -6.0785193 , -6.65567632, -5.97566421, -5.75012874, -6.1529201 ,
       -5.97086565, -7.13712002, -6.82368822, -5.4119472 , -6.98057335,
       -6.7282642 , -6.47532534, -6.64538644, -6.12508438, -6.73228741,
       -6.02118577, -6.91938562, -6.57835654, -6.78247531, -6.77798848,
       -6.20390753, -6.64631055, -6.57835654, -6.07493551, -6.77630958,
       -6.79810594, -5.4119472 , -6.80989597, -6.60999632, -6.42433791,
       -6.41850116, -5.97524803, -6.12264535, -5.95000986, -6.13419069,
       -6.03577795, -6.57835654, -6.96307142, -6.58348256, -5.4119472 ,
       -6.47532534, -6.77630958, -6.91581096, -6.33509137, -5.46701788,
       -6.29716016, -6.73277904, -6.30798797, -5.4119472 , -6.56330241,
       -5.98893698, -6.8481533 , -5.56630456, -6.09810038, -6.111545  ,
       -6.17484795, -6.23507217, -6.83426561, -5.46753024, -5.4673476 ,
       -6.2894548 , -5.34737966, -6.71004206, -5.76760543, -5.13713228,
       -5.34239234, -6.43425267, -5.4187057 , -5.79177796, -5.47036563,
       -5.76760543, -5.68857939, -6.29493319, -4.92088181, -5.37740836,
       -5.16933473, -5.40800704, -5.7034625 , -5.7034625 , -5.79177796,
       -5.79177796, -5.79177796, -6.42883266, -5.79177796, -6.04394321,
       -5.79177796, -5.85521639, -5.76439526, -6.59704195, -4.3517656 ,
       -5.08007478, -4.3676893 , -5.08007478, -6.36282121, -4.41934923,
       -4.4594145 , -5.15286916, -5.27609979, -5.36951677, -5.18027143,
       -5.22442777, -5.18863004, -4.64036501, -4.12088463, -4.81870449,
       -4.84665465, -5.02774015]), array([-6.41082453, -6.53361925, -5.89577153, -5.93614379, -5.97303343,
       -6.87847201, -5.85766421, -6.91525691, -6.36438279, -6.34454085,
       -6.07690894, -5.84861292, -6.03444998, -5.94128483, -5.76149408,
       -6.15615265, -6.18133892, -6.83958585, -5.70830763, -6.4042488 ,
       -5.93763581, -6.4448975 , -5.77065089, -6.33186722, -5.69915827,
       -5.87169501, -6.29590313, -5.93158069, -6.16986333, -6.04064553,
       -6.63555308, -6.70218362, -5.99155588, -6.20676046, -5.94128483,
       -6.52419294, -6.3064003 , -5.99663024, -5.94404756, -5.5058889 ,
       -6.17785069, -6.14777366, -5.91701527, -6.33186722, -5.92782692,
       -6.8152732 , -6.2083705 , -6.00994762, -6.33424545, -6.17458939,
       -6.86059395, -6.77587931, -5.95457244, -5.84758472, -6.17785069,
       -6.2789861 , -6.54742246, -6.5802965 , -5.61790129, -6.93331978,
       -5.82078339, -6.5802965 , -5.88393256, -5.57689949, -6.2839691 ,
       -6.15617842, -6.31297648, -5.54587622, -5.96623881, -6.16975712,
       -5.95812669, -6.64032995, -6.04805573, -6.81940661, -5.86535428,
       -6.01687374, -6.03163909, -5.94128483, -6.39197019, -6.5571747 ,
       -5.92188513, -5.81968687, -6.01054864, -6.47563363, -5.97525925,
       -6.01374416, -6.83309853, -5.93528199, -7.07397918, -7.04107918,
       -6.88834705, -6.88834705, -5.53006608, -6.14355952, -6.57797893,
       -6.61250975, -6.19283795, -6.59127525, -5.90462208, -5.70137681,
       -7.08778353, -6.73157495, -6.88834705, -5.87271162, -5.939279  ,
       -5.96260571, -5.95446202, -6.71954874, -6.67979239, -6.7353382 ,
       -5.56343061, -6.289656  , -6.39197019, -6.18731976, -6.14804833,
       -6.39304629, -6.84577515, -6.61358151, -6.61358151, -6.00653776,
       -6.5181966 , -6.39125748, -6.20425107, -6.73980792, -6.46303503,
       -6.00456456, -6.48572216, -6.48572216, -6.5181966 , -6.48572216,
       -6.62875772, -6.93586667, -6.16839428, -6.17778571, -6.48572216,
       -6.74184968, -6.39125748, -6.03778405, -6.59127525, -6.82776968,
       -7.0674723 , -6.10783655, -6.75158309, -7.13917184, -6.99520862,
       -6.25459269, -6.76434149, -6.0354193 , -5.75975959, -6.17778571,
       -6.1740699 , -7.20078973, -6.42206909, -5.33066124, -7.01963247,
       -6.68385371, -6.41082453, -6.67884187, -5.97632186, -6.73964976,
       -6.05005034, -6.94011299, -6.59127525, -6.73980792, -6.69668167,
       -6.26411084, -6.8735835 , -6.59989825, -6.16968944, -6.93331978,
       -6.81911523, -5.33066124, -6.98871393, -6.64959376, -6.3244994 ,
       -6.30085945, -5.97468412, -6.04958175, -6.03356768, -6.09896629,
       -5.88069151, -6.59127525, -7.34128205, -6.36636354, -5.33066124,
       -6.48572216, -6.8936461 , -7.05429848, -6.39547612, -5.79008712,
       -6.3763457 , -6.70828684, -6.05153362, -5.33066124, -6.68602723,
       -5.78504193, -6.84336287, -5.51465909, -6.04095875, -6.22360128,
       -6.08344963, -6.19388564, -6.73157495, -5.5153834 , -6.00359925,
       -6.58941   , -5.1957199 , -7.03312534, -5.76726308, -5.11671764,
       -5.7601862 , -6.33343552, -5.59786254, -5.69639502, -5.59786254,
       -5.76726308, -5.66714768, -6.22440772, -5.02497127, -5.38263211,
       -5.17011532, -5.49895825, -6.04449008, -6.04449008, -5.69639502,
       -5.69639502, -5.69639502, -6.53287856, -5.69639502, -6.05972123,
       -5.69639502, -6.06295004, -5.70984406, -6.23971322, -4.88640808,
       -5.12822891, -4.88640808, -5.12822891, -6.29936441, -4.88640808,
       -4.53540126, -5.12537434, -5.24463949, -5.19964795, -5.15705831,
       -5.15428707, -5.11252974, -4.64687659, -4.16000259, -4.88251868,
       -4.90926106, -4.98466195]), array([-6.45105271, -6.34275665, -5.94633963, -5.90448086, -5.92732668,
       -7.07231291, -6.13008758, -6.99727844, -6.36375909, -6.29788424,
       -6.07106349, -5.94633963, -6.14451664, -5.94633963, -5.76645756,
       -5.9397961 , -6.35117715, -6.83368821, -5.72578097, -6.46692346,
       -5.8284741 , -6.35160914, -5.80209961, -6.44153085, -5.80681297,
       -5.94633963, -6.29788424, -5.82236145, -6.23855133, -6.03843687,
       -6.72832353, -6.36982997, -5.68288105, -6.3961236 , -5.94633963,
       -6.63839246, -6.29188562, -5.94756486, -5.8681122 , -5.87332333,
       -6.16583025, -6.13669599, -5.96299068, -6.44153085, -6.00481319,
       -6.5542839 , -6.45208189, -6.00211186, -6.24951381, -6.08398688,
       -6.82001695, -6.65822279, -5.96945348, -5.94633963, -6.16583025,
       -6.34851227, -6.66453664, -6.51291718, -5.38730442, -6.78171159,
       -5.87023971, -6.51291718, -5.84340142, -5.60763722, -6.29188562,
       -6.13675886, -6.06264454, -5.62475389, -6.19310607, -6.3961236 ,
       -6.11575482, -6.65737713, -6.10716762, -6.85972086, -5.96367514,
       -5.96540165, -5.98734849, -5.97280437, -6.43001294, -6.54544544,
       -6.02920744, -5.61056315, -5.94633963, -6.47909978, -6.03843687,
       -5.74262475, -6.804056  , -5.94575364, -7.06397828, -7.19135961,
       -7.03801595, -7.03801595, -5.68692581, -6.04014055, -6.66208854,
       -6.6162263 , -6.04674644, -6.51291718, -5.84314997, -5.79650698,
       -6.97807759, -6.76281557, -7.03801595, -5.78904137, -6.07321394,
       -6.10540165, -6.01739085, -6.72798207, -6.66458006, -6.86895521,
       -5.69286142, -6.38739945, -6.43001294, -6.29196866, -6.39075636,
       -6.51922884, -6.84039514, -6.58590032, -6.58590032, -6.10061401,
       -6.44941962, -6.46684432, -6.07682249, -6.73681102, -6.35948162,
       -6.29954103, -6.51668522, -6.54314996, -6.48791726, -6.54314996,
       -6.76785863, -7.13809025, -6.17418407, -6.2582574 , -6.51668522,
       -6.73308713, -6.46684432, -6.06661837, -6.53267569, -6.67623835,
       -7.14160843, -5.78885304, -6.47452614, -7.29595042, -6.64899295,
       -6.2295187 , -6.88112153, -6.17037546, -5.9010751 , -6.2582574 ,
       -6.19122654, -7.07489212, -6.65538183, -5.26944136, -6.93262229,
       -6.71801842, -6.45105271, -6.35407481, -6.37690846, -6.76719145,
       -6.03843687, -6.93434789, -6.53267569, -6.68358639, -6.61921268,
       -6.34748082, -6.84928216, -6.57245745, -6.15999571, -6.78171159,
       -6.72282797, -5.26944136, -6.88859619, -6.48112817, -6.38829403,
       -6.56273034, -6.02712403, -6.09275654, -6.18549171, -6.16000564,
       -5.87933872, -6.53267569, -6.46124074, -6.41993687, -5.26944136,
       -6.54314996, -6.82149334, -7.02887922, -6.27678212, -5.67667494,
       -6.38201338, -6.52036622, -6.24578992, -5.26944136, -6.70541257,
       -5.88853056, -6.82844808, -5.60103832, -6.0662918 , -6.13161025,
       -6.15494607, -6.22876553, -6.76281557, -5.50641609, -5.61028392,
       -6.49507385, -4.86363163, -6.82218536, -5.69717685, -5.23421873,
       -5.5133242 , -6.23604268, -5.5133242 , -5.70272827, -5.5133242 ,
       -5.69717685, -5.46534239, -5.85709915, -4.77864274, -5.24037336,
       -5.61470298, -5.49853504, -5.68333736, -5.68333736, -5.70272827,
       -5.70272827, -5.70272827, -6.3343387 , -5.70272827, -6.12893844,
       -5.70272827, -6.04569943, -5.73190943, -6.50400965, -4.68724308,
       -5.06643818, -4.68724308, -5.06643818, -6.26040877, -4.68724308,
       -4.47590005, -5.00244133, -5.17029528, -5.15356953, -5.106194  ,
       -5.15185506, -5.15392735, -4.68724308, -4.45817695, -4.93061194,
       -4.93061194, -4.90388081]), array([-6.45757585, -6.15246893, -5.89212067, -5.90480234, -6.01282671,
       -6.88681271, -6.10007796, -6.91739955, -6.29809066, -6.4647312 ,
       -6.11912119, -5.94818354, -6.29050162, -5.94451481, -5.68387385,
       -5.86946386, -6.33351046, -6.97816341, -5.66523836, -6.41016248,
       -5.89112504, -6.34793118, -5.75556707, -6.34326418, -5.68364461,
       -6.00965193, -6.31671353, -5.9430377 , -6.13887678, -5.99216415,
       -6.52442621, -6.50206401, -5.91942061, -6.27318805, -5.94451481,
       -6.48209871, -6.24249421, -6.23751802, -5.96944602, -5.56810745,
       -6.15602285, -6.23624142, -5.9321906 , -6.34326418, -5.67546806,
       -6.85934909, -6.24052953, -6.01049977, -6.41615532, -6.20384068,
       -6.8359186 , -7.00257272, -5.89127927, -5.89212067, -6.15602285,
       -6.30749206, -6.18112532, -6.53851332, -5.62973995, -6.77175971,
       -5.71376537, -6.53851332, -5.84488847, -5.60880205, -6.24249421,
       -6.0656202 , -6.19381548, -5.54844311, -6.01731179, -6.23213371,
       -6.05083753, -6.67275471, -6.00635231, -6.82309814, -5.89087426,
       -5.91793237, -5.89382498, -5.95655732, -6.38782387, -6.49671962,
       -6.11261666, -5.80336474, -5.9833914 , -6.4309934 , -6.04341913,
       -5.91565439, -6.84510357, -5.98924451, -7.09322256, -6.99902582,
       -6.73928079, -6.73928079, -5.61204999, -6.07449622, -6.74351374,
       -6.62503417, -6.06834441, -6.56860917, -5.93806717, -5.81968807,
       -7.03174194, -6.78640248, -6.73928079, -5.8797583 , -5.90022696,
       -5.91493772, -5.95612479, -6.70707279, -6.63290715, -6.83258964,
       -5.68577087, -6.24648264, -6.38782387, -6.36655261, -6.16261231,
       -6.3397067 , -6.86446173, -6.60796876, -6.60796876, -6.02712231,
       -6.51753478, -6.4056823 , -6.23820963, -6.79923386, -6.68359696,
       -6.31387096, -6.48747654, -6.49951905, -6.55141094, -6.49951905,
       -6.62919109, -6.88206639, -6.21601664, -6.19952915, -6.47349077,
       -6.77961481, -6.4056823 , -5.97074336, -6.56860917, -6.83717132,
       -7.07931856, -6.25947854, -6.97919034, -7.08506124, -6.79073168,
       -6.10251915, -6.79300191, -6.02129579, -5.76921698, -6.19952915,
       -6.26458995, -7.16051937, -6.44613738, -5.42447599, -6.99034189,
       -6.62452852, -6.45757585, -6.33874933, -6.38784527, -6.75126848,
       -6.01419458, -6.98554706, -6.56860917, -6.78719135, -6.75478271,
       -6.29362577, -6.84916024, -6.60585564, -5.94833512, -6.77175971,
       -6.63290715, -5.42447599, -6.88563788, -6.45624605, -6.37552173,
       -6.4493757 , -5.99979398, -6.02969467, -6.20836731, -6.0942191 ,
       -5.96852553, -6.56860917, -7.25224149, -6.3397067 , -5.42447599,
       -6.49951905, -6.80900617, -6.9175543 , -6.14213894, -5.65195926,
       -6.29068255, -6.55608848, -6.1966027 , -5.42447599, -6.68583225,
       -5.89999739, -6.84708637, -5.68457434, -5.99604122, -6.24144131,
       -6.05743124, -6.29845012, -6.78640248, -5.57667961, -6.09822931,
       -6.40304943, -5.34676337, -7.07140067, -5.7203926 , -5.11908337,
       -5.7318691 , -6.13316643, -5.59948681, -5.72827499, -5.59948681,
       -5.7203926 , -5.77142747, -6.28942701, -5.72356911, -5.11316581,
       -5.37689208, -6.05148309, -5.90215901, -5.90215901, -5.72827499,
       -5.72827499, -5.72827499, -6.44639806, -5.72827499, -5.83052952,
       -5.72827499, -5.87103247, -5.74505438, -6.20755336, -4.44105664,
       -5.11520357, -4.54207537, -5.11520357, -6.53846997, -4.74938667,
       -4.76191359, -5.11522014, -5.25264671, -5.15013068, -5.17232714,
       -5.15107434, -5.14560724, -4.60241404, -4.79062351, -4.89729624,
       -4.89254144, -4.87435042])]","[-6.46345024 -6.43998545 -5.92493416 -5.93520179 -5.98657269 -6.93533403
 -6.08732362 -6.98479821 -6.35798766 -6.37313768 -6.09654989 -5.98507259
 -6.28550737 -5.97039907 -5.76908209 -5.99126564 -6.29843074 -6.87439317
 -5.71242515 -6.412966   -5.87657455 -6.4593105  -5.7867976  -6.43303022
 -5.74453802 -5.99369304 -6.28861724 -6.00318451 -6.17116856 -6.02485858
 -6.55024967 -6.48071728 -5.89219881 -6.27299894 -5.95867983 -6.53597219
 -6.26327327 -5.96162461 -5.99460526 -5.62601602 -6.15806749 -6.16807976
 -5.96551188 -6.43303022 -6.0579687  -6.76243437 -6.29317519 -6.01184019
 -6.31729398 -6.14820846 -6.7924558  -6.81693137 -5.93152051 -5.90735852
 -6.15806749 -6.33911399 -6.49954764 -6.53746522 -5.57357812 -6.78670417
 -5.85212413 -6.53746522 -5.86987957 -5.59979944 -6.24805244 -6.34071462
 -6.14736101 -5.57345663 -6.06743479 -6.21703974 -6.06647811 -6.65748996
 -6.09550009 -6.81164518 -5.91008511 -5.97631967 -5.97476822 -5.96638127
 -6.38090567 -6.47954715 -6.01581442 -5.72539731 -6.00692059 -6.48445047
 -6.03703096 -5.82648447 -6.79953468 -5.99329624 -7.07915485 -7.06826876
 -6.85529817 -6.85529817 -5.63886173 -6.07317455 -6.62200217 -6.57685147
 -6.08993465 -6.55438356 -5.92654152 -5.8236348  -7.04739497 -6.77148682
 -6.85529817 -5.80990637 -6.00210685 -6.01575604 -5.99602692 -6.74300427
 -6.66090022 -6.80001084 -5.67713531 -6.28962582 -6.38090567 -6.31760882
 -6.24982124 -6.43665877 -6.88940745 -6.58846924 -6.58846924 -6.02588361
 -6.4948825  -6.42525995 -6.19859312 -6.75213566 -6.45895346 -6.19155911
 -6.49753641 -6.50523786 -6.51303216 -6.50523786 -6.68228772 -6.97579071
 -6.23441816 -6.20029675 -6.49473925 -6.74720728 -6.42525995 -6.08235549
 -6.54803035 -6.7259333  -7.08244466 -6.17781085 -6.72020555 -7.1349071
 -6.76751468 -6.16080878 -6.79753644 -6.04833959 -5.79771182 -6.20029675
 -6.11552962 -7.13327797 -6.57387052 -5.35352821 -6.95508435 -6.68685508
 -6.46345024 -6.47259309 -6.23146164 -6.75752407 -6.03768009 -6.92489265
 -6.54803035 -6.73908223 -6.71020315 -6.28238768 -6.83642448 -6.58444244
 -6.07364172 -6.78670417 -6.72820746 -5.35352821 -6.88809626 -6.50675328
 -6.38906077 -6.40348782 -6.02216688 -6.08573251 -6.09911918 -6.13245282
 -5.93351213 -6.54803035 -7.0105726  -6.39394374 -5.35352821 -6.50523786
 -6.81345692 -6.97156794 -6.28630954 -5.66754325 -6.35117985 -6.60955521
 -6.19218938 -5.35352821 -6.66115335 -5.90731844 -6.82188522 -5.58496943
 -6.05480221 -6.1757999  -6.14005907 -6.2798303  -6.77148682 -5.50514477
 -5.85011869 -6.50247743 -5.23126333 -6.9019872  -5.79787077 -5.15511502
 -5.65763781 -6.31291806 -5.58559802 -5.77272512 -5.59593    -5.79787077
 -5.69237951 -6.18787681 -5.07354977 -5.25001739 -5.3853783  -5.74048575
 -5.86800803 -5.86800803 -5.77272512 -5.77272512 -5.77272512 -6.34737174
 -5.77272512 -6.0791406  -5.77272512 -5.95717108 -5.73763935 -6.33880248
 -4.61557548 -5.06780655 -4.65030531 -5.06780655 -6.35878209 -4.70209955
 -4.53782267 -5.09432732 -5.22933913 -5.2126849  -5.17723554 -5.15948562
 -5.1617684  -4.64064061 -4.38549107 -4.87562879 -4.88561633 -4.89323028]","[0.03628319 0.17927083 0.02761088 0.04361675 0.04287089 0.09942905
 0.12644572 0.09061102 0.05586719 0.07089731 0.01917435 0.11017804
 0.22320963 0.03309092 0.05004724 0.12158061 0.06618701 0.05896088
 0.02645215 0.03879905 0.0742879  0.1539602  0.01996647 0.09303395
 0.05366067 0.0835288  0.0400685  0.13696176 0.0377805  0.01769204
 0.16821899 0.12834174 0.10954673 0.07968546 0.02130746 0.13541431
 0.03210424 0.15741351 0.10808668 0.12768169 0.01991398 0.03737597
 0.0546489  0.09303395 0.25555046 0.10853312 0.09248867 0.03052401
 0.05741923 0.06308224 0.06072186 0.11088636 0.03024254 0.03604242
 0.01991398 0.04893874 0.18655507 0.03501183 0.10104021 0.08411231
 0.08768707 0.03501183 0.02394675 0.02309547 0.03495198 0.38610703
 0.1279523  0.03577007 0.07806341 0.09564168 0.06115822 0.08609851
 0.07810696 0.03161805 0.045263   0.03589967 0.04912259 0.01910266
 0.04024974 0.07745508 0.07268071 0.09116347 0.03886283 0.03755472
 0.0328604  0.12323806 0.03667131 0.05689725 0.01443409 0.07439239
 0.1096071  0.1096071  0.06118887 0.05530184 0.0826231  0.05088476
 0.0562596  0.05697887 0.05092903 0.07489162 0.05169731 0.03654934
 0.1096071  0.07747265 0.07619208 0.06848863 0.06002405 0.04395935
 0.03607068 0.06120869 0.06794348 0.06282232 0.04024974 0.10428674
 0.09202946 0.09354116 0.07055203 0.02068457 0.02068457 0.07073433
 0.02611052 0.0961184  0.06979111 0.03465298 0.12072595 0.11519116
 0.0185613  0.02466859 0.02527005 0.02466859 0.05781933 0.08625364
 0.08428285 0.03541885 0.02078692 0.01705175 0.0961184  0.0819904
 0.04394939 0.14175485 0.03051249 0.21731983 0.16688821 0.12445098
 0.1226554  0.06952118 0.08654489 0.06505545 0.05534298 0.03541885
 0.11960175 0.04547613 0.14906044 0.05751904 0.05854626 0.03641967
 0.03628319 0.15518034 0.15848378 0.02308677 0.01842987 0.0456115
 0.04394939 0.04153795 0.05496536 0.04748431 0.10399285 0.01569366
 0.08461071 0.08411231 0.07193928 0.05751904 0.05773051 0.11238643
 0.03872113 0.1020115  0.05913415 0.0404654  0.09621692 0.03207994
 0.06054123 0.04394939 0.30737354 0.10787266 0.05751904 0.02466859
 0.04487482 0.05843216 0.08389399 0.11196673 0.04813811 0.09168845
 0.08623829 0.05751904 0.05055246 0.07277023 0.0403764  0.05689303
 0.03455046 0.05039874 0.06242614 0.08827374 0.03654934 0.04171915
 0.25999887 0.15305498 0.19630185 0.13411869 0.12258672 0.04365895
 0.20794074 0.11535755 0.12553432 0.09225387 0.11285924 0.12258672
 0.13400149 0.167246   0.33431643 0.1144736  0.19492132 0.34032963
 0.1501306  0.1501306  0.09225387 0.09225387 0.09225387 0.18740662
 0.09225387 0.16132577 0.09225387 0.08588328 0.01775775 0.17794203
 0.19376384 0.0634728  0.1803178  0.0634728  0.09610879 0.15539088
 0.11560349 0.05218507 0.03779701 0.08082498 0.05320399 0.03544948
 0.03352519 0.02784799 0.24100949 0.03870115 0.03313452 0.12191895]"
4,AdaBoostRegressor,"[-6.579021591597479, -6.715156527670256, -6.715156527670256, -6.404904761904766, -6.404904761904766, -6.288738158164288, -6.435851983973619, -6.404904761904766, -6.545323660714273, -6.435851983973619, -6.288738158164288, -6.222853535353533, -6.404904761904766, -6.288738158164288, -6.5747487226085966, -6.288738158164288, -6.288738158164288, -6.288738158164288, -6.5747487226085966, -6.579021591597479, -6.579021591597479, -6.288738158164288, -6.18545292836171, -6.110604850317763, -6.383923076923077, -6.279044666382718, -6.579021591597479, -6.279044666382718, -6.5747487226085966, -6.469446354328527, -6.435851983973619, -6.404904761904766, -6.383923076923077, -6.288738158164288, -6.404904761904766, -6.414346733668339, -6.404904761904766, -6.150986295101261, -6.435851983973619, -6.545323660714273, -6.288738158164288, -6.288738158164288, -6.545323660714273, -6.435851983973619, -6.288738158164288, -6.288738158164288, -6.579021591597479, -6.579021591597479, -6.435851983973619, -6.579021591597479, -6.579021591597479, -6.251716738197421, -6.279044666382718, -6.5747487226085966, -6.5747487226085966, -6.383923076923077, -6.579021591597479, -6.545323660714273, -6.715156527670256, -6.288738158164288, -6.435851983973619, -6.579021591597479, -6.288738158164288, -6.131284206635135, -6.279044666382718, -6.288738158164288, -6.288738158164288, -6.288738158164288, -6.52030233732767, -6.545323660714273, -6.619843815282607, -6.383923076923077, -6.435851983973619, -6.495490909090911, -6.619843815282607, -6.288738158164288, -6.5747487226085966, -6.279044666382718, -6.435851983973619, -6.52030233732767, -6.288738158164288, -6.288738158164288, -6.579021591597479, -6.619843815282607, -6.579021591597479, -6.469446354328527, -6.288738158164288, -6.279044666382718, -6.279044666382718, -6.435851983973619, -6.288738158164288, -6.288738158164288, -6.288738158164288, -6.495490909090911, -6.150986295101261, -6.222853535353533, -6.579021591597479, -6.469446354328527, -6.288738158164288, -6.619843815282607, -6.619843815282607, -6.579021591597479, -6.279044666382718, -6.619843815282607, -6.579021591597479, -6.715156527670256, -6.545323660714273, -6.435851983973619, -6.288738158164288, -6.579021591597479, -6.579021591597479, -6.619843815282607, -6.579021591597479, -6.110604850317763, -6.131284206635135, -6.579021591597479, -6.579021591597479, -6.619843815282607, -6.579021591597479, -6.579021591597479, -6.0815137123445915, -6.579021591597479, -6.619843815282607, -6.469446354328527, -6.279044666382718, -6.435851983973619, -6.288738158164288, -6.383923076923077, -6.52030233732767, -6.630909773622999, -6.579021591597479, -6.469446354328527, -6.619843815282607, -6.619843815282607, -6.579021591597479, -6.469446354328527, -6.579021591597479, -6.545323660714273, -6.545323660714273, -6.545323660714273, -6.545323660714273, -5.602025162794869, -6.545323660714273, -6.555546285257145, -6.579021591597479, -6.404904761904766, -6.435851983973619, -5.429776256965812, -6.579021591597479, -6.579021591597479, -6.469446354328527, -6.469446354328527, -6.630909773622999, -6.619843815282607, -5.578538134448276, -5.429776256965812, -6.52030233732767, -6.579021591597479, -6.469446354328527, -6.52030233732767, -6.579021591597479, -6.414346733668339, -5.578538134448276, -5.602025162794869, -5.602025162794869, -6.279044666382718, -5.810886617321035, -5.822452830188676, -5.149545454545454, -5.429776256965812, -5.602025162794869, -5.822452830188676, -5.845687382132237, -5.822452830188676, -5.822452830188676, -5.928534482758622, -6.0539130434782615, -6.397333333333332, -5.822452830188676, -5.833454029969695, -6.176190476190478, -5.822452830188676, -5.822452830188676, -5.833454029969695, -6.170900000000004, -6.251716738197421, -6.170900000000004, -5.4679743499999995, -6.170900000000004, -6.170900000000004, -5.975315315315322, -5.975315315315322, -4.977686261139239, -5.079037941421568, -5.079037941421568, -4.7748, -5.429776256965812, -5.429776256965812, -5.35886869317808, -5.079037941421568, -4.990943978193877, -4.852842618888889, -6.759020076384618, -6.759020076384618, -6.410178272807267, -6.313448275862065, -6.313448275862065, -6.361831233942429, -6.2179704133868965, -6.313448275862065, -6.717622222222217, -6.717622222222217, -6.313448275862065, -6.2179704133868965, -6.2179704133868965, -6.410178272807267, -6.126149282944974, -6.566612262136659, -6.361831233942429, -6.361831233942429, -6.566612262136659, -6.313448275862065, -6.2179704133868965, -6.126149282944974, -6.313448275862065, -6.2179704133868965, -6.313448275862065, -6.313448275862065, -6.126149282944974, -6.410178272807267, -6.2179704133868965, -6.2179704133868965, -6.126149282944974, -6.361831233942429, -6.313448275862065, -6.130330815524594, -6.717622222222217, -6.361831233942429, -6.108060228444443, -6.108060228444443, -6.313448275862065, -6.361831233942429, -6.313448275862065, -6.313448275862065, -6.313448275862065, -6.361831233942429, -6.126149282944974, -6.361831233942429, -6.126149282944974, -6.313448275862065, -6.108060228444443, -6.313448275862065, -6.566612262136659, -6.361831233942429, -6.313448275862065, -6.518284286079736, -6.361831233942429, -6.566612262136659, -6.108060228444443, -6.313448275862065, -6.2179704133868965, -6.2179704133868965, -6.313448275862065, -6.361831233942429, -6.126149282944974, -6.2179704133868965, -6.0911778207702705, -6.313448275862065, -6.361831233942429, -6.410178272807267, -6.108060228444443, -6.108060228444443, -6.313448275862065, -6.661680403950713, -6.717622222222217, -6.499032468021055, -6.361831233942429, -6.313448275862065, -6.313448275862065, -6.661680403950713, -6.759020076384618, -6.499032468021055, -6.680849312215408, -6.680849312215408, -6.717622222222217, -6.2179704133868965, -6.361831233942429, -6.361831233942429, -6.2179704133868965, -6.313448275862065, -6.661680403950713, -6.130330815524594, -6.126149282944974, -6.130330815524594, -6.130330815524594, -6.2179704133868965, -6.410178272807267, -6.680849312215408, -6.661680403950713, -6.680849312215408, -6.566612262136659, -6.499032468021055, -6.661680403950713, -6.361831233942429, -6.361831233942429, -6.109440553171429, -6.108060228444443, -6.717622222222217, -6.759020076384618, -6.109440553171429, -6.680849312215408, -6.361831233942429, -6.680849312215408, -6.661680403950713, -6.499032468021055, -6.109440553171429, -6.499032468021055, -6.410178272807267, -6.361831233942429, -6.661680403950713, -6.680849312215408, -6.361831233942429, -6.661680403950713, -6.518284286079736, -6.680849312215408, -6.313448275862065, -6.680849312215408, -6.661680403950713, -6.313448275862065, -6.361831233942429, -6.661680403950713, -6.661680403950713, -6.661680403950713, -6.518284286079736, -6.0769824974370925, -6.661680403950713, -6.361831233942429, -5.559195742480315, -6.126149282944974, -6.518284286079736, -6.680849312215408, -5.711901083142855, -6.680849312215408, -6.499032468021055, -6.410178272807267, -6.518284286079736, -6.680849312215408, -6.499032468021055, -5.559195742480315, -6.410178272807267, -6.361831233942429, -6.361831233942429, -6.361831233942429, -6.661680403950713, -6.518284286079736, -5.446272772327273, -6.661680403950713, -6.716908634481615, -6.661680403950713, -6.661680403950713, -6.518284286079736, -6.661680403950713, -6.661680403950713, -6.661680403950713, -5.446272772327273, -5.62145735767485, -5.559195742480315, -5.62145735767485, -5.161297939567163, -5.670387596899223, -5.670387596899223, -5.930307692307689, -5.670387596899223, -5.670387596899223, -5.670387596899223, -5.670387596899223, -5.670387596899223, -5.930307692307689, -6.0769824974370925, -5.930307692307689, -6.0769824974370925, -5.9682828282828275, -6.0769824974370925, -4.8246666666666655, -4.8246666666666655, -4.721290322580645, -4.8246666666666655, -5.446272772327273, -5.446272772327273, -5.446272772327273, -5.446272772327273, -5.446272772327273, -5.444624810499999, -5.444624810499999, -5.446272772327273, -5.446272772327273, -5.4883333333333315, -5.332964371374998, -4.8246666666666655, -4.824210526315789, -4.8246666666666655, -5.4883333333333315, -5.4883333333333315, -5.446272772327273, -6.770598974522873, -6.341372549019604, -6.395739312567444, -6.395739312567444, -6.379369369369368, -6.280522636908001, -6.379369369369368, -6.532947438202379, -6.379369369369368, -6.379369369369368, -6.456127450980394, -6.341372549019604, -6.329104278074873, -6.379369369369368, -6.328054593465892, -6.395739312567444, -6.329104278074873, -6.348227499850383, -6.379369369369368, -6.328054593465892, -6.533251934199985, -6.178352781318181, -6.533251934199985, -6.379369369369368, -6.280522636908001, -6.456127450980394, -6.379369369369368, -6.395739312567444, -6.121539929940561, -6.328054593465892, -6.395739312567444, -6.578548025755316, -6.280522636908001, -6.328054593465892, -6.578548025755316, -6.540203722065325, -6.395739312567444, -6.532947438202379, -6.427697029660062, -6.348227499850383, -6.532947438202379, -6.532947438202379, -6.153306981471948, -6.395739312567444, -6.348227499850383, -6.178352781318181, -6.647818360308445, -6.456127450980394, -6.486019417932639, -6.532947438202379, -6.467797569449058, -6.456127450980394, -6.178352781318181, -6.647818360308445, -6.532947438202379, -6.532947438202379, -6.532947438202379, -6.413526315789477, -6.540203722065325, -6.641677710028041, -6.578548025755316, -6.329104278074873, -6.280522636908001, -6.379369369369368, -6.641677710028041, -6.178352781318181, -6.379369369369368, -6.341372549019604, -6.647818360308445, -6.486019417932639, -6.348227499850383, -6.328054593465892, -6.686314290984002, -6.578548025755316, -6.395739312567444, -6.379369369369368, -6.578548025755316, -6.671306916470796, -6.641677710028041, -6.348227499850383, -6.532947438202379, -6.395739312567444, -6.540203722065325, -6.395739312567444, -6.379369369369368, -6.641677710028041, -6.328054593465892, -6.467797569449058, -6.379369369369368, -6.348227499850383, -6.348227499850383, -6.540203722065325, -6.532947438202379, -6.540203722065325, -6.329104278074873, -6.348227499850383, -6.578548025755316, -6.532947438202379, -6.153306981471948, -6.379369369369368, -6.532947438202379, -6.578548025755316, -6.578548025755316, -6.328054593465892, -6.329104278074873, -6.329104278074873, -6.770598974522873, -6.395739312567444, -6.395739312567444, -6.641677710028041, -6.427697029660062, -6.328054593465892, -6.532947438202379, -6.395739312567444, -6.647818360308445, -6.467797569449058, -6.328054593465892, -6.395739312567444, -6.540203722065325, -6.467797569449058, -6.647818360308445, -6.540203722065325, -6.641677710028041, -6.532947438202379, -6.641677710028041, -6.532947438202379, -6.641677710028041, -6.280522636908001, -6.647818360308445, -6.578548025755316, -6.540203722065325, -6.647818360308445, -6.578548025755316, -6.121539929940561, -6.578548025755316, -6.121539929940561, -6.533251934199985, -6.647818360308445, -6.540203722065325, -6.671306916470796, -6.540203722065325, -6.578548025755316, -6.578548025755316, -6.098295429849999, -6.532947438202379, -6.532947438202379, -6.540203722065325, -6.578548025755316, -6.153306981471948, -6.152920122666665, -6.153306981471948, -6.153306981471948, -6.532947438202379, -5.59187244181395, -6.427697029660062, -6.456127450980394, -6.578548025755316, -6.467797569449058, -6.413526315789477, -6.533251934199985, -6.578548025755316, -6.467797569449058, -6.533251934199985, -6.329104278074873, -6.540203722065325, -6.395739312567444, -5.59187244181395, -5.415095708883561, -5.385447785426315, -5.59187244181395, -5.633333333333334, -5.3961815483026285, -5.865702479338843, -5.842990196078431, -6.032, -5.841934004072994, -5.842990196078431, -5.648561643835616, -5.841934004072994, -5.841934004072994, -5.841934004072994, -5.865702479338843, -5.865702479338843, -5.865702479338843, -6.189043715846993, -6.379369369369368, -6.379369369369368, -6.189043715846993, -4.816072836064514, -5.370110627542856, -4.816072836064514, -5.370110627542856, -6.032, -4.994942411777777, -4.695517241379309, -5.415095708883561, -5.3961815483026285, -4.695517241379309, -4.695517241379309, -4.695517241379309, -5.415095708883561, -6.487160672323811, -6.691492648360423, -6.1966024940917785, -6.691492648360423, -6.261133502838323, -6.284278606965175, -6.233234042553192, -6.261133502838323, -6.257569554513119, -6.261133502838323, -6.236559399156166, -6.392307692307693, -6.261133502838323, -6.236559399156166, -6.257569554513119, -6.236559399156166, -6.233234042553192, -6.284278606965175, -6.233234042553192, -6.257569554513119, -6.665670639750763, -6.261133502838323, -6.233234042553192, -6.106103286384978, -6.487160672323811, -6.665670639750763, -6.556726202111654, -6.221372093023254, -6.275784527349749, -6.275784527349749, -6.20580701940598, -6.236559399156166, -6.257569554513119, -6.261133502838323, -6.168326924823528, -6.233234042553192, -6.233234042553192, -6.261133502838323, -6.233234042553192, -6.236559399156166, -6.233234042553192, -6.233234042553192, -6.233234042553192, -6.168326924823528, -6.294375514764039, -6.257569554513119, -6.233234042553192, -6.261133502838323, -6.221951219512199, -6.665670639750763, -6.261133502838323, -6.233234042553192, -6.233234042553192, -6.20580701940598, -6.438517476648259, -6.236559399156166, -6.261133502838323, -6.257569554513119, -6.221372093023254, -6.221372093023254, -6.365380546990103, -6.1966024940917785, -6.233234042553192, -6.438517476648259, -6.487160672323811, -6.294375514764039, -6.261133502838323, -6.365380546990103, -6.257569554513119, -6.638244922469586, -6.168326924823528, -6.261133502838323, -6.233234042553192, -6.236559399156166, -6.556726202111654, -6.221372093023254, -6.727874720357925, -6.487160672323811, -6.236559399156166, -6.221372093023254, -6.261133502838323, -6.261133502838323, -6.261133502838323, -6.283186871967672, -6.233234042553192, -6.221372093023254, -6.365380546990103, -6.626423529411752, -6.665670639750763, -6.20580701940598, -6.365380546990103, -6.727874720357925, -6.233234042553192, -6.665670639750763, -6.665670639750763, -6.626423529411752, -6.570988642743449, -6.365380546990103, -6.365380546990103, -6.691492648360423, -6.638244922469586, -6.221372093023254, -6.680952768965194, -6.680952768965194, -6.487160672323811, -5.99880778231522, -6.638244922469586, -6.638244922469586, -6.665670639750763, -6.487160672323811, -6.487160672323811, -5.99880778231522, -6.257569554513119, -5.772663968863636, -6.487160672323811, -6.221372093023254, -6.261133502838323, -6.665670639750763, -6.487160672323811, -6.691492648360423, -6.665670639750763, -6.665670639750763, -6.1966024940917785, -6.487160672323811, -6.638244922469586, -6.487160672323811, -6.556726202111654, -6.665670639750763, -6.691492648360423, -6.691492648360423, -6.487160672323811, -5.320545454545452, -6.691492648360423, -6.365380546990103, -6.680952768965194, -5.939973896724138, -6.556726202111654, -6.626423529411752, -6.487160672323811, -5.320545454545452, -6.680952768965194, -5.320545454545452, -6.556726202111654, -6.294375514764039, -6.438517476648259, -6.665670639750763, -5.320545454545452, -6.638244922469586, -6.665670639750763, -6.665670639750763, -6.680952768965194, -5.320545454545452, -6.284278606965175, -6.284278606965175, -6.626423529411752, -6.626423529411752, -6.257569554513119, -5.320545454545452, -6.665670639750763, -6.283536049032503, -6.626423529411752, -5.638351404571432, -5.113034854129868, -5.337167939803922, -5.638351404571432, -5.71352564102564, -5.71352564102564, -5.6866304347826055, -5.791949152542376, -5.776425447811885, -5.752111111111111, -5.93474226804124, -5.557366845177302, -5.791949152542376, -5.752111111111111, -5.752111111111111, -5.6866304347826055, -5.6866304347826055, -5.6866304347826055, -5.6866304347826055, -6.1966024940917785, -6.561290322580645, -5.791949152542376, -5.791949152542376, -4.890933036571425, -6.414923062947369, -5.791949152542376, -5.800803973594203, -5.155557891, -5.99880778231522, -4.733493032999997, -4.733493032999997, -5.320545454545452, -5.320545454545452, -5.320545454545452, -5.320545454545452, -4.733493032999997, -4.733493032999997, -4.733493032999997, -5.320545454545452, -5.337167939803922, -6.588289819823697, -6.781231431468083, -6.731125870476634, -6.420494461387097, -6.425222983850581, -6.425727923627686, -6.425727923627686, -6.332581395348832, -6.425727923627686, -6.147270538774747, -6.332581395348832, -6.588289819823697, -6.0809782213824715, -6.332581395348832, -6.29307889426274, -6.457178591186481, -6.420494461387097, -6.0809782213824715, -6.425222983850581, -6.425222983850581, -6.29307889426274, -6.332581395348832, -6.332581395348832, -6.174565217391303, -6.29307889426274, -6.318223519864403, -6.332581395348832, -6.332581395348832, -6.588289819823697, -6.29307889426274, -6.332581395348832, -6.318223519864403, -6.5638904863749845, -6.147270538774747, -6.29307889426274, -6.218381642512082, -6.420494461387097, -6.0809782213824715, -6.372795850579354, -6.588289819823697, -6.332581395348832, -6.425222983850581, -6.332581395348832, -6.425222983850581, -6.425727923627686, -6.731125870476634, -6.147270538774747, -6.425727923627686, -6.29307889426274, -6.332581395348832, -6.332581395348832, -6.425222983850581, -6.425727923627686, -6.481779661016951, -6.588289819823697, -6.332581395348832, -6.332581395348832, -6.29307889426274, -5.99053000595946, -6.218381642512082, -6.425727923627686, -6.588289819823697, -6.588289819823697, -6.425222983850581, -6.699712741435251, -6.0809782213824715, -6.731125870476634, -6.588289819823697, -6.425222983850581, -6.332581395348832, -6.425727923627686, -6.425727923627686, -6.332581395348832, -6.588289819823697, -6.425222983850581, -6.332581395348832, -6.29307889426274, -6.425222983850581, -6.457178591186481, -6.608145329088564, -6.699712741435251, -6.588289819823697, -6.29307889426274, -6.332581395348832, -6.608145329088564, -6.202034632034633, -6.731125870476634, -6.425222983850581, -6.318223519864403, -6.332581395348832, -6.608145329088564, -6.0809782213824715, -6.425222983850581, -6.457178591186481, -5.99053000595946, -6.332581395348832, -6.425727923627686, -6.435424054558494, -6.435424054558494, -6.435424054558494, -6.318223519864403, -6.608145329088564, -6.5638904863749845, -6.608145329088564, -6.5638904863749845, -6.425222983850581, -6.608145329088564, -6.608145329088564, -6.425727923627686, -6.159173088791668, -6.588289819823697, -6.608145329088564, -6.435424054558494, -6.731125870476634, -6.164577327416666, -6.699712741435251, -6.457178591186481, -6.457178591186481, -6.699712741435251, -6.588289819823697, -6.588289819823697, -6.29307889426274, -6.588289819823697, -6.699712741435251, -6.731125870476634, -6.29307889426274, -6.425222983850581, -6.588289819823697, -6.731125870476634, -6.420494461387097, -6.699712741435251, -6.608145329088564, -6.5638904863749845, -6.420494461387097, -6.588289819823697, -6.588289819823697, -6.588289819823697, -6.5638904863749845, -6.588289819823697, -6.588289819823697, -6.425727923627686, -6.5638904863749845, -5.415713473756753, -6.435424054558494, -6.608145329088564, -6.608145329088564, -6.5638904863749845, -6.608145329088564, -5.502380952380951, -6.425727923627686, -6.425727923627686, -5.415713473756753, -6.608145329088564, -6.608145329088564, -5.590598290598292, -6.425222983850581, -5.415713473756753, -6.425222983850581, -5.415713473756753, -5.502380952380951, -5.502380952380951, -6.128181818181818, -5.8022761116879655, -5.8022761116879655, -5.8022761116879655, -5.764987186286315, -5.8022761116879655, -5.8022761116879655, -5.8022761116879655, -5.8022761116879655, -5.8022761116879655, -5.792111111111112, -5.792111111111112, -5.8022761116879655, -5.8022761116879655, -5.8022761116879655, -5.8022761116879655, -6.359772727272728, -6.359772727272728, -6.359772727272728, -6.032500000000002, -6.103614457831327, -5.8022761116879655, -5.8022761116879655, -6.0809782213824715, -6.0809782213824715, -5.261682377249998, -5.261682377249998, -5.415713473756753, -5.945867088658828, -5.945867088658828, -4.66538267891262, -5.415713473756753, -5.415713473756753, -5.415713473756753, -5.502380952380951, -5.590598290598292, -5.415713473756753, -5.415713473756753, -4.66538267891262, -5.415713473756753]","0     -7.22
1     -6.21
2     -7.24
3     -5.92
4     -5.96
       ... 
247   -6.00
248   -3.99
249   -5.24
250   -4.77
251   -4.71
Name: Permeability, Length: 252, dtype: float64","[array([-6.57902159, -6.54532366, -6.28873816, -6.28873816, -6.31081903,
       -6.6622201 , -6.54532366, -6.6622201 , -6.43585198, -6.38392308,
       -6.40490476, -6.28873816, -6.54532366, -6.28873816, -6.22285354,
       -6.27904467, -6.28873816, -6.54532366, -6.11060485, -6.54532366,
       -6.28873816, -6.38392308, -6.25171674, -6.43585198, -6.27904467,
       -6.28873816, -6.38392308, -6.28873816, -6.13128421, -6.28873816,
       -6.28873816, -6.46944635, -6.28873816, -6.28873816, -6.28873816,
       -6.28873816, -6.38392308, -6.28873816, -6.28873816, -6.28873816,
       -6.13128421, -6.40490476, -6.11060485, -6.43585198, -6.19554022,
       -6.46944635, -6.28873816, -6.28873816, -6.43585198, -6.28873816,
       -6.49549091, -6.54532366, -6.28873816, -6.28873816, -6.13128421,
       -6.57902159, -6.27904467, -6.57474872, -6.10109408, -6.57902159,
       -6.19554022, -6.57474872, -6.28873816, -6.11060485, -6.38392308,
       -6.46944635, -6.1509863 , -6.22285354, -6.28873816, -6.27904467,
       -6.38392308, -6.61984382, -6.28873816, -6.49549091, -6.28873816,
       -6.28873816, -6.28873816, -6.28873816, -6.46944635, -6.28873816,
       -6.11060485, -6.11060485, -6.28873816, -6.57902159, -6.28873816,
       -6.18545293, -6.46944635, -6.49549091, -6.71515653, -6.71515653,
       -6.61984382, -6.61984382, -6.1509863 , -6.28873816, -6.43585198,
       -6.52030234, -6.28873816, -6.57902159, -6.28873816, -6.28873816,
       -6.61984382, -6.63090977, -6.61984382, -6.28873816, -6.13128421,
       -6.28873816, -6.28873816, -6.57902159, -6.61984382, -6.61984382,
       -6.28873816, -6.46944635, -6.46944635, -6.456232  , -6.27904467,
       -6.54532366, -6.57902159, -6.57902159, -6.57902159, -6.27904467,
       -6.46944635, -6.57902159, -6.22285354, -6.57902159, -6.27904467,
       -6.27904467, -6.57902159, -6.57902159, -6.46944635, -6.57902159,
       -6.49549091, -6.61984382, -6.22285354, -6.43585198, -6.57902159,
       -6.49549091, -6.57902159, -6.27904467, -6.57902159, -6.44502108,
       -6.71515653, -6.06474463, -6.40490476, -6.61984382, -6.54532366,
       -6.28873816, -6.61984382, -5.92389366, -6.22285354, -6.43585198,
       -6.1509863 , -6.63090977, -6.54532366, -5.42977626, -6.57902159,
       -6.61984382, -6.57902159, -6.43585198, -6.01780099, -6.61984382,
       -6.38392308, -6.61984382, -6.57902159, -6.57902159, -6.57902159,
       -6.46944635, -6.6622201 , -6.57902159, -6.28873816, -6.57902159,
       -6.61984382, -5.42977626, -6.6622201 , -6.52030234, -6.57902159,
       -6.55554629, -6.28873816, -6.28873816, -6.3526667 , -6.13771129,
       -6.54532366, -6.57902159, -6.43585198, -6.54532366, -5.42977626,
       -6.57902159, -6.57902159, -6.63090977, -6.28873816, -6.27904467,
       -6.41434673, -6.52030234, -6.57902159, -5.42977626, -6.61984382,
       -6.54532366, -6.63090977, -5.81088662, -6.28873816, -6.38392308,
       -6.38392308, -6.52030234, -6.63090977, -5.60202516, -6.01580645,
       -6.27904467, -5.35886869, -6.36538462, -5.92853448, -5.82245283,
       -5.82245283, -6.13128421, -5.82245283, -5.84568738, -5.82245283,
       -5.92853448, -5.83345403, -6.19554022, -5.4583871 , -4.97768626,
       -5.82245283, -5.60202516, -5.82245283, -5.82245283, -5.84568738,
       -5.84568738, -5.84568738, -6.25171674, -5.84568738, -6.17619048,
       -5.84568738, -6.28873816, -6.1709    , -5.92389366, -4.7748    ,
       -5.07903794, -4.7748    , -5.07903794, -5.97531532, -4.7748    ,
       -4.85284262, -5.42977626, -5.42977626, -5.42977626, -5.35886869,
       -5.42977626, -5.07903794, -4.7748    , -4.45451613, -4.85284262,
       -4.85284262, -4.99094398]), array([-6.6616804 , -6.51828429, -6.31344828, -6.31344828, -6.31344828,
       -6.75902008, -6.51828429, -6.75902008, -6.36183123, -6.56661226,
       -6.31344828, -6.31344828, -6.71762222, -6.31344828, -6.21797041,
       -6.31344828, -6.51828429, -6.36183123, -6.10184322, -6.41017827,
       -6.31344828, -6.31344828, -6.21797041, -6.41017827, -6.31344828,
       -6.31344828, -6.56661226, -6.12614928, -6.10806023, -6.31344828,
       -6.41017827, -6.36183123, -6.31344828, -6.10806023, -6.31344828,
       -6.13033082, -6.56661226, -6.12614928, -6.12614928, -6.21797041,
       -6.10806023, -6.31344828, -6.10806023, -6.41017827, -6.10806023,
       -6.41017827, -6.10184322, -6.36183123, -6.31344828, -6.36183123,
       -6.36183123, -6.51828429, -6.21797041, -6.31344828, -6.10806023,
       -6.57853717, -6.13033082, -6.56661226, -6.12614928, -6.68084931,
       -6.10806023, -6.56661226, -6.12614928, -6.12614928, -6.56661226,
       -6.36183123, -6.13033082, -6.21797041, -6.31344828, -6.10806023,
       -6.36183123, -6.6616804 , -6.31344828, -6.71690863, -6.31344828,
       -6.31344828, -6.31344828, -6.31344828, -6.41017827, -6.21797041,
       -6.10806023, -6.09129707, -6.31344828, -6.6616804 , -6.31344828,
       -6.12614928, -6.49903247, -6.41017827, -6.71762222, -6.75902008,
       -6.49903247, -6.49903247, -6.10184322, -6.10184322, -6.31344828,
       -6.41017827, -6.36183123, -6.6616804 , -6.36183123, -6.31344828,
       -6.6616804 , -6.71762222, -6.49903247, -6.21797041, -6.10806023,
       -6.31344828, -6.31344828, -6.6616804 , -6.6616804 , -6.6616804 ,
       -6.13033082, -6.36183123, -6.41017827, -6.31344828, -6.12614928,
       -6.51828429, -6.6616804 , -6.6616804 , -6.6616804 , -6.12614928,
       -6.41017827, -6.41017827, -6.12614928, -6.6616804 , -6.12614928,
       -6.12614928, -6.6616804 , -6.6616804 , -6.41017827, -6.6616804 ,
       -6.68084931, -6.49903247, -6.12614928, -6.21797041, -6.6616804 ,
       -6.68084931, -6.41017827, -6.31344828, -6.6616804 , -6.14256369,
       -6.75902008, -6.10944055, -6.21797041, -6.49903247, -6.49903247,
       -6.21797041, -6.68084931, -6.10944055, -6.0769825 , -6.21797041,
       -6.12614928, -6.75902008, -6.51828429, -5.44627277, -6.68084931,
       -6.71762222, -6.6616804 , -6.56661226, -6.0769825 , -6.68084931,
       -6.31344828, -6.6616804 , -6.6616804 , -6.6616804 , -6.6616804 ,
       -6.36183123, -6.6616804 , -6.6616804 , -6.36183123, -6.68084931,
       -6.6616804 , -5.44627277, -6.68084931, -6.51828429, -6.57853717,
       -6.51828429, -6.31344828, -6.31344828, -6.0769825 , -6.12614928,
       -6.51828429, -6.6616804 , -6.36183123, -6.51828429, -5.44627277,
       -6.6616804 , -6.68084931, -6.75902008, -6.36183123, -6.36183123,
       -6.41017827, -6.51828429, -6.71690863, -5.44627277, -6.6616804 ,
       -6.51828429, -6.71762222, -5.62145736, -6.31344828, -6.36183123,
       -6.31344828, -6.36183123, -6.71762222, -5.62145736, -5.96828283,
       -6.0769825 , -5.44627277, -6.0769825 , -5.6703876 , -5.55919574,
       -5.6703876 , -6.10270588, -5.62145736, -5.93030769, -5.62145736,
       -5.6703876 , -5.64428571, -5.97833333, -5.55919574, -4.90322686,
       -5.78530553, -5.94083333, -5.6703876 , -5.6703876 , -5.93030769,
       -5.93030769, -5.93030769, -6.0769825 , -5.93030769, -5.96828283,
       -5.93030769, -6.56661226, -6.0769825 , -5.78530553, -4.82421053,
       -5.33296437, -4.82421053, -5.33296437, -5.94083333, -4.82421053,
       -4.82466667, -5.44627277, -5.44627277, -5.44462481, -5.44462481,
       -5.44627277, -5.24395218, -4.82466667, -4.72129032, -4.82466667,
       -4.82466667, -5.02585685]), array([-6.53294744, -6.39573931, -6.3482275 , -6.12153993, -6.15330698,
       -6.77059897, -6.46779757, -6.77059897, -6.46779757, -6.3482275 ,
       -6.37936937, -6.37936937, -6.3482275 , -6.37936937, -6.32910428,
       -6.37936937, -6.45612745, -6.39573931, -6.15330698, -6.57854803,
       -6.37936937, -6.32910428, -6.28052264, -6.54020372, -6.28052264,
       -6.34137255, -6.37936937, -6.28052264, -6.17835278, -6.39573931,
       -6.41352632, -6.57854803, -6.39573931, -6.15330698, -6.3482275 ,
       -6.40319682, -6.3482275 , -6.34137255, -6.3108729 , -6.15330698,
       -6.17835278, -6.37936937, -6.12153993, -6.54020372, -6.12153993,
       -6.53294744, -6.15330698, -6.37936937, -6.3482275 , -6.39573931,
       -6.53294744, -6.53325193, -6.39573931, -6.37936937, -6.17835278,
       -6.46779757, -6.40319682, -6.57854803, -6.18796871, -6.64781836,
       -6.12153993, -6.57854803, -6.3108729 , -6.09600531, -6.3482275 ,
       -6.46779757, -6.3108729 , -6.28052264, -6.34137255, -6.15330698,
       -6.46779757, -6.53325193, -6.37936937, -6.67130692, -6.37936937,
       -6.37936937, -6.37936937, -6.3482275 , -6.53294744, -6.32910428,
       -6.12153993, -6.32805459, -6.3482275 , -6.53325193, -6.37936937,
       -6.34137255, -6.57854803, -6.3482275 , -6.64167771, -6.77059897,
       -6.53294744, -6.53294744, -6.09600531, -6.32805459, -6.37936937,
       -6.53294744, -6.41352632, -6.57854803, -6.39573931, -6.3482275 ,
       -6.64781836, -6.64167771, -6.53294744, -6.32400582, -6.1315881 ,
       -6.3482275 , -6.3482275 , -6.57854803, -6.54020372, -6.64167771,
       -6.32910428, -6.46779757, -6.53294744, -6.42769703, -6.57854803,
       -6.49856645, -6.57854803, -6.57854803, -6.57854803, -6.32910428,
       -6.53294744, -6.54020372, -6.15330698, -6.57854803, -6.15330698,
       -6.42769703, -6.53325193, -6.53325193, -6.48601942, -6.53325193,
       -6.53294744, -6.53294744, -6.25189024, -6.32805459, -6.53325193,
       -6.54020372, -6.54020372, -6.39573931, -6.57854803, -6.64167771,
       -6.77059897, -6.1315881 , -6.39573931, -6.53294744, -6.46779757,
       -6.3482275 , -6.64167771, -6.12153993, -6.15330698, -6.32805459,
       -6.28052264, -6.77059897, -6.49856645, -5.41509571, -6.68631429,
       -6.57854803, -6.46779757, -6.45612745, -6.12153993, -6.57854803,
       -6.39573931, -6.57854803, -6.57854803, -6.57854803, -6.54020372,
       -6.46779757, -6.57854803, -6.57854803, -6.41352632, -6.64781836,
       -6.54020372, -5.41509571, -6.64781836, -6.53325193, -6.46779757,
       -6.46779757, -6.3482275 , -6.39573931, -6.15330698, -6.15330698,
       -6.53294744, -6.57854803, -6.54020372, -6.49856645, -5.41509571,
       -6.53325193, -6.64781836, -6.74023632, -6.45612745, -6.39573931,
       -6.42769703, -6.54020372, -6.6161726 , -5.41509571, -6.54020372,
       -6.48601942, -6.67130692, -5.59187244, -6.37936937, -6.37936937,
       -6.39573931, -6.41352632, -6.64167771, -5.59187244, -5.98870588,
       -6.36015219, -5.38544779, -6.28052264, -5.75420635, -5.63333333,
       -5.8429902 , -6.1315881 , -5.8429902 , -5.86570248, -5.8429902 ,
       -5.75420635, -5.64856164, -6.032     , -5.64856164, -4.99494241,
       -5.63333333, -5.72020731, -5.841934  , -5.841934  , -5.86570248,
       -5.86570248, -5.86570248, -6.37936937, -5.86570248, -5.98870588,
       -5.86570248, -6.40319682, -6.18904372, -6.1315881 , -4.81607284,
       -5.37011063, -4.81607284, -5.37011063, -6.032     , -4.81607284,
       -4.81607284, -5.41509571, -5.41509571, -5.39618155, -5.39618155,
       -5.41509571, -5.38544779, -4.69551724, -4.5972973 , -4.69551724,
       -4.69551724, -4.99494241]), array([-6.48716067, -6.5567262 , -6.2365594 , -6.27578453, -6.27578453,
       -6.66567064, -6.28353605, -6.66567064, -6.48716067, -6.27578453,
       -6.2365594 , -6.2611335 , -6.69149265, -6.23323404, -6.2365594 ,
       -6.22137209, -6.27578453, -6.29437551, -6.20580702, -6.48716067,
       -6.22137209, -6.2611335 , -6.23323404, -6.48716067, -6.22195122,
       -6.2365594 , -6.28353605, -6.23323404, -6.16832692, -6.2611335 ,
       -6.2611335 , -6.63824492, -6.27578453, -6.22137209, -6.23323404,
       -6.48716067, -6.27578453, -6.2365594 , -6.2365594 , -6.20580702,
       -6.16832692, -6.2611335 , -6.16832692, -6.48716067, -6.19660249,
       -6.48716067, -6.2365594 , -6.2365594 , -6.23323404, -6.23323404,
       -6.36538055, -6.5567262 , -6.27578453, -6.2365594 , -6.16832692,
       -6.48716067, -6.48716067, -6.5567262 , -6.19660249, -6.68095277,
       -6.19660249, -6.5567262 , -6.23323404, -6.20580702, -6.27578453,
       -6.28353605, -6.25756955, -6.2611335 , -6.28427861, -6.22137209,
       -6.36538055, -6.48716067, -6.23323404, -6.69149265, -6.23323404,
       -6.2611335 , -6.2611335 , -6.23323404, -6.36538055, -6.66567064,
       -6.16832692, -6.22137209, -6.23323404, -6.5567262 , -6.25756955,
       -6.22137209, -6.69149265, -6.48716067, -6.69149265, -6.72787472,
       -6.48716067, -6.48716067, -6.2611335 , -6.2365594 , -6.23323404,
       -6.43851748, -6.2611335 , -6.5567262 , -6.2365594 , -6.23323404,
       -6.68095277, -6.66567064, -6.48716067, -6.25756955, -6.22137209,
       -6.23323404, -6.23323404, -6.5567262 , -6.62642353, -6.68095277,
       -6.27578453, -6.36538055, -6.36538055, -6.25756955, -6.66567064,
       -6.29437551, -6.5567262 , -6.5567262 , -6.5567262 , -6.2611335 ,
       -6.43851748, -6.48716067, -6.19660249, -6.5567262 , -6.10610329,
       -6.28353605, -6.48716067, -6.48716067, -6.43851748, -6.48716067,
       -6.66567064, -6.48716067, -6.19660249, -6.36538055, -6.5567262 ,
       -6.66567064, -6.48716067, -6.2365594 , -6.5567262 , -6.63824492,
       -6.72787472, -5.77266397, -6.2365594 , -6.48716067, -6.5567262 ,
       -6.25756955, -6.63824492, -5.99880778, -6.20580702, -6.36538055,
       -6.39230769, -6.72787472, -6.29437551, -5.32054545, -6.68095277,
       -6.66567064, -6.48716067, -6.63824492, -5.99880778, -6.68095277,
       -6.25756955, -6.66567064, -6.5567262 , -6.5567262 , -6.48716067,
       -6.36538055, -6.48716067, -6.48716067, -6.28427861, -6.68095277,
       -6.62642353, -5.32054545, -6.69149265, -6.62642353, -6.48716067,
       -6.48716067, -6.23323404, -6.25756955, -6.2365594 , -6.2365594 ,
       -6.43851748, -6.5567262 , -6.43851748, -6.28353605, -5.32054545,
       -6.48716067, -6.68095277, -6.72787472, -6.28427861, -6.2611335 ,
       -6.28353605, -6.62642353, -6.62642353, -5.32054545, -6.66567064,
       -6.36538055, -6.66567064, -5.6383514 , -6.2611335 , -6.25756955,
       -6.25756955, -6.27578453, -6.66567064, -5.62508695, -5.79194915,
       -6.22386905, -5.32054545, -6.39230769, -5.77642545, -5.71352564,
       -5.71352564, -6.2611335 , -5.71352564, -5.79194915, -5.71352564,
       -5.77642545, -5.75211111, -5.93474227, -5.65959459, -4.85224181,
       -5.75211111, -5.78805882, -5.68663043, -5.68663043, -5.79194915,
       -5.79194915, -5.79194915, -6.19660249, -5.79194915, -5.94753968,
       -5.79194915, -6.22195122, -6.19660249, -5.99880778, -4.63346154,
       -5.15555789, -4.73349303, -5.15555789, -5.99880778, -4.73349303,
       -4.80812674, -5.32054545, -5.32054545, -5.33716794, -5.33716794,
       -5.32054545, -5.2524456 , -4.73349303, -4.63346154, -4.73349303,
       -4.73349303, -4.89093304]), array([-6.58828982, -6.42572792, -6.3325814 , -6.17456522, -6.17456522,
       -6.73112587, -6.55471405, -6.73112587, -6.43542405, -6.31822352,
       -6.42049446, -6.42522298, -6.69452478, -6.42522298, -6.14727054,
       -6.14727054, -6.3325814 , -6.3325814 , -6.08097822, -6.5018638 ,
       -6.29307889, -6.21838164, -6.19747807, -6.58828982, -6.31822352,
       -6.3325814 , -6.3325814 , -6.31822352, -6.14727054, -6.42522298,
       -6.3325814 , -6.55471405, -6.3325814 , -6.29307889, -6.3325814 ,
       -6.42522298, -6.3325814 , -6.42572792, -6.3325814 , -6.14727054,
       -6.14727054, -6.3325814 , -6.08097822, -6.58828982, -6.08097822,
       -6.58828982, -6.14727054, -6.3325814 , -6.35832447, -6.42572792,
       -6.55471405, -6.31822352, -6.29307889, -6.42522298, -6.14727054,
       -6.58828982, -6.29307889, -6.56389049, -6.08097822, -6.60814533,
       -6.08097822, -6.56389049, -6.21838164, -5.99053001, -6.3325814 ,
       -6.29307889, -6.29307889, -6.17456522, -6.42049446, -6.14727054,
       -6.42572792, -6.58828982, -6.3325814 , -6.58828982, -6.3325814 ,
       -6.29307889, -6.29307889, -6.3325814 , -6.43542405, -6.42522298,
       -6.08097822, -6.29307889, -6.42522298, -6.56389049, -6.42522298,
       -6.20203463, -6.56389049, -6.29307889, -6.73112587, -6.73112587,
       -6.58828982, -6.58828982, -5.99053001, -6.42572792, -6.42572792,
       -6.56389049, -6.29307889, -6.58828982, -6.3325814 , -6.3325814 ,
       -6.69971274, -6.60814533, -6.58828982, -6.29307889, -6.31822352,
       -6.3325814 , -6.3325814 , -6.58828982, -6.60814533, -6.69971274,
       -6.29307889, -6.45717859, -6.43542405, -6.42522298, -6.55471405,
       -6.58828982, -6.60814533, -6.58828982, -6.58828982, -6.31822352,
       -6.45717859, -6.45717859, -6.21838164, -6.60814533, -6.20203463,
       -6.42522298, -6.58828982, -6.58828982, -6.56389049, -6.58828982,
       -6.56389049, -6.58828982, -6.21838164, -6.42572792, -6.58828982,
       -6.58828982, -6.45717859, -6.3325814 , -6.58828982, -6.58828982,
       -6.73112587, -5.99053001, -6.42049446, -6.58828982, -6.58828982,
       -6.42522298, -6.56389049, -6.16457733, -6.19747807, -6.42572792,
       -6.08097822, -6.73112587, -6.56389049, -5.41571347, -6.73112587,
       -6.69971274, -6.58828982, -6.42572792, -6.16457733, -6.60814533,
       -6.42522298, -6.69971274, -6.58828982, -6.60814533, -6.58828982,
       -6.43542405, -6.58828982, -6.58828982, -6.42572792, -6.60814533,
       -6.60814533, -5.41571347, -6.60814533, -6.42522298, -6.58828982,
       -6.58828982, -6.3325814 , -6.42522298, -6.42049446, -6.31822352,
       -6.56389049, -6.58828982, -6.42572792, -6.56389049, -5.41571347,
       -6.58828982, -6.60814533, -6.73112587, -6.42572792, -6.3325814 ,
       -6.42049446, -6.42522298, -6.69971274, -5.41571347, -6.60814533,
       -6.56389049, -6.69971274, -5.59059829, -6.42522298, -6.3325814 ,
       -6.42522298, -6.43542405, -6.60814533, -5.59059829, -5.27763564,
       -6.35977273, -5.41571347, -6.12818182, -5.80227611, -5.76498719,
       -5.80227611, -6.10361446, -5.80227611, -5.80227611, -5.80227611,
       -5.80227611, -5.79211111, -5.90971235, -5.80227611, -5.328     ,
       -5.80227611, -5.59059829, -5.80227611, -5.80227611, -5.80227611,
       -5.80227611, -5.80227611, -6.35977273, -5.80227611, -5.94586709,
       -5.80227611, -6.08097822, -6.08097822, -6.21480315, -4.568     ,
       -5.41571347, -4.66538268, -5.41571347, -5.94586709, -4.66538268,
       -5.26168238, -5.41571347, -5.59059829, -5.50238095, -5.50238095,
       -5.59059829, -5.41571347, -4.66538268, -4.66538268, -4.82730779,
       -4.82730779, -5.32244681])]","[-6.56981999 -6.48836028 -6.30391095 -6.23481522 -6.24558481 -6.71772713
 -6.47393112 -6.71772713 -6.4376131  -6.37855418 -6.35095525 -6.33358246
 -6.59943816 -6.32800257 -6.23075163 -6.26810099 -6.37430316 -6.38597022
 -6.13050806 -6.50461489 -6.29920136 -6.30119816 -6.23618438 -6.49233689
 -6.28263806 -6.30253996 -6.38920443 -6.24937353 -6.14665894 -6.33685645
 -6.34123153 -6.52055692 -6.32125833 -6.21291127 -6.30324587 -6.34692989
 -6.38142575 -6.28370946 -6.25898023 -6.20261862 -6.14665894 -6.33828746
 -6.11790203 -6.49233689 -6.14054422 -6.49760451 -6.18554366 -6.31981591
 -6.33781725 -6.34105413 -6.46207284 -6.49436192 -6.29426226 -6.32866764
 -6.14665894 -6.54016136 -6.31856237 -6.56810514 -6.13855856 -6.63935747
 -6.14054422 -6.56810514 -6.2354752  -6.10581929 -6.38142575 -6.37513802
 -6.22856769 -6.23140906 -6.32966641 -6.1818109  -6.40093207 -6.57804533
 -6.30947425 -6.63269779 -6.30947425 -6.30715364 -6.30715364 -6.30324587
 -6.44267533 -6.38534129 -6.11790203 -6.2088815  -6.32177419 -6.57891412
 -6.33286967 -6.2152763  -6.560482   -6.40682725 -6.699415   -6.74075523
 -6.54545484 -6.54545484 -6.12009967 -6.27618466 -6.35752632 -6.4931672
 -6.32366162 -6.59285321 -6.3230899  -6.30324587 -6.66200162 -6.65280513
 -6.54545484 -6.27627257 -6.18210563 -6.30324587 -6.30324587 -6.59285321
 -6.61125936 -6.66077349 -6.26340733 -6.42432686 -6.44267533 -6.37603397
 -6.44082533 -6.48896795 -6.59682431 -6.59285321 -6.59285321 -6.26273105
 -6.46165363 -6.49474857 -6.18345879 -6.59682431 -6.17332777 -6.30833
 -6.56988088 -6.56988088 -6.4736104  -6.56988088 -6.58776976 -6.54545484
 -6.20317544 -6.35459709 -6.58379399 -6.59410088 -6.49474857 -6.31147461
 -6.59285321 -6.49115945 -6.74075523 -6.01379345 -6.33513367 -6.54545484
 -6.53143394 -6.30754572 -6.62890125 -6.06365185 -6.17128562 -6.35459709
 -6.20618883 -6.72390588 -6.48408808 -5.40548073 -6.67165277 -6.65627949
 -6.55679001 -6.50451291 -6.0759417  -6.63366785 -6.35518064 -6.64509113
 -6.59285321 -6.59682431 -6.57127124 -6.41997595 -6.5955798  -6.5789401
 -6.35482045 -6.63935747 -6.61125936 -5.40548073 -6.65810515 -6.52469701
 -6.54016136 -6.52341573 -6.30324587 -6.33614366 -6.24800201 -6.1943901
 -6.51979267 -6.59285321 -6.44042647 -6.48192019 -5.40548073 -6.56988088
 -6.63935747 -6.71783335 -6.36334067 -6.32606602 -6.39125051 -6.52608737
 -6.64764782 -5.40548073 -6.61910878 -6.49577968 -6.67704446 -5.65063322
 -6.33358246 -6.34305493 -6.35518064 -6.40137369 -6.65280513 -5.60620804
 -5.80847599 -6.25996422 -5.38536964 -6.24867585 -5.786366   -5.69869895
 -5.77032648 -6.14606523 -5.76054043 -5.84718456 -5.76054043 -5.786366
 -5.73410472 -6.01006564 -5.62560304 -5.01121947 -5.75909578 -5.72834458
 -5.7647362  -5.7647362  -5.84718456 -5.84718456 -5.84718456 -6.25288877
 -5.84718456 -6.00531719 -5.84718456 -6.31229534 -6.14290139 -6.01087964
 -4.72330898 -5.27067686 -4.76279181 -5.27067686 -5.9785647  -4.76279181
 -4.91267825 -5.40548073 -5.4404577  -5.4220263  -5.40784479 -5.4404577
 -5.2753194  -4.73877192 -4.61438959 -4.78676547 -4.78676547 -5.04502462]","[0.05840597 0.06529261 0.03909823 0.07379794 0.06831099 0.04576237
 0.09987781 0.04576237 0.04270093 0.10051444 0.06789226 0.06026554
 0.13965539 0.06756471 0.05814087 0.07917118 0.09611844 0.08638472
 0.04440887 0.05719057 0.05066407 0.05698417 0.02844562 0.06552187
 0.03439731 0.03761216 0.09588549 0.06738673 0.02530066 0.06304461
 0.0620101  0.09611064 0.04210001 0.07320459 0.04024957 0.12590622
 0.09894265 0.1005663  0.07367804 0.05129808 0.02530066 0.05045367
 0.02852852 0.06552187 0.04718383 0.06003041 0.06747075 0.05171525
 0.06583498 0.07064551 0.08260769 0.08898972 0.05743062 0.06663861
 0.02530066 0.0516619  0.12102112 0.00778027 0.04622453 0.04034339
 0.04718383 0.00778027 0.06445328 0.06902418 0.09894265 0.08097104
 0.07408955 0.03682581 0.04976941 0.06076868 0.04041762 0.06182776
 0.04832725 0.0810392  0.04832725 0.0397739  0.0397739  0.04024957
 0.05647807 0.1553595  0.02852852 0.09479646 0.06387721 0.04393932
 0.06113304 0.07063402 0.07689645 0.0783563  0.03156338 0.02067936
 0.0511434  0.0511434  0.0878028  0.10693584 0.07570328 0.05864183
 0.05585213 0.03594195 0.05574314 0.04024957 0.02742197 0.03732158
 0.0511434  0.03595901 0.07834219 0.04024957 0.04024957 0.03594195
 0.0397606  0.02815734 0.06884867 0.04976963 0.05647807 0.07677388
 0.20380755 0.10184164 0.03631335 0.03594195 0.03594195 0.07267473
 0.04086209 0.05964785 0.03778312 0.03631335 0.0618804  0.11187014
 0.05836764 0.05836764 0.05210943 0.05836764 0.07324403 0.0511434
 0.04235049 0.07892983 0.04335077 0.0711479  0.05964785 0.05331777
 0.03594195 0.18834646 0.02067936 0.12984959 0.08862463 0.0511434
 0.04281275 0.07263336 0.03809877 0.08873634 0.0524468  0.07892983
 0.11427781 0.04925324 0.09745571 0.04396685 0.05000722 0.05120022
 0.07107232 0.08366974 0.06207502 0.04084765 0.06106812 0.04182739
 0.03594195 0.03631335 0.0575557  0.04761163 0.06466553 0.05542021
 0.05977695 0.04034339 0.0397606  0.04396685 0.02915735 0.06383884
 0.0516619  0.043989   0.04024957 0.06391091 0.12574108 0.07303435
 0.04330688 0.03594195 0.0572247  0.10168072 0.04396685 0.05836764
 0.04034339 0.04479167 0.06974264 0.05020599 0.05418055 0.06408525
 0.05226574 0.04396685 0.04544688 0.0702842  0.02983655 0.08214651
 0.06026554 0.04638736 0.06106812 0.08097824 0.03732158 0.01453014
 0.27679291 0.10502248 0.04366789 0.12590685 0.08372462 0.09344816
 0.06668143 0.05890819 0.08237411 0.04964339 0.08237411 0.08372462
 0.0760846  0.10162014 0.11425148 0.16653866 0.06697848 0.12939406
 0.07169676 0.07169676 0.04964339 0.04964339 0.04964339 0.11093607
 0.04964339 0.08685357 0.04964339 0.16441702 0.05287083 0.15149343
 0.10356739 0.13021542 0.05848467 0.13021542 0.03396605 0.05848467
 0.17515356 0.04396685 0.08684732 0.054583   0.05969885 0.08684732
 0.11989352 0.05649911 0.08971451 0.06100912 0.06100912 0.14595043]"
5,XGBRegressor,"[-5.629067, -7.4805236, -7.4805236, -5.9950614, -6.0341835, -6.2453566, -6.9845653, -5.958308, -6.1608577, -6.4879584, -6.522749, -5.7003813, -5.9480934, -5.849396, -6.4973254, -5.8346715, -5.9307995, -5.984873, -6.4973254, -7.015277, -6.5943236, -5.845988, -5.5978355, -5.800207, -6.579017, -5.6668744, -6.547259, -5.531695, -6.757181, -5.9410367, -5.7061224, -6.1666036, -5.771687, -6.20814, -5.882407, -5.577122, -5.7517967, -6.0297613, -5.9424233, -7.011485, -5.898553, -6.0137367, -6.858734, -6.175133, -6.668139, -5.3687086, -6.898573, -6.8316836, -6.1826725, -6.4193864, -6.047699, -5.5390577, -6.0958753, -6.516974, -6.402181, -5.576825, -6.209825, -6.098219, -7.3081594, -5.451378, -6.053733, -6.220973, -5.8421445, -6.208392, -5.5906205, -5.7946467, -5.706972, -6.659165, -6.2538567, -5.7041855, -6.6426954, -6.3129478, -6.043791, -7.062134, -7.104009, -5.837542, -6.7323914, -6.183845, -6.5568566, -7.217832, -5.5545187, -5.654179, -6.663292, -6.8939915, -6.556187, -6.23911, -5.6018934, -6.2707796, -6.424692, -5.8037043, -5.988013, -5.9185514, -5.7006207, -6.078031, -5.501583, -5.246626, -6.985706, -5.642984, -5.935455, -6.692418, -6.9261546, -6.5164514, -6.310112, -7.2151036, -7.0878787, -7.427086, -6.624467, -6.835418, -6.4408092, -6.5164514, -7.0494885, -7.456677, -6.5164514, -5.7832494, -6.0733795, -7.5157695, -7.1708603, -6.736217, -6.047699, -6.6075892, -5.7919745, -6.816915, -7.160762, -6.904673, -6.65266, -6.792573, -6.044445, -6.2754884, -6.9057293, -6.98777, -6.556187, -6.5517626, -6.9906135, -5.7993155, -6.675337, -6.8557897, -6.406031, -6.917709, -6.917709, -6.9027495, -5.9995666, -6.0262804, -6.128261, -6.6532903, -6.884914, -6.089506, -6.605158, -5.3149996, -7.1138735, -6.79617, -6.405791, -6.100539, -6.739413, -7.108117, -5.2705407, -5.2748084, -6.3417377, -6.4596224, -6.2949333, -6.9057293, -6.7659893, -6.680599, -5.2705407, -5.6089144, -5.6089144, -6.365832, -6.055284, -5.6622734, -5.1417203, -5.150697, -5.6089144, -4.974992, -5.9703746, -5.450994, -5.0029855, -6.0271864, -6.7680955, -6.8739715, -5.8291526, -6.6123667, -6.8210754, -5.8291526, -6.3427043, -5.876766, -5.3148108, -6.3479757, -5.748264, -5.8804836, -5.423809, -6.3880806, -6.1735396, -6.1735396, -4.4343653, -4.905834, -4.905834, -4.737211, -5.26162, -5.1962085, -4.798485, -4.9734607, -5.662574, -5.215446, -7.299194, -7.3381495, -6.609576, -5.6175523, -6.4261084, -6.3886704, -5.6648707, -6.193649, -7.568317, -7.568317, -6.439225, -5.9772816, -5.5182695, -5.7901115, -5.9286275, -7.4960012, -6.9287763, -5.8869247, -6.604091, -5.742862, -5.6723285, -5.5807433, -6.609637, -5.6723285, -6.1296477, -5.6788282, -6.3069987, -6.1811075, -7.053284, -5.710651, -6.0476866, -6.84364, -5.811357, -6.929783, -7.0941043, -7.1471534, -5.9919496, -6.542363, -5.7152433, -7.0601435, -5.780166, -5.878296, -5.8223886, -6.1445446, -6.8370414, -6.642583, -6.434575, -5.7906146, -5.981936, -6.90304, -6.706626, -7.060152, -6.85281, -6.9323773, -6.847441, -6.364681, -5.981936, -6.103488, -5.863436, -5.6787257, -5.615132, -6.3617225, -6.2094207, -5.596008, -5.6093473, -5.6752596, -6.8911314, -6.904116, -6.303203, -6.303203, -5.758416, -6.163894, -7.3541203, -7.104516, -6.4734445, -5.906564, -5.6455665, -6.354385, -7.4169507, -7.104516, -7.7279377, -6.5632567, -6.865903, -6.234388, -5.860887, -6.372833, -5.1999683, -5.6898904, -6.4336042, -6.273888, -5.3994656, -6.161452, -6.0716357, -6.1897807, -6.863242, -7.471029, -6.572012, -7.29329, -5.8296514, -7.769528, -6.346044, -6.0563955, -5.7694354, -5.8209357, -5.948085, -7.002531, -7.057503, -5.8209357, -7.647087, -7.3549123, -7.3937435, -7.2887855, -6.801088, -6.2571006, -6.821658, -6.210213, -6.2140307, -6.6096487, -6.970551, -6.194362, -6.610614, -6.561153, -7.252568, -6.0046997, -7.29329, -6.2399898, -5.9890795, -6.6018887, -6.2399898, -6.610614, -6.610614, -5.833227, -6.464111, -7.2786946, -7.1009855, -5.370798, -6.575276, -6.50021, -7.29329, -6.545732, -7.053669, -6.887401, -6.1693344, -6.8276396, -7.025421, -7.3300815, -5.3476343, -6.7903037, -6.227286, -7.393254, -7.2092786, -6.4336042, -6.9915123, -5.423017, -6.5459785, -5.7127347, -6.726978, -6.8016157, -7.3536844, -6.575405, -6.7089386, -6.4336042, -5.3857546, -5.5038786, -5.3476343, -5.5038786, -4.498106, -6.0676923, -6.0676923, -5.896003, -4.8433566, -5.7510324, -5.7510324, -5.979409, -5.979409, -5.952423, -5.7744684, -5.896003, -5.4679856, -6.022151, -5.928296, -4.8498397, -4.8498397, -3.9429839, -4.8498397, -5.2609296, -5.325104, -5.0977354, -5.3530765, -5.3530765, -4.9130697, -4.9130697, -4.9899087, -5.325104, -5.318271, -4.9355884, -4.8498397, -3.4, -4.8498397, -5.803289, -5.232223, -5.694292, -6.901342, -7.095169, -6.204172, -6.224711, -5.7385902, -5.6533213, -5.997115, -6.245146, -5.723349, -5.93114, -6.3299775, -6.485627, -6.1460075, -6.0214, -5.3851485, -5.9254847, -7.1192427, -5.752999, -5.746442, -6.0199685, -6.354511, -6.310344, -5.9431973, -5.712652, -5.4782605, -6.969523, -5.771461, -6.8644023, -6.0660944, -5.7341003, -6.6041617, -6.670656, -5.7471623, -5.5472474, -7.4345236, -6.330272, -5.859618, -6.3158274, -5.8946285, -5.638882, -6.9804735, -5.869387, -5.8844395, -5.920002, -6.7378254, -6.310344, -6.968623, -5.822092, -6.2931437, -6.9804735, -6.338285, -6.6376777, -6.340365, -7.222886, -6.5775743, -6.622113, -7.0579395, -5.608236, -7.3611507, -7.225771, -6.868903, -6.6019597, -5.829999, -5.7196617, -6.868361, -6.310344, -5.4256186, -5.525033, -6.276038, -6.505228, -5.911554, -5.6518435, -7.441816, -6.7150826, -5.839923, -5.7056985, -6.859792, -6.977304, -6.9299784, -5.63297, -6.5991435, -6.622635, -7.148075, -5.979023, -5.627431, -7.225771, -5.707956, -6.1380506, -5.813083, -5.8471627, -5.8471627, -6.8985558, -6.275832, -6.524587, -5.9742913, -6.079768, -6.528024, -7.1157417, -6.203221, -5.770222, -6.44246, -6.720412, -6.720412, -5.728126, -6.032162, -5.6341186, -7.31133, -6.561293, -6.752578, -7.102806, -5.937466, -5.899868, -6.298279, -6.76336, -6.8390965, -6.6280136, -5.728126, -5.7441454, -7.2179995, -6.6280136, -6.8535285, -6.7316027, -6.881509, -6.5775743, -6.727607, -6.2885647, -7.7143617, -5.3559937, -6.9588876, -6.7315373, -6.9366736, -7.736716, -6.793043, -6.1124134, -7.3531957, -6.076392, -6.707382, -7.066765, -6.4939957, -6.8400426, -6.5905776, -6.9424973, -6.651692, -6.330522, -6.5775743, -6.7191477, -6.0760636, -6.9424973, -6.209941, -5.071163, -6.1427255, -6.2279434, -6.163808, -5.28166, -6.262828, -6.0482726, -6.9424973, -5.8887734, -5.885334, -6.87448, -7.1838675, -7.0065494, -6.7662306, -5.6662893, -5.793208, -6.167979, -5.6263814, -5.35967, -5.4019375, -5.6263814, -4.848821, -5.5236683, -5.819302, -5.906621, -6.4058547, -5.628714, -5.1615686, -5.8514895, -6.28907, -5.628714, -5.628714, -5.819302, -5.819302, -5.819302, -6.2281065, -5.9358506, -6.4319906, -5.4567866, -4.1180754, -5.172694, -5.509853, -5.172694, -6.3787684, -4.0997767, -4.6376677, -4.944856, -5.3507433, -4.6008663, -4.620242, -4.878015, -5.2517114, -6.8654904, -7.6245008, -6.5126467, -7.7286615, -5.937254, -6.891321, -5.800752, -6.022222, -5.7082777, -6.0546646, -6.06644, -6.457493, -6.8119965, -7.303591, -6.9155264, -5.610882, -5.7082715, -6.7399497, -5.912255, -5.942772, -6.79635, -6.121882, -5.618111, -5.545861, -6.559988, -6.9777613, -6.5667033, -6.776277, -6.0133677, -6.0133677, -5.6426506, -5.509908, -5.7915845, -5.9213696, -6.2506495, -5.7522125, -5.686049, -5.8953876, -5.860338, -5.667371, -5.860338, -5.7849193, -6.2784786, -5.8379064, -6.0935826, -5.880061, -5.7522125, -6.121882, -5.5996156, -7.068307, -5.4223967, -5.9183426, -5.694424, -5.691606, -6.0272555, -5.7375026, -6.676104, -5.8206267, -5.8484917, -5.5897, -6.2477164, -5.8876653, -5.92249, -6.6303587, -6.576196, -6.1715875, -6.0825, -6.284975, -6.462145, -7.3216186, -6.2878428, -5.7735353, -5.8506646, -5.8651404, -6.2010565, -5.496709, -7.131784, -7.0106792, -6.015525, -5.672769, -5.8990054, -5.4603863, -5.4745255, -5.3876314, -5.9013567, -6.090806, -6.1915693, -6.039347, -6.3837686, -5.6711316, -5.814269, -7.086806, -5.991087, -7.177874, -6.87015, -6.608901, -5.759348, -5.814269, -6.3356223, -6.4517117, -6.2792187, -5.539525, -6.6617002, -7.08583, -6.4834766, -6.2463746, -6.290957, -6.290957, -7.110257, -6.217375, -7.153458, -6.3064017, -5.305197, -6.4363337, -6.5788417, -5.317862, -5.505802, -6.5200577, -5.7938533, -7.127039, -6.9777613, -6.877261, -6.0135345, -6.346001, -7.682947, -7.1024456, -6.7953687, -6.5299478, -7.2132783, -7.370317, -6.320093, -5.1232123, -6.295092, -7.0716114, -7.402453, -5.9877453, -7.115681, -6.5778112, -6.174996, -5.283024, -6.2935476, -5.0235167, -6.5667033, -5.9458184, -6.47274, -7.4104495, -5.2321444, -7.5009403, -7.4104495, -7.424352, -6.2894974, -4.95079, -6.749092, -7.1925015, -6.8781295, -6.8781295, -5.8895583, -5.2321444, -6.5299478, -6.5536504, -6.8781295, -5.3733454, -5.7645802, -5.0222, -5.375845, -4.916832, -4.916832, -5.948166, -5.914356, -5.690439, -5.1232615, -5.5356827, -4.418348, -5.914356, -5.1232615, -5.230654, -5.6720133, -5.8378463, -5.6720133, -5.8378463, -6.2101994, -7.1796365, -5.914356, -5.914356, -4.662684, -6.9871435, -5.914356, -5.5379925, -4.7513766, -6.3510966, -4.789298, -3.6248791, -5.4756837, -4.917517, -5.015892, -4.532118, -4.789298, -4.789298, -4.789298, -4.7876277, -5.0759926, -6.5186553, -6.902039, -7.144135, -6.566442, -6.2696314, -6.9591317, -6.403702, -6.027848, -5.7432494, -6.1367564, -6.873279, -6.3429637, -5.339645, -6.027848, -6.206194, -6.595634, -6.9458356, -5.825998, -5.947126, -5.947126, -5.949702, -5.703582, -6.0394406, -5.424403, -5.7874365, -5.6083198, -5.3938513, -5.957326, -6.770076, -5.9180603, -5.6028285, -6.8477635, -6.5284004, -6.2235165, -5.599, -5.4010515, -6.094636, -5.825998, -6.3905516, -6.675242, -5.699242, -6.1960363, -5.8359404, -6.8043323, -5.749119, -7.14266, -6.2235165, -5.631071, -5.3599815, -6.537276, -5.957326, -6.646504, -6.3920283, -6.8128943, -6.694353, -5.699242, -5.699242, -5.7852626, -5.647181, -6.1195374, -6.3028936, -6.5129037, -6.694353, -5.7960706, -7.0533853, -5.7268662, -7.9062314, -6.7538743, -6.762013, -6.3429465, -5.6879377, -5.630614, -6.3636217, -5.6333666, -6.077164, -5.750489, -5.610747, -5.972341, -6.5541816, -6.7540154, -6.996069, -7.3507547, -5.5203385, -5.681631, -6.8964915, -5.582655, -7.9062314, -6.137879, -6.0889, -6.2366157, -7.2639995, -5.556667, -5.533993, -5.8516045, -5.7176366, -6.198666, -6.3311276, -6.177971, -6.785586, -6.785586, -6.445653, -6.331899, -5.7615886, -6.488909, -7.610417, -5.6000257, -6.4857125, -7.016795, -6.652971, -5.7268662, -6.8965044, -5.9633307, -7.68347, -6.2935715, -6.3645754, -6.4284534, -6.3033605, -6.3588896, -7.188824, -6.694353, -6.7580585, -5.655362, -6.5129037, -7.2939525, -6.9815373, -6.038147, -5.9457693, -6.5129037, -6.9346967, -6.581772, -7.459815, -7.007538, -6.8464136, -6.877234, -6.5186553, -6.730287, -6.5129037, -7.056435, -6.015557, -6.6147895, -5.8458333, -5.9473414, -5.252728, -6.2529407, -7.171552, -6.79009, -6.541011, -7.2678547, -5.1999454, -6.0262938, -6.0447216, -5.252728, -7.007538, -6.878475, -5.3781896, -5.85153, -5.252728, -6.9188685, -5.252728, -5.1999454, -5.1999454, -6.438811, -5.7793036, -5.7793036, -5.8721533, -4.943909, -5.8721533, -5.8721533, -6.0530295, -5.8721533, -5.734141, -5.469129, -6.0884595, -5.572315, -5.7908344, -5.8721533, -5.734141, -6.780926, -6.780926, -6.3557677, -5.6871314, -5.5182467, -5.8721533, -5.8721533, -5.498129, -5.498129, -4.388352, -4.388352, -5.15466, -6.793562, -6.793562, -4.9428453, -4.910821, -5.2185516, -4.9440813, -4.821766, -5.282433, -5.1194515, -4.910821, -4.5993986, -5.299665]","0     -7.22
1     -6.21
2     -7.24
3     -5.92
4     -5.96
       ... 
247   -6.00
248   -3.99
249   -5.24
250   -4.77
251   -4.71
Name: Permeability, Length: 252, dtype: float64","[array([-6.556187 , -5.848614 , -5.7633605, -5.786849 , -6.132164 ,
       -6.7712684, -6.0852385, -7.211682 , -6.524431 , -6.412139 ,
       -5.925745 , -6.20814  , -5.887738 , -6.2195673, -5.648584 ,
       -6.014653 , -6.6054516, -7.011485 , -5.5327387, -6.472658 ,
       -5.8268986, -6.709108 , -5.813298 , -6.5194573, -6.031923 ,
       -6.001558 , -5.941302 , -6.604524 , -6.208392 , -5.785642 ,
       -6.725908 , -5.9301367, -5.527957 , -6.645491 , -6.0137367,
       -7.3722234, -5.771687 , -5.9507074, -5.7642245, -5.638486 ,
       -6.295569 , -5.9528165, -5.800207 , -6.5194573, -5.9830875,
       -6.8050485, -6.7852635, -5.7946467, -6.088051 , -5.707835 ,
       -6.8937025, -6.790856 , -5.84765  , -5.880424 , -6.295569 ,
       -5.5307097, -7.042396 , -6.402181 , -5.7474957, -6.406031 ,
       -5.638047 , -6.402181 , -5.828126 , -5.5945334, -5.576825 ,
       -5.8018064, -6.4674087, -5.3178153, -5.496828 , -6.326033 ,
       -5.784835 , -6.9086757, -6.217696 , -7.0471983, -5.8884645,
       -6.0826154, -5.9457073, -5.898553 , -6.5517626, -6.266838 ,
       -5.9145503, -5.2913585, -6.1701736, -6.476683 , -5.778438 ,
       -5.3758345, -7.06983  , -5.4346323, -7.322903 , -7.390351 ,
       -7.104009 , -7.104009 , -5.4946694, -5.8436027, -6.490881 ,
       -6.9838157, -5.6875167, -6.212444 , -5.7467737, -5.7087216,
       -7.142777 , -6.739413 , -7.104009 , -5.843229 , -5.514806 ,
       -6.493716 , -5.5926223, -6.884914 , -6.354815 , -6.920843 ,
       -5.837542 , -6.052357 , -6.5517626, -6.2316155, -6.0173326,
       -6.406292 , -6.649301 , -6.4193864, -6.4193864, -5.8604054,
       -6.1492624, -6.5164514, -6.025877 , -6.7698073, -6.1168213,
       -6.837286 , -6.4596224, -6.477673 , -5.4156785, -6.477673 ,
       -6.96758  , -7.017452 , -5.985277 , -5.57217  , -6.614906 ,
       -6.955064 , -6.5164514, -6.0590487, -6.220973 , -7.1479297,
       -7.5218725, -6.9350753, -6.985423 , -7.2072887, -6.613535 ,
       -5.6111484, -7.6730304, -6.0903974, -5.1157336, -5.57217  ,
       -6.223806 , -7.0132775, -6.1496863, -5.2429857, -6.6732593,
       -7.160762 , -6.6366725, -6.7911096, -6.5573053, -6.692418 ,
       -6.1080375, -7.1476507, -6.220973 , -6.7659893, -7.02294  ,
       -6.0847673, -7.04614  , -6.5858917, -5.832682 , -6.406031 ,
       -6.5141225, -5.2429857, -7.008356 , -5.9420915, -6.2290072,
       -6.776518 , -5.872829 , -5.839612 , -6.5791206, -5.8789473,
       -5.737698 , -6.220973 , -6.7100773, -5.707951 , -5.2429857,
       -6.477673 , -6.6417503, -6.8176355, -6.416048 , -5.5143147,
       -6.4422703, -6.9057293, -5.7134833, -5.2429857, -7.0332775,
       -5.8119326, -6.772947 , -5.846557 , -5.9586606, -6.3127995,
       -6.312711 , -6.461054 , -6.739413 , -5.6089144, -6.1870856,
       -6.365832 , -4.9549866, -6.692914 , -6.0271864, -5.018296 ,
       -5.312812 , -6.564536 , -4.98027  , -5.9703746, -5.0029855,
       -6.0271864, -5.817531 , -6.6986847, -4.4530077, -5.551904 ,
       -5.590595 , -6.3380375, -6.3427043, -6.3427043, -5.9703746,
       -5.9703746, -5.9703746, -6.3479757, -5.9703746, -6.8210754,
       -5.9703746, -6.183025 , -5.423809 , -6.421938 , -3.8564441,
       -4.905834 , -5.319544 , -4.905834 , -6.469509 , -5.3356347,
       -4.300999 , -5.26162  , -5.1962085, -4.965577 , -4.798485 ,
       -4.6686683, -4.9734607, -4.737211 , -3.634675 , -4.8894186,
       -4.8679833, -4.590124 ], dtype=float32), array([-6.5596247, -6.5285254, -5.780166 , -5.6175523, -6.3424077,
       -6.8692007, -6.179511 , -7.3173084, -5.9290195, -6.3463106,
       -5.967906 , -5.937449 , -7.3229437, -6.053991 , -5.9503093,
       -6.1077275, -6.58961  , -7.079119 , -5.5758667, -6.530661 ,
       -5.9872785, -6.9630113, -5.910105 , -6.290945 , -6.4536467,
       -5.9593067, -5.8131094, -6.1662707, -6.2309713, -5.946109 ,
       -6.7559505, -5.9613404, -5.771338 , -6.542363 , -5.8643885,
       -7.179238 , -5.852393 , -6.072759 , -6.3657284, -6.034776 ,
       -6.303203 , -6.0725775, -5.981936 , -6.290945 , -6.449414 ,
       -6.7249904, -6.5146337, -5.808408 , -6.3167477, -5.837124 ,
       -6.847441 , -6.969554 , -6.0113635, -5.6306543, -6.303203 ,
       -5.778612 , -6.8647113, -6.14922  , -5.5803027, -6.9465227,
       -5.9919496, -6.14922  , -5.643755 , -5.5632706, -5.519819 ,
       -6.550567 , -7.0066714, -5.6400037, -5.474693 , -6.476006 ,
       -5.9319544, -6.4336042, -5.8234997, -7.033619 , -5.733398 ,
       -5.8412676, -5.918378 , -5.8223886, -6.8167562, -6.097528 ,
       -6.0572085, -5.440682 , -6.2717867, -6.2742147, -5.694698 ,
       -5.5011754, -6.887401 , -5.9959044, -7.3541203, -7.619334 ,
       -7.113022 , -7.113022 , -5.574786 , -5.789995 , -6.4737344,
       -6.853817 , -5.869389 , -6.329423 , -5.803289 , -5.7053027,
       -6.8665524, -6.7247143, -7.113022 , -5.4925084, -5.4465356,
       -6.6092753, -5.6413937, -7.114552 , -6.572012 , -6.4072866,
       -5.452803 , -5.860887 , -6.8167562, -6.2530017, -5.8095264,
       -6.467956 , -6.9824247, -6.507779 , -6.507779 , -5.716721 ,
       -6.2928457, -6.231598 , -6.4899592, -6.726978 , -6.5475607,
       -6.8224654, -6.5382214, -6.468121 , -5.47227  , -6.468121 ,
       -7.077624 , -6.804398 , -7.059929 , -5.5575023, -6.6401057,
       -7.038378 , -6.231598 , -6.0759835, -6.346044 , -6.670724 ,
       -7.8787775, -6.943774 , -7.1244864, -7.0991974, -6.477363 ,
       -5.5471005, -7.669409 , -5.8209357, -5.2336497, -5.5575023,
       -6.2086744, -6.8278747, -6.977896 , -5.2325916, -6.8171782,
       -6.7408404, -6.6670637, -7.716573 , -6.224013 , -6.626755 ,
       -5.897823 , -7.036395 , -6.346044 , -6.897283 , -6.978339 ,
       -6.0364323, -6.611506 , -6.562348 , -5.6861534, -6.9465227,
       -6.68078  , -5.2325916, -6.8928757, -5.834061 , -6.097603 ,
       -6.3388634, -5.747366 , -5.9131637, -6.3072643, -6.575276 ,
       -5.700096 , -6.346044 , -7.142211 , -6.50021  , -5.2325916,
       -6.468121 , -6.8481607, -6.929379 , -6.4707046, -5.5157323,
       -6.514351 , -6.9915123, -5.7127347, -5.2325916, -6.5459785,
       -5.925779 , -6.865903 , -5.724901 , -5.861654 , -6.286106 ,
       -6.2856283, -6.4243703, -6.7247143, -5.5038786, -5.578824 ,
       -5.8337893, -5.5033727, -6.7009706, -5.7510324, -4.991571 ,
       -5.5287623, -6.2322946, -4.938319 , -5.896003 , -5.0694704,
       -5.7510324, -5.802843 , -6.664404 , -4.4370337, -5.2887316,
       -5.083772 , -5.571367 , -5.979409 , -5.979409 , -5.896003 ,
       -5.896003 , -5.896003 , -6.935221 , -5.896003 , -5.470916 ,
       -5.896003 , -6.1778135, -5.4679856, -6.6509337, -3.7313612,
       -5.0888944, -3.8476243, -5.0888944, -6.469878 , -3.4      ,
       -4.261745 , -4.521363 , -5.1778593, -4.9691978, -5.027873 ,
       -4.9899087, -5.198001 , -4.8498397, -3.6156929, -4.7345557,
       -5.106589 , -5.0105524], dtype=float32), array([-6.5775743, -6.065554 , -5.679598 , -5.824427 , -6.5112333,
       -6.999914 , -6.104657 , -6.982626 , -5.8563704, -6.420729 ,
       -5.8369513, -5.8041344, -6.1459613, -5.931122 , -5.8888125,
       -5.705066 , -6.3299775, -7.0993032, -5.5715237, -6.5699577,
       -5.847347 , -6.9155   , -5.7471623, -6.0786195, -5.721985 ,
       -5.9649835, -5.9054856, -6.339685 , -6.310344 , -5.9493923,
       -6.731663 , -6.528024 , -5.988165 , -6.664997 , -5.911554 ,
       -7.229996 , -5.8663   , -6.202536 , -5.8602095, -5.9120727,
       -6.340365 , -6.0256515, -5.8583155, -6.0786195, -5.675439 ,
       -7.0582566, -6.66263  , -5.6894135, -6.227082 , -5.806328 ,
       -6.9804735, -6.9572287, -6.1590414, -5.5800605, -6.340365 ,
       -5.5771203, -7.2473845, -6.179611 , -5.3019056, -7.2431645,
       -5.689057 , -6.179611 , -5.820772 , -5.508951 , -5.638882 ,
       -6.0503654, -6.520964 , -5.30795  , -5.69066  , -6.461946 ,
       -6.050089 , -6.916826 , -6.110594 , -6.939143 , -5.700404 ,
       -6.04329  , -5.976681 , -5.87304  , -6.7191477, -6.3053455,
       -5.9062595, -5.4908295, -6.0367355, -6.190942 , -5.7730336,
       -5.5791135, -7.1616616, -5.985469 , -7.263061 , -7.770658 ,
       -7.1157417, -7.1157417, -5.443284 , -5.8341055, -6.5077252,
       -7.0003266, -5.905274 , -6.3506303, -5.721692 , -5.607863 ,
       -7.126171 , -6.727607 , -7.1157417, -5.750113 , -5.5070906,
       -6.222715 , -5.675313 , -7.1100464, -6.524587 , -7.1173162,
       -5.4937015, -6.075445 , -6.7191477, -5.876967 , -6.056528 ,
       -6.140686 , -6.927466 , -6.720412 , -6.720412 , -6.0017433,
       -6.3856816, -6.241708 , -6.4280443, -6.9424973, -6.4190264,
       -5.937466 , -6.550067 , -6.5272865, -5.767952 , -6.5272865,
       -6.831197 , -6.907983 , -6.582699 , -5.728126 , -6.626174 ,
       -6.870128 , -6.241708 , -5.7441454, -6.3896413, -6.5945024,
       -7.865291 , -6.9417   , -6.886562 , -7.2032247, -6.607716 ,
       -5.5951333, -7.7143617, -6.085111 , -5.2921124, -5.728126 ,
       -5.3559937, -6.981498 , -6.615296 , -5.257424 , -6.7095003,
       -6.688687 , -6.554057 , -7.7430196, -6.313486 , -6.7315373,
       -6.0220375, -7.301765 , -6.3896413, -6.868903 , -6.9499445,
       -6.103118 , -7.2220073, -6.7303777, -6.0336413, -7.2431645,
       -6.6366267, -5.257424 , -7.0044384, -6.5716367, -6.292806 ,
       -6.265762 , -5.7841573, -5.842871 , -6.188384 , -5.910468 ,
       -6.163808 , -6.3896413, -7.180652 , -5.750008 , -5.257424 ,
       -6.5272865, -7.200218 , -6.8618326, -6.4540844, -5.879273 ,
       -6.714532 , -6.9254303, -5.7560287, -5.257424 , -6.895678 ,
       -5.91022  , -6.852644 , -5.8702893, -5.724863 , -6.267546 ,
       -6.038276 , -6.196105 , -6.727607 , -5.6263814, -5.459789 ,
       -5.8347626, -5.185469 , -6.709705 , -5.8168   , -4.999127 ,
       -6.076888 , -5.9359317, -5.906621 , -5.819302 , -5.1615686,
       -5.8168   , -5.789007 , -6.677138 , -4.4190598, -5.994205 ,
       -4.956035 , -6.562569 , -6.28907  , -6.28907  , -5.819302 ,
       -5.819302 , -5.819302 , -6.971183 , -5.819302 , -5.388344 ,
       -5.819302 , -6.7256103, -5.4567866, -6.6801815, -5.509853 ,
       -5.172694 , -5.509853 , -5.172694 , -6.3787684, -5.4626117,
       -4.293328 , -4.4863844, -5.1740966, -4.9679074, -5.0111985,
       -4.7152886, -5.217268 , -4.620242 , -3.6052246, -4.926401 ,
       -4.893378 , -4.546163 ], dtype=float32), array([-6.5369277, -6.3760786, -5.667371 , -5.836829 , -5.878998 ,
       -7.1620827, -5.9880924, -6.96178  , -5.995402 , -5.7894936,
       -5.995637 , -5.979983 , -5.9721947, -5.9895973, -5.9173193,
       -5.901937 , -6.608919 , -7.0872326, -5.5993342, -6.480114 ,
       -5.967435 , -6.669369 , -5.7082715, -6.2039013, -5.7143364,
       -5.8094773, -6.123846 , -6.075601 , -6.2506495, -5.959551 ,
       -6.7424083, -5.9200554, -5.765539 , -6.776277 , -5.686049 ,
       -7.238206 , -6.0133677, -6.25926  , -5.7507415, -5.8329415,
       -6.2878428, -6.0164256, -5.8379064, -6.2039013, -5.962812 ,
       -6.844095 , -6.967775 , -5.7375026, -5.974069 , -5.9116497,
       -6.8973346, -7.026565 , -6.1553097, -5.785393 , -6.2878428,
       -5.564069 , -7.0502725, -6.1977916, -5.336864 , -7.1334205,
       -5.631303 , -6.1977916, -5.866979 , -5.5667176, -5.5992484,
       -5.991906 , -6.583109 , -5.486838 , -5.286396 , -6.3251195,
       -5.912013 , -6.8214808, -5.7818875, -7.2103767, -5.924184 ,
       -6.0000567, -5.933577 , -5.860338 , -6.7940793, -6.5214114,
       -6.0133715, -5.447103 , -6.0608   , -6.2445235, -5.6709642,
       -5.587524 , -7.2086396, -6.0846844, -7.2329583, -7.3922563,
       -7.1286683, -7.1286683, -5.428473 , -5.732423 , -6.318209 ,
       -6.763699 , -5.821675 , -6.2961693, -6.0121055, -5.58619  ,
       -7.1596775, -6.5299478, -7.1286683, -5.4146776, -5.5762186,
       -6.297524 , -5.6632915, -7.0280905, -6.461724 , -6.9716244,
       -5.4600444, -6.284975 , -6.7940793, -5.95282  , -6.1156225,
       -6.764844 , -6.6775255, -6.5667033, -6.5667033, -6.0785265,
       -6.190546 , -6.217375 , -6.5430627, -6.73431  , -6.6060243,
       -6.785457 , -6.518709 , -6.542663 , -5.445207 , -6.542663 ,
       -7.195512 , -6.8914766, -6.3506846, -5.814269 , -6.6198535,
       -6.9027915, -6.217375 , -5.9983397, -6.2010565, -6.635418 ,
       -7.73411  , -6.551538 , -6.044144 , -7.295357 , -6.465914 ,
       -5.305197 , -7.688568 , -6.2463746, -5.2148185, -5.814269 ,
       -6.182987 , -6.937947 , -6.568054 , -5.2321444, -6.964906 ,
       -6.691169 , -6.6152544, -7.0564957, -6.9390626, -6.697647 ,
       -5.846364 , -7.317995 , -6.2010565, -6.824492 , -7.024272 ,
       -6.3356223, -6.791007 , -6.5541177, -5.9079065, -7.1334205,
       -6.4893813, -5.2321444, -7.127039 , -5.95449  , -6.114581 ,
       -6.436155 , -5.8956957, -5.8787956, -5.987994 , -5.9026175,
       -5.7678003, -6.2010565, -7.1261053, -5.700756 , -5.2321444,
       -6.542663 , -6.883951 , -7.010487 , -6.382324 , -5.6320605,
       -6.453984 , -6.8781295, -5.7212253, -5.2321444, -7.021708 ,
       -5.8023186, -6.842162 , -5.4484506, -5.8908315, -6.2611804,
       -6.297458 , -6.2671304, -6.5299478, -5.571509 , -5.954681 ,
       -5.8398323, -5.254304 , -6.684425 , -5.690439 , -5.011707 ,
       -4.908956 , -5.5675697, -4.898725 , -5.914356 , -5.084897 ,
       -5.690439 , -5.1232615, -5.5356827, -4.418348 , -5.556205 ,
       -6.0005617, -6.3411922, -5.8378463, -5.8378463, -5.914356 ,
       -5.914356 , -5.914356 , -6.9519625, -5.914356 , -5.4212885,
       -5.914356 , -6.0918355, -5.462304 , -6.184319 , -3.8803992,
       -5.0880795, -4.6323757, -5.0880795, -6.3510966, -5.392907 ,
       -4.2327423, -4.458474 , -4.917517 , -4.9996877, -5.028359 ,
       -4.654581 , -5.2178454, -4.789298 , -3.63952  , -4.958825 ,
       -5.126427 , -4.72166  ], dtype=float32), array([-6.5129037, -6.766935 , -5.7933316, -5.8132744, -6.1305466,
       -6.899625 , -6.186903 , -7.140751 , -5.8725157, -6.8073063,
       -5.898675 , -5.82346  , -6.170473 , -5.9457693, -5.949089 ,
       -5.7738924, -6.618883 , -7.1024246, -5.6656523, -6.490761 ,
       -5.910401 , -6.5146036, -5.7630267, -6.1313696, -5.8390107,
       -6.032591 , -5.7969375, -6.090994 , -6.1367564, -5.9904666,
       -6.873279 , -5.946376 , -5.867145 , -6.654951 , -5.890149 ,
       -7.0894237, -5.7116985, -6.111895 , -5.7624826, -5.4089746,
       -6.2235165, -5.9888153, -5.825998 , -6.1313696, -5.8310246,
       -6.618518 , -6.5915055, -5.957326 , -6.156197 , -5.828251 ,
       -6.9067554, -6.869907 , -6.063297 , -5.667079 , -6.2235165,
       -5.6333666, -7.025538 , -6.3141   , -5.7836494, -7.0115447,
       -5.603612 , -6.3141   , -5.7077503, -5.647181 , -5.6028285,
       -5.6540766, -6.6084065, -5.2756495, -5.448813 , -6.1806493,
       -5.9413304, -6.910374 , -5.8601556, -7.0827193, -5.828254 ,
       -5.8215203, -5.7852626, -5.8359404, -6.8011317, -6.710823 ,
       -5.9397182, -5.198414 , -6.1666183, -6.3289146, -5.78267  ,
       -5.403211 , -7.0245194, -5.4974475, -7.2506447, -7.234181 ,
       -7.1145935, -7.1145935, -5.252971 , -5.6192565, -6.648268 ,
       -6.862429 , -6.044598 , -6.4704256, -5.9877815, -5.8110127,
       -6.9673834, -6.71722  , -7.1145935, -5.864009 , -5.499251 ,
       -6.3244586, -5.6272964, -6.9354134, -6.331899 , -7.0558596,
       -5.551586 , -6.040164 , -6.8011317, -6.0402274, -6.1499453,
       -6.1753416, -6.6283565, -6.569738 , -6.569738 , -5.96233  ,
       -6.2060976, -6.2378664, -6.3179183, -6.79009  , -6.5324945,
       -6.796748 , -6.6224446, -6.557106 , -5.7615886, -6.557106 ,
       -7.2977724, -6.736834 , -6.228711 , -5.6268125, -6.711483 ,
       -7.063421 , -6.2378664, -6.085821 , -6.5186553, -6.8288403,
       -7.7106123, -7.0548706, -6.9460316, -6.987894 , -6.82851  ,
       -5.5324564, -7.610417 , -6.084276 , -5.548335 , -5.6268125,
       -6.336211 , -6.8765535, -6.159929 , -5.252728 , -6.539372 ,
       -6.7484837, -6.5552573, -7.1471167, -6.8688135, -6.7540154,
       -5.9976673, -7.199053 , -6.5186553, -7.007538 , -6.730287 ,
       -6.177971 , -7.151696 , -6.7459593, -5.714606 , -7.0115447,
       -6.5664496, -5.252728 , -6.9868813, -5.8787446, -6.2418647,
       -6.0242624, -5.8644753, -5.896709 , -5.922327 , -5.882631 ,
       -5.7944374, -6.5186553, -6.7720604, -5.7883377, -5.252728 ,
       -6.557106 , -6.877359 , -6.8190565, -6.0447216, -5.5407867,
       -6.564064 , -6.9188685, -5.6629405, -5.252728 , -6.9356027,
       -5.9473414, -6.833939 , -5.703301 , -5.809539 , -6.194456 ,
       -6.1348853, -6.2944965, -6.71722  , -5.573958 , -5.331301 ,
       -5.849978 , -5.6551595, -6.438811 , -5.7793036, -4.943909 ,
       -4.9846587, -5.9875574, -4.9563556, -5.8721533, -5.0777183,
       -5.7793036, -6.0884595, -6.698165 , -5.572315 , -5.460569 ,
       -4.8238816, -6.396294 , -6.1383605, -6.1383605, -5.8721533,
       -5.8721533, -5.8721533, -6.9507504, -5.8721533, -5.4769716,
       -5.8721533, -6.1751223, -5.498129 , -5.972939 , -3.812985 ,
       -5.15466  , -4.722307 , -5.15466  , -6.793562 , -5.4228344,
       -4.449295 , -4.4425216, -5.282433 , -4.821766 , -5.0089183,
       -4.686506 , -5.2207603, -4.5993986, -4.9428453, -4.952665 ,
       -5.227765 , -4.7680435], dtype=float32)]","[-6.5486436 -6.3171415 -5.7367654 -5.7757864 -6.19907   -6.9404182
 -6.1088805 -7.1228294 -6.0355477 -6.3551955 -5.9249825 -5.950633
 -6.2998624 -6.028009  -5.870823  -5.9006553 -6.5505686 -7.0759125
 -5.5890236 -6.50883   -5.907872  -6.754318  -5.788373  -6.2448587
 -5.95218   -5.9535832 -5.9161363 -6.255415  -6.227423  -5.9262323
 -6.7658415 -6.057187  -5.784029  -6.656816  -5.873175  -7.221818
 -5.8430896 -6.1194315 -5.9006777 -5.7654505 -6.290099  -6.0112576
 -5.8608723 -6.2448587 -5.9803553 -6.8101816 -6.704362  -5.7974596
 -6.152429  -5.818238  -6.9051423 -6.9228225 -6.0473323 -5.708722
 -6.290099  -5.6167755 -7.04606   -6.248581  -5.5500436 -6.948137
 -5.7107935 -6.248581  -5.7734766 -5.576131  -5.5875206 -6.009744
 -6.6373124 -5.4056516 -5.479478  -6.3539505 -5.924044  -6.798192
 -5.9587665 -7.0626116 -5.8149405 -5.9577503 -5.9119215 -5.8580523
 -6.736575  -6.380389  -5.9662213 -5.3736773 -6.141223  -6.303056
 -5.7399607 -5.489372  -7.0704103 -5.7996273 -7.2847376 -7.481356
 -7.1152067 -7.1152067 -5.438837  -5.763877  -6.4877634 -6.8928175
 -5.86569   -6.3318186 -5.8543286 -5.683818  -7.052512  -6.68778
 -7.1152067 -5.6729074 -5.5087805 -6.389538  -5.639983  -7.0146036
 -6.4490075 -6.894586  -5.5591354 -6.0627656 -6.736575  -6.070926
 -6.0297904 -6.391024  -6.773015  -6.5568037 -6.5568037 -5.923945
 -6.244887  -6.289     -6.3609724 -6.792736  -6.4443855 -6.635885
 -6.5378127 -6.5145698 -5.5725393 -6.5145698 -7.0739365 -6.8716288
 -6.4414606 -5.6597757 -6.6425047 -6.965956  -6.289     -5.9926677
 -6.335274  -6.775482  -7.7421327 -6.885391  -6.79733   -7.158592
 -6.5986075 -5.5182066 -7.671157  -6.065419  -5.2809296 -5.6597757
 -6.061534  -6.92743   -6.494172  -5.2435746 -6.7408433 -6.8059874
 -6.6056604 -7.290863  -6.580536  -6.7004747 -5.9743853 -7.200572
 -6.335274  -6.872841  -6.941157  -6.147582  -6.9644713 -6.6357384
 -5.834998  -6.948137  -6.5774717 -5.2435746 -7.0039186 -6.036205
 -6.1951723 -6.368312  -5.832905  -5.8742304 -6.197018  -6.0299883
 -5.8327675 -6.335274  -6.9862213 -5.8894525 -5.2435746 -6.5145698
 -6.890288  -6.8876786 -6.3535767 -5.616433  -6.5378404 -6.923934
 -5.7132826 -5.2435746 -6.886449  -5.879518  -6.833519  -5.7186995
 -5.8491096 -6.2644176 -6.213792  -6.328631  -6.68778   -5.576928
 -5.7023363 -5.9448385 -5.3106585 -6.645365  -5.8129525 -4.992922
 -5.3624153 -6.057578  -5.136058  -5.8944373 -5.079328  -5.8129525
 -5.7242203 -6.454815  -4.659953  -5.570323  -5.290969  -6.241892
 -6.1174784 -6.1174784 -5.8944373 -5.8944373 -5.8944373 -6.831418
 -5.8944373 -5.7157187 -5.8944373 -6.270681  -5.461803  -6.382062
 -4.1582084 -5.082032  -4.8063407 -5.082032  -6.492563  -5.002797
 -4.307622  -4.6340723 -5.149623  -4.944827  -4.974967  -4.7429905
 -5.1654673 -4.7191978 -3.8875916 -4.892373  -5.0444283 -4.7273088]","[0.02204121 0.32658377 0.05267713 0.08081821 0.21429406 0.13268203
 0.07244685 0.13537498 0.24925928 0.3262021  0.05527503 0.14489985
 0.5223667  0.10487668 0.11341905 0.14845875 0.11069641 0.03328464
 0.0438762  0.03653137 0.06337115 0.16507925 0.0695658  0.15473922
 0.27575147 0.0767763  0.11722883 0.19813766 0.05658726 0.07201836
 0.05468572 0.23583901 0.15143023 0.07425504 0.10640677 0.09197669
 0.10196257 0.10692179 0.23584233 0.21990201 0.03785928 0.039782
 0.06338277 0.15473922 0.2590771  0.14608917 0.15900086 0.09050284
 0.11708514 0.06559469 0.04289205 0.08287989 0.11450734 0.10930924
 0.03785928 0.08743478 0.12154938 0.09496813 0.20074493 0.28957662
 0.14326191 0.09496813 0.0838019  0.04506415 0.03926274 0.30469504
 0.19110408 0.1383282  0.12895174 0.10789301 0.08458444 0.18565132
 0.17286035 0.08781965 0.08635379 0.10660677 0.06616408 0.02694808
 0.09834906 0.2133587  0.05910927 0.11054344 0.08475307 0.09761405
 0.0473448  0.08733971 0.11227895 0.2752647  0.04600838 0.18976295
 0.00789982 0.00789982 0.10608745 0.08231018 0.1049909  0.08826658
 0.11599288 0.08377676 0.12203997 0.08069775 0.11565963 0.07923885
 0.00789982 0.18477894 0.04135771 0.14118737 0.02897402 0.09205587
 0.09337094 0.25286475 0.1435092  0.13484208 0.09834906 0.14932132
 0.11932364 0.22586766 0.15037088 0.09830547 0.09830547 0.12522016
 0.08452784 0.11402674 0.18354057 0.07835672 0.17462921 0.3496891
 0.05251965 0.03543765 0.15798637 0.03543765 0.16439645 0.09557142
 0.36443305 0.09773556 0.03551121 0.07488079 0.11402674 0.12792265
 0.11642986 0.20244019 0.12916055 0.17275937 0.38464886 0.1055781
 0.13074303 0.11042373 0.03425118 0.13702868 0.14527664 0.09773556
 0.35664213 0.06768073 0.3112901  0.01026849 0.14294887 0.1790857
 0.04478288 0.37709928 0.28656912 0.04321796 0.09265736 0.10371618
 0.11642986 0.08063632 0.10910769 0.10446017 0.22922571 0.08442515
 0.12761597 0.28957662 0.07220309 0.01026849 0.07456458 0.2712481
 0.07598959 0.24535222 0.05696761 0.02906461 0.2355323  0.27290094
 0.16847406 0.11642986 0.20190299 0.3069992  0.01026849 0.03543765
 0.17877904 0.07362592 0.15744287 0.13828969 0.09861531 0.03748117
 0.02974888 0.01026849 0.17791852 0.0603494  0.03211962 0.15009138
 0.07861622 0.03930922 0.10860707 0.09920932 0.07923885 0.04205513
 0.31950316 0.21057485 0.24542631 0.10361739 0.1147927  0.02622702
 0.42164642 0.33085984 0.38620144 0.04961364 0.050443   0.1147927
 0.32028347 0.4597501  0.45636103 0.23304686 0.43967697 0.34507462
 0.18860738 0.18860738 0.04961364 0.04961364 0.04961364 0.24199046
 0.04961364 0.55364347 0.04961364 0.22995032 0.02377709 0.27175033
 0.6777257  0.09447097 0.5856226  0.09447097 0.157866   0.80246943
 0.07487471 0.31491515 0.12253822 0.06278684 0.08861279 0.12511317
 0.09634218 0.09638455 0.527774   0.08261226 0.14010654 0.1634329 ]"
6,ExtraTreesRegressor,"[-7.769999999999989, -7.5, -7.5, -5.979199999999999, -6.036649999999997, -6.38999999999999, -6.540150000000003, -6.02604999999999, -6.831099999999999, -6.236999999999991, -6.740000000000006, -5.7400000000000055, -5.959999999999997, -5.959999999999997, -6.6095000000000095, -5.540000000000005, -6.2924, -5.809999999999995, -6.6095000000000095, -6.9600000000000035, -7.02319999999999, -5.6769000000000025, -5.919999999999999, -5.784844772399993, -6.391900000000005, -6.480000000000009, -6.1705999999999985, -5.68, -6.720000000000016, -6.885633333333326, -5.800000000000001, -5.723600000000004, -5.540000000000005, -5.764199999999999, -5.902549999999995, -5.88939999999999, -5.589999999999992, -5.319200000000006, -5.820000000000001, -7.10110000000001, -5.75, -6.695000000000008, -7.0066666666666615, -5.778496267299999, -5.764199999999999, -5.939699999999996, -6.9600000000000035, -7.769999999999989, -5.540000000000005, -6.259999999999994, -5.870000000000004, -5.540000000000005, -6.070000000000004, -6.542857142857132, -6.142299999999991, -5.5199999999999925, -6.212499999999989, -5.919999999999999, -6.812500000000003, -5.342000000000005, -5.919999999999999, -6.212499999999989, -6.38999999999999, -6.215336603399997, -5.535900000000007, -5.623333333333334, -6.287900000000002, -6.88999999999999, -5.965399999999999, -5.962699999999997, -6.409000000000001, -7.448800000000011, -5.43674999999999, -7.180000000000008, -7.154901959999994, -5.72500000000001, -6.751533333333348, -6.4199999999999955, -7.01999999999999, -6.932000000000008, -5.526599999999993, -5.589999999999992, -6.5641, -7.217599999999992, -6.542857142857132, -5.924799999999997, -5.708000000000011, -6.968000000000011, -6.4199999999999955, -5.959999999999997, -6.695000000000008, -5.72500000000001, -5.60000000000001, -5.850000000000011, -5.959299999999997, -5.25, -7.201600000000004, -6.542857142857132, -5.717200000000007, -6.470000000000016, -7.259999999999994, -6.470000000000016, -6.372800000000008, -6.350999999999995, -5.540000000000005, -7.651279002799993, -5.924399999999996, -6.397800000000006, -6.379999999999996, -6.470000000000016, -7.261000000000004, -7.024999999999988, -6.470000000000016, -5.7904849849999955, -6.189694391867997, -7.139999999999989, -7.379999999999996, -6.470600000000003, -5.870000000000004, -6.5326999999999895, -5.820000000000001, -7.358599999999996, -6.4928000000000035, -7.048199999999995, -6.976000000000014, -7.07000000000001, -7.078220000000011, -6.190000000000008, -6.932000000000008, -6.836666666666669, -6.542857142857132, -7.139999999999989, -7.024999999999988, -5.589999999999992, -6.708333333333336, -7.26999999999999, -6.036999999999994, -7.11000000000001, -7.11000000000001, -6.754800000000007, -6.666600000000006, -6.040000000000003, -5.919999999999999, -6.600999999999995, -7.201600000000004, -7.229600000000013, -6.364999999999994, -5.434999999999999, -6.623333333333334, -6.623333333333334, -5.959999999999997, -6.0, -6.7566666666666615, -7.659999999999997, -5.267142857142858, -5.420000000000003, -6.7999999999999945, -6.004799999999998, -6.568000000000008, -6.932000000000008, -6.623333333333334, -6.1326000000000045, -5.267142857142858, -5.6150000000000055, -5.6150000000000055, -5.820000000000001, -5.166799999999999, -4.986000000000007, -5.94599999999999, -5.186399999999995, -5.6150000000000055, -4.970000000000013, -5.959444444444443, -4.930000000000006, -5.040000000000009, -6.028000000000009, -6.76999999999999, -7.570000000000013, -5.858571428571434, -6.61000000000001, -7.1191555555555714, -5.858571428571434, -6.365999999999994, -5.89349999999999, -5.720000000000015, -6.240000000000006, -5.720000000000015, -6.685299999999988, -5.415000000000007, -6.240000000000006, -6.040000000000003, -6.040000000000003, -4.554299999999995, -4.911897748666662, -4.911897748666662, -4.735454545454555, -5.540000000000005, -5.149999999999991, -4.7400000000000055, -4.741350000000006, -5.437600000000007, -5.209999999999992, -7.293333333333326, -7.293333333333326, -7.11000000000001, -5.819820178540004, -6.308599999999987, -6.515000000000003, -6.193000000000007, -5.553300000000003, -7.233200000000011, -7.233200000000011, -6.754399999999993, -5.864699999999992, -5.620000000000004, -5.73500000000001, -5.940000000000006, -5.930950000000015, -6.85965, -5.88999999999999, -5.606666666666673, -5.68, -5.6999999999999975, -5.623200000000002, -6.745599999999995, -5.6999999999999975, -5.870000000000004, -5.5991000000000035, -6.522599999999998, -5.530400000000009, -5.986200000000008, -5.876649999999996, -6.269999999999991, -6.919999999999993, -5.720000000000015, -7.113600000000012, -7.350000000000014, -6.871799999999988, -5.987220821290012, -6.509999999999994, -6.223333333333346, -7.084299999999997, -5.904999999999985, -5.7400000000000055, -5.807500000000004, -5.995999999999993, -7.04575749100001, -7.1649999999999965, -6.221415831666672, -5.796879999999996, -5.995104042749984, -6.172000000000002, -5.619466666666674, -6.871799999999988, -6.917999999999995, -6.493800000000001, -6.85500000000001, -5.606666666666673, -5.995104042749984, -5.720000000000015, -5.364000000000002, -5.38042167813, -5.484800000000006, -5.656400000000003, -6.209999999999999, -5.6999999999999975, -5.631599999999991, -5.661999999999995, -6.853871963999991, -7.007151442260007, -6.320298830999991, -6.320298830999991, -5.433999999999998, -6.323999999999992, -7.100000000000012, -7.096910012999995, -6.339999999999998, -5.852199999999999, -5.379999999999996, -5.959999999999997, -7.375, -7.096910012999995, -7.309999999999985, -5.959999999999997, -6.956666666666672, -5.876799999999995, -5.88999999999999, -6.059999999999993, -5.540000000000005, -5.720000000000015, -7.200000000000006, -7.07000000000001, -5.029999999999987, -5.646199999999994, -7.04575749100001, -6.100000000000011, -6.850000000000012, -7.600000000000014, -6.48500000000001, -7.309999999999985, -5.800000000000001, -6.9600000000000035, -6.115000000000006, -5.959999999999997, -5.512500000000008, -5.756961950999995, -5.9975118409349895, -6.956666666666672, -6.848333333333338, -5.756961950999995, -7.745000000000004, -7.096910012999995, -6.44000000000001, -7.147800000000007, -5.646799999999995, -6.450292368439984, -6.877994905069994, -6.214999999999996, -5.802399999999999, -6.9600000000000035, -6.627133333333328, -6.833300000000011, -6.612499999999995, -5.836000000000006, -6.627133333333328, -6.009899999999995, -7.309999999999985, -6.153333333333319, -5.7599999999999945, -7.190000000000015, -6.153333333333319, -6.612499999999995, -6.612499999999995, -6.645550000000004, -6.193800000000001, -7.035199999999992, -7.190000000000015, -5.345485714285716, -6.346199999999998, -6.115000000000006, -7.309999999999985, -6.679999999999992, -6.263800000000001, -7.077000000000009, -5.13850000000001, -6.845599999999996, -6.975800000000012, -7.453400000000014, -5.335714285714288, -7.11000000000001, -5.807549999999999, -7.1363999999999965, -7.23000000000001, -7.200000000000006, -7.0316666666666485, -5.550000000000003, -6.480000000000009, -5.68, -6.629999999999996, -7.083999999999987, -7.082349999999988, -6.674799999999992, -6.313800000000001, -7.200000000000006, -5.6050000000000075, -5.494000000000015, -5.335714285714288, -5.494000000000015, -5.0392, -6.105000000000009, -6.105000000000009, -5.895294117647051, -4.66000000000001, -5.747499999999995, -5.747499999999995, -5.992499999999998, -5.992499999999998, -5.934999999999994, -5.980000000000009, -5.895294117647051, -5.454999999999997, -5.319999999999997, -7.4099999999999975, -4.86000000000001, -4.86000000000001, -3.935000000000002, -4.86000000000001, -5.25, -5.233599999999993, -5.149999999999991, -5.301199999999992, -5.301199999999992, -4.926000000000007, -4.926000000000007, -4.974600000000005, -5.233599999999993, -5.095027825516006, -4.917214629999993, -4.86000000000001, -3.702500000000005, -4.86000000000001, -5.6336999999999975, -5.6336999999999975, -5.169099999999995, -6.88999999999999, -7.049999999999994, -5.959199999999997, -5.959199999999997, -5.804999999999999, -5.63999999999999, -5.660000000000007, -5.4084999999999965, -5.68, -5.855875000000002, -6.686765208109993, -6.619859949749992, -5.63999999999999, -6.224687338079999, -5.459999999999995, -5.959999999999997, -7.149999999999988, -5.7699999999999925, -5.649074999999995, -5.620000000000004, -5.895299999999996, -6.366507876000011, -6.686765208109993, -5.7400000000000055, -5.589999999999992, -6.062243600680005, -5.852500000000003, -7.149999999999988, -5.856482337833324, -5.885350000000002, -6.7999999999999945, -7.0066666666666615, -5.73500000000001, -5.589999999999992, -7.152999999999996, -6.410000000000002, -5.7400000000000055, -6.299999999999998, -5.6144000000000025, -5.6150000000000055, -7.0, -5.470000000000014, -6.137499999999986, -5.941400000000005, -6.835000000000003, -6.366507876000011, -6.836666666666669, -6.620000000000004, -6.109499999999993, -7.0, -5.959999999999997, -6.477799999999993, -6.333147255600007, -7.688800000000012, -6.55999999999999, -6.549999999999996, -6.535000000000002, -5.872400000000008, -6.05725000000001, -7.429999999999989, -6.669999999999995, -6.601700000000012, -5.7699999999999925, -5.300000000000006, -6.519999999999991, -6.366507876000011, -5.261999999999996, -5.4409000000000125, -6.183999999999994, -6.675200000000003, -6.565000000000011, -5.4900000000000055, -7.831400000000014, -6.761666666666659, -5.88999999999999, -5.589999999999992, -7.01999999999999, -6.758000000000005, -6.888199999999989, -5.586000000000009, -5.35000000000001, -6.730199999999996, -5.800000000000001, -6.865478526760003, -6.348000000000009, -7.429999999999989, -5.614400000000004, -6.102650000000008, -5.947999999999994, -5.63999999999999, -5.63999999999999, -7.175200000000006, -6.13999999999999, -6.410000000000002, -5.632400000000002, -5.887800000000004, -6.79409999999999, -7.096910012999995, -5.75910259667667, -5.944799999999995, -5.370000000000004, -6.596666666666681, -6.596666666666681, -5.410000000000009, -6.3330000000000055, -5.60000000000001, -7.129999999999996, -6.988810720519994, -5.820000000000001, -6.834, -5.612600000000003, -5.9928, -5.470000000000014, -6.863282448360004, -6.9600000000000035, -6.7999999999999945, -5.410000000000009, -5.673833333333329, -6.897199999999999, -6.7999999999999945, -6.589999999999999, -6.05725000000001, -7.161900000000006, -6.55999999999999, -6.7666666666666595, -6.13999999999999, -7.889999999999989, -5.620000000000004, -6.7861, -6.654999999999984, -6.740000000000006, -7.509999999999994, -7.386200000000001, -5.75, -7.151499999999994, -5.92869783032, -6.017700000000001, -6.519999999999991, -6.404591666666668, -7.695000000000013, -6.964157142857135, -6.975000000000012, -6.779999999999983, -6.290000000000001, -6.55999999999999, -7.190000000000015, -6.037500000000011, -6.975000000000012, -6.718500000000005, -5.3437999999999946, -6.7111000000000045, -5.459999999999995, -5.850000000000011, -5.276250000000004, -6.285000000000004, -5.919999999999999, -6.975000000000012, -5.9487999999999985, -6.0058000000000025, -5.88999999999999, -7.124599999999994, -7.1811999999999925, -6.975714285714278, -5.959999999999997, -5.63999999999999, -6.478299999999998, -5.613999999999993, -5.31, -5.430000000000002, -5.613999999999993, -4.83999999999999, -6.032799999999994, -5.820666666666666, -6.118700000000007, -6.410000000000002, -5.6374999999999975, -5.11000000000001, -5.845000000000015, -6.298000000000001, -5.6374999999999975, -5.6374999999999975, -5.820666666666666, -5.820666666666666, -5.820666666666666, -6.240000000000006, -6.547599999999999, -6.4359, -5.4375, -4.079999999999997, -5.179615588333324, -5.603199999999992, -5.179615588333324, -6.370000000000004, -4.0950000000000095, -4.615454545454551, -4.939999999999999, -5.5099999999999945, -4.615454545454551, -4.615454545454551, -4.921400000000005, -4.949500000000004, -7.520800000000001, -7.626666666666666, -7.51999999999999, -7.626666666666666, -5.836000000000008, -6.938799999999999, -6.480000000000009, -5.720000000000015, -5.863099999999994, -6.9348999999999945, -5.927599999999999, -5.7400000000000055, -6.846700000000012, -7.137699999999987, -6.850000000000012, -5.64299999999999, -5.723333333333345, -5.727600000000013, -5.725400000000003, -5.940000000000006, -6.991184313600002, -5.672999999999995, -5.6957000000000075, -5.460100000000003, -6.539999999999999, -7.139999999999989, -6.2300000000000075, -6.820000000000008, -5.7400000000000055, -5.7400000000000055, -5.495999999999994, -5.886599999999992, -5.937600000000004, -5.396900000000005, -6.235950667800008, -5.4900000000000055, -5.410000000000009, -5.720000000000015, -5.9100000000000055, -5.800000000000001, -5.9100000000000055, -5.2400000000000055, -6.480000000000009, -5.8505674757999975, -5.895999999999992, -5.7599999999999945, -5.4900000000000055, -5.672999999999995, -5.589999999999992, -7.075000000000006, -5.420000000000003, -5.720000000000015, -5.672000000000013, -5.6999999999999975, -6.679999999999992, -5.629999999999996, -6.740000000000006, -5.379999999999996, -5.9991999999999965, -5.5365999999999955, -5.5504000000000095, -6.179999999999995, -5.8200000000000065, -6.535000000000002, -6.9600000000000035, -5.901099999999996, -5.969099999999997, -6.240000000000006, -6.43430000000001, -6.899099999999999, -6.290686569400006, -5.88999999999999, -5.838600000000009, -6.155700000000008, -5.982499999999999, -5.5099999999999945, -6.965, -5.744000000000011, -6.593000000000001, -5.582099999999992, -5.660550000000008, -5.470000000000014, -5.469120000000013, -5.38999999999999, -6.4764400000000055, -5.946000000000002, -6.169999999999996, -5.7943, -5.8745, -5.60000000000001, -5.47500000000001, -6.63999999999999, -7.329599999999996, -7.129818655500002, -6.730000000000009, -6.339999999999998, -5.720000000000015, -5.47500000000001, -5.850000000000011, -6.240000000000006, -6.309999999999991, -5.510599999999994, -6.240000000000006, -7.190000000000015, -6.129999999999996, -6.230838833500001, -6.309999999999991, -6.309999999999991, -7.4099999999999975, -6.129999999999996, -7.129818655500002, -6.415222953304993, -5.589999999999992, -6.958607314999996, -6.636000000000001, -5.519000000000005, -5.4900000000000055, -6.259999999999994, -5.4800000000000075, -7.230200000000005, -7.139999999999989, -7.703100000000006, -5.907499999999999, -6.339999999999998, -7.2100000000000035, -6.971235981999996, -6.871666666666669, -6.605000000000009, -7.164399999999988, -7.230200000000005, -6.508888888888885, -5.1974999999999945, -7.004359999999995, -7.0399999999999965, -7.48000000000001, -5.990000000000006, -7.5000000000000036, -6.720000000000016, -7.679999999999987, -5.319999999999997, -7.639999999999989, -4.83999999999999, -6.2300000000000075, -5.720000000000015, -6.073000000000003, -7.3400000000000025, -5.1974999999999945, -6.934299999999995, -7.3400000000000025, -7.181600000000006, -6.6778999999999975, -4.83999999999999, -7.059999999999986, -7.159999999999999, -6.9600000000000035, -6.9600000000000035, -5.7599999999999945, -5.1974999999999945, -6.605000000000009, -6.736400000000007, -6.9600000000000035, -5.373749999999986, -4.212000000000002, -5.298318462884003, -5.387587499999987, -4.904999999999988, -4.904999999999988, -6.0, -5.922142857142843, -5.692000000000005, -5.129999999999996, -5.571428571428566, -4.526035714285723, -5.922142857142843, -5.129999999999996, -5.231999999999999, -5.699285714285718, -5.875, -5.699285714285718, -5.875, -6.829200000000004, -7.200000000000006, -5.922142857142843, -5.922142857142843, -4.322999999999998, -6.9600000000000035, -5.922142857142843, -5.930742857142856, -4.752026734000011, -6.350000000000011, -4.795000000000004, -3.620000000000003, -5.550000000000003, -4.915000000000009, -4.939999999999999, -4.480000000000006, -4.795000000000004, -4.795000000000004, -4.795000000000004, -4.4683, -5.031000000000005, -6.526666666666654, -7.470000000000017, -6.256400000000014, -5.8864, -5.6019999999999985, -6.820000000000008, -7.01999999999999, -5.892700000000004, -5.485399999999999, -6.125904997199997, -5.927199999999999, -6.209999999999999, -5.619885539020003, -5.892700000000004, -5.604399999999998, -6.0, -6.9600000000000035, -5.814801167249999, -5.639000000000002, -5.639000000000002, -5.959999999999997, -5.606666666666673, -5.733400000000006, -5.47500000000001, -5.9591999999999965, -5.4719999999999995, -5.374799999999997, -5.7099999999999955, -6.700000000000005, -5.788100000000009, -5.584999999999995, -7.147399999999997, -5.474199999999999, -6.242915149000009, -5.731599999999993, -5.816999999999999, -5.804999999999999, -5.814801167249999, -6.96799999999999, -6.700000000000005, -5.579999999999999, -5.720000000000015, -5.7599999999999945, -7.139999999999989, -6.110699999999997, -7.118849107999989, -6.242915149000009, -5.60000000000001, -7.0571999999999955, -5.540000000000005, -5.7099999999999955, -7.139999999999989, -6.179999999999995, -5.5337999999999985, -7.073333333333341, -5.579999999999999, -5.579999999999999, -5.332000000000005, -5.820000000000001, -6.777100000000006, -5.8184000000000005, -6.399999999999988, -7.073333333333341, -5.667500000000005, -7.043999999999994, -5.616184633999991, -8.03999999999999, -6.89986057131, -7.154901959999994, -6.7771000000000035, -5.689900000000002, -5.689900000000002, -6.796600000000007, -5.5699999999999985, -6.532400000000001, -5.697499999999998, -5.747200000000006, -5.84970000000001, -6.589999999999999, -6.535000000000002, -6.934999999999986, -7.125905986500007, -5.747200000000006, -7.048199999999997, -7.190000000000015, -5.9618, -8.03999999999999, -5.6255999999999995, -5.720000000000015, -5.542799999999993, -7.5900000000000025, -5.6999999999999975, -5.63999999999999, -5.815800000000014, -5.636200000000008, -5.823400000000004, -7.115000000000006, -5.800000000000001, -7.0, -7.0, -6.457199999999989, -6.125, -7.096000000000009, -5.919999999999999, -7.600000000000014, -5.5699999999999985, -6.059999999999993, -7.190000000000015, -5.452799999999999, -5.616184633999991, -7.337200000000007, -5.7699999999999925, -7.094399999999992, -6.669266666666662, -6.359562346770002, -7.0992000000000095, -6.200000000000001, -6.379999999999996, -7.365000000000006, -7.073333333333341, -6.809999999999987, -5.68, -6.399999999999988, -7.429999999999989, -6.807800000000009, -5.915400000000004, -6.168000000000003, -6.399999999999988, -6.772, -7.2194, -6.736274999999994, -7.309999999999985, -6.9600000000000035, -7.600000000000014, -6.526666666666654, -5.703200000000013, -6.399999999999988, -7.152800000000013, -5.959999999999997, -6.399999999999988, -5.720000000000015, -5.715, -5.1349999999999945, -7.042799999999997, -7.740000000000006, -6.567499999999996, -6.593599999999996, -7.740000000000006, -5.183333333333336, -5.4464999999999995, -5.7152000000000145, -5.1349999999999945, -7.309999999999985, -6.904999999999983, -5.48500000000001, -5.800000000000001, -5.1349999999999945, -6.966666666666665, -5.1349999999999945, -5.183333333333336, -5.183333333333336, -5.942600000000002, -5.7774999999999945, -5.7774999999999945, -5.877500000000006, -4.904999999999988, -5.877500000000006, -5.877500000000006, -6.103333333333342, -5.877500000000006, -5.752142857142868, -5.489571428571435, -6.144999999999991, -5.564150000000004, -5.227900000000004, -5.877500000000006, -5.752142857142868, -6.76999999999999, -6.76999999999999, -6.339999999999998, -5.980000000000009, -6.537600000000006, -5.877500000000006, -5.877500000000006, -5.496666666666669, -5.496666666666669, -4.350000000000008, -4.382800000000007, -5.160980718250005, -6.789999999999997, -6.789999999999997, -4.596363636363647, -4.705999999999994, -5.230000000000007, -4.83999999999999, -4.542799999999997, -5.3550000000000075, -5.040000000000009, -4.705999999999994, -4.596363636363647, -5.2485]","0     -7.22
1     -6.21
2     -7.24
3     -5.92
4     -5.96
       ... 
247   -6.00
248   -3.99
249   -5.24
250   -4.77
251   -4.71
Name: Permeability, Length: 252, dtype: float64","[array([-6.54285714, -6.05507193, -5.8525    , -5.85      , -5.74996667,
       -6.7568    , -5.92      , -6.8936    , -6.4984    , -6.4526    ,
       -6.1216    , -5.7642    , -5.9502    , -6.48      , -5.87      ,
       -5.7412    , -6.62      , -7.1011    , -5.46      , -6.4448    ,
       -5.8904    , -6.7395    , -5.77      , -6.3718    , -6.4301    ,
       -5.54      , -5.92      , -6.89      , -6.2153366 , -6.39      ,
       -6.74      , -5.96      , -5.9474    , -6.665     , -6.695     ,
       -6.6060766 , -5.54      , -5.74      , -5.5505    , -5.71896667,
       -6.29844584, -6.05875   , -5.78484477, -6.3718    , -5.92083333,
       -6.0876    , -6.665     , -5.62333333, -6.98      , -5.8       ,
       -6.90333333, -7.08508   , -5.6582    , -5.69635   , -6.29844584,
       -5.64      , -7.14      , -6.1423    , -5.54      , -6.037     ,
       -5.61618463, -6.1423    , -6.05      , -5.595     , -5.52      ,
       -6.3098    , -6.2155    , -5.4084    , -5.533     , -5.9322    ,
       -6.9754    , -7.00666667, -5.49      , -7.19      , -5.779     ,
       -5.9556    , -5.96      , -5.75      , -7.14      , -6.603     ,
       -6.10472549, -5.747     , -6.695     , -6.3022    , -6.2472    ,
       -5.62333333, -7.19      , -5.8935    , -7.27      , -7.05693333,
       -7.15490196, -7.15490196, -5.9593    , -5.9448    , -6.0608    ,
       -6.9024    , -5.59      , -6.2125    , -5.85      , -6.695     ,
       -6.9537    , -6.75666667, -7.15490196, -5.74941667, -5.8443    ,
       -6.4295    , -5.468     , -7.2016    , -6.34      , -7.00666667,
       -5.725     , -6.065     , -7.14      , -6.1536    , -6.4112    ,
       -6.70833333, -7.1328    , -6.26      , -6.26      , -5.7372    ,
       -5.5864    , -6.47      , -6.7162    , -6.674     , -5.82      ,
       -6.85      , -6.0048    , -5.8914    , -5.37      , -5.8914    ,
       -6.9234    , -6.3146    , -6.3579    , -5.4425    , -6.7495    ,
       -7.09      , -6.47      , -6.17      , -6.2125    , -7.06775   ,
       -6.85      , -7.28048464, -7.06372   , -7.1699    , -7.38      ,
       -5.6       , -7.745     , -6.07287987, -5.2261    , -5.4425    ,
       -6.4       , -7.3586    , -7.1458    , -5.17666667, -6.734     ,
       -6.4928    , -6.54285714, -5.8861    , -6.41012655, -6.47      ,
       -6.4853    , -6.98      , -6.2125    , -6.62333333, -7.12      ,
       -5.825     , -7.00666667, -6.3195    , -5.72      , -6.037     ,
       -6.91      , -5.17666667, -7.07      , -5.92      , -5.57285   ,
       -6.4107    , -5.5266    , -5.77333333, -6.5127    , -5.89      ,
       -5.68      , -6.2125    , -6.4252    , -5.66      , -5.17666667,
       -5.8914    , -6.2745    , -7.12186667, -6.68      , -5.46      ,
       -6.1313    , -6.932     , -5.72      , -5.17666667, -7.46      ,
       -5.85      , -6.85      , -6.075     , -5.5687    , -6.4364    ,
       -6.4918    , -6.8       , -6.75666667, -5.615     , -6.50834   ,
       -5.82      , -4.92786751, -6.7       , -6.028     , -5.02      ,
       -6.0615    , -6.6008    , -4.89      , -5.95944444, -5.04      ,
       -6.028     , -5.80666667, -6.7       , -4.41      , -5.6124    ,
       -4.97      , -4.986     , -6.366     , -6.366     , -5.95944444,
       -5.95944444, -5.95944444, -6.24      , -5.95944444, -7.11915556,
       -5.95944444, -5.63      , -5.415     , -6.89500026, -3.68      ,
       -4.91189775, -5.6377    , -4.91189775, -6.4675    , -5.64      ,
       -4.29731818, -5.54      , -5.15      , -5.        , -4.74      ,
       -4.69      , -4.74135   , -4.73545455, -3.58      , -5.1827    ,
       -5.17678182, -4.54473636]), array([-6.50888889, -6.303     , -5.905     , -5.81982018, -5.7766146 ,
       -6.7392    , -6.5469    , -7.2377    , -5.822     , -5.92      ,
       -5.92      , -5.92      , -6.6072    , -6.48      , -5.6073    ,
       -6.0559    , -6.62      , -7.09      , -5.6232    , -6.5352    ,
       -5.8956    , -7.052     , -5.77      , -6.0128    , -6.5789    ,
       -5.7491    , -5.92      , -5.7738    , -6.22141583, -5.9214    ,
       -6.74      , -5.96      , -5.6004    , -6.51      , -6.22333333,
       -5.93095   , -5.60666667, -5.817     , -5.4989    , -5.54291279,
       -6.32029883, -5.64      , -5.99510404, -6.0128    , -5.90366782,
       -6.8589    , -5.6216    , -5.6475    , -5.464     , -5.78      ,
       -6.855     , -7.0757    , -5.6423    , -6.2287    , -6.32029883,
       -5.64      , -6.89331528, -6.21      , -6.7732    , -7.4       ,
       -5.98722082, -6.21      , -5.9824    , -5.595     , -5.57333333,
       -7.2377    , -7.04575749, -5.3576    , -5.8572    , -6.5223    ,
       -5.9442    , -7.2       , -5.464     , -7.2622    , -5.80264   ,
       -5.79966   , -5.96      , -5.8075    , -7.165     , -6.5865    ,
       -5.99510404, -5.2596    , -6.22333333, -6.04      , -6.27      ,
       -5.51      , -7.077     , -6.7762    , -7.1       , -6.95666667,
       -7.12590599, -7.12590599, -5.6399    , -5.8669    , -6.298     ,
       -7.07607915, -5.7568    , -6.11975   , -5.85      , -6.22333333,
       -7.04      , -6.7225    , -7.12590599, -5.62      , -5.8452    ,
       -6.5684    , -5.38      , -7.04      , -6.485     , -5.96      ,
       -5.38      , -5.89      , -7.165     , -6.1576    , -5.78175   ,
       -6.58685   , -5.7069    , -6.352     , -6.352     , -5.7224    ,
       -5.5112    , -6.215     , -5.63866667, -6.63      , -6.07025   ,
       -6.85      , -7.2       , -7.2       , -5.37      , -7.2       ,
       -7.1962    , -5.9296    , -5.9734    , -5.4425    , -7.2       ,
       -7.082     , -6.215     , -6.17      , -6.115     , -6.25544701,
       -6.95666667, -7.26078577, -7.0658    , -7.0762    , -7.38      ,
       -5.6       , -7.745     , -5.75696195, -5.2341    , -5.4425    ,
       -6.4       , -7.29      , -7.04      , -5.17666667, -6.6772    ,
       -6.7       , -7.41      , -5.96      , -5.97      , -6.55333333,
       -5.92415   , -6.7504    , -6.115     , -6.8125    , -7.12      ,
       -5.825     , -7.2       , -7.2       , -5.72      , -7.4       ,
       -6.485     , -5.17666667, -7.07      , -5.92      , -5.64      ,
       -6.26      , -5.72      , -5.76      , -6.1938    , -6.3462    ,
       -5.68      , -6.115     , -7.5428    , -6.115     , -5.17666667,
       -7.2       , -6.51      , -7.27253333, -6.68      , -5.752     ,
       -6.7637    , -7.03166667, -5.68      , -5.17666667, -6.48      ,
       -5.85      , -6.95666667, -6.11344   , -5.4989    , -5.6562    ,
       -7.0948    , -6.9276    , -6.7225    , -5.494     , -5.714875  ,
       -5.82      , -4.8577    , -6.7       , -5.7475    , -5.02      ,
       -6.16485   , -7.1331    , -4.89      , -5.89529412, -5.075     ,
       -5.7475    , -5.80666667, -6.7       , -4.41      , -5.1544    ,
       -4.9942    , -6.3682    , -5.9925    , -5.9925    , -5.89529412,
       -5.89529412, -5.89529412, -6.96      , -5.89529412, -5.32      ,
       -5.89529412, -5.9605    , -5.455     , -7.24011474, -3.68      ,
       -5.09184629, -3.6845    , -5.09184629, -6.4675    , -3.7025    ,
       -4.3416    , -4.45      , -5.14      , -5.        , -5.05      ,
       -4.9746    , -5.24      , -4.86      , -3.58      , -4.92      ,
       -5.1848    , -5.0565    ]), array([-6.56      , -6.9526    , -5.8525    , -5.85      , -5.72705   ,
       -6.9945    , -5.4505    , -6.9967    , -5.7844    , -6.32      ,
       -5.805     , -5.92      , -7.1276    , -6.48      , -5.76255   ,
       -5.6971    , -6.68676521, -7.09      , -5.46      , -6.408     ,
       -5.89      , -6.6289    , -5.77      , -6.49545   , -6.515     ,
       -5.642     , -6.32      , -6.2132    , -6.36650788, -5.91915   ,
       -6.74      , -6.7941    , -6.62      , -6.665     , -6.565     ,
       -7.24      , -5.60666667, -5.9119    , -5.92      , -5.5586    ,
       -6.33314726, -6.05335   , -5.85648234, -6.49545   , -5.6011    ,
       -6.33785   , -6.332     , -5.6475    , -5.49      , -5.8       ,
       -7.        , -6.98998571, -6.        , -5.38      , -6.33314726,
       -5.64      , -6.332     , -6.21      , -5.9113    , -7.4       ,
       -5.61618463, -6.21      , -5.9404    , -5.595     , -5.615     ,
       -7.1726    , -5.8088    , -5.55235   , -5.9033    , -6.4805    ,
       -5.6156    , -7.00666667, -5.5864    , -7.1998    , -5.65038   ,
       -6.39      , -5.96      , -5.8       , -7.19      , -5.6267    ,
       -5.85648234, -5.51      , -6.565     , -6.04      , -5.9119    ,
       -5.51      , -7.19      , -6.4284    , -7.27      , -7.5028    ,
       -7.09691001, -7.09691001, -5.96      , -5.9972    , -6.5274    ,
       -5.9444    , -5.74      , -6.18976   , -6.018     , -6.416     ,
       -6.08      , -6.76666667, -7.09691001, -5.76046667, -5.82      ,
       -6.5122    , -5.258     , -7.04      , -6.41      , -6.184     ,
       -5.38      , -6.065     , -7.19      , -6.104     , -6.44      ,
       -6.17      , -6.86025   , -6.59666667, -6.59666667, -5.6448    ,
       -6.5382    , -6.215     , -7.0109    , -6.975     , -5.60666667,
       -5.6126    , -7.2       , -5.825     , -5.37      , -5.825     ,
       -6.0187    , -7.11486062, -6.992     , -5.41      , -7.2       ,
       -6.47175   , -6.215     , -5.67383333, -6.188     , -5.86433437,
       -7.5462    , -5.6497    , -6.98598571, -7.11087213, -6.7861    ,
       -5.6       , -7.89      , -6.07287987, -5.03      , -5.41      ,
       -5.62      , -7.13      , -7.16154798, -5.17666667, -7.695     ,
       -6.7       , -6.56      , -7.4554    , -6.07287987, -6.655     ,
       -7.24      , -7.153     , -6.188     , -6.67      , -7.12      ,
       -5.825     , -7.4175    , -7.44      , -5.92      , -7.4       ,
       -6.4876    , -5.17666667, -7.07      , -6.96415714, -5.5595    ,
       -6.2444    , -5.258     , -5.792     , -6.7074    , -5.89      ,
       -5.85      , -6.188     , -7.00285   , -5.66      , -5.17666667,
       -5.825     , -6.96      , -7.1294    , -6.68      , -5.59      ,
       -7.0552    , -6.97571429, -5.72      , -5.17666667, -7.46      ,
       -5.85      , -6.85      , -6.12088   , -5.7723    , -6.85132272,
       -7.24      , -7.24      , -6.76666667, -5.614     , -5.97313333,
       -5.82      , -5.038     , -6.7       , -5.81666667, -5.02      ,
       -6.1187    , -6.4282    , -6.1187    , -5.82066667, -5.11      ,
       -5.81666667, -5.80666667, -6.7       , -4.4143    , -5.4353    ,
       -4.8228    , -6.27667333, -6.298     , -6.298     , -5.82066667,
       -5.82066667, -5.82066667, -6.96      , -5.82066667, -5.32      ,
       -5.82066667, -6.24      , -5.4375    , -7.4026    , -5.6032    ,
       -5.17961559, -5.6032    , -5.17961559, -6.37      , -5.64      ,
       -4.43786364, -4.45      , -5.14      , -5.        , -5.05      ,
       -4.69      , -5.24      , -4.61545455, -3.58      , -4.9207    ,
       -4.9225    , -5.19547273]), array([-6.50888889, -7.3143    , -5.8       , -5.85      , -5.92      ,
       -6.31      , -5.5096    , -6.8338    , -5.9312    , -7.02      ,
       -5.972     , -5.9128    , -5.968     , -6.48      , -5.878     ,
       -5.664     , -6.62      , -7.09      , -5.496     , -6.2992    ,
       -5.97875   , -6.6192    , -6.0344    , -5.7392    , -6.2728    ,
       -6.4064    , -5.92      , -6.2489    , -6.23595067, -5.9208    ,
       -6.74      , -5.96      , -5.601     , -6.82      , -5.41      ,
       -7.2675    , -5.74      , -6.212     , -5.8927    , -5.5487    ,
       -6.29068657, -5.644     , -5.85056748, -5.7392    , -5.73675694,
       -6.57945   , -6.8023    , -5.63      , -6.8128    , -5.91      ,
       -6.90333333, -7.0959    , -6.        , -6.189     , -6.29068657,
       -5.64      , -7.1008    , -6.21      , -5.28      , -7.4       ,
       -5.61618463, -6.21      , -6.05      , -5.595     , -5.57333333,
       -5.7896    , -7.04575749, -5.6627    , -5.5855    , -6.88345   ,
       -5.6126    , -7.00666667, -5.6714    , -7.19      , -5.7548    ,
       -6.158     , -5.96      , -5.91      , -7.165     , -5.7346    ,
       -5.7536    , -5.28      , -6.3966    , -6.1568    , -5.9152    ,
       -5.45482   , -7.19      , -5.8943    , -7.27      , -6.73      ,
       -7.12590599, -7.12590599, -5.9565    , -5.8438    , -6.7182    ,
       -6.68465   , -5.89      , -5.98705   , -5.85      , -5.41      ,
       -6.7287    , -6.605     , -7.12590599, -7.237     , -5.8487    ,
       -6.3645    , -5.4691    , -7.04      , -6.34      , -7.47      ,
       -5.38      , -6.24      , -7.165     , -5.822     , -5.873     ,
       -6.87166667, -7.1158    , -6.23      , -6.23      , -5.6964    ,
       -6.31      , -6.13      , -7.6       , -6.674     , -7.6       ,
       -6.85      , -7.2       , -5.85      , -5.37      , -5.85      ,
       -7.05606667, -7.12981866, -7.6       , -5.475     , -6.7043    ,
       -7.0125    , -6.13      , -6.17      , -5.9825    , -7.60435   ,
       -6.85      , -6.89326302, -7.0983    , -7.2573    , -6.94863263,
       -5.59      , -7.745     , -6.23083883, -5.4       , -5.475     ,
       -6.4       , -7.14      , -6.9608    , -5.1975    , -6.7496    ,
       -6.7       , -6.503     , -5.54      , -6.41807419, -6.55333333,
       -5.90115   , -6.96      , -5.9825    , -6.8125    , -7.12      ,
       -5.85      , -7.00666667, -7.2       , -5.72      , -7.4       ,
       -6.34      , -5.1975    , -7.2302    , -5.92      , -6.50888889,
       -6.26      , -5.8386    , -5.76      , -6.525     , -5.89      ,
       -5.68      , -5.9825    , -6.8455    , -5.66      , -5.1975    ,
       -5.85      , -6.51      , -7.0269    , -6.68      , -6.64453051,
       -7.1436    , -6.96      , -5.72      , -5.1975    , -7.46      ,
       -5.85      , -6.85      , -5.41130893, -5.7641    , -6.6554    ,
       -5.90115   , -5.885     , -6.605     , -5.57142857, -5.692     ,
       -5.82      , -4.91336751, -6.7       , -5.692     , -5.02      ,
       -4.89      , -6.1386    , -4.89      , -5.92214286, -5.075     ,
       -5.692     , -5.13      , -5.57142857, -4.5905    , -4.7664    ,
       -6.10187857, -4.1789    , -5.875     , -5.875     , -5.92214286,
       -5.92214286, -5.92214286, -6.96      , -5.92214286, -5.32      ,
       -5.92214286, -5.9605    , -5.448     , -5.7392    , -3.68      ,
       -5.09184629, -4.66      , -5.09184629, -6.35      , -5.64      ,
       -4.2182    , -4.45      , -4.915     , -5.        , -5.05      ,
       -4.69      , -5.24      , -4.795     , -3.58      , -4.92      ,
       -5.1764    , -5.04295   ]), array([-6.4       , -7.0993    , -5.8525    , -5.85      , -5.8764    ,
       -5.7555    , -5.8       , -6.6651    , -6.2252    , -7.0362    ,
       -5.92      , -5.9116    , -7.0984    , -6.168     , -5.8397    ,
       -5.68805568, -6.62      , -7.09      , -5.46      , -6.2       ,
       -6.2814    , -6.32      , -5.871     , -5.8055    , -6.15046667,
       -5.54      , -5.71      , -6.305     , -6.125905  , -5.9305    ,
       -5.9272    , -5.96      , -5.8044    , -6.665     , -6.22333333,
       -6.6083356 , -5.60666667, -6.30505   , -5.8918    , -5.6866    ,
       -6.24291515, -5.8918    , -5.81480117, -5.8055    , -6.03      ,
       -6.32544216, -6.665     , -5.71      , -5.8365    , -5.76      ,
       -6.90333333, -7.0991    , -6.        , -6.226     , -6.24291515,
       -5.57      , -7.14      , -6.21      , -7.0518    , -7.4       ,
       -5.61618463, -6.21      , -6.0503    , -5.82      , -5.585     ,
       -7.0359    , -7.15490196, -5.3476    , -7.142     , -5.7       ,
       -5.05      , -7.00666667, -5.6732    , -7.22046667, -5.9234    ,
       -5.332     , -5.332     , -5.76      , -7.165     , -5.6153    ,
       -5.74      , -7.0518    , -7.0392    , -6.0172    , -5.9167    ,
       -6.4728    , -7.19      , -5.92      , -7.27      , -7.47813333,
       -7.12590599, -7.12590599, -5.6362    , -5.6899    , -5.9684    ,
       -7.12590599, -5.722     , -6.52666667, -5.705     , -6.22333333,
       -6.7048    , -6.7225    , -7.12590599, -5.6014    , -5.89      ,
       -6.1445    , -5.3732    , -7.04      , -6.125     , -7.3868    ,
       -5.38      , -6.065     , -7.165     , -5.8203    , -6.44      ,
       -5.7124    , -5.7033    , -6.352     , -6.352     , -5.7692    ,
       -5.7034    , -6.215     , -6.8768    , -6.5675    , -6.8569    ,
       -6.85      , -7.2       , -7.2495    , -7.096     , -7.2495    ,
       -7.1528    , -5.8847    , -7.0542    , -5.4425    , -6.0172    ,
       -7.365     , -6.215     , -6.17      , -6.52666667, -6.60883   ,
       -7.47593333, -7.27706041, -7.06      , -7.11884911, -7.3716    ,
       -5.6       , -7.6       , -6.07287987, -5.2789    , -5.4425    ,
       -6.4       , -7.16473333, -5.6758    , -5.135     , -6.034     ,
       -6.7       , -6.105     , -5.5036    , -6.03038157, -6.535     ,
       -5.925     , -6.680775  , -6.52666667, -7.31      , -5.7032    ,
       -5.8       , -7.352     , -7.2       , -5.72      , -7.4       ,
       -6.254     , -5.135     , -7.07      , -5.92      , -6.4       ,
       -6.        , -5.5266    , -5.8032    , -6.2       , -5.89      ,
       -5.68      , -6.52666667, -6.6692    , -5.66      , -5.135     ,
       -7.2495    , -6.06      , -7.18526667, -5.7152    , -5.958     ,
       -7.0835    , -6.96666667, -5.72      , -5.135     , -7.46      ,
       -5.715     , -6.85      , -6.08484286, -5.8212    , -6.8005    ,
       -5.8032    , -5.92      , -6.7225    , -5.57142857, -5.4236    ,
       -5.82      , -6.149     , -5.9426    , -5.7775    , -4.905     ,
       -6.17186667, -6.5145    , -4.89      , -5.8775    , -5.075     ,
       -5.7775    , -6.145     , -6.7       , -5.57627857, -5.4102    ,
       -4.9942    , -5.54055   , -6.155     , -6.155     , -5.8775    ,
       -5.8775    , -5.8775    , -6.96      , -5.8775    , -5.32      ,
       -5.8775    , -5.63      , -5.49666667, -7.27433534, -3.68      ,
       -5.16098072, -4.4444    , -5.16098072, -6.79      , -5.64      ,
       -4.4736    , -4.45      , -5.355     , -4.5428    , -5.05      ,
       -4.69      , -5.24      , -4.59636364, -4.59636364, -4.92      ,
       -5.1652    , -5.0488    ])]","[-6.50412698 -6.74485439 -5.8525     -5.84396404 -5.81000625 -6.5112
 -5.8454     -6.92538    -6.05224    -6.54976    -5.94772    -5.88572
 -6.55028    -6.4176     -5.79151    -5.76925114 -6.63335304 -7.09222
 -5.49984    -6.37744    -5.98723    -6.67192    -5.84308    -6.08495
 -6.38945333 -5.7755     -5.958      -6.28618    -6.2330232  -6.01637
 -6.57744    -6.12682    -5.91464    -6.665      -6.22333333 -6.73057244
 -5.62       -5.99719    -5.75078    -5.61115589 -6.29709873 -5.85758
 -5.86035996 -6.08495    -5.83847162 -6.43784843 -6.41718    -5.65166667
 -6.11666    -5.81       -6.913      -7.06915314 -5.8601     -5.94401
 -6.29709873 -5.626      -6.92122306 -6.19646    -6.11126    -7.1274
 -5.69039187 -6.19646    -6.01462    -5.64       -5.57333333 -6.70912
 -6.65414339 -5.46573    -6.0042     -6.30369    -5.83956    -7.04533333
 -5.577      -7.21249333 -5.782044   -5.927052   -5.8344     -5.8055
 -7.165      -6.03322    -5.88998237 -5.76968    -6.58382667 -6.11124
 -6.0522     -5.71419067 -7.1674     -6.18248    -7.236      -7.14490667
 -7.12590599 -7.12590599 -5.83038    -5.86852    -6.31456    -6.74668703
 -5.73976    -6.20714533 -5.8546     -6.19353333 -6.70144    -6.71466667
 -7.12590599 -5.99365667 -5.84964    -6.40382    -5.38966    -7.07232
 -6.34       -6.80149333 -5.449      -6.065      -7.165      -6.0115
 -6.18919    -6.40985    -6.50381    -6.35813333 -6.35813333 -5.714
 -5.92984    -6.249      -6.76851333 -6.7041     -6.39076333 -6.60252
 -6.96096    -6.40318    -5.7152     -6.40318    -6.86943333 -6.47471585
 -6.7955     -5.4425     -6.7742     -7.00425    -6.249      -6.07076667
 -6.20493333 -6.68014228 -7.13576    -6.87225877 -7.05476114 -7.14662425
 -7.17326653 -5.598      -7.745      -6.04128808 -5.23382    -5.4425
 -6.244      -7.21666667 -6.7967896  -5.1725     -6.77796    -6.65856
 -6.62417143 -6.06902    -6.18029244 -6.55333333 -6.29512    -6.904835
 -6.20493333 -6.84566667 -6.83664    -5.825      -7.19656667 -7.0719
 -5.76       -7.1274     -6.49532    -5.1725     -7.10204    -6.12883143
 -5.93624778 -6.23502    -5.57396    -5.77770667 -6.42778    -5.98124
 -5.714      -6.20493333 -6.89711    -5.751      -5.1725     -6.40318
 -6.4629     -7.14719333 -6.48704    -5.8809061  -6.83546    -6.97320952
 -5.712      -5.1725     -7.264      -5.823      -6.87133333 -5.96109436
 -5.68504    -6.47996454 -6.50619    -6.55452    -6.71466667 -5.57317143
 -5.86238967 -5.82       -5.177187   -6.54852    -5.81233333 -4.997
 -5.88138333 -6.56304    -5.13574    -5.89500962 -5.075      -5.81233333
 -5.739      -6.47428571 -4.68021571 -5.27574    -5.17661571 -5.47006467
 -6.1373     -6.1373     -5.89500962 -5.89500962 -5.89500962 -6.816
 -5.89500962 -5.67983111 -5.89500962 -5.8842     -5.45043333 -6.91025007
 -4.06464    -5.08723733 -4.80596    -5.08723733 -6.489      -5.2525
 -4.35371636 -4.668      -5.14       -4.90856    -4.988      -4.74692
 -5.14027    -4.72045455 -3.78327273 -4.97268    -5.12513636 -4.97769182]","[0.05569488 0.48251288 0.03320392 0.01207193 0.07497766 0.43759483
 0.39202965 0.18961691 0.27143077 0.42815346 0.1026933  0.06086123
 0.5169371  0.1248     0.1007328  0.14548589 0.02670608 0.00444
 0.06323624 0.11658984 0.1508865  0.23558679 0.10334885 0.30120895
 0.15749716 0.32479979 0.19843387 0.35614658 0.07713441 0.186857
 0.32512    0.33364    0.3762647  0.09803061 0.44737382 0.49348652
 0.06531973 0.22217589 0.18559038 0.07567689 0.03103718 0.18596975
 0.07217346 0.30120895 0.15126684 0.26178016 0.42693093 0.03069111
 0.65224601 0.05215362 0.0473568  0.04043814 0.17141557 0.34641871
 0.03103718 0.028      0.30852463 0.02708    0.68994134 0.5452
 0.14841447 0.02708    0.0454385  0.09       0.03071373 0.56673966
 0.54120159 0.12266518 0.58714867 0.42839706 0.63657772 0.07733333
 0.08785461 0.02722994 0.08774124 0.35743207 0.2512     0.05675385
 0.01581139 0.46040364 0.14098389 0.66509366 0.27752048 0.1072709
 0.16868621 0.3832503  0.0452     0.36012025 0.068      0.30147929
 0.01833866 0.01833866 0.15704551 0.10478167 0.28025746 0.42989901
 0.09550492 0.17804758 0.0991395  0.42817305 0.33621423 0.0576498
 0.01833866 0.62504688 0.02261226 0.1471633  0.07764853 0.06464
 0.12012493 0.61983711 0.138      0.11067972 0.01581139 0.15656408
 0.29701287 0.4189655  0.65925586 0.12885782 0.12885782 0.04184314
 0.41451395 0.11529961 0.63892684 0.14096042 0.73794903 0.49496
 0.47808    0.67132684 0.6904     0.67132684 0.4355605  0.54951835
 0.56922761 0.0205548  0.43385628 0.29228856 0.11529961 0.19846667
 0.179678   0.60916233 0.30970013 0.62873795 0.03702771 0.06292874
 0.2550184  0.004      0.09170605 0.15476754 0.11937359 0.0205548
 0.312      0.09122369 0.56524779 0.02041241 0.53053335 0.08288
 0.42719504 0.7165133  0.19369952 0.05935767 0.52130347 0.16990107
 0.179678   0.24417059 0.56672    0.01581139 0.17035661 0.38751315
 0.08       0.5452     0.22560374 0.02041241 0.06408    0.41766286
 0.42538066 0.13223755 0.19782754 0.01732275 0.20073906 0.18248
 0.068      0.179678   0.37560674 0.182      0.02041241 0.67132684
 0.29978933 0.08073193 0.38592    0.4165263  0.3756995  0.03267732
 0.016      0.02041241 0.392      0.054      0.04266667 0.27542435
 0.12695466 0.43632863 0.59083234 0.55139906 0.0576498  0.04402452
 0.36683663 0.         0.4894132  0.30296    0.11526294 0.046
 0.4972597  0.32467876 0.49148    0.04630681 0.02213594 0.11526294
 0.33149761 0.45142857 0.45337    0.2936084  0.4670199  0.82020212
 0.18341745 0.18341745 0.04630681 0.04630681 0.04630681 0.288
 0.04630681 0.71966222 0.04630681 0.23128869 0.02678466 0.60915812
 0.76928    0.0946132  0.73987641 0.0946132  0.15811863 0.775
 0.09289251 0.436      0.13924798 0.18288    0.124      0.11384
 0.19946    0.10166466 0.40654545 0.10501035 0.10151015 0.2237877 ]"
7,LinearRegression,"[-6.436923842960775, -7.200373112948846, -7.200373112948846, -6.714982751247163, -6.1774611516818245, -6.275474413360148, -6.761160509749088, -5.85345487786519, -6.356900578509966, -6.19183606150208, -6.311366439374893, -5.333230473052311, -6.274015333928628, -5.51110967961654, -6.694691696201222, -5.813440539371933, -6.151718534780228, -6.184992417938355, -6.694691696201222, -7.149499497476386, -7.187103340100023, -5.789044935741208, -6.104756576900367, -5.826995660071699, -5.932396492294819, -4.966206374481592, -5.992735610183229, -5.498264490665205, -6.993644438946772, -7.663096520097326, -6.426114307514517, -6.731504341319327, -6.3669271295435825, -5.7800705624734965, -5.839908958485749, -5.9229530179854, -5.622750844965001, -5.5775386231252835, -5.882135962678776, -7.326020244731139, -5.980095072202571, -5.9474014187151045, -7.247716838604502, -8.465176544849117, -6.099994992516624, -5.620503917664659, -6.312062911484548, -6.658408553423804, -6.217091156051354, -6.438011440222808, -6.382551386875373, -5.574829919957991, -6.364108342702881, -6.567356539014571, -6.603698101607808, -6.120213456704072, -6.533662976628087, -6.371372147586878, -7.126320764269994, -5.500602038823045, -5.744372896654852, -6.405317786735341, -5.547824980730913, -6.26253614023893, -5.629912950936648, -5.868248046344988, -5.7125738012991025, -6.311129389294962, -6.377136554765045, -6.273744361563342, -6.654662618658488, -6.79942086178607, -6.936166333020109, -6.849110966611567, -7.409874189518966, -5.631381787730816, -6.905826092979558, -6.242574250800011, -6.629379573937112, -6.768368137284224, -5.59806421009993, -6.107828337805064, -6.553483219399062, -6.93403451643108, -6.461704759245489, -5.695806303760219, -5.473004734684822, -6.533147678665468, -6.369645086072062, -5.751509729953087, -6.234632195270765, -5.734912478141885, -5.847412064704072, -6.287488828312165, -5.443155162671319, -5.215170080042019, -6.931466424420635, -6.0918265450536735, -6.040265659475151, -6.990661552628337, -7.104261890117808, -6.779380065621264, -6.130007362870522, -6.4683428028753704, -7.4889885293128, -7.623464353761541, -5.900430098313056, -6.628996426785315, -6.155696483411973, -6.779380065621264, -7.001907347024691, -6.929364390982019, -6.779380065621264, -8.013316275435951, -6.674905648964987, -7.243304188852122, -6.77919264637935, -6.63878472649495, -6.382551386875373, -6.625555180911925, -5.731004434701053, -6.8970584354834354, -6.2944510813847465, -6.596138660370795, -6.361501354769269, -6.471769480659328, -5.392593950605747, -6.017438914673216, -6.641297302012172, -6.824138995703485, -6.461704759245489, -6.102683676172968, -6.934274580118189, -6.911508180258221, -6.4004075975991706, -6.4409223414518415, -6.635523198098914, -6.131301979636171, -6.131301979636171, -6.193361354354008, -5.329337194594288, -6.319302132502538, -6.728087548550923, -6.382879189533217, -6.725242216778469, -5.932288197881436, -6.102057177646142, -5.308213370966155, -7.046540516194674, -6.9154141478373505, -6.390540236883048, -6.069990022685501, -6.727129412609572, -6.743590070494404, -5.372703584587319, -5.260610002353115, -6.177817670848847, -6.484471159105457, -6.1459486696175984, -6.641297302012172, -6.725868000932889, -6.5403587483086865, -5.372703584587319, -5.455812184974052, -5.455812184974052, -4.9865493539896235, -8.258535716831776, -4.431875971479046, -3.4, -5.116455435383547, -5.455812184974052, -4.970000000000005, -5.978417219906754, -5.876487272075069, -4.889549898700034, -6.0280000000000005, -6.769999999999999, -5.6414980787714155, -5.752235406792656, -6.610000000000007, -6.668430478690076, -5.752235406792656, -6.355662996335255, -6.461776992995782, -5.1855023028399625, -6.8371286080518106, -5.719999999999996, -8.881593817600177, -5.310129604728819, -7.098752274146034, -3.4, -3.4, -4.908486555296359, -4.911897748666657, -4.911897748666657, -4.771395982266205, -5.264861965883214, -5.016685957042175, -3.9941755257330587, -4.960004850578852, -3.4, -4.761650492480674, -7.198699834245645, -7.41817094079604, -6.528371734356209, -4.910793274856756, -5.241666217323912, -6.91710445869797, -5.658386769289148, -5.994133143067021, -7.9670941233802175, -7.9670941233802175, -5.626856347097055, -5.878425938517902, -5.526935248864739, -6.087280515587692, -5.782080068465881, -7.02958007350326, -6.934487227540542, -6.242179304688116, -6.433734118281734, -5.679999999999991, -5.607288656480831, -5.958559282143748, -6.434545953071594, -5.607288656480831, -5.697460085933048, -5.553102399956882, -5.994342476856149, -6.477587668071293, -10.0, -5.690453850988009, -5.975580508431542, -6.859619612852478, -6.188196611702116, -6.92870501543489, -6.732264105063577, -7.394911476406333, -8.996771226576744, -6.1367643176297095, -5.555874496532776, -8.377056595399969, -5.8705030088077645, -5.9791175734625694, -5.923713651267668, -4.551135821624002, -7.180656769390588, -6.240238435058744, -5.348557081651446, -5.675803113704887, -6.0750127417592035, -7.201477448493093, -7.935195205045685, -7.489445389085715, -7.019128631168048, -6.31855553101004, -6.855000000000013, -6.201434036367939, -6.0750127417592035, -6.001425181544635, -7.545968291123058, -8.063925727842287, -6.05847365513104, -6.681894099999722, -6.616527318662199, -5.5572555699350925, -5.332128781224504, -5.862574543862366, -6.886569910394629, -7.329008768172456, -6.236046732557625, -6.236046732557625, -5.744678319396809, -6.330891529757158, -7.376484189590714, -7.154008691390301, -6.689417460792266, -5.946633662960445, -5.75207586615899, -6.8153863252678395, -7.1914004927579285, -7.154008691390301, -7.262925925621282, -6.74490579117055, -6.907494205925351, -6.0619007103469675, -6.063360101126259, -7.080522853798606, -5.482734658717942, -6.0585374784298605, -6.535615965345938, -6.30826612052142, -6.242429702528188, -6.283546465060045, -6.029516471395594, -6.428360266200936, -6.66894614962124, -7.196932058676871, -6.749482045801506, -6.956464313350412, -5.987798404168766, -7.028469660761466, -6.484226223332052, -6.301159700486123, -6.138051884695483, -6.061337500151381, -5.689178872409794, -6.845265750309154, -6.452532736461711, -6.061337500151381, -6.637716896461543, -5.73183245542116, -7.315898133022465, -6.911068817857495, -7.1278541952177, -8.129829231565667, -6.646310964782985, -6.338038491389442, -7.077096723508827, -6.5165727268718285, -6.894235857734215, -6.850371199709794, -6.559093838020115, -6.638722394422645, -7.200697470005085, -6.375284977265173, -6.956464313350412, -6.446092192774538, -6.342938473725396, -6.837430593590521, -6.446092192774538, -6.559093838020115, -6.559093838020115, -5.806568635125927, -6.997393555726146, -6.940795915097518, -7.082840778233041, -5.311979017326026, -6.812395100399487, -7.406683749378795, -6.956464313350412, -6.194215011904384, -6.58360195789224, -7.000609824374569, -6.302980600932139, -6.19022973336564, -6.731746414849671, -6.738163090693002, -5.458015975862472, -6.831761587383177, -6.297960329683339, -6.925290786765985, -7.205008177423684, -6.535615965345938, -6.776301014383533, -5.2833954424301135, -6.725626055801542, -6.267970648276739, -6.7630664342747435, -6.496865382403919, -6.850930194012877, -6.837695613904088, -6.487191208984938, -6.535615965345938, -5.249219197139094, -5.460178362251134, -5.458015975862472, -5.460178362251134, -4.293042576624083, -5.9057980762883, -5.9057980762883, -5.875243376209956, -5.49319230515319, -5.7475000000000005, -5.7475000000000005, -5.883802885567559, -5.883802885567559, -5.934999999999994, -6.901793021922798, -5.875243376209956, -5.455000000000004, -6.852895459235619, -5.036548114510589, -4.859542328959968, -4.859542328959968, -3.934999999999998, -4.859542328959968, -4.697930605637767, -5.449713458533143, -4.855350604811403, -5.31902767433445, -5.31902767433445, -6.206325240879038, -6.206325240879038, -4.877992863057205, -5.449713458533143, -4.673669403828746, -4.917214629999983, -4.859542328959968, -4.612179078557596, -4.859542328959968, -8.43055483513168, -6.676233680015864, -4.95232504219448, -7.65170224519728, -7.4302214751968965, -6.2285411515270575, -6.0229636310095485, -6.024646116330279, -5.254649180640879, -6.00187277293047, -6.139617302578673, -5.680000000000003, -6.014941072728355, -5.790212841803526, -7.381345375675227, -6.933786217927804, -7.5227927231496325, -6.289750099177111, -6.015965501540182, -7.144612331275592, -5.700934408351088, -5.93205990747792, -5.47735299552732, -7.361952033096375, -6.1608469725393205, -6.179154500558265, -5.937125580834188, -5.171070915842629, -6.575596157412245, -5.785391397613016, -7.136639022545912, -6.0899875157527905, -5.6760723876809305, -6.640366980796243, -6.632805123967268, -5.659810587707914, -5.501423018047704, -7.815971535794692, -6.431586232684794, -5.954309320202675, -6.474530277700635, -6.142874870149816, -6.080345240160296, -7.000000000000007, -6.183444340100802, -5.682788243735153, -5.82826503981177, -6.771750564677605, -6.1608469725393205, -6.886263961803494, -5.865955358307667, -6.161041378755614, -7.000000000000007, -6.244601260467457, -8.709423704969872, -6.23248301287229, -6.590269191749648, -6.38938999189488, -6.514823701486282, -6.716169047390615, -5.901373302610651, -7.00078104039768, -6.951382052870859, -6.761562976409556, -6.786450492844188, -5.977899198376862, -5.835658709873284, -6.911897294828552, -6.1608469725393205, -7.968547068021406, -6.991546080280083, -6.510267085441979, -6.699308799488469, -5.8821780457183, -5.439575579645257, -7.375775461844502, -6.515553008927455, -6.289270427263573, -5.675523265966416, -6.73785687925264, -7.157489884857764, -7.414976360046079, -5.953177025928687, -5.69531581217953, -5.990870784748742, -6.991301728205482, -6.111899966108151, -5.185303466512773, -6.951382052870859, -6.080002106307669, -6.446415223845322, -5.943875122254211, -3.979548063359262, -3.979548063359262, -6.6029151655130995, -6.338609332521652, -6.698525287762082, -5.597385400632675, -6.4955380892329915, -6.715058276565552, -7.290383500824333, -5.5836412720271795, -5.768152322146152, -6.375151030386979, -6.540218915114907, -6.540218915114907, -6.006500663694999, -5.517383294325005, -5.985308203305162, -7.205801588806554, -6.401614563567263, -6.484792127172342, -7.222036072731199, -6.222909605259312, -5.80655150446637, -6.422699058818065, -6.717785774042191, -7.033899898506004, -6.423876129479364, -6.006500663694999, -5.712400225816648, -7.171017203361896, -6.423876129479364, -6.964190589921408, -6.676157896654291, -7.07814505991683, -6.38938999189488, -6.71561281373436, -6.2948848389089, -6.894598031193245, -5.729577020094073, -7.183123217882823, -6.956142456239379, -6.897507143309011, -7.6767858225512695, -7.046756202976586, -5.7181544781359, -7.5135386468701535, -7.335469734779155, -6.783870432603161, -7.128907948027535, -7.026770534166166, -6.8065540420755655, -6.268178414041497, -6.833688903687457, -6.537797074445735, -6.29, -6.38938999189488, -6.255570267378702, -6.3671459263766, -6.833688903687457, -6.657588003234439, -3.4, -6.2522339337957655, -6.269109441915094, -5.804445879051784, -5.465981115431333, -6.077318283274948, -5.992249191421626, -6.833688903687457, -6.200790164952881, -6.123137125198701, -6.666408853365052, -7.143222889424301, -6.7508775739159415, -6.699284795718458, -5.494581275743411, -6.175156831927823, -6.479206791784757, -5.4345970984267975, -5.641000095955344, -5.565474413334602, -5.4345970984267975, -4.8400000000000105, -4.186344574319566, -5.839030265265272, -5.695136639302261, -6.409999999999993, -5.475757284311343, -5.109999999999992, -5.845000000000009, -6.2181459145472795, -5.475757284311343, -5.475757284311343, -5.839030265265272, -5.839030265265272, -5.839030265265272, -5.94373182451687, -5.92423827743091, -6.681889858523951, -5.4003425939285155, -4.075626438725178, -5.17961558833333, -5.085751338504535, -5.17961558833333, -6.370000000000003, -4.094999999999999, -4.695578518265068, -4.886074608932607, -5.504359018444884, -4.538374699654475, -4.665437629481717, -4.9103047228922705, -5.445129329489963, -6.585658790103475, -7.425513066871416, -6.873945980338247, -7.822649843919539, -6.278181079832781, -6.8398454422319395, -5.860870486637932, -5.521150443604116, -4.851934607941013, -6.364775287967741, -5.922936599538848, -6.468601686887165, -7.21697879615775, -7.251243027589633, -6.855224207289208, -5.575507250791647, -6.302079064263695, -6.720258492934009, -5.307191052978671, -5.8238384908309255, -7.371502662459549, -6.161978497662197, -5.764816862130927, -4.469168436063588, -6.804300356399277, -7.052761992762065, -6.524287816777449, -6.3051898482799125, -6.304724155931132, -6.304724155931132, -5.616666903907814, -5.517459121711133, -5.788916865230229, -5.832146425589341, -6.143498727137758, -6.077851582131407, -5.904868112287568, -5.9252693601995015, -5.991964250148397, -5.768079386139271, -5.991964250148397, -5.530893565145765, -6.180613114233775, -5.88507904523483, -5.748947097256623, -6.039537129658366, -6.077851582131407, -6.161978497662197, -5.627147396156381, -6.724444481643442, -5.419999999999998, -5.521249254274679, -5.946018773325453, -5.754193829615234, -5.669107052097947, -5.862769521700723, -5.986282314978518, -5.652361023353547, -5.783864460300299, -5.470555311938618, -6.224642169663891, -6.012092150779998, -5.677801970490841, -6.520631322841142, -6.63599586893918, -6.212148260213631, -6.206546675840538, -6.395389354246145, -6.540651012296487, -6.758373711448228, -6.248419817627008, -6.1068784092809745, -6.110784218787615, -5.480578150737935, -6.437191678916621, -5.644091082023929, -7.224743954058827, -6.520189299065295, -6.144895173165297, -5.881751912790525, -4.8622219117956345, -5.470000000000008, -5.87585782804975, -5.796770666482058, -6.040708908886905, -6.285424791098902, -6.101773298322198, -6.144382956272993, -5.960007992535619, -6.668038985039878, -6.114073155392395, -7.5066718204579095, -7.492992261778712, -7.828666935824479, -6.876013500100026, -6.798531079828513, -6.472889740124452, -6.114073155392395, -6.3117383075247195, -6.750264684591886, -6.6087610288757155, -5.5569949441631, -8.866234778801427, -6.778695172400618, -6.646487405477154, -6.19858039355237, -6.7171241183949615, -6.7171241183949615, -6.741344482729227, -6.61434288282277, -7.406901630783017, -9.507251654506574, -6.556514458407774, -7.510459672556193, -6.51143479215785, -6.402439172366987, -5.525156148491242, -7.107873374225335, -5.530910553695049, -6.803520401378487, -7.052761992762065, -6.9010555745449285, -6.015089658950231, -6.866400525760108, -6.913291626865431, -6.751284107107484, -6.469336201571004, -6.699245892142382, -7.325326964861576, -6.906587037625363, -6.238844314775137, -5.148680042666287, -6.960535020431902, -6.912982807895393, -6.804062542908949, -5.990000000000005, -7.098098592561315, -6.613049521363739, -6.670327494253518, -5.455445962339188, -7.064639660221747, -5.366822030641989, -6.524287816777449, -5.954857678653313, -6.655746878406367, -7.3281584803920214, -5.259249056937783, -6.752622553405359, -7.3281584803920214, -6.916657931119117, -6.809991560382173, -5.144935425755895, -6.774685477583987, -6.878495012311134, -6.757287943633475, -6.757287943633475, -6.261423734544461, -5.259249056937783, -6.699245892142382, -6.4537842241621, -6.757287943633475, -5.508923651358151, -5.858951421312489, -6.037017248204674, -5.6180244188987265, -4.905000000000008, -4.905000000000008, -5.887046389635225, -5.863615679096563, -5.692000000000001, -5.130000000000011, -5.852397288008359, -3.6576291703546735, -5.863615679096563, -5.130000000000011, -4.794519765706929, -5.586160173084144, -5.773307333379486, -5.586160173084144, -5.773307333379486, -5.884356825896415, -6.733569785920567, -5.863615679096563, -5.863615679096563, -4.896329949383254, -7.279793272068488, -5.863615679096563, -6.087030077819029, -4.75202673399999, -6.3500000000000005, -4.8705262416793875, -3.619999999999995, -5.176944882532911, -4.91018183846656, -5.106083114842246, -4.576961070815049, -4.8705262416793875, -4.8705262416793875, -4.8705262416793875, -4.7349484126744965, -5.185154495626433, -6.496026667563231, -7.590368006365138, -7.706067986573082, -6.948673248258794, -6.763075499021046, -6.806832392397627, -6.970564423826829, -5.895672833879172, -6.336709814181631, -6.11320056728216, -7.676281174050012, -6.447754555487534, -5.225783205433196, -5.895672833879172, -6.638948602263242, -5.851746919709587, -7.110869637032941, -5.900078846680702, -6.049598263247898, -6.049598263247898, -5.896294375689038, -6.156207242216724, -6.671557805218074, -5.544572083181697, -5.543606373176233, -5.590512326083494, -5.611245829320371, -5.8981138808821125, -6.6142417196263725, -6.066407672755954, -6.052717692131941, -7.27115816734627, -7.236069059355274, -6.1577898279140415, -5.478826091871187, -5.603249197155019, -6.557810053221478, -5.900078846680702, -6.4229371426331685, -6.804102798468375, -5.9250688587882125, -6.2237837621254535, -5.944062956973745, -6.320334888358757, -8.570910079018955, -6.989211945922397, -6.1577898279140415, -5.57563276090147, -5.890564058301241, -6.608282649013262, -5.8981138808821125, -7.324904897272177, -6.942937180893309, -7.718946874388458, -6.494678010404126, -5.9250688587882125, -5.9250688587882125, -5.830119453421343, -5.639844033762312, -6.65244990560281, -6.236062394947781, -6.352602414890722, -6.494678010404126, -6.2237201169519345, -6.844896972694777, -3.4, -6.949505719693106, -6.152359151802987, -5.772165117554198, -5.970253641025323, -5.6901300493909215, -5.563463382724255, -6.339249176515345, -6.010519676239478, -5.6661427754383356, -3.6258798244023613, -5.937485972055911, -5.966723644788283, -6.594062246224801, -6.901370594043289, -6.888632027393382, -5.366180884945882, -5.643943978933044, -5.447109194596477, -6.56005035729927, -5.364058134121033, -6.949505719693106, -5.995593492188775, -5.885872430512494, -6.5779653936927405, -6.817738069407574, -5.494075045902369, -5.636908794622214, -5.646722206626139, -5.685321198885213, -6.729943280962246, -6.667000510263689, -6.282400559848298, -6.474424722709302, -6.474424722709302, -6.0485735226243005, -6.713699677440397, -6.625279380679052, -6.703474609971779, -6.966032027416934, -6.130282130225708, -6.869714180839234, -6.8814834435767125, -7.277469411927584, -3.4, -6.6569918184801145, -6.9048570941248295, -7.577293061739153, -3.5836156549500346, -6.972069238424369, -6.27194883523829, -6.839738462847905, -6.521292618857719, -7.173859440855885, -6.494678010404126, -6.498164510485665, -5.629290750906187, -6.352602414890722, -7.820997358351038, -7.366372410413698, -5.867577002555666, -5.8967652237230075, -6.352602414890722, -8.367550133603574, -6.476209369160625, -7.4258928605526835, -6.789156045614675, -6.76527256105336, -5.998266294011171, -6.496026667563231, -6.3689554800014445, -6.352602414890722, -6.1759710609845015, -6.367858177709739, -6.364371677628199, -5.839063616058645, -5.786311177399876, -5.236794442741722, -7.039555889373229, -6.903073006204539, -6.838591621787847, -6.265213363984327, -7.132763482501239, -5.406462857132134, -6.649596820104735, -6.2086918449463155, -5.236794442741722, -6.789156045614675, -7.044794846715798, -5.391213817223511, -6.266393452610677, -5.236794442741722, -6.704115757537032, -5.236794442741722, -5.406462857132134, -5.406462857132134, -6.835390783783855, -5.777499999999989, -5.777499999999989, -5.877771725190321, -4.6343781399528785, -5.877771725190321, -5.877771725190321, -5.992431347504852, -5.877771725190321, -5.6250391224394996, -4.2568055145928465, -6.144999999999997, -6.4830992551917435, -10.0, -5.877771725190321, -5.6250391224394996, -6.379209547157056, -6.379209547157056, -6.790549971324333, -4.955392360093983, -4.943431990999705, -5.877771725190321, -5.877771725190321, -5.498738260717336, -5.498738260717336, -4.349999999999979, -4.216598235122215, -5.160980718250006, -6.790000000000005, -6.790000000000005, -5.130618020143437, -4.857132109379581, -4.921734996515385, -5.024961842424518, -5.0394420779541225, -5.23237253254365, -5.348265003484587, -4.857132109379581, -4.696940568239314, -5.432170637846788]","0     -7.22
1     -6.21
2     -7.24
3     -5.92
4     -5.96
       ... 
247   -6.00
248   -3.99
249   -5.24
250   -4.77
251   -4.71
Name: Permeability, Length: 252, dtype: float64","[array([-6.46170476, -6.7829663 , -5.74117721, -5.61881452, -5.77063779,
       -7.47006527, -6.19850232, -7.62150199, -6.8158872 , -6.08486362,
       -5.8052565 , -5.51299082, -5.35483932, -5.94249123, -5.59915254,
       -5.73741863, -6.22614554, -7.32602024, -5.56624583, -6.63143273,
       -6.09887476, -6.8442594 , -5.05166859, -6.15906317, -5.55721979,
       -5.47741154, -6.28777376, -6.37193421, -6.26253614, -5.5450134 ,
       -6.74      , -6.77610711, -5.81616034, -6.35285415, -5.94740142,
       -7.22587834, -6.36692713, -6.19893142, -5.92902909, -4.13437434,
       -6.24089165, -6.11854012, -5.82699566, -6.15906317, -6.79218198,
       -5.44178355, -6.32182433, -5.86824805, -6.3043002 , -6.07940733,
       -6.90333333, -6.11686885, -5.60446522, -5.5014394 , -6.24089165,
       -6.08798249, -7.05650308, -6.6036981 , -6.40651693, -6.6355232 ,
       -6.1088701 , -6.6036981 , -5.46929352, -5.60758533, -6.12021346,
       -8.22600341, -6.12064406, -5.92660576, -6.10263595, -6.24720237,
       -5.81742929, -6.80017431, -6.28912707, -6.74913745, -6.04016911,
       -5.79750024, -5.97570428, -5.98009507, -6.10268368, -6.36358382,
       -5.88905503, -5.32017518, -6.07459438, -6.55839341, -6.04175482,
       -5.76508203, -6.91949703, -5.61811614, -7.29702446, -7.35309579,
       -7.44159695, -7.40987419, -5.40764993, -5.54692698, -6.37923897,
       -7.01518498, -6.23489917, -6.49804632, -5.92866935, -5.7502749 ,
       -7.13659691, -6.72712941, -7.40987419, -5.75948   , -5.75813114,
       -6.41306485, -5.81344188, -6.72524222, -6.63189622, -6.9285195 ,
       -5.63138179, -6.11332741, -6.10268368, -6.20279583, -6.03985324,
       -6.54200214, -6.73840946, -6.43801144, -6.43801144, -5.6215849 ,
       -6.08315727, -6.77938007, -5.53501466, -6.75856165, -6.86960024,
       -6.79167629, -6.48447116, -6.51716481, -6.42113528, -6.51716481,
       -6.81364585, -8.60906139, -4.78876392, -5.98164534, -6.54070496,
       -6.73511826, -6.77938007, -5.90964746, -6.40531779, -6.73787388,
       -7.27394242, -6.59724018, -6.33403414, -7.5202242 , -6.52727125,
       -5.98931139, -7.1190479 , -6.06038804, -5.31991055, -5.98164534,
       -5.73028946, -7.24163646, -7.45871213, -5.22510477, -6.54866492,
       -6.29445108, -6.65403208, -6.12471759, -6.56785594, -6.99066155,
       -6.07289897, -7.00790649, -6.40531779, -6.725868  , -6.39571863,
       -6.18183705, -7.45262755, -6.61154199, -5.81544752, -6.6355232 ,
       -7.38251687, -5.22510477, -6.88497025, -6.16436299, -6.2942067 ,
       -6.52413567, -6.26732585, -6.28518206, -5.96867757, -5.89      ,
       -5.82641219, -6.40531779, -8.75499259, -6.50762317, -5.22510477,
       -6.51716481, -6.73988718, -7.0592546 , -6.06717307, -5.16779503,
       -6.43000874, -6.6412973 , -6.17099022, -5.22510477, -6.76650964,
       -5.90556556, -6.74498562, -5.67601216, -6.08176943, -6.1043054 ,
       -6.36012974, -6.4977421 , -6.72712941, -5.45581218, -7.4491609 ,
       -4.98654935, -3.4       , -6.7       , -6.028     , -5.02      ,
       -5.16470197, -6.20852121, -5.0404501 , -5.97841722, -4.8895499 ,
       -6.028     , -5.80666667, -6.7       , -4.26015867, -6.76520293,
       -6.18007566, -8.7083825 , -6.355663  , -6.355663  , -5.97841722,
       -5.97841722, -5.97841722, -6.83712861, -5.97841722, -6.66843048,
       -5.97841722, -6.41762992, -5.3101296 , -6.16663688, -3.4       ,
       -4.91189775, -5.04654805, -4.91189775, -6.4675    , -4.89564785,
       -4.56882757, -5.26486197, -5.01668596, -4.9678343 , -3.99417553,
       -4.77614117, -4.96000485, -4.77139598, -4.0131056 , -4.47441972,
       -4.95827446, -5.55153134]), array([-6.38386374, -7.42492379, -5.87050301, -4.91079327, -6.17063372,
       -8.05526366, -5.93282599, -8.27473477, -6.35146023, -5.82119416,
       -5.6913881 , -5.45751471, -6.17527682, -5.99834283, -5.25780595,
       -5.42671399, -6.30115495, -7.22439088, -5.61772905, -6.49789355,
       -6.06998238, -7.48544343, -5.92903027, -6.38130148, -5.45320871,
       -5.06801858, -6.36043266, -6.16880204, -6.07308511, -5.61614237,
       -6.74      , -6.63953817, -5.89189949, -6.13676432, -5.92347522,
       -6.68174405, -6.29820421, -6.54721867, -5.9226083 , -5.26823568,
       -6.23604673, -5.92548507, -6.07501274, -6.38130148, -8.68205716,
       -9.55511001, -5.86074395, -5.98570367, -6.28652537, -6.16783915,
       -6.855     , -6.33177572, -5.64742085, -5.62350706, -6.23604673,
       -6.18485457, -6.65268465, -6.59855157, -6.09218764, -6.80713425,
       -8.99677123, -6.59855157, -5.49586233, -5.64994932, -5.93060349,
       -4.03464709, -5.24608582, -7.6459967 , -6.19670414, -6.38396372,
       -5.87844385, -6.53561597, -6.18237398, -6.76944869, -6.14038222,
       -5.58103077, -5.82421165, -5.92371365, -6.25000839, -6.78790739,
       -6.31157074, -5.38119913, -6.1688854 , -6.42057567, -5.86507751,
       -6.02120847, -7.00060982, -5.83959081, -7.37648419, -7.31750384,
       -7.19640743, -7.16463641, -5.40198099, -5.63857791, -6.54288217,
       -6.87753927, -6.23323368, -6.84575098, -5.55341272, -5.2928639 ,
       -7.02261219, -6.79449256, -7.16463641, -5.66850116, -5.83470617,
       -6.37088773, -6.05137837, -6.79092627, -6.74948205, -6.65392212,
       -5.61849848, -6.0633601 , -6.25000839, -6.11395366, -6.00336323,
       -6.50330474, -6.87031538, -6.48446466, -6.48446466, -5.41580371,
       -6.32915907, -6.37617252, -5.44144525, -6.76306643, -6.51413311,
       -6.92931428, -6.42199777, -6.4222362 , -6.63957798, -6.4222362 ,
       -6.84264192, -7.78546335, -5.13144714, -6.04150454, -6.4924783 ,
       -6.8767721 , -6.37617252, -5.9822016 , -6.48422622, -6.95347039,
       -7.3797323 , -7.33171874, -6.09489446, -7.4604703 , -6.49391646,
       -5.73493926, -6.7994405 , -6.0613375 , -5.18103536, -6.04150454,
       -5.8613735 , -7.39166168, -7.5210422 , -5.24705681, -6.79351233,
       -6.58878409, -6.54208891, -6.5341938 , -8.2614711 , -6.85610183,
       -6.06304392, -7.06645629, -6.48422622, -6.762828  , -6.5254813 ,
       -6.18777994, -7.00494928, -6.53719843, -5.93390823, -6.80713425,
       -7.36932437, -5.24705681, -6.94679153, -6.3569119 , -6.23782678,
       -6.65195307, -6.23017526, -6.34317691, -6.21148853, -6.8123951 ,
       -5.91957028, -6.48422622, -8.30310626, -7.40668375, -5.24705681,
       -6.4222362 , -6.65550459, -7.09330616, -6.20403121, -5.54804102,
       -6.38050463, -6.77630101, -6.26797065, -5.24705681, -6.72562606,
       -5.85734182, -6.90749421, -5.98901978, -6.3263049 , -6.20461508,
       -6.36950553, -6.54100646, -6.79449256, -5.46017836, -5.64532036,
       -5.82      , -3.4       , -6.7       , -5.7475    , -5.02      ,
       -5.0410406 , -7.14378014, -5.28840385, -5.87524338, -4.87579808,
       -5.7475    , -5.80666667, -6.7       , -4.19614644, -5.13355056,
       -4.49992871, -6.87911796, -5.88380289, -5.88380289, -5.87524338,
       -5.87524338, -5.87524338, -6.72331315, -5.87524338, -6.24014784,
       -5.87524338, -6.21277666, -5.455     , -4.54558265, -3.81911176,
       -5.09184629, -5.02478485, -5.09184629, -6.4675    , -4.61217908,
       -4.54050525, -4.70754477, -5.1930485 , -5.06052627, -4.77107776,
       -4.87799286, -5.24      , -4.85954233, -3.58      , -4.66950977,
       -4.88390564, -3.4       ]), array([-6.38938999, -7.62187983, -5.73793138, -5.81672583, -6.4827501 ,
       -8.04648738, -5.9649976 , -8.14512653, -6.17367164, -5.97806277,
       -5.80211172, -5.60705277, -6.36890642, -5.92963807, -5.69001263,
       -5.87347529, -5.79021284, -6.95870515, -5.42566413, -6.65059982,
       -5.96278713, -7.21190563, -6.05926357, -6.28299301, -5.43310687,
       -5.48130502, -6.28063557, -6.01615429, -6.16084697, -5.73592999,
       -6.74      , -6.71505828, -5.99266939, -6.2688903 , -5.88217805,
       -6.83110107, -6.30287964, -6.79936582, -5.87103318, -5.60930803,
       -6.23248301, -6.04555477, -5.89326873, -6.28299301, -5.82525139,
       -8.18136708, -6.12199389, -5.85993398, -6.11217167, -6.09466033,
       -7.        , -6.03289232, -5.71106562, -5.39382462, -6.23248301,
       -6.04595558, -6.82206514, -6.45306626, -6.31893085, -6.88965323,
       -5.61618463, -6.45306626, -5.54304349, -5.60227717, -6.08034524,
       -4.46265293, -6.59307095, -5.05244692, -6.1054961 , -6.4788767 ,
       -5.83875114, -6.72959177, -6.09046755, -6.87287668, -5.91599754,
       -5.72134072, -5.83185104, -5.95430397, -6.25557027, -6.92936249,
       -6.31363862, -5.50318788, -6.00766981, -6.41033495, -6.02267265,
       -7.36568242, -7.04366679, -5.86786421, -7.34046216, -7.45301643,
       -7.25320344, -7.2903835 , -5.29539353, -5.4922299 , -6.35218017,
       -6.86382566, -6.27383659, -6.66305267, -5.30408634, -5.13784345,
       -7.12547395, -6.71561281, -7.2903835 , -5.76912822, -5.75386197,
       -6.21952236, -5.76736386, -6.76162637, -6.69852529, -6.92631056,
       -5.49136155, -6.16579025, -6.25557027, -5.96374118, -5.85446505,
       -6.43930867, -6.83616373, -6.54021892, -6.54021892, -5.55371659,
       -6.2579817 , -6.49867112, -5.4706136 , -6.8336889 , -7.05476131,
       -6.22290961, -6.49033705, -6.56246298, -6.65143728, -6.56246298,
       -6.84768867, -9.11546806, -5.10765544, -6.00650066, -6.48711733,
       -6.82538122, -6.49867112, -5.71240023, -6.46809299, -6.82185243,
       -7.43077236, -7.24476316, -6.48126056, -7.50091691, -6.63136365,
       -5.78419727, -6.89459803, -6.12033993, -5.61716594, -6.00650066,
       -5.72957702, -7.47388936, -7.2186203 , -5.24838805, -6.73880273,
       -6.57242932, -6.48000374, -6.53805625, -8.4876308 , -6.95614246,
       -6.17494576, -7.16506827, -6.46809299, -6.76156298, -6.44168329,
       -6.27781433, -7.12590264, -6.61233966, -6.11931212, -6.88965323,
       -7.3603026 , -5.24838805, -6.97428355, -6.39524134, -6.19020225,
       -6.59443918, -6.17571142, -6.32411851, -6.16238816, -5.89      ,
       -5.80444588, -6.46809299, -8.05056   , -6.70177821, -5.24838805,
       -6.56246298, -6.80905844, -7.26036418, -6.21365664, -5.08819551,
       -6.48193594, -6.8328793 , -6.15291277, -5.24838805, -6.89384234,
       -5.82668994, -6.8640199 , -5.85859316, -6.23480884, -6.133313  ,
       -6.39635321, -6.57827782, -6.71561281, -5.4345971 , -4.96075914,
       -5.82      , -3.4       , -6.7       , -5.81666667, -5.02      ,
       -5.69924272, -5.67260567, -5.69513664, -5.83903027, -5.11      ,
       -5.81666667, -5.80666667, -6.7       , -4.72941433, -3.87591078,
       -4.34043479, -6.45281419, -6.21814591, -6.21814591, -5.83903027,
       -5.83903027, -5.83903027, -6.96      , -5.83903027, -6.31499252,
       -5.83903027, -6.31170193, -5.40034259, -4.87223345, -4.6498493 ,
       -5.17961559, -5.25468035, -5.17961559, -6.37      , -4.66954371,
       -4.96822788, -4.76480975, -5.19025013, -5.07887096, -4.76367736,
       -4.67721632, -5.24      , -4.66543763, -4.00064237, -4.69859255,
       -4.8159602 , -3.4       ]), array([-6.37676577, -7.32316511, -5.76807939, -5.48493318, -5.39806058,
       -8.18345213, -5.96865437, -7.92119666, -6.19555049, -5.88296005,
       -5.79162192, -5.70962107, -5.38262151, -5.93701263, -5.57648909,
       -5.68579412, -6.34818544, -6.70800591, -5.64881143, -6.73683012,
       -5.99856375, -7.06295648, -5.90432493, -6.32095876, -5.41780183,
       -5.54643319, -6.26262557, -5.93657788, -6.14349873, -5.72201246,
       -6.74      , -6.40891996, -5.65356097, -6.30518985, -5.90486811,
       -6.92529513, -6.30472416, -6.52852953, -5.7996677 , -4.95602564,
       -6.24841982, -6.05014507, -5.88507905, -6.32095876, -6.94204619,
       -6.3528745 , -6.11307184, -5.86276952, -6.25613277, -6.15492822,
       -6.90333333, -5.99352365, -5.69580236, -5.42562654, -6.24841982,
       -6.12940803, -6.85604599, -6.47082715, -6.2086079 , -6.73084542,
       -5.61618463, -6.47082715, -5.51535142, -5.64362482, -6.03689207,
       -6.03254002, -6.35012483, -5.60109698, -6.16170642, -6.51515486,
       -5.60176577, -6.73852036, -6.25152527, -6.95841747, -6.02063768,
       -5.70436559, -6.05584872, -5.99196425, -6.26963972, -6.73172635,
       -6.19099111, -5.45238675, -6.07821577, -6.41753836, -6.01479984,
       -6.0066022 , -6.93773124, -5.97751816, -7.3720028 , -7.38020955,
       -7.28255853, -7.30320985, -5.41458713, -5.51641165, -6.47624187,
       -6.80392115, -6.20156854, -6.68079216, -5.54391438, -5.37851317,
       -7.19281483, -6.69924589, -7.30320985, -5.52847608, -5.9930695 ,
       -6.25624314, -5.89908329, -6.74617442, -6.75643249, -7.01302682,
       -5.5637227 , -6.39538935, -6.26963972, -6.18668521, -6.06492908,
       -6.57930424, -6.89668804, -6.52428782, -6.52428782, -5.42999463,
       -6.3330572 , -6.61434288, -5.547841  , -6.77527942, -7.11004969,
       -6.64886537, -6.47929027, -6.56638641, -6.56661227, -6.56638641,
       -6.89820362, -9.68588353, -5.40196856, -6.11407316, -6.51785682,
       -6.79811389, -6.61434288, -5.87675334, -6.43719168, -6.84513056,
       -7.33811096, -7.33317176, -6.27423733, -7.62878824, -6.3141898 ,
       -6.55651446, -7.01106611, -6.19858039, -6.81128906, -6.11407316,
       -6.00946636, -7.34900439, -7.40160561, -5.25924906, -6.90589529,
       -6.44532585, -6.50787953, -6.43808533, -8.91498827, -6.88096183,
       -6.1619106 , -7.19704473, -6.43719168, -6.68818328, -6.4851808 ,
       -6.31173831, -6.93637073, -6.57398041, -6.19257897, -6.73084542,
       -6.93771815, -5.25924906, -6.8035204 , -6.43444326, -6.26619676,
       -6.79967734, -6.21385086, -6.34851987, -6.00656958, -5.89      ,
       -5.76985018, -6.43719168, -6.25889189, -6.56114512, -5.25924906,
       -6.56638641, -6.84848686, -7.13752272, -6.31353301, -5.23377888,
       -6.435965  , -6.75728794, -6.13442889, -5.25924906, -6.98815171,
       -5.81194877, -6.83391491, -5.70512056, -6.22556757, -6.17163451,
       -6.38379721, -6.46833656, -6.69924589, -5.39461002, -5.05376511,
       -5.82      , -3.4       , -6.7       , -5.692     , -5.02      ,
       -5.2064558 , -6.74180958, -5.22886083, -5.86361568, -4.90556958,
       -5.692     , -5.13      , -5.85239729, -4.27076404, -3.97312476,
       -6.10193336, -9.06310959, -5.77330733, -5.77330733, -5.86361568,
       -5.86361568, -5.86361568, -6.81622606, -5.86361568, -6.49509636,
       -5.86361568, -6.12602072, -5.45914796, -4.44899945, -3.4       ,
       -5.09184629, -5.17141246, -5.09184629, -6.35      , -4.84812121,
       -5.37382769, -4.45      , -4.91018184, -5.206972  , -4.843028  ,
       -4.65785282, -5.24      , -4.87052624, -3.81807518, -4.71064601,
       -5.07651335, -3.95920452]), array([-6.35260241, -7.22118362, -5.74943236, -5.82773945, -6.75478339,
       -7.29665058, -5.81823435, -7.01821817, -6.11881002, -6.0284459 ,
       -5.67474655, -5.72703609, -6.54319999, -5.89676522, -5.42884634,
       -5.70303228, -6.24127857, -6.99958208, -5.56361701, -6.62781698,
       -5.9029129 , -7.1017528 , -5.48144557, -5.76217644, -5.46430981,
       -5.6214087 , -6.30488877, -5.98802911, -6.11320057, -5.69225895,
       -7.67628117, -6.58880227, -5.95624212, -6.29686757, -5.89462738,
       -6.88131092, -6.30140227, -6.90880832, -5.80465478, -5.35981312,
       -6.15778983, -6.03561059, -5.90007885, -5.76217644, -7.96251768,
       -6.22091676, -6.00287603, -5.89811388, -5.98369961, -8.86903023,
       -6.90333333, -5.96962851, -5.91749987, -5.45802821, -6.15778983,
       -6.01051968, -6.73215963, -6.59429824, -6.25487977, -6.72451916,
       -5.61618463, -6.59429824, -5.50328702, -5.63984403, -6.05271769,
       -4.19425422, -3.4       , -5.65978563, -6.10131282, -6.49114341,
       -5.87384492, -6.66440109, -6.07339618, -6.96202858, -5.9715462 ,
       -5.68666355, -5.83011945, -5.94406296, -6.28588706, -7.15190973,
       -6.22631407, -5.84968757, -6.09260096, -6.38239037, -6.05838026,
       -5.89941542, -7.07834904, -5.85687178, -7.39153245, -7.42814958,
       -6.99428225, -7.00599151, -5.32771044, -5.45594641, -6.56411986,
       -6.31416734, -6.27153958, -6.78857407, -5.45462017, -5.29203154,
       -7.09325675, -6.74079231, -7.00599151, -5.78889242, -5.70641595,
       -6.3434286 , -5.72386939, -6.77515272, -6.71369968, -6.86007977,
       -5.53636741, -6.17717188, -6.28588706, -6.26290538, -6.00686344,
       -6.25340783, -6.78801929, -6.54546224, -6.54546224, -5.62564183,
       -6.24931805, -6.57919079, -5.45259274, -6.83859162, -6.67501183,
       -7.04779073, -6.49254017, -6.54197574, -6.62527938, -6.54197574,
       -6.89679443, -8.00755421, -4.84298636, -6.03607727, -6.50430943,
       -6.91428426, -6.57919079, -5.9330529 , -6.49602667, -6.68799778,
       -7.43163608, -7.40579867, -6.76163334, -7.29845626, -6.37215677,
       -5.35810537, -6.96603203, -5.97589581, -5.26321917, -6.03607727,
       -5.85168581, -7.25706227, -6.96238316, -5.23679444, -6.73821123,
       -6.82659252, -6.46744471, -6.31788927, -8.0562935 , -6.90137059,
       -6.10821004, -7.19620238, -6.49602667, -6.78915605, -6.36895548,
       -6.28240056, -7.09463102, -6.64122169, -6.07256204, -6.72451916,
       -7.14004739, -5.23679444, -6.82270267, -6.38895007, -6.1557147 ,
       -6.65636729, -6.17375343, -6.31582903, -6.19655555, -5.89      ,
       -5.78979768, -6.49602667, -9.80664687, -6.55716411, -5.23679444,
       -6.54197574, -6.83690037, -7.10573605, -6.20869184, -5.38894065,
       -6.47917542, -6.70411576, -6.17450107, -5.23679444, -6.89958651,
       -5.78631118, -6.88286791, -5.83015031, -6.2147591 , -6.13954644,
       -6.33790052, -6.50858252, -6.74079231, -5.46732156, -5.43168034,
       -5.82      , -3.4       , -6.83539078, -5.7775    , -4.63437814,
       -5.27603925, -5.9466138 , -5.22270596, -5.87777173, -4.90864702,
       -5.7775    , -6.145     , -6.7       , -6.22537521, -3.4       ,
       -4.04002685, -6.62076543, -6.06428121, -6.06428121, -5.87777173,
       -5.87777173, -5.87777173, -6.73408592, -5.87777173, -6.21607738,
       -5.87777173, -6.05688571, -5.49873826, -5.02958741, -3.4       ,
       -5.16098072, -5.06433279, -5.16098072, -6.79      , -4.75027386,
       -5.34677994, -4.74199054, -5.23237253, -5.03944208, -4.86511417,
       -4.55257807, -5.24      , -4.69694057, -5.13061802, -4.79202841,
       -4.97215131, -3.4       ])]","[-6.39286534 -7.27482373 -5.77342467 -5.53180125 -6.11537312 -7.81038381
 -5.97664293 -7.79615562 -6.33107591 -5.9591053  -5.75302496 -5.60284309
 -5.96496881 -5.94085    -5.51046131 -5.68528686 -6.18139547 -7.04334085
 -5.56441349 -6.62891464 -6.00662418 -7.14126355 -5.68514659 -6.18129857
 -5.4651294  -5.43891541 -6.29927127 -6.09629951 -6.1506335  -5.66227143
 -6.92725623 -6.62568516 -5.86210646 -6.27211324 -5.91051003 -6.9090659
 -6.31482748 -6.59657075 -5.86539861 -5.06555136 -6.22312621 -6.03506712
 -5.916087   -6.18129857 -7.24081088 -7.15041038 -6.08410201 -5.89495382
 -6.18856592 -6.67317305 -6.913      -6.08893781 -5.71525078 -5.48048516
 -6.22312621 -6.09174407 -6.8238917  -6.54408826 -6.25622462 -6.75753505
 -6.39083905 -6.54408826 -5.50536756 -5.62865613 -6.04415439 -5.39001953
 -5.54198513 -5.9771864  -6.13357109 -6.42326821 -5.80204699 -6.6936607
 -6.17737801 -6.86238177 -6.01774655 -5.69818018 -5.90354703 -5.95882798
 -6.23275782 -6.79289796 -6.18631392 -5.5013273  -6.08439327 -6.43784655
 -6.00053702 -6.21159811 -6.99597079 -5.83199222 -7.35550121 -7.38639504
 -7.23360972 -7.23481909 -5.3694644  -5.53001857 -6.46293261 -6.77492768
 -6.24301551 -6.69524324 -5.55694059 -5.37030539 -7.11415092 -6.7354546
 -7.23481909 -5.70289558 -5.80923694 -6.32062934 -5.85102736 -6.7598244
 -6.71000714 -6.87637175 -5.56826639 -6.1830078  -6.23275782 -6.14601625
 -5.99389481 -6.46346552 -6.82591918 -6.50648901 -6.50648901 -5.52934833
 -6.25053466 -6.56955148 -5.48950145 -6.79383761 -6.84471124 -6.72811126
 -6.47372728 -6.52204523 -6.58080844 -6.52204523 -6.8597949  -8.64068611
 -5.05456428 -6.03596019 -6.50849337 -6.82993395 -6.56955148 -5.88281111
 -6.45817107 -6.80926501 -7.37083882 -7.1825385  -6.38921197 -7.48177118
 -6.46777959 -5.88461355 -6.95803692 -6.08330834 -5.63852402 -6.03596019
 -5.83647843 -7.34265083 -7.31247268 -5.24331863 -6.7450173  -6.54551657
 -6.53028979 -6.39058845 -8.05764792 -6.91704765 -6.11620186 -7.12653563
 -6.45817107 -6.74551966 -6.4434039  -6.24831404 -7.12289624 -6.59525644
 -6.02676178 -6.75753505 -7.23798187 -5.24331863 -6.88645368 -6.34798191
 -6.22882944 -6.64531451 -6.21216337 -6.32336528 -6.10913588 -6.07447902
 -5.82201524 -6.45817107 -8.23483952 -6.74687887 -5.24331863 -6.52204523
 -6.77796749 -7.13123674 -6.20141715 -5.28535022 -6.44151795 -6.74237626
 -6.18016072 -5.24331863 -6.85474325 -5.83757146 -6.84665651 -5.81177919
 -6.21664197 -6.15068289 -6.36953724 -6.51878909 -6.7354546  -5.44250384
 -5.70813717 -5.65330987 -3.4        -6.72707816 -5.81233333 -4.94287563
 -5.27749607 -6.34266608 -5.29511148 -5.88681565 -4.93791292 -5.81233333
 -5.739      -6.53047946 -4.73637174 -4.62955781 -5.03247987 -7.54483794
 -6.05904007 -6.05904007 -5.88681565 -5.88681565 -5.88681565 -6.81415075
 -5.88681565 -6.38694892 -5.88681565 -6.22500299 -5.42467168 -5.01260797
 -3.73379221 -5.08723733 -5.1123517  -5.08723733 -6.489      -4.75515314
 -4.95963366 -4.78584141 -5.10850779 -5.07072912 -4.64741456 -4.70835625
 -5.18400097 -4.77276855 -4.10848823 -4.66903929 -4.94136099 -3.94214717]","[0.03663952 0.27932628 0.04965497 0.33591078 0.4858487  0.35626663
 0.12363998 0.44769287 0.25442388 0.09570814 0.05753952 0.10586494
 0.50062615 0.03283906 0.15163127 0.14512594 0.20038644 0.21643212
 0.07644729 0.07653766 0.07108744 0.20945389 0.37155629 0.22181329
 0.04876219 0.19272113 0.03345045 0.15804293 0.06339148 0.07179298
 0.37451247 0.12582029 0.12033129 0.0728775  0.02287296 0.1784139
 0.02613722 0.2464956  0.05543266 0.51037805 0.03310199 0.06215078
 0.08358599 0.22181329 0.98918031 1.50099164 0.15183769 0.04737286
 0.12276974 1.09845014 0.0473568  0.13132407 0.10786547 0.07989765
 0.03310199 0.06131277 0.13628787 0.06736887 0.10554349 0.08556234
 1.31686426 0.06736887 0.02414609 0.0197102  0.06342655 1.58635022
 1.16347531 0.88145514 0.03889258 0.09867778 0.10265262 0.08998094
 0.08529511 0.09024779 0.07488387 0.06970762 0.09510889 0.02458369
 0.06621218 0.25907123 0.15613173 0.18493263 0.05143336 0.06176492
 0.06940813 0.58429732 0.06053542 0.11737488 0.03363493 0.04914255
 0.14470677 0.13834497 0.04854155 0.06192066 0.08494546 0.24053951
 0.02699249 0.11957835 0.20628579 0.20523486 0.05592128 0.03252091
 0.13834497 0.09652891 0.10069105 0.07205309 0.1157854  0.02274986
 0.04463265 0.12135662 0.05188326 0.11367265 0.06621218 0.10275521
 0.07328921 0.11478812 0.05688332 0.04036748 0.04036748 0.09070543
 0.09062439 0.13307642 0.04359669 0.03500489 0.22504434 0.28573651
 0.02627596 0.05288217 0.08499059 0.05288217 0.0329081  0.70015964
 0.22128463 0.04461021 0.0192675  0.06218045 0.13307642 0.09186889
 0.03299687 0.09169777 0.05971173 0.29706439 0.22363237 0.10725418
 0.1128855  0.39296543 0.10768275 0.07376245 0.60456566 0.04461021
 0.10342133 0.08624997 0.20209049 0.01155648 0.11564834 0.17588185
 0.06698027 0.15530466 0.79761439 0.04941611 0.04539804 0.07614743
 0.03299687 0.03502784 0.0570989  0.05317587 0.17789545 0.03603682
 0.13522875 0.08556234 0.17484453 0.01155648 0.06678183 0.0950611
 0.05017824 0.09084793 0.03514041 0.02254141 0.10119531 0.36895804
 0.05216161 0.03299687 1.15621156 0.33618702 0.01155648 0.05288217
 0.0719166  0.06925872 0.07848694 0.16436924 0.03724949 0.06518415
 0.04617481 0.01155648 0.09570151 0.04102831 0.05623752 0.11291769
 0.07826852 0.03442167 0.02005905 0.03774951 0.03252091 0.02631256
 0.90535238 0.33338026 0.         0.05415631 0.11526294 0.15424874
 0.22430015 0.53384126 0.21658682 0.04780845 0.08684904 0.11526294
 0.33149761 0.33904108 0.76845202 1.2104288  0.91741016 1.10892684
 0.21245167 0.21245167 0.04780845 0.04780845 0.04780845 0.0854004
 0.04780845 0.17137859 0.04780845 0.12871071 0.06527798 0.61441733
 0.48594068 0.0946132  0.08723475 0.0946132  0.15811863 0.10599641
 0.36053039 0.26485684 0.12404503 0.07784437 0.32899501 0.11059702
 0.11199806 0.08289505 0.53462462 0.10545884 0.08778012 0.83332815]"
8,KNeighborsRegressor,"[-6.213333333333334, -7.343333333333334, -7.343333333333334, -7.37, -5.706666666666666, -6.906666666666666, -6.796666666666667, -5.4366666666666665, -5.673333333333333, -6.840000000000001, -6.580000000000001, -5.613333333333333, -5.8, -5.68, -6.403333333333333, -5.676666666666667, -6.516666666666666, -5.986666666666667, -6.403333333333333, -6.739999999999999, -6.326666666666667, -5.676666666666667, -5.62, -5.824801092333334, -6.546666666666667, -5.836666666666667, -6.580000000000001, -5.613333333333333, -6.403333333333333, -6.82, -5.705000000000001, -6.609999999999999, -5.666666666666667, -6.1433333333333335, -5.533333333333334, -6.163333333333333, -5.836666666666667, -5.536666666666666, -5.710000000000001, -6.993333333333332, -5.68, -6.386666666666667, -6.89, -6.3517733220000006, -6.223333333333334, -5.53, -7.456666666666666, -6.93, -5.53, -6.246666666666666, -5.87, -5.670000000000001, -6.47, -6.403333333333332, -6.403333333333332, -5.653333333333333, -6.18, -5.583333333333333, -6.830000000000001, -5.536666666666666, -5.95, -6.376666666666668, -5.746666666666667, -6.3517733220000006, -5.666666666666667, -5.623333333333334, -5.533333333333334, -6.223333333333334, -5.716666666666666, -6.223333333333334, -6.746666666666667, -5.666666666666667, -5.53, -6.680000000000001, -7.030219817, -5.766666666666666, -6.403333333333333, -6.82, -6.89, -6.776666666666666, -5.68, -5.46, -6.7, -6.710000000000001, -6.093333333333334, -6.266666666666667, -5.72, -6.82, -6.82, -5.663333333333333, -6.386666666666667, -5.766666666666666, -5.583333333333333, -6.403333333333332, -5.803333333333334, -5.38, -7.146666666666667, -6.05, -5.583333333333333, -6.71, -6.013333333333333, -6.603333333333333, -7.156666666666666, -6.75, -6.82, -7.396666666666666, -6.266666666666667, -6.89, -6.25, -6.603333333333333, -6.48, -6.963333333333334, -6.603333333333333, -5.792943871333333, -5.792943871333333, -6.8, -6.8, -7.260000000000001, -5.87, -6.946666666666666, -5.853333333333334, -6.583333333333333, -6.836666666666666, -6.716666666666666, -6.82, -6.5200000000000005, -5.836666666666666, -6.840000000000001, -6.776666666666666, -6.836666666666666, -6.093333333333334, -6.623333333333332, -6.963333333333334, -6.739999999999999, -6.453333333333333, -7.113333333333333, -6.513333333333333, -6.516666666666666, -6.516666666666666, -6.516666666666666, -5.84, -5.656666666666666, -6.516666666666667, -6.516666666666666, -6.246666666666666, -5.836666666666666, -6.94, -5.420000000000001, -7.326666666666667, -7.033333333333334, -6.803333333333334, -6.216666666666666, -6.756666666666667, -6.86, -5.37, -5.263333333333333, -6.343333333333334, -6.78, -6.916666666666667, -6.776666666666666, -6.623333333333332, -6.433333333333334, -5.37, -5.4433333333333325, -5.4433333333333325, -7.396666666666666, -5.3933333333333335, -5.239999999999999, -5.556666666666666, -5.223333333333334, -5.4433333333333325, -4.97, -5.346666666666667, -5.670000000000001, -4.966666666666666, -6.076666666666667, -6.169999999999999, -5.346666666666667, -5.22, -6.116666666666666, -5.346666666666667, -5.22, -6.223333333333334, -5.8066666666666675, -5.646666666666666, -6.1000000000000005, -5.646666666666666, -5.743333333333332, -5.390000000000001, -6.1000000000000005, -6.81, -6.81, -4.05, -4.911897748666667, -4.911897748666667, -3.83, -5.1066666666666665, -5.11, -4.739999999999999, -4.739999999999999, -5.526666666666666, -4.743333333333333, -7.293333333333334, -7.293333333333334, -7.186666666666667, -5.666666666666667, -6.010000000000001, -6.346666666666667, -5.586666666666667, -5.78, -5.793333333333334, -5.793333333333334, -5.6933333333333325, -5.721666666666667, -5.98, -6.023333333333333, -5.96, -6.463333333333334, -6.863333333333333, -5.776666666666666, -6.773333333333333, -6.6433333333333335, -5.553333333333334, -5.713333333333334, -6.419999999999999, -5.553333333333334, -5.983333333333333, -5.68, -6.146666666666667, -6.6066666666666665, -6.351773322, -5.773333333333333, -5.803333333333334, -6.863333333333333, -5.87, -6.403333333333333, -7.079999999999999, -6.920000000000001, -5.998772833, -6.23, -5.573333333333333, -6.986666666666667, -5.691666666666666, -5.844999999999999, -5.756666666666667, -5.94, -7.099189821333333, -6.489999999999999, -6.427443165666666, -5.816666666666666, -6.037985026333334, -6.79, -6.626666666666666, -6.920000000000001, -6.626666666666666, -6.056666666666666, -6.920000000000001, -5.843333333333333, -6.037985026333334, -5.87, -5.353333333333333, -5.353333333333333, -5.803333333333332, -6.506666666666667, -6.516666666666666, -5.553333333333334, -5.7700000000000005, -5.573333333333333, -6.854612451, -7.099189821333333, -6.314651051999999, -6.314651051999999, -6.223333333333334, -6.153333333333333, -6.93, -7.083937324333333, -6.636666666666667, -5.803333333333332, -5.803333333333334, -6.48, -7.3933333333333335, -7.083937324333333, -7.489999999999999, -6.326666666666667, -6.756666666666667, -5.723333333333333, -5.969999999999999, -6.346666666666667, -5.6933333333333325, -5.803333333333332, -6.71, -6.265636671, -6.333333333333333, -6.213333333333334, -6.07, -6.64, -6.56, -6.833333333333333, -6.903333333333333, -7.489999999999999, -6.056666666666666, -7.489999999999999, -6.246666666666666, -6.616666666666667, -6.253333333333333, -6.037770637666667, -6.037985026333334, -6.956666666666666, -6.906666666666666, -6.037770637666667, -7.2299999999999995, -7.064606675333333, -7.266666666666667, -7.136666666666667, -6.213333333333334, -6.140167406, -6.755636671, -6.13, -5.843333333333334, -6.656666666666666, -6.553333333333334, -6.196666666666666, -6.78, -6.3500000000000005, -6.553333333333334, -5.946666666666666, -7.489999999999999, -6.153333333333333, -5.93, -6.296666666666667, -6.153333333333333, -6.78, -6.78, -5.71, -6.5566666666666675, -6.88, -6.296666666666667, -5.293333333333333, -6.373333333333332, -5.823333333333333, -7.489999999999999, -5.976666666666667, -7.123333333333334, -7.326666666666667, -6.13, -6.56, -6.95, -6.359999999999999, -5.293333333333333, -6.75, -5.843333333333334, -7.176666666666667, -6.98, -6.71, -6.923333333333333, -5.3066666666666675, -6.746666666666667, -6.326666666666667, -7.043333333333333, -7.4799999999999995, -6.923333333333333, -6.68, -6.78, -6.71, -5.533333333333334, -5.603333333333333, -5.293333333333333, -5.603333333333333, -5.013333333333333, -5.623333333333334, -5.623333333333334, -4.803333333333334, -5.5633333333333335, -6.076666666666667, -6.076666666666667, -6.29, -6.29, -5.666666666666667, -5.4433333333333325, -4.803333333333334, -5.4433333333333325, -6.413333333333334, -6.333333333333333, -4.656666666666666, -4.656666666666666, -4.433333333333334, -4.656666666666666, -5.266666666666667, -5.353333333333334, -5.136666666666667, -5.140000000000001, -5.140000000000001, -4.93, -4.93, -5.003333333333334, -5.353333333333334, -4.85480029, -4.888768977000001, -4.656666666666666, -4.6433333333333335, -4.656666666666666, -4.656666666666666, -3.8866666666666667, -3.8866666666666667, -7.313333333333333, -6.66, -6.03, -5.946666666666666, -5.636666666666667, -5.646666666666667, -6.663333333333334, -5.676666666666667, -6.6433333333333335, -6.093333333333334, -6.093333333333334, -6.093333333333334, -6.803333333333332, -6.02, -5.616666666666667, -6.676666666666667, -6.97, -5.7299999999999995, -5.623333333333334, -5.593333333333334, -5.96, -6.366507876, -6.093333333333334, -5.873333333333334, -5.7, -6.62, -6.0616666666666665, -6.973333333333334, -6.037985026333334, -5.953333333333333, -6.57, -7.006666666666667, -5.69, -5.7, -6.71, -6.343333333333334, -5.873333333333334, -7.146666666666666, -5.7299999999999995, -5.716666666666666, -6.9433333333333325, -5.733333333333333, -6.583333333333333, -5.765000000000001, -6.863333333333333, -6.366507876, -6.836666666666666, -5.936666666666667, -6.62, -6.9433333333333325, -6.5, -6.026666666666666, -6.429178500666666, -7.136666666666667, -5.8500000000000005, -7.13, -6.983333333333333, -5.953333333333333, -7.109999999999999, -7.386666666666667, -6.670000000000001, -6.293333333333333, -5.91, -5.716666666666666, -6.8933333333333335, -6.366507876, -5.683333333333333, -6.626666666666668, -6.53, -6.57, -6.376666666666666, -5.859999999999999, -7.373333333333332, -6.626666666666668, -6.043333333333333, -5.7, -6.859999999999999, -7.29, -6.981839109333333, -5.573333333333333, -6.385636671, -5.669999999999999, -6.96, -5.821666666666666, -5.62, -7.386666666666667, -5.789999999999999, -5.773333333333333, -5.656666666666666, -5.773333333333333, -5.773333333333333, -6.593333333333334, -6.84, -6.853333333333334, -5.733333333333333, -5.843333333333334, -7.396666666666666, -6.981839109333333, -5.87, -5.656666666666666, -6.673333333333333, -6.596666666666667, -6.596666666666667, -5.593333333333334, -5.760000000000001, -5.669999999999999, -7.2299999999999995, -6.626545770333333, -6.346666666666667, -6.5, -5.63, -5.68, -6.983333333333333, -6.57, -6.960000000000001, -6.789999999999999, -5.593333333333334, -6.126666666666666, -6.75, -6.789999999999999, -7.013333333333333, -7.289999999999999, -6.796666666666667, -5.8500000000000005, -6.766666666666667, -6.403333333333333, -7.27, -5.446666666666666, -7.013333333333333, -6.926666666666666, -7.29, -7.446666666666666, -6.926666666666666, -5.896666666666667, -7.1499999999999995, -5.880661402333334, -6.813333333333333, -7.036666666666666, -6.919999999999999, -6.846666666666667, -7.046666666666667, -6.896666666666666, -6.673333333333333, -6.5566666666666675, -5.8500000000000005, -6.8933333333333335, -6.1000000000000005, -6.896666666666666, -6.4799999999999995, -5.243333333333333, -6.423333333333333, -6.4433333333333325, -5.91, -5.2700000000000005, -6.276666666666666, -6.023333333333333, -6.896666666666666, -5.719999999999999, -5.716666666666666, -6.923333333333333, -7.1000000000000005, -6.846666666666667, -6.923333333333333, -5.719999999999999, -5.736666666666667, -6.766666666666667, -5.303333333333334, -5.226666666666667, -5.276666666666666, -5.303333333333334, -4.84, -5.27, -5.376666666666668, -5.0633333333333335, -6.23, -5.208333333333333, -5.0633333333333335, -5.6066666666666665, -6.516666666666667, -5.208333333333333, -5.208333333333333, -5.376666666666668, -5.376666666666668, -5.376666666666668, -5.696666666666666, -5.696666666666666, -6.28, -5.390000000000001, -4.166666666666667, -5.179615588333333, -4.5200000000000005, -5.179615588333333, -6.37, -4.54, -4.233333333333333, -4.78, -5.33, -3.83, -3.83, -4.28, -5.14, -7.346666666666667, -7.626666666666668, -6.340000000000001, -7.760000000000001, -5.953333333333333, -6.66, -5.97, -6.2, -5.6866666666666665, -6.226666666666667, -6.12, -5.696666666666666, -6.896666666666666, -6.973333333333334, -6.973333333333334, -6.013333333333333, -5.723333333333334, -6.276666666666666, -5.760000000000001, -5.96, -7.046323334666667, -5.653333333333333, -5.883333333333333, -6.350602390666666, -6.52, -6.989999999999999, -6.2299999999999995, -6.653333333333333, -6.266666666666667, -6.266666666666667, -5.598333333333334, -5.883333333333333, -5.883333333333333, -5.983333333333333, -6.325719796333334, -6.13, -5.53, -6.2, -5.91, -5.656666666666666, -5.91, -6.446666666666666, -6.11, -5.934338931333333, -6.843333333333334, -6.0, -6.13, -5.653333333333333, -5.836666666666667, -6.703333333333333, -5.63, -6.2, -5.68, -5.648333333333333, -5.69, -5.63, -6.34, -5.653333333333333, -5.8500000000000005, -5.695, -6.2, -6.0200000000000005, -5.883333333333333, -7.043333333333333, -7.006666666666667, -7.006666666666667, -6.206666666666666, -6.366666666666667, -6.670000000000001, -6.723333333333334, -6.314651051999999, -5.56, -5.669999999999999, -5.593333333333334, -6.07, -5.723333333333333, -6.87, -7.099189821333333, -5.526666666666667, -5.7, -5.783333333333334, -5.496666666666666, -5.496666666666666, -6.176666666666667, -5.68, -5.739999999999999, -6.066666666666666, -6.353333333333333, -5.953333333333333, -6.0566666666666675, -5.97, -7.016666666666667, -7.073333333333333, -7.118849107999999, -6.7299999999999995, -6.633333333333333, -6.0566666666666675, -5.97, -6.669999999999999, -6.386666666666667, -5.753333333333333, -5.7, -6.48, -6.736666666666667, -6.13, -6.223095326, -5.753333333333333, -5.753333333333333, -7.12, -6.13, -7.118849107999999, -6.667493093, -5.623333333333332, -6.667493093, -6.673333333333333, -5.68, -5.563333333333333, -6.16, -5.506666666666667, -7.486666666666667, -6.989999999999999, -7.466666666666666, -5.896666666666667, -6.096666666666667, -6.966666666666666, -5.739999999999999, -6.78, -6.686666666666667, -6.8, -7.486666666666667, -6.126666666666666, -5.3566666666666665, -6.686666666666667, -6.640000000000001, -7.086666666666667, -6.236666666666667, -7.343333333333334, -6.596666666666667, -6.233333333333333, -5.31, -6.723333333333334, -5.03, -6.2299999999999995, -6.1066666666666665, -5.813333333333333, -7.323333333333333, -5.3566666666666665, -7.036666666666666, -7.323333333333333, -7.266666666666667, -6.723333333333334, -5.036666666666666, -6.4366666666666665, -6.826666666666667, -6.9366666666666665, -6.9366666666666665, -5.6000000000000005, -5.3566666666666665, -6.686666666666667, -6.1933333333333325, -6.9366666666666665, -5.37, -5.623333333333334, -4.986666666666666, -5.37, -4.9799999999999995, -4.9799999999999995, -6.0, -4.803333333333334, -5.516666666666667, -4.98, -5.746666666666667, -4.6933333333333325, -4.803333333333334, -4.98, -4.98, -5.283333333333332, -6.133333333333334, -5.283333333333332, -6.133333333333334, -4.98, -7.12, -4.803333333333334, -4.803333333333334, -4.8066666666666675, -7.12, -4.803333333333334, -4.803333333333334, -4.815587124, -6.3500000000000005, -4.293333333333334, -4.223333333333334, -5.443333333333334, -4.953333333333333, -5.3133333333333335, -4.626666666666668, -4.293333333333334, -4.293333333333334, -4.293333333333334, -4.793333333333334, -4.826666666666667, -6.526666666666666, -7.626666666666668, -7.109999999999999, -5.806666666666666, -5.579999999999999, -6.963333333333334, -6.75, -5.743333333333333, -6.363333333333333, -6.142310345333333, -7.28, -6.19, -5.6066666666666665, -5.743333333333333, -5.579999999999999, -6.580000000000001, -6.989999999999999, -5.891948392, -5.696666666666666, -5.696666666666666, -5.973333333333334, -5.6066666666666665, -6.886666666666667, -5.593333333333334, -5.976666666666667, -5.566666666666666, -5.88, -5.739999999999999, -6.919999999999999, -5.913333333333334, -5.783333333333334, -6.953333333333333, -6.640000000000001, -6.167713171, -5.683333333333334, -5.683333333333334, -5.783333333333334, -5.891948392, -6.286666666666666, -7.28, -5.580000000000001, -5.683333333333334, -5.786666666666666, -5.79, -6.13, -7.076666666666667, -6.167713171, -5.793333333333333, -5.829999999999999, -5.743333333333333, -5.739999999999999, -6.646666666666666, -5.6066666666666665, -6.666666666666667, -7.073333333333333, -5.580000000000001, -5.580000000000001, -5.593333333333334, -5.803333333333334, -5.973333333333334, -6.349999999999999, -6.116666666666667, -7.073333333333333, -5.829999999999999, -7.3566666666666665, -5.725394878, -6.986666666666667, -5.719999999999999, -7.047270657666666, -6.346666666666667, -5.8066666666666675, -5.78, -6.079999999999999, -6.023333333333333, -5.56, -5.63, -5.593333333333334, -5.54, -6.776666666666666, -6.753333333333334, -7.0, -6.583333333333333, -5.56, -5.683333333333334, -6.306666666666666, -6.286666666666666, -6.986666666666667, -6.183333333333334, -5.683333333333334, -6.883333333333333, -7.033333333333334, -5.733333333333334, -5.71, -5.63, -5.663333333333334, -6.883333333333333, -5.593333333333334, -6.256666666666667, -7.22, -7.22, -6.193333333333334, -6.663333333333334, -5.9366666666666665, -6.506666666666667, -7.173333333333333, -6.286666666666666, -6.18, -6.403333333333333, -5.753333333333333, -5.888373342333334, -6.080000000000001, -6.37, -7.216666666666668, -4.806666666666666, -5.880661402333334, -6.986666666666667, -6.183333333333334, -6.02, -7.123333333333334, -7.073333333333333, -6.656666666666666, -5.956666666666667, -6.116666666666667, -6.993333333333332, -7.080000000000001, -5.956666666666667, -5.710000000000001, -6.116666666666667, -6.753333333333333, -6.656666666666666, -7.463333333333334, -6.86, -7.033333333333334, -7.173333333333333, -6.526666666666666, -7.3, -6.116666666666667, -7.083333333333333, -6.52, -6.653333333333333, -5.793333333333333, -5.71, -5.2299999999999995, -6.913333333333333, -7.096666666666667, -6.473333333333333, -6.56, -7.246666666666667, -5.296666666666666, -6.146666666666666, -5.663333333333333, -5.2299999999999995, -6.86, -6.849999999999999, -5.54, -5.956666666666666, -5.2299999999999995, -6.663333333333333, -5.2299999999999995, -5.296666666666666, -5.296666666666666, -5.476666666666667, -5.476666666666667, -5.476666666666667, -4.760000000000001, -4.84, -4.760000000000001, -4.760000000000001, -6.103333333333333, -4.760000000000001, -5.4750000000000005, -5.476666666666667, -5.666666666666667, -5.476666666666667, -4.760000000000001, -4.760000000000001, -5.4750000000000005, -6.776666666666666, -6.776666666666666, -6.1433333333333335, -5.863333333333333, -5.806666666666666, -4.760000000000001, -4.760000000000001, -5.496666666666667, -5.496666666666667, -4.04, -4.04, -5.200988088333333, -6.56, -6.56, -3.83, -5.239999999999999, -5.239999999999999, -5.196666666666666, -4.739999999999999, -5.246666666666667, -5.239999999999999, -5.239999999999999, -3.83, -5.32]","0     -7.22
1     -6.21
2     -7.24
3     -5.92
4     -5.96
       ... 
247   -6.00
248   -3.99
249   -5.24
250   -4.77
251   -4.71
Name: Permeability, Length: 252, dtype: float64","[array([-6.09333333, -5.775     , -5.865     , -5.87      , -5.87      ,
       -7.03666667, -5.76666667, -7.03666667, -6.28666667, -6.65333333,
       -6.07      , -5.76      , -5.70333333, -6.84      , -5.94      ,
       -5.70666667, -6.42      , -6.99333333, -5.59333333, -5.96      ,
       -5.88666667, -6.54666667, -5.74666667, -7.29      , -5.53666667,
       -5.76      , -5.66666667, -6.21      , -6.35177332, -5.74666667,
       -6.58      , -6.85      , -5.97333333, -6.64333333, -6.38666667,
       -6.79333333, -5.66666667, -5.67666667, -5.76      , -5.69      ,
       -6.31465105, -5.88333333, -5.82480109, -7.29      , -6.04306258,
       -6.90333333, -6.64333333, -5.62333333, -6.59333333, -6.1       ,
       -6.90333333, -6.93      , -5.67666667, -5.53333333, -6.31465105,
       -5.72333333, -6.90333333, -6.40333333, -5.83666667, -6.51333333,
       -5.79927766, -6.40333333, -5.72333333, -5.705     , -5.65333333,
       -7.        , -7.03021982, -5.38      , -6.43333333, -6.40666667,
       -5.72666667, -7.00666667, -5.61666667, -7.15      , -6.26666667,
       -6.13333333, -5.58333333, -5.68      , -6.62333333, -6.43      ,
       -5.82480109, -5.86      , -6.38666667, -6.85      , -6.22333333,
       -5.71666667, -7.17      , -5.75666667, -6.95666667, -6.83666667,
       -7.03021982, -7.03021982, -5.80333333, -5.72666667, -6.61      ,
       -7.03021982, -5.46      , -6.37666667, -5.71666667, -5.71666667,
       -6.47666667, -6.75666667, -7.03021982, -5.97333333, -5.79666667,
       -6.7       , -5.64666667, -6.24666667, -6.34      , -7.00666667,
       -5.76666667, -6.1       , -6.62333333, -6.12333333, -6.19333333,
       -5.94333333, -7.05      , -6.24666667, -6.24666667, -5.88666667,
       -6.77333333, -6.60333333, -6.63666667, -7.04333333, -6.70666667,
       -6.04666667, -6.78      , -6.31333333, -5.74      , -6.31333333,
       -7.08333333, -7.11884911, -6.54666667, -5.45666667, -6.81666667,
       -7.29      , -6.60333333, -6.25      , -6.37666667, -7.27299   ,
       -6.83333333, -6.88952423, -6.93      , -7.11884911, -5.61      ,
       -5.61      , -7.73666667, -6.07287987, -5.60666667, -5.45666667,
       -5.88      , -7.15666667, -5.94333333, -5.14333333, -6.35      ,
       -6.83666667, -6.09333333, -6.99      , -6.07287987, -6.71      ,
       -6.06      , -7.18666667, -6.37666667, -6.62333333, -7.26      ,
       -6.22      , -7.18333333, -6.62333333, -6.10666667, -6.51333333,
       -6.86333333, -5.14333333, -6.99666667, -6.27666667, -6.24      ,
       -6.51666667, -5.68      , -5.77333333, -6.37666667, -6.06333333,
       -5.81666667, -6.37666667, -6.40666667, -5.94333333, -5.14333333,
       -6.31333333, -7.35      , -7.15666667, -6.10666667, -5.83666667,
       -6.43333333, -6.77666667, -5.72      , -5.14333333, -6.86666667,
       -5.76666667, -6.83333333, -5.65      , -5.77333333, -5.66666667,
       -5.77333333, -6.13333333, -6.75666667, -5.44333333, -6.07666667,
       -7.39666667, -4.94333333, -6.16333333, -6.07666667, -4.94333333,
       -5.43      , -5.34666667, -4.96666667, -5.34666667, -4.96666667,
       -6.07666667, -5.80666667, -6.32666667, -4.88666667, -4.84333333,
       -6.37      , -5.7       , -6.22333333, -6.22333333, -5.34666667,
       -5.34666667, -5.34666667, -6.1       , -5.34666667, -5.34666667,
       -5.34666667, -5.64666667, -5.39      , -5.14333333, -4.50666667,
       -4.91189775, -4.50666667, -4.91189775, -6.81      , -4.50666667,
       -4.21666667, -5.10666667, -5.11      , -4.80333333, -4.74      ,
       -4.70333333, -4.74      , -3.83      , -3.78333333, -4.74333333,
       -4.37666667, -3.83      ]), array([-6.63333333, -5.945     , -5.69166667, -5.66666667, -5.79333333,
       -7.03666667, -5.73      , -7.03666667, -6.39666667, -6.59666667,
       -5.98333333, -5.80333333, -6.39      , -6.11      , -6.00666667,
       -5.66      , -6.42      , -6.98666667, -5.71333333, -5.94      ,
       -5.87      , -6.77333333, -5.63      , -6.27      , -5.69333333,
       -5.80333333, -5.78      , -5.80333333, -6.35177332, -5.66      ,
       -6.98666667, -6.85      , -5.97333333, -6.23      , -6.22333333,
       -6.45      , -5.60666667, -5.64333333, -5.80333333, -5.55333333,
       -6.31465105, -6.01      , -6.03798503, -6.27      , -6.09676221,
       -6.92      , -6.57666667, -5.62333333, -6.18666667, -6.04333333,
       -6.92      , -6.92333333, -5.77333333, -5.50666667, -6.31465105,
       -6.04666667, -6.29666667, -6.22333333, -5.77166667, -6.80666667,
       -5.99877283, -6.22333333, -5.63      , -5.76833333, -5.57333333,
       -6.13      , -7.09918982, -5.35333333, -6.27833333, -6.14666667,
       -5.69333333, -6.71      , -6.64333333, -7.31333333, -6.09333333,
       -5.81666667, -5.58333333, -5.75666667, -7.01666667, -6.96      ,
       -6.03798503, -5.81      , -6.22333333, -6.53      , -5.80333333,
       -6.15666667, -7.32666667, -5.84333333, -6.93      , -6.95666667,
       -7.09918982, -7.09918982, -5.66333333, -5.73      , -6.62666667,
       -7.09918982, -5.65666667, -6.24666667, -5.83      , -5.83      ,
       -6.47666667, -6.75666667, -7.09918982, -5.97333333, -5.79666667,
       -6.7       , -5.65333333, -6.84333333, -6.90333333, -6.71      ,
       -5.61      , -5.97      , -7.01666667, -6.05666667, -6.19333333,
       -6.33      , -7.15      , -6.48333333, -6.48333333, -5.88666667,
       -7.15666667, -6.13      , -6.63666667, -7.04333333, -6.70666667,
       -6.04666667, -6.83666667, -6.28333333, -5.84333333, -6.28333333,
       -6.97666667, -7.08393732, -6.77333333, -5.45666667, -6.81666667,
       -7.29      , -6.13      , -6.05666667, -6.24666667, -7.27299   ,
       -6.92666667, -6.85461245, -6.92333333, -7.08393732, -5.65333333,
       -5.61      , -7.23      , -6.03777064, -5.60666667, -5.45666667,
       -5.88      , -7.29333333, -6.5       , -5.14333333, -6.65      ,
       -6.90666667, -6.80666667, -6.99      , -6.03777064, -6.55333333,
       -6.04      , -7.05666667, -6.24666667, -7.27666667, -7.26      ,
       -5.87      , -7.05      , -7.21666667, -6.10666667, -6.80666667,
       -6.86333333, -5.14333333, -6.99666667, -6.42333333, -5.63666667,
       -6.27666667, -5.51666667, -5.93      , -6.15      , -6.37333333,
       -5.83      , -6.24666667, -6.40666667, -5.82333333, -5.14333333,
       -6.28333333, -7.48      , -7.2       , -6.10666667, -5.83666667,
       -6.66666667, -6.92333333, -6.32666667, -5.14333333, -6.74666667,
       -5.76666667, -6.75666667, -5.65      , -6.02333333, -5.71666667,
       -5.93      , -6.17333333, -6.75666667, -5.60333333, -6.07666667,
       -7.15333333, -4.94333333, -6.16333333, -6.07666667, -4.86      ,
       -5.01333333, -4.80333333, -5.01333333, -4.80333333, -5.01333333,
       -6.07666667, -5.80666667, -6.32666667, -4.88666667, -4.60333333,
       -5.49666667, -5.48666667, -6.29      , -6.29      , -4.80333333,
       -4.80333333, -4.80333333, -6.33333333, -4.80333333, -5.01      ,
       -4.80333333, -5.86333333, -5.44333333, -5.36333333, -4.64333333,
       -4.85480029, -4.64333333, -4.85480029, -6.81      , -4.64333333,
       -4.21666667, -4.97666667, -5.14      , -4.93      , -5.01      ,
       -5.00333333, -5.01      , -4.65666667, -3.88666667, -4.98333333,
       -4.61666667, -4.65666667]), array([-5.85      , -5.945     , -5.865     , -5.87      , -5.87      ,
       -6.97333333, -5.73      , -6.98      , -6.39666667, -6.65333333,
       -6.16333333, -5.88666667, -5.70333333, -6.66333333, -5.88      ,
       -5.66      , -6.09333333, -7.07333333, -5.59333333, -6.34333333,
       -5.95333333, -6.66      , -5.74666667, -6.42666667, -5.61666667,
       -5.76      , -5.78      , -6.21      , -6.36650788, -5.91333333,
       -6.85333333, -7.39666667, -6.07      , -6.64333333, -6.37666667,
       -6.47      , -5.60666667, -5.64333333, -5.88666667, -5.69      ,
       -6.4291785 , -6.01      , -6.03798503, -6.42666667, -6.04306258,
       -6.94333333, -6.64333333, -5.62333333, -6.32      , -5.91666667,
       -6.94333333, -7.07333333, -5.67666667, -5.50666667, -6.4291785 ,
       -5.96333333, -6.58333333, -6.22333333, -5.83666667, -6.71      ,
       -5.79927766, -6.22333333, -5.77666667, -5.76833333, -5.71666667,
       -6.13      , -7.01088917, -5.42333333, -6.555     , -6.62333333,
       -5.80333333, -7.00666667, -6.04333333, -7.13      , -6.09333333,
       -6.13333333, -5.78      , -5.78666667, -6.89333333, -6.96      ,
       -6.03798503, -5.91      , -6.37666667, -6.68333333, -6.05      ,
       -6.15666667, -7.24666667, -5.95333333, -7.20666667, -6.83666667,
       -6.98183911, -6.98183911, -5.82      , -5.81666667, -6.60333333,
       -7.01088917, -5.65666667, -6.24666667, -5.62      , -5.62      ,
       -7.00666667, -6.76666667, -6.98183911, -6.19666667, -5.79666667,
       -6.57      , -5.45333333, -6.84333333, -6.85333333, -7.00666667,
       -5.56333333, -6.1       , -6.89333333, -6.        , -5.87      ,
       -5.94333333, -7.13666667, -6.59666667, -6.59666667, -5.93666667,
       -6.73      , -6.13      , -6.45333333, -6.89666667, -6.09666667,
       -5.63      , -6.83666667, -6.28333333, -6.04333333, -6.28333333,
       -6.83666667, -7.11884911, -6.66      , -5.59333333, -6.79      ,
       -7.29      , -6.13      , -6.12666667, -6.24666667, -7.27299   ,
       -7.16      , -6.88952423, -7.07333333, -7.11884911, -5.67      ,
       -5.58333333, -7.27      , -6.07287987, -5.70333333, -5.59333333,
       -5.44666667, -7.13333333, -5.94333333, -5.14333333, -6.49333333,
       -6.78666667, -6.02333333, -6.99      , -6.07287987, -6.92666667,
       -5.88333333, -7.18666667, -6.24666667, -6.67      , -6.59333333,
       -6.22      , -7.01333333, -6.66666667, -6.02333333, -6.71      ,
       -6.62333333, -5.14333333, -6.99666667, -7.04666667, -5.91      ,
       -6.27666667, -5.68333333, -5.77333333, -6.21333333, -6.17666667,
       -5.91      , -6.24666667, -6.39666667, -5.94333333, -5.14333333,
       -6.28333333, -7.48      , -7.14333333, -6.02333333, -5.63333333,
       -6.94333333, -7.04666667, -5.76      , -5.14333333, -6.86666667,
       -5.72      , -6.84333333, -5.62666667, -5.77333333, -5.59333333,
       -5.77333333, -6.17333333, -6.76666667, -5.30333333, -6.07666667,
       -6.80333333, -5.25333333, -6.16333333, -6.07666667, -4.86      ,
       -5.91      , -5.37666667, -5.06333333, -5.37666667, -5.06333333,
       -6.07666667, -5.80666667, -5.98      , -4.88666667, -4.71      ,
       -5.49666667, -5.48666667, -6.51666667, -6.51666667, -5.37666667,
       -5.37666667, -5.37666667, -6.28      , -5.37666667, -5.01      ,
       -5.37666667, -5.69666667, -5.39      , -5.36333333, -4.52      ,
       -5.17961559, -4.52      , -5.17961559, -6.37      , -4.52      ,
       -4.16666667, -4.94333333, -5.14      , -4.80333333, -5.01      ,
       -4.88666667, -5.01      , -3.83      , -3.78333333, -4.28      ,
       -4.28      , -3.83      ]), array([-6.63333333, -6.22      , -5.65666667, -5.87      , -5.87      ,
       -7.08333333, -5.57333333, -7.09      , -6.39666667, -6.27666667,
       -6.16333333, -5.88666667, -5.70333333, -6.11      , -5.94      ,
       -5.74666667, -6.42      , -7.07333333, -5.59833333, -6.17666667,
       -5.88666667, -6.66      , -5.72333333, -6.27333333, -5.61666667,
       -5.76      , -5.85      , -6.21      , -6.3257198 , -5.92      ,
       -6.98666667, -6.70333333, -5.73      , -6.65333333, -5.53      ,
       -6.9       , -6.26666667, -5.77      , -5.88666667, -5.69      ,
       -6.31465105, -6.01      , -5.93433893, -6.27333333, -6.04306258,
       -6.90333333, -6.7       , -5.63      , -6.59333333, -6.04333333,
       -6.90333333, -7.07333333, -5.67666667, -5.59333333, -6.31465105,
       -5.67666667, -6.58333333, -6.22333333, -5.94      , -6.80666667,
       -5.79927766, -6.22333333, -5.72333333, -5.64833333, -5.57333333,
       -6.13666667, -7.09918982, -5.49666667, -6.43333333, -6.25      ,
       -5.69      , -7.00666667, -5.61666667, -7.04      , -6.20666667,
       -6.13333333, -5.58333333, -5.91      , -6.76333333, -6.96      ,
       -5.93433893, -5.86      , -5.53      , -6.52666667, -6.05      ,
       -6.2       , -7.17      , -5.75666667, -7.04666667, -6.73      ,
       -7.09918982, -7.09918982, -5.66333333, -5.74      , -6.74666667,
       -7.04727066, -5.56      , -6.07      , -5.83      , -5.83      ,
       -6.47666667, -6.68666667, -7.09918982, -5.52666667, -5.82666667,
       -6.7       , -5.59      , -6.59      , -6.34      , -7.00666667,
       -5.40666667, -6.36666667, -6.76333333, -6.12333333, -5.95333333,
       -6.28666667, -7.15      , -6.23      , -6.23      , -5.83666667,
       -6.73      , -6.13      , -6.63666667, -7.04333333, -6.4       ,
       -6.05666667, -7.19333333, -6.78      , -5.74      , -6.78      ,
       -6.97666667, -7.11884911, -6.66      , -5.97      , -6.81666667,
       -7.07333333, -6.13      , -6.11666667, -6.07      , -7.04632333,
       -7.00333333, -6.66749309, -7.07333333, -7.11884911, -5.62333333,
       -5.62333333, -7.73666667, -6.22309533, -5.56      , -5.97      ,
       -5.88      , -7.02333333, -6.37666667, -5.35666667, -6.56333333,
       -6.68      , -6.80666667, -6.49      , -6.22309533, -6.55333333,
       -5.85666667, -7.18666667, -6.07      , -7.27666667, -7.26      ,
       -6.67      , -7.18333333, -7.21666667, -6.10666667, -6.80666667,
       -6.34      , -5.35666667, -7.48666667, -6.54666667, -5.63666667,
       -6.27666667, -5.67      , -5.6       , -6.37666667, -6.33      ,
       -5.81666667, -6.07      , -5.83      , -6.06      , -5.35666667,
       -6.78      , -7.48      , -6.92666667, -6.10666667, -5.83666667,
       -6.43333333, -6.93666667, -6.35333333, -5.35666667, -7.23333333,
       -5.67333333, -6.68666667, -5.37      , -6.02333333, -5.66666667,
       -5.72666667, -5.81333333, -6.68666667, -5.60333333, -5.51666667,
       -6.65666667, -5.10666667, -6.16333333, -5.51666667, -4.94333333,
       -5.01333333, -4.80333333, -5.01333333, -4.80333333, -5.01333333,
       -5.51666667, -4.98      , -5.74666667, -4.69333333, -5.25666667,
       -5.76666667, -5.53      , -6.13333333, -6.13333333, -4.80333333,
       -4.80333333, -4.80333333, -6.33333333, -4.80333333, -5.01      ,
       -4.80333333, -5.86333333, -5.39      , -5.44333333, -4.29666667,
       -4.85480029, -4.29666667, -4.85480029, -6.35      , -4.29666667,
       -4.21666667, -4.94666667, -4.95333333, -4.82666667, -4.98666667,
       -4.73333333, -4.98666667, -4.29333333, -3.78333333, -4.98333333,
       -5.08      , -4.29333333]), array([-6.11666667, -5.98833333, -5.80166667, -5.87      , -5.87      ,
       -7.11      , -5.61      , -7.05333333, -6.39666667, -6.97333333,
       -5.85666667, -5.88666667, -5.70333333, -5.71      , -5.93333333,
       -5.68      , -6.42      , -7.01666667, -5.59333333, -5.94      ,
       -5.88666667, -6.66      , -5.74666667, -6.42666667, -5.61666667,
       -5.76      , -5.60666667, -5.82      , -6.14231035, -5.85666667,
       -7.28      , -6.98666667, -5.93666667, -6.64333333, -6.22333333,
       -6.47      , -5.60666667, -5.76      , -5.88666667, -5.69      ,
       -6.16771317, -5.74333333, -5.89194839, -6.42666667, -6.89872821,
       -6.90333333, -6.64333333, -5.74      , -6.68      , -6.13      ,
       -6.90333333, -6.95333333, -5.83      , -5.56      , -6.16771317,
       -6.02333333, -6.41666667, -5.96      , -5.69833333, -6.41      ,
       -5.90563715, -5.96      , -5.68      , -5.80333333, -5.78333333,
       -6.13      , -7.04727066, -5.42333333, -5.93833333, -6.62333333,
       -5.72666667, -7.00666667, -5.61666667, -7.15      , -6.09333333,
       -5.81      , -5.59333333, -5.78666667, -7.01666667, -6.22666667,
       -5.89194839, -5.81      , -6.22333333, -6.53      , -6.05      ,
       -6.15666667, -7.17      , -5.75666667, -7.12666667, -6.83666667,
       -7.09918982, -7.09918982, -5.66333333, -5.74      , -6.74666667,
       -7.04727066, -5.59333333, -6.52666667, -5.63      , -5.63      ,
       -6.47666667, -6.75666667, -7.09918982, -6.16333333, -5.78      ,
       -6.88333333, -5.45333333, -6.84333333, -6.66333333, -7.00666667,
       -5.61      , -6.1       , -7.01666667, -5.93      , -6.18333333,
       -5.94333333, -6.57333333, -6.5       , -6.5       , -5.85      ,
       -6.77      , -6.13      , -7.08333333, -6.47333333, -6.65666667,
       -6.28666667, -7.07333333, -6.76333333, -5.93666667, -6.76333333,
       -7.08333333, -7.11884911, -6.66      , -5.45666667, -7.22      ,
       -7.30666667, -6.13      , -6.11666667, -6.52666667, -7.07666667,
       -7.00333333, -6.88952423, -6.95333333, -7.11884911, -5.65333333,
       -5.61      , -7.17333333, -6.07287987, -5.74      , -5.45666667,
       -5.73333333, -7.15666667, -5.94333333, -5.23      , -6.35      ,
       -6.68      , -6.80666667, -6.65666667, -6.07287987, -6.75333333,
       -6.04      , -7.18666667, -6.52666667, -6.86      , -7.3       ,
       -6.25666667, -7.00666667, -7.27333333, -5.82      , -6.41      ,
       -6.62333333, -5.23      , -7.03333333, -6.54666667, -6.11666667,
       -6.27666667, -5.54666667, -5.95666667, -6.37666667, -6.33      ,
       -5.85333333, -6.52666667, -6.40666667, -5.94333333, -5.23      ,
       -6.76333333, -7.36      , -7.15666667, -5.66333333, -5.83666667,
       -6.32666667, -6.66333333, -5.72      , -5.23      , -6.86666667,
       -5.71      , -6.83333333, -5.65333333, -6.05      , -5.66666667,
       -5.95666667, -6.17333333, -6.75666667, -5.60333333, -5.47666667,
       -6.60666667, -4.94333333, -5.47666667, -5.47666667, -4.84      ,
       -5.01333333, -4.76      , -5.01333333, -4.76      , -5.01333333,
       -5.47666667, -5.66666667, -6.32666667, -5.47666667, -5.25666667,
       -5.49666667, -5.48666667, -6.22333333, -6.22333333, -4.76      ,
       -4.76      , -4.76      , -6.33333333, -4.76      , -4.93666667,
       -4.76      , -5.86333333, -5.49666667, -5.33      , -4.50666667,
       -5.20098809, -4.50666667, -5.20098809, -6.56      , -4.50666667,
       -4.04      , -4.94333333, -5.24666667, -4.74      , -5.01      ,
       -4.70333333, -5.01      , -3.83      , -3.83      , -4.98333333,
       -4.61666667, -3.83      ])]","[-6.26533333 -5.97466667 -5.776      -5.82933333 -5.85466667 -7.048
 -5.682      -7.03933333 -6.37466667 -6.63066667 -6.04733333 -5.84466667
 -5.84066667 -6.28666667 -5.94       -5.69066667 -6.35466667 -7.02866667
 -5.61833333 -6.072      -5.89666667 -6.66       -5.71866667 -6.53733333
 -5.616      -5.76866667 -5.73666667 -6.05066667 -6.30761693 -5.81933333
 -6.93733333 -6.95733333 -5.93666667 -6.56266667 -6.148      -6.61666667
 -5.75066667 -5.69866667 -5.84466667 -5.66266667 -6.30816897 -5.93133333
 -5.94541169 -6.53733333 -6.22493563 -6.91466667 -6.64133333 -5.648
 -6.47466667 -6.04666667 -6.91466667 -6.99066667 -5.72666667 -5.54
 -6.30816897 -5.88666667 -6.55666667 -6.20666667 -5.81666667 -6.64933333
 -5.86044859 -6.20666667 -5.70666667 -5.73866667 -5.66       -6.30533333
 -7.05735186 -5.41533333 -6.32766667 -6.41       -5.728      -6.94733333
 -5.90733333 -7.15666667 -6.15066667 -6.00533333 -5.62466667 -5.784
 -6.86266667 -6.70733333 -5.94541169 -5.85       -6.148      -6.624
 -6.03533333 -6.07733333 -7.21666667 -5.81333333 -7.05333333 -6.83933333
 -7.06192568 -7.06192568 -5.72266667 -5.75066667 -6.66666667 -7.04696802
 -5.58533333 -6.29333333 -5.72533333 -5.72533333 -6.58266667 -6.74466667
 -7.06192568 -5.96666667 -5.79933333 -6.71066667 -5.55933333 -6.67333333
 -6.62       -6.94733333 -5.59133333 -6.12733333 -6.86266667 -6.04666667
 -6.07866667 -6.08933333 -7.012      -6.41133333 -6.41133333 -5.87933333
 -6.832      -6.22466667 -6.68933333 -6.9        -6.51333333 -6.01333333
 -6.944      -6.48466667 -5.86066667 -6.48466667 -6.99133333 -7.11186675
 -6.66       -5.58666667 -6.892      -7.25       -6.22466667 -6.13333333
 -6.29333333 -7.188392   -6.98533333 -6.83813565 -6.99066667 -7.11186675
 -5.642      -5.60733333 -7.42933333 -6.09590112 -5.64333333 -5.58666667
 -5.764      -7.15266667 -6.14133333 -5.20333333 -6.48133333 -6.778
 -6.50733333 -6.82333333 -6.09590112 -6.69933333 -5.976      -7.16066667
 -6.29333333 -6.94133333 -7.13466667 -6.24733333 -7.08733333 -6.99933333
 -6.03266667 -6.64933333 -6.66266667 -5.20333333 -7.102      -6.568
 -5.908      -6.32466667 -5.61933333 -5.80666667 -6.29866667 -6.25466667
 -5.84533333 -6.29333333 -6.28933333 -5.94266667 -5.20333333 -6.48466667
 -7.43       -7.11666667 -6.00133333 -5.796      -6.56066667 -6.86933333
 -5.976      -5.20333333 -6.916      -5.72733333 -6.79066667 -5.59
 -5.92866667 -5.662      -5.832      -6.09333333 -6.74466667 -5.51133333
 -5.84466667 -6.92333333 -5.038      -6.026      -5.84466667 -4.88933333
 -5.276      -5.018      -5.014      -5.018      -5.014      -5.84466667
 -5.61333333 -6.14133333 -4.966      -4.934      -5.72533333 -5.538
 -6.27733333 -6.27733333 -5.018      -5.018      -5.018      -6.276
 -5.018      -5.06266667 -5.018      -5.78666667 -5.422      -5.32866667
 -4.49466667 -5.0004204  -4.49466667 -5.0004204  -6.58       -4.49466667
 -4.17133333 -4.98333333 -5.118      -4.82066667 -4.95133333 -4.806
 -4.95133333 -4.088      -3.81333333 -4.79466667 -4.594      -4.088     ]","[0.31465395 0.14283012 0.08700958 0.08133333 0.03066667 0.0467428
 0.07585366 0.03549022 0.044      0.22132329 0.11651228 0.05323324
 0.27466667 0.41061472 0.04022161 0.03282276 0.13066667 0.03780653
 0.04753946 0.16246162 0.02905933 0.07167829 0.04524501 0.38266551
 0.04954908 0.01733333 0.08763561 0.19521384 0.08369193 0.10102585
 0.2267294  0.23724718 0.11240799 0.16637842 0.31702506 0.1909392
 0.2590444  0.05560176 0.05323324 0.05466667 0.08306286 0.10603144
 0.08326763 0.38266551 0.33753764 0.01571977 0.03907827 0.04607241
 0.18825042 0.07309051 0.01571977 0.06822837 0.06380526 0.03319973
 0.08306286 0.15552063 0.20435264 0.14167255 0.0800486  0.16060165
 0.0805     0.14167255 0.04908043 0.05520064 0.08183995 0.34734293
 0.03604827 0.04865297 0.21355353 0.19286149 0.04080305 0.11866667
 0.40339889 0.08826727 0.07273697 0.15678152 0.07776317 0.07409903
 0.152      0.31606188 0.08326763 0.03741657 0.31702506 0.12786104
 0.13402487 0.18111261 0.06250333 0.07763161 0.10343006 0.07175266
 0.04813516 0.04813516 0.07285907 0.03342654 0.06576051 0.02935808
 0.07292614 0.15206724 0.0918356  0.0918356  0.212      0.02925748
 0.04813516 0.2388584  0.01511438 0.09994221 0.08930348 0.23481435
 0.24223955 0.11866667 0.1151733  0.12982724 0.152      0.0743565
 0.13892604 0.17933705 0.22248695 0.1465545  0.1465545  0.03485844
 0.16340271 0.18933333 0.20940551 0.22076634 0.23738389 0.21248791
 0.1605186  0.23464962 0.11710204 0.23464962 0.09086253 0.01396471
 0.07167829 0.19884109 0.16432488 0.08856887 0.18933333 0.06338594
 0.15206724 0.10405433 0.10742646 0.08638603 0.06822837 0.01396471
 0.02196968 0.01306395 0.25280999 0.06503453 0.06719788 0.19884109
 0.16852827 0.0859302  0.24561578 0.08369256 0.11816373 0.08863408
 0.36727465 0.21081851 0.06503453 0.13952937 0.0872646  0.052
 0.15206724 0.28504658 0.27110965 0.25401137 0.07976075 0.29037447
 0.11112355 0.16060165 0.19377421 0.08369256 0.19285688 0.25916618
 0.24536232 0.096      0.07233871 0.12856473 0.09760692 0.1167257
 0.03499841 0.15206724 0.22969932 0.07484503 0.08369256 0.23464962
 0.06131884 0.09690775 0.17205426 0.08133333 0.22129317 0.13410444
 0.2976829  0.08369256 0.16533333 0.03567757 0.06064102 0.11041336
 0.12720238 0.03941799 0.09287028 0.14085453 0.02925748 0.12106197
 0.28442222 0.30421484 0.12487505 0.27466667 0.28442222 0.04469154
 0.35571149 0.2812085  0.03057959 0.2812085  0.03057959 0.28442222
 0.32127524 0.23867784 0.26608603 0.27421322 0.33887133 0.08272041
 0.12962167 0.12962167 0.2812085  0.2812085  0.2812085  0.09039174
 0.2812085  0.14481252 0.2812085  0.09521905 0.04266667 0.09990217
 0.11156662 0.15657906 0.11156662 0.15657906 0.20159365 0.11156662
 0.06846248 0.06292853 0.09455392 0.06180255 0.1060524  0.11984063
 0.1060524  0.33622479 0.04087923 0.27360637 0.27678632 0.33622479]"
9,SVR,"[-6.718951806594065, -7.0982577911960725, -7.0982577911960725, -6.779588010912651, -6.122917432163911, -6.693363194660463, -6.2724248329077135, -5.727637769552562, -6.1232443255620685, -6.120308595183329, -6.499905825843323, -5.668559154661547, -5.967184371254175, -5.9407798134586995, -6.665377843945571, -5.677047802324187, -6.001798476006625, -5.929287233459865, -6.665377843945571, -6.318936154049299, -6.330559641433935, -5.666694130731921, -6.124920909836293, -5.953408522198049, -6.329115012400867, -5.61885185404083, -6.4060671586455324, -5.5531833932791015, -6.820237981436012, -6.054132508106173, -5.960324316998673, -6.645217000204064, -6.19300715718925, -5.893165330574919, -5.848700955510013, -6.030645275634346, -5.747125172645705, -5.522821082615698, -5.686055350817539, -7.004551792813156, -5.868177263297585, -5.875200582328058, -6.876998828964693, -6.167781563118527, -5.9965438367048725, -5.7470687444805275, -6.41334458787852, -6.7825098430575945, -6.265664205863954, -6.47501026929948, -6.464029157144814, -5.640366472512158, -6.209466682273704, -6.551860946265199, -6.591463948020717, -6.0900596417043715, -6.6351968424357946, -6.203144978559754, -7.018386148601444, -5.485091657610202, -5.792782497670101, -6.4808110333605855, -5.842660467900111, -6.170673863802461, -5.72029065786162, -5.852228797821109, -5.657948932082199, -6.105522992739267, -6.129048333942631, -6.214635918789298, -6.690462068948933, -6.406630509926564, -6.392988095345761, -7.11793618193292, -7.030401197089694, -5.812443668884708, -6.793945380785453, -6.496048116789936, -6.754509357620055, -6.516820751136817, -5.835259387726986, -5.98217898685442, -6.581107374456478, -7.140129457252376, -6.513964499049653, -6.042333770188064, -5.949039427355801, -6.549675351809335, -6.557042058052203, -5.933093800171912, -6.009088951323144, -5.863764291767758, -5.955806731726454, -6.451698713896739, -5.762387863714781, -5.350076030660658, -6.796882891228282, -6.262468037414927, -5.978469948141907, -6.963381263968131, -6.8511141028107, -6.535280208948713, -6.424450040957937, -6.789139319460384, -6.8336239328915225, -6.8167934870823155, -6.058495107826579, -6.707826663109154, -6.27973701951013, -6.535280208948713, -6.901359726180282, -6.929236084267587, -6.535280208948713, -5.977886689182905, -6.050987453647828, -7.120756057341708, -7.087794557617174, -6.70376553503637, -6.464029157144814, -6.744598899915262, -6.039707371747105, -6.955189017112991, -6.775059316256615, -6.669346452639084, -6.548770148225657, -6.525750770768438, -5.67975754495721, -5.945664104822058, -6.404998044895913, -6.836514065352723, -6.513964499049653, -6.348712513448631, -6.932699611810061, -6.912959342951885, -6.481826770348291, -6.660545448594315, -6.699762410055453, -6.239590879271435, -6.239590879271435, -6.2515565505826425, -6.092898814239086, -5.886248277553889, -6.202572659144718, -6.271907758447409, -6.6340065139168605, -5.797093415760061, -6.455841610176195, -5.242883933529283, -7.028779999951614, -6.878419178348482, -6.629562696334766, -6.354611451953398, -6.762253969819792, -6.710031190460928, -5.438693545975086, -5.406063377544249, -6.130120693684172, -6.52920759633913, -6.134089142191437, -6.404998044895913, -6.7573852144943825, -6.742390300632789, -5.438693545975086, -5.649521226816432, -5.649521226816432, -6.59582128153047, -6.028755430164652, -6.054132507764076, -5.887800932222594, -5.334968275420221, -5.649521226816432, -5.599230691098521, -6.070352522884101, -6.1744859289509435, -5.476262339423554, -6.442570541991745, -6.669800951844585, -6.41711511635129, -5.939803672328733, -6.061832184355188, -6.246423909845286, -5.939803672328733, -6.2201077786546435, -5.945481862937531, -5.621050105924777, -6.182368965076442, -5.63149789049735, -6.02724665507008, -5.5937611489801, -6.213851727584859, -6.078765231667447, -6.078765231667447, -4.598713276582339, -4.94086728793933, -4.94086728793933, -4.696333498111809, -5.355588666968117, -5.13584763036129, -5.100361641208169, -5.22318479166048, -5.854563110556846, -5.119312033079664, -6.920198256588499, -6.981547395650208, -6.6677564191146805, -5.954904467399723, -6.178377364959431, -6.451666154623013, -5.521731767888069, -5.940849867266478, -6.287708365900324, -6.287708365900324, -5.7260509985076, -5.904238246999819, -5.724859464193605, -6.449481415739058, -5.860362022193737, -6.503145761964454, -6.778922179779343, -5.990011654821452, -6.47620391864425, -5.884253836213162, -5.600182528931816, -5.863760439580837, -6.486644249488924, -5.600182528931816, -5.837761770932643, -5.660248960099513, -6.30274854446194, -6.3343207470369505, -6.017925177338313, -5.634043473653406, -5.982848822134792, -6.7618191791794775, -5.831211602751102, -6.3781833985130705, -6.727427093338459, -6.815270076309616, -5.778053181478645, -6.288317974180413, -5.712103397904584, -6.814244753643832, -5.810222853288194, -5.902532264834943, -5.886665547187842, -6.040815620094253, -6.248812691699389, -6.243320066352924, -6.10862818548734, -5.849394056672034, -6.004199546422541, -6.058115270318663, -6.453157717159222, -6.807393714721184, -6.6931003694276185, -6.224429523308425, -6.7899146386285345, -6.175087585159804, -6.004199546422541, -5.838026522156163, -5.654311536551387, -5.478267191625951, -5.998813786591269, -6.211227487336046, -6.3100322880262585, -5.6109598472622535, -5.710964116194642, -5.8577010389141915, -6.643664209208007, -6.9076838298225836, -6.182399483988636, -6.182399483988636, -5.63423103522489, -6.386237597754095, -7.181313825215, -6.996414441065535, -6.757921332225118, -5.984177715482934, -5.836893155914501, -6.855135375815225, -7.126176105660594, -6.996414441065535, -7.125084170336741, -6.866481964455403, -6.829735967943645, -6.004519981766094, -6.418298753448193, -6.399566604227446, -5.779791085510778, -5.968278465970261, -6.631779034445524, -6.068704990268818, -6.3086397249558335, -6.265071165054709, -6.0472901403920885, -6.62900377334247, -6.749726064289781, -7.1255128353282, -6.734633810896378, -6.941872537866852, -6.054171467228863, -7.009140489137032, -6.5625098584843435, -6.516238738147119, -6.031655525167598, -5.977027650156338, -6.009252824346828, -6.783946369755921, -6.917999264223646, -5.977027650156338, -6.62577550504637, -6.686211392896047, -7.209907753207035, -6.85002902719836, -6.539264922816881, -6.065780769502902, -6.635554496836526, -6.264355250452424, -6.209664122108389, -6.532304628933777, -6.887436212466634, -6.420873010194745, -6.580263635124487, -6.430352753996756, -7.07053264851667, -6.115705050845065, -6.941872537866852, -6.526512049694062, -6.119714351203435, -6.346904109676008, -6.526512049694062, -6.580263635124487, -6.580263635124487, -5.747640179273791, -6.077867122020135, -6.893746881528636, -6.4124115113351, -5.491692161691794, -6.456562252388077, -6.348913654082512, -6.941872537866852, -6.0028390518907235, -6.802604108166921, -7.042702503731697, -6.5264597966134446, -6.450062171289846, -6.889034890539341, -6.368018929089753, -5.519869502303195, -6.872429729622903, -6.350168443509596, -6.580679351285181, -6.701627732805268, -6.631779034445524, -6.689199806201812, -5.446716970757196, -6.716607486857533, -6.03226177333076, -6.79067187123949, -6.524442894428873, -6.704063695320243, -6.8056239454173815, -6.60030854752492, -6.631779034445524, -5.276959804910774, -5.660163956128514, -5.519869502303195, -5.660163956128514, -5.793321623830995, -5.7904760936319235, -5.7904760936319235, -5.870388076435064, -5.749903137566927, -6.339962816658378, -6.339962816658378, -5.760927070953487, -5.760927070953487, -5.315379294760521, -5.7873602684870775, -5.870388076435064, -5.5898230181308985, -6.285112438522266, -5.8764673475755655, -4.460024677470185, -4.460024677470185, -4.7347379390887365, -4.460024677470185, -5.103089299496064, -5.329483747689707, -5.134789027552339, -5.271772260095442, -5.271772260095442, -5.064956207735546, -5.064956207735546, -5.2441612495041685, -5.329483747689707, -6.0088010348255185, -5.01702051497726, -4.460024677470185, -4.474728842097658, -4.460024677470185, -5.138555262101506, -5.473694617190103, -5.054464601748018, -6.9477286502494815, -6.535504214619726, -6.015717267914007, -6.0317249455262125, -6.128893718530398, -5.544962511090828, -5.92556997393368, -5.69437121676132, -5.913180334638794, -5.997153481820324, -6.0260434442272555, -6.035906666210359, -6.533168234256264, -6.01540039445712, -6.03152563763522, -6.078079733014338, -6.838485464669335, -5.889773582279114, -5.935534133527387, -5.985527106450831, -6.331567217783046, -6.248960196067005, -6.029690428709147, -5.938435896128224, -5.410367680711747, -6.789210507555197, -5.800791851466582, -6.895586714525358, -6.0300367216103625, -5.902922844259945, -6.697898041759883, -6.6703716197551195, -5.716850274998873, -5.5077098841206285, -7.401129782398165, -6.772359297062171, -5.944095513734678, -6.762000161737008, -6.069810627624547, -5.970834918095086, -6.90021940913693, -6.4436880345157785, -6.153787655348376, -5.857517978160288, -6.781016432131756, -6.248960196067005, -6.749795960807289, -6.020506497601426, -6.818091041040576, -6.90021940913693, -6.508143598887444, -6.050438619864797, -6.237564391436468, -6.623643786120893, -6.4563827586780995, -6.706183759833391, -6.855226298350029, -5.938427626159131, -6.912874244927943, -6.907586148569043, -6.777193852579573, -6.502805492103182, -5.8115243033466015, -5.9432692048660485, -6.972801623983039, -6.248960196067005, -5.9125247461850075, -5.955504962211631, -6.675981458989859, -6.406558636044037, -5.867411240942823, -5.742824212724998, -7.184698918098586, -6.579992319189689, -6.055219685177423, -5.712691168082276, -6.684377993753456, -6.989814714528858, -6.987688119644175, -5.867840444172362, -6.010652508902962, -6.163065592988132, -6.862645258760138, -6.168068621213484, -5.460219498925547, -6.907586148569043, -5.945348078280159, -6.098565975781217, -6.0294585008392545, -5.955422493618619, -5.955422493618619, -6.70361904013656, -6.402134088595446, -6.7826309169075465, -6.0507672299065485, -6.1560066671978495, -6.993499951816735, -6.862303190610926, -6.094089926751028, -5.824418463939484, -6.517011651573279, -6.589592663049271, -6.589592663049271, -6.265848419099921, -6.131707828919639, -6.097202209363968, -7.093779004050034, -6.5437518582197995, -6.409424631531148, -6.879925084582084, -5.8691368553479695, -5.947313757095937, -6.671486293208636, -6.622611425550131, -7.105275041512284, -6.539860796458416, -6.265848419099921, -5.923807046993462, -6.947000867511854, -6.539860796458416, -7.134763116263534, -6.739100932470638, -7.013540425130897, -6.4563827586780995, -6.73552849914241, -6.36365479713881, -6.658837431689543, -6.1950682784222595, -7.220312326476172, -6.880106667505163, -6.852582904593379, -7.359311673879834, -6.923352533047127, -5.764278814206704, -7.222714538865391, -5.989801648791002, -6.667973286003161, -7.222658369815774, -6.875200723107418, -6.837072300417198, -6.575464359685237, -6.784974589579337, -6.516226200321329, -6.189613935369386, -6.4563827586780995, -6.452834146443123, -6.518606537330513, -6.784974589579337, -6.341014108505673, -5.995613264336128, -6.302246946655461, -6.243145717123103, -5.859298984145225, -5.43327334604037, -6.331351955672544, -6.08951044168075, -6.784974589579337, -6.170201885181706, -6.117242431966974, -6.636389209820438, -7.119682666700629, -6.743436613067705, -6.704688050202929, -5.6942104977597765, -5.960949336609085, -6.298855636434829, -5.615553707508555, -5.469064434265313, -5.320991201497456, -5.615553707508555, -5.116506083723047, -5.972747666639499, -5.7220060652208735, -5.586446677707985, -6.309948541352776, -5.6450314457978985, -5.533753535537225, -5.3109936913744225, -5.945640856504443, -5.6450314457978985, -5.6450314457978985, -5.7220060652208735, -5.7220060652208735, -5.7220060652208735, -5.775023344040691, -5.7814525302832696, -6.190066361353974, -5.673136293071565, -4.311476470756968, -4.970040240579534, -4.858706644186224, -4.970040240579534, -6.719568962895196, -4.767356471557445, -4.765258860793308, -5.0560975749439425, -5.173448649305144, -4.575380530967189, -4.5702946327292935, -4.859757187820161, -5.114611441864623, -6.67783847393385, -7.129631516303075, -6.158194283656815, -7.176538064718231, -6.052145218022881, -6.466042761414013, -5.706104064495092, -6.200975049662838, -5.502016232248371, -6.215470780116533, -5.977963040427705, -6.025397143650093, -6.983861582791111, -6.999627501030458, -6.773765106610721, -5.939208165968157, -5.737014386683753, -6.327861131662609, -5.771678984689052, -5.859521259001042, -6.750819139004125, -6.152473650454626, -5.8006292822282655, -6.0557160766317555, -6.640281878497314, -7.014917361517649, -6.566503553702873, -6.477811476558428, -6.187099695470144, -6.187099695470144, -5.693370380511041, -5.695531561233311, -5.814845742608885, -5.971291650613583, -6.170950801893346, -5.823513329383983, -5.852502642742988, -6.137789213011421, -5.8852247515053415, -5.759933510168548, -5.8852247515053415, -5.84088036065398, -5.996189935842672, -5.9668284553793125, -6.284919282203036, -5.940843384195899, -5.823513329383983, -6.152473650454626, -5.719612944872672, -6.649650739445531, -5.519984510172844, -6.035378904029512, -5.847083792791247, -5.720048728851038, -5.942294776952095, -5.850757195687621, -6.433178854693515, -5.778842330654158, -5.857871514773485, -5.593444479051905, -6.414961587004164, -6.101923820872525, -5.735258778269053, -6.658173581579876, -6.71137319135579, -6.4791808691509996, -6.199995558812884, -6.48170687467121, -6.663603060591484, -6.7520692256947346, -6.165089148795631, -5.990165760930696, -5.954842349714416, -5.641061547623524, -6.532034443443327, -5.841312633038114, -7.105098392205805, -6.857121159641357, -5.730171692997328, -5.921862956534591, -5.874280741297358, -5.569721128099431, -5.726598713442993, -6.212799429636979, -5.932838338976528, -6.025104477707649, -6.270286000052707, -6.026065654448687, -6.530369235515278, -6.181894690793799, -6.3186175365785475, -7.259150968268643, -6.452887011537127, -7.348308475954576, -6.838022795860938, -6.717804202520281, -6.419754473186456, -6.3186175365785475, -6.44771641265954, -6.7410251979552624, -6.575662526035091, -5.817775782072947, -5.913611219346825, -6.905791542623872, -6.5221441086862555, -6.02682545911192, -6.534837715093537, -6.534837715093537, -6.745923791721486, -6.499907575545461, -7.200789603918337, -6.010289628516345, -5.880410348392341, -6.394057136860717, -6.560381493669772, -5.843340108345277, -5.6449454295774295, -6.500867781857333, -5.916594541400006, -7.020978395204105, -7.014917361517649, -6.79689249982586, -6.1467348130228565, -6.75134300626748, -6.8408444499180705, -6.506964978541312, -6.546315341564827, -6.720101575431009, -7.339467006195398, -7.093603736658183, -6.474396083234756, -5.38323242956278, -7.0531643674037365, -6.476785545755106, -7.015828404871983, -5.943410207901145, -7.004906690556972, -6.644755253702755, -6.571419166898034, -5.474687560622596, -7.022658042373778, -5.211573669629277, -6.566503553702873, -6.0065512732846065, -6.359726898828754, -7.1220851371406235, -5.449824462056463, -6.65820541681661, -7.1220851371406235, -6.9134811260963005, -6.9029017454854795, -5.115043145325889, -6.427887225631888, -6.577409202001101, -6.539895213408148, -6.539895213408148, -6.07117254298583, -5.449824462056463, -6.720101575431009, -6.308614887776914, -6.539895213408148, -5.439987481812332, -5.437191845037123, -5.470457742470331, -5.462159998713639, -5.177965824545028, -5.177965824545028, -5.725439422863047, -5.691577064409274, -5.638573844880525, -5.2299109526095515, -5.801118456411062, -5.602486613584481, -5.691577064409274, -5.2299109526095515, -5.337262789335911, -5.644677332064835, -5.685720815654111, -5.644677332064835, -5.685720815654111, -5.3032877535871865, -6.830868097597035, -5.691577064409274, -5.691577064409274, -5.501989965856397, -6.8603250567006855, -5.691577064409274, -6.043642531163078, -4.851926484654097, -6.6599014453137455, -4.7700651559031595, -4.728014920781248, -5.449651961439768, -5.02033178540429, -5.196403571030587, -4.924707366393731, -4.7700651559031595, -4.7700651559031595, -4.7700651559031595, -4.898268994040919, -4.992631263777072, -6.507592613134287, -7.110945012320644, -6.979232563693869, -6.191210657686857, -6.141766600611133, -6.745713275322111, -6.467045277066776, -6.061529481637973, -6.25993186699962, -6.151986580521917, -6.746035247766836, -6.306752746586419, -5.623938822833304, -6.061529481637973, -6.049502315295689, -6.097430504139926, -6.85946708685863, -5.962602019913764, -6.041652220939101, -6.041652220939101, -5.971822528394639, -6.047074774100173, -6.5490984307884155, -5.851062352079731, -5.889811670849045, -5.536616207878881, -6.2483854787272755, -5.876093788523671, -6.549843896498145, -5.799324407552514, -6.066170167636084, -7.04205611521532, -6.8508275788108834, -6.141034959214455, -5.648710100666122, -5.699132656931034, -6.40366687766814, -5.962602019913764, -6.513866240552807, -6.800201266603931, -5.977689453615286, -6.012135894415265, -5.8802924684477205, -5.938517174352932, -6.131753029659814, -6.861783370211712, -6.141034959214455, -5.79484133291948, -5.87265882252514, -6.372093512108985, -5.876093788523671, -6.633654130546692, -6.528681305846995, -6.763873051327512, -6.452544190218226, -5.977689453615286, -5.977689453615286, -6.130784849311201, -5.654658875673147, -5.977661913284043, -6.181992905985736, -6.421516024900855, -6.452544190218226, -6.002086216367471, -6.857311358973936, -5.765020683258091, -6.792087337030657, -6.267972084534813, -6.522992951843267, -6.104448591768795, -5.901506923946029, -5.835211482630284, -6.161346126831439, -6.218750578989296, -5.719945919089456, -5.745561114484263, -5.922227970161245, -5.988340360439669, -6.620515115577357, -6.899775054675743, -6.907734601980924, -6.725284390556837, -5.695732958767659, -5.5668468134778, -6.640808021236793, -5.938836363662814, -6.792087337030657, -6.328083168072665, -5.936409583839806, -6.371823806615309, -6.985131529877414, -5.968908015508871, -5.797602093907974, -6.13466103951847, -5.754212589158287, -6.187313333183353, -6.145345747967679, -6.4104301200206, -6.545773735625171, -6.545773735625171, -6.275261690344313, -6.673316603044148, -6.662354176759324, -6.718748856591172, -6.668811676945601, -6.363852032904907, -6.9071315674255285, -6.933617695420776, -6.425843513315171, -5.788983628916682, -6.716222091482478, -6.920145187535297, -6.944718296177041, -5.915810474808665, -6.062629495779123, -6.775392984978963, -6.351150971406652, -6.480200356120135, -7.009386748868054, -6.452544190218226, -6.479849895855451, -6.101184406611058, -6.421516024900855, -6.98846860459135, -7.021950403485424, -6.139479502731654, -5.8127225947253525, -6.421516024900855, -7.091286308813124, -6.499396488382478, -7.152312548489118, -6.734227113100441, -6.8061590425541905, -6.408315734169458, -6.507592613134287, -6.549334258296189, -6.421516024900855, -6.7079096105740135, -6.479356361473721, -6.4564530979257535, -6.000613579386156, -5.712846354924733, -5.409181629808934, -6.589311621935558, -6.779398591498892, -6.777933797595304, -6.375127149247104, -6.930219541485785, -5.449467415385332, -6.415684371005638, -6.179201673990453, -5.409181629808934, -6.734227113100441, -6.980358363607277, -5.219916556931976, -5.994563967392799, -5.409181629808934, -6.54027831261516, -5.409181629808934, -5.449467415385332, -5.449467415385332, -6.040964183163535, -6.030102040287747, -6.030102040287747, -5.71918853979358, -5.741949600733304, -5.71918853979358, -5.71918853979358, -5.79541250844708, -5.71918853979358, -5.663849529767402, -6.040464975478711, -5.789616162440106, -5.918032557552608, -6.0172012950503415, -5.71918853979358, -5.663849529767402, -6.40826599442692, -6.40826599442692, -6.4400433525568666, -5.675697989925955, -5.979741489426016, -5.71918853979358, -5.71918853979358, -5.685090096443581, -5.685090096443581, -4.601548069990082, -4.616113988264453, -4.979475690063088, -6.719533071024669, -6.719533071024669, -4.7709111378870555, -5.036940211077528, -5.091004230642316, -5.123743530527049, -4.919055761375583, -5.150421399353835, -5.125628665757652, -5.036940211077528, -4.658942422577781, -5.266383284589507]","0     -7.22
1     -6.21
2     -7.24
3     -5.92
4     -5.96
       ... 
247   -6.00
248   -3.99
249   -5.24
250   -4.77
251   -4.71
Name: Permeability, Length: 252, dtype: float64","[array([-6.5139645 , -6.32067538, -5.73795609, -5.89997669, -5.96622733,
       -6.89401457, -6.06170098, -6.95977347, -6.29875792, -6.46418823,
       -6.05849929, -5.73651508, -6.07672048, -5.87999679, -5.89119245,
       -5.81098229, -6.42088066, -7.00455179, -5.60856844, -6.23692015,
       -5.89348111, -6.49014024, -5.82048717, -6.34469497, -5.62425601,
       -5.89610899, -6.16232276, -5.95463081, -6.17067386, -5.77260896,
       -6.63979263, -6.74197861, -5.72053788, -6.50366589, -5.87520058,
       -6.82357314, -6.19300716, -5.76295713, -5.81317824, -5.76852857,
       -6.19601385, -6.11155234, -5.95340852, -6.34469497, -6.21144441,
       -6.07652604, -6.53280872, -5.8522288 , -6.29413437, -5.90138828,
       -6.90027005, -6.75765719, -5.66328225, -5.53732583, -6.19601385,
       -6.23338121, -6.70410435, -6.59146395, -5.9221809 , -6.69976241,
       -5.71625735, -6.59146395, -5.75431732, -5.63391527, -6.09005964,
       -6.05413251, -6.36467913, -5.41705974, -6.08906915, -6.12818841,
       -5.94912315, -6.77131327, -6.03474531, -6.96404807, -6.04090725,
       -6.00053061, -6.02303589, -5.86817726, -6.34871251, -6.55828947,
       -5.97620098, -5.70553652, -5.93500716, -6.58136414, -5.99693815,
       -5.83271816, -7.07541665, -5.84766565, -7.2104529 , -7.24368968,
       -6.94307803, -7.0304012 , -5.68763332, -5.9949358 , -6.72110627,
       -6.80153415, -6.09046695, -6.51589752, -5.90759758, -5.74402993,
       -7.01655883, -6.76225397, -7.0304012 , -5.80944703, -5.83499578,
       -6.19479185, -5.76422127, -6.63400651, -6.67373188, -6.91773267,
       -5.81244367, -6.34012461, -6.34871251, -5.92151099, -6.30432195,
       -6.33104807, -6.81771157, -6.47501027, -6.47501027, -5.99018066,
       -6.54357499, -6.53528021, -6.19744857, -6.74988484, -6.26493576,
       -6.21115483, -6.5292076 , -6.52070326, -6.70436133, -6.52070326,
       -6.84489171, -6.350689  , -6.15312087, -6.28430868, -6.55811884,
       -6.91703305, -6.53528021, -6.08271629, -6.48081103, -7.06059639,
       -7.18678492, -6.42975795, -6.65783089, -7.21430648, -6.39941907,
       -5.79363143, -6.8937768 , -5.94845835, -5.84856564, -6.28430868,
       -6.13351146, -7.21026917, -6.42276504, -5.36041026, -6.79447839,
       -6.77505932, -6.64498962, -6.35616792, -6.19938778, -6.96338126,
       -5.95916875, -6.95781853, -6.48081103, -6.75738521, -6.65430586,
       -6.39284486, -6.84113836, -6.64641042, -6.07405849, -6.69976241,
       -6.81866059, -5.36041026, -7.01727166, -6.30187461, -6.39679984,
       -6.31544606, -6.00154045, -6.02591635, -6.2773232 , -5.99040869,
       -5.8110352 , -6.48081103, -6.17626725, -6.16941219, -5.36041026,
       -6.52070326, -6.80071148, -7.02695936, -6.14418659, -5.64779594,
       -6.44088528, -6.40499804, -6.03042567, -5.36041026, -6.73233261,
       -5.85771314, -6.77969828, -5.52061999, -5.96013554, -6.16199628,
       -6.09283971, -6.25909084, -6.76225397, -5.64952123, -6.16979329,
       -6.59582128, -5.30683426, -6.59983765, -6.44257054, -5.17935193,
       -5.68065491, -6.2104108 , -5.44772989, -6.07035252, -5.47626234,
       -6.44257054, -5.79001127, -6.22052132, -5.12751694, -6.03718976,
       -5.98162371, -6.05409459, -6.22010778, -6.22010778, -6.07035252,
       -6.07035252, -6.07035252, -6.18236897, -6.07035252, -6.24642391,
       -6.07035252, -5.74981182, -5.59376115, -6.04946398, -4.83490598,
       -4.94086729, -4.815871  , -4.94086729, -6.72013251, -4.84407209,
       -4.41352184, -5.35558867, -5.13584763, -4.92105025, -5.10036164,
       -5.03850259, -5.22318479, -4.6963335 , -4.68031329, -5.08723733,
       -5.05728724, -4.8957142 ]), array([-6.47101094, -6.60273148, -5.81022285, -5.95490447, -6.08424733,
       -6.91730026, -5.84370437, -6.97681299, -6.16258122, -6.24156613,
       -5.89988369, -5.91491356, -6.39600033, -5.90885683, -5.93070785,
       -5.84165066, -6.41819862, -6.99014974, -5.66734326, -6.33578753,
       -5.84578474, -6.55120193, -5.74738571, -6.26382911, -5.67817982,
       -6.01081832, -6.19275788, -6.04303914, -6.17050579, -5.75942373,
       -6.71039234, -6.70054607, -5.72187045, -6.28831797, -5.88324654,
       -6.28529686, -6.14275588, -5.75549068, -5.95857637, -5.63901746,
       -6.18239948, -6.0564474 , -6.00419955, -6.26382911, -6.18749599,
       -6.035833  , -6.34184246, -5.94152465, -6.01091481, -5.90783973,
       -6.78991464, -6.64689174, -5.89135869, -5.52077581, -6.18239948,
       -6.30028638, -6.40794981, -6.51351052, -5.92684967, -6.91933462,
       -5.77805318, -6.51351052, -5.66643439, -5.69496343, -5.87158768,
       -5.80381192, -6.32776106, -5.40333982, -6.14476634, -6.0752263 ,
       -5.83140379, -6.63177903, -5.94691427, -6.91634526, -6.02204377,
       -5.85174499, -6.05982217, -5.88666555, -6.44467785, -6.63247244,
       -6.03802468, -5.71261308, -5.95336742, -6.50748755, -5.89540003,
       -6.05696904, -7.0427025 , -5.84716542, -7.18131383, -7.13350346,
       -6.89417908, -6.97626748, -5.56423587, -5.79560864, -6.69966964,
       -6.73529273, -6.11710095, -6.68944471, -5.78922896, -5.61483197,
       -6.99582304, -6.77296781, -6.97626748, -5.80296375, -5.86098535,
       -6.15136108, -5.79639475, -6.75531449, -6.73463381, -6.76409407,
       -5.62384429, -6.41829875, -6.44467785, -6.12800929, -6.1694512 ,
       -6.48183417, -6.90008195, -6.56561979, -6.56561979, -5.97503112,
       -6.59183772, -6.29739647, -6.18360631, -6.79067187, -6.28301781,
       -6.12354703, -6.50554911, -6.50634028, -6.76426534, -6.50634028,
       -6.82095519, -6.28722751, -6.3174017 , -6.29628516, -6.50771021,
       -6.91266358, -6.29739647, -6.07018875, -6.56250986, -6.99361218,
       -7.17720955, -6.40027052, -6.71949583, -7.11407668, -6.45631333,
       -5.69971545, -6.5946356 , -5.97702765, -5.93391393, -6.29628516,
       -6.08338881, -7.33924783, -6.60413726, -5.38746717, -6.93624525,
       -6.69903114, -6.59713198, -6.69811688, -6.14732857, -6.85289389,
       -6.00730938, -6.99640086, -6.56250986, -6.78982892, -6.6791902 ,
       -6.38421583, -6.65221856, -6.64736369, -6.12999312, -6.91933462,
       -6.88538739, -5.38746717, -6.97004882, -6.56836229, -6.38391188,
       -6.53191323, -6.05295132, -6.12314694, -6.09132876, -6.45656225,
       -5.77997477, -6.56250986, -6.14500796, -6.34891365, -5.38746717,
       -6.50634028, -6.78860086, -7.096783  , -6.22603016, -5.49512565,
       -6.41570847, -6.68919981, -6.03226177, -5.38746717, -6.71660749,
       -5.73969457, -6.82973597, -5.59062479, -6.11613135, -6.18766448,
       -6.17438267, -6.21923805, -6.77296781, -5.66016396, -6.11379277,
       -5.98271639, -5.30580339, -6.59982165, -6.33996282, -5.12022155,
       -5.35554489, -6.07739393, -5.24395324, -5.87038808, -5.20986325,
       -6.33996282, -5.2692988 , -6.15659309, -5.07290696, -5.98297256,
       -5.5057582 , -6.00873638, -5.76092707, -5.76092707, -5.87038808,
       -5.87038808, -5.87038808, -6.22038163, -5.87038808, -6.01225735,
       -5.87038808, -5.80653154, -5.58982302, -5.93176883, -4.52463932,
       -4.96947875, -4.47923614, -4.96947875, -6.71968278, -4.47472884,
       -4.39533365, -5.14355475, -5.22024833, -5.06765106, -5.1500258 ,
       -5.24416125, -5.23549426, -4.46002468, -4.45965299, -4.95835958,
       -4.92197481, -4.69598086]), array([-6.45638276, -6.51390171, -5.80069318, -5.78775585, -5.89247784,
       -6.9314511 , -5.95024988, -6.89121524, -6.16935604, -6.32494016,
       -6.02147399, -5.68332065, -6.04441973, -5.86651849, -5.88520446,
       -5.81337445, -6.02604344, -7.04233698, -5.6676842 , -6.4345237 ,
       -5.9684402 , -6.52142774, -5.79822825, -6.13524307, -5.63069704,
       -5.7960664 , -6.21214101, -5.86612377, -6.2489602 , -5.79019294,
       -6.70807088, -6.99349995, -5.97958386, -6.47142934, -5.86741124,
       -6.49836839, -6.15972321, -5.71803521, -5.77729165, -5.70977085,
       -6.23756439, -6.09729091, -5.9668122 , -6.13524307, -6.1782951 ,
       -6.02963042, -6.52100696, -5.92953075, -6.0400608 , -5.92911712,
       -6.90021941, -6.78414941, -5.83463861, -5.49753047, -6.23756439,
       -6.26971466, -6.54092876, -6.50440054, -5.9002303 , -7.03144299,
       -5.71603972, -6.50440054, -5.73139518, -5.65030636, -5.97083492,
       -5.80106261, -6.27413179, -5.39916862, -6.17579125, -6.21607269,
       -5.92033767, -6.74061805, -5.97302856, -6.91087159, -5.96630927,
       -5.96337483, -6.05972624, -5.87173019, -6.45283415, -6.57402505,
       -6.01035914, -5.83460556, -5.92265238, -6.57981289, -5.86810172,
       -6.08578606, -7.05558983, -5.936735  , -7.17014374, -7.14110131,
       -6.7904588 , -6.86230319, -5.60973948, -5.92023525, -6.63909001,
       -6.62624852, -6.13005238, -6.66453842, -5.64036757, -5.45749597,
       -7.10590064, -6.7355285 , -6.86230319, -5.9891012 , -5.83430529,
       -6.07484942, -5.80212516, -6.73377618, -6.78263092, -6.91193573,
       -5.70756013, -6.3400099 , -6.45283415, -5.8205854 , -5.98791166,
       -6.48640592, -6.84443972, -6.58959266, -6.58959266, -5.9904719 ,
       -6.55887502, -6.40468253, -6.11000332, -6.78497459, -6.19719403,
       -5.86913686, -6.51675745, -6.5241666 , -6.67530492, -6.5241666 ,
       -6.74952475, -6.29390035, -6.22948173, -6.26584842, -6.53579547,
       -6.8522554 , -6.40468253, -5.92380705, -6.58032379, -7.0087481 ,
       -7.18884395, -6.38829158, -6.75943424, -7.14740399, -6.64218168,
       -5.69999039, -6.65883743, -6.01016775, -5.98667945, -6.26584842,
       -6.19506828, -7.37782229, -6.58629525, -5.41686766, -6.94107486,
       -6.65781112, -6.515479  , -6.75599145, -6.13008574, -6.88010667,
       -5.99547979, -7.04641358, -6.58032379, -6.77719385, -6.63564812,
       -6.38673176, -6.802705  , -6.65539567, -6.12256913, -7.03144299,
       -6.9239481 , -5.41686766, -6.98420402, -6.60327111, -6.34325906,
       -6.43562749, -5.99653564, -6.05990937, -6.29775381, -5.99003819,
       -5.85929898, -6.58032379, -6.14154728, -6.35469655, -5.41686766,
       -6.5241666 , -6.83618835, -7.16900468, -6.2113269 , -5.53892041,
       -6.46440923, -6.73847977, -6.00631093, -5.41686766, -6.78964261,
       -5.80468281, -6.8022703 , -5.51994931, -6.02306885, -6.18730804,
       -6.12005374, -6.23388992, -6.7355285 , -5.61555371, -6.10773516,
       -6.19765629, -5.33405899, -6.59991526, -6.33992385, -5.11963231,
       -5.82085606, -5.97725235, -5.58644668, -5.72200607, -5.53375354,
       -6.33992385, -5.26644962, -6.13426984, -5.05855189, -5.97448359,
       -5.5035895 , -5.99739238, -5.94564086, -5.94564086, -5.72200607,
       -5.72200607, -5.72200607, -6.28498861, -5.72200607, -5.98839918,
       -5.72200607, -5.88733606, -5.67313629, -5.87883653, -4.89520843,
       -4.97004024, -4.84266566, -4.97004024, -6.71956896, -4.80527759,
       -4.39470677, -5.12913849, -5.09053741, -4.90964668, -5.09155507,
       -5.0359688 , -5.21758037, -4.57029463, -4.58499053, -4.84074466,
       -4.82593314, -4.80837159]), array([-6.46762632, -6.48991817, -5.75993351, -5.75009705, -5.80965375,
       -7.05952305, -5.92249141, -7.00546931, -6.16890076, -6.11060529,
       -5.92414894, -5.77147533, -5.96013416, -5.86710881, -5.87571994,
       -5.81591563, -6.4182729 , -6.99027913, -5.70131844, -6.47698658,
       -5.88401963, -6.40974995, -5.74562006, -6.26253683, -5.67321577,
       -5.79998344, -6.17578314, -5.84909627, -6.1709508 , -5.76512044,
       -6.63981887, -6.59176556, -5.69632971, -6.47781148, -5.85250264,
       -6.61608772, -6.1870997 , -5.80485233, -5.77641869, -5.73077376,
       -6.16508915, -6.11207241, -5.96682846, -6.26253683, -6.14333836,
       -5.94336622, -6.4930301 , -5.8507572 , -6.14883902, -5.93450593,
       -6.89985172, -6.69717766, -5.92551339, -5.62699186, -6.16508915,
       -6.25763318, -6.61936446, -6.42319015, -5.88418735, -6.79174987,
       -5.71649634, -6.42319015, -5.71075849, -5.64913321, -5.9040011 ,
       -5.78599749, -6.26882516, -5.61365465, -6.12847896, -6.26863873,
       -5.92406089, -6.78825073, -5.96969121, -6.95785495, -6.18505081,
       -5.90757487, -6.06001569, -5.88522475, -6.43546843, -6.59064657,
       -6.00605923, -5.74448069, -5.90977985, -6.50738241, -5.94778556,
       -6.04092442, -7.07113639, -5.84141975, -7.16992308, -7.24590017,
       -6.95806493, -7.05459419, -5.58054438, -5.81499885, -6.69023595,
       -6.73712724, -6.07776654, -6.60846756, -5.80037995, -5.64352312,
       -7.08831202, -6.72010158, -7.05459419, -5.70522618, -5.94526884,
       -6.13081787, -5.81561461, -6.72293268, -6.70138867, -6.95983562,
       -5.66988223, -6.48170687, -6.43546843, -5.88139174, -6.38363498,
       -6.60533852, -6.847303  , -6.56650355, -6.56650355, -6.08382195,
       -6.53138174, -6.49990758, -6.1751946 , -6.78988088, -6.24402143,
       -6.28579966, -6.54689698, -6.57948172, -6.69749672, -6.57948172,
       -6.86929347, -6.23114832, -6.17856144, -6.31861754, -6.58121743,
       -6.88739271, -6.49990758, -6.07007425, -6.53203444, -6.65077968,
       -7.22056746, -6.13348396, -6.62116258, -7.29550461, -6.38761648,
       -5.88041035, -6.84165299, -6.02682546, -6.09156557, -6.31861754,
       -6.26434041, -7.2146063 , -6.71546198, -5.44982446, -6.94341019,
       -6.76215601, -6.57178871, -6.50796044, -6.21592536, -6.9180678 ,
       -6.02451247, -7.03742749, -6.53203444, -6.75749109, -6.58405707,
       -6.44771641, -6.76230366, -6.647663  , -6.1447571 , -6.79174987,
       -6.67368141, -5.44982446, -7.0209784 , -6.3945504 , -6.37129561,
       -6.52361015, -6.0157785 , -6.10313086, -6.29963204, -5.98995142,
       -5.75675569, -6.53203444, -5.91567289, -6.37156386, -5.44982446,
       -6.57948172, -6.82754397, -7.05714234, -6.22413521, -5.51629972,
       -6.37740181, -6.53989521, -6.01824923, -5.44982446, -6.83014293,
       -5.76397243, -6.81399219, -5.48837326, -6.03027274, -6.13643802,
       -6.15509805, -6.22181599, -6.72010158, -5.49977512, -5.86797275,
       -5.92013713, -5.22577331, -6.17171744, -5.63857384, -5.12001335,
       -5.3123662 , -5.97312596, -5.25182028, -5.69157706, -5.20962812,
       -5.63857384, -5.22991095, -5.80111846, -4.98549289, -5.88929131,
       -5.58750944, -5.90788859, -5.68572082, -5.68572082, -5.69157706,
       -5.69157706, -5.69157706, -6.20927216, -5.69157706, -6.08253877,
       -5.69157706, -5.8002435 , -5.63658411, -5.89104701, -4.86246564,
       -4.96927709, -4.84176039, -4.96927709, -6.65990145, -4.84019487,
       -4.40613143, -4.95960036, -5.02033179, -5.07253325, -5.04939968,
       -4.92499163, -5.16318713, -4.77006516, -4.74552665, -4.99072962,
       -5.03063137, -4.93091129]), array([-6.42151602, -6.50513703, -5.74066493, -5.89854277, -5.96491335,
       -7.00218441, -5.88960576, -7.02375768, -6.22347192, -6.46840976,
       -6.03690191, -5.66515931, -6.11574459, -5.81272259, -5.89768438,
       -5.78686228, -6.41256859, -7.03579396, -5.6436614 , -6.34300527,
       -5.89032302, -6.46396101, -5.80961178, -6.19775334, -5.6646758 ,
       -5.84020102, -6.17328756, -5.84642067, -6.15198658, -5.83908743,
       -6.74603525, -6.70655731, -5.97471839, -6.4101367 , -5.83636095,
       -6.44788298, -6.14188772, -5.76916336, -5.76644507, -5.74436033,
       -6.14103496, -6.10030312, -5.96260202, -6.19775334, -6.01104829,
       -6.06920154, -6.40184079, -5.87609379, -6.33571825, -6.11671161,
       -6.89964988, -6.84484621, -5.92498686, -5.5153418 , -6.14103496,
       -6.21875058, -6.39261638, -6.44455596, -5.93907021, -6.79499291,
       -5.71628913, -6.44455596, -5.71053665, -5.65465888, -6.06617017,
       -5.80888346, -6.31282995, -5.40824103, -6.12738508, -6.12796305,
       -5.95338842, -6.72548281, -5.84862058, -6.97159405, -6.02203784,
       -5.97883395, -6.13078485, -5.88029247, -6.43985106, -6.76543638,
       -5.99773663, -5.78557881, -5.88662443, -6.46221945, -5.96528503,
       -5.97701248, -7.09002071, -5.8475667 , -7.15705489, -7.18316879,
       -6.84035002, -6.91334819, -5.57249767, -5.77174764, -6.73247372,
       -6.70018928, -6.01409268, -6.6045265 , -5.79805402, -5.63714543,
       -7.06668876, -6.73291376, -6.91334819, -6.08433743, -5.84555144,
       -6.08007121, -5.7810322 , -6.70492161, -6.6733166 , -6.90490266,
       -5.66236421, -6.48190243, -6.43985106, -5.8919426 , -6.35422912,
       -6.32721198, -6.8008101 , -6.55275452, -6.55275452, -5.99461478,
       -6.49498901, -6.38025933, -6.30538152, -6.7779338 , -6.28996612,
       -6.27027163, -6.48054175, -6.52415391, -6.66235418, -6.52415391,
       -6.84581346, -6.31993948, -6.30572364, -6.27634508, -6.51141823,
       -6.89977164, -6.38025933, -6.07038856, -6.50759261, -6.860021  ,
       -7.19591661, -6.46499258, -6.83428869, -7.15916524, -6.36366607,
       -5.6978847 , -6.66881168, -5.9390102 , -5.7883853 , -6.27634508,
       -6.19147846, -7.21600712, -6.49530251, -5.40918163, -6.78319104,
       -6.73028356, -6.55825479, -6.41280545, -6.2521475 , -6.89977505,
       -5.96513591, -7.00209135, -6.50759261, -6.73422711, -6.54933426,
       -6.41043012, -6.77811637, -6.62284579, -6.11117501, -6.79499291,
       -6.71913114, -5.40918163, -6.95963563, -6.4520654 , -6.33187407,
       -6.41086144, -6.00701889, -6.03892284, -6.30846967, -5.99031969,
       -5.74149666, -6.50759261, -6.18094685, -6.2342467 , -5.40918163,
       -6.52415391, -6.80833993, -7.03846324, -6.17920167, -5.61521952,
       -6.41905273, -6.54027831, -5.96831544, -5.40918163, -6.75193737,
       -5.71284635, -6.76721456, -5.53810117, -5.95680398, -6.17296038,
       -6.09174468, -6.24957725, -6.73291376, -5.64043489, -6.02528683,
       -6.08649855, -5.30297456, -6.04096418, -6.03010204, -5.7419496 ,
       -5.35576944, -5.94368196, -5.21741666, -5.71918854, -5.20948377,
       -6.03010204, -5.78961616, -6.18486211, -5.93213373, -6.01519445,
       -5.54478107, -6.0403877 , -5.82208568, -5.82208568, -5.71918854,
       -5.71918854, -5.71918854, -6.18436857, -5.71918854, -5.77440842,
       -5.71918854, -5.86822106, -5.6850901 , -5.79678918, -4.77180122,
       -4.97947569, -4.74523925, -4.97947569, -6.71953307, -4.75909867,
       -4.66442206, -5.15518686, -5.1504214 , -4.91905576, -5.09476402,
       -5.01715603, -5.21324498, -4.65894242, -4.77091114, -4.98863055,
       -4.99362786, -4.83997328])]","[-6.46610011 -6.48647275 -5.76989411 -5.85825537 -5.94350392 -6.96089468
 -5.93355048 -6.97140574 -6.20461357 -6.32194191 -5.98818157 -5.75427679
 -6.11860386 -5.8670407  -5.89610182 -5.81375706 -6.33919285 -7.01262232
 -5.65771515 -6.36544465 -5.89640974 -6.48729617 -5.7842666  -6.24081146
 -5.65420489 -5.86863563 -6.18325847 -5.91186213 -6.18261545 -5.7852867
 -6.68882199 -6.7468695  -5.81860806 -6.43027228 -5.86294439 -6.53424182
 -6.16489473 -5.76209974 -5.818382   -5.71849019 -6.18442037 -6.09553324
 -5.97077015 -6.24081146 -6.14632443 -6.03091144 -6.4581058  -5.89002703
 -6.16593345 -5.95791253 -6.87798114 -6.74614444 -5.84795596 -5.53959315
 -6.18442037 -6.2559532  -6.53299275 -6.49542422 -5.91450369 -6.84745656
 -5.72862714 -6.49542422 -5.71468841 -5.65659543 -5.9805307  -5.8507776
 -6.30964542 -5.44829277 -6.13309815 -6.16321784 -5.91566278 -6.73148878
 -5.95459999 -6.94414278 -6.04726979 -5.94041185 -6.06667697 -5.87841804
 -6.4243088  -6.62417398 -6.00567613 -5.75656293 -5.92148625 -6.52765329
 -5.9347021  -5.99868203 -7.06697322 -5.8641105  -7.17777769 -7.18947268
 -6.88522617 -6.96738285 -5.60293014 -5.85950523 -6.69651512 -6.72007839
 -6.0858959  -6.61657494 -5.78712562 -5.61940529 -7.05465666 -6.74475312
 -6.96738285 -5.87821512 -5.86422134 -6.12637829 -5.7918776  -6.7101903
 -6.71314038 -6.89170015 -5.69521891 -6.41240851 -6.4243088  -5.928688
 -6.23990978 -6.44636773 -6.84206927 -6.54989616 -6.54989616 -6.00682408
 -6.5441317  -6.42350522 -6.19432686 -6.7786692  -6.25582703 -6.151982
 -6.51579058 -6.53096915 -6.7007565  -6.53096915 -6.82609572 -6.29658093
 -6.23685788 -6.28828098 -6.53885204 -6.89382327 -6.42350522 -6.04343498
 -6.53265435 -6.91475147 -7.1938645  -6.36335932 -6.71844245 -7.1860914
 -6.44983932 -5.75432646 -6.7315429  -5.98029788 -5.92982198 -6.28828098
 -6.17355748 -7.27159054 -6.56479241 -5.40475024 -6.87967995 -6.72486823
 -6.57752882 -6.54620843 -6.18897499 -6.90284493 -5.99032126 -7.00803036
 -6.53265435 -6.76322524 -6.6205071  -6.4043878  -6.76729639 -6.64393571
 -6.11651057 -6.84745656 -6.80416172 -5.40475024 -6.9904277  -6.46402476
 -6.36542809 -6.44349167 -6.01476496 -6.07020527 -6.2549015  -6.08345605
 -5.78971226 -6.53265435 -6.11188845 -6.29576659 -5.40475024 -6.53096915
 -6.81227692 -7.07767052 -6.19697611 -5.56267225 -6.4234915  -6.58257023
 -6.01111261 -5.40475024 -6.7641326  -5.77578186 -6.79858226 -5.5315337
 -6.01728249 -6.16927344 -6.12682377 -6.23672241 -6.74475312 -5.61308978
 -6.05691616 -6.15656593 -5.2950889  -6.40245124 -6.15822662 -5.25623375
 -5.5050383  -6.036373   -5.34947335 -5.81470245 -5.3277982  -6.15822662
 -5.46905736 -6.09947296 -5.23532048 -5.97982633 -5.62465238 -6.00169993
 -5.88689644 -5.88689644 -5.81470245 -5.81470245 -5.81470245 -6.21627599
 -5.81470245 -6.02080553 -5.81470245 -5.82242879 -5.63567893 -5.90958111
 -4.77780412 -4.96582781 -4.74495449 -4.96582781 -6.70776375 -4.74467441
 -4.45482315 -5.14861382 -5.12347731 -4.9779874  -5.09722124 -5.05215606
 -5.21053831 -4.63113208 -4.64827892 -4.97314035 -4.96589088 -4.83419025]","[0.02966349 0.09177955 0.03016152 0.07664619 0.09088779 0.06111096
 0.07324915 0.04581728 0.05196925 0.13624923 0.06375474 0.08876051
 0.14786962 0.03119994 0.01875291 0.0174005  0.15659822 0.02231257
 0.03067975 0.0838035  0.03987585 0.04861059 0.03163223 0.0704163
 0.02234012 0.07969774 0.01742437 0.07661684 0.03395604 0.02882668
 0.04222402 0.13317557 0.12977794 0.07732654 0.01672156 0.17951585
 0.02158502 0.02779848 0.07187256 0.04408159 0.03230718 0.02041421
 0.01741764 0.0704163  0.0710864  0.04740644 0.07408064 0.03841226
 0.13071287 0.08036973 0.04403385 0.06865538 0.09809632 0.0455086
 0.03230718 0.02846458 0.12011952 0.05905363 0.01968597 0.1154874
 0.02471344 0.05905363 0.02901964 0.02042293 0.08619754 0.10196289
 0.03548109 0.08289529 0.02811184 0.06945455 0.04412433 0.05453321
 0.06046707 0.02536727 0.0732826  0.05395906 0.03508287 0.00731392
 0.03823478 0.0748381  0.02000163 0.0481951  0.02259633 0.04627015
 0.04681897 0.09031332 0.01636129 0.03638806 0.01805314 0.04824029
 0.06281274 0.07157869 0.04504553 0.08461036 0.03238755 0.05719581
 0.04041345 0.05992885 0.08526541 0.09237232 0.04199104 0.0196739
 0.07157869 0.13791238 0.04165774 0.04499741 0.01772771 0.04144052
 0.04139557 0.06661416 0.06435785 0.06345531 0.03823478 0.10493219
 0.14583706 0.10547924 0.0337464  0.03928083 0.03928083 0.03907155
 0.03184684 0.0853919  0.06314161 0.01509042 0.03336161 0.1524539
 0.02234246 0.0251323  0.03515541 0.0251323  0.04122539 0.03962172
 0.06587043 0.01814298 0.02792063 0.02323047 0.0853919  0.06000962
 0.03599981 0.14764935 0.01462855 0.11795324 0.07515174 0.06352196
 0.10087339 0.07288686 0.11524667 0.03401807 0.10584653 0.01814298
 0.06125274 0.07205515 0.09971192 0.02987605 0.07429661 0.04266863
 0.04287158 0.15649904 0.04478366 0.03719662 0.02485569 0.03171501
 0.03599981 0.01903027 0.04734869 0.02351919 0.06338977 0.01102618
 0.0238621  0.1154874  0.09530154 0.02987605 0.02472298 0.11093985
 0.02440329 0.07969893 0.02013168 0.03723713 0.08242022 0.18655318
 0.04195874 0.03599981 0.09938892 0.07974047 0.02987605 0.0251323
 0.01740491 0.05145377 0.03127415 0.05879517 0.02891831 0.11901201
 0.02334895 0.02987605 0.04105295 0.05089329 0.02263695 0.03361851
 0.05813218 0.01901679 0.03314386 0.01550175 0.0196739  0.05854445
 0.10512734 0.23902525 0.03643695 0.2452833  0.29439712 0.24394506
 0.20607477 0.09803973 0.14416677 0.14236098 0.14582889 0.29439712
 0.26226465 0.15194272 0.35134297 0.05054998 0.18109644 0.0512066
 0.18709412 0.18709412 0.14236098 0.14236098 0.14236098 0.03729639
 0.14236098 0.15267575 0.14236098 0.04965485 0.03925609 0.08254729
 0.13292135 0.01305576 0.13751678 0.01305576 0.02393211 0.13838748
 0.10503463 0.1257082  0.06628375 0.07531762 0.03201009 0.10460424
 0.02482653 0.10705697 0.11411148 0.07913853 0.08346347 0.08116901]"
10,MLPRegressor,"[-6.7196482820841545, -7.360146571728707, -7.360146571728707, -6.7117289288558935, -6.701428670739272, -5.723802278082373, -5.956708190526226, -6.357937470612735, -6.392346684437302, -6.2406888776505784, -6.6050042403771645, -5.767526024080777, -5.913487920407565, -5.5946973578780375, -6.750640327904521, -5.983911955600878, -5.943902407149838, -5.962884732093259, -6.750640327904521, -5.9212923917474125, -6.098309050310426, -6.450763490650725, -5.885222024589257, -6.388488495882616, -6.392583869303894, -6.24341521174233, -6.085466499405646, -5.737777998050414, -6.903462422014337, -3.4, -5.981223147989036, -6.401824408556569, -6.408588448780811, -6.034599485568851, -6.038503938216604, -6.2302195923083294, -6.096471411531947, -5.0229171098311935, -5.963619823114381, -7.218317993134011, -5.976715066811221, -6.032958805681846, -6.881129380278422, -6.824113470212921, -6.435118403655903, -5.815646679162973, -6.161445842427505, -6.505554932858547, -6.474047844239675, -6.331408259659345, -6.2695447151203885, -5.533415875080035, -6.753764040046826, -6.52649445817696, -6.742254988664365, -6.231367590900545, -6.590973619234733, -6.206317085500209, -6.892548404027527, -4.963683463602121, -5.693508187199328, -6.35234496587788, -5.899160352730502, -6.68811434859018, -5.396562217228873, -5.893728182661291, -5.62252862445168, -6.474228632732532, -6.49698179868015, -6.132772172826699, -6.6230982866888874, -6.48498952737449, -6.526041729387453, -7.1438502915120585, -6.843941669935014, -5.57565475889977, -6.896071998380635, -6.645224830800276, -6.378891782511665, -6.789114332685668, -6.18433916608675, -6.341833126018182, -6.5129137619220066, -7.691705856386782, -6.440900228429033, -5.776474403602215, -5.020592239793137, -6.9267396598159765, -6.782647533753015, -5.911067570917886, -6.425076750676991, -5.827685944289054, -5.849251570916463, -6.402710205644292, -5.562407216804279, -5.673699111825774, -6.911536292917121, -5.487517025689116, -6.197296898560398, -6.92352842573826, -6.549017378468982, -6.723972412465853, -5.371314809530093, -6.266923104194148, -7.745641786789718, -7.068684860569733, -5.848869056153653, -5.9833397930428305, -6.625132213226325, -6.723972412465853, -6.97718898647844, -6.8928022649682905, -6.723972412465853, -6.472459370730937, -6.473410201710414, -7.14061715034374, -7.00419595192934, -6.501115927283641, -6.2695447151203885, -6.757968771213353, -5.68675108636308, -6.7009566641584986, -6.758817407994726, -6.683956693548997, -6.260899275862679, -6.722264355181275, -6.092331686013634, -6.285536391143341, -6.6966080926343325, -6.8366566551858465, -6.440900228429033, -6.1023102000342915, -6.919530885222986, -6.78224200791943, -6.326522563007705, -6.538465498386318, -6.468878896033002, -7.171809000613247, -7.171809000613247, -7.347060900207344, -6.236270057765778, -6.402550401713751, -7.052922254708249, -6.823828863525603, -6.6739987819509965, -6.440881787006556, -6.6999783053281226, -4.98246242857576, -6.850304098751367, -6.528166859650097, -6.468042361200582, -6.124228711604856, -6.6805033377115155, -6.475959579353199, -5.976618461978053, -4.920728275697331, -6.334800594532182, -6.468444191994758, -5.436324047788546, -6.6966080926343325, -6.66983840816134, -7.96284019840749, -5.976618461978053, -6.079047368084134, -6.079047368084134, -7.296141862717243, -3.4, -3.4, -3.4, -5.089723402645048, -6.079047368084134, -3.4, -5.954897658216521, -5.705314594484312, -5.273247483878695, -6.392867658259303, -6.633782107122964, -5.426797305717658, -5.8445930615109, -3.4, -6.727461911546355, -5.8445930615109, -5.648806787888209, -3.4, -5.807915139991027, -5.241916433277777, -6.043352110019737, -5.648578998368989, -5.587372703077087, -6.193625996752232, -3.4, -3.4, -3.685775403438161, -4.796383438397256, -4.796383438397256, -4.194662590379525, -5.373977504483125, -4.8747413374653075, -4.932986355720924, -5.345926476402366, -3.4, -4.422989803821074, -7.297192949959541, -7.628146464500868, -6.621652871517004, -3.944103639512183, -3.7628087845650477, -6.719027232281891, -5.648695016890412, -6.312092271152748, -4.7048095331649105, -4.7048095331649105, -6.0459780168561394, -5.51160061520516, -10.0, -6.2755050332966995, -5.776241470952633, -6.720110110482945, -6.781240755185697, -5.792417818611488, -6.5793609314443025, -5.998634421298312, -5.690115368656653, -5.905080715514192, -6.624255820687561, -5.690115368656653, -5.7681581021387585, -5.711432207277469, -5.85098615675751, -5.682705687857457, -4.812368298399247, -5.580416277751297, -3.4, -6.730138142459088, -6.321697848795799, -6.658477009641246, -6.91815472615177, -7.130195714012512, -5.7516881608293575, -6.353742459885955, -5.6675059505055625, -7.411079415364181, -5.613206568377007, -5.770060033885335, -5.727238851545107, -5.160312010813108, -5.78692978887828, -6.050039708400967, -6.120069014461998, -5.71267661145738, -6.119087827287058, -5.982911459605421, -4.769827771298716, -7.182679475029199, -6.168910897045042, -5.461575440273909, -6.90668012384667, -5.9794948349660935, -6.119087827287058, -6.26175489819135, -5.943955110415156, -5.704460215332314, -6.0394322765728665, -6.6002814270334955, -6.198799964249155, -5.4741625890209, -5.670390174390174, -5.8271195765476245, -6.750434551001085, -6.610792431787835, -6.334436377914389, -6.334436377914389, -5.540551277388946, -6.3278014219074175, -7.464852775328935, -6.949724415952997, -6.576583843134677, -5.951209527270156, -5.676644877199937, -6.676602981623506, -7.367050539549557, -6.949724415952997, -7.190842576743896, -6.785266042281271, -6.977615049627135, -5.574065962651745, -5.923094356116261, -6.575414211655866, -5.584852545684238, -5.867466610301555, -6.875124895058815, -5.083377973222021, -5.481691687643278, -6.159066384355557, -5.322081220990885, -6.469153637302061, -6.300662643299034, -7.1285245058162126, -6.739027785043407, -6.958824872449081, -5.957921488019043, -6.932334313036039, -6.551332050717375, -6.624462018947892, -6.080031454403479, -5.6447835280935825, -6.1367306445435785, -7.001440703777287, -7.380181312904916, -5.6447835280935825, -6.918306365803813, -6.069592322842682, -7.399076971897559, -6.98635130958611, -7.0419830373524235, -6.1582853085530225, -5.95884777066238, -6.1831402059332286, -5.858306241966357, -6.40613526998914, -7.051236652943196, -6.0251140040699385, -6.5296225427589, -5.946961967351469, -7.307495011850695, -6.242063757279867, -6.958824872449081, -6.437401774509925, -6.144673602514923, -6.38276786166776, -6.437401774509925, -6.5296225427589, -6.5296225427589, -5.784274172599558, -6.276807610151873, -7.346437743143823, -6.592121477678802, -5.586407766491083, -6.215875417202544, -5.744954989437664, -6.958824872449081, -6.2926333123145675, -6.823829259748291, -7.0566902327872905, -6.441130386560399, -6.565759317243338, -7.093801630710379, -6.419471751170152, -5.587647298953425, -6.893917686473154, -6.743489217507837, -6.866233489370856, -6.851275611669595, -6.875124895058815, -6.7413005560117965, -5.232792207875976, -6.869315670885604, -6.167790603438994, -6.910344769106243, -6.588994882319937, -6.766304971899857, -6.860513937050476, -6.476046053886847, -6.875124895058815, -5.421873714977581, -5.781838657923298, -5.587647298953425, -5.781838657923298, -3.4, -6.845442768908438, -6.845442768908438, -6.181834686976815, -6.84323974159259, -5.593201926311424, -5.593201926311424, -6.7084188871929245, -6.7084188871929245, -4.18449987484807, -5.3228183143122605, -6.181834686976815, -5.256074358756457, -6.872833025076701, -6.034913110752391, -5.0395587864817815, -5.0395587864817815, -4.61411717417893, -5.0395587864817815, -5.241041387796628, -5.0421178000615, -5.123640273029712, -5.330646623522944, -5.330646623522944, -4.602114834041668, -4.602114834041668, -5.472306734385844, -5.0421178000615, -3.4, -4.768901308060597, -5.0395587864817815, -4.7245666507027035, -5.0395587864817815, -4.244721600601456, -3.4, -3.689186156181109, -6.846086938043229, -6.924793740553889, -5.78181166675667, -5.785664498892282, -6.340796918024936, -5.673814267146095, -6.2020132988641885, -5.42279553907589, -6.226963289230831, -6.330374871516889, -5.2930449017559065, -5.253113587867417, -7.425160711042301, -5.619239421056725, -5.574636919733171, -6.099973016192429, -6.473367631427968, -5.616577182820271, -5.811243494354449, -5.9517247406552745, -6.6358570367460645, -6.253549991494766, -5.557239263468982, -5.672775389473251, -5.471909650328825, -6.951544907029641, -5.890701947615766, -7.002759399019278, -5.914991583742544, -5.91245362849314, -6.636966613979989, -6.7585267316330455, -5.87231819796604, -5.13042690707512, -7.162644748183337, -6.745046540362603, -5.56466538139228, -7.674040608033, -5.812430631530819, -6.078830211507939, -6.060421341798892, -6.4677283048262515, -5.6024751844177665, -5.788943424121981, -6.687460906238417, -6.253549991494766, -7.045468420548944, -6.243919246667414, -6.790984278207895, -6.060421341798892, -6.658241655249072, -5.783543055620505, -6.203468440984859, -6.80732900763731, -6.538181284817326, -6.734741081707098, -6.861987652215568, -5.732261984904085, -7.028404185423233, -7.194755105897265, -6.924375699569688, -6.362202994477317, -5.776258180493209, -5.939346243198821, -7.092956474874243, -6.253549991494766, -5.404356518155532, -5.276565518825174, -6.678155868841325, -6.411665931222971, -5.964669779147347, -5.817122654114225, -7.333325949875209, -6.665779503607154, -6.048095773803613, -5.403283415239817, -6.910687961758791, -7.338943252817746, -6.997489561401862, -5.7791850128227935, -3.4, -6.585569075822411, -6.930790940475673, -5.760606467650111, -5.654807353806766, -7.194755105897265, -5.92842636100463, -5.805929606924847, -6.266169220624978, -5.645082762891662, -5.645082762891662, -6.688209498012301, -6.399732346494166, -6.817544300908231, -6.354211502689059, -6.307109259734675, -6.947330432602103, -6.946990353130649, -6.121853354171614, -5.8675189196739295, -6.560148732652419, -6.653993302430798, -6.653993302430798, -6.194233751645622, -6.208626297037198, -6.288111499758654, -7.365015697055182, -6.9705206269934274, -6.554940290298963, -7.274513863980849, -6.139231943424773, -5.844267857382339, -6.611864308818397, -6.786002870625202, -7.185587300772201, -6.52060463713532, -6.194233751645622, -4.515292702519745, -6.958476075724699, -6.52060463713532, -7.357014021306974, -7.054817770670748, -7.076797139935023, -6.538181284817326, -6.947722017071892, -5.963227365321151, -7.1476425841676585, -6.360798944487446, -7.296983746786098, -6.964558035271729, -7.141665539501891, -7.63048040493687, -6.752044435135231, -5.81315556923826, -7.473448680844954, -5.461549543465261, -6.848464988066605, -7.086879862476176, -6.855193127595634, -6.853324863717666, -6.670101695469519, -6.883823763138561, -6.702400896600694, -5.630230206388469, -6.538181284817326, -6.431733871539332, -6.540165304638433, -6.883823763138561, -5.018901472002866, -3.4, -5.105719260428658, -4.851061154975375, -5.868952301688144, -4.693495026612793, -5.690047078228086, -6.351763794185591, -6.883823763138561, -6.265388898107074, -6.138044898420946, -6.955647159991157, -7.212430033801803, -6.958347330655576, -6.777652133940664, -5.719848641434732, -5.883163499135089, -6.57604625398107, -4.937636764556863, -5.211927690122486, -5.026432488867284, -4.937636764556863, -6.926243664338758, -3.4, -5.620411700033946, -5.539325300072828, -5.69980424473402, -5.759282908437918, -5.564388863818407, -7.488625042033809, -5.878660724880199, -5.759282908437918, -5.759282908437918, -5.620411700033946, -5.620411700033946, -5.620411700033946, -6.029240344020649, -5.385094004290072, -5.905878356696909, -5.632614286764382, -5.753125612855496, -5.446322646344216, -5.259522319105833, -5.446322646344216, -5.587340112913779, -4.158467222386552, -5.261947081717934, -5.046763867613081, -4.836683423142918, -5.464568675902137, -5.456261922839913, -5.464990368577713, -5.089325238924871, -6.677922777642222, -7.6562987896761765, -6.24495382122215, -7.174660597577199, -5.958082189042165, -6.9705181421883795, -6.056078621147697, -5.779452175140045, -5.7344943526565535, -6.384793074812104, -6.186744512114294, -5.565269347877325, -7.553474235582321, -7.479542825454918, -7.158902859388315, -5.534360592266007, -4.5107117949167845, -6.449406513429035, -7.7123414350612896, -5.532842348289224, -7.056737933755352, -6.51486264854241, -5.414907186097932, -5.33397006236103, -6.159250171682361, -7.273106097712604, -6.679697148008959, -6.555178544213811, -6.694056642946948, -6.694056642946948, -5.434405523850063, -5.167870277582842, -5.3649207082525745, -5.923183935216009, -6.047040802511604, -6.035895622014945, -6.201420660756521, -6.223700174726358, -6.15951750840074, -6.096080346006498, -6.15951750840074, -5.809845953042815, -6.274413888263919, -5.744616098305859, -5.952833694741423, -6.2893688781947885, -6.035895622014945, -6.51486264854241, -5.793058609193909, -7.2602905184934015, -5.032991334689695, -5.9878797006482225, -5.897479571834396, -5.280434460423495, -5.084262958977889, -6.19097165611888, -6.373441380210838, -5.754768644626851, -6.492041804548689, -4.844341663112027, -6.409033580857921, -6.074309753599587, -6.216786996757006, -6.660816234219596, -6.712955270460126, -6.456979423367019, -7.359333102120505, -6.332334236878672, -7.500164540074586, -7.007773941059795, -5.971683195085599, -6.607954283288353, -6.767908046606329, -5.55165509693868, -6.65179236666553, -5.944596688411383, -7.2625611776518975, -6.581028718009569, -6.203414192118531, -6.007121922981383, -5.985409309753837, -4.763731759701089, -5.098683337286883, -5.689613330026664, -5.985954985795861, -6.401814312534801, -6.003970473166957, -6.334242493174643, -6.245921043424152, -6.9935443213912825, -6.084701670244103, -7.427066324983801, -5.607750319576767, -7.85462751554638, -7.149814973208618, -6.741126608421868, -6.366010722738849, -6.084701670244103, -6.459062300822878, -6.783457521872179, -6.095649580870616, -5.887175278249735, -3.4, -6.94994033256606, -6.297230035643909, -5.475456838271379, -5.893373682977786, -5.893373682977786, -7.081844924306412, -6.3188110867078775, -7.624735293727634, -5.650049836801874, -5.125809153293453, -6.222031620512188, -6.5968560775033, -5.903112437840129, -5.543955142055142, -5.760980822389151, -3.4, -6.936910167584786, -7.273106097712604, -6.87212772959202, -5.69517674437837, -6.589766336373847, -7.030179989680655, -6.936436548592942, -6.6150706350054245, -7.04836273717926, -7.455760447462377, -6.770268692887012, -6.31544268083817, -5.046041014418866, -6.891556646815839, -6.776055995124805, -6.57236977528325, -6.478439081743215, -7.287541435332826, -6.784199146406594, -6.5693730944750115, -5.196880635866575, -6.590954699362176, -5.079260823340275, -6.679697148008959, -6.362342171176065, -6.7935074491451015, -7.0925190244359495, -5.046430417547437, -7.179659018263194, -7.0925190244359495, -7.179134414600186, -6.388436779889078, -4.95203711365284, -6.267906120307566, -7.208080947601691, -6.947955558813771, -6.947955558813771, -6.565902824336102, -5.046430417547437, -7.04836273717926, -6.35159220999889, -6.947955558813771, -5.5858122214535495, -5.149288532258943, -4.069188745494137, -5.652497081628552, -6.424848506217593, -6.424848506217593, -5.16797042594608, -5.555862135191646, -5.848501117520255, -6.522844637322516, -5.679213599639424, -3.4, -5.555862135191646, -6.522844637322516, -6.081619196136416, -5.261146078908591, -5.071105460680211, -5.261146078908591, -5.071105460680211, -6.915589725408117, -6.660972472401597, -5.555862135191646, -5.555862135191646, -4.286194391963755, -6.645082704034442, -5.555862135191646, -5.843186744266878, -6.024729629461871, -10.0, -3.901022602473162, -4.427004040820395, -5.436552090273097, -5.0786428784955175, -5.5708023942197995, -5.04289622902791, -3.901022602473162, -3.901022602473162, -3.901022602473162, -5.187118704757164, -5.5517895579921825, -6.657303624212152, -7.424695276460088, -6.466474186297266, -6.352288179426169, -6.275629987160063, -6.993655968612864, -6.175611456715234, -6.8640027562008665, -6.210752034562101, -5.916968797157358, -6.9097783494446166, -6.418146923992491, -4.510505449956341, -6.8640027562008665, -5.982580621298962, -6.07141332002481, -6.635281417198949, -5.521827428900692, -6.226074126416821, -6.226074126416821, -6.203341209080622, -6.2989808824782925, -7.502787757239948, -5.181339732382071, -5.9175283898216575, -5.7918018807456635, -4.943187304997582, -6.078380291575903, -6.579285748806282, -5.511632762171592, -6.120840885831279, -7.880800904605593, -6.3353507381553404, -5.935757146243875, -5.882867621003224, -6.081548797690628, -6.479470481599885, -5.521827428900692, -6.658398842283636, -7.607965425180072, -6.185897219475771, -6.440778003684064, -6.106962430973293, -6.20503561468481, -4.668012449323422, -8.140437594737948, -5.935757146243875, -6.115466830957125, -5.672933972302393, -7.266272638874297, -6.078380291575903, -7.311845440591616, -6.263696678843149, -6.428297740133602, -6.756499223985819, -6.185897219475771, -6.185897219475771, -6.058849447346408, -5.663716069770323, -5.790439106861666, -6.542056221414572, -6.533373434182363, -6.756499223985819, -6.191998766554838, -6.919291492601653, -4.7407466810413235, -7.505267128592378, -5.801812307478463, -6.52119464639603, -5.9456631153253126, -5.428990338628112, -5.054805303966271, -6.601226625350042, -6.118305870003361, -5.948105235091739, -5.124966511367844, -6.130755502769042, -5.872434264689473, -6.778527285367979, -6.927216296384393, -7.036621632757025, -7.842589551864334, -5.892453905637825, -5.890476841188543, -6.510348038795322, -5.8736335070618475, -7.505267128592378, -6.114824226125019, -6.165895473023434, -6.624985949395895, -6.77474270710421, -6.045825139061926, -5.878090936743821, -5.405341745305781, -5.67375931802565, -6.503831994818282, -6.770741370642481, -6.505346622003931, -6.63289710573259, -6.63289710573259, -6.5936818868261815, -6.782045709303047, -7.042167232888333, -6.635751929464716, -7.05447020581072, -6.161831800700421, -6.724667600848069, -6.558013758798855, -6.335739266613234, -4.7776618328960225, -6.646920720372923, -6.92581291722981, -6.728614386593799, -3.4, -3.4, -7.065741840098773, -5.4700286406068725, -6.239156688231725, -7.247868310106011, -6.756499223985819, -6.747542176611753, -5.8948900434126354, -6.533373434182363, -7.546637201757435, -6.795626758038206, -6.18625370967395, -6.18628860716034, -6.533373434182363, -7.428812428113476, -6.747900499667398, -7.543564853073135, -6.942139220556476, -6.892620834632903, -5.8621504505997954, -6.657303624212152, -6.858276516180373, -6.533373434182363, -6.712601271175785, -6.353190679890044, -6.394438016452302, -6.133630393771424, -6.042281766703209, -5.139089645484282, -7.121931126402853, -7.059295207698304, -6.993605888694018, -6.166942144010284, -7.332717015287151, -5.02526537762789, -6.023303676720389, -6.308014342971936, -5.139089645484282, -6.942139220556476, -7.094545211582671, -5.3518427708569005, -6.382876347968696, -5.139089645484282, -6.94783401256166, -5.139089645484282, -5.02526537762789, -5.02526537762789, -6.035135477386284, -5.79559920208552, -5.79559920208552, -6.038047444963115, -3.4, -6.038047444963115, -6.038047444963115, -5.277271698823934, -6.038047444963115, -5.430006222908468, -3.4, -5.8642208532210605, -5.257628425221042, -3.4, -6.038047444963115, -5.430006222908468, -6.369201966229645, -6.369201966229645, -6.496892047715055, -5.933587474512302, -5.2230730512382815, -6.038047444963115, -6.038047444963115, -5.740120231396982, -5.740120231396982, -3.9600898298893408, -3.8843028338181544, -5.002301209605835, -10.0, -10.0, -4.57077215306505, -5.024453684749722, -5.230099974065614, -5.519527183036618, -5.602615324097187, -5.209298747616285, -5.1113964873319295, -5.024453684749722, -4.327160220045025, -5.5083831400324135]","0     -7.22
1     -6.21
2     -7.24
3     -5.92
4     -5.96
       ... 
247   -6.00
248   -3.99
249   -5.24
250   -4.77
251   -4.71
Name: Permeability, Length: 252, dtype: float64","[array([-6.44090023, -6.98675289, -5.7934152 , -5.85147701, -6.28873187,
       -6.36011281, -6.26990694, -6.70560091, -6.42180816, -6.22713205,
       -6.05016751, -5.76381134, -5.88518706, -6.06509924, -4.99574675,
       -6.05294577, -6.69489957, -7.21831799, -5.73087691, -6.25574616,
       -6.1943677 , -6.76897871, -5.86944191, -5.15234618, -4.95029867,
       -5.91833703, -6.3082133 , -6.60670128, -6.68811435, -5.72888656,
       -7.2167999 , -6.75396884, -8.64977914, -6.6371257 , -6.03295881,
       -7.18053307, -6.40858845, -5.53215885, -5.83888514, -5.15499579,
       -6.59627324, -6.31511526, -6.3884885 , -5.15234618, -5.981751  ,
       -3.4       , -7.08548847, -5.89372818, -6.1582125 , -5.23601314,
       -6.76069627, -7.10544618, -6.36248725, -5.4927984 , -6.59627324,
       -5.86580292, -7.12408209, -6.74225499, -5.1215883 , -6.4688789 ,
       -5.78962574, -6.74225499, -5.34846486, -5.38478549, -6.23136759,
       -3.4       , -3.47606809, -5.67966445, -6.07552457, -6.07037301,
       -5.37798472, -6.66945339, -5.9658709 , -6.88832331, -6.4537074 ,
       -6.14101668, -5.86335756, -5.97671507, -6.1023102 , -6.99844364,
       -6.45697513, -5.28223509, -6.13797025, -6.51782831, -6.12164673,
       -5.16714997, -7.0226536 , -5.83684074, -7.28403268, -7.26620599,
       -6.58268843, -6.84394167, -5.43945863, -5.37519554, -6.23117802,
       -6.58966409, -6.44229109, -6.2141264 , -5.85083165, -5.73479341,
       -7.07281976, -6.68050334, -6.84394167, -8.87355618, -5.92436956,
       -6.46836095, -5.82515491, -6.67399878, -6.52415079, -6.78805562,
       -5.57565476, -6.08169716, -6.1023102 , -6.47365607, -5.97102532,
       -5.95181758, -7.10605709, -6.33140826, -6.33140826, -5.77663353,
       -6.58554373, -6.72397241, -6.28746723, -6.66820124, -6.47054588,
       -6.359648  , -6.46844419, -6.45791175, -6.59764451, -6.45791175,
       -6.93823268, -5.67126105, -5.2673142 , -5.95896648, -6.3661769 ,
       -6.8828875 , -6.72397241, -5.97774646, -6.35234497, -7.30216839,
       -7.12350323, -6.48534826, -6.76594412, -7.54677006, -6.1263378 ,
       -5.01091341, -7.13411529, -6.12295993, -5.83327209, -5.95896648,
       -5.76969322, -6.91986875, -6.13300055, -4.98746168, -6.86664406,
       -6.75881741, -6.38341619, -6.69849749, -5.51418219, -6.92352843,
       -6.23366047, -6.94892386, -6.35234497, -6.66983841, -6.70082706,
       -6.22686345, -6.8359551 , -6.56306742, -6.25356789, -6.4688789 ,
       -6.64323233, -4.98746168, -6.95887487, -6.55410223, -6.0718162 ,
       -7.58212085, -6.33866614, -6.34685126, -6.70307899, -6.22021218,
       -5.83372078, -6.35234497, -3.4       , -5.75149054, -4.98746168,
       -6.45791175, -6.77287605, -6.82095174, -6.52420777, -6.07381686,
       -7.09282145, -6.69660809, -6.11413234, -4.98746168, -6.74742611,
       -5.93222043, -6.71214209, -5.98125683, -6.18312074, -6.32676157,
       -6.62269363, -6.62333766, -6.68050334, -6.07904737, -5.77645645,
       -7.29614186, -3.4       , -7.58640667, -6.39286766, -3.4       ,
       -5.11412023, -5.73208053, -5.18773082, -5.95489766, -5.27324748,
       -6.39286766, -3.4       , -6.46854367, -3.82400884, -3.4       ,
       -3.4       , -3.4       , -5.64880679, -5.64880679, -5.95489766,
       -5.95489766, -5.95489766, -5.24191643, -5.95489766, -6.72746191,
       -5.95489766, -6.22792732, -5.5873727 , -5.43758148, -3.56889391,
       -4.79638344, -4.06366532, -4.79638344, -6.09830812, -4.13228309,
       -3.49023953, -5.3739775 , -4.87474134, -5.11426195, -4.93298636,
       -4.9669347 , -5.34592648, -4.19466259, -4.03973312, -4.31580144,
       -4.44593565, -4.63021072]), array([-6.50350525, -7.33356548, -5.61320657, -3.94410364, -4.34970358,
       -6.60780205, -5.9569011 , -6.93466843, -6.19967991, -6.1482118 ,
       -5.81578411, -3.4       , -4.58593767, -5.83248214, -5.06612193,
       -5.91256291, -6.44206889, -7.07318627, -5.65780282, -6.20248472,
       -6.50965342, -6.47249211, -5.7942293 , -5.51529084, -5.53026256,
       -3.4       , -6.17238873, -3.4       , -6.31804423, -5.58302512,
       -6.75638011, -6.47995868, -4.96864909, -6.35374246, -5.75032697,
       -6.3554722 , -6.19089448, -5.8272612 , -3.4       , -4.87520954,
       -6.33443638, -6.05268916, -6.11908783, -5.51529084, -5.61718874,
       -3.4       , -6.66207273, -5.73788793, -5.60518681, -5.22606168,
       -6.90668012, -7.26386334, -5.76682966, -5.22351151, -6.33443638,
       -6.02340714, -6.55935439, -6.50193164, -4.94372608, -6.74233074,
       -5.75168816, -6.50193164, -5.63476907, -5.47418898, -5.8282936 ,
       -5.49917634, -3.4       , -5.45249444, -5.59859026, -6.18009035,
       -5.0639708 , -6.8751249 , -5.59492205, -7.07361487, -6.52400082,
       -5.85220609, -5.64000987, -5.72723885, -6.27775295, -6.76092299,
       -6.23800043, -4.7847561 , -5.95120492, -6.36410768, -5.74435953,
       -5.26703512, -7.05669023, -5.97267001, -7.46485278, -7.26614867,
       -6.32634063, -6.8321743 , -5.3011666 , -5.07278219, -5.93194441,
       -6.49171043, -6.20239309, -6.6661919 , -5.65025115, -5.34548913,
       -7.14235606, -6.89227429, -6.8321743 , -5.12224199, -5.63463955,
       -6.32229772, -5.83618655, -6.80870552, -6.73902779, -6.88985235,
       -5.42893139, -5.92309436, -6.27775295, -5.70720264, -5.47884613,
       -5.90581381, -7.35953093, -6.53219505, -6.53219505, -5.46279456,
       -6.82514408, -6.22657487, -6.49554891, -6.91034477, -6.17993296,
       -5.99373587, -6.5650307 , -6.56101541, -6.76414964, -6.56101541,
       -7.01343791, -5.26305249, -5.33850473, -6.00202734, -6.5946606 ,
       -7.13260107, -6.22657487, -5.54821423, -6.55133205, -6.84722793,
       -7.18461728, -6.19519279, -6.54900543, -7.11338056, -6.33329043,
       -5.24228186, -6.8825753 , -5.64478353, -5.46097841, -6.00202734,
       -5.9277586 , -7.19127727, -5.9502365 , -5.30978979, -7.12170982,
       -6.96300311, -6.56716914, -6.38161064, -5.04157217, -6.87694056,
       -6.0690964 , -7.17673104, -6.55133205, -6.87805702, -7.01206465,
       -6.29230743, -6.85149446, -6.69090107, -5.97871807, -6.74233074,
       -6.94386484, -5.30978979, -7.03441128, -6.53416165, -6.18994101,
       -7.00864564, -6.05023901, -6.12077405, -6.26705555, -6.21587542,
       -5.75751876, -6.55133205, -4.55442617, -5.74495499, -5.30978979,
       -6.56101541, -6.88809445, -6.99342172, -6.14201131, -5.32278035,
       -6.62188338, -6.74130056, -6.1677906 , -5.30978979, -6.86931567,
       -5.78840184, -6.97761505, -5.5919137 , -6.05440959, -6.58283116,
       -6.3707176 , -6.37904285, -6.89227429, -5.78183866, -4.95838983,
       -6.66305119, -3.4       , -6.85368069, -5.59320193, -3.62167818,
       -6.2232634 , -5.2876623 , -6.41600135, -6.18183469, -6.3675583 ,
       -5.59320193, -4.09085951, -6.49517779, -5.32060709, -3.4       ,
       -4.06870435, -3.4       , -6.70841889, -6.70841889, -6.18183469,
       -6.18183469, -6.18183469, -6.00610836, -6.18183469, -6.6452115 ,
       -6.18183469, -5.77510989, -5.25607436, -5.96079378, -4.00422471,
       -4.88671489, -4.65586736, -4.88671489, -6.67815873, -4.72456665,
       -4.6854338 , -5.25160281, -5.37090993, -4.96561061, -5.28674646,
       -5.47230673, -5.17776661, -5.03955879, -4.72850923, -5.35213995,
       -5.53074301, -4.73133295]), array([-6.53818128, -6.90920766, -5.82020521, -5.80405873, -6.09096231,
       -6.43476191, -5.81224273, -6.53062515, -7.25434077, -6.06415418,
       -5.92292233, -5.30995503, -5.83769672, -6.03757991, -4.4728189 ,
       -5.83187598, -5.2930449 , -6.80102122, -5.72394247, -6.58595162,
       -6.35885824, -6.86321299, -5.56416915, -5.14254376, -5.33198749,
       -5.48113286, -6.3516157 , -5.85843329, -6.25354999, -5.66238396,
       -6.89391652, -6.94733043, -6.13997197, -6.70207998, -5.96466978,
       -6.65720033, -6.36253296, -5.72594444, -5.44936708, -4.9741922 ,
       -6.20346844, -6.32120329, -5.90623337, -5.14254376, -5.82617077,
       -3.4       , -6.68322258, -5.91193211, -5.8599987 , -4.96769414,
       -6.06042134, -6.85314603, -5.76740231, -5.33720559, -6.20346844,
       -6.13074099, -7.05122723, -6.4973492 , -4.24117131, -7.05103753,
       -6.03161938, -6.4973492 , -5.42526431, -5.50756424, -6.07883021,
       -5.77782691, -4.11791278, -5.0542388 , -6.16008571, -6.69512253,
       -5.00133137, -6.86083471, -5.75158205, -7.23400798, -6.43315997,
       -5.92744177, -5.67316145, -5.84947663, -6.43173387, -6.12560195,
       -6.05129665, -5.01249539, -6.15471515, -6.56076835, -5.88692151,
       -5.52966536, -7.17040873, -5.47909412, -7.53507422, -7.47510938,
       -6.60271272, -6.94699035, -5.51091596, -5.13349828, -6.39215909,
       -6.67064194, -6.38161937, -6.57665872, -5.65569006, -5.54816243,
       -7.19343803, -6.94772202, -6.94699035, -6.3873592 , -5.45848486,
       -6.22372827, -5.8247364 , -6.84409989, -6.8175443 , -6.98697929,
       -5.41489474, -5.9982906 , -6.43173387, -5.50219295, -5.95760819,
       -6.07494139, -7.20490891, -6.6539933 , -6.6539933 , -5.9679892 ,
       -6.80750993, -6.58979441, -6.35390552, -6.88382376, -6.07294696,
       -6.13923194, -6.70246094, -6.63966476, -6.76039003, -6.63966476,
       -7.01580469, -6.11232189, -5.44019239, -6.19423375, -6.54472937,
       -7.21699881, -6.58979441, -4.5152927 , -6.68184119, -7.1019162 ,
       -7.46379118, -6.40476098, -6.49294364, -7.46659226, -6.50651775,
       -5.42955518, -7.14764258, -5.79619413, -5.6999604 , -6.19423375,
       -6.36079894, -7.36039455, -6.01591799, -5.16638498, -7.02930401,
       -6.88974449, -6.30549502, -6.91784524, -4.76619101, -6.96455804,
       -6.18246388, -7.19201894, -6.68184119, -6.9243757 , -6.85901713,
       -6.41871741, -6.99043006, -6.80089782, -6.46233895, -7.05103753,
       -6.59982847, -5.16638498, -7.06369945, -6.81495664, -6.22804792,
       -6.02034312, -6.00967899, -6.10654289, -5.15399992, -5.3741777 ,
       -5.8689523 , -6.68184119, -5.20543058, -5.83696942, -5.16638498,
       -6.63966476, -7.05136538, -7.32711396, -6.45110189, -5.46399623,
       -6.98338615, -6.83733683, -5.99877797, -5.16638498, -6.91008693,
       -5.87729722, -7.07482991, -4.58347027, -6.27394938, -6.29893937,
       -6.29186565, -6.27362679, -6.94772202, -4.93763676, -6.9041269 ,
       -6.90987426, -3.4       , -6.65091296, -5.79839896, -6.16105344,
       -5.62726369, -5.46977741, -5.5393253 , -5.6204117 , -5.56438886,
       -5.79839896, -7.17907929, -5.4267985 , -5.34680611, -3.4       ,
       -6.41476563, -3.4       , -5.87866072, -5.87866072, -5.6204117 ,
       -5.6204117 , -5.6204117 , -6.16499234, -5.6204117 , -6.1697907 ,
       -5.6204117 , -6.08525789, -5.63261429, -6.53324127, -4.94645925,
       -5.44632265, -5.60598853, -5.44632265, -5.58734011, -5.61626903,
       -5.47948983, -5.27283711, -4.93913807, -4.58775728, -4.59508429,
       -5.04932423, -4.69166364, -5.45626192, -5.40538404, -5.41561865,
       -5.53931029, -5.32217498]), array([ -6.48374762,  -7.43768835,  -6.09608035,  -4.98929929,
        -5.52369915,  -6.81188292,  -5.85769351,  -7.01994043,
        -6.79079911,  -5.7788388 ,  -5.71079005,  -5.90227753,
        -5.52746952,  -6.22622442,  -4.56521433,  -5.80366642,
        -6.7161974 ,  -7.14718803,  -5.36156657,  -6.40560269,
        -6.79952736,  -7.10951022,  -4.35207808,  -5.2603326 ,
        -5.63971322,  -5.73859967,  -6.69829093,  -6.79463069,
        -6.0470408 ,  -5.6679994 ,  -8.19425327,  -6.81407135,
        -6.05723734,  -6.55517854,  -6.20142066,  -6.68008096,
        -6.69405664,  -7.17394098,  -6.45822595,  -4.58424892,
        -5.9716832 ,  -6.42679042,  -5.7446161 ,  -5.2603326 ,
        -5.21587355,  -3.4       ,  -6.93491588,  -6.19097166,
        -5.78137523,  -5.43552123,  -7.53145714,  -7.01388253,
        -6.13223357,  -5.59303693,  -5.9716832 ,  -6.0827607 ,
        -7.00985823,  -6.18851482,  -4.34608366,  -6.78691476,
        -5.73409972,  -6.18851482,  -6.05592136,  -5.01287417,
        -5.84781081,  -6.73372699,  -3.4       ,  -4.94516215,
        -6.16232845,  -6.54250826,  -4.35335512,  -6.80187395,
        -5.84385342,  -7.20041385,  -7.35304666,  -6.02346879,
        -6.19762613,  -6.15951751,  -6.49578562,  -6.19784133,
        -5.8346163 ,  -5.06810547,  -6.30978434,  -6.50470976,
        -6.17399007,  -5.36284043,  -7.00520626,  -6.26625217,
        -7.37744475,  -7.28560178,  -6.89822   ,  -7.03646994,
        -5.24893027,  -5.17125464,  -6.7816746 ,  -6.56548794,
        -6.6737024 ,  -6.48223948,  -5.97781506,  -5.86159922,
        -7.2515591 ,  -7.04836274,  -7.03646994,  -5.79031931,
        -5.87275195,  -6.64102266,  -6.18670139,  -6.94138948,
        -6.75974829,  -6.91447505,  -5.36321804,  -6.33233424,
        -6.49578562,  -5.77193397,  -6.08941998,  -6.29213412,
        -7.2792911 ,  -6.67969715,  -6.67969715,  -5.74747779,
        -6.80158324,  -6.31881109,  -6.55484517,  -6.84699014,
        -6.1901678 ,  -6.41367958,  -6.6116585 ,  -6.64794927,
        -6.74220764,  -6.64794927,  -7.24712213,  -7.24770854,
        -5.43884373,  -6.08470167,  -6.53980391,  -7.12526523,
        -6.31881109,  -5.40889875,  -6.65179237,  -6.90984616,
        -7.23871387,  -5.62212787,  -6.52544086,  -7.78861535,
        -6.33559851,  -5.12580915,  -7.1656344 ,  -5.47545684,
        -6.2982122 ,  -6.08470167,  -6.01156419,  -7.12875363,
        -6.37311199,  -5.04643042,  -6.87749175,  -6.80224649,
        -6.56945561,  -6.79157646,  -5.42400446,  -6.81992598,
        -6.40402995,  -7.072692  ,  -6.65179237,  -6.78977818,
        -6.88370855,  -6.4590623 ,  -6.57958346,  -6.72474784,
        -6.69228278,  -6.78691476,  -6.35279859,  -5.04643042,
        -6.93691017,  -6.98228157,  -6.16948446,  -6.70114798,
        -6.51617545,  -6.54910162,  -5.61503863,  -5.34455092,
        -5.70141882,  -6.65179237,  -3.4       ,  -5.97609757,
        -5.04643042,  -6.64794927,  -6.92907401,  -7.1995596 ,
        -6.7461376 ,  -5.51090126,  -7.01550421,  -6.94795556,
        -6.2081127 ,  -5.04643042,  -6.94102837,  -5.66639823,
        -7.10809608,  -5.6347481 ,  -6.59918184,  -6.67619029,
        -6.70706627,  -6.6326691 ,  -7.04836274,  -5.72097958,
        -7.36164732,  -6.47318557,  -3.4       ,  -6.25595801,
        -5.84850112,  -5.62367864,  -4.75568135,  -4.92077918,
        -4.88974763,  -5.55586214,  -4.85017679,  -5.84850112,
        -6.52284464,  -5.6792136 ,  -3.4       ,  -3.4       ,
        -6.54221563,  -3.4       ,  -5.07110546,  -5.07110546,
        -5.55586214,  -5.55586214,  -5.55586214,  -5.87241731,
        -5.55586214,  -6.58384964,  -5.55586214,  -6.01442058,
        -5.55084454,  -6.30398128,  -3.4       ,  -5.05010252,
        -3.70211032,  -5.05010252, -10.        ,  -3.70737886,
        -3.4       ,  -5.09836731,  -5.07864288,  -5.50907478,
        -5.27587159,  -5.22009689,  -5.56659135,  -3.9010226 ,
        -3.73389044,  -4.21447878,  -4.3527721 ,  -3.9120626 ]), array([ -6.53337343,  -7.98778501,  -5.99396583,  -5.76797056,
        -6.00372001,  -6.10899091,  -6.17967007,  -6.43776721,
        -6.4551411 ,  -6.53087475,  -6.13828634,  -6.01142169,
        -5.4992813 ,  -6.18628861,  -4.0584838 ,  -5.84947396,
        -6.57980106,  -7.63421668,  -5.70014661,  -6.84420982,
        -6.41351582,  -7.22859312,  -6.54244198,  -5.36139153,
        -5.41817796,  -6.18508028,  -6.37857693,  -6.37110315,
        -5.9169688 ,  -6.12636445,  -6.90977835,  -7.11759794,
        -5.92787948,  -6.66412575,  -6.12565116,  -6.85897237,
        -6.31003695,  -6.32841666,  -6.2044394 ,  -4.75133476,
        -5.93575715,  -6.89796494,  -5.52182743,  -5.36139153,
        -3.4       ,  -3.4       ,  -6.51883889,  -6.07838029,
        -5.50808324,  -4.33143732,  -7.01218536,  -7.48342246,
        -6.17967049,  -5.84626735,  -5.93575715,  -6.11830587,
        -6.58430647,  -6.54809931,  -4.14321279,  -6.58025473,
        -5.15418721,  -6.54809931,  -5.56836916,  -5.66371607,
        -6.12084089,  -6.10099418,  -3.51750407,  -6.569349  ,
        -5.95828293,  -6.61408891,  -5.5459258 ,  -6.85627541,
        -5.53095829,  -7.04376059,  -6.39115361,  -5.93705366,
        -6.05884945,  -6.10696243,  -6.50532193,  -6.39196897,
        -5.63830737,  -5.17319276,  -6.35062488,  -6.39595738,
        -6.66980328,  -5.56910202,  -7.19139021,  -5.87077858,
        -7.38366614,  -7.30420349,  -6.69426001,  -7.0702693 ,
        -5.47295134,  -4.93860255,  -7.32505568,  -6.75574137,
        -6.25982158,  -6.54460251,  -5.54136146,  -5.39005714,
        -7.18411411,  -6.87581724,  -7.0702693 ,  -6.23000899,
        -5.75504279,  -6.47370036,  -5.91593497,  -6.96055427,
        -6.78204571,  -6.95171233,  -5.50673543,  -6.4121472 ,
        -6.50532193,  -5.79162022,  -6.06265066,  -6.03118201,
        -7.28175687,  -6.70234977,  -6.70234977,  -5.86256374,
        -6.804057  ,  -6.57735263,  -6.88924375,  -6.99360589,
        -6.20796595,  -6.53488709,  -6.64938544,  -6.70528712,
        -7.04216723,  -6.70528712,  -7.07881853,  -7.0565113 ,
        -5.74238993,  -6.22259942,  -6.55405686,  -7.09613215,
        -6.57735263,  -5.20351519,  -6.65730362,  -7.03782867,
        -7.28687644,  -6.11443076,  -7.15300788,  -7.65667532,
        -6.09240608,  -4.95670064,  -7.05447021,  -5.39288708,
        -5.68099378,  -6.22259942,  -6.34007116,  -6.83682527,
        -6.12496169,  -5.13908965,  -6.90758099,  -6.88797542,
        -6.75829227,  -6.58700217,  -5.33626337,  -6.9272163 ,
        -6.53332115,  -7.28696662,  -6.65730362,  -6.94213922,
        -6.85827652,  -6.50534662,  -6.86046581,  -6.8018374 ,
        -6.42643269,  -6.58025473,  -6.96181364,  -5.13908965,
        -6.99454123,  -7.02510092,  -6.28718983,  -6.8075127 ,
        -6.24675184,  -6.3836713 ,  -6.27966306,  -5.56020791,
        -6.00128429,  -6.65730362,  -5.67442978,  -5.87552818,
        -5.13908965,  -6.70528712,  -6.97978481,  -6.80463511,
        -6.30801434,  -5.87364022,  -6.8505046 ,  -6.94783401,
        -6.1580446 ,  -5.13908965,  -7.05210778,  -6.04228177,
        -7.05104774,  -5.1986494 ,  -6.48094662,  -6.57164544,
        -6.62982306,  -6.74262428,  -6.87581724,  -5.48227129,
        -6.37871687,  -6.32864839,  -3.5619434 ,  -6.03513548,
        -5.7955992 ,  -3.4       ,  -4.59800996,  -5.38710064,
        -4.63279009,  -6.03804744,  -4.83093828,  -5.7955992 ,
        -5.86422085,  -6.07630696,  -4.82598568,  -3.4       ,
        -5.56389012,  -3.4       ,  -5.42777062,  -5.42777062,
        -6.03804744,  -6.03804744,  -6.03804744,  -6.87089102,
        -6.03804744,  -6.38315824,  -6.03804744,  -6.15048497,
        -5.74012023,  -5.07370067,  -3.66025887,  -5.00230121,
        -4.11675193,  -5.00230121, -10.        ,  -4.32651814,
        -3.63380415,  -5.62120229,  -5.20929875,  -5.60261532,
        -5.92905061,  -5.16222561,  -6.2035242 ,  -4.32716022,
        -4.57077215,  -4.6175634 ,  -4.62787001,  -4.11034209])]","[-6.49994156 -7.33099988 -5.86337463 -5.27138185 -5.65136338 -6.46471012
 -6.01528287 -6.72572043 -6.62435381 -6.14984232 -5.92759007 -5.27749312
 -5.46711445 -6.06953486 -4.63167714 -5.89010501 -6.34520237 -7.17478604
 -5.63486708 -6.458799   -6.45518451 -6.88855743 -5.62447208 -5.28638098
 -5.37408798 -5.34462997 -6.38181712 -5.80617368 -6.24474363 -5.7537319
 -7.19422563 -6.82258545 -6.3487034  -6.58245049 -6.01500547 -6.74645179
 -6.3932219  -6.11754443 -5.47018351 -4.86799624 -6.20832368 -6.40275261
 -5.93605064 -5.28638098 -5.20819681 -3.4        -6.77690771 -5.96258003
 -5.7825713  -5.0393455  -6.85428805 -7.14395211 -6.04172465 -5.49856396
 -6.20832368 -6.04420352 -6.86576568 -6.49562999 -4.55915643 -6.72588333
 -5.69224404 -6.49562999 -5.60655775 -5.40862579 -6.02142862 -5.50234488
 -3.58229699 -5.54018177 -5.99096239 -6.42043661 -5.06851356 -6.81271247
 -5.73743734 -7.08802412 -6.63101369 -5.9762374  -5.88660089 -5.9639821
 -6.36258091 -6.49495577 -6.04383917 -5.06415696 -6.18085991 -6.4686743
 -6.11934422 -5.37915858 -7.08926981 -5.88512713 -7.40901411 -7.31945386
 -6.62084436 -6.94596911 -5.39468456 -5.13826664 -6.53240236 -6.61464915
 -6.39196551 -6.4967638  -5.73518988 -5.57602027 -7.16885741 -6.88893593
 -6.94596911 -6.48069713 -5.72905774 -6.42582199 -5.91774284 -6.84574959
 -6.72450338 -6.90621493 -5.45788687 -6.14951271 -6.36258091 -5.84932117
 -5.91191006 -6.05117778 -7.24630898 -6.57992871 -6.57992871 -5.76349176
 -6.7647676  -6.48730108 -6.51620212 -6.86059316 -6.22431191 -6.2882365
 -6.59939595 -6.60236566 -6.78131181 -6.60236566 -7.05868319 -6.27017105
 -5.445449   -6.09250573 -6.51988553 -7.09077695 -6.48730108 -5.33073347
 -6.57892284 -7.03979747 -7.2595004  -6.16437213 -6.69726839 -7.51440671
 -6.27883012 -5.15305205 -7.07688756 -5.6864563  -5.79468338 -6.09250573
 -6.08197722 -7.08742389 -6.11944574 -5.1298313  -6.96054613 -6.86035738
 -6.51676565 -6.6753064  -5.21644264 -6.90243386 -6.28451437 -7.13546649
 -6.57892284 -6.84083771 -6.86277878 -6.38045944 -6.82358578 -6.71629031
 -6.36266808 -6.72588333 -6.70030757 -5.1298313  -6.9976874  -6.7821206
 -6.18929589 -6.82395406 -6.23230228 -6.30138822 -6.00376723 -5.74300483
 -5.83257899 -6.57892284 -4.44685731 -5.83700814 -5.1298313  -6.60236566
 -6.92423894 -7.02913642 -6.43429458 -5.64902698 -6.91281996 -6.83420701
 -6.12937164 -5.1298313  -6.90399297 -5.8613199  -6.98474617 -5.39800766
 -6.31832163 -6.49127357 -6.52443324 -6.53026014 -6.88893593 -5.60035473
 -6.27586748 -6.73418025 -3.43238868 -6.67641876 -5.88571377 -4.44128205
 -5.26366772 -5.35948001 -5.33311904 -5.87021073 -5.37726194 -5.88571377
 -5.41140086 -6.0292081  -4.54348154 -3.4        -5.19791515 -3.4
 -5.7469525  -5.7469525  -5.87021073 -5.87021073 -5.87021073 -6.03126509
 -5.87021073 -6.5018944  -5.87021073 -6.05064013 -5.55340522 -5.8618597
 -3.91596735 -5.03636494 -4.42887669 -5.03636494 -7.67276139 -4.50140316
 -4.13779346 -5.32359741 -5.09454619 -5.15586399 -5.20394786 -5.17417763
 -5.39709446 -4.58373322 -4.4956578  -4.78312045 -4.89932621 -4.54122467]","[0.0356112  0.38449197 0.16765917 0.73594747 0.69774743 0.23638016
 0.17962445 0.22432508 0.36731273 0.24337138 0.15423538 0.96866365
 0.46760365 0.13814329 0.36864422 0.08892087 0.53504775 0.26972425
 0.1390201  0.23429324 0.20028944 0.26551692 0.71471944 0.13954161
 0.23590719 0.99909233 0.17341054 1.24333743 0.26402684 0.19199355
 0.52218184 0.21202241 1.22516232 0.12411492 0.15485723 0.27067449
 0.16705425 0.59003931 1.08971497 0.19381476 0.24360792 0.27665433
 0.29910525 0.13954161 0.9399135  0.         0.20432922 0.15707627
 0.22534937 0.38386566 0.47438765 0.2156793  0.23703568 0.21519591
 0.24360792 0.09667038 0.24289635 0.17772975 0.39591592 0.19848404
 0.28963752 0.17772975 0.2464391  0.21741486 0.15792175 1.12875482
 0.27159947 0.57905416 0.20983023 0.24826031 0.40980008 0.075828
 0.15915436 0.1232802  0.36356563 0.09867437 0.21601391 0.15999904
 0.15351694 0.33452776 0.28867483 0.16744923 0.14191979 0.07538954
 0.31642708 0.15265412 0.07691285 0.2531088  0.08516879 0.07909988
 0.18484814 0.09695446 0.10161699 0.14240801 0.48195227 0.09077138
 0.1645692  0.15327914 0.15706321 0.19761943 0.05933312 0.12041603
 0.09695446 1.2743118  0.16828217 0.14280923 0.13871995 0.10315079
 0.10350078 0.06766163 0.07470527 0.19033283 0.15351694 0.32857508
 0.22242293 0.13418467 0.08549636 0.13745336 0.13745336 0.16880902
 0.08999163 0.18492945 0.20963766 0.10761688 0.13186737 0.19524603
 0.07949974 0.08560221 0.14425022 0.08560221 0.10421967 0.77094849
 0.16211987 0.10329853 0.07924556 0.11146063 0.18492945 0.48024195
 0.12177396 0.15916751 0.11577475 0.30274919 0.24725293 0.2278536
 0.15234045 0.16965576 0.10432361 0.25885057 0.27867082 0.10329853
 0.23264424 0.18861657 0.14415997 0.11048236 0.09921927 0.07190236
 0.15878867 0.18272191 0.27546106 0.04975143 0.16467794 0.11540539
 0.12177396 0.10047259 0.09898193 0.10450014 0.13391503 0.08794331
 0.23747275 0.19848404 0.22883256 0.11048236 0.04672562 0.20671626
 0.07110461 0.50399803 0.18698353 0.16780077 0.54912487 0.39485368
 0.10258931 0.12177396 0.92582494 0.08557653 0.11048236 0.08560221
 0.09325985 0.20632592 0.20346456 0.27951726 0.16519775 0.10336798
 0.07181261 0.11048236 0.09905802 0.12754674 0.14289158 0.47687316
 0.19759913 0.15039499 0.16237803 0.17491535 0.12041603 0.38203984
 0.84491    0.34184877 0.06477736 0.53817875 0.26828997 1.19966349
 0.5960773  0.26433909 0.62021475 0.24234897 0.56618207 0.26828997
 1.43906936 0.42373465 0.79426118 0.         1.25931906 0.
 0.54955319 0.54955319 0.24234897 0.24234897 0.24234897 0.52379222
 0.24234897 0.20126018 0.24234897 0.15480756 0.16168028 0.53985541
 0.55168325 0.22333859 0.6627379  0.22333859 1.93127929 0.64653489
 0.81458328 0.17297124 0.18014652 0.37013968 0.44315632 0.17301468
 0.49546213 0.5748709  0.57889906 0.50852467 0.52654338 0.49708103]"
