,Model,Y Train pred,Y Test actual,Test prediction folds,Test Predictions Mean,Test Predictions Std
0,LGBMRegressor,"[-6.468659891249207, -6.646573858887905, -6.646573858887905, -6.733395093901084, -5.887418963204108, -6.276331342316729, -6.655853058357949, -5.887418963204108, -6.468659891249207, -6.468659891249207, -6.276331342316729, -5.746908263521571, -6.468659891249207, -6.468659891249207, -6.276331342316729, -6.468659891249207, -6.468659891249207, -5.869020984077779, -6.276331342316729, -6.733395093901084, -6.733395093901084, -5.887418963204108, -6.468659891249207, -6.158753475279493, -6.468659891249207, -5.942993367480152, -6.468659891249207, -5.746908263521571, -6.276331342316729, -6.468659891249207, -5.746908263521571, -6.5308488083157945, -6.468659891249207, -6.468659891249207, -6.468659891249207, -6.468659891249207, -5.942993367480152, -5.681398940469024, -6.276331342316729, -6.276331342316729, -6.468659891249207, -6.468659891249207, -6.5308488083157945, -6.013324894121937, -6.468659891249207, -6.468659891249207, -6.468659891249207, -6.468659891249207, -6.468659891249207, -6.468659891249207, -6.468659891249207, -6.468659891249207, -6.468659891249207, -6.276331342316729, -6.276331342316729, -6.276331342316729, -6.468659891249207, -6.468659891249207, -6.468659891249207, -5.681398940469024, -6.468659891249207, -6.468659891249207, -6.276331342316729, -6.158753475279493, -6.468659891249207, -6.468659891249207, -6.468659891249207, -6.468659891249207, -6.468659891249207, -6.468659891249207, -6.468659891249207, -6.468659891249207, -6.468659891249207, -6.468659891249207, -6.87872103819673, -5.942993367480152, -6.276331342316729, -6.468659891249207, -6.5308488083157945, -6.468659891249207, -6.468659891249207, -6.468659891249207, -6.468659891249207, -6.468659891249207, -6.468659891249207, -6.276331342316729, -5.9578102168540985, -6.468659891249207, -6.468659891249207, -6.468659891249207, -6.468659891249207, -5.942993367480152, -6.468659891249207, -6.276331342316729, -5.942993367480152, -6.468659891249207, -6.468659891249207, -6.468659891249207, -6.468659891249207, -6.468659891249207, -6.276331342316729, -6.468659891249207, -6.376805856619652, -6.72039617679819, -6.468659891249207, -6.72039617679819, -6.276331342316729, -6.87348598250773, -6.468659891249207, -6.468659891249207, -6.72039617679819, -6.468659891249207, -6.468659891249207, -6.159010278665856, -6.159010278665856, -6.72039617679819, -6.72039617679819, -6.468659891249207, -6.468659891249207, -6.468659891249207, -5.9274182931117725, -6.72039617679819, -6.468659891249207, -6.468659891249207, -6.468659891249207, -6.468659891249207, -5.942993367480152, -6.468659891249207, -6.468659891249207, -6.468659891249207, -6.468659891249207, -6.468659891249207, -6.468659891249207, -6.468659891249207, -6.468659891249207, -6.468659891249207, -6.72039617679819, -6.194577176077291, -6.194577176077291, -6.194577176077291, -6.2147577164163215, -5.419674154314526, -6.194577176077291, -6.194577176077291, -6.468659891249207, -5.942993367480152, -6.468659891249207, -5.419674154314526, -6.468659891249207, -6.468659891249207, -6.468659891249207, -6.468659891249207, -6.468659891249207, -6.468659891249207, -5.419674154314526, -5.419674154314526, -6.468659891249207, -6.468659891249207, -6.6285421421686355, -6.468659891249207, -6.468659891249207, -6.468659891249207, -5.419674154314526, -5.419674154314526, -5.419674154314526, -6.15763500011017, -6.407758362617414, -6.29652106300633, -6.36404297589749, -5.419674154314526, -5.419674154314526, -5.828796847711071, -5.951883636352904, -5.951883636352904, -5.951883636352904, -5.712348577851002, -6.309938988473119, -6.3610592684228005, -5.951883636352904, -5.828796847711071, -5.951883636352904, -5.951883636352904, -5.951883636352904, -5.828796847711071, -6.468659891249207, -6.3610592684228005, -6.468659891249207, -5.419674154314526, -6.468659891249207, -6.3610592684228005, -5.419674154314526, -5.419674154314526, -4.581299249311395, -4.975670058538559, -4.975670058538559, -4.581299249311395, -5.07233837425354, -5.07233837425354, -5.07233837425354, -5.07233837425354, -4.581299249311395, -4.581299249311395, -6.617576289503538, -6.617576289503538, -6.448360367938951, -6.017960323755296, -6.299013020449596, -6.448360367938951, -5.798148456242688, -6.0663883941506915, -5.763753387508851, -5.763753387508851, -5.8388876218145445, -5.926448496139106, -6.001841236824727, -6.448360367938951, -5.950930451478437, -6.299013020449596, -6.448360367938951, -6.448360367938951, -6.448360367938951, -6.448360367938951, -6.448360367938951, -5.798148456242688, -6.448360367938951, -6.448360367938951, -6.299013020449596, -5.798148456242688, -6.299013020449596, -5.823381328195034, -6.126901967819839, -5.926448496139106, -6.448360367938951, -6.448360367938951, -5.890128982031258, -6.448360367938951, -6.448360367938951, -6.299013020449596, -6.150142636921787, -6.299013020449596, -6.299013020449596, -6.299013020449596, -6.448360367938951, -6.448360367938951, -6.448360367938951, -6.299013020449596, -6.73989514785169, -6.277968512810908, -5.975595784451222, -6.299013020449596, -6.150142636921787, -6.448360367938951, -6.475089224171098, -6.299013020449596, -6.475089224171098, -6.448360367938951, -6.448360367938951, -6.448360367938951, -6.150142636921787, -5.890128982031258, -6.448360367938951, -6.448360367938951, -6.448360367938951, -6.448360367938951, -6.448360367938951, -6.448360367938951, -6.299013020449596, -6.299013020449596, -6.2400342509751185, -6.73989514785169, -6.150142636921787, -6.150142636921787, -6.448360367938951, -6.448360367938951, -6.448360367938951, -6.73989514785169, -6.475089224171098, -6.448360367938951, -6.448360367938951, -6.7419443379186825, -6.448360367938951, -6.73989514785169, -6.448360367938951, -6.7419443379186825, -6.448360367938951, -5.890128982031258, -5.890128982031258, -6.448360367938951, -5.8388876218145445, -6.448360367938951, -6.448360367938951, -6.611161394169358, -6.290255650568208, -6.448360367938951, -6.233645345906693, -6.448360367938951, -6.509336351180409, -6.448360367938951, -6.448360367938951, -6.448360367938951, -6.448360367938951, -6.448360367938951, -6.448360367938951, -6.448360367938951, -6.448360367938951, -6.043866514253005, -6.043866514253005, -6.448360367938951, -6.448360367938951, -6.043866514253005, -6.448360367938951, -6.489664339530083, -6.448360367938951, -6.448360367938951, -6.448360367938951, -6.008450434445514, -6.611161394169358, -6.448360367938951, -6.448360367938951, -6.448360367938951, -6.448360367938951, -6.448360367938951, -6.448360367938951, -6.290255650568208, -6.448360367938951, -6.448360367938951, -6.448360367938951, -6.448360367938951, -6.448360367938951, -6.448360367938951, -6.448360367938951, -6.448360367938951, -6.448360367938951, -5.86594547183681, -6.290255650568208, -6.448360367938951, -6.448360367938951, -5.493969499299961, -6.461304721310609, -6.290255650568208, -6.448360367938951, -5.493969499299961, -6.448360367938951, -6.448360367938951, -6.448360367938951, -6.290255650568208, -6.448360367938951, -6.448360367938951, -5.493969499299961, -6.448360367938951, -6.448360367938951, -6.448360367938951, -6.448360367938951, -6.448360367938951, -6.448360367938951, -5.493969499299961, -6.448360367938951, -5.86594547183681, -6.448360367938951, -6.448360367938951, -6.448360367938951, -6.448360367938951, -6.448360367938951, -6.448360367938951, -5.493969499299961, -5.493969499299961, -5.493969499299961, -5.493969499299961, -5.508957429006652, -5.799052357602708, -5.799052357602708, -5.799052357602708, -5.799052357602708, -5.5513626649012595, -5.5513626649012595, -5.799052357602708, -5.799052357602708, -5.5385468183006195, -6.448360367938951, -5.799052357602708, -6.448360367938951, -5.799052357602708, -6.212220276099493, -4.636259947344439, -4.636259947344439, -4.636259947344439, -4.636259947344439, -5.042691668230958, -5.042691668230958, -5.042691668230958, -5.042691668230958, -5.042691668230958, -5.042691668230958, -5.042691668230958, -5.042691668230958, -5.042691668230958, -5.042691668230958, -5.042691668230958, -4.636259947344439, -4.636259947344439, -4.636259947344439, -5.334049666914335, -5.048441275013466, -5.042691668230958, -6.748331964925686, -6.455689632966808, -6.292859200528469, -6.292859200528469, -6.455689632966808, -5.724971259510958, -6.455689632966808, -6.455689632966808, -6.455689632966808, -5.955922262276729, -6.292859200528469, -6.292859200528469, -6.292859200528469, -6.292859200528469, -5.6914927234479675, -6.455689632966808, -6.455689632966808, -6.455689632966808, -6.455689632966808, -5.871032318718913, -6.455689632966808, -6.212021385632156, -6.292859200528469, -6.455689632966808, -5.6914927234479675, -6.455689632966808, -6.455689632966808, -6.455689632966808, -6.212021385632156, -5.94848181914728, -6.455689632966808, -6.455689632966808, -6.455689632966808, -5.6914927234479675, -6.455689632966808, -6.455689632966808, -6.455689632966808, -6.292859200528469, -6.455689632966808, -6.292859200528469, -6.455689632966808, -6.455689632966808, -6.247168221324645, -6.455689632966808, -6.455689632966808, -6.212021385632156, -6.455689632966808, -6.455689632966808, -6.455689632966808, -6.455689632966808, -6.540418638832553, -6.455689632966808, -6.212021385632156, -6.455689632966808, -6.455689632966808, -6.455689632966808, -6.455689632966808, -5.94848181914728, -6.455689632966808, -6.455689632966808, -6.455689632966808, -6.455689632966808, -6.0857001786241645, -6.455689632966808, -6.455689632966808, -6.212021385632156, -6.455689632966808, -6.455689632966808, -6.455689632966808, -6.455689632966808, -6.455689632966808, -6.455689632966808, -6.455689632966808, -6.455689632966808, -6.333849684221363, -5.6914927234479675, -6.455689632966808, -6.455689632966808, -6.906197901205441, -6.292859200528469, -5.8355258034016355, -6.455689632966808, -6.455689632966808, -6.455689632966808, -6.455689632966808, -6.455689632966808, -6.0857001786241645, -6.455689632966808, -6.455689632966808, -5.6914927234479675, -5.6914927234479675, -6.455689632966808, -6.455689632966808, -6.455689632966808, -6.455689632966808, -6.0857001786241645, -6.455689632966808, -6.906197901205441, -5.860871742755077, -6.455689632966808, -6.455689632966808, -6.455689632966808, -6.455689632966808, -6.455689632966808, -6.455689632966808, -6.455689632966808, -6.455689632966808, -6.295064131100226, -6.455689632966808, -6.763303544727254, -6.295064131100226, -6.455689632966808, -6.455689632966808, -6.455689632966808, -6.722202565522609, -6.455689632966808, -6.455689632966808, -6.455689632966808, -6.455689632966808, -6.455689632966808, -6.722202565522609, -6.455689632966808, -6.455689632966808, -6.455689632966808, -6.455689632966808, -6.455689632966808, -6.455689632966808, -6.455689632966808, -6.722202565522609, -6.455689632966808, -6.455689632966808, -6.455689632966808, -6.455689632966808, -6.0841277140617525, -6.455689632966808, -6.088634549393384, -6.455689632966808, -6.455689632966808, -6.455689632966808, -6.455689632966808, -6.455689632966808, -6.455689632966808, -6.455689632966808, -6.1201624015795835, -6.455689632966808, -6.455689632966808, -6.455689632966808, -6.455689632966808, -6.247168221324645, -6.143022127184415, -6.247168221324645, -6.028662592640733, -5.6914927234479675, -5.463422859540887, -6.247168221324645, -6.455689632966808, -6.455689632966808, -5.7038731247598555, -6.455689632966808, -6.455689632966808, -6.455689632966808, -6.455689632966808, -6.455689632966808, -5.6914927234479675, -5.6914927234479675, -6.455689632966808, -5.463422859540887, -5.463422859540887, -5.463422859540887, -5.463422859540887, -5.615850364756277, -5.463422859540887, -5.866562476094349, -5.866562476094349, -6.1201624015795835, -5.866562476094349, -5.866562476094349, -5.615850364756277, -5.866562476094349, -5.866562476094349, -5.866562476094349, -5.866562476094349, -5.866562476094349, -5.866562476094349, -6.455689632966808, -6.455689632966808, -6.232163053533427, -6.455689632966808, -5.463422859540887, -5.052570007267203, -4.697838191181592, -5.052570007267203, -5.463422859540887, -4.697838191181592, -4.697838191181592, -5.052570007267203, -5.052570007267203, -4.697838191181592, -4.697838191181592, -4.697838191181592, -5.052570007267203, -6.438673613814659, -6.697787135801816, -5.701099828336492, -6.723515426413717, -6.299088470741765, -6.438673613814659, -6.438673613814659, -6.438673613814659, -5.669227229299676, -6.299088470741765, -6.438673613814659, -5.701099828336492, -6.438673613814659, -6.438673613814659, -6.438673613814659, -6.438673613814659, -6.438673613814659, -6.299088470741765, -6.299088470741765, -6.299088470741765, -6.783679351036726, -6.438673613814659, -6.438673613814659, -6.243375927856211, -6.299088470741765, -6.438673613814659, -6.438673613814659, -6.299088470741765, -6.438673613814659, -6.438673613814659, -5.701099828336492, -6.438673613814659, -6.438673613814659, -6.438673613814659, -6.243375927856211, -6.438673613814659, -6.438673613814659, -6.438673613814659, -6.438673613814659, -6.438673613814659, -6.438673613814659, -6.438673613814659, -6.438673613814659, -6.243375927856211, -6.438673613814659, -6.438673613814659, -6.438673613814659, -6.438673613814659, -5.852022788851758, -6.438673613814659, -6.438673613814659, -6.438673613814659, -6.299088470741765, -5.701099828336492, -6.438673613814659, -6.438673613814659, -6.438673613814659, -5.851495591171542, -6.299088470741765, -5.701099828336492, -6.438673613814659, -6.321361042418397, -6.438673613814659, -6.438673613814659, -6.438673613814659, -6.438673613814659, -6.299088470741765, -5.941492096443626, -6.438673613814659, -6.438673613814659, -6.243375927856211, -6.438673613814659, -6.438673613814659, -6.438673613814659, -6.438673613814659, -6.438673613814659, -6.438673613814659, -6.47096684703435, -6.438673613814659, -6.299088470741765, -6.438673613814659, -6.438673613814659, -6.438673613814659, -6.3193512804315075, -6.299088470741765, -6.299088470741765, -6.299088470741765, -5.852022788851758, -5.929782969744506, -5.929782969744506, -6.438673613814659, -6.438673613814659, -5.941808833522734, -6.794589993236418, -6.438673613814659, -6.438673613814659, -6.47096684703435, -6.438673613814659, -6.438673613814659, -6.438673613814659, -6.438673613814659, -6.438673613814659, -6.780878859284063, -6.780878859284063, -6.438673613814659, -6.120434354761026, -6.438673613814659, -6.438673613814659, -6.438673613814659, -6.438673613814659, -6.794589993236418, -6.273011652413398, -6.607856499984447, -6.273011652413398, -6.438673613814659, -6.321361042418397, -5.852022788851758, -6.438673613814659, -6.438673613814659, -6.438673613814659, -6.438673613814659, -6.438673613814659, -5.846744483728016, -6.321361042418397, -6.438673613814659, -6.438673613814659, -6.438673613814659, -6.438673613814659, -6.438673613814659, -6.438673613814659, -6.438673613814659, -5.423679402846472, -6.438673613814659, -6.438673613814659, -6.438673613814659, -5.8763506360048945, -6.438673613814659, -6.438673613814659, -6.601642877234115, -5.423679402846472, -6.438673613814659, -5.423679402846472, -6.438673613814659, -6.438673613814659, -6.438673613814659, -6.438673613814659, -5.423679402846472, -6.438673613814659, -6.438673613814659, -6.438673613814659, -6.438673613814659, -5.423679402846472, -6.438673613814659, -6.438673613814659, -6.438673613814659, -6.438673613814659, -6.438673613814659, -5.423679402846472, -6.438673613814659, -6.438673613814659, -6.438673613814659, -5.423679402846472, -5.3858589099047975, -5.906453174742842, -5.423679402846472, -5.756686349385843, -5.756686349385843, -5.751422329824612, -5.751422329824612, -5.577486921734661, -5.756686349385843, -5.8763506360048945, -5.751422329824612, -5.751422329824612, -5.756686349385843, -5.756686349385843, -5.751422329824612, -5.751422329824612, -5.751422329824612, -5.751422329824612, -6.649480816910209, -6.334513220895452, -5.751422329824612, -5.751422329824612, -5.423679402846472, -6.334513220895452, -5.751422329824612, -5.751422329824612, -5.033050934509126, -5.423679402846472, -4.6792406218492495, -4.6792406218492495, -5.033050934509126, -5.033050934509126, -5.033050934509126, -5.033050934509126, -4.6792406218492495, -4.6792406218492495, -4.6792406218492495, -5.033050934509126, -5.033050934509126, -6.4440982598224705, -6.725974918900052, -6.714433849644809, -6.4440982598224705, -6.295716335912062, -6.4440982598224705, -6.562902910570252, -6.4440982598224705, -6.4440982598224705, -6.15594213618281, -6.295716335912062, -6.295716335912062, -5.8595569365541476, -6.4440982598224705, -6.4440982598224705, -6.4440982598224705, -6.4440982598224705, -6.15594213618281, -6.295716335912062, -6.295716335912062, -6.295716335912062, -6.4440982598224705, -6.4440982598224705, -5.8970126053590395, -6.295716335912062, -5.749464362946473, -6.4440982598224705, -6.4440982598224705, -6.4440982598224705, -6.4440982598224705, -6.295716335912062, -6.295716335912062, -6.4440982598224705, -6.15594213618281, -6.4440982598224705, -6.4440982598224705, -6.4440982598224705, -6.15594213618281, -6.4440982598224705, -6.295716335912062, -6.295716335912062, -6.4440982598224705, -6.4440982598224705, -5.8595569365541476, -6.295716335912062, -6.859360060346311, -6.15594213618281, -6.4440982598224705, -6.4440982598224705, -6.4440982598224705, -6.4440982598224705, -6.4440982598224705, -6.4440982598224705, -6.4440982598224705, -6.4440982598224705, -6.295716335912062, -6.295716335912062, -5.966812466008004, -5.749464362946473, -6.4440982598224705, -6.4440982598224705, -6.4440982598224705, -6.4440982598224705, -6.4440982598224705, -6.4440982598224705, -6.15594213618281, -6.4440982598224705, -6.762909556087133, -6.859360060346311, -6.4440982598224705, -5.971613279636892, -6.295716335912062, -6.4440982598224705, -6.4440982598224705, -6.4440982598224705, -6.4440982598224705, -6.4440982598224705, -6.4440982598224705, -6.4440982598224705, -6.4440982598224705, -6.4440982598224705, -6.545030775646712, -6.4440982598224705, -6.4440982598224705, -6.4440982598224705, -5.757318478125164, -6.4440982598224705, -6.005617145856284, -6.4440982598224705, -6.4440982598224705, -6.4440982598224705, -6.4440982598224705, -6.4440982598224705, -6.4440982598224705, -5.8595569365541476, -6.4440982598224705, -6.4440982598224705, -6.4440982598224705, -6.4440982598224705, -6.4440982598224705, -6.4440982598224705, -6.4440982598224705, -6.4440982598224705, -6.4440982598224705, -6.4440982598224705, -6.448201448584922, -6.662902989654481, -6.662902989654481, -6.4440982598224705, -6.1752469538284105, -6.662902989654481, -6.4440982598224705, -6.4440982598224705, -6.4440982598224705, -5.755160825462528, -6.2891081498345045, -6.4440982598224705, -6.2891081498345045, -6.4440982598224705, -6.4440982598224705, -6.4440982598224705, -5.981323917989785, -6.4440982598224705, -6.4440982598224705, -6.4440982598224705, -6.199145386720812, -6.4440982598224705, -6.4440982598224705, -6.4440982598224705, -6.4440982598224705, -6.4440982598224705, -6.4440982598224705, -6.4440982598224705, -6.2273335125311595, -6.4440982598224705, -6.4440982598224705, -6.4440982598224705, -6.4440982598224705, -6.4440982598224705, -6.4440982598224705, -6.4440982598224705, -5.8595569365541476, -5.534340016121418, -6.4440982598224705, -6.4440982598224705, -6.4440982598224705, -6.2273335125311595, -6.4440982598224705, -5.534340016121418, -6.4440982598224705, -6.4440982598224705, -5.534340016121418, -6.4440982598224705, -6.4440982598224705, -5.534340016121418, -6.4440982598224705, -5.534340016121418, -6.4440982598224705, -5.534340016121418, -5.534340016121418, -5.534340016121418, -5.748829584604224, -5.559709157471294, -5.559709157471294, -5.852930477888001, -5.896842432743053, -5.852930477888001, -5.852930477888001, -5.852930477888001, -5.852930477888001, -5.852930477888001, -5.559709157471294, -5.896842432743053, -5.817237265950228, -5.817237265950228, -5.852930477888001, -5.852930477888001, -6.005689098735435, -6.005689098735435, -6.005689098735435, -6.2891081498345045, -6.2891081498345045, -5.852930477888001, -5.852930477888001, -6.4440982598224705, -6.4440982598224705, -5.534340016121418, -5.534340016121418, -5.058746987701106, -5.534340016121418, -5.534340016121418, -4.553931382428097, -5.0743869879352985, -5.0743869879352985, -5.0743869879352985, -5.0743869879352985, -5.0743869879352985, -5.0743869879352985, -5.0743869879352985, -4.553931382428097, -5.0743869879352985]","0     -7.22
1     -6.21
2     -7.24
3     -5.92
4     -5.96
       ... 
247   -6.00
248   -3.99
249   -5.24
250   -4.77
251   -4.71
Name: Permeability, Length: 252, dtype: float64","[array([-6.46865989, -5.88741896, -6.46865989, -5.97956218, -5.74700829,
       -6.73339509, -5.94299337, -6.73339509, -6.85180091, -6.27633134,
       -6.27633134, -6.46865989, -5.74700829, -6.46865989, -5.72731288,
       -5.74690826, -6.27633134, -6.27633134, -5.74690826, -6.46865989,
       -5.95781022, -6.46865989, -6.46865989, -6.39534748, -5.68139894,
       -6.27633134, -6.46865989, -6.46865989, -6.15875348, -6.27633134,
       -6.27633134, -6.46865989, -6.46865989, -6.27633134, -6.46865989,
       -6.27633134, -6.46865989, -6.46865989, -6.46865989, -5.94299337,
       -6.15875348, -6.46865989, -6.15875348, -6.39534748, -6.04835384,
       -6.62854214, -6.27633134, -6.46865989, -6.46865989, -6.46865989,
       -6.46865989, -6.27633134, -5.88741896, -6.46865989, -6.15875348,
       -6.46865989, -6.46865989, -6.27633134, -5.72731288, -6.72039618,
       -6.15875348, -6.27633134, -5.95781022, -5.74690826, -6.27633134,
       -6.39534748, -6.38629475, -6.46865989, -6.46865989, -6.46865989,
       -6.46865989, -6.46865989, -6.46865989, -6.46865989, -6.27633134,
       -6.27633134, -5.95781022, -6.46865989, -6.46865989, -6.46865989,
       -6.15875348, -5.88741896, -6.46865989, -6.46865989, -6.46865989,
       -6.46865989, -6.46865989, -5.95781022, -6.46865989, -6.46865989,
       -6.87872104, -6.87872104, -5.94299337, -5.95781022, -6.53084881,
       -6.87872104, -6.46865989, -6.46865989, -6.46865989, -6.46865989,
       -6.46865989, -6.46865989, -6.87872104, -6.46865989, -6.27633134,
       -6.46865989, -6.46865989, -6.46865989, -6.46865989, -6.46865989,
       -5.94299337, -5.95781022, -6.46865989, -6.46865989, -5.94720104,
       -6.19457718, -6.46865989, -6.46865989, -6.46865989, -6.46865989,
       -6.46865989, -6.46865989, -6.19457718, -6.46865989, -5.75996356,
       -6.52790702, -6.46865989, -6.46865989, -6.46865989, -6.46865989,
       -6.46865989, -6.87872104, -6.07218882, -6.46865989, -6.46865989,
       -6.46865989, -6.46865989, -6.46865989, -6.46865989, -6.76916666,
       -6.46865989, -6.26699377, -6.07218882, -6.87872104, -6.72039618,
       -6.62854214, -6.46865989, -6.15901028, -6.19457718, -6.46865989,
       -6.46865989, -6.72039618, -6.19457718, -5.41967415, -6.46865989,
       -6.46865989, -6.46865989, -6.46865989, -6.09593969, -6.46865989,
       -6.46865989, -6.46865989, -6.46865989, -6.46865989, -6.46865989,
       -6.46865989, -6.46865989, -6.46865989, -6.46865989, -6.72039618,
       -6.46865989, -5.41967415, -6.46865989, -6.46865989, -6.46865989,
       -6.19457718, -6.46865989, -6.46865989, -6.16286639, -6.15087636,
       -5.94299337, -6.46865989, -6.46865989, -6.19457718, -5.41967415,
       -6.46865989, -6.46865989, -6.72039618, -6.46865989, -5.94299337,
       -6.46865989, -6.46865989, -5.94299337, -5.41967415, -6.46865989,
       -5.94299337, -6.46865989, -5.41967415, -6.46865989, -6.46865989,
       -6.46865989, -6.46865989, -6.46865989, -5.41967415, -6.40775836,
       -6.157635  , -5.58404556, -6.157635  , -5.71234858, -5.82879685,
       -5.95188364, -6.03709438, -5.95188364, -5.95188364, -5.95188364,
       -5.71234858, -5.82879685, -6.30993899, -5.92609805, -5.4856847 ,
       -5.82879685, -6.17666088, -5.95188364, -5.95188364, -5.95188364,
       -5.95188364, -5.95188364, -6.36105927, -5.95188364, -5.95188364,
       -5.95188364, -6.46865989, -6.46865989, -6.04100338, -4.58129925,
       -4.97567006, -4.58129925, -4.97567006, -5.41967415, -4.58129925,
       -5.05974196, -5.07233837, -5.07233837, -5.07233837, -5.07233837,
       -5.07233837, -5.07233837, -4.58129925, -4.58129925, -4.58129925,
       -4.58129925, -5.07233837]), array([-6.44836037, -5.9264485 , -6.44836037, -6.01796032, -5.76375339,
       -6.67342255, -5.86594547, -6.67342255, -6.36859987, -6.29901302,
       -6.29901302, -6.44836037, -5.76375339, -6.44836037, -5.82035414,
       -5.79814846, -6.29901302, -6.29901302, -5.79814846, -6.44836037,
       -5.89012898, -6.44836037, -6.44836037, -6.39964816, -5.83888762,
       -6.29901302, -6.44836037, -6.44836037, -6.15014264, -6.29901302,
       -6.29901302, -6.44836037, -6.44836037, -6.29901302, -6.44836037,
       -6.29901302, -6.44836037, -6.44836037, -6.44836037, -5.86594547,
       -6.15014264, -6.44836037, -6.15014264, -6.39964816, -6.05395662,
       -6.50933635, -6.29901302, -6.44836037, -6.44836037, -6.44836037,
       -6.44836037, -6.29901302, -5.9264485 , -6.44836037, -6.15014264,
       -6.44836037, -6.44836037, -6.29901302, -5.82035414, -6.74194434,
       -6.15014264, -6.29901302, -5.89012898, -5.79814846, -6.29901302,
       -6.39964816, -6.33733045, -6.44836037, -6.44836037, -6.44836037,
       -6.44836037, -6.44836037, -6.44836037, -6.44836037, -6.29901302,
       -6.29901302, -5.89012898, -6.44836037, -6.44836037, -6.44836037,
       -6.15014264, -5.9264485 , -6.44836037, -6.44836037, -6.44836037,
       -6.44836037, -6.44836037, -5.89012898, -6.44836037, -6.44836037,
       -6.73989515, -6.73989515, -5.86594547, -5.89012898, -6.47508922,
       -6.73989515, -6.44836037, -6.44836037, -6.44836037, -6.44836037,
       -6.44836037, -6.44836037, -6.73989515, -6.44836037, -6.29901302,
       -6.44836037, -6.44836037, -6.44836037, -6.44836037, -6.44836037,
       -5.86594547, -5.89012898, -6.44836037, -6.44836037, -5.87396693,
       -6.29025565, -6.44836037, -6.44836037, -6.44836037, -6.44836037,
       -6.44836037, -6.44836037, -6.29025565, -6.44836037, -5.93169543,
       -6.23364535, -6.44836037, -6.44836037, -6.44836037, -6.44836037,
       -6.44836037, -6.73989515, -6.01188229, -6.44836037, -6.44836037,
       -6.44836037, -6.44836037, -6.44836037, -6.44836037, -6.61116139,
       -6.44836037, -6.13375813, -6.01188229, -6.73989515, -6.74194434,
       -6.50933635, -6.44836037, -6.04386651, -6.29025565, -6.44836037,
       -6.44836037, -6.74194434, -6.29025565, -5.4939695 , -6.44836037,
       -6.44836037, -6.44836037, -6.44836037, -6.10572866, -6.44836037,
       -6.44836037, -6.44836037, -6.44836037, -6.44836037, -6.44836037,
       -6.44836037, -6.44836037, -6.44836037, -6.44836037, -6.74194434,
       -6.44836037, -5.4939695 , -6.44836037, -6.44836037, -6.44836037,
       -6.29025565, -6.44836037, -6.44836037, -6.54780376, -6.32649647,
       -5.86594547, -6.44836037, -6.44836037, -6.29025565, -5.4939695 ,
       -6.44836037, -6.44836037, -6.74194434, -6.44836037, -5.86594547,
       -6.44836037, -6.44836037, -5.86594547, -5.4939695 , -6.44836037,
       -5.86594547, -6.44836037, -5.4939695 , -6.44836037, -6.44836037,
       -6.44836037, -6.44836037, -6.44836037, -5.4939695 , -5.54316322,
       -6.16075587, -5.77002853, -6.22600199, -5.55136266, -5.53854682,
       -5.79905236, -6.34680752, -5.79905236, -5.79905236, -5.79905236,
       -5.55136266, -5.53854682, -6.05635991, -5.4999492 , -5.67184388,
       -5.53854682, -6.40312804, -5.79905236, -5.79905236, -5.79905236,
       -5.79905236, -5.79905236, -6.21222028, -5.79905236, -5.79905236,
       -5.79905236, -6.44836037, -6.44836037, -6.19012975, -4.63625995,
       -5.04269167, -4.63625995, -5.04269167, -5.4939695 , -4.63625995,
       -5.02851588, -5.04269167, -5.04269167, -5.04269167, -5.04269167,
       -5.04269167, -5.04269167, -4.63625995, -4.63625995, -4.63625995,
       -4.63625995, -5.04269167]), array([-6.45568963, -6.45568963, -6.45568963, -5.87759777, -5.80408432,
       -6.74833196, -5.69149272, -6.74833196, -6.47709962, -6.2928592 ,
       -6.2928592 , -6.45568963, -5.80408432, -6.45568963, -5.72497126,
       -5.72497126, -6.2928592 , -6.2928592 , -5.72497126, -6.45568963,
       -5.94848182, -6.45568963, -6.45568963, -6.33384968, -5.74902767,
       -6.2928592 , -6.45568963, -6.45568963, -6.21202139, -6.2928592 ,
       -6.2928592 , -6.45568963, -6.45568963, -6.2928592 , -6.45568963,
       -6.2928592 , -6.45568963, -6.45568963, -6.45568963, -5.69149272,
       -6.21202139, -6.45568963, -6.21202139, -6.33384968, -5.93258857,
       -6.48688733, -6.2928592 , -6.45568963, -6.45568963, -6.45568963,
       -6.45568963, -6.2928592 , -6.45568963, -6.45568963, -6.21202139,
       -6.45568963, -6.45568963, -6.2928592 , -5.72497126, -6.72220257,
       -6.21202139, -6.2928592 , -5.94848182, -5.72497126, -6.2928592 ,
       -6.33384968, -6.11016497, -6.45568963, -6.45568963, -6.45568963,
       -6.45568963, -6.45568963, -6.45568963, -6.45568963, -6.2928592 ,
       -6.2928592 , -5.94848182, -6.45568963, -6.45568963, -6.45568963,
       -6.21202139, -6.45568963, -6.45568963, -6.45568963, -6.45568963,
       -6.45568963, -6.45568963, -5.94848182, -6.45568963, -6.45568963,
       -6.9061979 , -6.9061979 , -5.69149272, -5.94848182, -6.54041864,
       -6.9061979 , -6.45568963, -6.45568963, -6.45568963, -6.45568963,
       -6.45568963, -6.45568963, -6.9061979 , -6.45568963, -6.2928592 ,
       -6.45568963, -6.45568963, -6.45568963, -6.45568963, -6.45568963,
       -5.69149272, -5.94848182, -6.45568963, -6.45568963, -5.86087174,
       -6.24716822, -6.45568963, -6.45568963, -6.45568963, -6.45568963,
       -6.45568963, -6.45568963, -6.24716822, -6.45568963, -5.76545832,
       -6.29506413, -6.45568963, -6.45568963, -6.45568963, -6.45568963,
       -6.45568963, -6.9061979 , -5.95495438, -6.45568963, -6.45568963,
       -6.45568963, -6.45568963, -6.45568963, -6.45568963, -6.78554949,
       -6.45568963, -6.42709282, -5.95495438, -6.9061979 , -6.72220257,
       -6.48688733, -6.45568963, -6.2007693 , -6.24716822, -6.45568963,
       -6.45568963, -6.72220257, -6.24716822, -5.46342286, -6.45568963,
       -6.45568963, -6.45568963, -6.45568963, -6.37938381, -6.45568963,
       -6.45568963, -6.45568963, -6.45568963, -6.45568963, -6.45568963,
       -6.45568963, -6.45568963, -6.45568963, -6.45568963, -6.72220257,
       -6.45568963, -5.46342286, -6.45568963, -6.45568963, -6.45568963,
       -6.24716822, -6.45568963, -6.45568963, -6.39639758, -6.02866259,
       -5.69149272, -6.45568963, -6.45568963, -6.24716822, -5.46342286,
       -6.45568963, -6.45568963, -6.72220257, -6.45568963, -5.69149272,
       -6.45568963, -6.45568963, -5.69149272, -5.46342286, -6.45568963,
       -5.69149272, -6.45568963, -5.46342286, -6.45568963, -6.45568963,
       -6.45568963, -6.45568963, -6.45568963, -5.46342286, -5.68964887,
       -6.10386813, -5.69290796, -6.17795673, -5.60641347, -5.61585036,
       -5.86656248, -6.18262969, -5.86656248, -5.86656248, -5.86656248,
       -5.60641347, -5.61585036, -6.1201624 , -5.55329908, -5.54451492,
       -5.61585036, -6.27849103, -5.86656248, -5.86656248, -5.86656248,
       -5.86656248, -5.86656248, -6.23216305, -5.86656248, -5.86656248,
       -5.86656248, -6.45568963, -6.45568963, -6.08863455, -4.69783819,
       -5.05257001, -4.69783819, -5.05257001, -5.46342286, -4.69783819,
       -4.96411938, -5.05257001, -5.05257001, -5.05257001, -5.05257001,
       -5.05257001, -5.05257001, -4.69783819, -4.69783819, -4.69783819,
       -4.69783819, -5.05257001]), array([-6.43867361, -6.43867361, -6.43867361, -5.92059497, -5.82492494,
       -6.72351543, -5.85202279, -6.72351543, -6.92053054, -6.29908847,
       -6.29908847, -6.43867361, -5.82492494, -6.43867361, -5.70109983,
       -5.70109983, -6.29908847, -6.29908847, -5.70109983, -6.43867361,
       -5.9414921 , -6.43867361, -6.43867361, -6.31935128, -5.85149559,
       -6.29908847, -6.43867361, -6.43867361, -6.24337593, -6.29908847,
       -6.29908847, -6.43867361, -6.43867361, -6.29908847, -6.43867361,
       -6.29908847, -6.43867361, -6.43867361, -6.43867361, -5.85202279,
       -6.24337593, -6.43867361, -6.24337593, -6.31935128, -5.98456346,
       -6.6078565 , -6.29908847, -6.43867361, -6.43867361, -6.43867361,
       -6.43867361, -6.29908847, -6.43867361, -6.43867361, -6.24337593,
       -6.43867361, -6.43867361, -6.29908847, -5.70109983, -6.78087886,
       -6.24337593, -6.29908847, -5.9414921 , -5.70109983, -6.29908847,
       -6.31935128, -6.15883079, -6.43867361, -6.43867361, -6.43867361,
       -6.43867361, -6.43867361, -6.43867361, -6.43867361, -6.29908847,
       -6.29908847, -5.9414921 , -6.43867361, -6.43867361, -6.43867361,
       -6.24337593, -6.43867361, -6.43867361, -6.43867361, -6.43867361,
       -6.43867361, -6.43867361, -5.9414921 , -6.43867361, -6.43867361,
       -6.79458999, -6.79458999, -5.85202279, -5.9414921 , -6.59962859,
       -6.79458999, -6.43867361, -6.43867361, -6.43867361, -6.43867361,
       -6.43867361, -6.43867361, -6.79458999, -6.43867361, -6.29908847,
       -6.43867361, -6.43867361, -6.43867361, -6.43867361, -6.43867361,
       -5.85202279, -5.9414921 , -6.43867361, -6.43867361, -5.92978297,
       -6.32136104, -6.43867361, -6.43867361, -6.43867361, -6.43867361,
       -6.43867361, -6.43867361, -6.32136104, -6.43867361, -5.78875421,
       -6.47096685, -6.43867361, -6.43867361, -6.43867361, -6.43867361,
       -6.43867361, -6.79458999, -5.94180883, -6.43867361, -6.43867361,
       -6.43867361, -6.43867361, -6.43867361, -6.43867361, -6.78367935,
       -6.43867361, -6.27301165, -5.94180883, -6.79458999, -6.78087886,
       -6.6078565 , -6.43867361, -6.12043435, -6.32136104, -6.43867361,
       -6.43867361, -6.78087886, -6.32136104, -5.4236794 , -6.43867361,
       -6.43867361, -6.43867361, -6.43867361, -6.35338422, -6.43867361,
       -6.43867361, -6.43867361, -6.43867361, -6.43867361, -6.43867361,
       -6.43867361, -6.43867361, -6.43867361, -6.43867361, -6.78087886,
       -6.43867361, -5.4236794 , -6.43867361, -6.43867361, -6.43867361,
       -6.32136104, -6.43867361, -6.43867361, -6.67852357, -6.17895153,
       -5.85202279, -6.43867361, -6.43867361, -6.32136104, -5.4236794 ,
       -6.43867361, -6.43867361, -6.78087886, -6.43867361, -5.85202279,
       -6.43867361, -6.43867361, -5.85202279, -5.4236794 , -6.43867361,
       -5.85202279, -6.43867361, -5.4236794 , -6.43867361, -6.43867361,
       -6.43867361, -6.43867361, -6.43867361, -5.4236794 , -5.60916365,
       -6.1982067 , -5.72304655, -6.22851513, -5.57748692, -5.75668635,
       -5.75142233, -6.37890789, -5.75142233, -5.75142233, -5.75142233,
       -5.57748692, -5.75668635, -5.87635064, -5.75142233, -5.43959394,
       -5.75668635, -6.16545228, -5.75142233, -5.75142233, -5.75142233,
       -5.75142233, -5.75142233, -6.32572977, -5.75142233, -5.75142233,
       -5.75142233, -6.43867361, -6.43867361, -6.42641481, -4.67924062,
       -5.03305093, -4.67924062, -5.03305093, -5.4236794 , -4.67924062,
       -4.90332748, -5.03305093, -5.03305093, -5.03305093, -5.03305093,
       -5.03305093, -5.03305093, -4.67924062, -4.67924062, -4.67924062,
       -4.67924062, -5.03305093]), array([-6.44409826, -6.44409826, -6.44409826, -5.88733124, -5.78258268,
       -6.71443385, -5.85955694, -6.71443385, -6.45380132, -6.29571634,
       -6.29571634, -6.44409826, -5.78258268, -6.44409826, -5.75580269,
       -5.74946436, -6.29571634, -6.29571634, -5.74946436, -6.44409826,
       -5.96681247, -6.44409826, -6.44409826, -6.24814033, -5.71049011,
       -6.29571634, -6.44409826, -6.44409826, -6.15594214, -6.29571634,
       -6.29571634, -6.44409826, -6.44409826, -6.29571634, -6.44409826,
       -6.29571634, -6.44409826, -6.44409826, -6.44409826, -5.85955694,
       -6.15594214, -6.44409826, -6.15594214, -6.24814033, -5.75349099,
       -6.28910815, -6.29571634, -6.44409826, -6.44409826, -6.44409826,
       -6.44409826, -6.29571634, -6.44409826, -6.44409826, -6.15594214,
       -6.44409826, -6.44409826, -6.29571634, -5.75580269, -6.66290299,
       -6.15594214, -6.29571634, -5.96681247, -5.74946436, -6.29571634,
       -6.24814033, -6.11285319, -6.44409826, -6.44409826, -6.44409826,
       -6.44409826, -6.44409826, -6.44409826, -6.44409826, -6.29571634,
       -6.29571634, -5.96681247, -6.44409826, -6.44409826, -6.44409826,
       -6.15594214, -6.44409826, -6.44409826, -6.44409826, -6.44409826,
       -6.44409826, -6.44409826, -5.96681247, -6.44409826, -6.44409826,
       -6.85936006, -6.85936006, -5.85955694, -5.96681247, -6.52993115,
       -6.85936006, -6.44409826, -6.44409826, -6.44409826, -6.44409826,
       -6.44409826, -6.44409826, -6.85936006, -6.44409826, -6.29571634,
       -6.44409826, -6.44409826, -6.44409826, -6.44409826, -6.44409826,
       -5.85955694, -5.96681247, -6.44409826, -6.44409826, -6.00561715,
       -6.22733351, -6.44409826, -6.44409826, -6.44409826, -6.44409826,
       -6.44409826, -6.44409826, -6.22733351, -6.44409826, -5.75731848,
       -6.44820145, -6.44409826, -6.44409826, -6.44409826, -6.44409826,
       -6.44409826, -6.85936006, -5.96787926, -6.44409826, -6.44409826,
       -6.44409826, -6.44409826, -6.44409826, -6.44409826, -6.76290956,
       -6.44409826, -6.59059924, -5.96787926, -6.85936006, -6.66290299,
       -6.28910815, -6.44409826, -6.17524695, -6.22733351, -6.44409826,
       -6.44409826, -6.66290299, -6.22733351, -5.53434002, -6.44409826,
       -6.44409826, -6.44409826, -6.44409826, -6.37288202, -6.44409826,
       -6.44409826, -6.44409826, -6.44409826, -6.44409826, -6.44409826,
       -6.44409826, -6.44409826, -6.44409826, -6.44409826, -6.66290299,
       -6.44409826, -5.53434002, -6.44409826, -6.44409826, -6.44409826,
       -6.22733351, -6.44409826, -6.44409826, -6.30206607, -6.21864977,
       -5.85955694, -6.44409826, -6.44409826, -6.22733351, -5.53434002,
       -6.44409826, -6.44409826, -6.66290299, -6.44409826, -5.85955694,
       -6.44409826, -6.44409826, -5.85955694, -5.53434002, -6.44409826,
       -5.85955694, -6.44409826, -5.53434002, -6.44409826, -6.44409826,
       -6.44409826, -6.44409826, -6.44409826, -5.53434002, -5.58219472,
       -5.74882958, -5.75415219, -5.74882958, -5.55970916, -5.89684243,
       -5.85293048, -5.80349737, -5.85293048, -5.85293048, -5.85293048,
       -5.55970916, -5.89684243, -6.20451486, -5.81723727, -5.55756057,
       -5.89684243, -5.93366846, -5.85293048, -5.85293048, -5.85293048,
       -5.85293048, -5.85293048, -6.24764462, -5.85293048, -5.85293048,
       -5.85293048, -6.44409826, -6.44409826, -6.02754002, -4.55393138,
       -5.05874699, -4.55393138, -5.05874699, -5.53434002, -4.55393138,
       -5.06705258, -5.07438699, -5.07438699, -5.07438699, -5.07438699,
       -5.07438699, -5.07438699, -4.55393138, -4.55393138, -4.55393138,
       -4.55393138, -5.07438699])]","[-6.45109635 -6.23046579 -6.45109635 -5.9366093  -5.78447072 -6.71861978
 -5.84240226 -6.71861978 -6.61436645 -6.29260167 -6.29260167 -6.45109635
 -5.78447072 -6.45109635 -5.74590816 -5.74411843 -6.29260167 -6.29260167
 -5.74411843 -6.45109635 -5.94094512 -6.45109635 -6.45109635 -6.33926739
 -5.76625999 -6.29260167 -6.45109635 -6.45109635 -6.18404711 -6.29260167
 -6.29260167 -6.45109635 -6.45109635 -6.29260167 -6.45109635 -6.29260167
 -6.45109635 -6.45109635 -6.45109635 -5.84240226 -6.18404711 -6.45109635
 -6.18404711 -6.33926739 -5.95459069 -6.50434609 -6.29260167 -6.45109635
 -6.45109635 -6.45109635 -6.45109635 -6.29260167 -6.23046579 -6.45109635
 -6.18404711 -6.45109635 -6.45109635 -6.29260167 -5.74590816 -6.72566499
 -6.18404711 -6.29260167 -5.94094512 -5.74411843 -6.29260167 -6.33926739
 -6.22109483 -6.45109635 -6.45109635 -6.45109635 -6.45109635 -6.45109635
 -6.45109635 -6.45109635 -6.29260167 -6.29260167 -5.94094512 -6.45109635
 -6.45109635 -6.45109635 -6.18404711 -6.23046579 -6.45109635 -6.45109635
 -6.45109635 -6.45109635 -6.45109635 -5.94094512 -6.45109635 -6.45109635
 -6.83575283 -6.83575283 -5.84240226 -5.94094512 -6.53518328 -6.83575283
 -6.45109635 -6.45109635 -6.45109635 -6.45109635 -6.45109635 -6.45109635
 -6.83575283 -6.45109635 -6.29260167 -6.45109635 -6.45109635 -6.45109635
 -6.45109635 -6.45109635 -5.84240226 -5.94094512 -6.45109635 -6.45109635
 -5.92348797 -6.25613912 -6.45109635 -6.45109635 -6.45109635 -6.45109635
 -6.45109635 -6.45109635 -6.25613912 -6.45109635 -5.800638   -6.39515696
 -6.45109635 -6.45109635 -6.45109635 -6.45109635 -6.45109635 -6.83575283
 -5.98974272 -6.45109635 -6.45109635 -6.45109635 -6.45109635 -6.45109635
 -6.45109635 -6.74249329 -6.45109635 -6.33829112 -5.98974272 -6.83575283
 -6.72566499 -6.50434609 -6.45109635 -6.13986548 -6.25613912 -6.45109635
 -6.45109635 -6.72566499 -6.25613912 -5.46701719 -6.45109635 -6.45109635
 -6.45109635 -6.45109635 -6.26146368 -6.45109635 -6.45109635 -6.45109635
 -6.45109635 -6.45109635 -6.45109635 -6.45109635 -6.45109635 -6.45109635
 -6.45109635 -6.72566499 -6.45109635 -5.46701719 -6.45109635 -6.45109635
 -6.45109635 -6.25613912 -6.45109635 -6.45109635 -6.41753147 -6.18072734
 -5.84240226 -6.45109635 -6.45109635 -6.25613912 -5.46701719 -6.45109635
 -6.45109635 -6.72566499 -6.45109635 -5.84240226 -6.45109635 -6.45109635
 -5.84240226 -5.46701719 -6.45109635 -5.84240226 -6.45109635 -5.46701719
 -6.45109635 -6.45109635 -6.45109635 -6.45109635 -6.45109635 -5.46701719
 -5.76638576 -6.07385906 -5.70483616 -6.10778768 -5.60146416 -5.72734456
 -5.84437026 -6.14978737 -5.84437026 -5.84437026 -5.84437026 -5.60146416
 -5.72734456 -6.11346536 -5.70960118 -5.5398396  -5.72734456 -6.19148014
 -5.84437026 -5.84437026 -5.84437026 -5.84437026 -5.84437026 -6.2757634
 -5.84437026 -5.84437026 -5.84437026 -6.45109635 -6.45109635 -6.1547445
 -4.62971388 -5.03254593 -4.62971388 -5.03254593 -5.46701719 -4.62971388
 -5.00455146 -5.05500759 -5.05500759 -5.05500759 -5.05500759 -5.05500759
 -5.05500759 -4.62971388 -4.62971388 -4.62971388 -4.62971388 -5.05500759]","[0.01039576 0.26450813 0.01039576 0.05409267 0.02777568 0.02524046
 0.08225981 0.02524046 0.22589206 0.00845784 0.00845784 0.01039576
 0.02777568 0.01039576 0.04106587 0.03216464 0.00845784 0.00845784
 0.03216464 0.01039576 0.02680646 0.01039576 0.01039576 0.05571527
 0.06804191 0.00845784 0.01039576 0.01039576 0.03709889 0.00845784
 0.00845784 0.01039576 0.01039576 0.00845784 0.01039576 0.00845784
 0.01039576 0.01039576 0.01039576 0.08225981 0.03709889 0.01039576
 0.03709889 0.05571527 0.1099897  0.12066163 0.00845784 0.01039576
 0.01039576 0.01039576 0.01039576 0.00845784 0.26450813 0.01039576
 0.03709889 0.01039576 0.01039576 0.00845784 0.04106587 0.03819007
 0.03709889 0.00845784 0.02680646 0.03216464 0.00845784 0.05571527
 0.11721794 0.01039576 0.01039576 0.01039576 0.01039576 0.01039576
 0.01039576 0.01039576 0.00845784 0.00845784 0.02680646 0.01039576
 0.01039576 0.01039576 0.03709889 0.26450813 0.01039576 0.01039576
 0.01039576 0.01039576 0.01039576 0.02680646 0.01039576 0.01039576
 0.06041382 0.06041382 0.08225981 0.02680646 0.03959362 0.06041382
 0.01039576 0.01039576 0.01039576 0.01039576 0.01039576 0.01039576
 0.06041382 0.01039576 0.00845784 0.01039576 0.01039576 0.01039576
 0.01039576 0.01039576 0.08225981 0.02680646 0.01039576 0.01039576
 0.05238371 0.04498433 0.01039576 0.01039576 0.01039576 0.01039576
 0.01039576 0.01039576 0.04498433 0.01039576 0.06646183 0.11161363
 0.01039576 0.01039576 0.01039576 0.01039576 0.01039576 0.06041382
 0.04748351 0.01039576 0.01039576 0.01039576 0.01039576 0.01039576
 0.01039576 0.06622158 0.01039576 0.15666754 0.04748351 0.06041382
 0.03819007 0.12066163 0.01039576 0.05462786 0.04498433 0.01039576
 0.01039576 0.03819007 0.04498433 0.04333875 0.01039576 0.01039576
 0.01039576 0.01039576 0.13146876 0.01039576 0.01039576 0.01039576
 0.01039576 0.01039576 0.01039576 0.01039576 0.01039576 0.01039576
 0.01039576 0.03819007 0.01039576 0.04333875 0.01039576 0.01039576
 0.01039576 0.04498433 0.01039576 0.01039576 0.18095355 0.09664851
 0.08225981 0.01039576 0.01039576 0.04498433 0.04333875 0.01039576
 0.01039576 0.03819007 0.01039576 0.08225981 0.01039576 0.01039576
 0.08225981 0.04333875 0.01039576 0.08225981 0.01039576 0.04333875
 0.01039576 0.01039576 0.01039576 0.01039576 0.01039576 0.04333875
 0.3242594  0.16527341 0.06594905 0.18155391 0.05856347 0.13263377
 0.06755432 0.21213592 0.06755432 0.06755432 0.06755432 0.05856347
 0.13263377 0.14589117 0.16036816 0.07841297 0.13263377 0.15474473
 0.06755432 0.06755432 0.06755432 0.06755432 0.06755432 0.05744808
 0.06755432 0.06755432 0.06755432 0.01039576 0.01039576 0.14734003
 0.05517904 0.02975068 0.05517904 0.02975068 0.04333875 0.05517904
 0.06230204 0.01622119 0.01622119 0.01622119 0.01622119 0.01622119
 0.01622119 0.05517904 0.05517904 0.05517904 0.05517904 0.01622119]"
1,DecisionTreeRegressor,"[-6.475860759493668, -7.2700000000000005, -7.2700000000000005, -7.036666666666666, -5.755357142857142, -6.915, -5.64, -5.755357142857142, -6.475860759493668, -6.475860759493668, -6.184, -5.6859090909090915, -6.475860759493668, -6.475860759493668, -6.185, -5.745, -6.475860759493668, -5.998333333333334, -6.185, -6.63, -6.63, -5.755357142857142, -6.475860759493668, -6.0648260411, -6.475860759493668, -5.966666666666666, -5.745, -5.6859090909090915, -6.185, -7.036666666666666, -5.6859090909090915, -6.609999999999999, -6.475860759493668, -6.475860759493668, -6.475860759493668, -6.475860759493668, -5.966666666666666, -5.536666666666666, -6.184, -6.185, -6.475860759493668, -6.475860759493668, -6.609999999999999, -6.408935393, -6.475860759493668, -6.475860759493668, -6.475860759493668, -6.475860759493668, -6.475860759493668, -6.475860759493668, -6.475860759493668, -6.475860759493668, -6.475860759493668, -6.185, -6.185, -6.185, -6.475860759493668, -6.475860759493668, -6.475860759493668, -5.536666666666666, -6.475860759493668, -6.475860759493668, -6.185, -6.0648260411, -6.475860759493668, -6.475860759493668, -6.475860759493668, -6.475860759493668, -6.475860759493668, -6.475860759493668, -6.475860759493668, -6.475860759493668, -6.475860759493668, -6.475860759493668, -7.134683623000001, -5.966666666666666, -6.185, -6.475860759493668, -6.609999999999999, -6.475860759493668, -6.475860759493668, -6.475860759493668, -6.475860759493668, -6.475860759493668, -6.475860759493668, -6.295000000000001, -6.0025, -6.475860759493668, -6.475860759493668, -6.475860759493668, -6.475860759493668, -5.966666666666666, -6.475860759493668, -6.185, -5.966666666666666, -6.475860759493668, -6.475860759493668, -6.475860759493668, -6.475860759493668, -6.475860759493668, -6.185, -6.475860759493668, -5.64, -6.752000000000001, -6.475860759493668, -6.752000000000001, -6.295000000000001, -6.9467404877500005, -6.475860759493668, -6.475860759493668, -6.752000000000001, -6.475860759493668, -6.475860759493668, -5.9572816263999995, -5.9572816263999995, -6.752000000000001, -6.752000000000001, -6.475860759493668, -6.475860759493668, -6.475860759493668, -5.6850000000000005, -6.752000000000001, -6.475860759493668, -6.475860759493668, -6.475860759493668, -6.475860759493668, -5.966666666666666, -6.475860759493668, -6.475860759493668, -6.475860759493668, -6.475860759493668, -6.475860759493668, -6.475860759493668, -6.475860759493668, -6.475860759493668, -6.475860759493668, -6.752000000000001, -6.06153846153846, -6.06153846153846, -6.06153846153846, -6.38, -5.406486486486486, -6.06153846153846, -6.06153846153846, -6.475860759493668, -5.966666666666666, -6.475860759493668, -5.406486486486486, -6.475860759493668, -6.475860759493668, -6.475860759493668, -6.475860759493668, -6.475860759493668, -6.475860759493668, -5.406486486486486, -5.406486486486486, -6.475860759493668, -6.475860759493668, -6.501666666666666, -6.475860759493668, -6.475860759493668, -6.475860759493668, -5.406486486486486, -5.406486486486486, -5.406486486486486, -6.7, -6.501666666666666, -6.501666666666666, -5.64, -5.406486486486486, -5.406486486486486, -5.646000000000001, -5.984871794871793, -5.984871794871793, -5.984871794871793, -5.941666666666666, -6.4375, -6.894, -5.984871794871793, -5.646000000000001, -5.984871794871793, -5.984871794871793, -5.984871794871793, -5.646000000000001, -6.475860759493668, -6.16, -6.475860759493668, -5.406486486486486, -6.475860759493668, -6.16, -5.406486486486486, -5.406486486486486, -4.552499999999999, -4.96361422, -4.96361422, -4.552499999999999, -5.060000000000001, -5.060000000000001, -5.060000000000001, -5.060000000000001, -4.552499999999999, -4.552499999999999, -7.2275, -7.2275, -6.453916876574302, -5.866086956521738, -6.168378378378378, -6.453916876574302, -5.704090909090909, -5.96, -5.704090909090909, -5.704090909090909, -5.6933333333333325, -5.8149999999999995, -5.62, -6.453916876574302, -5.983333333333333, -6.168378378378378, -6.453916876574302, -6.453916876574302, -6.453916876574302, -6.453916876574302, -6.453916876574302, -5.704090909090909, -6.453916876574302, -6.453916876574302, -6.168378378378378, -5.704090909090909, -6.168378378378378, -5.96, -6.823908741, -5.8149999999999995, -6.453916876574302, -6.453916876574302, -5.805, -6.453916876574302, -6.453916876574302, -7.05, -6.145815339941176, -6.168378378378378, -6.168378378378378, -6.168378378378378, -6.453916876574302, -6.453916876574302, -6.453916876574302, -6.168378378378378, -7.162743853142857, -6.489999999999999, -6.823908741, -6.168378378378378, -6.145815339941176, -6.453916876574302, -6.67, -7.05, -6.67, -6.453916876574302, -6.855, -6.453916876574302, -6.145815339941176, -5.805, -6.453916876574302, -6.453916876574302, -6.453916876574302, -6.453916876574302, -6.453916876574302, -6.453916876574302, -6.4366666666666665, -6.168378378378378, -6.145815339941176, -7.162743853142857, -6.145815339941176, -6.145815339941176, -6.453916876574302, -6.453916876574302, -6.453916876574302, -7.162743853142857, -6.67, -6.453916876574302, -6.453916876574302, -6.820666666666667, -6.453916876574302, -7.162743853142857, -6.453916876574302, -6.820666666666667, -6.453916876574302, -5.829999999999999, -5.829999999999999, -6.453916876574302, -5.6933333333333325, -6.453916876574302, -6.453916876574302, -7.015000000000001, -6.266923076923078, -6.453916876574302, -6.232774392800001, -6.453916876574302, -6.391666666666667, -6.453916876574302, -6.453916876574302, -6.453916876574302, -6.453916876574302, -6.453916876574302, -6.453916876574302, -6.453916876574302, -6.453916876574302, -5.849682799750001, -5.849682799750001, -6.453916876574302, -6.453916876574302, -5.849682799750001, -6.453916876574302, -7.162743853142857, -6.453916876574302, -6.453916876574302, -6.453916876574302, -6.64, -7.015000000000001, -6.453916876574302, -6.453916876574302, -6.453916876574302, -6.453916876574302, -6.453916876574302, -6.453916876574302, -6.266923076923078, -6.453916876574302, -6.453916876574302, -6.453916876574302, -6.453916876574302, -6.453916876574302, -6.453916876574302, -6.453916876574302, -6.453916876574302, -6.453916876574302, -5.866086956521738, -6.266923076923078, -6.453916876574302, -6.453916876574302, -5.484146341463414, -7.54, -6.266923076923078, -6.453916876574302, -5.484146341463414, -6.453916876574302, -6.453916876574302, -6.453916876574302, -6.266923076923078, -6.453916876574302, -6.453916876574302, -5.484146341463414, -6.453916876574302, -6.453916876574302, -6.453916876574302, -6.453916876574302, -6.453916876574302, -6.453916876574302, -5.484146341463414, -6.453916876574302, -5.866086956521738, -6.453916876574302, -6.453916876574302, -6.453916876574302, -6.453916876574302, -6.453916876574302, -6.453916876574302, -5.484146341463414, -5.484146341463414, -5.484146341463414, -5.484146341463414, -5.7906578947368414, -5.7906578947368414, -5.7906578947368414, -5.7906578947368414, -5.7906578947368414, -5.7, -5.7, -5.7906578947368414, -5.7906578947368414, -5.4375, -6.453916876574302, -5.7906578947368414, -6.453916876574302, -5.7906578947368414, -6.333333333333333, -4.561176470588234, -4.561176470588234, -4.561176470588234, -4.561176470588234, -5.0528571428571425, -5.0528571428571425, -5.0528571428571425, -5.0528571428571425, -5.0528571428571425, -5.0528571428571425, -5.0528571428571425, -5.0528571428571425, -5.0528571428571425, -5.062741012, -5.062741012, -4.561176470588234, -4.561176470588234, -4.561176470588234, -5.0528571428571425, -5.0528571428571425, -5.0528571428571425, -7.036666666666666, -6.476837270341207, -5.998, -5.998, -6.476837270341207, -5.701923076923077, -6.476837270341207, -6.336666666666667, -6.476837270341207, -5.96, -6.093333333333334, -6.093333333333334, -6.227906976744185, -6.227906976744185, -5.703125, -5.786071428571428, -6.476837270341207, -6.476837270341207, -6.476837270341207, -5.85, -6.476837270341207, -6.075538477882354, -6.093333333333334, -6.476837270341207, -5.703125, -6.476837270341207, -6.476837270341207, -6.476837270341207, -6.075538477882354, -5.970000000000001, -6.476837270341207, -6.476837270341207, -6.476837270341207, -5.703125, -6.476837270341207, -6.476837270341207, -6.476837270341207, -6.260000000000001, -6.476837270341207, -6.227906976744185, -7.0, -6.476837270341207, -6.136666666666667, -5.786071428571428, -6.476837270341207, -6.075538477882354, -6.476837270341207, -6.476837270341207, -6.476837270341207, -7.0, -6.593999999999999, -6.476837270341207, -6.075538477882354, -6.476837270341207, -6.476837270341207, -6.476837270341207, -6.476837270341207, -5.970000000000001, -6.476837270341207, -6.476837270341207, -6.476837270341207, -6.476837270341207, -6.0, -6.476837270341207, -6.476837270341207, -6.075538477882354, -6.476837270341207, -6.476837270341207, -6.476837270341207, -6.476837270341207, -6.476837270341207, -6.476837270341207, -6.476837270341207, -6.476837270341207, -5.89, -5.703125, -6.476837270341207, -6.476837270341207, -7.138120754666667, -6.227906976744185, -6.958607315, -6.476837270341207, -6.476837270341207, -5.786071428571428, -6.476837270341207, -6.476837270341207, -6.0, -6.476837270341207, -6.476837270341207, -5.703125, -5.703125, -6.476837270341207, -6.476837270341207, -6.476837270341207, -6.476837270341207, -6.0, -6.476837270341207, -7.138120754666667, -5.886666666666667, -6.476837270341207, -6.476837270341207, -6.476837270341207, -6.476837270341207, -6.476837270341207, -6.476837270341207, -6.476837270341207, -6.476837270341207, -6.12643937275, -6.476837270341207, -6.87642857142857, -6.12643937275, -6.476837270341207, -6.476837270341207, -6.476837270341207, -6.87642857142857, -6.476837270341207, -6.476837270341207, -6.476837270341207, -6.476837270341207, -6.476837270341207, -6.87642857142857, -6.476837270341207, -6.476837270341207, -6.476837270341207, -6.476837270341207, -6.476837270341207, -6.476837270341207, -6.476837270341207, -6.87642857142857, -6.476837270341207, -6.476837270341207, -6.476837270341207, -6.476837270341207, -6.19, -6.476837270341207, -6.390000000000001, -6.476837270341207, -6.476837270341207, -6.476837270341207, -6.476837270341207, -6.476837270341207, -6.476837270341207, -6.476837270341207, -6.466666666666666, -6.476837270341207, -6.476837270341207, -6.476837270341207, -6.476837270341207, -6.136666666666667, -6.658333333333334, -6.136666666666667, -5.89, -5.703125, -5.4676190476190465, -6.136666666666667, -6.476837270341207, -6.476837270341207, -5.703125, -6.476837270341207, -6.476837270341207, -6.476837270341207, -6.476837270341207, -6.476837270341207, -5.703125, -5.703125, -6.476837270341207, -5.4676190476190465, -5.4676190476190465, -5.4676190476190465, -5.4676190476190465, -5.451818181818182, -5.4676190476190465, -5.863472222222223, -5.863472222222223, -6.466666666666666, -5.863472222222223, -5.863472222222223, -5.451818181818182, -5.863472222222223, -5.863472222222223, -5.863472222222223, -5.863472222222223, -5.863472222222223, -5.863472222222223, -6.476837270341207, -6.476837270341207, -6.28, -6.476837270341207, -5.4676190476190465, -5.097473139833333, -4.564444444444445, -5.097473139833333, -5.4676190476190465, -4.564444444444445, -4.564444444444445, -5.053703703703703, -5.053703703703703, -4.564444444444445, -4.564444444444445, -4.564444444444445, -5.053703703703703, -6.45876923076923, -7.392, -5.623888888888889, -7.146666666666666, -5.9239999999999995, -6.45876923076923, -6.45876923076923, -6.45876923076923, -5.3, -6.201351351351351, -5.848333333333333, -5.623888888888889, -6.45876923076923, -6.45876923076923, -6.45876923076923, -6.45876923076923, -6.45876923076923, -6.201351351351351, -6.453333333333333, -5.9239999999999995, -6.852320650333334, -6.45876923076923, -5.848333333333333, -6.0906395411666665, -6.201351351351351, -6.45876923076923, -6.45876923076923, -6.201351351351351, -6.45876923076923, -6.45876923076923, -5.623888888888889, -5.848333333333333, -5.848333333333333, -5.848333333333333, -6.0906395411666665, -6.45876923076923, -6.45876923076923, -6.45876923076923, -6.45876923076923, -6.45876923076923, -6.45876923076923, -6.45876923076923, -6.45876923076923, -6.0906395411666665, -6.45876923076923, -6.45876923076923, -6.45876923076923, -6.45876923076923, -5.880454545454546, -6.45876923076923, -6.45876923076923, -6.45876923076923, -6.201351351351351, -5.623888888888889, -6.45876923076923, -6.45876923076923, -6.45876923076923, -5.7125, -6.201351351351351, -5.623888888888889, -6.45876923076923, -6.319333333333334, -6.45876923076923, -6.45876923076923, -6.45876923076923, -6.45876923076923, -6.324, -5.9399999999999995, -6.45876923076923, -6.45876923076923, -6.0906395411666665, -6.45876923076923, -6.45876923076923, -6.45876923076923, -6.45876923076923, -6.45876923076923, -6.45876923076923, -6.61740736375, -6.45876923076923, -6.201351351351351, -6.45876923076923, -6.45876923076923, -6.45876923076923, -5.39, -6.201351351351351, -6.201351351351351, -6.201351351351351, -5.880454545454546, -6.07, -6.07, -6.45876923076923, -6.45876923076923, -5.75, -7.149648470000001, -6.45876923076923, -6.45876923076923, -6.61740736375, -6.45876923076923, -6.45876923076923, -6.45876923076923, -6.45876923076923, -6.45876923076923, -6.8453333333333335, -6.8453333333333335, -6.45876923076923, -5.982321983333333, -6.45876923076923, -6.45876923076923, -6.45876923076923, -6.45876923076923, -7.149648470000001, -6.958607315, -6.521666666666667, -6.958607315, -6.45876923076923, -6.319333333333334, -5.880454545454546, -6.45876923076923, -6.45876923076923, -6.45876923076923, -6.45876923076923, -6.45876923076923, -5.75, -6.319333333333334, -6.45876923076923, -6.45876923076923, -6.45876923076923, -6.45876923076923, -6.45876923076923, -6.45876923076923, -6.45876923076923, -5.443589743589743, -6.45876923076923, -6.45876923076923, -6.45876923076923, -6.390000000000001, -6.45876923076923, -6.45876923076923, -6.455931956, -5.443589743589743, -6.45876923076923, -5.443589743589743, -6.45876923076923, -6.45876923076923, -6.45876923076923, -6.45876923076923, -5.443589743589743, -6.45876923076923, -6.45876923076923, -6.45876923076923, -6.45876923076923, -5.443589743589743, -6.45876923076923, -6.45876923076923, -6.45876923076923, -6.45876923076923, -6.45876923076923, -5.443589743589743, -6.45876923076923, -6.45876923076923, -6.45876923076923, -5.443589743589743, -5.15, -7.05, -5.443589743589743, -5.4725, -5.4725, -5.75642857142857, -5.75642857142857, -5.661666666666666, -5.4725, -6.390000000000001, -4.555, -5.75642857142857, -5.4725, -5.4725, -5.75642857142857, -5.75642857142857, -5.75642857142857, -5.75642857142857, -6.8453333333333335, -6.71, -5.75642857142857, -5.75642857142857, -5.443589743589743, -6.71, -5.75642857142857, -5.75642857142857, -5.084001269428571, -5.443589743589743, -4.573157894736843, -4.573157894736843, -5.025833333333334, -5.025833333333334, -5.025833333333334, -5.025833333333334, -4.573157894736843, -4.573157894736843, -4.573157894736843, -5.025833333333334, -5.025833333333334, -6.461118251928014, -7.386, -7.109999999999999, -6.461118251928014, -6.238285714285715, -6.461118251928014, -6.75, -6.461118251928014, -6.461118251928014, -6.022560273375, -6.244, -6.238285714285715, -5.871428571428571, -6.461118251928014, -6.461118251928014, -5.858076923076923, -6.461118251928014, -6.022560273375, -6.238285714285715, -6.238285714285715, -5.989999999999999, -6.461118251928014, -6.461118251928014, -5.74, -6.238285714285715, -5.6925, -6.461118251928014, -6.461118251928014, -6.461118251928014, -5.858076923076923, -6.238285714285715, -6.238285714285715, -6.461118251928014, -6.022560273375, -6.461118251928014, -6.461118251928014, -6.461118251928014, -6.022560273375, -6.461118251928014, -6.244, -6.238285714285715, -6.461118251928014, -6.461118251928014, -5.871428571428571, -6.238285714285715, -7.077668749777778, -6.022560273375, -6.453333333333333, -5.858076923076923, -6.461118251928014, -6.461118251928014, -6.461118251928014, -6.461118251928014, -6.461118251928014, -6.461118251928014, -6.238285714285715, -6.238285714285715, -5.922499999999999, -5.6925, -6.461118251928014, -6.461118251928014, -6.461118251928014, -6.461118251928014, -5.858076923076923, -6.461118251928014, -6.022560273375, -6.461118251928014, -6.995653983666667, -7.077668749777778, -6.461118251928014, -5.906666666666666, -6.238285714285715, -6.461118251928014, -6.461118251928014, -6.461118251928014, -6.461118251928014, -6.461118251928014, -6.461118251928014, -6.461118251928014, -6.461118251928014, -6.461118251928014, -7.077668749777778, -6.461118251928014, -6.461118251928014, -6.461118251928014, -6.38, -6.461118251928014, -6.2, -6.461118251928014, -6.461118251928014, -6.461118251928014, -6.461118251928014, -6.461118251928014, -6.461118251928014, -5.871428571428571, -6.461118251928014, -6.461118251928014, -6.461118251928014, -6.461118251928014, -6.461118251928014, -6.461118251928014, -6.461118251928014, -6.461118251928014, -6.461118251928014, -6.461118251928014, -6.4979258909999995, -6.807142857142858, -6.807142857142858, -6.461118251928014, -5.9789350536666666, -6.807142857142858, -6.461118251928014, -6.461118251928014, -6.461118251928014, -5.89, -5.8999999999999995, -6.461118251928014, -5.8999999999999995, -6.461118251928014, -6.461118251928014, -6.461118251928014, -5.615, -6.461118251928014, -6.461118251928014, -6.461118251928014, -6.64, -6.461118251928014, -6.461118251928014, -6.461118251928014, -6.461118251928014, -6.461118251928014, -6.461118251928014, -6.461118251928014, -6.203125000000001, -6.461118251928014, -6.461118251928014, -6.461118251928014, -6.461118251928014, -6.461118251928014, -6.461118251928014, -6.461118251928014, -5.871428571428571, -5.526756756756756, -6.461118251928014, -6.461118251928014, -6.461118251928014, -6.203125000000001, -6.461118251928014, -5.526756756756756, -6.461118251928014, -6.461118251928014, -5.526756756756756, -6.461118251928014, -6.461118251928014, -5.526756756756756, -6.461118251928014, -5.526756756756756, -6.461118251928014, -5.526756756756756, -5.526756756756756, -5.526756756756756, -5.82, -5.7775, -5.7775, -5.837916666666667, -5.6018181818181825, -5.837916666666667, -5.837916666666667, -5.837916666666667, -5.837916666666667, -5.837916666666667, -5.7775, -5.6018181818181825, -5.55, -5.55, -5.837916666666667, -5.837916666666667, -6.196666666666666, -6.196666666666666, -6.196666666666666, -5.8999999999999995, -5.8999999999999995, -5.837916666666667, -5.837916666666667, -6.461118251928014, -6.461118251928014, -5.526756756756756, -5.526756756756756, -5.098559278142858, -5.526756756756756, -5.526756756756756, -4.541818181818181, -5.042727272727273, -5.042727272727273, -5.042727272727273, -5.042727272727273, -5.042727272727273, -5.042727272727273, -5.042727272727273, -4.541818181818181, -5.042727272727273]","0     -7.22
1     -6.21
2     -7.24
3     -5.92
4     -5.96
       ... 
247   -6.00
248   -3.99
249   -5.24
250   -4.77
251   -4.71
Name: Permeability, Length: 252, dtype: float64","[array([-6.47586076, -5.75535714, -6.47586076, -5.85      , -5.88      ,
       -7.03666667, -5.96666667, -7.03666667, -6.50166667, -6.185     ,
       -6.185     , -6.47586076, -5.88      , -6.47586076, -5.68590909,
       -5.68590909, -6.295     , -6.185     , -5.68590909, -6.47586076,
       -5.8875    , -6.47586076, -6.47586076, -5.64      , -5.53666667,
       -6.185     , -6.47586076, -6.47586076, -6.06482604, -6.185     ,
       -6.184     , -6.47586076, -6.47586076, -6.185     , -6.47586076,
       -6.185     , -6.47586076, -5.745     , -6.47586076, -5.96666667,
       -6.06482604, -6.47586076, -6.06482604, -5.64      , -6.50863831,
       -6.50166667, -6.185     , -6.47586076, -6.47586076, -6.47586076,
       -6.90333333, -6.185     , -5.75535714, -6.47586076, -6.06482604,
       -6.47586076, -6.47586076, -6.185     , -5.68590909, -6.752     ,
       -6.06482604, -6.185     , -6.0025    , -5.68590909, -6.185     ,
       -7.03666667, -6.95860732, -6.47586076, -6.47586076, -6.47586076,
       -6.47586076, -6.47586076, -6.47586076, -6.47586076, -6.295     ,
       -6.185     , -6.0025    , -6.47586076, -6.47586076, -6.47586076,
       -6.06482604, -5.75535714, -6.47586076, -6.47586076, -6.47586076,
       -6.47586076, -6.47586076, -5.8875    , -6.47586076, -6.47586076,
       -7.13468362, -7.13468362, -5.96666667, -6.0025    , -6.61      ,
       -7.13468362, -6.47586076, -6.47586076, -6.47586076, -6.47586076,
       -6.47586076, -6.47586076, -7.13468362, -6.47586076, -6.185     ,
       -6.47586076, -6.47586076, -6.47586076, -6.47586076, -6.47586076,
       -5.96666667, -6.0025    , -6.47586076, -6.47586076, -6.05      ,
       -6.06153846, -6.47586076, -6.47586076, -6.47586076, -6.47586076,
       -6.47586076, -6.47586076, -6.06153846, -6.47586076, -5.89      ,
       -6.36827158, -6.47586076, -6.47586076, -6.47586076, -6.47586076,
       -6.47586076, -7.13468362, -7.06      , -6.47586076, -6.47586076,
       -6.47586076, -6.47586076, -6.47586076, -6.47586076, -6.94674049,
       -6.47586076, -6.85498269, -7.06      , -7.13468362, -6.752     ,
       -6.50166667, -6.47586076, -5.95728163, -6.06153846, -6.47586076,
       -6.47586076, -6.752     , -6.06153846, -5.40648649, -6.47586076,
       -6.47586076, -6.47586076, -6.47586076, -7.        , -6.47586076,
       -6.47586076, -6.47586076, -6.47586076, -6.47586076, -6.47586076,
       -6.47586076, -6.47586076, -6.47586076, -6.47586076, -6.752     ,
       -6.47586076, -5.40648649, -6.47586076, -6.47586076, -6.47586076,
       -6.06153846, -6.47586076, -6.47586076, -5.25      , -6.38      ,
       -5.96666667, -6.47586076, -6.47586076, -6.06153846, -5.40648649,
       -6.47586076, -6.47586076, -6.752     , -6.47586076, -5.96666667,
       -6.47586076, -6.47586076, -5.96666667, -5.40648649, -6.47586076,
       -5.96666667, -6.47586076, -5.40648649, -6.47586076, -6.47586076,
       -6.47586076, -6.47586076, -6.47586076, -5.40648649, -6.50166667,
       -6.7       , -5.40648649, -6.7       , -5.94166667, -5.646     ,
       -5.98487179, -6.894     , -5.98487179, -5.98487179, -5.98487179,
       -5.94166667, -5.646     , -6.4375    , -4.88666667, -5.40648649,
       -5.646     , -6.894     , -5.98487179, -5.98487179, -5.98487179,
       -5.98487179, -5.98487179, -6.16      , -5.98487179, -5.98487179,
       -5.98487179, -6.47586076, -6.47586076, -6.45593196, -4.5525    ,
       -4.96361422, -4.5525    , -4.96361422, -5.40648649, -4.5525    ,
       -4.5525    , -5.06      , -5.06      , -5.06      , -5.06      ,
       -5.06      , -5.06      , -4.5525    , -4.5525    , -4.5525    ,
       -4.5525    , -5.06      ]), array([-6.45391688, -5.815     , -6.45391688, -5.86608696, -5.70409091,
       -7.0825    , -5.86608696, -7.0825    , -6.39166667, -6.16837838,
       -6.16837838, -6.45391688, -5.70409091, -6.45391688, -5.70409091,
       -5.70409091, -6.25666667, -6.16837838, -5.70409091, -6.45391688,
       -5.805     , -6.45391688, -6.45391688, -5.64      , -5.69333333,
       -6.16837838, -6.45391688, -6.45391688, -6.14581534, -6.16837838,
       -6.43666667, -6.45391688, -6.45391688, -6.16837838, -6.45391688,
       -6.16837838, -6.45391688, -6.2325    , -6.45391688, -5.86608696,
       -6.14581534, -6.45391688, -6.14581534, -5.64      , -6.92081875,
       -6.39166667, -6.16837838, -6.45391688, -6.45391688, -6.45391688,
       -6.855     , -6.16837838, -5.815     , -6.45391688, -6.14581534,
       -6.45391688, -6.45391688, -6.16837838, -5.70409091, -6.82066667,
       -6.14581534, -6.16837838, -5.83      , -5.70409091, -6.16837838,
       -5.64      , -6.92081875, -6.45391688, -6.45391688, -6.45391688,
       -6.45391688, -6.45391688, -6.45391688, -6.45391688, -6.25666667,
       -6.16837838, -5.83      , -6.45391688, -6.45391688, -6.45391688,
       -6.14581534, -5.815     , -6.45391688, -6.45391688, -6.45391688,
       -6.45391688, -6.45391688, -5.805     , -6.45391688, -6.45391688,
       -7.16274385, -7.16274385, -5.86608696, -5.83      , -6.67      ,
       -7.16274385, -6.45391688, -6.45391688, -6.45391688, -6.45391688,
       -6.45391688, -6.45391688, -7.16274385, -6.45391688, -6.16837838,
       -6.45391688, -6.45391688, -6.45391688, -6.45391688, -6.45391688,
       -5.86608696, -5.83      , -6.45391688, -6.45391688, -6.05      ,
       -6.26692308, -6.45391688, -6.45391688, -6.45391688, -6.45391688,
       -6.45391688, -6.45391688, -6.26692308, -6.45391688, -5.89      ,
       -6.23277439, -6.45391688, -6.45391688, -6.45391688, -6.45391688,
       -6.45391688, -7.16274385, -7.06      , -6.45391688, -6.45391688,
       -6.45391688, -6.45391688, -6.45391688, -6.45391688, -7.015     ,
       -6.45391688, -6.85498269, -7.06      , -7.16274385, -6.82066667,
       -6.39166667, -6.45391688, -5.8496828 , -6.26692308, -6.45391688,
       -6.45391688, -6.82066667, -6.26692308, -5.48414634, -6.45391688,
       -6.45391688, -6.45391688, -6.45391688, -6.415     , -6.45391688,
       -6.45391688, -6.45391688, -6.45391688, -6.45391688, -6.45391688,
       -6.45391688, -6.45391688, -6.45391688, -6.45391688, -6.82066667,
       -6.45391688, -5.48414634, -6.45391688, -6.45391688, -6.45391688,
       -6.26692308, -6.45391688, -6.45391688, -6.4       , -6.38      ,
       -5.86608696, -6.45391688, -6.45391688, -6.26692308, -5.48414634,
       -6.45391688, -6.45391688, -6.82066667, -6.45391688, -5.86608696,
       -6.45391688, -6.45391688, -5.86608696, -5.48414634, -6.45391688,
       -5.86608696, -6.45391688, -5.48414634, -6.45391688, -6.45391688,
       -6.45391688, -6.45391688, -6.45391688, -5.48414634, -5.7       ,
       -5.82      , -5.79065789, -6.7       , -5.7       , -5.4375    ,
       -5.79065789, -6.45593196, -5.79065789, -5.79065789, -5.79065789,
       -5.7       , -5.4375    , -6.432     , -4.88666667, -6.432     ,
       -5.4375    , -5.89      , -5.79065789, -5.79065789, -5.79065789,
       -5.79065789, -5.79065789, -6.33333333, -5.79065789, -5.79065789,
       -5.79065789, -6.45391688, -6.45391688, -6.45593196, -4.56117647,
       -5.06274101, -4.56117647, -5.06274101, -5.48414634, -4.56117647,
       -5.05285714, -5.05285714, -5.05285714, -5.05285714, -5.05285714,
       -5.05285714, -5.05285714, -4.56117647, -4.56117647, -4.56117647,
       -4.56117647, -5.05285714]), array([-6.47683727, -5.78607143, -6.47683727, -5.85      , -5.88      ,
       -7.03666667, -5.703125  , -7.03666667, -6.39      , -6.22790698,
       -6.22790698, -6.47683727, -5.88      , -6.47683727, -5.70192308,
       -5.70192308, -6.09333333, -6.22790698, -5.70192308, -6.47683727,
       -5.97      , -6.47683727, -6.47683727, -5.89      , -5.654     ,
       -6.22790698, -6.47683727, -6.47683727, -6.07553848, -6.22790698,
       -6.26      , -6.47683727, -6.47683727, -6.22790698, -6.47683727,
       -6.22790698, -6.47683727, -6.33666667, -6.47683727, -5.703125  ,
       -6.07553848, -6.47683727, -6.07553848, -5.89      , -6.50863831,
       -6.39      , -6.22790698, -6.47683727, -6.47683727, -6.47683727,
       -7.        , -6.22790698, -5.78607143, -6.47683727, -6.07553848,
       -6.47683727, -6.47683727, -6.22790698, -5.70192308, -6.87642857,
       -6.07553848, -6.22790698, -5.93      , -5.70192308, -6.22790698,
       -5.89      , -6.72      , -6.47683727, -6.47683727, -6.47683727,
       -6.47683727, -6.47683727, -6.47683727, -6.47683727, -6.09333333,
       -6.22790698, -5.93      , -6.47683727, -6.47683727, -6.47683727,
       -6.07553848, -5.78607143, -6.47683727, -6.47683727, -6.47683727,
       -6.47683727, -6.47683727, -5.97      , -6.47683727, -6.47683727,
       -7.13812075, -7.13812075, -5.703125  , -5.93      , -6.594     ,
       -7.13812075, -6.47683727, -6.47683727, -6.47683727, -6.47683727,
       -6.47683727, -6.47683727, -7.13812075, -6.47683727, -6.22790698,
       -6.47683727, -6.47683727, -6.47683727, -6.47683727, -6.47683727,
       -5.703125  , -5.93      , -6.47683727, -6.47683727, -5.88666667,
       -6.13666667, -6.47683727, -6.47683727, -6.47683727, -6.47683727,
       -6.47683727, -6.47683727, -6.13666667, -6.47683727, -5.89      ,
       -6.12643937, -6.47683727, -6.47683727, -6.47683727, -6.47683727,
       -6.47683727, -7.13812075, -7.06      , -6.47683727, -6.47683727,
       -6.47683727, -6.47683727, -6.47683727, -6.47683727, -6.94674049,
       -6.47683727, -6.85498269, -7.06      , -7.13812075, -6.87642857,
       -6.39      , -6.47683727, -5.95012769, -6.13666667, -6.47683727,
       -6.47683727, -6.87642857, -6.13666667, -5.46761905, -6.47683727,
       -6.47683727, -6.47683727, -6.47683727, -6.19      , -6.47683727,
       -6.47683727, -6.47683727, -6.47683727, -6.47683727, -6.47683727,
       -6.47683727, -6.47683727, -6.47683727, -6.47683727, -6.87642857,
       -6.47683727, -5.46761905, -6.47683727, -6.47683727, -6.47683727,
       -6.13666667, -6.47683727, -6.47683727, -6.87642857, -5.89      ,
       -5.703125  , -6.47683727, -6.47683727, -6.13666667, -5.46761905,
       -6.47683727, -6.47683727, -6.87642857, -6.47683727, -5.703125  ,
       -6.47683727, -6.47683727, -5.703125  , -5.46761905, -6.47683727,
       -5.703125  , -6.47683727, -5.46761905, -6.47683727, -6.47683727,
       -6.47683727, -6.47683727, -6.47683727, -5.46761905, -5.15      ,
       -5.82      , -5.46761905, -6.7       , -5.77285714, -5.45181818,
       -5.86347222, -6.39      , -5.86347222, -5.86347222, -5.86347222,
       -5.77285714, -5.45181818, -6.46666667, -4.88666667, -5.46761905,
       -5.45181818, -5.89      , -5.86347222, -5.86347222, -5.86347222,
       -5.86347222, -5.86347222, -6.28      , -5.86347222, -5.86347222,
       -5.86347222, -6.47683727, -6.47683727, -6.39      , -4.56444444,
       -5.09747314, -4.56444444, -5.09747314, -5.46761905, -4.56444444,
       -4.56444444, -5.0537037 , -5.0537037 , -5.0537037 , -5.0537037 ,
       -5.0537037 , -5.0537037 , -4.56444444, -4.56444444, -4.56444444,
       -4.56444444, -5.0537037 ]), array([-6.45876923, -5.84833333, -6.45876923, -5.85      , -5.88      ,
       -7.14666667, -5.88045455, -7.14666667, -6.52166667, -6.20135135,
       -6.20135135, -6.45876923, -5.88      , -6.45876923, -5.3       ,
       -5.62388889, -6.324     , -6.20135135, -5.62388889, -6.45876923,
       -5.8875    , -6.45876923, -6.45876923, -5.39      , -5.7125    ,
       -6.20135135, -6.45876923, -6.45876923, -6.09063954, -6.20135135,
       -6.45333333, -6.45876923, -6.45876923, -6.20135135, -6.45876923,
       -6.20135135, -6.45876923, -6.2325    , -6.45876923, -5.88045455,
       -6.09063954, -6.45876923, -6.09063954, -5.39      , -6.50863831,
       -6.52166667, -6.20135135, -6.45876923, -6.45876923, -6.45876923,
       -6.90333333, -6.20135135, -5.84833333, -6.45876923, -6.09063954,
       -6.45876923, -6.45876923, -6.20135135, -5.3       , -6.84533333,
       -6.09063954, -6.20135135, -5.94      , -5.62388889, -6.20135135,
       -5.39      , -6.95860732, -6.45876923, -6.45876923, -6.45876923,
       -6.45876923, -6.45876923, -6.45876923, -6.45876923, -6.324     ,
       -6.20135135, -5.94      , -6.45876923, -6.45876923, -6.45876923,
       -6.09063954, -5.84833333, -6.45876923, -6.45876923, -6.45876923,
       -6.45876923, -6.45876923, -5.8875    , -6.45876923, -6.45876923,
       -7.14964847, -7.14964847, -5.88045455, -5.94      , -6.62333333,
       -7.14964847, -6.45876923, -6.45876923, -6.45876923, -6.45876923,
       -6.45876923, -6.45876923, -7.14964847, -6.45876923, -6.20135135,
       -6.45876923, -6.45876923, -6.45876923, -6.45876923, -6.45876923,
       -5.88045455, -5.94      , -6.45876923, -6.45876923, -6.07      ,
       -6.31933333, -6.45876923, -6.45876923, -6.45876923, -6.45876923,
       -6.45876923, -6.45876923, -6.31933333, -6.45876923, -5.89      ,
       -6.61740736, -6.45876923, -6.45876923, -6.45876923, -6.45876923,
       -6.45876923, -7.14964847, -5.75      , -6.45876923, -6.45876923,
       -6.45876923, -6.45876923, -6.45876923, -6.45876923, -6.85232065,
       -6.45876923, -6.95860732, -5.75      , -7.14964847, -6.84533333,
       -6.52166667, -6.45876923, -5.98232198, -6.31933333, -6.45876923,
       -6.45876923, -6.84533333, -6.31933333, -5.44358974, -6.45876923,
       -6.45876923, -6.45876923, -6.45876923, -7.        , -6.45876923,
       -6.45876923, -6.45876923, -6.45876923, -6.45876923, -6.45876923,
       -6.45876923, -6.45876923, -6.45876923, -6.45876923, -6.84533333,
       -6.45876923, -5.44358974, -6.45876923, -6.45876923, -6.45876923,
       -6.31933333, -6.45876923, -6.45876923, -6.84533333, -6.38      ,
       -5.88045455, -6.45876923, -6.45876923, -6.31933333, -5.44358974,
       -6.45876923, -6.45876923, -6.84533333, -6.45876923, -5.88045455,
       -6.45876923, -6.45876923, -5.88045455, -5.44358974, -6.45876923,
       -5.88045455, -6.45876923, -5.44358974, -6.45876923, -6.45876923,
       -6.45876923, -6.45876923, -6.45876923, -5.44358974, -5.66166667,
       -5.82      , -5.75642857, -6.7       , -5.66166667, -5.4725    ,
       -5.75642857, -6.45593196, -5.75642857, -5.75642857, -5.75642857,
       -5.66166667, -5.4725    , -6.39      , -4.555     , -5.44358974,
       -5.4725    , -5.89      , -5.75642857, -5.75642857, -5.75642857,
       -5.75642857, -5.75642857, -6.27      , -5.75642857, -5.75642857,
       -5.75642857, -6.45876923, -6.45876923, -6.45593196, -4.57315789,
       -5.08400127, -4.57315789, -5.08400127, -5.44358974, -4.57315789,
       -4.57315789, -5.02583333, -5.02583333, -5.02583333, -5.02583333,
       -5.02583333, -5.02583333, -4.57315789, -4.57315789, -4.57315789,
       -4.57315789, -5.02583333]), array([-6.46111825, -5.85807692, -6.46111825, -5.85      , -5.88      ,
       -7.11      , -5.87142857, -7.11      , -5.9       , -6.23828571,
       -6.23828571, -6.46111825, -5.88      , -6.46111825, -5.6925    ,
       -5.6925    , -6.25666667, -6.23828571, -5.6925    , -6.46111825,
       -5.8875    , -6.46111825, -6.46111825, -5.64      , -5.654     ,
       -6.23828571, -6.46111825, -6.46111825, -6.02256027, -6.23828571,
       -6.244     , -6.46111825, -6.46111825, -6.23828571, -6.46111825,
       -6.23828571, -6.46111825, -6.45333333, -6.46111825, -5.87142857,
       -6.02256027, -6.46111825, -6.02256027, -5.64      , -5.654     ,
       -5.9       , -6.23828571, -6.46111825, -6.46111825, -6.46111825,
       -6.90333333, -6.23828571, -5.85807692, -6.46111825, -6.02256027,
       -6.46111825, -6.46111825, -6.23828571, -5.6925    , -6.80714286,
       -6.02256027, -6.23828571, -5.9225    , -5.6925    , -6.23828571,
       -5.64      , -6.95860732, -6.46111825, -6.46111825, -6.46111825,
       -6.46111825, -6.46111825, -6.46111825, -6.46111825, -6.25666667,
       -6.23828571, -5.9225    , -6.46111825, -6.46111825, -6.46111825,
       -6.02256027, -5.85807692, -6.46111825, -6.46111825, -6.46111825,
       -6.46111825, -6.46111825, -5.8875    , -6.46111825, -6.46111825,
       -7.07766875, -7.07766875, -5.87142857, -5.9225    , -6.62333333,
       -7.07766875, -6.46111825, -6.46111825, -6.46111825, -6.46111825,
       -6.46111825, -6.46111825, -7.07766875, -6.46111825, -6.23828571,
       -6.46111825, -6.46111825, -6.46111825, -6.46111825, -6.46111825,
       -5.87142857, -5.9225    , -6.46111825, -6.46111825, -6.2       ,
       -6.203125  , -6.46111825, -6.46111825, -6.46111825, -6.46111825,
       -6.46111825, -6.46111825, -6.203125  , -6.46111825, -6.38      ,
       -6.49792589, -6.46111825, -6.46111825, -6.46111825, -6.46111825,
       -6.46111825, -7.07766875, -7.06      , -6.46111825, -6.46111825,
       -6.46111825, -6.46111825, -6.46111825, -6.46111825, -6.99565398,
       -6.46111825, -6.85498269, -7.06      , -7.07766875, -6.80714286,
       -5.9       , -6.46111825, -5.97893505, -6.203125  , -6.46111825,
       -6.46111825, -6.80714286, -6.203125  , -5.52675676, -6.46111825,
       -6.46111825, -6.46111825, -6.46111825, -7.        , -6.46111825,
       -6.46111825, -6.46111825, -6.46111825, -6.46111825, -6.46111825,
       -6.46111825, -6.46111825, -6.46111825, -6.46111825, -6.80714286,
       -6.46111825, -5.52675676, -6.46111825, -6.46111825, -6.46111825,
       -6.203125  , -6.46111825, -6.46111825, -5.25      , -6.38      ,
       -5.87142857, -6.46111825, -6.46111825, -6.203125  , -5.52675676,
       -6.46111825, -6.46111825, -6.80714286, -6.46111825, -5.87142857,
       -6.46111825, -6.46111825, -5.87142857, -5.52675676, -6.46111825,
       -5.87142857, -6.46111825, -5.52675676, -6.46111825, -6.46111825,
       -6.46111825, -6.46111825, -6.46111825, -5.52675676, -5.15      ,
       -5.82      , -5.83791667, -5.82      , -5.7775    , -5.60181818,
       -5.83791667, -5.83791667, -5.83791667, -5.83791667, -5.83791667,
       -5.7775    , -5.60181818, -6.432     , -5.55      , -5.52675676,
       -5.60181818, -6.19666667, -5.83791667, -5.83791667, -5.83791667,
       -5.83791667, -5.83791667, -6.27      , -5.83791667, -5.83791667,
       -5.83791667, -6.46111825, -6.46111825, -6.45593196, -4.54181818,
       -5.09855928, -4.54181818, -5.09855928, -5.52675676, -4.54181818,
       -4.54181818, -5.04272727, -5.04272727, -5.04272727, -5.04272727,
       -5.04272727, -5.04272727, -4.54181818, -4.54181818, -4.54181818,
       -4.54181818, -5.04272727])]","[-6.46530048 -5.81256777 -6.46530048 -5.85321739 -5.84481818 -7.0825
 -5.85755235 -7.0825     -6.341      -6.20418448 -6.20418448 -6.46530048
 -5.84481818 -6.46530048 -5.61688462 -5.68166239 -6.24513333 -6.20418448
 -5.68166239 -6.46530048 -5.8875     -6.46530048 -6.46530048 -5.64
 -5.6501     -6.20418448 -6.46530048 -6.46530048 -6.07987593 -6.20418448
 -6.3156     -6.46530048 -6.46530048 -6.20418448 -6.46530048 -6.20418448
 -6.46530048 -6.2        -6.46530048 -5.85755235 -6.07987593 -6.46530048
 -6.07987593 -5.64       -6.42014673 -6.341      -6.20418448 -6.46530048
 -6.46530048 -6.46530048 -6.913      -6.20418448 -5.81256777 -6.46530048
 -6.07987593 -6.46530048 -6.46530048 -6.20418448 -5.61688462 -6.82031429
 -6.07987593 -6.20418448 -5.925      -5.68166239 -6.20418448 -5.91933333
 -6.90332814 -6.46530048 -6.46530048 -6.46530048 -6.46530048 -6.46530048
 -6.46530048 -6.46530048 -6.24513333 -6.20418448 -5.925      -6.46530048
 -6.46530048 -6.46530048 -6.07987593 -5.81256777 -6.46530048 -6.46530048
 -6.46530048 -6.46530048 -6.46530048 -5.8875     -6.46530048 -6.46530048
 -7.13257309 -7.13257309 -5.85755235 -5.925      -6.62413333 -7.13257309
 -6.46530048 -6.46530048 -6.46530048 -6.46530048 -6.46530048 -6.46530048
 -7.13257309 -6.46530048 -6.20418448 -6.46530048 -6.46530048 -6.46530048
 -6.46530048 -6.46530048 -5.85755235 -5.925      -6.46530048 -6.46530048
 -6.05133333 -6.19751731 -6.46530048 -6.46530048 -6.46530048 -6.46530048
 -6.46530048 -6.46530048 -6.19751731 -6.46530048 -5.988      -6.36856372
 -6.46530048 -6.46530048 -6.46530048 -6.46530048 -6.46530048 -7.13257309
 -6.798      -6.46530048 -6.46530048 -6.46530048 -6.46530048 -6.46530048
 -6.46530048 -6.95129112 -6.46530048 -6.87570762 -6.798      -7.13257309
 -6.82031429 -6.341      -6.46530048 -5.94366983 -6.19751731 -6.46530048
 -6.46530048 -6.82031429 -6.19751731 -5.46571968 -6.46530048 -6.46530048
 -6.46530048 -6.46530048 -6.721      -6.46530048 -6.46530048 -6.46530048
 -6.46530048 -6.46530048 -6.46530048 -6.46530048 -6.46530048 -6.46530048
 -6.46530048 -6.82031429 -6.46530048 -5.46571968 -6.46530048 -6.46530048
 -6.46530048 -6.19751731 -6.46530048 -6.46530048 -6.12435238 -6.282
 -5.85755235 -6.46530048 -6.46530048 -6.19751731 -5.46571968 -6.46530048
 -6.46530048 -6.82031429 -6.46530048 -5.85755235 -6.46530048 -6.46530048
 -5.85755235 -5.46571968 -6.46530048 -5.85755235 -6.46530048 -5.46571968
 -6.46530048 -6.46530048 -6.46530048 -6.46530048 -6.46530048 -5.46571968
 -5.63266667 -5.996      -5.65182173 -6.524      -5.7707381  -5.52192727
 -5.84666943 -6.40675612 -5.84666943 -5.84666943 -5.84666943 -5.7707381
 -5.52192727 -6.43163333 -4.953      -5.65529041 -5.52192727 -6.15213333
 -5.84666943 -5.84666943 -5.84666943 -5.84666943 -5.84666943 -6.26266667
 -5.84666943 -5.84666943 -5.84666943 -6.46530048 -6.46530048 -6.44274556
 -4.5586194  -5.06127778 -4.5586194  -5.06127778 -5.46571968 -4.5586194
 -4.65695553 -5.04702429 -5.04702429 -5.04702429 -5.04702429 -5.04702429
 -5.04702429 -4.5586194  -4.5586194  -4.5586194  -4.5586194  -5.04702429]","[0.00932043 0.03829174 0.00932043 0.00643478 0.07036364 0.04260282
 0.0854911  0.04260282 0.22711377 0.02601461 0.02601461 0.00932043
 0.07036364 0.00932043 0.15857768 0.02962026 0.08001989 0.02601461
 0.02962026 0.00932043 0.05217758 0.00932043 0.00932043 0.15811388
 0.06109079 0.02601461 0.00932043 0.00932043 0.03998564 0.02601461
 0.10877876 0.00932043 0.00932043 0.02601461 0.00932043 0.02601461
 0.00932043 0.24165805 0.00932043 0.0854911  0.03998564 0.00932043
 0.03998564 0.15811388 0.41500496 0.22711377 0.02601461 0.00932043
 0.00932043 0.00932043 0.0473568  0.02601461 0.03829174 0.00932043
 0.03998564 0.00932043 0.00932043 0.02601461 0.15857768 0.04150956
 0.03998564 0.02601461 0.05529467 0.02962026 0.02601461 0.58061041
 0.09282509 0.00932043 0.00932043 0.00932043 0.00932043 0.00932043
 0.00932043 0.00932043 0.08001989 0.02601461 0.05529467 0.00932043
 0.00932043 0.00932043 0.03998564 0.03829174 0.00932043 0.00932043
 0.00932043 0.00932043 0.00932043 0.05217758 0.00932043 0.00932043
 0.02916011 0.02916011 0.0854911  0.05529467 0.02534877 0.02916011
 0.00932043 0.00932043 0.00932043 0.00932043 0.00932043 0.00932043
 0.02916011 0.00932043 0.02601461 0.00932043 0.00932043 0.00932043
 0.00932043 0.00932043 0.0854911  0.05529467 0.00932043 0.00932043
 0.09956796 0.09152136 0.00932043 0.00932043 0.00932043 0.00932043
 0.00932043 0.00932043 0.09152136 0.00932043 0.196      0.17647706
 0.00932043 0.00932043 0.00932043 0.00932043 0.00932043 0.02916011
 0.524      0.00932043 0.00932043 0.00932043 0.00932043 0.00932043
 0.00932043 0.05632665 0.00932043 0.04144985 0.524      0.02916011
 0.04150956 0.22711377 0.00932043 0.04857607 0.09152136 0.00932043
 0.00932043 0.04150956 0.09152136 0.0401671  0.00932043 0.00932043
 0.00932043 0.00932043 0.34903295 0.00932043 0.00932043 0.00932043
 0.00932043 0.00932043 0.00932043 0.00932043 0.00932043 0.00932043
 0.00932043 0.04150956 0.00932043 0.0401671  0.00932043 0.00932043
 0.00932043 0.09152136 0.00932043 0.00932043 0.73353908 0.196
 0.0854911  0.00932043 0.00932043 0.09152136 0.0401671  0.00932043
 0.00932043 0.04150956 0.00932043 0.0854911  0.00932043 0.00932043
 0.0854911  0.0401671  0.00932043 0.0854911  0.00932043 0.0401671
 0.00932043 0.00932043 0.00932043 0.00932043 0.00932043 0.0401671
 0.49527164 0.352      0.17830839 0.352      0.09609084 0.08516208
 0.0784086  0.33648246 0.0784086  0.0784086  0.0784086  0.09609084
 0.08516208 0.02447593 0.32496564 0.39031777 0.08516208 0.38948454
 0.0784086  0.0784086  0.0784086  0.0784086  0.0784086  0.05646631
 0.0784086  0.0784086  0.0784086  0.00932043 0.00932043 0.02637278
 0.01069173 0.05051076 0.01069173 0.05051076 0.0401671  0.01069173
 0.19823521 0.0119543  0.0119543  0.0119543  0.0119543  0.0119543
 0.0119543  0.01069173 0.01069173 0.01069173 0.01069173 0.0119543 ]"
2,RandomForestRegressor,"[-6.476363710576915, -7.2362705411255375, -7.2362705411255375, -7.044621904761904, -5.757301023088537, -6.8207180952380915, -6.161636666666661, -5.757301023088537, -6.476363710576915, -6.476363710576915, -6.15669408369408, -5.677770164104685, -6.476363710576915, -6.476363710576915, -6.193904485074451, -5.877176630743286, -6.476363710576915, -5.990443084415586, -6.193904485074451, -6.660733054019852, -6.660733054019852, -5.757301023088537, -6.476363710576915, -6.059525646998974, -6.476363710576915, -5.965408352034508, -5.877176630743286, -5.677770164104685, -6.193904485074451, -5.984266630743288, -5.677770164104685, -6.632105146520148, -6.476363710576915, -6.476363710576915, -6.476363710576915, -6.476363710576915, -5.965408352034508, -5.547710269127315, -6.15669408369408, -6.193904485074451, -6.476363710576915, -6.476363710576915, -6.632105146520148, -6.234378990570147, -6.476363710576915, -6.476363710576915, -6.476363710576915, -6.476363710576915, -6.476363710576915, -6.476363710576915, -6.476363710576915, -6.476363710576915, -6.476363710576915, -6.193904485074451, -6.193904485074451, -6.193904485074451, -6.476363710576915, -6.476363710576915, -6.476363710576915, -5.547710269127315, -6.476363710576915, -6.476363710576915, -6.193904485074451, -6.059525646998974, -6.476363710576915, -6.476363710576915, -6.476363710576915, -6.476363710576915, -6.476363710576915, -6.476363710576915, -6.476363710576915, -6.476363710576915, -6.476363710576915, -6.476363710576915, -7.139747938398797, -5.965408352034508, -6.193904485074451, -6.476363710576915, -6.632105146520148, -6.476363710576915, -6.476363710576915, -6.476363710576915, -6.476363710576915, -6.476363710576915, -6.476363710576915, -6.298676113644042, -6.0062557936507925, -6.476363710576915, -6.476363710576915, -6.476363710576915, -6.476363710576915, -5.965408352034508, -6.476363710576915, -6.193904485074451, -5.965408352034508, -6.476363710576915, -6.476363710576915, -6.476363710576915, -6.476363710576915, -6.476363710576915, -6.193904485074451, -6.476363710576915, -5.891847851347501, -6.746017737262736, -6.476363710576915, -6.746017737262736, -6.298676113644042, -7.063389306560577, -6.476363710576915, -6.476363710576915, -6.746017737262736, -6.476363710576915, -6.476363710576915, -5.947687529587153, -5.947687529587153, -6.746017737262736, -6.746017737262736, -6.476363710576915, -6.476363710576915, -6.476363710576915, -5.806495714285711, -6.746017737262736, -6.476363710576915, -6.476363710576915, -6.476363710576915, -6.476363710576915, -5.965408352034508, -6.476363710576915, -6.476363710576915, -6.476363710576915, -6.476363710576915, -6.476363710576915, -6.476363710576915, -6.476363710576915, -6.476363710576915, -6.476363710576915, -6.746017737262736, -6.075585806721312, -6.075585806721312, -6.075585806721312, -6.16601064232983, -5.381800975600861, -6.075585806721312, -6.075585806721312, -6.476363710576915, -5.965408352034508, -6.476363710576915, -5.381800975600861, -6.476363710576915, -6.476363710576915, -6.476363710576915, -6.476363710576915, -6.476363710576915, -6.476363710576915, -5.381800975600861, -5.381800975600861, -6.476363710576915, -6.476363710576915, -6.534713163780663, -6.476363710576915, -6.476363710576915, -6.476363710576915, -5.381800975600861, -5.381800975600861, -5.381800975600861, -6.454957207460013, -6.089258725428567, -6.129583938368473, -6.217181172159309, -5.381800975600861, -5.381800975600861, -5.6382788160906, -5.990934890537302, -5.990934890537302, -5.990934890537302, -5.930639069264071, -6.3925822992427905, -6.8737201984127, -5.990934890537302, -5.6382788160906, -5.990934890537302, -5.990934890537302, -5.990934890537302, -5.6382788160906, -6.476363710576915, -6.193832042207795, -6.476363710576915, -5.381800975600861, -6.476363710576915, -6.193832042207795, -5.381800975600861, -5.381800975600861, -4.574379694315951, -4.972360521378727, -4.972360521378727, -4.574379694315951, -5.070110373773531, -5.070110373773531, -5.070110373773531, -5.070110373773531, -4.574379694315951, -4.574379694315951, -7.1747143037518075, -7.1747143037518075, -6.44925049559042, -6.030271547659704, -6.173032192904418, -6.44925049559042, -5.699218431107291, -5.9040339918663, -5.795697973873531, -5.795697973873531, -5.710086666666668, -5.814239938710042, -5.832219665028251, -6.44925049559042, -5.977849267676769, -6.173032192904418, -6.44925049559042, -6.44925049559042, -6.44925049559042, -6.44925049559042, -6.44925049559042, -5.699218431107291, -6.44925049559042, -6.44925049559042, -6.173032192904418, -5.699218431107291, -6.173032192904418, -5.867992435930673, -6.272351942233456, -5.814239938710042, -6.44925049559042, -6.44925049559042, -5.80429130952381, -6.44925049559042, -6.44925049559042, -6.786261507936506, -6.1369113147674295, -6.173032192904418, -6.173032192904418, -6.173032192904418, -6.44925049559042, -6.44925049559042, -6.44925049559042, -6.173032192904418, -7.167334563966737, -6.4731198518011, -6.478324460449107, -6.173032192904418, -6.1369113147674295, -6.44925049559042, -6.582969853437289, -6.786261507936506, -6.639349644841267, -6.44925049559042, -6.718017619047617, -6.44925049559042, -6.1369113147674295, -5.80429130952381, -6.44925049559042, -6.44925049559042, -6.44925049559042, -6.44925049559042, -6.44925049559042, -6.44925049559042, -6.419327460317458, -6.173032192904418, -6.654797479396707, -7.167334563966737, -6.1369113147674295, -6.1369113147674295, -6.44925049559042, -6.44925049559042, -6.44925049559042, -7.167334563966737, -6.639349644841267, -6.44925049559042, -6.44925049559042, -6.830173760676547, -6.44925049559042, -7.167334563966737, -6.44925049559042, -6.830173760676547, -6.44925049559042, -5.845049047619046, -5.845049047619046, -6.44925049559042, -5.710086666666668, -6.44925049559042, -6.44925049559042, -7.023490201626251, -6.262234992588252, -6.44925049559042, -6.231920975693014, -6.44925049559042, -6.36633072150072, -6.44925049559042, -6.44925049559042, -6.44925049559042, -6.44925049559042, -6.44925049559042, -6.44925049559042, -6.44925049559042, -6.44925049559042, -5.855258550193283, -5.855258550193283, -6.44925049559042, -6.44925049559042, -5.855258550193283, -6.44925049559042, -7.020650038780662, -6.44925049559042, -6.44925049559042, -6.44925049559042, -6.4769657407226084, -7.023490201626251, -6.44925049559042, -6.44925049559042, -6.44925049559042, -6.44925049559042, -6.44925049559042, -6.44925049559042, -6.262234992588252, -6.44925049559042, -6.44925049559042, -6.44925049559042, -6.44925049559042, -6.44925049559042, -6.44925049559042, -6.44925049559042, -6.44925049559042, -6.44925049559042, -5.864319227756276, -6.262234992588252, -6.44925049559042, -6.44925049559042, -5.495692383572041, -6.447470614793707, -6.262234992588252, -6.44925049559042, -5.495692383572041, -6.44925049559042, -6.44925049559042, -6.44925049559042, -6.262234992588252, -6.44925049559042, -6.44925049559042, -5.495692383572041, -6.44925049559042, -6.44925049559042, -6.44925049559042, -6.44925049559042, -6.44925049559042, -6.44925049559042, -5.495692383572041, -6.44925049559042, -5.864319227756276, -6.44925049559042, -6.44925049559042, -6.44925049559042, -6.44925049559042, -6.44925049559042, -6.44925049559042, -5.495692383572041, -5.495692383572041, -5.495692383572041, -5.495692383572041, -5.690878959456354, -5.793954481477814, -5.793954481477814, -5.793954481477814, -5.793954481477814, -5.741760018037519, -5.741760018037519, -5.793954481477814, -5.793954481477814, -5.445051209293371, -6.44925049559042, -5.793954481477814, -6.44925049559042, -5.793954481477814, -6.292432857142859, -4.522679618405624, -4.522679618405624, -4.522679618405624, -4.522679618405624, -5.0512614081139455, -5.0512614081139455, -5.0512614081139455, -5.0512614081139455, -5.0512614081139455, -5.0512614081139455, -5.0512614081139455, -5.0512614081139455, -5.0512614081139455, -5.040138222782262, -5.040138222782262, -4.522679618405624, -4.522679618405624, -4.522679618405624, -5.125785528750071, -5.147516557797215, -5.0512614081139455, -7.061005000000003, -6.48148976994202, -5.9888288888888885, -5.9888288888888885, -6.48148976994202, -5.703216067252322, -6.48148976994202, -6.486107754968393, -6.48148976994202, -6.015508177404208, -6.110930461098592, -6.110930461098592, -6.229450392366622, -6.229450392366622, -5.704792167889601, -5.7793108101547395, -6.48148976994202, -6.48148976994202, -6.48148976994202, -5.889294240167024, -6.48148976994202, -6.088110364905449, -6.110930461098592, -6.48148976994202, -5.704792167889601, -6.48148976994202, -6.48148976994202, -6.48148976994202, -6.088110364905449, -5.940304126984128, -6.48148976994202, -6.48148976994202, -6.48148976994202, -5.704792167889601, -6.48148976994202, -6.48148976994202, -6.48148976994202, -6.25661922799423, -6.48148976994202, -6.229450392366622, -6.892269467167702, -6.48148976994202, -6.213201356489236, -5.7793108101547395, -6.48148976994202, -6.088110364905449, -6.48148976994202, -6.48148976994202, -6.48148976994202, -6.892269467167702, -6.590087499999998, -6.48148976994202, -6.088110364905449, -6.48148976994202, -6.48148976994202, -6.48148976994202, -6.48148976994202, -5.940304126984128, -6.48148976994202, -6.48148976994202, -6.48148976994202, -6.48148976994202, -6.017890071196516, -6.48148976994202, -6.48148976994202, -6.088110364905449, -6.48148976994202, -6.48148976994202, -6.48148976994202, -6.48148976994202, -6.48148976994202, -6.48148976994202, -6.48148976994202, -6.48148976994202, -5.953193158175334, -5.704792167889601, -6.48148976994202, -6.48148976994202, -7.152174141781165, -6.229450392366622, -6.420503464862468, -6.48148976994202, -6.48148976994202, -5.7793108101547395, -6.48148976994202, -6.48148976994202, -6.017890071196516, -6.48148976994202, -6.48148976994202, -5.704792167889601, -5.704792167889601, -6.48148976994202, -6.48148976994202, -6.48148976994202, -6.48148976994202, -6.017890071196516, -6.48148976994202, -7.152174141781165, -5.918708809523812, -6.48148976994202, -6.48148976994202, -6.48148976994202, -6.48148976994202, -6.48148976994202, -6.48148976994202, -6.48148976994202, -6.48148976994202, -6.122598479169362, -6.48148976994202, -6.845787927742046, -6.122598479169362, -6.48148976994202, -6.48148976994202, -6.48148976994202, -6.898455727919179, -6.48148976994202, -6.48148976994202, -6.48148976994202, -6.48148976994202, -6.48148976994202, -6.898455727919179, -6.48148976994202, -6.48148976994202, -6.48148976994202, -6.48148976994202, -6.48148976994202, -6.48148976994202, -6.48148976994202, -6.898455727919179, -6.48148976994202, -6.48148976994202, -6.48148976994202, -6.48148976994202, -6.144202985470671, -6.48148976994202, -5.990749947747151, -6.48148976994202, -6.48148976994202, -6.48148976994202, -6.48148976994202, -6.48148976994202, -6.48148976994202, -6.48148976994202, -6.4445831643625215, -6.48148976994202, -6.48148976994202, -6.48148976994202, -6.48148976994202, -6.166686125641177, -6.43287115614266, -6.166686125641177, -6.1083680586584554, -5.704792167889601, -5.462892417275145, -6.166686125641177, -6.48148976994202, -6.48148976994202, -5.749567519619117, -6.48148976994202, -6.48148976994202, -6.48148976994202, -6.48148976994202, -6.48148976994202, -5.704792167889601, -5.704792167889601, -6.48148976994202, -5.462892417275145, -5.462892417275145, -5.462892417275145, -5.462892417275145, -5.470939246472483, -5.52862467202818, -5.864871213446179, -5.864871213446179, -6.4445831643625215, -5.864871213446179, -5.864871213446179, -5.470939246472483, -5.864871213446179, -5.864871213446179, -5.864871213446179, -5.864871213446179, -5.864871213446179, -5.864871213446179, -6.48148976994202, -6.48148976994202, -6.2500283333333355, -6.48148976994202, -5.462892417275145, -5.096924558023377, -4.5684924748252795, -5.096924558023377, -5.462892417275145, -4.5684924748252795, -4.5684924748252795, -5.0588317635105895, -5.0588317635105895, -4.5684924748252795, -4.5684924748252795, -4.5684924748252795, -5.0588317635105895, -6.454709374895765, -7.419371266233762, -5.629299389589165, -7.155212176329424, -5.917990833333332, -6.454709374895765, -6.454709374895765, -6.454709374895765, -5.462773903404213, -6.210288070253675, -5.842858209673024, -5.629299389589165, -6.454709374895765, -6.454709374895765, -6.454709374895765, -6.454709374895765, -6.454709374895765, -6.210288070253675, -6.43549367965368, -5.917990833333332, -6.857711894166675, -6.454709374895765, -5.842858209673024, -6.07353222493132, -6.210288070253675, -6.454709374895765, -6.454709374895765, -6.210288070253675, -6.454709374895765, -6.454709374895765, -5.629299389589165, -5.842858209673024, -5.842858209673024, -5.842858209673024, -6.07353222493132, -6.454709374895765, -6.454709374895765, -6.454709374895765, -6.454709374895765, -6.454709374895765, -6.454709374895765, -6.454709374895765, -6.454709374895765, -6.07353222493132, -6.454709374895765, -6.454709374895765, -6.454709374895765, -6.454709374895765, -5.8751268010147815, -6.454709374895765, -6.454709374895765, -6.454709374895765, -6.210288070253675, -5.629299389589165, -6.454709374895765, -6.454709374895765, -6.454709374895765, -5.734534603283015, -6.210288070253675, -5.629299389589165, -6.454709374895765, -6.290275866935689, -6.454709374895765, -6.454709374895765, -6.454709374895765, -6.454709374895765, -6.311714850606911, -5.937163968253966, -6.454709374895765, -6.454709374895765, -6.07353222493132, -6.454709374895765, -6.454709374895765, -6.454709374895765, -6.454709374895765, -6.454709374895765, -6.454709374895765, -6.5979718586879015, -6.454709374895765, -6.210288070253675, -6.454709374895765, -6.454709374895765, -6.454709374895765, -5.606939144566154, -6.210288070253675, -6.210288070253675, -6.210288070253675, -5.8751268010147815, -6.059133333333334, -6.059133333333334, -6.454709374895765, -6.454709374895765, -5.907536111111111, -7.14559358680177, -6.454709374895765, -6.454709374895765, -6.5979718586879015, -6.454709374895765, -6.454709374895765, -6.454709374895765, -6.454709374895765, -6.454709374895765, -6.8396629497120776, -6.8396629497120776, -6.454709374895765, -5.983758841454643, -6.454709374895765, -6.454709374895765, -6.454709374895765, -6.454709374895765, -7.14559358680177, -6.611820178523854, -6.4890447347097355, -6.611820178523854, -6.454709374895765, -6.290275866935689, -5.8751268010147815, -6.454709374895765, -6.454709374895765, -6.454709374895765, -6.454709374895765, -6.454709374895765, -5.808054999999999, -6.290275866935689, -6.454709374895765, -6.454709374895765, -6.454709374895765, -6.454709374895765, -6.454709374895765, -6.454709374895765, -6.454709374895765, -5.455234867076651, -6.454709374895765, -6.454709374895765, -6.454709374895765, -6.404069999999997, -6.454709374895765, -6.454709374895765, -6.598997119365844, -5.455234867076651, -6.454709374895765, -5.455234867076651, -6.454709374895765, -6.454709374895765, -6.454709374895765, -6.454709374895765, -5.455234867076651, -6.454709374895765, -6.454709374895765, -6.454709374895765, -6.454709374895765, -5.455234867076651, -6.454709374895765, -6.454709374895765, -6.454709374895765, -6.454709374895765, -6.454709374895765, -5.455234867076651, -6.454709374895765, -6.454709374895765, -6.454709374895765, -5.455234867076651, -6.150390487792652, -6.57193527730937, -5.455234867076651, -5.495280911865912, -5.495280911865912, -5.744019334537145, -5.744019334537145, -5.78510066738817, -5.495280911865912, -6.404069999999997, -4.729185247747429, -5.744019334537145, -5.495280911865912, -5.495280911865912, -5.744019334537145, -5.744019334537145, -5.744019334537145, -5.744019334537145, -6.310225012770515, -6.70264301587302, -5.744019334537145, -5.744019334537145, -5.455234867076651, -6.70264301587302, -5.744019334537145, -5.744019334537145, -5.088148904617191, -5.455234867076651, -4.551847170864318, -4.551847170864318, -5.024919119095745, -5.024919119095745, -5.024919119095745, -5.024919119095745, -4.551847170864318, -4.551847170864318, -4.551847170864318, -5.024919119095745, -5.024919119095745, -6.458956057757486, -7.368478975468978, -7.122997738095245, -6.458956057757486, -6.237964520326382, -6.458956057757486, -6.712595256242553, -6.458956057757486, -6.458956057757486, -6.018325342796946, -6.216046414141415, -6.237964520326382, -5.862887757765813, -6.458956057757486, -6.458956057757486, -5.856140523635066, -6.458956057757486, -6.018325342796946, -6.237964520326382, -6.237964520326382, -5.9795009346209325, -6.458956057757486, -6.458956057757486, -5.789200041845338, -6.237964520326382, -5.694262406769358, -6.458956057757486, -6.458956057757486, -6.458956057757486, -5.856140523635066, -6.237964520326382, -6.237964520326382, -6.458956057757486, -6.018325342796946, -6.458956057757486, -6.458956057757486, -6.458956057757486, -6.018325342796946, -6.458956057757486, -6.216046414141415, -6.237964520326382, -6.458956057757486, -6.458956057757486, -5.862887757765813, -6.237964520326382, -7.080029783919742, -6.018325342796946, -6.4189911367322905, -5.856140523635066, -6.458956057757486, -6.458956057757486, -6.458956057757486, -6.458956057757486, -6.458956057757486, -6.458956057757486, -6.237964520326382, -6.237964520326382, -5.904841190476191, -5.694262406769358, -6.458956057757486, -6.458956057757486, -6.458956057757486, -6.458956057757486, -5.856140523635066, -6.458956057757486, -6.018325342796946, -6.458956057757486, -7.003394291611772, -7.080029783919742, -6.458956057757486, -5.912985609756097, -6.237964520326382, -6.458956057757486, -6.458956057757486, -6.458956057757486, -6.458956057757486, -6.458956057757486, -6.458956057757486, -6.458956057757486, -6.458956057757486, -6.458956057757486, -6.79987656423296, -6.458956057757486, -6.458956057757486, -6.458956057757486, -5.814347496046371, -6.458956057757486, -6.197193571428573, -6.458956057757486, -6.458956057757486, -6.458956057757486, -6.458956057757486, -6.458956057757486, -6.458956057757486, -5.862887757765813, -6.458956057757486, -6.458956057757486, -6.458956057757486, -6.458956057757486, -6.458956057757486, -6.458956057757486, -6.458956057757486, -6.458956057757486, -6.458956057757486, -6.458956057757486, -6.509713011482535, -6.815728593187085, -6.815728593187085, -6.458956057757486, -5.972995410616457, -6.815728593187085, -6.458956057757486, -6.458956057757486, -6.458956057757486, -6.042773057812479, -5.925178744588744, -6.458956057757486, -5.925178744588744, -6.458956057757486, -6.458956057757486, -6.458956057757486, -5.727406666666666, -6.458956057757486, -6.458956057757486, -6.458956057757486, -6.560229624185286, -6.458956057757486, -6.458956057757486, -6.458956057757486, -6.458956057757486, -6.458956057757486, -6.458956057757486, -6.458956057757486, -6.184826587481836, -6.458956057757486, -6.458956057757486, -6.458956057757486, -6.458956057757486, -6.458956057757486, -6.458956057757486, -6.458956057757486, -5.862887757765813, -5.5330959339211505, -6.458956057757486, -6.458956057757486, -6.458956057757486, -6.184826587481836, -6.458956057757486, -5.5330959339211505, -6.458956057757486, -6.458956057757486, -5.5330959339211505, -6.458956057757486, -6.458956057757486, -5.5330959339211505, -6.458956057757486, -5.5330959339211505, -6.458956057757486, -5.5330959339211505, -5.5330959339211505, -5.5330959339211505, -5.984363432484153, -5.7919059920634925, -5.7919059920634925, -5.835034437949189, -5.595912270777468, -5.835034437949189, -5.835034437949189, -5.835034437949189, -5.835034437949189, -5.835034437949189, -5.7919059920634925, -5.595912270777468, -5.648817145773935, -5.648817145773935, -5.835034437949189, -5.835034437949189, -6.223527619047618, -6.223527619047618, -6.223527619047618, -5.925178744588744, -5.925178744588744, -5.835034437949189, -5.835034437949189, -6.458956057757486, -6.458956057757486, -5.5330959339211505, -5.5330959339211505, -5.1059026810798525, -5.5330959339211505, -5.5330959339211505, -4.532117248985252, -5.048750347129116, -5.048750347129116, -5.048750347129116, -5.048750347129116, -5.048750347129116, -5.048750347129116, -5.048750347129116, -4.532117248985252, -5.048750347129116]","0     -7.22
1     -6.21
2     -7.24
3     -5.92
4     -5.96
       ... 
247   -6.00
248   -3.99
249   -5.24
250   -4.77
251   -4.71
Name: Permeability, Length: 252, dtype: float64","[array([-6.47636371, -5.75730102, -6.47636371, -5.88492743, -5.84169195,
       -7.0446219 , -5.96540835, -7.0446219 , -6.57691416, -6.19390449,
       -6.19390449, -6.47636371, -5.84169195, -6.47636371, -5.67525187,
       -5.67934856, -6.29867611, -6.19390449, -5.67777016, -6.47636371,
       -5.88860522, -6.47636371, -6.47636371, -5.81760914, -5.54771027,
       -6.19390449, -6.47636371, -6.47636371, -6.05952565, -6.19390449,
       -6.15669408, -6.47636371, -6.47636371, -6.19390449, -6.47636371,
       -6.19390449, -6.47636371, -5.87717663, -6.47636371, -5.96540835,
       -6.05952565, -6.47636371, -6.05952565, -5.81760914, -6.31967351,
       -6.57712523, -6.19390449, -6.47636371, -6.47636371, -6.47636371,
       -6.87508553, -6.19390449, -5.75730102, -6.47636371, -6.05952565,
       -6.47636371, -6.47636371, -6.19390449, -5.67525187, -6.74601774,
       -6.05952565, -6.19390449, -6.00625579, -5.67777016, -6.19390449,
       -5.83147333, -6.77545124, -6.47636371, -6.47636371, -6.47636371,
       -6.47636371, -6.47636371, -6.47636371, -6.47636371, -6.29867611,
       -6.19390449, -6.00625579, -6.47636371, -6.47636371, -6.47636371,
       -6.05952565, -5.75730102, -6.47636371, -6.47636371, -6.47636371,
       -6.47636371, -6.47636371, -5.88860522, -6.47636371, -6.47636371,
       -7.11052606, -7.13974794, -5.96540835, -6.00625579, -6.63210515,
       -7.13974794, -6.47636371, -6.47636371, -6.47636371, -6.47636371,
       -6.47636371, -6.47636371, -7.13974794, -6.47636371, -6.19390449,
       -6.47636371, -6.47636371, -6.47636371, -6.47636371, -6.47636371,
       -5.96540835, -6.00625579, -6.47636371, -6.47636371, -6.00976603,
       -6.07558581, -6.47636371, -6.47636371, -6.47636371, -6.47636371,
       -6.47636371, -6.47636371, -6.07558581, -6.47636371, -5.86318643,
       -6.39095992, -6.47636371, -6.47636371, -6.47636371, -6.47636371,
       -6.47636371, -7.13974794, -6.71671393, -6.47636371, -6.47636371,
       -6.47636371, -6.47636371, -6.47636371, -6.47636371, -6.94046375,
       -6.47636371, -6.85739369, -6.71671393, -7.13974794, -6.74601774,
       -6.53471316, -6.47636371, -5.94768753, -6.07558581, -6.47636371,
       -6.47636371, -6.74601774, -6.07558581, -5.38180098, -6.47636371,
       -6.47636371, -6.47636371, -6.47636371, -6.6928832 , -6.47636371,
       -6.47636371, -6.47636371, -6.47636371, -6.47636371, -6.47636371,
       -6.47636371, -6.47636371, -6.47636371, -6.47636371, -6.74601774,
       -6.47636371, -5.38180098, -6.47636371, -6.47636371, -6.47636371,
       -6.07558581, -6.47636371, -6.47636371, -6.02483512, -6.25027858,
       -5.96540835, -6.47636371, -6.47636371, -6.07558581, -5.38180098,
       -6.47636371, -6.47636371, -6.74601774, -6.47636371, -5.96540835,
       -6.47636371, -6.47636371, -5.96540835, -5.38180098, -6.47636371,
       -5.96540835, -6.47636371, -5.38180098, -6.47636371, -6.47636371,
       -6.47636371, -6.47636371, -6.47636371, -5.38180098, -6.15241928,
       -6.45495721, -5.6242567 , -6.52961387, -5.93063907, -5.63827882,
       -5.99093489, -6.35682201, -5.99093489, -5.99093489, -5.99093489,
       -5.93063907, -5.63827882, -6.3925823 , -4.96405089, -5.38692539,
       -5.63827882, -6.52706857, -5.99093489, -5.99093489, -5.99093489,
       -5.99093489, -5.99093489, -6.19383204, -5.99093489, -5.99093489,
       -5.99093489, -6.47636371, -6.47636371, -6.28034796, -4.57437969,
       -4.97236052, -4.57437969, -4.97236052, -5.38180098, -4.57437969,
       -4.88363112, -5.07011037, -5.07011037, -5.07011037, -5.07011037,
       -5.07011037, -5.07011037, -4.57437969, -4.57437969, -4.57437969,
       -4.57437969, -5.07011037]), array([-6.4492505 , -5.81423994, -6.4492505 , -6.03027155, -5.79569797,
       -7.07434413, -5.86431923, -7.07434413, -6.38525572, -6.17303219,
       -6.17303219, -6.4492505 , -5.79569797, -6.4492505 , -5.71580267,
       -5.70185343, -6.26990803, -6.17303219, -5.69921843, -6.4492505 ,
       -5.80429131, -6.4492505 , -6.4492505 , -5.66576611, -5.71008667,
       -6.17303219, -6.4492505 , -6.4492505 , -6.13691131, -6.17303219,
       -6.41932746, -6.4492505 , -6.4492505 , -6.17303219, -6.4492505 ,
       -6.17303219, -6.4492505 , -6.22895139, -6.4492505 , -5.86431923,
       -6.13691131, -6.4492505 , -6.13691131, -5.66576611, -6.2924915 ,
       -6.39803056, -6.17303219, -6.4492505 , -6.4492505 , -6.4492505 ,
       -6.71801762, -6.17303219, -5.81423994, -6.4492505 , -6.13691131,
       -6.4492505 , -6.4492505 , -6.17303219, -5.71580267, -6.83017376,
       -6.13691131, -6.17303219, -5.84504905, -5.69921843, -6.17303219,
       -5.80537571, -6.58080244, -6.4492505 , -6.4492505 , -6.4492505 ,
       -6.4492505 , -6.4492505 , -6.4492505 , -6.4492505 , -6.26990803,
       -6.17303219, -5.84504905, -6.4492505 , -6.4492505 , -6.4492505 ,
       -6.13691131, -5.81423994, -6.4492505 , -6.4492505 , -6.4492505 ,
       -6.4492505 , -6.4492505 , -5.80429131, -6.4492505 , -6.4492505 ,
       -7.10938005, -7.16733456, -5.86431923, -5.84504905, -6.63934964,
       -7.16733456, -6.4492505 , -6.4492505 , -6.4492505 , -6.4492505 ,
       -6.4492505 , -6.4492505 , -7.16733456, -6.4492505 , -6.17303219,
       -6.4492505 , -6.4492505 , -6.4492505 , -6.4492505 , -6.4492505 ,
       -5.86431923, -5.84504905, -6.4492505 , -6.4492505 , -6.02954111,
       -6.26223499, -6.4492505 , -6.4492505 , -6.4492505 , -6.4492505 ,
       -6.4492505 , -6.4492505 , -6.26223499, -6.4492505 , -5.8896603 ,
       -6.23192098, -6.4492505 , -6.4492505 , -6.4492505 , -6.4492505 ,
       -6.4492505 , -7.16733456, -6.61021329, -6.4492505 , -6.4492505 ,
       -6.4492505 , -6.4492505 , -6.4492505 , -6.4492505 , -7.0234902 ,
       -6.4492505 , -6.796173  , -6.61021329, -7.16733456, -6.83017376,
       -6.36633072, -6.4492505 , -5.85525855, -6.26223499, -6.4492505 ,
       -6.4492505 , -6.83017376, -6.26223499, -5.49569238, -6.4492505 ,
       -6.4492505 , -6.4492505 , -6.4492505 , -6.67286292, -6.4492505 ,
       -6.4492505 , -6.4492505 , -6.4492505 , -6.4492505 , -6.4492505 ,
       -6.4492505 , -6.4492505 , -6.4492505 , -6.4492505 , -6.83017376,
       -6.4492505 , -5.49569238, -6.4492505 , -6.4492505 , -6.4492505 ,
       -6.26223499, -6.4492505 , -6.4492505 , -6.24294933, -6.30140151,
       -5.86431923, -6.4492505 , -6.4492505 , -6.26223499, -5.49569238,
       -6.4492505 , -6.4492505 , -6.83017376, -6.4492505 , -5.86431923,
       -6.4492505 , -6.4492505 , -5.86431923, -5.49569238, -6.4492505 ,
       -5.86431923, -6.4492505 , -5.49569238, -6.4492505 , -6.4492505 ,
       -6.4492505 , -6.4492505 , -6.4492505 , -5.49569238, -5.64339523,
       -6.03850953, -5.77030205, -6.39950759, -5.74176002, -5.44505121,
       -5.79395448, -6.28877816, -5.79395448, -5.79395448, -5.79395448,
       -5.74176002, -5.44505121, -6.44192004, -4.94210979, -5.73958897,
       -5.44505121, -6.11597199, -5.79395448, -5.79395448, -5.79395448,
       -5.79395448, -5.79395448, -6.29243286, -5.79395448, -5.79395448,
       -5.79395448, -6.4492505 , -6.4492505 , -6.24299108, -4.52267962,
       -5.04013822, -4.52267962, -5.04013822, -5.49569238, -4.52267962,
       -4.7932575 , -5.05126141, -5.05126141, -5.05126141, -5.05126141,
       -5.05126141, -5.05126141, -4.52267962, -4.52267962, -4.52267962,
       -4.52267962, -5.05126141]), array([-6.48148977, -5.77931081, -6.48148977, -5.95350076, -5.85449018,
       -7.061005  , -5.70479217, -7.061005  , -6.37919584, -6.22945039,
       -6.22945039, -6.48148977, -5.85449018, -6.48148977, -5.75357696,
       -5.70845391, -6.11093046, -6.22945039, -5.70321607, -6.48148977,
       -5.94030413, -6.48148977, -6.48148977, -5.95319316, -5.67144313,
       -6.22945039, -6.48148977, -6.48148977, -6.08811036, -6.22945039,
       -6.25661923, -6.48148977, -6.48148977, -6.22945039, -6.48148977,
       -6.22945039, -6.48148977, -6.48610775, -6.48148977, -5.70479217,
       -6.08811036, -6.48148977, -6.08811036, -5.95319316, -6.25016124,
       -6.4398727 , -6.22945039, -6.48148977, -6.48148977, -6.48148977,
       -6.89226947, -6.22945039, -5.77931081, -6.48148977, -6.08811036,
       -6.48148977, -6.48148977, -6.22945039, -5.75357696, -6.89845573,
       -6.08811036, -6.22945039, -5.92489516, -5.70321607, -6.22945039,
       -5.897725  , -6.45841589, -6.48148977, -6.48148977, -6.48148977,
       -6.48148977, -6.48148977, -6.48148977, -6.48148977, -6.11093046,
       -6.22945039, -5.92489516, -6.48148977, -6.48148977, -6.48148977,
       -6.08811036, -5.77931081, -6.48148977, -6.48148977, -6.48148977,
       -6.48148977, -6.48148977, -5.94030413, -6.48148977, -6.48148977,
       -7.11642418, -7.15217414, -5.70479217, -5.92489516, -6.5900875 ,
       -7.15217414, -6.48148977, -6.48148977, -6.48148977, -6.48148977,
       -6.48148977, -6.48148977, -7.15217414, -6.48148977, -6.22945039,
       -6.48148977, -6.48148977, -6.48148977, -6.48148977, -6.48148977,
       -5.70479217, -5.92489516, -6.48148977, -6.48148977, -5.91870881,
       -6.16668613, -6.48148977, -6.48148977, -6.48148977, -6.48148977,
       -6.48148977, -6.48148977, -6.16668613, -6.48148977, -5.86929367,
       -6.12259848, -6.48148977, -6.48148977, -6.48148977, -6.48148977,
       -6.48148977, -7.15217414, -6.68677765, -6.48148977, -6.48148977,
       -6.48148977, -6.48148977, -6.48148977, -6.48148977, -6.94519158,
       -6.48148977, -6.79904215, -6.68677765, -7.15217414, -6.89845573,
       -6.36903667, -6.48148977, -5.94122958, -6.16668613, -6.48148977,
       -6.48148977, -6.89845573, -6.16668613, -5.46289242, -6.48148977,
       -6.48148977, -6.48148977, -6.48148977, -6.4969885 , -6.48148977,
       -6.48148977, -6.48148977, -6.48148977, -6.48148977, -6.48148977,
       -6.48148977, -6.48148977, -6.48148977, -6.48148977, -6.89845573,
       -6.48148977, -5.46289242, -6.48148977, -6.48148977, -6.48148977,
       -6.16668613, -6.48148977, -6.48148977, -6.32940416, -6.10836806,
       -5.70479217, -6.48148977, -6.48148977, -6.16668613, -5.46289242,
       -6.48148977, -6.48148977, -6.89845573, -6.48148977, -5.70479217,
       -6.48148977, -6.48148977, -5.70479217, -5.46289242, -6.48148977,
       -5.70479217, -6.48148977, -5.46289242, -6.48148977, -6.48148977,
       -6.48148977, -6.48148977, -6.48148977, -5.46289242, -5.58470407,
       -6.03832832, -5.67392097, -6.49147071, -5.76339004, -5.47093925,
       -5.86487121, -6.03500302, -5.86487121, -5.86487121, -5.86487121,
       -5.76339004, -5.47093925, -6.44458316, -4.9388746 , -5.65451729,
       -5.47093925, -6.15612203, -5.86487121, -5.86487121, -5.86487121,
       -5.86487121, -5.86487121, -6.25002833, -5.86487121, -5.86487121,
       -5.86487121, -6.48148977, -6.48148977, -5.99074995, -4.56849247,
       -5.09692456, -4.56849247, -5.09692456, -5.46289242, -4.56849247,
       -4.82229165, -5.05883176, -5.05883176, -5.05883176, -5.05883176,
       -5.05883176, -5.05883176, -4.56849247, -4.56849247, -4.56849247,
       -4.56849247, -5.05883176]), array([-6.45470937, -5.84285821, -6.45470937, -5.91351675, -5.86349281,
       -7.15521218, -5.8751268 , -7.15521218, -6.51974104, -6.21028807,
       -6.21028807, -6.45470937, -5.86349281, -6.45470937, -5.61511504,
       -5.63012247, -6.31171485, -6.21028807, -5.62929939, -6.45470937,
       -5.88463643, -6.45470937, -6.45470937, -5.60693914, -5.7345346 ,
       -6.21028807, -6.45470937, -6.45470937, -6.07353222, -6.21028807,
       -6.43549368, -6.45470937, -6.45470937, -6.21028807, -6.45470937,
       -6.21028807, -6.45470937, -6.11899008, -6.45470937, -5.8751268 ,
       -6.07353222, -6.45470937, -6.07353222, -5.60693914, -6.34455808,
       -6.51152712, -6.21028807, -6.45470937, -6.45470937, -6.45470937,
       -6.86837333, -6.21028807, -5.84285821, -6.45470937, -6.07353222,
       -6.45470937, -6.45470937, -6.21028807, -5.61511504, -6.83966295,
       -6.07353222, -6.21028807, -5.93716397, -5.62929939, -6.21028807,
       -5.66575437, -6.62738363, -6.45470937, -6.45470937, -6.45470937,
       -6.45470937, -6.45470937, -6.45470937, -6.45470937, -6.31171485,
       -6.21028807, -5.93716397, -6.45470937, -6.45470937, -6.45470937,
       -6.07353222, -5.84285821, -6.45470937, -6.45470937, -6.45470937,
       -6.45470937, -6.45470937, -5.88463643, -6.45470937, -6.45470937,
       -7.08523752, -7.14559359, -5.8751268 , -5.93716397, -6.62600455,
       -7.14559359, -6.45470937, -6.45470937, -6.45470937, -6.45470937,
       -6.45470937, -6.45470937, -7.14559359, -6.45470937, -6.21028807,
       -6.45470937, -6.45470937, -6.45470937, -6.45470937, -6.45470937,
       -5.8751268 , -5.93716397, -6.45470937, -6.45470937, -6.05913333,
       -6.29027587, -6.45470937, -6.45470937, -6.45470937, -6.45470937,
       -6.45470937, -6.45470937, -6.29027587, -6.45470937, -5.81475098,
       -6.59797186, -6.45470937, -6.45470937, -6.45470937, -6.45470937,
       -6.45470937, -7.14559359, -5.90753611, -6.45470937, -6.45470937,
       -6.45470937, -6.45470937, -6.45470937, -6.45470937, -6.85771189,
       -6.45470937, -6.61182018, -5.90753611, -7.14559359, -6.83966295,
       -6.48904473, -6.45470937, -5.98375884, -6.29027587, -6.45470937,
       -6.45470937, -6.83966295, -6.29027587, -5.45523487, -6.45470937,
       -6.45470937, -6.45470937, -6.45470937, -6.70436428, -6.45470937,
       -6.45470937, -6.45470937, -6.45470937, -6.45470937, -6.45470937,
       -6.45470937, -6.45470937, -6.45470937, -6.45470937, -6.83966295,
       -6.45470937, -5.45523487, -6.45470937, -6.45470937, -6.45470937,
       -6.29027587, -6.45470937, -6.45470937, -6.70366343, -6.25579662,
       -5.8751268 , -6.45470937, -6.45470937, -6.29027587, -5.45523487,
       -6.45470937, -6.45470937, -6.83966295, -6.45470937, -5.8751268 ,
       -6.45470937, -6.45470937, -5.8751268 , -5.45523487, -6.45470937,
       -5.8751268 , -6.45470937, -5.45523487, -6.45470937, -6.45470937,
       -6.45470937, -6.45470937, -6.45470937, -5.45523487, -5.82915727,
       -6.04500721, -5.70058898, -6.46695047, -5.78510067, -5.49528091,
       -5.74401933, -6.363711  , -5.74401933, -5.74401933, -5.74401933,
       -5.78510067, -5.49528091, -6.40407   , -4.72918525, -5.69411586,
       -5.49528091, -5.97197641, -5.74401933, -5.74401933, -5.74401933,
       -5.74401933, -5.74401933, -6.24416169, -5.74401933, -5.74401933,
       -5.74401933, -6.45470937, -6.45470937, -6.43315729, -4.55184717,
       -5.0881489 , -4.55184717, -5.0881489 , -5.45523487, -4.55184717,
       -4.79724749, -5.02491912, -5.02491912, -5.02491912, -5.02491912,
       -5.02491912, -5.02491912, -4.55184717, -4.55184717, -4.55184717,
       -4.55184717, -5.02491912]), array([-6.45895606, -5.85614052, -6.45895606, -5.93645473, -5.85102002,
       -7.12299774, -5.86288776, -7.12299774, -6.07604589, -6.23796452,
       -6.23796452, -6.45895606, -5.85102002, -6.45895606, -5.69416148,
       -5.69396907, -6.25030399, -6.23796452, -5.69426241, -6.45895606,
       -5.87871841, -6.45895606, -6.45895606, -5.71144369, -5.64836889,
       -6.23796452, -6.45895606, -6.45895606, -6.01832534, -6.23796452,
       -6.21604641, -6.45895606, -6.45895606, -6.23796452, -6.45895606,
       -6.23796452, -6.45895606, -6.41899114, -6.45895606, -5.86288776,
       -6.01832534, -6.45895606, -6.01832534, -5.71144369, -6.02375212,
       -6.05480541, -6.23796452, -6.45895606, -6.45895606, -6.45895606,
       -6.86785429, -6.23796452, -5.85614052, -6.45895606, -6.01832534,
       -6.45895606, -6.45895606, -6.23796452, -5.69416148, -6.81572859,
       -6.01832534, -6.23796452, -5.90484119, -5.69426241, -6.23796452,
       -5.84604833, -6.53297422, -6.45895606, -6.45895606, -6.45895606,
       -6.45895606, -6.45895606, -6.45895606, -6.45895606, -6.25030399,
       -6.23796452, -5.90484119, -6.45895606, -6.45895606, -6.45895606,
       -6.01832534, -5.85614052, -6.45895606, -6.45895606, -6.45895606,
       -6.45895606, -6.45895606, -5.87871841, -6.45895606, -6.45895606,
       -6.97670329, -7.08002978, -5.86288776, -5.90484119, -6.61559659,
       -7.08002978, -6.45895606, -6.45895606, -6.45895606, -6.45895606,
       -6.45895606, -6.45895606, -7.08002978, -6.45895606, -6.23796452,
       -6.45895606, -6.45895606, -6.45895606, -6.45895606, -6.45895606,
       -5.86288776, -5.90484119, -6.45895606, -6.45895606, -6.19719357,
       -6.18482659, -6.45895606, -6.45895606, -6.45895606, -6.45895606,
       -6.45895606, -6.45895606, -6.18482659, -6.45895606, -5.8143475 ,
       -6.50971301, -6.45895606, -6.45895606, -6.45895606, -6.45895606,
       -6.45895606, -7.08002978, -6.59964004, -6.45895606, -6.45895606,
       -6.45895606, -6.45895606, -6.45895606, -6.45895606, -7.00339429,
       -6.45895606, -6.73633334, -6.59964004, -7.08002978, -6.81572859,
       -5.92517874, -6.45895606, -5.97299541, -6.18482659, -6.45895606,
       -6.45895606, -6.81572859, -6.18482659, -5.53309593, -6.45895606,
       -6.45895606, -6.45895606, -6.45895606, -6.71463897, -6.45895606,
       -6.45895606, -6.45895606, -6.45895606, -6.45895606, -6.45895606,
       -6.45895606, -6.45895606, -6.45895606, -6.45895606, -6.81572859,
       -6.45895606, -5.53309593, -6.45895606, -6.45895606, -6.45895606,
       -6.18482659, -6.45895606, -6.45895606, -6.20965038, -6.27799245,
       -5.86288776, -6.45895606, -6.45895606, -6.18482659, -5.53309593,
       -6.45895606, -6.45895606, -6.81572859, -6.45895606, -5.86288776,
       -6.45895606, -6.45895606, -5.86288776, -5.53309593, -6.45895606,
       -5.86288776, -6.45895606, -5.53309593, -6.45895606, -6.45895606,
       -6.45895606, -6.45895606, -6.45895606, -5.53309593, -5.64222905,
       -5.78705919, -5.84860822, -5.98436343, -5.79190599, -5.59591227,
       -5.83503444, -6.0372456 , -5.83503444, -5.83503444, -5.83503444,
       -5.79190599, -5.59591227, -6.45692178, -5.64881715, -5.61299042,
       -5.59591227, -6.13073675, -5.83503444, -5.83503444, -5.83503444,
       -5.83503444, -5.83503444, -6.26433444, -5.83503444, -5.83503444,
       -5.83503444, -6.45895606, -6.45895606, -6.1467827 , -4.53211725,
       -5.10590268, -4.53211725, -5.10590268, -5.53309593, -4.53211725,
       -4.80375151, -5.04875035, -5.04875035, -5.04875035, -5.04875035,
       -5.04875035, -5.04875035, -4.53211725, -4.53211725, -4.53211725,
       -4.53211725, -5.04875035])]","[-6.46415388 -5.8099701  -6.46415388 -5.94373424 -5.84127859 -7.09163619
 -5.85450686 -7.09163619 -6.38743053 -6.20892793 -6.20892793 -6.46415388
 -5.84127859 -6.46415388 -5.69078161 -5.68274949 -6.24830669 -6.20892793
 -5.68075329 -6.46415388 -5.8793111  -6.46415388 -6.46415388 -5.75099025
 -5.66242871 -6.20892793 -6.46415388 -6.46415388 -6.07528098 -6.20892793
 -6.29683617 -6.46415388 -6.46415388 -6.20892793 -6.46415388 -6.20892793
 -6.46415388 -6.2260434  -6.46415388 -5.85450686 -6.07528098 -6.46415388
 -6.07528098 -5.75099025 -6.24612729 -6.3962722  -6.20892793 -6.46415388
 -6.46415388 -6.46415388 -6.84432005 -6.20892793 -5.8099701  -6.46415388
 -6.07528098 -6.46415388 -6.46415388 -6.20892793 -5.69078161 -6.82600775
 -6.07528098 -6.20892793 -5.92364103 -5.68075329 -6.20892793 -5.80927535
 -6.59500549 -6.46415388 -6.46415388 -6.46415388 -6.46415388 -6.46415388
 -6.46415388 -6.46415388 -6.24830669 -6.20892793 -5.92364103 -6.46415388
 -6.46415388 -6.46415388 -6.07528098 -5.8099701  -6.46415388 -6.46415388
 -6.46415388 -6.46415388 -6.46415388 -5.8793111  -6.46415388 -6.46415388
 -7.07965422 -7.136976   -5.85450686 -5.92364103 -6.62062869 -7.136976
 -6.46415388 -6.46415388 -6.46415388 -6.46415388 -6.46415388 -6.46415388
 -7.136976   -6.46415388 -6.20892793 -6.46415388 -6.46415388 -6.46415388
 -6.46415388 -6.46415388 -5.85450686 -5.92364103 -6.46415388 -6.46415388
 -6.04286857 -6.19592188 -6.46415388 -6.46415388 -6.46415388 -6.46415388
 -6.46415388 -6.46415388 -6.19592188 -6.46415388 -5.85024778 -6.37063285
 -6.46415388 -6.46415388 -6.46415388 -6.46415388 -6.46415388 -7.136976
 -6.5041762  -6.46415388 -6.46415388 -6.46415388 -6.46415388 -6.46415388
 -6.46415388 -6.95405034 -6.46415388 -6.76015247 -6.5041762  -7.136976
 -6.82600775 -6.33686081 -6.46415388 -5.94018598 -6.19592188 -6.46415388
 -6.46415388 -6.82600775 -6.19592188 -5.46574332 -6.46415388 -6.46415388
 -6.46415388 -6.46415388 -6.65634757 -6.46415388 -6.46415388 -6.46415388
 -6.46415388 -6.46415388 -6.46415388 -6.46415388 -6.46415388 -6.46415388
 -6.46415388 -6.82600775 -6.46415388 -5.46574332 -6.46415388 -6.46415388
 -6.46415388 -6.19592188 -6.46415388 -6.46415388 -6.30210048 -6.23876744
 -5.85450686 -6.46415388 -6.46415388 -6.19592188 -5.46574332 -6.46415388
 -6.46415388 -6.82600775 -6.46415388 -5.85450686 -6.46415388 -6.46415388
 -5.85450686 -5.46574332 -6.46415388 -5.85450686 -6.46415388 -5.46574332
 -6.46415388 -6.46415388 -6.46415388 -6.46415388 -6.46415388 -5.46574332
 -5.77038098 -6.07277229 -5.72353538 -6.37438121 -5.80255916 -5.52909249
 -5.84576287 -6.21631196 -5.84576287 -5.84576287 -5.84576287 -5.80255916
 -5.52909249 -6.42801546 -5.04460754 -5.61762759 -5.52909249 -6.18037515
 -5.84576287 -5.84576287 -5.84576287 -5.84576287 -5.84576287 -6.24895787
 -5.84576287 -5.84576287 -5.84576287 -6.46415388 -6.46415388 -6.21880579
 -4.54990324 -5.06069498 -4.54990324 -5.06069498 -5.46574332 -4.54990324
 -4.82003585 -5.0507746  -5.0507746  -5.0507746  -5.0507746  -5.0507746
 -5.0507746  -4.54990324 -4.54990324 -4.54990324 -4.54990324 -5.0507746 ]","[0.01255341 0.03727088 0.01255341 0.04900698 0.02383559 0.04116572
 0.08403015 0.04116572 0.17346069 0.02358115 0.02358115 0.01255341
 0.02383559 0.01255341 0.04592894 0.02804542 0.07197292 0.02358115
 0.02714567 0.01255341 0.0435045  0.01255341 0.01255341 0.12239436
 0.06466808 0.02358115 0.01255341 0.01255341 0.03862156 0.02358115
 0.11136805 0.01255341 0.01255341 0.02358115 0.01255341 0.02358115
 0.01255341 0.2181922  0.01255341 0.08403015 0.03862156 0.01255341
 0.03862156 0.12239436 0.1155113  0.18138091 0.02358115 0.01255341
 0.01255341 0.01255341 0.0637658  0.02358115 0.03727088 0.01255341
 0.03862156 0.01255341 0.01255341 0.02358115 0.04592894 0.04890111
 0.03862156 0.02358115 0.05203802 0.02714567 0.02358115 0.07782265
 0.1061276  0.01255341 0.01255341 0.01255341 0.01255341 0.01255341
 0.01255341 0.01255341 0.07197292 0.02358115 0.05203802 0.01255341
 0.01255341 0.01255341 0.03862156 0.03727088 0.01255341 0.01255341
 0.01255341 0.01255341 0.01255341 0.0435045  0.01255341 0.01255341
 0.05257146 0.02992472 0.08403015 0.05203802 0.01714158 0.02992472
 0.01255341 0.01255341 0.01255341 0.01255341 0.01255341 0.01255341
 0.02992472 0.01255341 0.02358115 0.01255341 0.01255341 0.01255341
 0.01255341 0.01255341 0.08403015 0.05203802 0.01255341 0.01255341
 0.09029927 0.07584024 0.01255341 0.01255341 0.01255341 0.01255341
 0.01255341 0.01255341 0.07584024 0.01255341 0.03043798 0.17447151
 0.01255341 0.01255341 0.01255341 0.01255341 0.01255341 0.02992472
 0.30161306 0.01255341 0.01255341 0.01255341 0.01255341 0.01255341
 0.01255341 0.05796704 0.01255341 0.08346923 0.30161306 0.02992472
 0.04890111 0.21619037 0.01255341 0.04526607 0.07584024 0.01255341
 0.01255341 0.04890111 0.07584024 0.050196   0.01255341 0.01255341
 0.01255341 0.01255341 0.0808782  0.01255341 0.01255341 0.01255341
 0.01255341 0.01255341 0.01255341 0.01255341 0.01255341 0.01255341
 0.01255341 0.04890111 0.01255341 0.050196   0.01255341 0.01255341
 0.01255341 0.07584024 0.01255341 0.01255341 0.22401797 0.06765815
 0.08403015 0.01255341 0.01255341 0.07584024 0.050196   0.01255341
 0.01255341 0.04890111 0.01255341 0.08403015 0.01255341 0.01255341
 0.08403015 0.050196   0.01255341 0.08403015 0.01255341 0.050196
 0.01255341 0.01255341 0.01255341 0.01255341 0.01255341 0.050196
 0.2080539  0.21486205 0.07832588 0.19956022 0.06641311 0.07479906
 0.08317572 0.14943801 0.08317572 0.08317572 0.08317572 0.06641311
 0.07479906 0.02502917 0.31392199 0.12274436 0.07479906 0.18483848
 0.08317572 0.08317572 0.08317572 0.08317572 0.08317572 0.03221652
 0.08317572 0.08317572 0.08317572 0.01255341 0.01255341 0.14663951
 0.02002949 0.0496701  0.02002949 0.0496701  0.050196   0.02002949
 0.03331971 0.0149106  0.0149106  0.0149106  0.0149106  0.0149106
 0.0149106  0.02002949 0.02002949 0.02002949 0.02002949 0.0149106 ]"
3,GradientBoostingRegressor,"[-6.461306820405278, -7.1891346353965355, -7.1891346353965355, -7.008530192795861, -5.821074498645228, -6.810186183175109, -6.559805846102938, -5.821074498645228, -6.461306820405278, -6.461306820405278, -6.147066808617086, -5.801702423741277, -6.461306820405278, -6.461306820405278, -6.260811362243255, -6.047571054741477, -6.461306820405278, -5.961248487199611, -6.260811362243255, -6.571156923317927, -6.571156923317927, -5.821074498645228, -6.461306820405278, -6.106279236933349, -6.461306820405278, -5.927323673640722, -6.047571054741477, -5.801702423741277, -6.260811362243255, -6.125418110534477, -5.801702423741277, -6.638944282598557, -6.461306820405278, -6.461306820405278, -6.461306820405278, -6.461306820405278, -5.927323673640722, -5.631058668723393, -6.147066808617086, -6.260811362243255, -6.461306820405278, -6.461306820405278, -6.638944282598557, -6.170208931220518, -6.461306820405278, -6.461306820405278, -6.461306820405278, -6.461306820405278, -6.461306820405278, -6.461306820405278, -6.461306820405278, -6.461306820405278, -6.461306820405278, -6.260811362243255, -6.260811362243255, -6.260811362243255, -6.461306820405278, -6.461306820405278, -6.461306820405278, -5.631058668723393, -6.461306820405278, -6.461306820405278, -6.260811362243255, -6.106279236933349, -6.461306820405278, -6.461306820405278, -6.461306820405278, -6.461306820405278, -6.461306820405278, -6.461306820405278, -6.461306820405278, -6.461306820405278, -6.461306820405278, -6.461306820405278, -6.929489261098004, -5.927323673640722, -6.260811362243255, -6.461306820405278, -6.638944282598557, -6.461306820405278, -6.461306820405278, -6.461306820405278, -6.461306820405278, -6.461306820405278, -6.461306820405278, -6.260811362243255, -6.1834387440376, -6.461306820405278, -6.461306820405278, -6.461306820405278, -6.461306820405278, -5.927323673640722, -6.461306820405278, -6.260811362243255, -5.927323673640722, -6.461306820405278, -6.461306820405278, -6.461306820405278, -6.461306820405278, -6.461306820405278, -6.260811362243255, -6.461306820405278, -6.429129489646344, -6.6215885334596924, -6.461306820405278, -6.6215885334596924, -6.260811362243255, -7.330194696792776, -6.461306820405278, -6.461306820405278, -6.6215885334596924, -6.461306820405278, -6.461306820405278, -6.025017190103581, -6.025017190103581, -6.6215885334596924, -6.6215885334596924, -6.461306820405278, -6.461306820405278, -6.461306820405278, -5.8259016426837045, -6.6215885334596924, -6.461306820405278, -6.461306820405278, -6.461306820405278, -6.461306820405278, -5.927323673640722, -6.461306820405278, -6.461306820405278, -6.461306820405278, -6.461306820405278, -6.461306820405278, -6.461306820405278, -6.461306820405278, -6.461306820405278, -6.461306820405278, -6.6215885334596924, -6.207227743781999, -6.207227743781999, -6.207227743781999, -6.798971493998161, -5.4107196912467455, -6.207227743781999, -6.207227743781999, -6.461306820405278, -5.927323673640722, -6.461306820405278, -5.4107196912467455, -6.461306820405278, -6.461306820405278, -6.461306820405278, -6.461306820405278, -6.461306820405278, -6.461306820405278, -5.4107196912467455, -5.4107196912467455, -6.461306820405278, -6.461306820405278, -6.589411202700758, -6.461306820405278, -6.461306820405278, -6.461306820405278, -5.4107196912467455, -5.4107196912467455, -5.4107196912467455, -6.335717718537614, -5.635662945279932, -6.521421949397855, -6.570588895178535, -5.4107196912467455, -5.4107196912467455, -5.629664759517821, -6.012285957377611, -6.012285957377611, -6.012285957377611, -5.941227354728913, -6.332490952793753, -6.381038515731595, -6.012285957377611, -5.629664759517821, -6.012285957377611, -6.012285957377611, -6.012285957377611, -5.629664759517821, -6.461306820405278, -6.285589234170376, -6.461306820405278, -5.4107196912467455, -6.461306820405278, -6.285589234170376, -5.4107196912467455, -5.4107196912467455, -4.597701625703395, -5.00854188058497, -5.00854188058497, -4.597701625703395, -5.0444936224829044, -5.0444936224829044, -5.0444936224829044, -5.0444936224829044, -4.597701625703395, -4.597701625703395, -7.16037389370056, -7.16037389370056, -6.4435534823478955, -5.893799732401275, -6.23332840389059, -6.4435534823478955, -5.815653677361431, -5.999507255960532, -5.869279005608783, -5.869279005608783, -5.771292711832607, -5.8663356274636405, -5.860666495823642, -6.4435534823478955, -5.960480003613621, -6.23332840389059, -6.4435534823478955, -6.4435534823478955, -6.4435534823478955, -6.4435534823478955, -6.4435534823478955, -5.815653677361431, -6.4435534823478955, -6.4435534823478955, -6.23332840389059, -5.815653677361431, -6.23332840389059, -5.912531481277053, -6.166971117429838, -5.8663356274636405, -6.4435534823478955, -6.4435534823478955, -5.900040531627589, -6.4435534823478955, -6.4435534823478955, -6.951416577030946, -6.161106251694243, -6.23332840389059, -6.23332840389059, -6.23332840389059, -6.4435534823478955, -6.4435534823478955, -6.4435534823478955, -6.23332840389059, -6.961533363563358, -6.475529491297499, -6.476492400277706, -6.23332840389059, -6.161106251694243, -6.4435534823478955, -6.560683384116625, -6.951416577030946, -6.576773190388382, -6.4435534823478955, -6.7675352205910775, -6.4435534823478955, -6.161106251694243, -5.900040531627589, -6.4435534823478955, -6.4435534823478955, -6.4435534823478955, -6.4435534823478955, -6.4435534823478955, -6.4435534823478955, -6.323926049159704, -6.23332840389059, -6.285735861643987, -6.961533363563358, -6.161106251694243, -6.161106251694243, -6.4435534823478955, -6.4435534823478955, -6.4435534823478955, -6.961533363563358, -6.576773190388382, -6.4435534823478955, -6.4435534823478955, -6.680754495487012, -6.4435534823478955, -6.961533363563358, -6.4435534823478955, -6.680754495487012, -6.4435534823478955, -6.150785003179179, -6.150785003179179, -6.4435534823478955, -5.771292711832607, -6.4435534823478955, -6.4435534823478955, -6.92368724565609, -6.33383120907022, -6.4435534823478955, -6.361557737670446, -6.4435534823478955, -6.470732271311818, -6.4435534823478955, -6.4435534823478955, -6.4435534823478955, -6.4435534823478955, -6.4435534823478955, -6.4435534823478955, -6.4435534823478955, -6.4435534823478955, -6.028942625623347, -6.028942625623347, -6.4435534823478955, -6.4435534823478955, -6.028942625623347, -6.4435534823478955, -6.915743742467117, -6.4435534823478955, -6.4435534823478955, -6.4435534823478955, -6.369860699429594, -6.92368724565609, -6.4435534823478955, -6.4435534823478955, -6.4435534823478955, -6.4435534823478955, -6.4435534823478955, -6.4435534823478955, -6.33383120907022, -6.4435534823478955, -6.4435534823478955, -6.4435534823478955, -6.4435534823478955, -6.4435534823478955, -6.4435534823478955, -6.4435534823478955, -6.4435534823478955, -6.4435534823478955, -5.8323841655481115, -6.33383120907022, -6.4435534823478955, -6.4435534823478955, -5.4710455058020315, -6.872377850575779, -6.33383120907022, -6.4435534823478955, -5.4710455058020315, -6.4435534823478955, -6.4435534823478955, -6.4435534823478955, -6.33383120907022, -6.4435534823478955, -6.4435534823478955, -5.4710455058020315, -6.4435534823478955, -6.4435534823478955, -6.4435534823478955, -6.4435534823478955, -6.4435534823478955, -6.4435534823478955, -5.4710455058020315, -6.4435534823478955, -5.8323841655481115, -6.4435534823478955, -6.4435534823478955, -6.4435534823478955, -6.4435534823478955, -6.4435534823478955, -6.4435534823478955, -5.4710455058020315, -5.4710455058020315, -5.4710455058020315, -5.4710455058020315, -5.760360965656648, -5.789540469529671, -5.789540469529671, -5.789540469529671, -5.789540469529671, -5.707881862816595, -5.707881862816595, -5.789540469529671, -5.789540469529671, -5.465558178958267, -6.4435534823478955, -5.789540469529671, -6.4435534823478955, -5.789540469529671, -6.33383120907022, -4.588236818460738, -4.588236818460738, -4.588236818460738, -4.588236818460738, -5.057479203466057, -5.057479203466057, -5.057479203466057, -5.057479203466057, -5.057479203466057, -5.057479203466057, -5.057479203466057, -5.057479203466057, -5.057479203466057, -5.057479203466057, -5.057479203466057, -4.588236818460738, -4.588236818460738, -4.588236818460738, -5.183933239927487, -5.077157544217669, -5.057479203466057, -7.028763288830353, -6.467328787851018, -5.951550597019042, -5.951550597019042, -6.467328787851018, -5.710102464295391, -6.467328787851018, -6.397261685805701, -6.467328787851018, -6.142258669631491, -6.176651281666664, -6.176651281666664, -6.278224546069124, -6.278224546069124, -5.723074721759941, -5.846735173429476, -6.467328787851018, -6.467328787851018, -6.467328787851018, -6.013851574230107, -6.467328787851018, -6.108871916464926, -6.176651281666664, -6.467328787851018, -5.723074721759941, -6.467328787851018, -6.467328787851018, -6.467328787851018, -6.108871916464926, -6.0625456299822975, -6.467328787851018, -6.467328787851018, -6.467328787851018, -5.723074721759941, -6.467328787851018, -6.467328787851018, -6.467328787851018, -6.252821031843998, -6.467328787851018, -6.278224546069124, -6.958454902418041, -6.467328787851018, -6.108163417585185, -5.846735173429476, -6.467328787851018, -6.108871916464926, -6.467328787851018, -6.467328787851018, -6.467328787851018, -6.958454902418041, -6.523712771923166, -6.467328787851018, -6.108871916464926, -6.467328787851018, -6.467328787851018, -6.467328787851018, -6.467328787851018, -6.0625456299822975, -6.467328787851018, -6.467328787851018, -6.467328787851018, -6.467328787851018, -6.280687324407325, -6.467328787851018, -6.467328787851018, -6.108871916464926, -6.467328787851018, -6.467328787851018, -6.467328787851018, -6.467328787851018, -6.467328787851018, -6.467328787851018, -6.467328787851018, -6.467328787851018, -6.405529580193539, -5.723074721759941, -6.467328787851018, -6.467328787851018, -6.9490712014098275, -6.278224546069124, -6.265193441074158, -6.467328787851018, -6.467328787851018, -5.846735173429476, -6.467328787851018, -6.467328787851018, -6.280687324407325, -6.467328787851018, -6.467328787851018, -5.723074721759941, -5.723074721759941, -6.467328787851018, -6.467328787851018, -6.467328787851018, -6.467328787851018, -6.280687324407325, -6.467328787851018, -6.9490712014098275, -6.078054491893269, -6.467328787851018, -6.467328787851018, -6.467328787851018, -6.467328787851018, -6.467328787851018, -6.467328787851018, -6.467328787851018, -6.467328787851018, -6.312288341024983, -6.467328787851018, -6.788804283996785, -6.312288341024983, -6.467328787851018, -6.467328787851018, -6.467328787851018, -6.706094576905931, -6.467328787851018, -6.467328787851018, -6.467328787851018, -6.467328787851018, -6.467328787851018, -6.706094576905931, -6.467328787851018, -6.467328787851018, -6.467328787851018, -6.467328787851018, -6.467328787851018, -6.467328787851018, -6.467328787851018, -6.706094576905931, -6.467328787851018, -6.467328787851018, -6.467328787851018, -6.467328787851018, -6.239930017227499, -6.467328787851018, -6.303685399353747, -6.467328787851018, -6.467328787851018, -6.467328787851018, -6.467328787851018, -6.467328787851018, -6.467328787851018, -6.467328787851018, -6.242361827128744, -6.467328787851018, -6.467328787851018, -6.467328787851018, -6.467328787851018, -6.310885492925349, -6.272494099427628, -6.310885492925349, -5.879839688634425, -5.723074721759941, -5.445285898249007, -6.310885492925349, -6.467328787851018, -6.467328787851018, -6.025694705703058, -6.467328787851018, -6.467328787851018, -6.467328787851018, -6.467328787851018, -6.467328787851018, -5.723074721759941, -5.723074721759941, -6.467328787851018, -5.445285898249007, -5.445285898249007, -5.445285898249007, -5.445285898249007, -5.445285898249007, -5.5949189374624, -5.869059441128166, -5.869059441128166, -6.242361827128744, -5.869059441128166, -5.869059441128166, -5.445285898249007, -5.869059441128166, -5.869059441128166, -5.869059441128166, -5.869059441128166, -5.869059441128166, -5.869059441128166, -6.467328787851018, -6.467328787851018, -6.310885492925349, -6.467328787851018, -5.445285898249007, -5.075808341046696, -4.599830293994323, -5.075808341046696, -5.445285898249007, -4.599830293994323, -4.599830293994323, -5.070558508968039, -5.070558508968039, -4.599830293994323, -4.599830293994323, -4.599830293994323, -5.070558508968039, -6.448825138553577, -7.304903533874686, -5.748248396466025, -7.1636053272755165, -5.911193807857118, -6.448825138553577, -6.448825138553577, -6.448825138553577, -5.626343016397964, -6.293145940466588, -5.898996875692377, -5.748248396466025, -6.448825138553577, -6.448825138553577, -6.448825138553577, -6.448825138553577, -6.448825138553577, -6.293145940466588, -6.340368460162737, -5.911193807857118, -6.844553864488315, -6.448825138553577, -5.898996875692377, -6.154262735544467, -6.293145940466588, -6.448825138553577, -6.448825138553577, -6.293145940466588, -6.448825138553577, -6.448825138553577, -5.748248396466025, -5.898996875692377, -5.898996875692377, -5.898996875692377, -6.154262735544467, -6.448825138553577, -6.448825138553577, -6.448825138553577, -6.448825138553577, -6.448825138553577, -6.448825138553577, -6.448825138553577, -6.448825138553577, -6.154262735544467, -6.448825138553577, -6.448825138553577, -6.448825138553577, -6.448825138553577, -5.83057788484623, -6.448825138553577, -6.448825138553577, -6.448825138553577, -6.293145940466588, -5.748248396466025, -6.448825138553577, -6.448825138553577, -6.448825138553577, -5.783691444148484, -6.293145940466588, -5.748248396466025, -6.448825138553577, -6.3471869437655135, -6.448825138553577, -6.448825138553577, -6.448825138553577, -6.448825138553577, -6.293145940466588, -6.122418476384486, -6.448825138553577, -6.448825138553577, -6.154262735544467, -6.448825138553577, -6.448825138553577, -6.448825138553577, -6.448825138553577, -6.448825138553577, -6.448825138553577, -6.611237776371811, -6.448825138553577, -6.293145940466588, -6.448825138553577, -6.448825138553577, -6.448825138553577, -6.361857224467366, -6.293145940466588, -6.293145940466588, -6.293145940466588, -5.83057788484623, -6.105137267368184, -6.105137267368184, -6.448825138553577, -6.448825138553577, -6.064467858354986, -6.950367099048106, -6.448825138553577, -6.448825138553577, -6.611237776371811, -6.448825138553577, -6.448825138553577, -6.448825138553577, -6.448825138553577, -6.448825138553577, -6.708348700473978, -6.708348700473978, -6.448825138553577, -6.042471315383885, -6.448825138553577, -6.448825138553577, -6.448825138553577, -6.448825138553577, -6.950367099048106, -6.178202686941816, -6.607174050528754, -6.178202686941816, -6.448825138553577, -6.3471869437655135, -5.83057788484623, -6.448825138553577, -6.448825138553577, -6.448825138553577, -6.448825138553577, -6.448825138553577, -5.805177937474754, -6.3471869437655135, -6.448825138553577, -6.448825138553577, -6.448825138553577, -6.448825138553577, -6.448825138553577, -6.448825138553577, -6.448825138553577, -5.437764490102711, -6.448825138553577, -6.448825138553577, -6.448825138553577, -6.122407681669477, -6.448825138553577, -6.448825138553577, -6.597719153110155, -5.437764490102711, -6.448825138553577, -5.437764490102711, -6.448825138553577, -6.448825138553577, -6.448825138553577, -6.448825138553577, -5.437764490102711, -6.448825138553577, -6.448825138553577, -6.448825138553577, -6.448825138553577, -5.437764490102711, -6.448825138553577, -6.448825138553577, -6.448825138553577, -6.448825138553577, -6.448825138553577, -5.437764490102711, -6.448825138553577, -6.448825138553577, -6.448825138553577, -5.437764490102711, -5.450993520364602, -5.954939326332318, -5.437764490102711, -5.456462765680316, -5.456462765680316, -5.787468136598124, -5.787468136598124, -5.714406291590483, -5.456462765680316, -6.122407681669477, -4.723832338825747, -5.787468136598124, -5.456462765680316, -5.456462765680316, -5.787468136598124, -5.787468136598124, -5.787468136598124, -5.787468136598124, -6.20370353884356, -6.39749651654007, -5.787468136598124, -5.787468136598124, -5.437764490102711, -6.39749651654007, -5.787468136598124, -5.787468136598124, -5.048240482151494, -5.437764490102711, -4.620414692655036, -4.620414692655036, -5.041091492129808, -5.041091492129808, -5.041091492129808, -5.041091492129808, -4.620414692655036, -4.620414692655036, -4.620414692655036, -5.041091492129808, -5.041091492129808, -6.449119452106243, -7.303843402560017, -7.138646304214174, -6.449119452106243, -6.295911924046413, -6.449119452106243, -6.676313162147063, -6.449119452106243, -6.449119452106243, -6.068992574424157, -6.268473117683487, -6.295911924046413, -5.842191943969472, -6.449119452106243, -6.449119452106243, -5.921777001731143, -6.449119452106243, -6.068992574424157, -6.295911924046413, -6.295911924046413, -5.949254100342899, -6.449119452106243, -6.449119452106243, -5.798328821872313, -6.295911924046413, -5.783452165970292, -6.449119452106243, -6.449119452106243, -6.449119452106243, -5.921777001731143, -6.295911924046413, -6.295911924046413, -6.449119452106243, -6.068992574424157, -6.449119452106243, -6.449119452106243, -6.449119452106243, -6.068992574424157, -6.449119452106243, -6.268473117683487, -6.295911924046413, -6.449119452106243, -6.449119452106243, -5.842191943969472, -6.295911924046413, -6.910032695161908, -6.068992574424157, -6.421680645743317, -5.921777001731143, -6.449119452106243, -6.449119452106243, -6.449119452106243, -6.449119452106243, -6.449119452106243, -6.449119452106243, -6.295911924046413, -6.295911924046413, -6.247285476202529, -5.783452165970292, -6.449119452106243, -6.449119452106243, -6.449119452106243, -6.449119452106243, -5.921777001731143, -6.449119452106243, -6.068992574424157, -6.449119452106243, -6.777390302089164, -6.910032695161908, -6.449119452106243, -6.132340765779721, -6.295911924046413, -6.449119452106243, -6.449119452106243, -6.449119452106243, -6.449119452106243, -6.449119452106243, -6.449119452106243, -6.449119452106243, -6.449119452106243, -6.449119452106243, -6.768060548583741, -6.449119452106243, -6.449119452106243, -6.449119452106243, -5.860561721427627, -6.449119452106243, -6.204334743259053, -6.449119452106243, -6.449119452106243, -6.449119452106243, -6.449119452106243, -6.449119452106243, -6.449119452106243, -5.842191943969472, -6.449119452106243, -6.449119452106243, -6.449119452106243, -6.449119452106243, -6.449119452106243, -6.449119452106243, -6.449119452106243, -6.449119452106243, -6.449119452106243, -6.449119452106243, -6.658247295639683, -6.632839028620952, -6.632839028620952, -6.449119452106243, -6.055123134059578, -6.632839028620952, -6.449119452106243, -6.449119452106243, -6.449119452106243, -5.959270602404986, -6.444882758233119, -6.449119452106243, -6.444882758233119, -6.449119452106243, -6.449119452106243, -6.449119452106243, -5.731566759261131, -6.449119452106243, -6.449119452106243, -6.449119452106243, -6.479440632382482, -6.449119452106243, -6.449119452106243, -6.449119452106243, -6.449119452106243, -6.449119452106243, -6.449119452106243, -6.449119452106243, -6.2596025144225855, -6.449119452106243, -6.449119452106243, -6.449119452106243, -6.449119452106243, -6.449119452106243, -6.449119452106243, -6.449119452106243, -5.842191943969472, -5.514327750865188, -6.449119452106243, -6.449119452106243, -6.449119452106243, -6.2596025144225855, -6.449119452106243, -5.514327750865188, -6.449119452106243, -6.449119452106243, -5.514327750865188, -6.449119452106243, -6.449119452106243, -5.514327750865188, -6.449119452106243, -5.514327750865188, -6.449119452106243, -5.514327750865188, -5.514327750865188, -5.514327750865188, -5.974744828640052, -5.734006199259692, -5.734006199259692, -5.855602192357437, -5.5884553449073, -5.855602192357437, -5.855602192357437, -5.855602192357437, -5.855602192357437, -5.855602192357437, -5.734006199259692, -5.5884553449073, -5.707304891652394, -5.707304891652394, -5.855602192357437, -5.855602192357437, -6.129478068009009, -6.129478068009009, -6.129478068009009, -6.444882758233119, -6.444882758233119, -5.855602192357437, -5.855602192357437, -6.449119452106243, -6.449119452106243, -5.514327750865188, -5.514327750865188, -5.068880490832629, -5.514327750865188, -5.514327750865188, -4.57901895946429, -5.05625926848094, -5.05625926848094, -5.05625926848094, -5.05625926848094, -5.05625926848094, -5.05625926848094, -5.05625926848094, -4.57901895946429, -5.05625926848094]","0     -7.22
1     -6.21
2     -7.24
3     -5.92
4     -5.96
       ... 
247   -6.00
248   -3.99
249   -5.24
250   -4.77
251   -4.71
Name: Permeability, Length: 252, dtype: float64","[array([-6.46130682, -5.8210745 , -6.46130682, -5.88688463, -5.85584366,
       -7.00853019, -5.92732367, -7.00853019, -6.69289194, -6.26081136,
       -6.26081136, -6.46130682, -5.85584366, -6.46130682, -5.48974897,
       -5.80170242, -6.26081136, -6.26081136, -5.80170242, -6.46130682,
       -5.948745  , -6.46130682, -6.46130682, -6.44995574, -5.63105867,
       -6.26081136, -6.46130682, -6.46130682, -6.10627924, -6.26081136,
       -6.14706681, -6.46130682, -6.46130682, -6.26081136, -6.46130682,
       -6.26081136, -6.46130682, -6.04757105, -6.46130682, -5.92732367,
       -6.10627924, -6.46130682, -6.10627924, -6.44995574, -6.31740808,
       -6.96858073, -6.26081136, -6.46130682, -6.46130682, -6.46130682,
       -6.86397409, -6.26081136, -5.8210745 , -6.46130682, -6.10627924,
       -6.46130682, -6.46130682, -6.26081136, -5.48974897, -6.62158853,
       -6.10627924, -6.26081136, -6.18343874, -5.80170242, -6.26081136,
       -6.11406703, -7.05877947, -6.46130682, -6.46130682, -6.46130682,
       -6.46130682, -6.46130682, -6.46130682, -6.46130682, -6.26081136,
       -6.26081136, -6.18343874, -6.46130682, -6.46130682, -6.46130682,
       -6.10627924, -5.8210745 , -6.46130682, -6.46130682, -6.46130682,
       -6.46130682, -6.46130682, -5.948745  , -6.46130682, -6.46130682,
       -6.85930345, -6.92948926, -5.92732367, -6.18343874, -6.63894428,
       -6.92948926, -6.46130682, -6.46130682, -6.46130682, -6.46130682,
       -6.46130682, -6.46130682, -6.92948926, -6.46130682, -6.26081136,
       -6.46130682, -6.46130682, -6.46130682, -6.46130682, -6.46130682,
       -5.92732367, -6.18343874, -6.46130682, -6.46130682, -6.17790564,
       -6.20722774, -6.46130682, -6.46130682, -6.46130682, -6.46130682,
       -6.46130682, -6.46130682, -6.20722774, -6.46130682, -5.96067668,
       -6.52912498, -6.46130682, -6.46130682, -6.46130682, -6.46130682,
       -6.46130682, -6.92948926, -6.23751703, -6.46130682, -6.46130682,
       -6.46130682, -6.46130682, -6.46130682, -6.46130682, -6.84308761,
       -6.46130682, -6.50108252, -6.23751703, -6.92948926, -6.62158853,
       -6.5894112 , -6.46130682, -6.02501719, -6.20722774, -6.46130682,
       -6.46130682, -6.62158853, -6.20722774, -5.41071969, -6.46130682,
       -6.46130682, -6.46130682, -6.46130682, -6.42432726, -6.46130682,
       -6.46130682, -6.46130682, -6.46130682, -6.46130682, -6.46130682,
       -6.46130682, -6.46130682, -6.46130682, -6.46130682, -6.62158853,
       -6.46130682, -5.41071969, -6.46130682, -6.46130682, -6.46130682,
       -6.20722774, -6.46130682, -6.46130682, -6.2963679 , -6.222138  ,
       -5.92732367, -6.46130682, -6.46130682, -6.20722774, -5.41071969,
       -6.46130682, -6.46130682, -6.62158853, -6.46130682, -5.92732367,
       -6.46130682, -6.46130682, -5.92732367, -5.41071969, -6.46130682,
       -5.92732367, -6.46130682, -5.41071969, -6.46130682, -6.46130682,
       -6.46130682, -6.46130682, -6.46130682, -5.41071969, -5.68216506,
       -6.33571772, -5.69624019, -6.38221983, -5.94122735, -5.62966476,
       -6.01228596, -6.41143468, -6.01228596, -6.01228596, -6.01228596,
       -5.94122735, -5.62966476, -6.33249095, -5.01775331, -5.36243934,
       -5.62966476, -6.34508677, -6.01228596, -6.01228596, -6.01228596,
       -6.01228596, -6.01228596, -6.28558923, -6.01228596, -6.01228596,
       -6.01228596, -6.46130682, -6.46130682, -6.27554165, -4.59770163,
       -5.00854188, -4.59770163, -5.00854188, -5.41071969, -4.59770163,
       -4.48471437, -5.04449362, -5.04449362, -5.04449362, -5.04449362,
       -5.04449362, -5.04449362, -4.59770163, -4.59770163, -4.59770163,
       -4.59770163, -5.04449362]), array([-6.44355348, -5.86633563, -6.44355348, -5.89379973, -5.86927901,
       -7.05818261, -5.83238417, -7.05818261, -6.2501855 , -6.2333284 ,
       -6.2333284 , -6.44355348, -5.86927901, -6.44355348, -5.57232202,
       -5.83174348, -6.2333284 , -6.2333284 , -5.81565368, -6.44355348,
       -5.90004053, -6.44355348, -6.44355348, -6.27671167, -5.77129271,
       -6.2333284 , -6.44355348, -6.44355348, -6.16110625, -6.2333284 ,
       -6.32392605, -6.44355348, -6.44355348, -6.2333284 , -6.44355348,
       -6.2333284 , -6.44355348, -6.38631278, -6.44355348, -5.83238417,
       -6.16110625, -6.44355348, -6.16110625, -6.27671167, -6.36612674,
       -6.78978568, -6.2333284 , -6.44355348, -6.44355348, -6.44355348,
       -6.76753522, -6.2333284 , -5.86633563, -6.44355348, -6.16110625,
       -6.44355348, -6.44355348, -6.2333284 , -5.57232202, -6.6807545 ,
       -6.16110625, -6.2333284 , -6.150785  , -5.81565368, -6.2333284 ,
       -5.61026564, -7.08267846, -6.44355348, -6.44355348, -6.44355348,
       -6.44355348, -6.44355348, -6.44355348, -6.44355348, -6.2333284 ,
       -6.2333284 , -6.150785  , -6.44355348, -6.44355348, -6.44355348,
       -6.16110625, -5.86633563, -6.44355348, -6.44355348, -6.44355348,
       -6.44355348, -6.44355348, -5.90004053, -6.44355348, -6.44355348,
       -6.91965068, -6.96153336, -5.83238417, -6.150785  , -6.57677319,
       -6.96153336, -6.44355348, -6.44355348, -6.44355348, -6.44355348,
       -6.44355348, -6.44355348, -6.96153336, -6.44355348, -6.2333284 ,
       -6.44355348, -6.44355348, -6.44355348, -6.44355348, -6.44355348,
       -5.83238417, -6.150785  , -6.44355348, -6.44355348, -6.02092798,
       -6.33383121, -6.44355348, -6.44355348, -6.44355348, -6.44355348,
       -6.44355348, -6.44355348, -6.33383121, -6.44355348, -5.96906223,
       -6.36155774, -6.44355348, -6.44355348, -6.44355348, -6.44355348,
       -6.44355348, -6.96153336, -6.26805374, -6.44355348, -6.44355348,
       -6.44355348, -6.44355348, -6.44355348, -6.44355348, -6.92368725,
       -6.44355348, -6.39901716, -6.26805374, -6.96153336, -6.6807545 ,
       -6.47073227, -6.44355348, -6.02894263, -6.33383121, -6.44355348,
       -6.44355348, -6.6807545 , -6.33383121, -5.47104551, -6.44355348,
       -6.44355348, -6.44355348, -6.44355348, -6.48315654, -6.44355348,
       -6.44355348, -6.44355348, -6.44355348, -6.44355348, -6.44355348,
       -6.44355348, -6.44355348, -6.44355348, -6.44355348, -6.6807545 ,
       -6.44355348, -5.47104551, -6.44355348, -6.44355348, -6.44355348,
       -6.33383121, -6.44355348, -6.44355348, -6.51676822, -6.3607707 ,
       -5.83238417, -6.44355348, -6.44355348, -6.33383121, -5.47104551,
       -6.44355348, -6.44355348, -6.6807545 , -6.44355348, -5.83238417,
       -6.44355348, -6.44355348, -5.83238417, -5.47104551, -6.44355348,
       -5.83238417, -6.44355348, -5.47104551, -6.44355348, -6.44355348,
       -6.44355348, -6.44355348, -6.44355348, -5.47104551, -5.51683818,
       -6.07393637, -5.93122727, -6.26106925, -5.70788186, -5.46555818,
       -5.78954047, -6.2562884 , -5.78954047, -5.78954047, -5.78954047,
       -5.70788186, -5.46555818, -6.28887717, -4.98426434, -5.67767948,
       -5.46555818, -5.5526433 , -5.78954047, -5.78954047, -5.78954047,
       -5.78954047, -5.78954047, -6.33383121, -5.78954047, -5.78954047,
       -5.78954047, -6.44355348, -6.44355348, -6.30876353, -4.58823682,
       -5.0574792 , -4.58823682, -5.0574792 , -5.47104551, -4.58823682,
       -4.62249681, -5.0574792 , -5.0574792 , -5.0574792 , -5.0574792 ,
       -5.0574792 , -5.0574792 , -4.58823682, -4.58823682, -4.58823682,
       -4.58823682, -5.0574792 ]), array([-6.46732879, -5.84673517, -6.46732879, -5.79954457, -5.79265792,
       -7.02876329, -5.72307472, -7.02876329, -6.35937124, -6.27822455,
       -6.27822455, -6.46732879, -5.79265792, -6.46732879, -5.43892958,
       -5.71010246, -6.17665128, -6.27822455, -5.71010246, -6.46732879,
       -6.06254563, -6.46732879, -6.46732879, -6.40552958, -5.72082495,
       -6.27822455, -6.46732879, -6.46732879, -6.10887192, -6.27822455,
       -6.25282103, -6.46732879, -6.46732879, -6.27822455, -6.46732879,
       -6.27822455, -6.46732879, -6.39726169, -6.46732879, -5.72307472,
       -6.10887192, -6.46732879, -6.10887192, -6.40552958, -6.34951568,
       -6.88887561, -6.27822455, -6.46732879, -6.46732879, -6.46732879,
       -6.9584549 , -6.27822455, -5.84673517, -6.46732879, -6.10887192,
       -6.46732879, -6.46732879, -6.27822455, -5.43892958, -6.70609458,
       -6.10887192, -6.27822455, -6.16511309, -5.71010246, -6.27822455,
       -5.7438443 , -7.17849398, -6.46732879, -6.46732879, -6.46732879,
       -6.46732879, -6.46732879, -6.46732879, -6.46732879, -6.17665128,
       -6.27822455, -6.16511309, -6.46732879, -6.46732879, -6.46732879,
       -6.10887192, -5.84673517, -6.46732879, -6.46732879, -6.46732879,
       -6.46732879, -6.46732879, -6.06254563, -6.46732879, -6.46732879,
       -6.8970904 , -6.9490712 , -5.72307472, -6.16511309, -6.52371277,
       -6.9490712 , -6.46732879, -6.46732879, -6.46732879, -6.46732879,
       -6.46732879, -6.46732879, -6.9490712 , -6.46732879, -6.27822455,
       -6.46732879, -6.46732879, -6.46732879, -6.46732879, -6.46732879,
       -5.72307472, -6.16511309, -6.46732879, -6.46732879, -6.07805449,
       -6.31088549, -6.46732879, -6.46732879, -6.46732879, -6.46732879,
       -6.46732879, -6.46732879, -6.31088549, -6.46732879, -5.8253228 ,
       -6.31228834, -6.46732879, -6.46732879, -6.46732879, -6.46732879,
       -6.46732879, -6.9490712 , -6.17903714, -6.46732879, -6.46732879,
       -6.46732879, -6.46732879, -6.46732879, -6.46732879, -6.89126204,
       -6.46732879, -6.41829942, -6.17903714, -6.9490712 , -6.70609458,
       -6.49518087, -6.46732879, -6.0513662 , -6.31088549, -6.46732879,
       -6.46732879, -6.70609458, -6.31088549, -5.4452859 , -6.46732879,
       -6.46732879, -6.46732879, -6.46732879, -6.45672625, -6.46732879,
       -6.46732879, -6.46732879, -6.46732879, -6.46732879, -6.46732879,
       -6.46732879, -6.46732879, -6.46732879, -6.46732879, -6.70609458,
       -6.46732879, -5.4452859 , -6.46732879, -6.46732879, -6.46732879,
       -6.31088549, -6.46732879, -6.46732879, -6.48163719, -5.87983969,
       -5.72307472, -6.46732879, -6.46732879, -6.31088549, -5.4452859 ,
       -6.46732879, -6.46732879, -6.70609458, -6.46732879, -5.72307472,
       -6.46732879, -6.46732879, -5.72307472, -5.4452859 , -6.46732879,
       -5.72307472, -6.46732879, -5.4452859 , -6.46732879, -6.46732879,
       -6.46732879, -6.46732879, -6.46732879, -5.4452859 , -5.53094927,
       -6.1438964 , -5.76607346, -6.29564392, -5.8134587 , -5.4452859 ,
       -5.86905944, -6.23905487, -5.86905944, -5.86905944, -5.86905944,
       -5.8134587 , -5.4452859 , -6.24236183, -5.05545792, -5.69510691,
       -5.4452859 , -5.80447022, -5.86905944, -5.86905944, -5.86905944,
       -5.86905944, -5.86905944, -6.31088549, -5.86905944, -5.86905944,
       -5.86905944, -6.46732879, -6.46732879, -6.3036854 , -4.59983029,
       -5.07580834, -4.59983029, -5.07580834, -5.4452859 , -4.59983029,
       -4.67654466, -5.07055851, -5.07055851, -5.07055851, -5.07055851,
       -5.07055851, -5.07055851, -4.59983029, -4.59983029, -4.59983029,
       -4.59983029, -5.07055851]), array([-6.44882514, -5.89899688, -6.44882514, -5.8269705 , -5.81269058,
       -7.16360533, -5.83057788, -7.16360533, -6.41329198, -6.29314594,
       -6.29314594, -6.44882514, -5.81269058, -6.44882514, -5.40197355,
       -5.7482484 , -6.29314594, -6.29314594, -5.7482484 , -6.44882514,
       -5.92123202, -6.44882514, -6.44882514, -6.36185722, -5.78369144,
       -6.29314594, -6.44882514, -6.44882514, -6.15426274, -6.29314594,
       -6.34036846, -6.44882514, -6.44882514, -6.29314594, -6.44882514,
       -6.29314594, -6.44882514, -6.41336534, -6.44882514, -5.83057788,
       -6.15426274, -6.44882514, -6.15426274, -6.36185722, -6.51784933,
       -6.98269092, -6.29314594, -6.44882514, -6.44882514, -6.44882514,
       -6.85979449, -6.29314594, -5.89899688, -6.44882514, -6.15426274,
       -6.44882514, -6.44882514, -6.29314594, -5.40197355, -6.7083487 ,
       -6.15426274, -6.29314594, -6.12241848, -5.7482484 , -6.29314594,
       -5.70506108, -6.92285657, -6.44882514, -6.44882514, -6.44882514,
       -6.44882514, -6.44882514, -6.44882514, -6.44882514, -6.29314594,
       -6.29314594, -6.12241848, -6.44882514, -6.44882514, -6.44882514,
       -6.15426274, -5.89899688, -6.44882514, -6.44882514, -6.44882514,
       -6.44882514, -6.44882514, -5.92123202, -6.44882514, -6.44882514,
       -6.91728964, -6.9503671 , -5.83057788, -6.12241848, -6.61551596,
       -6.9503671 , -6.44882514, -6.44882514, -6.44882514, -6.44882514,
       -6.44882514, -6.44882514, -6.9503671 , -6.44882514, -6.29314594,
       -6.44882514, -6.44882514, -6.44882514, -6.44882514, -6.44882514,
       -5.83057788, -6.12241848, -6.44882514, -6.44882514, -6.10513727,
       -6.34718694, -6.44882514, -6.44882514, -6.44882514, -6.44882514,
       -6.44882514, -6.44882514, -6.34718694, -6.44882514, -5.74190145,
       -6.61123778, -6.44882514, -6.44882514, -6.44882514, -6.44882514,
       -6.44882514, -6.9503671 , -6.06446786, -6.44882514, -6.44882514,
       -6.44882514, -6.44882514, -6.44882514, -6.44882514, -6.84455386,
       -6.44882514, -6.17820269, -6.06446786, -6.9503671 , -6.7083487 ,
       -6.60717405, -6.44882514, -6.04247132, -6.34718694, -6.44882514,
       -6.44882514, -6.7083487 , -6.34718694, -5.43776449, -6.44882514,
       -6.44882514, -6.44882514, -6.44882514, -6.50527244, -6.44882514,
       -6.44882514, -6.44882514, -6.44882514, -6.44882514, -6.44882514,
       -6.44882514, -6.44882514, -6.44882514, -6.44882514, -6.7083487 ,
       -6.44882514, -5.43776449, -6.44882514, -6.44882514, -6.44882514,
       -6.34718694, -6.44882514, -6.44882514, -6.59771915, -6.12995028,
       -5.83057788, -6.44882514, -6.44882514, -6.34718694, -5.43776449,
       -6.44882514, -6.44882514, -6.7083487 , -6.44882514, -5.83057788,
       -6.44882514, -6.44882514, -5.83057788, -5.43776449, -6.44882514,
       -5.83057788, -6.44882514, -5.43776449, -6.44882514, -6.44882514,
       -6.44882514, -6.44882514, -6.44882514, -5.43776449, -5.46847976,
       -6.11448903, -5.92681479, -6.26792398, -5.71440629, -5.45646277,
       -5.78746814, -6.37685163, -5.78746814, -5.78746814, -5.78746814,
       -5.71440629, -5.45646277, -6.12240768, -4.72383234, -5.4716818 ,
       -5.45646277, -5.71940203, -5.78746814, -5.78746814, -5.78746814,
       -5.78746814, -5.78746814, -6.34718694, -5.78746814, -5.78746814,
       -5.78746814, -6.44882514, -6.44882514, -6.4965445 , -4.62041469,
       -5.04824048, -4.62041469, -5.04824048, -5.43776449, -4.62041469,
       -4.65132057, -5.04109149, -5.04109149, -5.04109149, -5.04109149,
       -5.04109149, -5.04109149, -4.62041469, -4.62041469, -4.62041469,
       -4.62041469, -5.04109149]), array([-6.44911945, -5.921777  , -6.44911945, -5.83887557, -5.8181233 ,
       -7.1386463 , -5.84219194, -7.1386463 , -6.21132991, -6.29591192,
       -6.29591192, -6.44911945, -5.8181233 , -6.44911945, -5.37562392,
       -5.78345217, -6.29591192, -6.29591192, -5.78345217, -6.44911945,
       -5.94459478, -6.44911945, -6.44911945, -6.31162129, -5.71733485,
       -6.29591192, -6.44911945, -6.44911945, -6.06899257, -6.29591192,
       -6.26847312, -6.44911945, -6.44911945, -6.29591192, -6.44911945,
       -6.29591192, -6.44911945, -6.42168065, -6.44911945, -5.84219194,
       -6.06899257, -6.44911945, -6.06899257, -6.31162129, -5.95210154,
       -6.8512539 , -6.29591192, -6.44911945, -6.44911945, -6.44911945,
       -6.87035562, -6.29591192, -5.921777  , -6.44911945, -6.06899257,
       -6.44911945, -6.44911945, -6.29591192, -5.37562392, -6.63283903,
       -6.06899257, -6.29591192, -6.24728548, -5.78345217, -6.29591192,
       -5.64731935, -6.83679922, -6.44911945, -6.44911945, -6.44911945,
       -6.44911945, -6.44911945, -6.44911945, -6.44911945, -6.29591192,
       -6.29591192, -6.24728548, -6.44911945, -6.44911945, -6.44911945,
       -6.06899257, -5.921777  , -6.44911945, -6.44911945, -6.44911945,
       -6.44911945, -6.44911945, -5.94459478, -6.44911945, -6.44911945,
       -6.80069954, -6.9100327 , -5.84219194, -6.24728548, -6.61513946,
       -6.9100327 , -6.44911945, -6.44911945, -6.44911945, -6.44911945,
       -6.44911945, -6.44911945, -6.9100327 , -6.44911945, -6.29591192,
       -6.44911945, -6.44911945, -6.44911945, -6.44911945, -6.44911945,
       -5.84219194, -6.24728548, -6.44911945, -6.44911945, -6.20433474,
       -6.25960251, -6.44911945, -6.44911945, -6.44911945, -6.44911945,
       -6.44911945, -6.44911945, -6.25960251, -6.44911945, -5.86056172,
       -6.6582473 , -6.44911945, -6.44911945, -6.44911945, -6.44911945,
       -6.44911945, -6.9100327 , -6.1996634 , -6.44911945, -6.44911945,
       -6.44911945, -6.44911945, -6.44911945, -6.44911945, -6.7773903 ,
       -6.44911945, -6.41478914, -6.1996634 , -6.9100327 , -6.63283903,
       -6.44488276, -6.44911945, -6.05512313, -6.25960251, -6.44911945,
       -6.44911945, -6.63283903, -6.25960251, -5.51432775, -6.44911945,
       -6.44911945, -6.44911945, -6.44911945, -6.37285536, -6.44911945,
       -6.44911945, -6.44911945, -6.44911945, -6.44911945, -6.44911945,
       -6.44911945, -6.44911945, -6.44911945, -6.44911945, -6.63283903,
       -6.44911945, -5.51432775, -6.44911945, -6.44911945, -6.44911945,
       -6.25960251, -6.44911945, -6.44911945, -6.36473988, -6.20091281,
       -5.84219194, -6.44911945, -6.44911945, -6.25960251, -5.51432775,
       -6.44911945, -6.44911945, -6.63283903, -6.44911945, -5.84219194,
       -6.44911945, -6.44911945, -5.84219194, -5.51432775, -6.44911945,
       -5.84219194, -6.44911945, -5.51432775, -6.44911945, -6.44911945,
       -6.44911945, -6.44911945, -6.44911945, -5.51432775, -5.46029193,
       -5.92017855, -6.02989268, -5.97474483, -5.7340062 , -5.58845534,
       -5.85560219, -6.05546582, -5.85560219, -5.85560219, -5.85560219,
       -5.7340062 , -5.58845534, -6.26977715, -5.70730489, -5.6865581 ,
       -5.58845534, -5.46653607, -5.85560219, -5.85560219, -5.85560219,
       -5.85560219, -5.85560219, -6.25960251, -5.85560219, -5.85560219,
       -5.85560219, -6.44911945, -6.44911945, -6.25865893, -4.57901896,
       -5.06888049, -4.57901896, -5.06888049, -5.51432775, -4.57901896,
       -4.41294632, -5.05625927, -5.05625927, -5.05625927, -5.05625927,
       -5.05625927, -5.05625927, -4.57901896, -4.57901896, -4.57901896,
       -4.57901896, -5.05625927])]","[-6.45402674 -5.87098384 -6.45402674 -5.849215   -5.82971889 -7.07954555
 -5.83111048 -7.07954555 -6.38541411 -6.27228444 -6.27228444 -6.45402674
 -5.82971889 -6.45402674 -5.45571961 -5.77504979 -6.25196978 -6.27228444
 -5.77183183 -6.45402674 -5.95543159 -6.45402674 -6.45402674 -6.3611351
 -5.72484052 -6.27228444 -6.45402674 -6.45402674 -6.11990254 -6.27228444
 -6.26653109 -6.45402674 -6.45402674 -6.27228444 -6.45402674 -6.27228444
 -6.45402674 -6.3332383  -6.45402674 -5.83111048 -6.11990254 -6.45402674
 -6.11990254 -6.3611351  -6.30060027 -6.89623737 -6.27228444 -6.45402674
 -6.45402674 -6.45402674 -6.86402286 -6.27228444 -5.87098384 -6.45402674
 -6.11990254 -6.45402674 -6.45402674 -6.27228444 -5.45571961 -6.66992507
 -6.11990254 -6.27228444 -6.17380816 -5.77183183 -6.27228444 -5.76411148
 -7.01592154 -6.45402674 -6.45402674 -6.45402674 -6.45402674 -6.45402674
 -6.45402674 -6.45402674 -6.25196978 -6.27228444 -6.17380816 -6.45402674
 -6.45402674 -6.45402674 -6.11990254 -5.87098384 -6.45402674 -6.45402674
 -6.45402674 -6.45402674 -6.45402674 -5.95543159 -6.45402674 -6.45402674
 -6.87880674 -6.94009872 -5.83111048 -6.17380816 -6.59401713 -6.94009872
 -6.45402674 -6.45402674 -6.45402674 -6.45402674 -6.45402674 -6.45402674
 -6.94009872 -6.45402674 -6.27228444 -6.45402674 -6.45402674 -6.45402674
 -6.45402674 -6.45402674 -5.83111048 -6.17380816 -6.45402674 -6.45402674
 -6.11727203 -6.29174678 -6.45402674 -6.45402674 -6.45402674 -6.45402674
 -6.45402674 -6.45402674 -6.29174678 -6.45402674 -5.87150498 -6.49449123
 -6.45402674 -6.45402674 -6.45402674 -6.45402674 -6.45402674 -6.94009872
 -6.18974783 -6.45402674 -6.45402674 -6.45402674 -6.45402674 -6.45402674
 -6.45402674 -6.85599621 -6.45402674 -6.38227819 -6.18974783 -6.94009872
 -6.66992507 -6.52147623 -6.45402674 -6.04058409 -6.29174678 -6.45402674
 -6.45402674 -6.66992507 -6.29174678 -5.45582867 -6.45402674 -6.45402674
 -6.45402674 -6.45402674 -6.44846757 -6.45402674 -6.45402674 -6.45402674
 -6.45402674 -6.45402674 -6.45402674 -6.45402674 -6.45402674 -6.45402674
 -6.45402674 -6.66992507 -6.45402674 -5.45582867 -6.45402674 -6.45402674
 -6.45402674 -6.29174678 -6.45402674 -6.45402674 -6.45144647 -6.1587223
 -5.83111048 -6.45402674 -6.45402674 -6.29174678 -5.45582867 -6.45402674
 -6.45402674 -6.66992507 -6.45402674 -5.83111048 -6.45402674 -6.45402674
 -5.83111048 -5.45582867 -6.45402674 -5.83111048 -6.45402674 -5.45582867
 -6.45402674 -6.45402674 -6.45402674 -6.45402674 -6.45402674 -5.45582867
 -5.53174484 -6.11764361 -5.87004968 -6.23632036 -5.78219608 -5.51708539
 -5.86279124 -6.26781908 -5.86279124 -5.86279124 -5.86279124 -5.78219608
 -5.51708539 -6.25118296 -5.09772256 -5.57869312 -5.51708539 -5.77762768
 -5.86279124 -5.86279124 -5.86279124 -5.86279124 -5.86279124 -6.30741908
 -5.86279124 -5.86279124 -5.86279124 -6.45402674 -6.45402674 -6.3286388
 -4.59704048 -5.05179008 -4.59704048 -5.05179008 -5.45582867 -4.59704048
 -4.56960455 -5.05397642 -5.05397642 -5.05397642 -5.05397642 -5.05397642
 -5.05397642 -4.59704048 -4.59704048 -4.59704048 -4.59704048 -5.05397642]","[0.00884049 0.03595893 0.00884049 0.03598798 0.02844448 0.06105299
 0.06488977 0.06105299 0.170053   0.02314281 0.02314281 0.00884049
 0.02844448 0.00884049 0.06977103 0.0422649  0.04410202 0.02314281
 0.03824744 0.00884049 0.0563442  0.00884049 0.00884049 0.06235291
 0.05383072 0.02314281 0.00884049 0.00884049 0.03399254 0.02314281
 0.06813162 0.00884049 0.00884049 0.02314281 0.00884049 0.02314281
 0.00884049 0.14336252 0.00884049 0.06488977 0.03399254 0.00884049
 0.03399254 0.06235291 0.18741262 0.07227371 0.02314281 0.00884049
 0.00884049 0.00884049 0.06047357 0.02314281 0.03595893 0.00884049
 0.03399254 0.00884049 0.00884049 0.02314281 0.06977103 0.03636944
 0.03399254 0.02314281 0.04180487 0.03824744 0.02314281 0.18092846
 0.12121797 0.00884049 0.00884049 0.00884049 0.00884049 0.00884049
 0.00884049 0.00884049 0.04410202 0.02314281 0.04180487 0.00884049
 0.00884049 0.00884049 0.03399254 0.03595893 0.00884049 0.00884049
 0.00884049 0.00884049 0.00884049 0.0563442  0.00884049 0.00884049
 0.04464206 0.01823138 0.06488977 0.04180487 0.04041499 0.01823138
 0.00884049 0.00884049 0.00884049 0.00884049 0.00884049 0.00884049
 0.01823138 0.00884049 0.02314281 0.00884049 0.00884049 0.00884049
 0.00884049 0.00884049 0.06488977 0.04180487 0.00884049 0.00884049
 0.06666902 0.051745   0.00884049 0.00884049 0.00884049 0.00884049
 0.00884049 0.00884049 0.051745   0.00884049 0.08546184 0.13602537
 0.00884049 0.00884049 0.00884049 0.00884049 0.00884049 0.01823138
 0.06974499 0.00884049 0.00884049 0.00884049 0.00884049 0.00884049
 0.00884049 0.04960283 0.00884049 0.10807031 0.06974499 0.01823138
 0.03636944 0.06494957 0.00884049 0.01190841 0.051745   0.00884049
 0.00884049 0.03636944 0.051745   0.0350028  0.00884049 0.00884049
 0.00884049 0.00884049 0.04647211 0.00884049 0.00884049 0.00884049
 0.00884049 0.00884049 0.00884049 0.00884049 0.00884049 0.00884049
 0.00884049 0.03636944 0.00884049 0.0350028  0.00884049 0.00884049
 0.00884049 0.051745   0.00884049 0.00884049 0.1078346  0.15825832
 0.06488977 0.00884049 0.00884049 0.051745   0.0350028  0.00884049
 0.00884049 0.03636944 0.00884049 0.06488977 0.00884049 0.00884049
 0.06488977 0.0350028  0.00884049 0.06488977 0.00884049 0.0350028
 0.00884049 0.00884049 0.00884049 0.00884049 0.00884049 0.0350028
 0.07994632 0.1335352  0.12127288 0.13772363 0.08798707 0.07648936
 0.08182773 0.12535373 0.08182773 0.08182773 0.08182773 0.08798707
 0.07648936 0.07076506 0.32632458 0.13653018 0.07648936 0.30773902
 0.08182773 0.08182773 0.08182773 0.08182773 0.08182773 0.03179329
 0.08182773 0.08182773 0.08182773 0.00884049 0.00884049 0.08593778
 0.01383368 0.02359801 0.01383368 0.02359801 0.0350028  0.01383368
 0.10262498 0.01047274 0.01047274 0.01047274 0.01047274 0.01047274
 0.01047274 0.01383368 0.01383368 0.01383368 0.01383368 0.01047274]"
4,AdaBoostRegressor,"[-6.464510546822876, -6.495219605826151, -6.495219605826151, -6.545135606034898, -5.845277777777777, -6.453323007701495, -6.464510546822876, -5.845277777777777, -6.464510546822876, -6.464510546822876, -6.453323007701495, -6.069449909447759, -6.464510546822876, -6.464510546822876, -6.453323007701495, -6.464510546822876, -6.464510546822876, -6.078117647058825, -6.453323007701495, -6.464510546822876, -6.464510546822876, -5.845277777777777, -6.464510546822876, -6.331780063925188, -6.464510546822876, -6.2152059802538435, -6.464510546822876, -6.069449909447759, -6.453323007701495, -6.464510546822876, -6.069449909447759, -6.453323007701495, -6.464510546822876, -6.464510546822876, -6.464510546822876, -6.464510546822876, -6.2152059802538435, -6.2152059802538435, -6.453323007701495, -6.453323007701495, -6.464510546822876, -6.464510546822876, -6.453323007701495, -6.2152059802538435, -6.464510546822876, -6.464510546822876, -6.464510546822876, -6.464510546822876, -6.464510546822876, -6.464510546822876, -6.464510546822876, -6.464510546822876, -6.464510546822876, -6.453323007701495, -6.453323007701495, -6.453323007701495, -6.464510546822876, -6.464510546822876, -6.464510546822876, -6.2152059802538435, -6.464510546822876, -6.464510546822876, -6.453323007701495, -6.331780063925188, -6.464510546822876, -6.464510546822876, -6.464510546822876, -6.464510546822876, -6.464510546822876, -6.464510546822876, -6.464510546822876, -6.464510546822876, -6.464510546822876, -6.464510546822876, -6.464510546822876, -6.2152059802538435, -6.453323007701495, -6.464510546822876, -6.453323007701495, -6.464510546822876, -6.464510546822876, -6.464510546822876, -6.464510546822876, -6.464510546822876, -6.464510546822876, -6.453323007701495, -6.453323007701495, -6.464510546822876, -6.464510546822876, -6.464510546822876, -6.464510546822876, -6.2152059802538435, -6.464510546822876, -6.453323007701495, -6.2152059802538435, -6.464510546822876, -6.464510546822876, -6.464510546822876, -6.464510546822876, -6.464510546822876, -6.453323007701495, -6.464510546822876, -6.464510546822876, -6.464510546822876, -6.464510546822876, -6.464510546822876, -6.453323007701495, -6.464510546822876, -6.464510546822876, -6.464510546822876, -6.464510546822876, -6.464510546822876, -6.464510546822876, -6.311765777681819, -6.311765777681819, -6.464510546822876, -6.464510546822876, -6.464510546822876, -6.464510546822876, -6.464510546822876, -6.331780063925188, -6.464510546822876, -6.464510546822876, -6.464510546822876, -6.464510546822876, -6.464510546822876, -6.2152059802538435, -6.464510546822876, -6.464510546822876, -6.464510546822876, -6.464510546822876, -6.464510546822876, -6.464510546822876, -6.464510546822876, -6.464510546822876, -6.464510546822876, -6.464510546822876, -6.331780063925188, -6.331780063925188, -6.331780063925188, -6.1108537643076914, -5.600961538461539, -6.331780063925188, -6.331780063925188, -6.464510546822876, -6.2152059802538435, -6.464510546822876, -5.600961538461539, -6.464510546822876, -6.464510546822876, -6.464510546822876, -6.464510546822876, -6.464510546822876, -6.464510546822876, -5.600961538461539, -5.600961538461539, -6.464510546822876, -6.464510546822876, -6.464510546822876, -6.464510546822876, -6.464510546822876, -6.464510546822876, -5.600961538461539, -5.600961538461539, -5.600961538461539, -6.464510546822876, -5.892272727272727, -5.892272727272727, -6.464510546822876, -5.600961538461539, -5.600961538461539, -5.620404040404041, -5.938817204301073, -5.938817204301073, -5.938817204301073, -5.843240740740742, -6.331780063925188, -6.331780063925188, -5.938817204301073, -5.620404040404041, -5.938817204301073, -5.938817204301073, -5.938817204301073, -5.620404040404041, -6.464510546822876, -6.331780063925188, -6.464510546822876, -5.600961538461539, -6.464510546822876, -6.331780063925188, -5.600961538461539, -5.600961538461539, -4.683225806451611, -5.077706856533334, -5.077706856533334, -4.683225806451611, -5.077706856533334, -5.077706856533334, -5.077706856533334, -5.077706856533334, -4.683225806451611, -4.683225806451611, -6.48903402523168, -6.48903402523168, -6.449719936695259, -6.156310459820753, -6.39897019690125, -6.449719936695259, -6.156310459820753, -6.156310459820753, -6.156310459820753, -6.156310459820753, -6.398160250338524, -5.943571428571427, -6.158211275341174, -6.449719936695259, -6.087488390861703, -6.39897019690125, -6.449719936695259, -6.449719936695259, -6.449719936695259, -6.449719936695259, -6.449719936695259, -6.156310459820753, -6.449719936695259, -6.449719936695259, -6.39897019690125, -6.156310459820753, -6.39897019690125, -6.156310459820753, -6.398160250338524, -5.943571428571427, -6.449719936695259, -6.449719936695259, -6.39897019690125, -6.449719936695259, -6.449719936695259, -6.39897019690125, -6.409921059673942, -6.39897019690125, -6.39897019690125, -6.39897019690125, -6.449719936695259, -6.449719936695259, -6.449719936695259, -6.39897019690125, -6.448948166750846, -6.452102161100191, -6.398160250338524, -6.39897019690125, -6.409921059673942, -6.449719936695259, -6.39897019690125, -6.39897019690125, -6.39897019690125, -6.449719936695259, -6.449719936695259, -6.449719936695259, -6.409921059673942, -6.39897019690125, -6.449719936695259, -6.449719936695259, -6.449719936695259, -6.449719936695259, -6.449719936695259, -6.449719936695259, -6.39897019690125, -6.39897019690125, -6.448948166750846, -6.448948166750846, -6.409921059673942, -6.409921059673942, -6.449719936695259, -6.449719936695259, -6.449719936695259, -6.448948166750846, -6.39897019690125, -6.449719936695259, -6.449719936695259, -6.449719936695259, -6.449719936695259, -6.448948166750846, -6.449719936695259, -6.449719936695259, -6.449719936695259, -6.39897019690125, -6.39897019690125, -6.449719936695259, -6.398160250338524, -6.449719936695259, -6.449719936695259, -6.448948166750846, -6.449719936695259, -6.449719936695259, -6.448948166750846, -6.449719936695259, -6.449719936695259, -6.449719936695259, -6.449719936695259, -6.449719936695259, -6.449719936695259, -6.449719936695259, -6.449719936695259, -6.449719936695259, -6.449719936695259, -6.39897019690125, -6.39897019690125, -6.449719936695259, -6.449719936695259, -6.39897019690125, -6.449719936695259, -6.4337809288028085, -6.449719936695259, -6.449719936695259, -6.449719936695259, -6.4337809288028085, -6.448948166750846, -6.449719936695259, -6.449719936695259, -6.449719936695259, -6.449719936695259, -6.449719936695259, -6.449719936695259, -6.449719936695259, -6.449719936695259, -6.449719936695259, -6.449719936695259, -6.449719936695259, -6.449719936695259, -6.449719936695259, -6.449719936695259, -6.449719936695259, -6.449719936695259, -6.156310459820753, -6.449719936695259, -6.449719936695259, -6.449719936695259, -5.630000000000001, -6.4337809288028085, -6.449719936695259, -6.449719936695259, -5.630000000000001, -6.449719936695259, -6.449719936695259, -6.449719936695259, -6.449719936695259, -6.449719936695259, -6.449719936695259, -5.630000000000001, -6.449719936695259, -6.449719936695259, -6.449719936695259, -6.449719936695259, -6.449719936695259, -6.449719936695259, -5.630000000000001, -6.449719936695259, -6.156310459820753, -6.449719936695259, -6.449719936695259, -6.449719936695259, -6.449719936695259, -6.449719936695259, -6.449719936695259, -5.630000000000001, -5.630000000000001, -5.630000000000001, -5.630000000000001, -5.641270491803284, -5.641270491803284, -5.641270491803284, -5.641270491803284, -5.641270491803284, -5.856355140186916, -5.856355140186916, -5.641270491803284, -5.641270491803284, -5.630000000000001, -6.449719936695259, -5.641270491803284, -6.449719936695259, -5.641270491803284, -6.4337809288028085, -4.603, -4.603, -4.603, -4.603, -5.064039078142858, -5.064039078142858, -5.064039078142858, -5.064039078142858, -5.064039078142858, -5.064039078142858, -5.064039078142858, -5.064039078142858, -5.064039078142858, -5.064039078142858, -5.064039078142858, -4.603, -4.603, -4.603, -5.117058969294117, -5.125555739111111, -5.064039078142858, -6.525693702010531, -6.472927583682223, -6.402300445576987, -6.402300445576987, -6.472927583682223, -5.842045454545453, -6.472927583682223, -6.472927583682223, -6.472927583682223, -6.384404367181957, -6.4482066626323205, -6.4482066626323205, -6.4482066626323205, -6.4482066626323205, -5.725600000000001, -6.402300445576987, -6.472927583682223, -6.472927583682223, -6.472927583682223, -5.842045454545453, -6.472927583682223, -6.106371384199999, -6.4482066626323205, -6.472927583682223, -5.725600000000001, -6.472927583682223, -6.472927583682223, -6.472927583682223, -6.106371384199999, -6.4482066626323205, -6.472927583682223, -6.472927583682223, -6.472927583682223, -5.725600000000001, -6.472927583682223, -6.472927583682223, -6.472927583682223, -6.4482066626323205, -6.472927583682223, -6.4482066626323205, -6.472927583682223, -6.472927583682223, -6.397569579523506, -6.402300445576987, -6.472927583682223, -6.106371384199999, -6.472927583682223, -6.472927583682223, -6.472927583682223, -6.472927583682223, -6.402300445576987, -6.472927583682223, -6.106371384199999, -6.472927583682223, -6.472927583682223, -6.472927583682223, -6.472927583682223, -6.4482066626323205, -6.472927583682223, -6.472927583682223, -6.472927583682223, -6.472927583682223, -6.4482066626323205, -6.472927583682223, -6.472927583682223, -6.106371384199999, -6.472927583682223, -6.472927583682223, -6.472927583682223, -6.472927583682223, -6.472927583682223, -6.472927583682223, -6.472927583682223, -6.472927583682223, -6.472927583682223, -5.725600000000001, -6.472927583682223, -6.472927583682223, -6.4482066626323205, -6.4482066626323205, -5.973903345783332, -6.472927583682223, -6.472927583682223, -6.402300445576987, -6.472927583682223, -6.472927583682223, -6.4482066626323205, -6.472927583682223, -6.472927583682223, -5.725600000000001, -5.725600000000001, -6.472927583682223, -6.472927583682223, -6.472927583682223, -6.472927583682223, -6.4482066626323205, -6.472927583682223, -6.4482066626323205, -6.4482066626323205, -6.472927583682223, -6.472927583682223, -6.472927583682223, -6.472927583682223, -6.472927583682223, -6.472927583682223, -6.472927583682223, -6.472927583682223, -6.4482066626323205, -6.472927583682223, -6.402300445576987, -6.4482066626323205, -6.472927583682223, -6.472927583682223, -6.472927583682223, -6.472927583682223, -6.472927583682223, -6.472927583682223, -6.472927583682223, -6.472927583682223, -6.472927583682223, -6.472927583682223, -6.472927583682223, -6.472927583682223, -6.472927583682223, -6.472927583682223, -6.472927583682223, -6.472927583682223, -6.472927583682223, -6.472927583682223, -6.472927583682223, -6.472927583682223, -6.472927583682223, -6.472927583682223, -6.397569579523506, -6.472927583682223, -6.397569579523506, -6.472927583682223, -6.472927583682223, -6.472927583682223, -6.472927583682223, -6.472927583682223, -6.472927583682223, -6.472927583682223, -6.167058823529412, -6.472927583682223, -6.472927583682223, -6.472927583682223, -6.472927583682223, -6.397569579523506, -6.486460573476706, -6.397569579523506, -6.080592396814815, -5.725600000000001, -5.494615384615384, -6.397569579523506, -6.472927583682223, -6.472927583682223, -5.725600000000001, -6.472927583682223, -6.472927583682223, -6.472927583682223, -6.472927583682223, -6.472927583682223, -5.725600000000001, -5.725600000000001, -6.472927583682223, -5.494615384615384, -5.494615384615384, -5.494615384615384, -5.494615384615384, -5.4983098591549275, -5.494615384615384, -5.800877192982457, -5.800877192982457, -6.167058823529412, -5.800877192982457, -5.800877192982457, -5.4983098591549275, -5.800877192982457, -5.800877192982457, -5.800877192982457, -5.800877192982457, -5.800877192982457, -5.800877192982457, -6.472927583682223, -6.472927583682223, -6.402300445576987, -6.472927583682223, -5.494615384615384, -5.113229362066666, -4.631904761904762, -5.113229362066666, -5.494615384615384, -4.631904761904762, -4.631904761904762, -5.113229362066666, -5.113229362066666, -4.631904761904762, -4.631904761904762, -4.631904761904762, -5.113229362066666, -6.439356648152366, -7.341666666666668, -6.18474839897041, -7.119999999999999, -6.439356648152366, -6.439356648152366, -6.439356648152366, -6.439356648152366, -6.18474839897041, -6.439356648152366, -6.439356648152366, -6.18474839897041, -6.439356648152366, -6.439356648152366, -6.439356648152366, -6.439356648152366, -6.439356648152366, -6.439356648152366, -6.439356648152366, -6.439356648152366, -6.439356648152366, -6.439356648152366, -6.439356648152366, -6.18474839897041, -6.439356648152366, -6.439356648152366, -6.439356648152366, -6.439356648152366, -6.439356648152366, -6.439356648152366, -6.18474839897041, -6.439356648152366, -6.439356648152366, -6.439356648152366, -6.18474839897041, -6.439356648152366, -6.439356648152366, -6.439356648152366, -6.439356648152366, -6.439356648152366, -6.439356648152366, -6.439356648152366, -6.439356648152366, -6.18474839897041, -6.439356648152366, -6.439356648152366, -6.439356648152366, -6.439356648152366, -6.18474839897041, -6.439356648152366, -6.439356648152366, -6.439356648152366, -6.439356648152366, -6.18474839897041, -6.439356648152366, -6.439356648152366, -6.439356648152366, -6.18474839897041, -6.439356648152366, -6.18474839897041, -6.439356648152366, -6.439356648152366, -6.439356648152366, -6.439356648152366, -6.439356648152366, -6.439356648152366, -6.439356648152366, -6.439356648152366, -6.439356648152366, -6.439356648152366, -6.18474839897041, -6.439356648152366, -6.439356648152366, -6.439356648152366, -6.439356648152366, -6.439356648152366, -6.439356648152366, -6.439356648152366, -6.439356648152366, -6.439356648152366, -6.439356648152366, -6.439356648152366, -6.439356648152366, -6.439356648152366, -6.439356648152366, -6.439356648152366, -6.439356648152366, -6.18474839897041, -6.439356648152366, -6.439356648152366, -6.439356648152366, -6.439356648152366, -6.439356648152366, -6.439356648152366, -6.439356648152366, -6.439356648152366, -6.439356648152366, -6.439356648152366, -6.439356648152366, -6.439356648152366, -6.439356648152366, -6.439356648152366, -6.439356648152366, -6.439356648152366, -6.439356648152366, -6.18474839897041, -6.439356648152366, -6.439356648152366, -6.439356648152366, -6.439356648152366, -6.439356648152366, -6.18474839897041, -6.439356648152366, -6.18474839897041, -6.439356648152366, -6.439356648152366, -6.18474839897041, -6.439356648152366, -6.439356648152366, -6.439356648152366, -6.439356648152366, -6.439356648152366, -6.439356648152366, -6.439356648152366, -6.439356648152366, -6.439356648152366, -6.439356648152366, -6.439356648152366, -6.439356648152366, -6.439356648152366, -6.439356648152366, -5.532716049382719, -6.439356648152366, -6.439356648152366, -6.439356648152366, -6.049814814814817, -6.439356648152366, -6.439356648152366, -6.439356648152366, -5.532716049382719, -6.439356648152366, -5.532716049382719, -6.439356648152366, -6.439356648152366, -6.439356648152366, -6.439356648152366, -5.532716049382719, -6.439356648152366, -6.439356648152366, -6.439356648152366, -6.439356648152366, -5.532716049382719, -6.439356648152366, -6.439356648152366, -6.439356648152366, -6.439356648152366, -6.439356648152366, -5.532716049382719, -6.439356648152366, -6.439356648152366, -6.439356648152366, -5.532716049382719, -5.593333333333334, -6.049814814814817, -5.532716049382719, -5.532716049382719, -5.532716049382719, -5.874594594594602, -5.874594594594602, -5.593333333333334, -5.532716049382719, -6.049814814814817, -5.532716049382719, -5.874594594594602, -5.532716049382719, -5.532716049382719, -5.874594594594602, -5.874594594594602, -5.874594594594602, -5.874594594594602, -6.4267381974248945, -6.439356648152366, -5.874594594594602, -5.874594594594602, -5.532716049382719, -6.439356648152366, -5.874594594594602, -5.874594594594602, -5.153608136034483, -5.532716049382719, -4.643913043478261, -4.643913043478261, -5.118276457103447, -5.118276457103447, -5.118276457103447, -5.118276457103447, -4.643913043478261, -4.643913043478261, -4.643913043478261, -5.118276457103447, -5.118276457103447, -6.445779606224794, -7.262222222222222, -7.236666666666668, -6.445779606224794, -6.445779606224794, -6.445779606224794, -6.445779606224794, -6.445779606224794, -6.445779606224794, -6.1820233366, -6.445779606224794, -6.445779606224794, -6.085251012736844, -6.445779606224794, -6.445779606224794, -6.348810694815262, -6.445779606224794, -6.1820233366, -6.445779606224794, -6.445779606224794, -6.348810694815262, -6.445779606224794, -6.445779606224794, -6.085251012736844, -6.445779606224794, -6.085251012736844, -6.445779606224794, -6.445779606224794, -6.445779606224794, -6.348810694815262, -6.445779606224794, -6.445779606224794, -6.445779606224794, -6.1820233366, -6.445779606224794, -6.445779606224794, -6.445779606224794, -6.1820233366, -6.445779606224794, -6.445779606224794, -6.445779606224794, -6.445779606224794, -6.445779606224794, -6.085251012736844, -6.445779606224794, -6.445779606224794, -6.1820233366, -6.445779606224794, -6.348810694815262, -6.445779606224794, -6.445779606224794, -6.445779606224794, -6.445779606224794, -6.445779606224794, -6.445779606224794, -6.445779606224794, -6.445779606224794, -6.445779606224794, -6.085251012736844, -6.445779606224794, -6.445779606224794, -6.445779606224794, -6.445779606224794, -6.348810694815262, -6.445779606224794, -6.1820233366, -6.445779606224794, -6.445779606224794, -6.445779606224794, -6.445779606224794, -6.445779606224794, -6.445779606224794, -6.445779606224794, -6.445779606224794, -6.445779606224794, -6.445779606224794, -6.445779606224794, -6.445779606224794, -6.445779606224794, -6.445779606224794, -6.445779606224794, -6.445779606224794, -6.445779606224794, -6.445779606224794, -6.445779606224794, -6.085251012736844, -6.445779606224794, -6.445779606224794, -6.445779606224794, -6.445779606224794, -6.445779606224794, -6.445779606224794, -6.445779606224794, -6.445779606224794, -6.085251012736844, -6.445779606224794, -6.445779606224794, -6.445779606224794, -6.445779606224794, -6.445779606224794, -6.445779606224794, -6.445779606224794, -6.445779606224794, -6.445779606224794, -6.445779606224794, -6.445779606224794, -6.445779606224794, -6.445779606224794, -6.445779606224794, -6.348810694815262, -6.445779606224794, -6.445779606224794, -6.445779606224794, -6.445779606224794, -6.085251012736844, -6.445779606224794, -6.445779606224794, -6.445779606224794, -6.445779606224794, -6.445779606224794, -6.445779606224794, -6.419455059744288, -6.445779606224794, -6.445779606224794, -6.445779606224794, -6.419455059744288, -6.445779606224794, -6.445779606224794, -6.445779606224794, -6.445779606224794, -6.445779606224794, -6.445779606224794, -6.445779606224794, -6.419455059744288, -6.445779606224794, -6.445779606224794, -6.445779606224794, -6.445779606224794, -6.445779606224794, -6.445779606224794, -6.445779606224794, -6.085251012736844, -5.6304584208270665, -6.445779606224794, -6.445779606224794, -6.445779606224794, -6.419455059744288, -6.445779606224794, -5.6304584208270665, -6.445779606224794, -6.445779606224794, -5.6304584208270665, -6.445779606224794, -6.445779606224794, -5.6304584208270665, -6.445779606224794, -5.6304584208270665, -6.445779606224794, -5.6304584208270665, -5.6304584208270665, -5.6304584208270665, -6.419455059744288, -5.835000000000001, -5.835000000000001, -5.819021739130435, -5.638235294117646, -5.819021739130435, -5.819021739130435, -5.819021739130435, -5.819021739130435, -5.819021739130435, -5.835000000000001, -5.638235294117646, -5.732980769230769, -5.732980769230769, -5.819021739130435, -5.819021739130435, -6.419455059744288, -6.419455059744288, -6.419455059744288, -6.445779606224794, -6.445779606224794, -5.819021739130435, -5.819021739130435, -6.445779606224794, -6.445779606224794, -5.6304584208270665, -5.6304584208270665, -5.117831951933332, -5.6304584208270665, -5.6304584208270665, -4.603199999999998, -5.052718942547621, -5.052718942547621, -5.052718942547621, -5.052718942547621, -5.052718942547621, -5.052718942547621, -5.052718942547621, -4.603199999999998, -5.052718942547621]","0     -7.22
1     -6.21
2     -7.24
3     -5.92
4     -5.96
       ... 
247   -6.00
248   -3.99
249   -5.24
250   -4.77
251   -4.71
Name: Permeability, Length: 252, dtype: float64","[array([-6.46451055, -5.84527778, -6.46451055, -6.07811765, -6.06944991,
       -6.54513561, -6.21520598, -6.54513561, -6.46451055, -6.45332301,
       -6.45332301, -6.46451055, -6.06944991, -6.46451055, -5.90052956,
       -6.06944991, -6.45332301, -6.45332301, -6.06944991, -6.46451055,
       -6.45332301, -6.46451055, -6.46451055, -6.46451055, -6.21520598,
       -6.45332301, -6.46451055, -6.46451055, -6.33178006, -6.45332301,
       -6.45332301, -6.46451055, -6.46451055, -6.45332301, -6.46451055,
       -6.45332301, -6.46451055, -6.46451055, -6.46451055, -6.21520598,
       -6.33178006, -6.46451055, -6.33178006, -6.46451055, -6.41224044,
       -6.46451055, -6.45332301, -6.46451055, -6.46451055, -6.46451055,
       -6.46451055, -6.45332301, -5.84527778, -6.46451055, -6.33178006,
       -6.46451055, -6.46451055, -6.45332301, -5.90052956, -6.46451055,
       -6.33178006, -6.45332301, -6.45332301, -6.06944991, -6.45332301,
       -6.46451055, -6.49521961, -6.46451055, -6.46451055, -6.46451055,
       -6.46451055, -6.46451055, -6.46451055, -6.46451055, -6.45332301,
       -6.45332301, -6.45332301, -6.46451055, -6.46451055, -6.46451055,
       -6.33178006, -5.84527778, -6.46451055, -6.46451055, -6.46451055,
       -6.46451055, -6.46451055, -6.45332301, -6.46451055, -6.46451055,
       -6.46451055, -6.46451055, -6.21520598, -6.45332301, -6.45332301,
       -6.46451055, -6.46451055, -6.46451055, -6.46451055, -6.46451055,
       -6.46451055, -6.46451055, -6.46451055, -6.46451055, -6.45332301,
       -6.46451055, -6.46451055, -6.46451055, -6.46451055, -6.46451055,
       -6.21520598, -6.45332301, -6.46451055, -6.46451055, -6.45332301,
       -6.33178006, -6.46451055, -6.46451055, -6.46451055, -6.46451055,
       -6.46451055, -6.46451055, -6.33178006, -6.46451055, -6.01634124,
       -6.46451055, -6.46451055, -6.46451055, -6.46451055, -6.46451055,
       -6.46451055, -6.46451055, -6.33178006, -6.46451055, -6.46451055,
       -6.46451055, -6.46451055, -6.46451055, -6.46451055, -6.46451055,
       -6.46451055, -6.31176578, -6.33178006, -6.46451055, -6.46451055,
       -6.46451055, -6.46451055, -6.31176578, -6.33178006, -6.46451055,
       -6.46451055, -6.46451055, -6.33178006, -5.60096154, -6.46451055,
       -6.46451055, -6.46451055, -6.46451055, -6.33178006, -6.46451055,
       -6.46451055, -6.46451055, -6.46451055, -6.46451055, -6.46451055,
       -6.46451055, -6.46451055, -6.46451055, -6.46451055, -6.46451055,
       -6.46451055, -5.60096154, -6.46451055, -6.46451055, -6.46451055,
       -6.33178006, -6.46451055, -6.46451055, -6.33178006, -6.07682418,
       -6.21520598, -6.46451055, -6.46451055, -6.33178006, -5.60096154,
       -6.46451055, -6.46451055, -6.46451055, -6.46451055, -6.21520598,
       -6.46451055, -6.46451055, -6.21520598, -5.60096154, -6.46451055,
       -6.21520598, -6.46451055, -5.60096154, -6.46451055, -6.46451055,
       -6.46451055, -6.46451055, -6.46451055, -5.60096154, -6.07625   ,
       -6.46451055, -5.95580773, -6.46451055, -5.84324074, -5.62040404,
       -5.9388172 , -6.33178006, -5.9388172 , -5.9388172 , -5.9388172 ,
       -5.84324074, -5.62040404, -6.33178006, -5.62040404, -5.60096154,
       -5.62040404, -6.33178006, -5.9388172 , -5.9388172 , -5.9388172 ,
       -5.9388172 , -5.9388172 , -6.33178006, -5.9388172 , -5.9388172 ,
       -5.9388172 , -6.46451055, -6.46451055, -6.33178006, -4.68322581,
       -5.07770686, -4.68322581, -5.07770686, -5.60096154, -4.68322581,
       -5.0433916 , -5.07770686, -5.07770686, -5.07770686, -5.07770686,
       -5.07770686, -5.07770686, -4.68322581, -4.68322581, -4.68322581,
       -4.68322581, -5.07770686]), array([-6.44971994, -5.94357143, -6.44971994, -6.15631046, -6.15631046,
       -6.49202782, -6.15631046, -6.49202782, -6.48903403, -6.3989702 ,
       -6.3989702 , -6.44971994, -6.15631046, -6.44971994, -5.90976352,
       -6.15631046, -6.3989702 , -6.3989702 , -6.15631046, -6.44971994,
       -6.3989702 , -6.44971994, -6.44971994, -6.44971994, -6.39816025,
       -6.3989702 , -6.44971994, -6.44971994, -6.40992106, -6.3989702 ,
       -6.3989702 , -6.44971994, -6.44971994, -6.3989702 , -6.44971994,
       -6.3989702 , -6.44971994, -6.44971994, -6.44971994, -6.15631046,
       -6.40992106, -6.44971994, -6.40992106, -6.44971994, -6.43378093,
       -6.44971994, -6.3989702 , -6.44971994, -6.44971994, -6.44971994,
       -6.44971994, -6.3989702 , -5.94357143, -6.44971994, -6.40992106,
       -6.44971994, -6.44971994, -6.3989702 , -5.90976352, -6.44971994,
       -6.40992106, -6.3989702 , -6.3989702 , -6.15631046, -6.3989702 ,
       -6.45210216, -6.39816025, -6.44971994, -6.44971994, -6.44971994,
       -6.44971994, -6.44971994, -6.44971994, -6.44971994, -6.3989702 ,
       -6.3989702 , -6.3989702 , -6.44971994, -6.44971994, -6.44971994,
       -6.40992106, -5.94357143, -6.44971994, -6.44971994, -6.44971994,
       -6.44971994, -6.44971994, -6.3989702 , -6.44971994, -6.44971994,
       -6.43378093, -6.44894817, -6.15631046, -6.3989702 , -6.3989702 ,
       -6.44894817, -6.44971994, -6.44971994, -6.44971994, -6.44971994,
       -6.44971994, -6.44971994, -6.44894817, -6.44971994, -6.3989702 ,
       -6.44971994, -6.44971994, -6.44971994, -6.44971994, -6.44971994,
       -6.15631046, -6.3989702 , -6.44971994, -6.44971994, -6.3989702 ,
       -6.44971994, -6.44971994, -6.44971994, -6.44971994, -6.44971994,
       -6.44971994, -6.44971994, -6.44971994, -6.44971994, -6.15631046,
       -6.44894817, -6.44971994, -6.44971994, -6.44971994, -6.44971994,
       -6.44971994, -6.44894817, -6.15821128, -6.44971994, -6.44971994,
       -6.44971994, -6.44971994, -6.44971994, -6.44971994, -6.44894817,
       -6.44971994, -6.43378093, -6.15821128, -6.44894817, -6.44971994,
       -6.44971994, -6.44971994, -6.3989702 , -6.44971994, -6.44971994,
       -6.44971994, -6.44971994, -6.44971994, -5.63      , -6.44971994,
       -6.44971994, -6.44971994, -6.44971994, -6.43378093, -6.44971994,
       -6.44971994, -6.44971994, -6.44971994, -6.44971994, -6.44971994,
       -6.44971994, -6.44971994, -6.44971994, -6.44971994, -6.44971994,
       -6.44971994, -5.63      , -6.44971994, -6.44971994, -6.44971994,
       -6.44971994, -6.44971994, -6.44971994, -6.44971994, -6.15821128,
       -6.15631046, -6.44971994, -6.44971994, -6.44971994, -5.63      ,
       -6.44971994, -6.44971994, -6.44971994, -6.44971994, -6.15631046,
       -6.44971994, -6.44971994, -6.15631046, -5.63      , -6.44971994,
       -6.15631046, -6.44971994, -5.63      , -6.44971994, -6.44971994,
       -6.44971994, -6.44971994, -6.44971994, -5.63      , -5.9456    ,
       -6.44894817, -5.85635514, -6.44971994, -5.85635514, -5.63      ,
       -5.64127049, -6.49202782, -5.64127049, -5.64127049, -5.64127049,
       -5.85635514, -5.63      , -6.29625   , -5.63      , -5.63      ,
       -5.63      , -6.45210216, -5.64127049, -5.64127049, -5.64127049,
       -5.64127049, -5.64127049, -6.43378093, -5.64127049, -5.64127049,
       -5.64127049, -6.44971994, -6.44971994, -6.44971994, -4.603     ,
       -5.06403908, -4.603     , -5.06403908, -5.63      , -4.603     ,
       -4.87959261, -5.06403908, -5.06403908, -5.06403908, -5.06403908,
       -5.06403908, -5.06403908, -4.603     , -4.603     , -4.603     ,
       -4.603     , -5.06403908]), array([-6.47292758, -6.40230045, -6.47292758, -5.84204545, -5.84204545,
       -6.5256937 , -5.7256    , -6.5256937 , -6.47292758, -6.44820666,
       -6.44820666, -6.47292758, -5.84204545, -6.47292758, -5.84204545,
       -5.84204545, -6.44820666, -6.44820666, -5.84204545, -6.47292758,
       -6.44820666, -6.47292758, -6.47292758, -6.47292758, -5.97390335,
       -6.44820666, -6.47292758, -6.47292758, -6.10637138, -6.44820666,
       -6.44820666, -6.47292758, -6.47292758, -6.44820666, -6.47292758,
       -6.44820666, -6.47292758, -6.47292758, -6.47292758, -5.7256    ,
       -6.10637138, -6.47292758, -6.10637138, -6.47292758, -5.93241521,
       -6.47292758, -6.44820666, -6.47292758, -6.47292758, -6.47292758,
       -6.47292758, -6.44820666, -6.40230045, -6.47292758, -6.10637138,
       -6.47292758, -6.47292758, -6.44820666, -5.84204545, -6.47292758,
       -6.10637138, -6.44820666, -6.44820666, -5.84204545, -6.44820666,
       -6.47292758, -5.97390335, -6.47292758, -6.47292758, -6.47292758,
       -6.47292758, -6.47292758, -6.47292758, -6.47292758, -6.44820666,
       -6.44820666, -6.44820666, -6.47292758, -6.47292758, -6.47292758,
       -6.10637138, -6.40230045, -6.47292758, -6.47292758, -6.47292758,
       -6.47292758, -6.47292758, -6.44820666, -6.47292758, -6.47292758,
       -6.44820666, -6.44820666, -5.7256    , -6.44820666, -6.40230045,
       -6.44820666, -6.47292758, -6.47292758, -6.47292758, -6.47292758,
       -6.47292758, -6.47292758, -6.44820666, -6.47292758, -6.44820666,
       -6.47292758, -6.47292758, -6.47292758, -6.47292758, -6.47292758,
       -5.7256    , -6.44820666, -6.47292758, -6.47292758, -6.44820666,
       -6.39756958, -6.47292758, -6.47292758, -6.47292758, -6.47292758,
       -6.47292758, -6.47292758, -6.39756958, -6.47292758, -5.8668017 ,
       -6.44820666, -6.47292758, -6.47292758, -6.47292758, -6.47292758,
       -6.47292758, -6.44820666, -6.39756958, -6.47292758, -6.47292758,
       -6.47292758, -6.47292758, -6.47292758, -6.47292758, -6.44820666,
       -6.47292758, -6.10637138, -6.39756958, -6.44820666, -6.47292758,
       -6.47292758, -6.47292758, -6.10637138, -6.39756958, -6.47292758,
       -6.47292758, -6.47292758, -6.39756958, -5.49461538, -6.47292758,
       -6.47292758, -6.47292758, -6.47292758, -6.39756958, -6.47292758,
       -6.47292758, -6.47292758, -6.47292758, -6.47292758, -6.47292758,
       -6.47292758, -6.47292758, -6.47292758, -6.47292758, -6.47292758,
       -6.47292758, -5.49461538, -6.47292758, -6.47292758, -6.47292758,
       -6.39756958, -6.47292758, -6.47292758, -6.39756958, -6.0805924 ,
       -5.7256    , -6.47292758, -6.47292758, -6.39756958, -5.49461538,
       -6.47292758, -6.47292758, -6.47292758, -6.47292758, -5.7256    ,
       -6.47292758, -6.47292758, -5.7256    , -5.49461538, -6.47292758,
       -5.7256    , -6.47292758, -5.49461538, -6.47292758, -6.47292758,
       -6.47292758, -6.47292758, -6.47292758, -5.49461538, -5.76657407,
       -6.48646057, -5.67521008, -6.48646057, -5.69900862, -5.49830986,
       -5.80087719, -6.39756958, -5.80087719, -5.80087719, -5.80087719,
       -5.69900862, -5.49830986, -6.16705882, -5.46424107, -5.49461538,
       -5.49830986, -6.39756958, -5.80087719, -5.80087719, -5.80087719,
       -5.80087719, -5.80087719, -6.40230045, -5.80087719, -5.80087719,
       -5.80087719, -6.47292758, -6.47292758, -6.39756958, -4.63190476,
       -5.11322936, -4.63190476, -5.11322936, -5.49461538, -4.63190476,
       -5.01697536, -5.11322936, -5.11322936, -5.11322936, -5.11322936,
       -5.11322936, -5.11322936, -4.63190476, -4.63190476, -4.63190476,
       -4.63190476, -5.11322936]), array([-6.43935665, -6.43935665, -6.43935665, -6.1847484 , -6.1847484 ,
       -7.12      , -6.1847484 , -7.12      , -6.46979659, -6.43935665,
       -6.43935665, -6.43935665, -6.1847484 , -6.43935665, -5.93995413,
       -6.1847484 , -6.43935665, -6.43935665, -6.1847484 , -6.43935665,
       -6.43935665, -6.43935665, -6.43935665, -6.43935665, -6.1847484 ,
       -6.43935665, -6.43935665, -6.43935665, -6.1847484 , -6.43935665,
       -6.43935665, -6.43935665, -6.43935665, -6.43935665, -6.43935665,
       -6.43935665, -6.43935665, -6.43935665, -6.43935665, -6.1847484 ,
       -6.1847484 , -6.43935665, -6.1847484 , -6.43935665, -6.1847484 ,
       -6.43935665, -6.43935665, -6.43935665, -6.43935665, -6.43935665,
       -6.43935665, -6.43935665, -6.43935665, -6.43935665, -6.1847484 ,
       -6.43935665, -6.43935665, -6.43935665, -5.93995413, -6.43935665,
       -6.1847484 , -6.43935665, -6.43935665, -6.1847484 , -6.43935665,
       -6.43935665, -6.1847484 , -6.43935665, -6.43935665, -6.43935665,
       -6.43935665, -6.43935665, -6.43935665, -6.43935665, -6.43935665,
       -6.43935665, -6.43935665, -6.43935665, -6.43935665, -6.43935665,
       -6.1847484 , -6.43935665, -6.43935665, -6.43935665, -6.43935665,
       -6.43935665, -6.43935665, -6.43935665, -6.43935665, -6.43935665,
       -6.43935665, -6.43935665, -6.1847484 , -6.43935665, -6.43935665,
       -6.43935665, -6.43935665, -6.43935665, -6.43935665, -6.43935665,
       -6.43935665, -6.43935665, -6.43935665, -6.43935665, -6.43935665,
       -6.43935665, -6.43935665, -6.43935665, -6.43935665, -6.43935665,
       -6.1847484 , -6.43935665, -6.43935665, -6.43935665, -6.43935665,
       -6.43935665, -6.43935665, -6.43935665, -6.43935665, -6.43935665,
       -6.43935665, -6.43935665, -6.43935665, -6.43935665, -6.17191005,
       -6.43935665, -6.43935665, -6.43935665, -6.43935665, -6.43935665,
       -6.43935665, -6.43935665, -6.43935665, -6.43935665, -6.43935665,
       -6.43935665, -6.43935665, -6.43935665, -6.43935665, -6.43935665,
       -6.43935665, -6.1847484 , -6.43935665, -6.43935665, -6.43935665,
       -6.43935665, -6.43935665, -6.1847484 , -6.43935665, -6.43935665,
       -6.43935665, -6.43935665, -6.43935665, -5.53271605, -6.43935665,
       -6.43935665, -6.43935665, -6.43935665, -6.43935665, -6.43935665,
       -6.43935665, -6.43935665, -6.43935665, -6.43935665, -6.43935665,
       -6.43935665, -6.43935665, -6.43935665, -6.43935665, -6.43935665,
       -6.43935665, -5.53271605, -6.43935665, -6.43935665, -6.43935665,
       -6.43935665, -6.43935665, -6.43935665, -6.43935665, -6.17191005,
       -6.1847484 , -6.43935665, -6.43935665, -6.43935665, -5.53271605,
       -6.43935665, -6.43935665, -6.43935665, -6.43935665, -6.1847484 ,
       -6.43935665, -6.43935665, -6.1847484 , -5.53271605, -6.43935665,
       -6.1847484 , -6.43935665, -5.53271605, -6.43935665, -6.43935665,
       -6.43935665, -6.43935665, -6.43935665, -5.53271605, -5.73929825,
       -6.37612105, -5.6631982 , -6.41924689, -5.59333333, -5.53271605,
       -5.87459459, -6.43935665, -5.87459459, -5.87459459, -5.87459459,
       -5.59333333, -5.53271605, -6.04981481, -5.53271605, -5.5425    ,
       -5.53271605, -6.43935665, -5.87459459, -5.87459459, -5.87459459,
       -5.87459459, -5.87459459, -6.43935665, -5.87459459, -5.87459459,
       -5.87459459, -6.43935665, -6.43935665, -6.43935665, -4.64391304,
       -5.15360814, -4.64391304, -5.15360814, -5.53271605, -4.64391304,
       -4.915     , -5.11827646, -5.11827646, -5.11827646, -5.11827646,
       -5.11827646, -5.11827646, -4.64391304, -4.64391304, -4.64391304,
       -4.64391304, -5.11827646]), array([-6.44577961, -6.34881069, -6.44577961, -6.15354983, -5.98346154,
       -7.23666667, -6.08525101, -7.23666667, -6.44577961, -6.44577961,
       -6.44577961, -6.44577961, -5.98346154, -6.44577961, -5.932     ,
       -6.08525101, -6.44577961, -6.44577961, -6.08525101, -6.44577961,
       -6.44577961, -6.44577961, -6.44577961, -6.44577961, -6.15354983,
       -6.44577961, -6.44577961, -6.44577961, -6.18202334, -6.44577961,
       -6.44577961, -6.44577961, -6.44577961, -6.44577961, -6.44577961,
       -6.44577961, -6.44577961, -6.44577961, -6.44577961, -6.08525101,
       -6.18202334, -6.44577961, -6.18202334, -6.44577961, -6.08525101,
       -6.44577961, -6.44577961, -6.44577961, -6.44577961, -6.44577961,
       -6.44577961, -6.44577961, -6.34881069, -6.44577961, -6.18202334,
       -6.44577961, -6.44577961, -6.44577961, -5.932     , -6.44577961,
       -6.18202334, -6.44577961, -6.44577961, -6.08525101, -6.44577961,
       -6.44577961, -6.14702005, -6.44577961, -6.44577961, -6.44577961,
       -6.44577961, -6.44577961, -6.44577961, -6.44577961, -6.44577961,
       -6.44577961, -6.44577961, -6.44577961, -6.44577961, -6.44577961,
       -6.18202334, -6.34881069, -6.44577961, -6.44577961, -6.44577961,
       -6.44577961, -6.44577961, -6.44577961, -6.44577961, -6.44577961,
       -6.44577961, -6.44577961, -6.08525101, -6.44577961, -6.44577961,
       -6.44577961, -6.44577961, -6.44577961, -6.44577961, -6.44577961,
       -6.44577961, -6.44577961, -6.44577961, -6.44577961, -6.44577961,
       -6.44577961, -6.44577961, -6.44577961, -6.44577961, -6.44577961,
       -6.08525101, -6.44577961, -6.44577961, -6.44577961, -6.44577961,
       -6.41945506, -6.44577961, -6.44577961, -6.44577961, -6.44577961,
       -6.44577961, -6.44577961, -6.41945506, -6.44577961, -6.08525101,
       -6.44577961, -6.44577961, -6.44577961, -6.44577961, -6.44577961,
       -6.44577961, -6.44577961, -6.41945506, -6.44577961, -6.44577961,
       -6.44577961, -6.44577961, -6.44577961, -6.44577961, -6.44577961,
       -6.44577961, -6.34881069, -6.41945506, -6.44577961, -6.44577961,
       -6.44577961, -6.44577961, -6.34881069, -6.41945506, -6.44577961,
       -6.44577961, -6.44577961, -6.41945506, -5.63045842, -6.44577961,
       -6.44577961, -6.44577961, -6.44577961, -6.41945506, -6.44577961,
       -6.44577961, -6.44577961, -6.44577961, -6.44577961, -6.44577961,
       -6.44577961, -6.44577961, -6.44577961, -6.44577961, -6.44577961,
       -6.44577961, -5.63045842, -6.44577961, -6.44577961, -6.44577961,
       -6.41945506, -6.44577961, -6.44577961, -6.41945506, -6.34881069,
       -6.08525101, -6.44577961, -6.44577961, -6.41945506, -5.63045842,
       -6.44577961, -6.44577961, -6.44577961, -6.44577961, -6.08525101,
       -6.44577961, -6.44577961, -6.08525101, -5.63045842, -6.44577961,
       -6.08525101, -6.44577961, -5.63045842, -6.44577961, -6.44577961,
       -6.44577961, -6.44577961, -6.44577961, -5.63045842, -6.06      ,
       -6.41945506, -5.73298077, -6.41945506, -5.835     , -5.63823529,
       -5.81902174, -6.34881069, -5.81902174, -5.81902174, -5.81902174,
       -5.835     , -5.63823529, -6.34881069, -5.73298077, -5.6537037 ,
       -5.63823529, -6.41945506, -5.81902174, -5.81902174, -5.81902174,
       -5.81902174, -5.81902174, -6.41945506, -5.81902174, -5.81902174,
       -5.81902174, -6.44577961, -6.44577961, -6.41945506, -4.6032    ,
       -5.11783195, -4.6032    , -5.11783195, -5.63045842, -4.6032    ,
       -4.77647059, -5.05271894, -5.05271894, -5.05271894, -5.05271894,
       -5.05271894, -5.05271894, -4.6032    , -4.6032    , -4.6032    ,
       -4.6032    , -5.05271894])]","[-6.45445886 -6.1958634  -6.45445886 -6.08295436 -6.04720315 -6.78390476
 -6.07342317 -6.78390476 -6.46840967 -6.43712722 -6.43712722 -6.45445886
 -6.04720315 -6.45445886 -5.90485853 -6.06756105 -6.43712722 -6.43712722
 -6.06756105 -6.45445886 -6.43712722 -6.45445886 -6.45445886 -6.45445886
 -6.18511356 -6.43712722 -6.45445886 -6.45445886 -6.24296885 -6.43712722
 -6.43712722 -6.45445886 -6.45445886 -6.43712722 -6.45445886 -6.43712722
 -6.45445886 -6.45445886 -6.45445886 -6.07342317 -6.24296885 -6.45445886
 -6.24296885 -6.45445886 -6.2096872  -6.45445886 -6.43712722 -6.45445886
 -6.45445886 -6.45445886 -6.45445886 -6.43712722 -6.1958634  -6.45445886
 -6.24296885 -6.45445886 -6.45445886 -6.43712722 -5.90485853 -6.45445886
 -6.24296885 -6.43712722 -6.43712722 -6.06756105 -6.43712722 -6.45493531
 -6.23981033 -6.45445886 -6.45445886 -6.45445886 -6.45445886 -6.45445886
 -6.45445886 -6.45445886 -6.43712722 -6.43712722 -6.43712722 -6.45445886
 -6.45445886 -6.45445886 -6.24296885 -6.1958634  -6.45445886 -6.45445886
 -6.45445886 -6.45445886 -6.45445886 -6.43712722 -6.45445886 -6.45445886
 -6.44632688 -6.44936033 -6.07342317 -6.43712722 -6.42794598 -6.44936033
 -6.45445886 -6.45445886 -6.45445886 -6.45445886 -6.45445886 -6.45445886
 -6.44936033 -6.45445886 -6.43712722 -6.45445886 -6.45445886 -6.45445886
 -6.45445886 -6.45445886 -6.07342317 -6.43712722 -6.45445886 -6.45445886
 -6.43712722 -6.40757626 -6.45445886 -6.45445886 -6.45445886 -6.45445886
 -6.45445886 -6.45445886 -6.40757626 -6.45445886 -6.05932289 -6.44936033
 -6.45445886 -6.45445886 -6.45445886 -6.45445886 -6.45445886 -6.44936033
 -6.34927453 -6.45445886 -6.45445886 -6.45445886 -6.45445886 -6.45445886
 -6.45445886 -6.44936033 -6.45445886 -6.27709544 -6.34927453 -6.44936033
 -6.45445886 -6.45445886 -6.45445886 -6.27013329 -6.40757626 -6.45445886
 -6.45445886 -6.45445886 -6.40757626 -5.57775028 -6.45445886 -6.45445886
 -6.45445886 -6.45445886 -6.40438846 -6.45445886 -6.45445886 -6.45445886
 -6.45445886 -6.45445886 -6.45445886 -6.45445886 -6.45445886 -6.45445886
 -6.45445886 -6.45445886 -6.45445886 -5.57775028 -6.45445886 -6.45445886
 -6.45445886 -6.40757626 -6.45445886 -6.45445886 -6.40757626 -6.16726972
 -6.07342317 -6.45445886 -6.45445886 -6.40757626 -5.57775028 -6.45445886
 -6.45445886 -6.45445886 -6.45445886 -6.07342317 -6.45445886 -6.45445886
 -6.07342317 -5.57775028 -6.45445886 -6.07342317 -6.45445886 -5.57775028
 -6.45445886 -6.45445886 -6.45445886 -6.45445886 -6.45445886 -5.57775028
 -5.91754446 -6.43909908 -5.77671039 -6.4478786  -5.76538757 -5.58393305
 -5.81491624 -6.40190896 -5.81491624 -5.81491624 -5.81491624 -5.76538757
 -5.58393305 -6.23874288 -5.59606839 -5.58435613 -5.58393305 -6.4080527
 -5.81491624 -5.81491624 -5.81491624 -5.81491624 -5.81491624 -6.40533463
 -5.81491624 -5.81491624 -5.81491624 -6.45445886 -6.45445886 -6.40757626
 -4.63304872 -5.10528308 -4.63304872 -5.10528308 -5.57775028 -4.63304872
 -4.92628603 -5.08519414 -5.08519414 -5.08519414 -5.08519414 -5.08519414
 -5.08519414 -4.63304872 -4.63304872 -4.63304872 -4.63304872 -5.08519414]","[0.0123935  0.24974371 0.0123935  0.12552877 0.12447545 0.32460104
 0.17915738 0.32460104 0.0139644  0.01960026 0.01960026 0.0123935
 0.12447545 0.0123935  0.03451562 0.12065083 0.01960026 0.01960026
 0.12065083 0.0123935  0.01960026 0.0123935  0.0123935  0.0123935
 0.1355733  0.01960026 0.0123935  0.0123935  0.11092639 0.01960026
 0.01960026 0.0123935  0.0123935  0.01960026 0.0123935  0.01960026
 0.0123935  0.0123935  0.0123935  0.17915738 0.11092639 0.0123935
 0.11092639 0.0123935  0.1919541  0.0123935  0.01960026 0.0123935
 0.0123935  0.0123935  0.0123935  0.01960026 0.24974371 0.0123935
 0.11092639 0.0123935  0.0123935  0.01960026 0.03451562 0.0123935
 0.11092639 0.01960026 0.01960026 0.12065083 0.01960026 0.01224708
 0.18582625 0.0123935  0.0123935  0.0123935  0.0123935  0.0123935
 0.0123935  0.0123935  0.01960026 0.01960026 0.01960026 0.0123935
 0.0123935  0.0123935  0.11092639 0.24974371 0.0123935  0.0123935
 0.0123935  0.0123935  0.0123935  0.01960026 0.0123935  0.0123935
 0.01039677 0.00829367 0.17915738 0.01960026 0.02275752 0.00829367
 0.0123935  0.0123935  0.0123935  0.0123935  0.0123935  0.0123935
 0.00829367 0.0123935  0.01960026 0.0123935  0.0123935  0.0123935
 0.0123935  0.0123935  0.17915738 0.01960026 0.0123935  0.0123935
 0.01960026 0.04188648 0.0123935  0.0123935  0.0123935  0.0123935
 0.0123935  0.0123935  0.04188648 0.0123935  0.11105544 0.00829367
 0.0123935  0.0123935  0.0123935  0.0123935  0.0123935  0.00829367
 0.10216039 0.0123935  0.0123935  0.0123935  0.0123935  0.0123935
 0.0123935  0.00829367 0.0123935  0.1171069  0.10216039 0.00829367
 0.0123935  0.0123935  0.0123935  0.10828748 0.04188648 0.0123935
 0.0123935  0.0123935  0.04188648 0.05474749 0.0123935  0.0123935
 0.0123935  0.0123935  0.0390696  0.0123935  0.0123935  0.0123935
 0.0123935  0.0123935  0.0123935  0.0123935  0.0123935  0.0123935
 0.0123935  0.0123935  0.0123935  0.05474749 0.0123935  0.0123935
 0.0123935  0.04188648 0.0123935  0.0123935  0.04188648 0.09874621
 0.17915738 0.0123935  0.0123935  0.04188648 0.05474749 0.0123935
 0.0123935  0.0123935  0.0123935  0.17915738 0.0123935  0.0123935
 0.17915738 0.05474749 0.0123935  0.17915738 0.0123935  0.05474749
 0.0123935  0.0123935  0.0123935  0.0123935  0.0123935  0.05474749
 0.14200839 0.03830921 0.11271092 0.02606244 0.10314158 0.05719361
 0.09927714 0.05878785 0.09927714 0.09927714 0.09927714 0.10314158
 0.05719361 0.11393887 0.09152108 0.0582641  0.05719361 0.04237385
 0.09927714 0.09927714 0.09927714 0.09927714 0.09927714 0.03895011
 0.09927714 0.09927714 0.09927714 0.0123935  0.0123935  0.04188648
 0.02976896 0.03167789 0.02976896 0.03167789 0.05474749 0.02976896
 0.09663393 0.0262246  0.0262246  0.0262246  0.0262246  0.0262246
 0.0262246  0.02976896 0.02976896 0.02976896 0.02976896 0.0262246 ]"
5,XGBRegressor,"[-6.475813, -7.2693768, -7.2693768, -7.0374303, -5.755599, -6.914339, -5.8494434, -5.755599, -6.475813, -6.475813, -6.18352, -5.6859627, -6.475813, -6.475813, -6.1855583, -5.746544, -6.475813, -5.9978147, -6.1855583, -6.6292386, -6.6292386, -5.755599, -6.475813, -6.064952, -6.475813, -5.966352, -5.746544, -5.6859627, -6.1855583, -5.746544, -5.6859627, -6.610522, -6.475813, -6.475813, -6.475813, -6.475813, -5.966352, -5.536719, -6.18352, -6.1855583, -6.475813, -6.475813, -6.610522, -6.4065547, -6.475813, -6.475813, -6.475813, -6.475813, -6.475813, -6.475813, -6.475813, -6.475813, -6.475813, -6.1855583, -6.1855583, -6.1855583, -6.475813, -6.475813, -6.475813, -5.536719, -6.475813, -6.475813, -6.1855583, -6.064952, -6.475813, -6.475813, -6.475813, -6.475813, -6.475813, -6.475813, -6.475813, -6.475813, -6.475813, -6.475813, -7.134344, -5.966352, -6.1855583, -6.475813, -6.610522, -6.475813, -6.475813, -6.475813, -6.475813, -6.475813, -6.475813, -6.2945747, -6.004269, -6.475813, -6.475813, -6.475813, -6.475813, -5.966352, -6.475813, -6.1855583, -5.966352, -6.475813, -6.475813, -6.475813, -6.475813, -6.475813, -6.1855583, -6.475813, -5.9722624, -6.7515287, -6.475813, -6.7515287, -6.2945747, -7.5213723, -6.475813, -6.475813, -6.7515287, -6.475813, -6.475813, -5.957285, -5.957285, -6.7515287, -6.7515287, -6.475813, -6.475813, -6.475813, -5.6848173, -6.7515287, -6.475813, -6.475813, -6.475813, -6.475813, -5.966352, -6.475813, -6.475813, -6.475813, -6.475813, -6.475813, -6.475813, -6.475813, -6.475813, -6.475813, -6.7515287, -6.0613356, -6.0613356, -6.0613356, -5.9256144, -5.406313, -6.0613356, -6.0613356, -6.475813, -5.966352, -6.475813, -5.406313, -6.475813, -6.475813, -6.475813, -6.475813, -6.475813, -6.475813, -5.406313, -5.406313, -6.475813, -6.475813, -6.5033255, -6.475813, -6.475813, -6.475813, -5.406313, -5.406313, -5.406313, -5.8197417, -5.230925, -6.016347, -6.611741, -5.406313, -5.406313, -5.6461864, -5.9852233, -5.9852233, -5.9852233, -5.9418106, -6.436811, -6.8926406, -5.9852233, -5.6461864, -5.9852233, -5.9852233, -5.9852233, -5.6461864, -6.475813, -6.1653185, -6.475813, -5.406313, -6.475813, -6.1653185, -5.406313, -5.406313, -4.552673, -4.9640236, -4.9640236, -4.552673, -5.0598536, -5.0598536, -5.0598536, -5.0598536, -4.552673, -4.552673, -7.2262893, -7.2262893, -6.4538245, -5.968972, -6.169044, -6.4538245, -5.7040544, -5.961067, -5.9113407, -5.9113407, -5.6937575, -5.8153257, -5.621814, -6.4538245, -5.9824433, -6.169044, -6.4538245, -6.4538245, -6.4538245, -6.4538245, -6.4538245, -5.7040544, -6.4538245, -6.4538245, -6.169044, -5.7040544, -6.169044, -5.9592605, -6.236923, -5.8153257, -6.4538245, -6.4538245, -5.804268, -6.4538245, -6.4538245, -7.0468354, -6.145774, -6.169044, -6.169044, -6.169044, -6.4538245, -6.4538245, -6.4538245, -6.169044, -7.162818, -6.490353, -6.820312, -6.169044, -6.145774, -6.4538245, -6.6288366, -7.0468354, -6.6699214, -6.4538245, -6.854715, -6.4538245, -6.145774, -5.804268, -6.4538245, -6.4538245, -6.4538245, -6.4538245, -6.4538245, -6.4538245, -6.4360356, -6.169044, -6.6421833, -7.162818, -6.145774, -6.145774, -6.4538245, -6.4538245, -6.4538245, -7.162818, -6.6699214, -6.4538245, -6.4538245, -6.8200197, -6.4538245, -7.162818, -6.4538245, -6.8200197, -6.4538245, -5.835418, -5.835418, -6.4538245, -5.6937575, -6.4538245, -6.4538245, -7.0117316, -6.2663603, -6.4538245, -6.2329774, -6.4538245, -6.3922048, -6.4538245, -6.4538245, -6.4538245, -6.4538245, -6.4538245, -6.4538245, -6.4538245, -6.4538245, -5.8504105, -5.8504105, -6.4538245, -6.4538245, -5.8504105, -6.4538245, -7.2165728, -6.4538245, -6.4538245, -6.4538245, -6.494236, -7.0117316, -6.4538245, -6.4538245, -6.4538245, -6.4538245, -6.4538245, -6.4538245, -6.2663603, -6.4538245, -6.4538245, -6.4538245, -6.4538245, -6.4538245, -6.4538245, -6.4538245, -6.4538245, -6.4538245, -5.8659654, -6.2663603, -6.4538245, -6.4538245, -5.4838147, -6.393021, -6.2663603, -6.4538245, -5.4838147, -6.4538245, -6.4538245, -6.4538245, -6.2663603, -6.4538245, -6.4538245, -5.4838147, -6.4538245, -6.4538245, -6.4538245, -6.4538245, -6.4538245, -6.4538245, -5.4838147, -6.4538245, -5.8659654, -6.4538245, -6.4538245, -6.4538245, -6.4538245, -6.4538245, -6.4538245, -5.4838147, -5.4838147, -5.4838147, -5.4838147, -5.718197, -5.7907014, -5.7907014, -5.7907014, -5.7907014, -5.699814, -5.699814, -5.7907014, -5.7907014, -5.437782, -6.4538245, -5.7907014, -6.4538245, -5.7907014, -6.3315415, -4.5611644, -4.5611644, -4.5611644, -4.5611644, -5.0530977, -5.0530977, -5.0530977, -5.0530977, -5.0530977, -5.0530977, -5.0530977, -5.0530977, -5.0530977, -5.0626144, -5.0626144, -4.5611644, -4.5611644, -4.5611644, -5.0241804, -5.1186867, -5.0530977, -7.037532, -6.4767795, -5.9971585, -5.9971585, -6.4767795, -5.701746, -6.4767795, -6.337713, -6.4767795, -5.961296, -6.0930223, -6.0930223, -6.2284603, -6.2284603, -5.703128, -5.7865252, -6.4767795, -6.4767795, -6.4767795, -5.91814, -6.4767795, -6.075566, -6.0930223, -6.4767795, -5.703128, -6.4767795, -6.4767795, -6.4767795, -6.075566, -5.9693694, -6.4767795, -6.4767795, -6.4767795, -5.703128, -6.4767795, -6.4767795, -6.4767795, -6.259379, -6.4767795, -6.2284603, -6.999057, -6.4767795, -6.0767093, -5.7865252, -6.4767795, -6.075566, -6.4767795, -6.4767795, -6.4767795, -6.999057, -6.5939217, -6.4767795, -6.075566, -6.4767795, -6.4767795, -6.4767795, -6.4767795, -5.9693694, -6.4767795, -6.4767795, -6.4767795, -6.4767795, -5.999712, -6.4767795, -6.4767795, -6.075566, -6.4767795, -6.4767795, -6.4767795, -6.4767795, -6.4767795, -6.4767795, -6.4767795, -6.4767795, -5.9272375, -5.703128, -6.4767795, -6.4767795, -7.1381855, -6.2284603, -6.6857777, -6.4767795, -6.4767795, -5.7865252, -6.4767795, -6.4767795, -5.999712, -6.4767795, -6.4767795, -5.703128, -5.703128, -6.4767795, -6.4767795, -6.4767795, -6.4767795, -5.999712, -6.4767795, -7.1381855, -5.884529, -6.4767795, -6.4767795, -6.4767795, -6.4767795, -6.4767795, -6.4767795, -6.4767795, -6.4767795, -6.126975, -6.4767795, -6.9142714, -6.126975, -6.4767795, -6.4767795, -6.4767795, -6.8756704, -6.4767795, -6.4767795, -6.4767795, -6.4767795, -6.4767795, -6.8756704, -6.4767795, -6.4767795, -6.4767795, -6.4767795, -6.4767795, -6.4767795, -6.4767795, -6.8756704, -6.4767795, -6.4767795, -6.4767795, -6.4767795, -6.191079, -6.4767795, -5.7105556, -6.4767795, -6.4767795, -6.4767795, -6.4767795, -6.4767795, -6.4767795, -6.4767795, -6.466706, -6.4767795, -6.4767795, -6.4767795, -6.4767795, -6.1360655, -6.525793, -6.1360655, -5.9668837, -5.703128, -5.4673104, -6.1360655, -6.4767795, -6.4767795, -5.8832746, -6.4767795, -6.4767795, -6.4767795, -6.4767795, -6.4767795, -5.703128, -5.703128, -6.4767795, -5.4673104, -5.4673104, -5.4673104, -5.4673104, -5.452077, -5.901466, -5.8638515, -5.8638515, -6.466706, -5.8638515, -5.8638515, -5.452077, -5.8638515, -5.8638515, -5.8638515, -5.8638515, -5.8638515, -5.8638515, -6.4767795, -6.4767795, -6.2809625, -6.4767795, -5.4673104, -5.096941, -4.5647306, -5.096941, -5.4673104, -4.5647306, -4.5647306, -5.053938, -5.053938, -4.5647306, -4.5647306, -4.5647306, -5.053938, -6.458731, -7.3912086, -5.624386, -7.147417, -5.923191, -6.458731, -6.458731, -6.458731, -5.3018064, -6.2018247, -5.8485985, -5.624386, -6.458731, -6.458731, -6.458731, -6.458731, -6.458731, -6.2018247, -6.45323, -5.923191, -6.8537645, -6.458731, -5.8485985, -6.090704, -6.2018247, -6.458731, -6.458731, -6.2018247, -6.458731, -6.458731, -5.624386, -5.8485985, -5.8485985, -5.8485985, -6.090704, -6.458731, -6.458731, -6.458731, -6.458731, -6.458731, -6.458731, -6.458731, -6.458731, -6.090704, -6.458731, -6.458731, -6.458731, -6.458731, -5.8800783, -6.458731, -6.458731, -6.458731, -6.2018247, -5.624386, -6.458731, -6.458731, -6.458731, -5.712865, -6.2018247, -5.624386, -6.458731, -6.3193145, -6.458731, -6.458731, -6.458731, -6.458731, -6.3235717, -5.940922, -6.458731, -6.458731, -6.090704, -6.458731, -6.458731, -6.458731, -6.458731, -6.458731, -6.458731, -6.619433, -6.458731, -6.2018247, -6.458731, -6.458731, -6.458731, -5.4019094, -6.2018247, -6.2018247, -6.2018247, -5.8800783, -6.066823, -6.066823, -6.458731, -6.458731, -5.9057493, -7.1488485, -6.458731, -6.458731, -6.619433, -6.458731, -6.458731, -6.458731, -6.458731, -6.458731, -6.84501, -6.84501, -6.458731, -5.9823484, -6.458731, -6.458731, -6.458731, -6.458731, -7.1488485, -6.785868, -6.5215397, -6.785868, -6.458731, -6.3193145, -5.8800783, -6.458731, -6.458731, -6.458731, -6.458731, -6.458731, -5.750439, -6.3193145, -6.458731, -6.458731, -6.458731, -6.458731, -6.458731, -6.458731, -6.458731, -5.4433913, -6.458731, -6.458731, -6.458731, -6.389257, -6.458731, -6.458731, -6.711858, -5.4433913, -6.458731, -5.4433913, -6.458731, -6.458731, -6.458731, -6.458731, -5.4433913, -6.458731, -6.458731, -6.458731, -6.458731, -5.4433913, -6.458731, -6.458731, -6.458731, -6.458731, -6.458731, -5.4433913, -6.458731, -6.458731, -6.458731, -5.4433913, -5.5069304, -6.870616, -5.4433913, -5.4726768, -5.4726768, -5.7565613, -5.7565613, -5.6621914, -5.4726768, -6.389257, -4.5553246, -5.7565613, -5.4726768, -5.4726768, -5.7565613, -5.7565613, -5.7565613, -5.7565613, -5.9283643, -6.708219, -5.7565613, -5.7565613, -5.4433913, -6.708219, -5.7565613, -5.7565613, -5.0837636, -5.4433913, -4.573187, -4.573187, -5.0261264, -5.0261264, -5.0261264, -5.0261264, -4.573187, -4.573187, -4.573187, -5.0261264, -5.0261264, -6.461047, -7.3851113, -7.110429, -6.461047, -6.2392783, -6.461047, -6.7501335, -6.461047, -6.461047, -6.0228944, -6.242897, -6.2392783, -5.8709946, -6.461047, -6.461047, -5.8586845, -6.461047, -6.0228944, -6.2392783, -6.2392783, -5.988922, -6.461047, -6.461047, -5.741383, -6.2392783, -5.692532, -6.461047, -6.461047, -6.461047, -5.8586845, -6.2392783, -6.2392783, -6.461047, -6.0228944, -6.461047, -6.461047, -6.461047, -6.0228944, -6.461047, -6.242897, -6.2392783, -6.461047, -6.461047, -5.8709946, -6.2392783, -7.078367, -6.0228944, -6.4550314, -5.8586845, -6.461047, -6.461047, -6.461047, -6.461047, -6.461047, -6.461047, -6.2392783, -6.2392783, -5.9258375, -5.692532, -6.461047, -6.461047, -6.461047, -6.461047, -5.8586845, -6.461047, -6.0228944, -6.461047, -6.9900966, -7.078367, -6.461047, -5.905888, -6.2392783, -6.461047, -6.461047, -6.461047, -6.461047, -6.461047, -6.461047, -6.461047, -6.461047, -6.461047, -6.885595, -6.461047, -6.461047, -6.461047, -6.1275926, -6.461047, -6.201715, -6.461047, -6.461047, -6.461047, -6.461047, -6.461047, -6.461047, -5.8709946, -6.461047, -6.461047, -6.461047, -6.461047, -6.461047, -6.461047, -6.461047, -6.461047, -6.461047, -6.461047, -6.495889, -6.805544, -6.805544, -6.461047, -5.9794054, -6.805544, -6.461047, -6.461047, -6.461047, -6.2024565, -5.920479, -6.461047, -5.920479, -6.461047, -6.461047, -6.461047, -5.6144514, -6.461047, -6.461047, -6.461047, -6.6477184, -6.461047, -6.461047, -6.461047, -6.461047, -6.461047, -6.461047, -6.461047, -6.203457, -6.461047, -6.461047, -6.461047, -6.461047, -6.461047, -6.461047, -6.461047, -5.8709946, -5.526608, -6.461047, -6.461047, -6.461047, -6.203457, -6.461047, -5.526608, -6.461047, -6.461047, -5.526608, -6.461047, -6.461047, -5.526608, -6.461047, -5.526608, -6.461047, -5.526608, -5.526608, -5.526608, -5.8894653, -5.776004, -5.776004, -5.8381023, -5.6019354, -5.8381023, -5.8381023, -5.8381023, -5.8381023, -5.8381023, -5.776004, -5.6019354, -5.551452, -5.551452, -5.8381023, -5.8381023, -6.194569, -6.194569, -6.194569, -5.920479, -5.920479, -5.8381023, -5.8381023, -6.461047, -6.461047, -5.526608, -5.526608, -5.0989227, -5.526608, -5.526608, -4.541882, -5.0428033, -5.0428033, -5.0428033, -5.0428033, -5.0428033, -5.0428033, -5.0428033, -4.541882, -5.0428033]","0     -7.22
1     -6.21
2     -7.24
3     -5.92
4     -5.96
       ... 
247   -6.00
248   -3.99
249   -5.24
250   -4.77
251   -4.71
Name: Permeability, Length: 252, dtype: float64","[array([-6.475813 , -5.755599 , -6.475813 , -5.850096 , -5.878985 ,
       -7.0374303, -5.966352 , -7.0374303, -6.542129 , -6.1855583,
       -6.1855583, -6.475813 , -5.878985 , -6.475813 , -5.553615 ,
       -5.6994963, -6.2945747, -6.1855583, -5.6859627, -6.475813 ,
       -5.886999 , -6.475813 , -6.475813 , -5.644545 , -5.536719 ,
       -6.1855583, -6.475813 , -6.475813 , -6.064952 , -6.1855583,
       -6.18352  , -6.475813 , -6.475813 , -6.1855583, -6.475813 ,
       -6.1855583, -6.475813 , -5.746544 , -6.475813 , -5.966352 ,
       -6.064952 , -6.475813 , -6.064952 , -5.644545 , -6.484303 ,
       -6.9932046, -6.1855583, -6.475813 , -6.475813 , -6.475813 ,
       -6.903246 , -6.1855583, -5.755599 , -6.475813 , -6.064952 ,
       -6.475813 , -6.475813 , -6.1855583, -5.553615 , -6.7515287,
       -6.064952 , -6.1855583, -6.004269 , -5.6859627, -6.1855583,
       -4.9777966, -7.2479076, -6.475813 , -6.475813 , -6.475813 ,
       -6.475813 , -6.475813 , -6.475813 , -6.475813 , -6.2945747,
       -6.1855583, -6.004269 , -6.475813 , -6.475813 , -6.475813 ,
       -6.064952 , -5.755599 , -6.475813 , -6.475813 , -6.475813 ,
       -6.475813 , -6.475813 , -5.886999 , -6.475813 , -6.475813 ,
       -7.134344 , -7.134344 , -5.966352 , -6.004269 , -6.610522 ,
       -7.134344 , -6.475813 , -6.475813 , -6.475813 , -6.475813 ,
       -6.475813 , -6.475813 , -7.134344 , -6.475813 , -6.1855583,
       -6.475813 , -6.475813 , -6.475813 , -6.475813 , -6.475813 ,
       -5.966352 , -6.004269 , -6.475813 , -6.475813 , -6.0490065,
       -6.0613356, -6.475813 , -6.475813 , -6.475813 , -6.475813 ,
       -6.475813 , -6.475813 , -6.0613356, -6.475813 , -5.891682 ,
       -6.368657 , -6.475813 , -6.475813 , -6.475813 , -6.475813 ,
       -6.475813 , -7.134344 , -7.0565667, -6.475813 , -6.475813 ,
       -6.475813 , -6.475813 , -6.475813 , -6.475813 , -6.946364 ,
       -6.475813 , -6.855574 , -7.0565667, -7.134344 , -6.7515287,
       -6.5033255, -6.475813 , -5.957285 , -6.0613356, -6.475813 ,
       -6.475813 , -6.7515287, -6.0613356, -5.406313 , -6.475813 ,
       -6.475813 , -6.475813 , -6.475813 , -6.4100137, -6.475813 ,
       -6.475813 , -6.475813 , -6.475813 , -6.475813 , -6.475813 ,
       -6.475813 , -6.475813 , -6.475813 , -6.475813 , -6.7515287,
       -6.475813 , -5.406313 , -6.475813 , -6.475813 , -6.475813 ,
       -6.0613356, -6.475813 , -6.475813 , -6.108402 , -6.380113 ,
       -5.966352 , -6.475813 , -6.475813 , -6.0613356, -5.406313 ,
       -6.475813 , -6.475813 , -6.7515287, -6.475813 , -5.966352 ,
       -6.475813 , -6.475813 , -5.966352 , -5.406313 , -6.475813 ,
       -5.966352 , -6.475813 , -5.406313 , -6.475813 , -6.475813 ,
       -6.475813 , -6.475813 , -6.475813 , -5.406313 , -5.769472 ,
       -5.8197417, -5.7139163, -6.6967263, -5.9418106, -5.6461864,
       -5.9852233, -6.531157 , -5.9852233, -5.9852233, -5.9852233,
       -5.9418106, -5.6461864, -6.436811 , -4.8874335, -5.287232 ,
       -5.6461864, -6.5871854, -5.9852233, -5.9852233, -5.9852233,
       -5.9852233, -5.9852233, -6.1653185, -5.9852233, -5.9852233,
       -5.9852233, -6.475813 , -6.475813 , -6.4229107, -4.552673 ,
       -4.9640236, -4.552673 , -4.9640236, -5.406313 , -4.552673 ,
       -4.8020406, -5.0598536, -5.0598536, -5.0598536, -5.0598536,
       -5.0598536, -5.0598536, -4.552673 , -4.552673 , -4.552673 ,
       -4.552673 , -5.0598536], dtype=float32), array([-6.4538245, -5.8153257, -6.4538245, -5.968972 , -5.9113407,
       -7.0830545, -5.8659654, -7.0830545, -6.4202623, -6.169044 ,
       -6.169044 , -6.4538245, -5.9113407, -6.4538245, -5.7339945,
       -5.7086473, -6.2562375, -6.169044 , -5.7040544, -6.4538245,
       -5.804268 , -6.4538245, -6.4538245, -5.6556864, -5.6937575,
       -6.169044 , -6.4538245, -6.4538245, -6.145774 , -6.169044 ,
       -6.4360356, -6.4538245, -6.4538245, -6.169044 , -6.4538245,
       -6.169044 , -6.4538245, -6.234231 , -6.4538245, -5.8659654,
       -6.145774 , -6.4538245, -6.145774 , -5.6556864, -6.25081  ,
       -6.7631426, -6.169044 , -6.4538245, -6.4538245, -6.4538245,
       -6.854715 , -6.169044 , -5.8153257, -6.4538245, -6.145774 ,
       -6.4538245, -6.4538245, -6.169044 , -5.7339945, -6.8200197,
       -6.145774 , -6.169044 , -5.835418 , -5.7040544, -6.169044 ,
       -5.023541 , -6.974581 , -6.4538245, -6.4538245, -6.4538245,
       -6.4538245, -6.4538245, -6.4538245, -6.4538245, -6.2562375,
       -6.169044 , -5.835418 , -6.4538245, -6.4538245, -6.4538245,
       -6.145774 , -5.8153257, -6.4538245, -6.4538245, -6.4538245,
       -6.4538245, -6.4538245, -5.804268 , -6.4538245, -6.4538245,
       -7.162818 , -7.162818 , -5.8659654, -5.835418 , -6.6699214,
       -7.162818 , -6.4538245, -6.4538245, -6.4538245, -6.4538245,
       -6.4538245, -6.4538245, -7.162818 , -6.4538245, -6.169044 ,
       -6.4538245, -6.4538245, -6.4538245, -6.4538245, -6.4538245,
       -5.8659654, -5.835418 , -6.4538245, -6.4538245, -6.0486913,
       -6.2663603, -6.4538245, -6.4538245, -6.4538245, -6.4538245,
       -6.4538245, -6.4538245, -6.2663603, -6.4538245, -5.8907323,
       -6.2329774, -6.4538245, -6.4538245, -6.4538245, -6.4538245,
       -6.4538245, -7.162818 , -7.056155 , -6.4538245, -6.4538245,
       -6.4538245, -6.4538245, -6.4538245, -6.4538245, -7.0117316,
       -6.4538245, -6.853954 , -7.056155 , -7.162818 , -6.8200197,
       -6.3922048, -6.4538245, -5.8504105, -6.2663603, -6.4538245,
       -6.4538245, -6.8200197, -6.2663603, -5.4838147, -6.4538245,
       -6.4538245, -6.4538245, -6.4538245, -6.447505 , -6.4538245,
       -6.4538245, -6.4538245, -6.4538245, -6.4538245, -6.4538245,
       -6.4538245, -6.4538245, -6.4538245, -6.4538245, -6.8200197,
       -6.4538245, -5.4838147, -6.4538245, -6.4538245, -6.4538245,
       -6.2663603, -6.4538245, -6.4538245, -6.601787 , -6.3797984,
       -5.8659654, -6.4538245, -6.4538245, -6.2663603, -5.4838147,
       -6.4538245, -6.4538245, -6.8200197, -6.4538245, -5.8659654,
       -6.4538245, -6.4538245, -5.8659654, -5.4838147, -6.4538245,
       -5.8659654, -6.4538245, -5.4838147, -6.4538245, -6.4538245,
       -6.4538245, -6.4538245, -6.4538245, -5.4838147, -5.581548 ,
       -5.823197 , -6.3288426, -6.6906743, -5.699814 , -5.437782 ,
       -5.7907014, -6.5394692, -5.7907014, -5.7907014, -5.7907014,
       -5.699814 , -5.437782 , -6.4312916, -4.887231 , -4.941692 ,
       -5.437782 , -5.8716874, -5.7907014, -5.7907014, -5.7907014,
       -5.7907014, -5.7907014, -6.3315415, -5.7907014, -5.7907014,
       -5.7907014, -6.4538245, -6.4538245, -6.434348 , -4.5611644,
       -5.0626144, -4.5611644, -5.0626144, -5.4838147, -4.5611644,
       -4.4684653, -5.0530977, -5.0530977, -5.0530977, -5.0530977,
       -5.0530977, -5.0530977, -4.5611644, -4.5611644, -4.5611644,
       -4.5611644, -5.0530977], dtype=float32), array([-6.4767795, -5.7865252, -6.4767795, -5.8499565, -5.8790226,
       -7.037532 , -5.703128 , -7.037532 , -6.2840815, -6.2284603,
       -6.2284603, -6.4767795, -5.8790226, -6.4767795, -5.6655884,
       -5.6615505, -6.0930223, -6.2284603, -5.701746 , -6.4767795,
       -5.9693694, -6.4767795, -6.4767795, -5.9272375, -5.6541595,
       -6.2284603, -6.4767795, -6.4767795, -6.075566 , -6.2284603,
       -6.259379 , -6.4767795, -6.4767795, -6.2284603, -6.4767795,
       -6.2284603, -6.4767795, -6.337713 , -6.4767795, -5.703128 ,
       -6.075566 , -6.4767795, -6.075566 , -5.9272375, -6.381145 ,
       -7.0643578, -6.2284603, -6.4767795, -6.4767795, -6.4767795,
       -6.999057 , -6.2284603, -5.7865252, -6.4767795, -6.075566 ,
       -6.4767795, -6.4767795, -6.2284603, -5.6655884, -6.8756704,
       -6.075566 , -6.2284603, -5.930876 , -5.701746 , -6.2284603,
       -5.2454576, -7.0767307, -6.4767795, -6.4767795, -6.4767795,
       -6.4767795, -6.4767795, -6.4767795, -6.4767795, -6.0930223,
       -6.2284603, -5.930876 , -6.4767795, -6.4767795, -6.4767795,
       -6.075566 , -5.7865252, -6.4767795, -6.4767795, -6.4767795,
       -6.4767795, -6.4767795, -5.9693694, -6.4767795, -6.4767795,
       -7.1381855, -7.1381855, -5.703128 , -5.930876 , -6.5939217,
       -7.1381855, -6.4767795, -6.4767795, -6.4767795, -6.4767795,
       -6.4767795, -6.4767795, -7.1381855, -6.4767795, -6.2284603,
       -6.4767795, -6.4767795, -6.4767795, -6.4767795, -6.4767795,
       -5.703128 , -5.930876 , -6.4767795, -6.4767795, -5.884529 ,
       -6.1360655, -6.4767795, -6.4767795, -6.4767795, -6.4767795,
       -6.4767795, -6.4767795, -6.1360655, -6.4767795, -5.8959413,
       -6.126975 , -6.4767795, -6.4767795, -6.4767795, -6.4767795,
       -6.4767795, -7.1381855, -7.0558147, -6.4767795, -6.4767795,
       -6.4767795, -6.4767795, -6.4767795, -6.4767795, -6.944563 ,
       -6.4767795, -6.854552 , -7.0558147, -7.1381855, -6.8756704,
       -6.389749 , -6.4767795, -5.9500885, -6.1360655, -6.4767795,
       -6.4767795, -6.8756704, -6.1360655, -5.4673104, -6.4767795,
       -6.4767795, -6.4767795, -6.4767795, -6.4536605, -6.4767795,
       -6.4767795, -6.4767795, -6.4767795, -6.4767795, -6.4767795,
       -6.4767795, -6.4767795, -6.4767795, -6.4767795, -6.8756704,
       -6.4767795, -5.4673104, -6.4767795, -6.4767795, -6.4767795,
       -6.1360655, -6.4767795, -6.4767795, -6.3106027, -5.9668837,
       -5.703128 , -6.4767795, -6.4767795, -6.1360655, -5.4673104,
       -6.4767795, -6.4767795, -6.8756704, -6.4767795, -5.703128 ,
       -6.4767795, -6.4767795, -5.703128 , -5.4673104, -6.4767795,
       -5.703128 , -6.4767795, -5.4673104, -6.4767795, -6.4767795,
       -6.4767795, -6.4767795, -6.4767795, -5.4673104, -5.5982428,
       -5.8267636, -5.6574035, -6.689596 , -5.773397 , -5.452077 ,
       -5.8638515, -5.933354 , -5.8638515, -5.8638515, -5.8638515,
       -5.773397 , -5.452077 , -6.466706 , -4.886837 , -5.6081095,
       -5.452077 , -5.452346 , -5.8638515, -5.8638515, -5.8638515,
       -5.8638515, -5.8638515, -6.2809625, -5.8638515, -5.8638515,
       -5.8638515, -6.4767795, -6.4767795, -5.7105556, -4.5647306,
       -5.096941 , -4.5647306, -5.096941 , -5.4673104, -4.5647306,
       -5.053938 , -5.053938 , -5.053938 , -5.053938 , -5.053938 ,
       -5.053938 , -5.053938 , -4.5647306, -4.5647306, -4.5647306,
       -4.5647306, -5.053938 ], dtype=float32), array([-6.458731 , -5.8485985, -6.458731 , -5.850183 , -5.8791203,
       -7.147417 , -5.8800783, -7.147417 , -6.528828 , -6.2018247,
       -6.2018247, -6.458731 , -5.8791203, -6.458731 , -5.4973135,
       -5.6214437, -6.3235717, -6.2018247, -5.624386 , -6.458731 ,
       -5.887029 , -6.458731 , -6.458731 , -5.4019094, -5.712865 ,
       -6.2018247, -6.458731 , -6.458731 , -6.090704 , -6.2018247,
       -6.45323  , -6.458731 , -6.458731 , -6.2018247, -6.458731 ,
       -6.2018247, -6.458731 , -6.2335873, -6.458731 , -5.8800783,
       -6.090704 , -6.458731 , -6.090704 , -5.4019094, -6.5060396,
       -6.9276505, -6.2018247, -6.458731 , -6.458731 , -6.458731 ,
       -6.903425 , -6.2018247, -5.8485985, -6.458731 , -6.090704 ,
       -6.458731 , -6.458731 , -6.2018247, -5.4973135, -6.84501  ,
       -6.090704 , -6.2018247, -5.940922 , -5.624386 , -6.2018247,
       -4.891466 , -7.1112385, -6.458731 , -6.458731 , -6.458731 ,
       -6.458731 , -6.458731 , -6.458731 , -6.458731 , -6.3235717,
       -6.2018247, -5.940922 , -6.458731 , -6.458731 , -6.458731 ,
       -6.090704 , -5.8485985, -6.458731 , -6.458731 , -6.458731 ,
       -6.458731 , -6.458731 , -5.887029 , -6.458731 , -6.458731 ,
       -7.1488485, -7.1488485, -5.8800783, -5.940922 , -6.623984 ,
       -7.1488485, -6.458731 , -6.458731 , -6.458731 , -6.458731 ,
       -6.458731 , -6.458731 , -7.1488485, -6.458731 , -6.2018247,
       -6.458731 , -6.458731 , -6.458731 , -6.458731 , -6.458731 ,
       -5.8800783, -5.940922 , -6.458731 , -6.458731 , -6.066823 ,
       -6.3193145, -6.458731 , -6.458731 , -6.458731 , -6.458731 ,
       -6.458731 , -6.458731 , -6.3193145, -6.458731 , -5.8869715,
       -6.619433 , -6.458731 , -6.458731 , -6.458731 , -6.458731 ,
       -6.458731 , -7.1488485, -5.9057493, -6.458731 , -6.458731 ,
       -6.458731 , -6.458731 , -6.458731 , -6.458731 , -6.8537645,
       -6.458731 , -6.785868 , -5.9057493, -7.1488485, -6.84501  ,
       -6.5215397, -6.458731 , -5.9823484, -6.3193145, -6.458731 ,
       -6.458731 , -6.84501  , -6.3193145, -5.4433913, -6.458731 ,
       -6.458731 , -6.458731 , -6.458731 , -6.427087 , -6.458731 ,
       -6.458731 , -6.458731 , -6.458731 , -6.458731 , -6.458731 ,
       -6.458731 , -6.458731 , -6.458731 , -6.458731 , -6.84501  ,
       -6.458731 , -5.4433913, -6.458731 , -6.458731 , -6.458731 ,
       -6.3193145, -6.458731 , -6.458731 , -6.715068 , -6.3789515,
       -5.8800783, -6.458731 , -6.458731 , -6.3193145, -5.4433913,
       -6.458731 , -6.458731 , -6.84501  , -6.458731 , -5.8800783,
       -6.458731 , -6.458731 , -5.8800783, -5.4433913, -6.458731 ,
       -5.8800783, -6.458731 , -5.4433913, -6.458731 , -6.458731 ,
       -6.458731 , -6.458731 , -6.458731 , -5.4433913, -5.607137 ,
       -5.822327 , -6.170766 , -6.6929793, -5.6621914, -5.4726768,
       -5.7565613, -6.5107737, -5.7565613, -5.7565613, -5.7565613,
       -5.6621914, -5.4726768, -6.389257 , -4.5553246, -5.5055127,
       -5.4726768, -5.832632 , -5.7565613, -5.7565613, -5.7565613,
       -5.7565613, -5.7565613, -6.27081  , -5.7565613, -5.7565613,
       -5.7565613, -6.458731 , -6.458731 , -6.4458337, -4.573187 ,
       -5.0837636, -4.573187 , -5.0837636, -5.4433913, -4.573187 ,
       -4.528089 , -5.0261264, -5.0261264, -5.0261264, -5.0261264,
       -5.0261264, -5.0261264, -4.573187 , -4.573187 , -4.573187 ,
       -4.573187 , -5.0261264], dtype=float32), array([-6.461047 , -5.8586845, -6.461047 , -5.852186 , -5.8793483,
       -7.110429 , -5.8709946, -7.110429 , -6.063526 , -6.2392783,
       -6.2392783, -6.461047 , -5.8793483, -6.461047 , -5.588388 ,
       -5.6760345, -6.2561135, -6.2392783, -5.692532 , -6.461047 ,
       -5.886813 , -6.461047 , -6.461047 , -5.649425 , -5.654384 ,
       -6.2392783, -6.461047 , -6.461047 , -6.0228944, -6.2392783,
       -6.242897 , -6.461047 , -6.461047 , -6.2392783, -6.461047 ,
       -6.2392783, -6.461047 , -6.4550314, -6.461047 , -5.8709946,
       -6.0228944, -6.461047 , -6.0228944, -5.649425 , -5.9804263,
       -6.2218738, -6.2392783, -6.461047 , -6.461047 , -6.461047 ,
       -6.9036064, -6.2392783, -5.8586845, -6.461047 , -6.0228944,
       -6.461047 , -6.461047 , -6.2392783, -5.588388 , -6.805544 ,
       -6.0228944, -6.2392783, -5.9258375, -5.692532 , -6.2392783,
       -5.047076 , -6.990593 , -6.461047 , -6.461047 , -6.461047 ,
       -6.461047 , -6.461047 , -6.461047 , -6.461047 , -6.2561135,
       -6.2392783, -5.9258375, -6.461047 , -6.461047 , -6.461047 ,
       -6.0228944, -5.8586845, -6.461047 , -6.461047 , -6.461047 ,
       -6.461047 , -6.461047 , -5.886813 , -6.461047 , -6.461047 ,
       -7.078367 , -7.078367 , -5.8709946, -5.9258375, -6.623577 ,
       -7.078367 , -6.461047 , -6.461047 , -6.461047 , -6.461047 ,
       -6.461047 , -6.461047 , -7.078367 , -6.461047 , -6.2392783,
       -6.461047 , -6.461047 , -6.461047 , -6.461047 , -6.461047 ,
       -5.8709946, -5.9258375, -6.461047 , -6.461047 , -6.201715 ,
       -6.203457 , -6.461047 , -6.461047 , -6.461047 , -6.461047 ,
       -6.461047 , -6.461047 , -6.203457 , -6.461047 , -6.1275926,
       -6.495889 , -6.461047 , -6.461047 , -6.461047 , -6.461047 ,
       -6.461047 , -7.078367 , -7.0540648, -6.461047 , -6.461047 ,
       -6.461047 , -6.461047 , -6.461047 , -6.461047 , -6.9900966,
       -6.461047 , -6.8570757, -7.0540648, -7.078367 , -6.805544 ,
       -5.920479 , -6.461047 , -5.9794054, -6.203457 , -6.461047 ,
       -6.461047 , -6.805544 , -6.203457 , -5.526608 , -6.461047 ,
       -6.461047 , -6.461047 , -6.461047 , -6.6400676, -6.461047 ,
       -6.461047 , -6.461047 , -6.461047 , -6.461047 , -6.461047 ,
       -6.461047 , -6.461047 , -6.461047 , -6.461047 , -6.805544 ,
       -6.461047 , -5.526608 , -6.461047 , -6.461047 , -6.461047 ,
       -6.203457 , -6.461047 , -6.461047 , -6.248808 , -6.3788548,
       -5.8709946, -6.461047 , -6.461047 , -6.203457 , -5.526608 ,
       -6.461047 , -6.461047 , -6.805544 , -6.461047 , -5.8709946,
       -6.461047 , -6.461047 , -5.8709946, -5.526608 , -6.461047 ,
       -5.8709946, -6.461047 , -5.526608 , -6.461047 , -6.461047 ,
       -6.461047 , -6.461047 , -6.461047 , -5.526608 , -5.39725  ,
       -5.818861 , -5.8523917, -5.8894653, -5.776004 , -5.6019354,
       -5.8381023, -6.125888 , -5.8381023, -5.8381023, -5.8381023,
       -5.776004 , -5.6019354, -6.431557 , -5.551452 , -5.526528 ,
       -5.6019354, -5.640412 , -5.8381023, -5.8381023, -5.8381023,
       -5.8381023, -5.8381023, -6.27144  , -5.8381023, -5.8381023,
       -5.8381023, -6.461047 , -6.461047 , -6.4133515, -4.541882 ,
       -5.0989227, -4.541882 , -5.0989227, -5.526608 , -4.541882 ,
       -4.8959875, -5.0428033, -5.0428033, -5.0428033, -5.0428033,
       -5.0428033, -5.0428033, -4.541882 , -4.541882 , -4.541882 ,
       -4.541882 , -5.0428033], dtype=float32)]","[-6.465239  -5.812947  -6.465239  -5.874279  -5.8855634 -7.083173
 -5.8573036 -7.083173  -6.367765  -6.204833  -6.204833  -6.465239
 -5.8855634 -6.465239  -5.60778   -5.6734347 -6.244704  -6.204833
 -5.681736  -6.465239  -5.8868957 -6.465239  -6.465239  -5.655761
 -5.650377  -6.204833  -6.465239  -6.465239  -6.079978  -6.204833
 -6.3150125 -6.465239  -6.465239  -6.204833  -6.465239  -6.204833
 -6.465239  -6.2014213 -6.465239  -5.8573036 -6.079978  -6.465239
 -6.079978  -5.655761  -6.320545  -6.794046  -6.204833  -6.465239
 -6.465239  -6.465239  -6.91281   -6.204833  -5.812947  -6.465239
 -6.079978  -6.465239  -6.465239  -6.204833  -5.60778   -6.8195543
 -6.079978  -6.204833  -5.9274645 -5.681736  -6.204833  -5.0370674
 -7.08021   -6.465239  -6.465239  -6.465239  -6.465239  -6.465239
 -6.465239  -6.465239  -6.244704  -6.204833  -5.9274645 -6.465239
 -6.465239  -6.465239  -6.079978  -5.812947  -6.465239  -6.465239
 -6.465239  -6.465239  -6.465239  -5.8868957 -6.465239  -6.465239
 -7.1325135 -7.1325135 -5.8573036 -5.9274645 -6.624385  -7.1325135
 -6.465239  -6.465239  -6.465239  -6.465239  -6.465239  -6.465239
 -7.1325135 -6.465239  -6.204833  -6.465239  -6.465239  -6.465239
 -6.465239  -6.465239  -5.8573036 -5.9274645 -6.465239  -6.465239
 -6.050153  -6.1973066 -6.465239  -6.465239  -6.465239  -6.465239
 -6.465239  -6.465239  -6.1973066 -6.465239  -5.938584  -6.368787
 -6.465239  -6.465239  -6.465239  -6.465239  -6.465239  -7.1325135
 -6.8256707 -6.465239  -6.465239  -6.465239  -6.465239  -6.465239
 -6.465239  -6.949304  -6.465239  -6.841405  -6.8256707 -7.1325135
 -6.8195543 -6.34546   -6.465239  -5.9439073 -6.1973066 -6.465239
 -6.465239  -6.8195543 -6.1973066 -5.4654875 -6.465239  -6.465239
 -6.465239  -6.465239  -6.475667  -6.465239  -6.465239  -6.465239
 -6.465239  -6.465239  -6.465239  -6.465239  -6.465239  -6.465239
 -6.465239  -6.8195543 -6.465239  -5.4654875 -6.465239  -6.465239
 -6.465239  -6.1973066 -6.465239  -6.465239  -6.3969336 -6.2969203
 -5.8573036 -6.465239  -6.465239  -6.1973066 -5.4654875 -6.465239
 -6.465239  -6.8195543 -6.465239  -5.8573036 -6.465239  -6.465239
 -5.8573036 -5.4654875 -6.465239  -5.8573036 -6.465239  -5.4654875
 -6.465239  -6.465239  -6.465239  -6.465239  -6.465239  -5.4654875
 -5.59073   -5.822178  -5.9446645 -6.531888  -5.7706437 -5.5221314
 -5.846888  -6.328129  -5.846888  -5.846888  -5.846888  -5.7706437
 -5.5221314 -6.4311247 -4.9536557 -5.3738146 -5.5221314 -5.8768525
 -5.846888  -5.846888  -5.846888  -5.846888  -5.846888  -6.2640147
 -5.846888  -5.846888  -5.846888  -6.465239  -6.465239  -6.2853994
 -4.5587273 -5.061253  -4.5587273 -5.061253  -5.4654875 -4.5587273
 -4.749704  -5.047164  -5.047164  -5.047164  -5.047164  -5.047164
 -5.047164  -4.5587273 -4.5587273 -4.5587273 -4.5587273 -5.047164 ]","[0.00932956 0.03835494 0.00932956 0.04735378 0.01288929 0.04253399
 0.08537314 0.04253399 0.17813721 0.02610036 0.02610036 0.00932956
 0.01288929 0.00932956 0.08340821 0.03088748 0.07997216 0.02610036
 0.02940058 0.00932956 0.05220978 0.00932956 0.00932956 0.16631663
 0.06121298 0.02610036 0.00932956 0.00932956 0.03986963 0.02610036
 0.10893733 0.00932956 0.00932956 0.02610036 0.00932956 0.02610036
 0.00932956 0.241627   0.00932956 0.08537314 0.03986963 0.00932956
 0.03986963 0.16631663 0.19258295 0.30295837 0.02610036 0.00932956
 0.00932956 0.00932956 0.04706975 0.02610036 0.03835494 0.00932956
 0.03986963 0.00932956 0.00932956 0.02610036 0.08340821 0.04152346
 0.03986963 0.02610036 0.05397564 0.02940058 0.02610036 0.11698068
 0.09827118 0.00932956 0.00932956 0.00932956 0.00932956 0.00932956
 0.00932956 0.00932956 0.07997216 0.02610036 0.05397564 0.00932956
 0.00932956 0.00932956 0.03986963 0.03835494 0.00932956 0.00932956
 0.00932956 0.00932956 0.00932956 0.05220978 0.00932956 0.00932956
 0.02881851 0.02881851 0.08537314 0.05397564 0.02527679 0.02881851
 0.00932956 0.00932956 0.00932956 0.00932956 0.00932956 0.00932956
 0.02881851 0.00932956 0.02610036 0.00932956 0.00932956 0.00932956
 0.00932956 0.00932956 0.08537314 0.05397564 0.00932956 0.00932956
 0.10068133 0.09157594 0.00932956 0.00932956 0.00932956 0.00932956
 0.00932956 0.00932956 0.09157594 0.00932956 0.09454741 0.17657612
 0.00932956 0.00932956 0.00932956 0.00932956 0.00932956 0.02881851
 0.4599612  0.00932956 0.00932956 0.00932956 0.00932956 0.00932956
 0.00932956 0.05425892 0.00932956 0.02778844 0.4599612  0.02881851
 0.04152346 0.21939969 0.00932956 0.04836665 0.09157594 0.00932956
 0.00932956 0.04152346 0.09157594 0.04016166 0.00932956 0.00932956
 0.00932956 0.00932956 0.08363651 0.00932956 0.00932956 0.00932956
 0.00932956 0.00932956 0.00932956 0.00932956 0.00932956 0.00932956
 0.00932956 0.04152346 0.00932956 0.04016166 0.00932956 0.00932956
 0.00932956 0.09157594 0.00932956 0.00932956 0.22619426 0.16501904
 0.08537314 0.00932956 0.00932956 0.09157594 0.04016166 0.00932956
 0.00932956 0.04152346 0.00932956 0.08537314 0.00932956 0.00932956
 0.08537314 0.04016166 0.00932956 0.08537314 0.00932956 0.04016166
 0.00932956 0.00932956 0.00932956 0.00932956 0.00932956 0.04016166
 0.11814663 0.00279379 0.26191318 0.32122076 0.09603457 0.0851194
 0.07850791 0.25139332 0.07850791 0.07850791 0.07850791 0.09603457
 0.0851194  0.02470413 0.32535848 0.24074319 0.0851194  0.38539982
 0.07850791 0.07850791 0.07850791 0.07850791 0.07850791 0.05420214
 0.07850791 0.07850791 0.07850791 0.00932956 0.00932956 0.2876287
 0.01069091 0.05030861 0.01069091 0.05030861 0.04016166 0.01069091
 0.22131635 0.01186353 0.01186353 0.01186353 0.01186353 0.01186353
 0.01186353 0.01069091 0.01069091 0.01069091 0.01069091 0.01186353]"
6,ExtraTreesRegressor,"[-6.47586075949368, -7.26999999999999, -7.26999999999999, -7.036666666666665, -5.755357142857139, -6.914999999999997, -5.63999999999999, -5.755357142857139, -6.47586075949368, -6.47586075949368, -6.184000000000005, -5.685909090909087, -6.47586075949368, -6.47586075949368, -6.184999999999992, -5.745000000000004, -6.47586075949368, -5.998333333333334, -6.184999999999992, -6.629999999999996, -6.629999999999996, -5.755357142857139, -6.47586075949368, -6.064826041099995, -6.47586075949368, -5.966666666666661, -5.745000000000004, -5.685909090909087, -6.184999999999992, -5.887083333333338, -5.685909090909087, -6.61000000000001, -6.47586075949368, -6.47586075949368, -6.47586075949368, -6.47586075949368, -5.966666666666661, -5.536666666666673, -6.184000000000005, -6.184999999999992, -6.47586075949368, -6.47586075949368, -6.61000000000001, -6.4089353929999895, -6.47586075949368, -6.47586075949368, -6.47586075949368, -6.47586075949368, -6.47586075949368, -6.47586075949368, -6.47586075949368, -6.47586075949368, -6.47586075949368, -6.184999999999992, -6.184999999999992, -6.184999999999992, -6.47586075949368, -6.47586075949368, -6.47586075949368, -5.536666666666673, -6.47586075949368, -6.47586075949368, -6.184999999999992, -6.064826041099995, -6.47586075949368, -6.47586075949368, -6.47586075949368, -6.47586075949368, -6.47586075949368, -6.47586075949368, -6.47586075949368, -6.47586075949368, -6.47586075949368, -6.47586075949368, -7.134683623000001, -5.966666666666661, -6.184999999999992, -6.47586075949368, -6.61000000000001, -6.47586075949368, -6.47586075949368, -6.47586075949368, -6.47586075949368, -6.47586075949368, -6.47586075949368, -6.294999999999996, -6.002500000000007, -6.47586075949368, -6.47586075949368, -6.47586075949368, -6.47586075949368, -5.966666666666661, -6.47586075949368, -6.184999999999992, -5.966666666666661, -6.47586075949368, -6.47586075949368, -6.47586075949368, -6.47586075949368, -6.47586075949368, -6.184999999999992, -6.47586075949368, -5.63999999999999, -6.751999999999994, -6.47586075949368, -6.751999999999994, -6.294999999999996, -7.231505053630002, -6.47586075949368, -6.47586075949368, -6.751999999999994, -6.47586075949368, -6.47586075949368, -5.957281626400003, -5.957281626400003, -6.751999999999994, -6.751999999999994, -6.47586075949368, -6.47586075949368, -6.47586075949368, -5.684999999999997, -6.751999999999994, -6.47586075949368, -6.47586075949368, -6.47586075949368, -6.47586075949368, -5.966666666666661, -6.47586075949368, -6.47586075949368, -6.47586075949368, -6.47586075949368, -6.47586075949368, -6.47586075949368, -6.47586075949368, -6.47586075949368, -6.47586075949368, -6.751999999999994, -6.061538461538471, -6.061538461538471, -6.061538461538471, -6.316872601860001, -5.40648648648648, -6.061538461538471, -6.061538461538471, -6.47586075949368, -5.966666666666661, -6.47586075949368, -5.40648648648648, -6.47586075949368, -6.47586075949368, -6.47586075949368, -6.47586075949368, -6.47586075949368, -6.47586075949368, -5.40648648648648, -5.40648648648648, -6.47586075949368, -6.47586075949368, -6.501666666666666, -6.47586075949368, -6.47586075949368, -6.47586075949368, -5.40648648648648, -5.40648648648648, -5.40648648648648, -6.700000000000005, -6.501666666666666, -6.501666666666666, -6.262049999999999, -5.40648648648648, -5.40648648648648, -5.646000000000002, -5.984871794871796, -5.984871794871796, -5.984871794871796, -5.941666666666671, -6.4375, -6.894000000000005, -5.984871794871796, -5.646000000000002, -5.984871794871796, -5.984871794871796, -5.984871794871796, -5.646000000000002, -6.47586075949368, -6.160000000000005, -6.47586075949368, -5.40648648648648, -6.47586075949368, -6.160000000000005, -5.40648648648648, -5.40648648648648, -4.5525000000000055, -4.963614220000007, -4.963614220000007, -4.5525000000000055, -5.060000000000001, -5.060000000000001, -5.060000000000001, -5.060000000000001, -4.5525000000000055, -4.5525000000000055, -7.227499999999996, -7.227499999999996, -6.453916876574304, -5.934643478260864, -6.168378378378382, -6.453916876574304, -5.70409090909091, -5.959999999999997, -5.70409090909091, -5.70409090909091, -5.693333333333335, -5.815000000000005, -5.620000000000004, -6.453916876574304, -5.98333333333334, -6.168378378378382, -6.453916876574304, -6.453916876574304, -6.453916876574304, -6.453916876574304, -6.453916876574304, -5.70409090909091, -6.453916876574304, -6.453916876574304, -6.168378378378382, -5.70409090909091, -6.168378378378382, -5.959999999999997, -6.823908741000001, -5.815000000000005, -6.453916876574304, -6.453916876574304, -5.804999999999999, -6.453916876574304, -6.453916876574304, -7.049999999999994, -6.145815339941169, -6.168378378378382, -6.168378378378382, -6.168378378378382, -6.453916876574304, -6.453916876574304, -6.453916876574304, -6.168378378378382, -7.162743853142847, -6.490000000000006, -6.823908741000001, -6.168378378378382, -6.145815339941169, -6.453916876574304, -6.657035012594455, -7.049999999999994, -6.669999999999995, -6.453916876574304, -6.85500000000001, -6.453916876574304, -6.145815339941169, -5.804999999999999, -6.453916876574304, -6.453916876574304, -6.453916876574304, -6.453916876574304, -6.453916876574304, -6.453916876574304, -6.436666666666662, -6.168378378378382, -6.155380835755642, -7.162743853142847, -6.145815339941169, -6.145815339941169, -6.453916876574304, -6.453916876574304, -6.453916876574304, -7.162743853142847, -6.669999999999995, -6.453916876574304, -6.453916876574304, -6.820666666666661, -6.453916876574304, -7.162743853142847, -6.453916876574304, -6.820666666666661, -6.453916876574304, -5.830000000000001, -5.830000000000001, -6.453916876574304, -5.693333333333335, -6.453916876574304, -6.453916876574304, -7.01499999999999, -6.266923076923073, -6.453916876574304, -6.232774392800013, -6.453916876574304, -6.391666666666659, -6.453916876574304, -6.453916876574304, -6.453916876574304, -6.453916876574304, -6.453916876574304, -6.453916876574304, -6.453916876574304, -6.453916876574304, -5.849682799749994, -5.849682799749994, -6.453916876574304, -6.453916876574304, -5.849682799749994, -6.453916876574304, -7.162743853142847, -6.453916876574304, -6.453916876574304, -6.453916876574304, -6.586620267239988, -7.01499999999999, -6.453916876574304, -6.453916876574304, -6.453916876574304, -6.453916876574304, -6.453916876574304, -6.453916876574304, -6.266923076923073, -6.453916876574304, -6.453916876574304, -6.453916876574304, -6.453916876574304, -6.453916876574304, -6.453916876574304, -6.453916876574304, -6.453916876574304, -6.453916876574304, -5.866086956521725, -6.266923076923073, -6.453916876574304, -6.453916876574304, -5.48414634146342, -7.383513333333327, -6.266923076923073, -6.453916876574304, -5.48414634146342, -6.453916876574304, -6.453916876574304, -6.453916876574304, -6.266923076923073, -6.453916876574304, -6.453916876574304, -5.48414634146342, -6.453916876574304, -6.453916876574304, -6.453916876574304, -6.453916876574304, -6.453916876574304, -6.453916876574304, -5.48414634146342, -6.453916876574304, -5.866086956521725, -6.453916876574304, -6.453916876574304, -6.453916876574304, -6.453916876574304, -6.453916876574304, -6.453916876574304, -5.48414634146342, -5.48414634146342, -5.48414634146342, -5.48414634146342, -5.821005263157896, -5.790657894736842, -5.790657894736842, -5.790657894736842, -5.790657894736842, -5.6999999999999975, -5.6999999999999975, -5.790657894736842, -5.790657894736842, -5.4375, -6.453916876574304, -5.790657894736842, -6.453916876574304, -5.790657894736842, -6.333333333333335, -4.561176470588236, -4.561176470588236, -4.561176470588236, -4.561176470588236, -5.052857142857138, -5.052857142857138, -5.052857142857138, -5.052857142857138, -5.052857142857138, -5.052857142857138, -5.052857142857138, -5.052857142857138, -5.052857142857138, -5.062741012000003, -5.062741012000003, -4.561176470588236, -4.561176470588236, -4.561176470588236, -5.052857142857138, -5.052857142857138, -5.052857142857138, -7.036666666666665, -6.476837270341207, -5.998000000000002, -5.998000000000002, -6.476837270341207, -5.701923076923084, -6.476837270341207, -6.336666666666666, -6.476837270341207, -5.959999999999997, -6.09333333333335, -6.09333333333335, -6.227906976744181, -6.227906976744181, -5.703125, -5.786071428571416, -6.476837270341207, -6.476837270341207, -6.476837270341207, -5.850000000000011, -6.476837270341207, -6.075538477882343, -6.09333333333335, -6.476837270341207, -5.703125, -6.476837270341207, -6.476837270341207, -6.476837270341207, -6.075538477882343, -5.970000000000015, -6.476837270341207, -6.476837270341207, -6.476837270341207, -5.703125, -6.476837270341207, -6.476837270341207, -6.476837270341207, -6.259999999999994, -6.476837270341207, -6.227906976744181, -7.0, -6.476837270341207, -6.3169570866141695, -5.786071428571416, -6.476837270341207, -6.075538477882343, -6.476837270341207, -6.476837270341207, -6.476837270341207, -7.0, -6.594000000000007, -6.476837270341207, -6.075538477882343, -6.476837270341207, -6.476837270341207, -6.476837270341207, -6.476837270341207, -5.970000000000015, -6.476837270341207, -6.476837270341207, -6.476837270341207, -6.476837270341207, -6.0, -6.476837270341207, -6.476837270341207, -6.075538477882343, -6.476837270341207, -6.476837270341207, -6.476837270341207, -6.476837270341207, -6.476837270341207, -6.476837270341207, -6.476837270341207, -6.476837270341207, -5.88999999999999, -5.703125, -6.476837270341207, -6.476837270341207, -7.1381207546666765, -6.227906976744181, -6.784415649799997, -6.476837270341207, -6.476837270341207, -5.786071428571416, -6.476837270341207, -6.476837270341207, -6.0, -6.476837270341207, -6.476837270341207, -5.703125, -5.703125, -6.476837270341207, -6.476837270341207, -6.476837270341207, -6.476837270341207, -6.0, -6.476837270341207, -7.1381207546666765, -5.88666666666666, -6.476837270341207, -6.476837270341207, -6.476837270341207, -6.476837270341207, -6.476837270341207, -6.476837270341207, -6.476837270341207, -6.476837270341207, -6.126439372750001, -6.476837270341207, -6.876428571428579, -6.126439372750001, -6.476837270341207, -6.476837270341207, -6.476837270341207, -6.876428571428579, -6.476837270341207, -6.476837270341207, -6.476837270341207, -6.476837270341207, -6.476837270341207, -6.876428571428579, -6.476837270341207, -6.476837270341207, -6.476837270341207, -6.476837270341207, -6.476837270341207, -6.476837270341207, -6.476837270341207, -6.876428571428579, -6.476837270341207, -6.476837270341207, -6.476837270341207, -6.476837270341207, -6.190000000000008, -6.476837270341207, -6.38999999999999, -6.476837270341207, -6.476837270341207, -6.476837270341207, -6.476837270341207, -6.476837270341207, -6.476837270341207, -6.476837270341207, -6.466666666666663, -6.476837270341207, -6.476837270341207, -6.476837270341207, -6.476837270341207, -6.13666666666666, -6.658333333333336, -6.13666666666666, -5.88999999999999, -5.703125, -5.467619047619048, -6.13666666666666, -6.476837270341207, -6.476837270341207, -5.703125, -6.476837270341207, -6.476837270341207, -6.476837270341207, -6.476837270341207, -6.476837270341207, -5.703125, -5.703125, -6.476837270341207, -5.467619047619048, -5.467619047619048, -5.467619047619048, -5.467619047619048, -5.451818181818176, -5.467619047619048, -5.863472222222224, -5.863472222222224, -6.466666666666663, -5.863472222222224, -5.863472222222224, -5.451818181818176, -5.863472222222224, -5.863472222222224, -5.863472222222224, -5.863472222222224, -5.863472222222224, -5.863472222222224, -6.476837270341207, -6.476837270341207, -6.279999999999984, -6.476837270341207, -5.467619047619048, -5.097473139833325, -4.564444444444449, -5.097473139833325, -5.467619047619048, -4.564444444444449, -4.564444444444449, -5.053703703703712, -5.053703703703712, -4.564444444444449, -4.564444444444449, -4.564444444444449, -5.053703703703712, -6.458769230769234, -7.392000000000014, -5.623888888888886, -7.146666666666655, -5.92399999999999, -6.458769230769234, -6.458769230769234, -6.458769230769234, -5.300000000000006, -6.201351351351366, -5.848333333333345, -5.623888888888886, -6.458769230769234, -6.458769230769234, -6.458769230769234, -6.458769230769234, -6.458769230769234, -6.201351351351366, -6.453333333333335, -5.92399999999999, -6.852320650333345, -6.458769230769234, -5.848333333333345, -6.090639541166659, -6.201351351351366, -6.458769230769234, -6.458769230769234, -6.201351351351366, -6.458769230769234, -6.458769230769234, -5.623888888888886, -5.848333333333345, -5.848333333333345, -5.848333333333345, -6.090639541166659, -6.458769230769234, -6.458769230769234, -6.458769230769234, -6.458769230769234, -6.458769230769234, -6.458769230769234, -6.458769230769234, -6.458769230769234, -6.090639541166659, -6.458769230769234, -6.458769230769234, -6.458769230769234, -6.458769230769234, -5.880454545454541, -6.458769230769234, -6.458769230769234, -6.458769230769234, -6.201351351351366, -5.623888888888886, -6.458769230769234, -6.458769230769234, -6.458769230769234, -5.71249999999999, -6.201351351351366, -5.623888888888886, -6.458769230769234, -6.319333333333348, -6.458769230769234, -6.458769230769234, -6.458769230769234, -6.458769230769234, -6.323999999999999, -5.940000000000006, -6.458769230769234, -6.458769230769234, -6.090639541166659, -6.458769230769234, -6.458769230769234, -6.458769230769234, -6.458769230769234, -6.458769230769234, -6.458769230769234, -6.617407363749987, -6.458769230769234, -6.201351351351366, -6.458769230769234, -6.458769230769234, -6.458769230769234, -5.38999999999999, -6.201351351351366, -6.201351351351366, -6.201351351351366, -5.880454545454541, -6.070000000000004, -6.070000000000004, -6.458769230769234, -6.458769230769234, -5.75, -7.149648469999991, -6.458769230769234, -6.458769230769234, -6.617407363749987, -6.458769230769234, -6.458769230769234, -6.458769230769234, -6.458769230769234, -6.458769230769234, -6.845333333333324, -6.845333333333324, -6.458769230769234, -5.982321983333341, -6.458769230769234, -6.458769230769234, -6.458769230769234, -6.458769230769234, -7.149648469999991, -6.893225580589998, -6.521666666666656, -6.893225580589998, -6.458769230769234, -6.319333333333348, -5.880454545454541, -6.458769230769234, -6.458769230769234, -6.458769230769234, -6.458769230769234, -6.458769230769234, -5.75, -6.319333333333348, -6.458769230769234, -6.458769230769234, -6.458769230769234, -6.458769230769234, -6.458769230769234, -6.458769230769234, -6.458769230769234, -5.443589743589755, -6.458769230769234, -6.458769230769234, -6.458769230769234, -6.38999999999999, -6.458769230769234, -6.458769230769234, -6.619480534479987, -5.443589743589755, -6.458769230769234, -5.443589743589755, -6.458769230769234, -6.458769230769234, -6.458769230769234, -6.458769230769234, -5.443589743589755, -6.458769230769234, -6.458769230769234, -6.458769230769234, -6.458769230769234, -5.443589743589755, -6.458769230769234, -6.458769230769234, -6.458769230769234, -6.458769230769234, -6.458769230769234, -5.443589743589755, -6.458769230769234, -6.458769230769234, -6.458769230769234, -5.443589743589755, -5.255692307692305, -7.049999999999994, -5.443589743589755, -5.472500000000008, -5.472500000000008, -5.756428571428568, -5.756428571428568, -5.661666666666673, -5.472500000000008, -6.38999999999999, -4.555000000000006, -5.756428571428568, -5.472500000000008, -5.472500000000008, -5.756428571428568, -5.756428571428568, -5.756428571428568, -5.756428571428568, -6.845333333333324, -6.710000000000003, -5.756428571428568, -5.756428571428568, -5.443589743589755, -6.710000000000003, -5.756428571428568, -5.756428571428568, -5.084001269428583, -5.443589743589755, -4.573157894736836, -4.573157894736836, -5.025833333333323, -5.025833333333323, -5.025833333333323, -5.025833333333323, -4.573157894736836, -4.573157894736836, -4.573157894736836, -5.025833333333323, -5.025833333333323, -6.4611182519280295, -7.385999999999998, -7.11000000000001, -6.4611182519280295, -6.238285714285711, -6.4611182519280295, -6.75, -6.4611182519280295, -6.4611182519280295, -6.022560273375006, -6.244000000000017, -6.238285714285711, -5.8714285714285745, -6.4611182519280295, -6.4611182519280295, -5.858076923076924, -6.4611182519280295, -6.022560273375006, -6.238285714285711, -6.238285714285711, -5.9900000000000055, -6.4611182519280295, -6.4611182519280295, -5.7400000000000055, -6.238285714285711, -5.692499999999996, -6.4611182519280295, -6.4611182519280295, -6.4611182519280295, -5.858076923076924, -6.238285714285711, -6.238285714285711, -6.4611182519280295, -6.022560273375006, -6.4611182519280295, -6.4611182519280295, -6.4611182519280295, -6.022560273375006, -6.4611182519280295, -6.244000000000017, -6.238285714285711, -6.4611182519280295, -6.4611182519280295, -5.8714285714285745, -6.238285714285711, -7.077668749777783, -6.022560273375006, -6.453333333333334, -5.858076923076924, -6.4611182519280295, -6.4611182519280295, -6.4611182519280295, -6.4611182519280295, -6.4611182519280295, -6.4611182519280295, -6.238285714285711, -6.238285714285711, -5.92250000000001, -5.692499999999996, -6.4611182519280295, -6.4611182519280295, -6.4611182519280295, -6.4611182519280295, -5.858076923076924, -6.4611182519280295, -6.022560273375006, -6.4611182519280295, -6.99565398366667, -7.077668749777783, -6.4611182519280295, -5.90666666666665, -6.238285714285711, -6.4611182519280295, -6.4611182519280295, -6.4611182519280295, -6.4611182519280295, -6.4611182519280295, -6.4611182519280295, -6.4611182519280295, -6.4611182519280295, -6.4611182519280295, -6.87196443738222, -6.4611182519280295, -6.4611182519280295, -6.4611182519280295, -6.379999999999996, -6.4611182519280295, -6.200000000000001, -6.4611182519280295, -6.4611182519280295, -6.4611182519280295, -6.4611182519280295, -6.4611182519280295, -6.4611182519280295, -5.8714285714285745, -6.4611182519280295, -6.4611182519280295, -6.4611182519280295, -6.4611182519280295, -6.4611182519280295, -6.4611182519280295, -6.4611182519280295, -6.4611182519280295, -6.4611182519280295, -6.4611182519280295, -6.497925891000011, -6.807142857142855, -6.807142857142855, -6.4611182519280295, -5.978935053666657, -6.807142857142855, -6.4611182519280295, -6.4611182519280295, -6.4611182519280295, -6.0236453356, -5.899999999999989, -6.4611182519280295, -5.899999999999989, -6.4611182519280295, -6.4611182519280295, -6.4611182519280295, -5.6150000000000055, -6.4611182519280295, -6.4611182519280295, -6.4611182519280295, -6.63999999999999, -6.4611182519280295, -6.4611182519280295, -6.4611182519280295, -6.4611182519280295, -6.4611182519280295, -6.4611182519280295, -6.4611182519280295, -6.203125, -6.4611182519280295, -6.4611182519280295, -6.4611182519280295, -6.4611182519280295, -6.4611182519280295, -6.4611182519280295, -6.4611182519280295, -5.8714285714285745, -5.526756756756754, -6.4611182519280295, -6.4611182519280295, -6.4611182519280295, -6.203125, -6.4611182519280295, -5.526756756756754, -6.4611182519280295, -6.4611182519280295, -5.526756756756754, -6.4611182519280295, -6.4611182519280295, -5.526756756756754, -6.4611182519280295, -5.526756756756754, -6.4611182519280295, -5.526756756756754, -5.526756756756754, -5.526756756756754, -5.820000000000001, -5.7774999999999945, -5.7774999999999945, -5.837916666666664, -5.601818181818191, -5.837916666666664, -5.837916666666664, -5.837916666666664, -5.837916666666664, -5.837916666666664, -5.7774999999999945, -5.601818181818191, -5.550000000000003, -5.550000000000003, -5.837916666666664, -5.837916666666664, -6.196666666666671, -6.196666666666671, -6.196666666666671, -5.899999999999989, -5.899999999999989, -5.837916666666664, -5.837916666666664, -6.4611182519280295, -6.4611182519280295, -5.526756756756754, -5.526756756756754, -5.098559278142845, -5.526756756756754, -5.526756756756754, -4.541818181818187, -5.04272727272728, -5.04272727272728, -5.04272727272728, -5.04272727272728, -5.04272727272728, -5.04272727272728, -5.04272727272728, -4.541818181818187, -5.04272727272728]","0     -7.22
1     -6.21
2     -7.24
3     -5.92
4     -5.96
       ... 
247   -6.00
248   -3.99
249   -5.24
250   -4.77
251   -4.71
Name: Permeability, Length: 252, dtype: float64","[array([-6.47586076, -5.75535714, -6.47586076, -5.85      , -5.88      ,
       -7.03666667, -5.96666667, -7.03666667, -6.50166667, -6.185     ,
       -6.185     , -6.47586076, -5.88      , -6.47586076, -5.68979091,
       -5.68590909, -6.295     , -6.185     , -5.68590909, -6.47586076,
       -5.8875    , -6.47586076, -6.47586076, -5.64      , -5.53666667,
       -6.185     , -6.47586076, -6.47586076, -6.06482604, -6.185     ,
       -6.184     , -6.47586076, -6.47586076, -6.185     , -6.47586076,
       -6.185     , -6.47586076, -5.745     , -6.47586076, -5.96666667,
       -6.06482604, -6.47586076, -6.06482604, -5.64      , -6.50863831,
       -6.50166667, -6.185     , -6.47586076, -6.47586076, -6.47586076,
       -6.90333333, -6.185     , -5.75535714, -6.47586076, -6.06482604,
       -6.47586076, -6.47586076, -6.185     , -5.68979091, -6.752     ,
       -6.06482604, -6.185     , -6.0025    , -5.68590909, -6.185     ,
       -5.79363333, -6.94991595, -6.47586076, -6.47586076, -6.47586076,
       -6.47586076, -6.47586076, -6.47586076, -6.47586076, -6.295     ,
       -6.185     , -6.0025    , -6.47586076, -6.47586076, -6.47586076,
       -6.06482604, -5.75535714, -6.47586076, -6.47586076, -6.47586076,
       -6.47586076, -6.47586076, -5.8875    , -6.47586076, -6.47586076,
       -7.13630109, -7.13468362, -5.96666667, -6.0025    , -6.61      ,
       -7.13468362, -6.47586076, -6.47586076, -6.47586076, -6.47586076,
       -6.47586076, -6.47586076, -7.13468362, -6.47586076, -6.185     ,
       -6.47586076, -6.47586076, -6.47586076, -6.47586076, -6.47586076,
       -5.96666667, -6.0025    , -6.47586076, -6.47586076, -6.05      ,
       -6.06153846, -6.47586076, -6.47586076, -6.47586076, -6.47586076,
       -6.47586076, -6.47586076, -6.06153846, -6.47586076, -5.89      ,
       -6.36827158, -6.47586076, -6.47586076, -6.47586076, -6.47586076,
       -6.47586076, -7.13468362, -7.06      , -6.47586076, -6.47586076,
       -6.47586076, -6.47586076, -6.47586076, -6.47586076, -6.94674049,
       -6.47586076, -6.85498269, -7.06      , -7.13468362, -6.752     ,
       -6.50166667, -6.47586076, -5.95728163, -6.06153846, -6.47586076,
       -6.47586076, -6.752     , -6.06153846, -5.40648649, -6.47586076,
       -6.47586076, -6.47586076, -6.47586076, -6.6841    , -6.47586076,
       -6.47586076, -6.47586076, -6.47586076, -6.47586076, -6.47586076,
       -6.47586076, -6.47586076, -6.47586076, -6.47586076, -6.752     ,
       -6.47586076, -5.40648649, -6.47586076, -6.47586076, -6.47586076,
       -6.06153846, -6.47586076, -6.47586076, -5.672     , -6.38      ,
       -5.96666667, -6.47586076, -6.47586076, -6.06153846, -5.40648649,
       -6.47586076, -6.47586076, -6.752     , -6.47586076, -5.96666667,
       -6.47586076, -6.47586076, -5.96666667, -5.40648649, -6.47586076,
       -5.96666667, -6.47586076, -5.40648649, -6.47586076, -6.47586076,
       -6.47586076, -6.47586076, -6.47586076, -5.40648649, -6.50166667,
       -6.7       , -5.40648649, -6.7       , -5.94166667, -5.646     ,
       -5.98487179, -6.894     , -5.98487179, -5.98487179, -5.98487179,
       -5.94166667, -5.646     , -6.4375    , -4.88666667, -5.40648649,
       -5.646     , -6.894     , -5.98487179, -5.98487179, -5.98487179,
       -5.98487179, -5.98487179, -6.16      , -5.98487179, -5.98487179,
       -5.98487179, -6.47586076, -6.47586076, -6.45593196, -4.5525    ,
       -4.96361422, -4.5525    , -4.96361422, -5.40648649, -4.5525    ,
       -4.791025  , -5.06      , -5.06      , -5.06      , -5.06      ,
       -5.06      , -5.06      , -4.5525    , -4.5525    , -4.5525    ,
       -4.5525    , -5.06      ]), array([-6.45391688, -5.815     , -6.45391688, -5.93464348, -5.70409091,
       -7.0825    , -5.86608696, -7.0825    , -6.39166667, -6.16837838,
       -6.16837838, -6.45391688, -5.70409091, -6.45391688, -5.70409091,
       -5.70409091, -6.25666667, -6.16837838, -5.70409091, -6.45391688,
       -5.805     , -6.45391688, -6.45391688, -5.64      , -5.69333333,
       -6.16837838, -6.45391688, -6.45391688, -6.14581534, -6.16837838,
       -6.43666667, -6.45391688, -6.45391688, -6.16837838, -6.45391688,
       -6.16837838, -6.45391688, -6.2325    , -6.45391688, -5.86608696,
       -6.14581534, -6.45391688, -6.14581534, -5.64      , -6.56634357,
       -6.39166667, -6.16837838, -6.45391688, -6.45391688, -6.45391688,
       -6.855     , -6.16837838, -5.815     , -6.45391688, -6.14581534,
       -6.45391688, -6.45391688, -6.16837838, -5.70409091, -6.82066667,
       -6.14581534, -6.16837838, -5.83      , -5.70409091, -6.16837838,
       -5.64      , -6.92081875, -6.45391688, -6.45391688, -6.45391688,
       -6.45391688, -6.45391688, -6.45391688, -6.45391688, -6.25666667,
       -6.16837838, -5.83      , -6.45391688, -6.45391688, -6.45391688,
       -6.14581534, -5.815     , -6.45391688, -6.45391688, -6.45391688,
       -6.45391688, -6.45391688, -5.805     , -6.45391688, -6.45391688,
       -7.16188124, -7.16274385, -5.86608696, -5.83      , -6.67      ,
       -7.16274385, -6.45391688, -6.45391688, -6.45391688, -6.45391688,
       -6.45391688, -6.45391688, -7.16274385, -6.45391688, -6.16837838,
       -6.45391688, -6.45391688, -6.45391688, -6.45391688, -6.45391688,
       -5.86608696, -5.83      , -6.45391688, -6.45391688, -6.05      ,
       -6.26692308, -6.45391688, -6.45391688, -6.45391688, -6.45391688,
       -6.45391688, -6.45391688, -6.26692308, -6.45391688, -5.89      ,
       -6.23277439, -6.45391688, -6.45391688, -6.45391688, -6.45391688,
       -6.45391688, -7.16274385, -7.06      , -6.45391688, -6.45391688,
       -6.45391688, -6.45391688, -6.45391688, -6.45391688, -7.015     ,
       -6.45391688, -6.85498269, -7.06      , -7.16274385, -6.82066667,
       -6.39166667, -6.45391688, -5.8496828 , -6.26692308, -6.45391688,
       -6.45391688, -6.82066667, -6.26692308, -5.48414634, -6.45391688,
       -6.45391688, -6.45391688, -6.45391688, -6.45899827, -6.45391688,
       -6.45391688, -6.45391688, -6.45391688, -6.45391688, -6.45391688,
       -6.45391688, -6.45391688, -6.45391688, -6.45391688, -6.82066667,
       -6.45391688, -5.48414634, -6.45391688, -6.45391688, -6.45391688,
       -6.26692308, -6.45391688, -6.45391688, -6.78701333, -6.38      ,
       -5.86608696, -6.45391688, -6.45391688, -6.26692308, -5.48414634,
       -6.45391688, -6.45391688, -6.82066667, -6.45391688, -5.86608696,
       -6.45391688, -6.45391688, -5.86608696, -5.48414634, -6.45391688,
       -5.86608696, -6.45391688, -5.48414634, -6.45391688, -6.45391688,
       -6.45391688, -6.45391688, -6.45391688, -5.48414634, -5.7       ,
       -5.82      , -6.00871421, -6.7       , -5.7       , -5.4375    ,
       -5.79065789, -6.45593196, -5.79065789, -5.79065789, -5.79065789,
       -5.7       , -5.4375    , -6.432     , -4.88666667, -6.10972976,
       -5.4375    , -5.89      , -5.79065789, -5.79065789, -5.79065789,
       -5.79065789, -5.79065789, -6.33333333, -5.79065789, -5.79065789,
       -5.79065789, -6.45391688, -6.45391688, -6.45593196, -4.56117647,
       -5.06274101, -4.56117647, -5.06274101, -5.48414634, -4.56117647,
       -4.8021    , -5.05285714, -5.05285714, -5.05285714, -5.05285714,
       -5.05285714, -5.05285714, -4.56117647, -4.56117647, -4.56117647,
       -4.56117647, -5.05285714]), array([-6.47683727, -5.78607143, -6.47683727, -5.85      , -5.88      ,
       -7.03666667, -5.703125  , -7.03666667, -6.39      , -6.22790698,
       -6.22790698, -6.47683727, -5.88      , -6.47683727, -5.72507308,
       -5.70192308, -6.09333333, -6.22790698, -5.70192308, -6.47683727,
       -5.97      , -6.47683727, -6.47683727, -5.89      , -5.654     ,
       -6.22790698, -6.47683727, -6.47683727, -6.07553848, -6.22790698,
       -6.26      , -6.47683727, -6.47683727, -6.22790698, -6.47683727,
       -6.22790698, -6.47683727, -6.33666667, -6.47683727, -5.703125  ,
       -6.07553848, -6.47683727, -6.07553848, -5.89      , -6.50863831,
       -6.39      , -6.22790698, -6.47683727, -6.47683727, -6.47683727,
       -7.        , -6.22790698, -5.78607143, -6.47683727, -6.07553848,
       -6.47683727, -6.47683727, -6.22790698, -5.72507308, -6.87642857,
       -6.07553848, -6.22790698, -5.93      , -5.70192308, -6.22790698,
       -5.89      , -6.8595481 , -6.47683727, -6.47683727, -6.47683727,
       -6.47683727, -6.47683727, -6.47683727, -6.47683727, -6.09333333,
       -6.22790698, -5.93      , -6.47683727, -6.47683727, -6.47683727,
       -6.07553848, -5.78607143, -6.47683727, -6.47683727, -6.47683727,
       -6.47683727, -6.47683727, -5.97      , -6.47683727, -6.47683727,
       -7.13946325, -7.13812075, -5.703125  , -5.93      , -6.594     ,
       -7.13812075, -6.47683727, -6.47683727, -6.47683727, -6.47683727,
       -6.47683727, -6.47683727, -7.13812075, -6.47683727, -6.22790698,
       -6.47683727, -6.47683727, -6.47683727, -6.47683727, -6.47683727,
       -5.703125  , -5.93      , -6.47683727, -6.47683727, -5.88666667,
       -6.13666667, -6.47683727, -6.47683727, -6.47683727, -6.47683727,
       -6.47683727, -6.47683727, -6.13666667, -6.47683727, -5.89      ,
       -6.12643937, -6.47683727, -6.47683727, -6.47683727, -6.47683727,
       -6.47683727, -7.13812075, -7.06      , -6.47683727, -6.47683727,
       -6.47683727, -6.47683727, -6.47683727, -6.47683727, -6.94674049,
       -6.47683727, -6.85498269, -7.06      , -7.13812075, -6.87642857,
       -6.39      , -6.47683727, -5.95012769, -6.13666667, -6.47683727,
       -6.47683727, -6.87642857, -6.13666667, -5.46761905, -6.47683727,
       -6.47683727, -6.47683727, -6.47683727, -6.6031    , -6.47683727,
       -6.47683727, -6.47683727, -6.47683727, -6.47683727, -6.47683727,
       -6.47683727, -6.47683727, -6.47683727, -6.47683727, -6.87642857,
       -6.47683727, -5.46761905, -6.47683727, -6.47683727, -6.47683727,
       -6.13666667, -6.47683727, -6.47683727, -6.84784286, -5.89      ,
       -5.703125  , -6.47683727, -6.47683727, -6.13666667, -5.46761905,
       -6.47683727, -6.47683727, -6.87642857, -6.47683727, -5.703125  ,
       -6.47683727, -6.47683727, -5.703125  , -5.46761905, -6.47683727,
       -5.703125  , -6.47683727, -5.46761905, -6.47683727, -6.47683727,
       -6.47683727, -6.47683727, -6.47683727, -5.46761905, -5.15      ,
       -5.82      , -5.46761905, -6.7       , -5.77285714, -5.45181818,
       -5.86347222, -6.39      , -5.86347222, -5.86347222, -5.86347222,
       -5.77285714, -5.45181818, -6.46666667, -4.88666667, -5.46761905,
       -5.45181818, -5.89      , -5.86347222, -5.86347222, -5.86347222,
       -5.86347222, -5.86347222, -6.28      , -5.86347222, -5.86347222,
       -5.86347222, -6.47683727, -6.47683727, -6.39      , -4.56444444,
       -5.09747314, -4.56444444, -5.09747314, -5.46761905, -4.56444444,
       -4.81396667, -5.0537037 , -5.0537037 , -5.0537037 , -5.0537037 ,
       -5.0537037 , -5.0537037 , -4.56444444, -4.56444444, -4.56444444,
       -4.56444444, -5.0537037 ]), array([-6.45876923, -5.84833333, -6.45876923, -5.85      , -5.88      ,
       -7.14666667, -5.88045455, -7.14666667, -6.52166667, -6.20135135,
       -6.20135135, -6.45876923, -5.88      , -6.45876923, -5.58178333,
       -5.62388889, -6.324     , -6.20135135, -5.62388889, -6.45876923,
       -5.8875    , -6.45876923, -6.45876923, -5.39      , -5.7125    ,
       -6.20135135, -6.45876923, -6.45876923, -6.09063954, -6.20135135,
       -6.45333333, -6.45876923, -6.45876923, -6.20135135, -6.45876923,
       -6.20135135, -6.45876923, -6.2325    , -6.45876923, -5.88045455,
       -6.09063954, -6.45876923, -6.09063954, -5.39      , -6.5723548 ,
       -6.52166667, -6.20135135, -6.45876923, -6.45876923, -6.45876923,
       -6.90333333, -6.20135135, -5.84833333, -6.45876923, -6.09063954,
       -6.45876923, -6.45876923, -6.20135135, -5.58178333, -6.84533333,
       -6.09063954, -6.20135135, -5.94      , -5.62388889, -6.20135135,
       -5.39      , -6.94764863, -6.45876923, -6.45876923, -6.45876923,
       -6.45876923, -6.45876923, -6.45876923, -6.45876923, -6.324     ,
       -6.20135135, -5.94      , -6.45876923, -6.45876923, -6.45876923,
       -6.09063954, -5.84833333, -6.45876923, -6.45876923, -6.45876923,
       -6.45876923, -6.45876923, -5.8875    , -6.45876923, -6.45876923,
       -7.14996368, -7.14964847, -5.88045455, -5.94      , -6.62333333,
       -7.14964847, -6.45876923, -6.45876923, -6.45876923, -6.45876923,
       -6.45876923, -6.45876923, -7.14964847, -6.45876923, -6.20135135,
       -6.45876923, -6.45876923, -6.45876923, -6.45876923, -6.45876923,
       -5.88045455, -5.94      , -6.45876923, -6.45876923, -6.07      ,
       -6.31933333, -6.45876923, -6.45876923, -6.45876923, -6.45876923,
       -6.45876923, -6.45876923, -6.31933333, -6.45876923, -5.89      ,
       -6.61740736, -6.45876923, -6.45876923, -6.45876923, -6.45876923,
       -6.45876923, -7.14964847, -5.75      , -6.45876923, -6.45876923,
       -6.45876923, -6.45876923, -6.45876923, -6.45876923, -6.85232065,
       -6.45876923, -6.89322558, -5.75      , -7.14964847, -6.84533333,
       -6.52166667, -6.45876923, -5.98232198, -6.31933333, -6.45876923,
       -6.45876923, -6.84533333, -6.31933333, -5.44358974, -6.45876923,
       -6.45876923, -6.45876923, -6.45876923, -6.7309    , -6.45876923,
       -6.45876923, -6.45876923, -6.45876923, -6.45876923, -6.45876923,
       -6.45876923, -6.45876923, -6.45876923, -6.45876923, -6.84533333,
       -6.45876923, -5.44358974, -6.45876923, -6.45876923, -6.45876923,
       -6.31933333, -6.45876923, -6.45876923, -6.84533333, -6.38      ,
       -5.88045455, -6.45876923, -6.45876923, -6.31933333, -5.44358974,
       -6.45876923, -6.45876923, -6.84533333, -6.45876923, -5.88045455,
       -6.45876923, -6.45876923, -5.88045455, -5.44358974, -6.45876923,
       -5.88045455, -6.45876923, -5.44358974, -6.45876923, -6.45876923,
       -6.45876923, -6.45876923, -6.45876923, -5.44358974, -5.66166667,
       -5.82      , -5.84512857, -6.7       , -5.66166667, -5.4725    ,
       -5.75642857, -6.45593196, -5.75642857, -5.75642857, -5.75642857,
       -5.66166667, -5.4725    , -6.39      , -4.555     , -5.44358974,
       -5.4725    , -5.89      , -5.75642857, -5.75642857, -5.75642857,
       -5.75642857, -5.75642857, -6.27      , -5.75642857, -5.75642857,
       -5.75642857, -6.45876923, -6.45876923, -6.45593196, -4.57315789,
       -5.08400127, -4.57315789, -5.08400127, -5.44358974, -4.57315789,
       -4.82212939, -5.02583333, -5.02583333, -5.02583333, -5.02583333,
       -5.02583333, -5.02583333, -4.57315789, -4.57315789, -4.57315789,
       -4.57315789, -5.02583333]), array([-6.46111825, -5.85807692, -6.46111825, -5.85      , -5.88      ,
       -7.11      , -5.87142857, -7.11      , -5.9       , -6.23828571,
       -6.23828571, -6.46111825, -5.88      , -6.46111825, -5.69625   ,
       -5.6925    , -6.25666667, -6.23828571, -5.6925    , -6.46111825,
       -5.8875    , -6.46111825, -6.46111825, -5.64      , -5.654     ,
       -6.23828571, -6.46111825, -6.46111825, -6.02256027, -6.23828571,
       -6.244     , -6.46111825, -6.46111825, -6.23828571, -6.46111825,
       -6.23828571, -6.46111825, -6.45333333, -6.46111825, -5.87142857,
       -6.02256027, -6.46111825, -6.02256027, -5.64      , -5.67184   ,
       -5.9       , -6.23828571, -6.46111825, -6.46111825, -6.46111825,
       -6.90333333, -6.23828571, -5.85807692, -6.46111825, -6.02256027,
       -6.46111825, -6.46111825, -6.23828571, -5.69625   , -6.80714286,
       -6.02256027, -6.23828571, -5.9225    , -5.6925    , -6.23828571,
       -5.64      , -6.9510496 , -6.46111825, -6.46111825, -6.46111825,
       -6.46111825, -6.46111825, -6.46111825, -6.46111825, -6.25666667,
       -6.23828571, -5.9225    , -6.46111825, -6.46111825, -6.46111825,
       -6.02256027, -5.85807692, -6.46111825, -6.46111825, -6.46111825,
       -6.46111825, -6.46111825, -5.8875    , -6.46111825, -6.46111825,
       -7.07766875, -7.07766875, -5.87142857, -5.9225    , -6.62333333,
       -7.07766875, -6.46111825, -6.46111825, -6.46111825, -6.46111825,
       -6.46111825, -6.46111825, -7.07766875, -6.46111825, -6.23828571,
       -6.46111825, -6.46111825, -6.46111825, -6.46111825, -6.46111825,
       -5.87142857, -5.9225    , -6.46111825, -6.46111825, -6.2       ,
       -6.203125  , -6.46111825, -6.46111825, -6.46111825, -6.46111825,
       -6.46111825, -6.46111825, -6.203125  , -6.46111825, -6.38      ,
       -6.49792589, -6.46111825, -6.46111825, -6.46111825, -6.46111825,
       -6.46111825, -7.07766875, -7.06      , -6.46111825, -6.46111825,
       -6.46111825, -6.46111825, -6.46111825, -6.46111825, -6.99565398,
       -6.46111825, -6.85498269, -7.06      , -7.07766875, -6.80714286,
       -5.9       , -6.46111825, -5.97893505, -6.203125  , -6.46111825,
       -6.46111825, -6.80714286, -6.203125  , -5.52675676, -6.46111825,
       -6.46111825, -6.46111825, -6.46111825, -6.8416    , -6.46111825,
       -6.46111825, -6.46111825, -6.46111825, -6.46111825, -6.46111825,
       -6.46111825, -6.46111825, -6.46111825, -6.46111825, -6.80714286,
       -6.46111825, -5.52675676, -6.46111825, -6.46111825, -6.46111825,
       -6.203125  , -6.46111825, -6.46111825, -5.6884375 , -6.38      ,
       -5.87142857, -6.46111825, -6.46111825, -6.203125  , -5.52675676,
       -6.46111825, -6.46111825, -6.80714286, -6.46111825, -5.87142857,
       -6.46111825, -6.46111825, -5.87142857, -5.52675676, -6.46111825,
       -5.87142857, -6.46111825, -5.52675676, -6.46111825, -6.46111825,
       -6.46111825, -6.46111825, -6.46111825, -5.52675676, -5.15      ,
       -5.82      , -5.83791667, -5.82      , -5.7775    , -5.60181818,
       -5.83791667, -5.89890417, -5.83791667, -5.83791667, -5.83791667,
       -5.7775    , -5.60181818, -6.432     , -5.55      , -5.54752162,
       -5.60181818, -6.12132917, -5.83791667, -5.83791667, -5.83791667,
       -5.83791667, -5.83791667, -6.27      , -5.83791667, -5.83791667,
       -5.83791667, -6.46111825, -6.46111825, -6.45593196, -4.54181818,
       -5.09855928, -4.54181818, -5.09855928, -5.52675676, -4.54181818,
       -4.79227273, -5.04272727, -5.04272727, -5.04272727, -5.04272727,
       -5.04272727, -5.04272727, -4.54181818, -4.54181818, -4.54181818,
       -4.54181818, -5.04272727])]","[-6.46530048 -5.81256777 -6.46530048 -5.8669287  -5.84481818 -7.0825
 -5.85755235 -7.0825     -6.341      -6.20418448 -6.20418448 -6.46530048
 -5.84481818 -6.46530048 -5.67939765 -5.68166239 -6.24513333 -6.20418448
 -5.68166239 -6.46530048 -5.8875     -6.46530048 -6.46530048 -5.64
 -5.6501     -6.20418448 -6.46530048 -6.46530048 -6.07987593 -6.20418448
 -6.3156     -6.46530048 -6.46530048 -6.20418448 -6.46530048 -6.20418448
 -6.46530048 -6.2        -6.46530048 -5.85755235 -6.07987593 -6.46530048
 -6.07987593 -5.64       -6.365563   -6.341      -6.20418448 -6.46530048
 -6.46530048 -6.46530048 -6.913      -6.20418448 -5.81256777 -6.46530048
 -6.07987593 -6.46530048 -6.46530048 -6.20418448 -5.67939765 -6.82031429
 -6.07987593 -6.20418448 -5.925      -5.68166239 -6.20418448 -5.67072667
 -6.92579621 -6.46530048 -6.46530048 -6.46530048 -6.46530048 -6.46530048
 -6.46530048 -6.46530048 -6.24513333 -6.20418448 -5.925      -6.46530048
 -6.46530048 -6.46530048 -6.07987593 -5.81256777 -6.46530048 -6.46530048
 -6.46530048 -6.46530048 -6.46530048 -5.8875     -6.46530048 -6.46530048
 -7.1330556  -7.13257309 -5.85755235 -5.925      -6.62413333 -7.13257309
 -6.46530048 -6.46530048 -6.46530048 -6.46530048 -6.46530048 -6.46530048
 -7.13257309 -6.46530048 -6.20418448 -6.46530048 -6.46530048 -6.46530048
 -6.46530048 -6.46530048 -5.85755235 -5.925      -6.46530048 -6.46530048
 -6.05133333 -6.19751731 -6.46530048 -6.46530048 -6.46530048 -6.46530048
 -6.46530048 -6.46530048 -6.19751731 -6.46530048 -5.988      -6.36856372
 -6.46530048 -6.46530048 -6.46530048 -6.46530048 -6.46530048 -7.13257309
 -6.798      -6.46530048 -6.46530048 -6.46530048 -6.46530048 -6.46530048
 -6.46530048 -6.95129112 -6.46530048 -6.86263127 -6.798      -7.13257309
 -6.82031429 -6.341      -6.46530048 -5.94366983 -6.19751731 -6.46530048
 -6.46530048 -6.82031429 -6.19751731 -5.46571968 -6.46530048 -6.46530048
 -6.46530048 -6.46530048 -6.66373965 -6.46530048 -6.46530048 -6.46530048
 -6.46530048 -6.46530048 -6.46530048 -6.46530048 -6.46530048 -6.46530048
 -6.46530048 -6.82031429 -6.46530048 -5.46571968 -6.46530048 -6.46530048
 -6.46530048 -6.19751731 -6.46530048 -6.46530048 -6.3681254  -6.282
 -5.85755235 -6.46530048 -6.46530048 -6.19751731 -5.46571968 -6.46530048
 -6.46530048 -6.82031429 -6.46530048 -5.85755235 -6.46530048 -6.46530048
 -5.85755235 -5.46571968 -6.46530048 -5.85755235 -6.46530048 -5.46571968
 -6.46530048 -6.46530048 -6.46530048 -6.46530048 -6.46530048 -5.46571968
 -5.63266667 -5.996      -5.713173   -6.524      -5.7707381  -5.52192727
 -5.84666943 -6.41895362 -5.84666943 -5.84666943 -5.84666943 -5.7707381
 -5.52192727 -6.43163333 -4.953      -5.59498933 -5.52192727 -6.13706583
 -5.84666943 -5.84666943 -5.84666943 -5.84666943 -5.84666943 -6.26266667
 -5.84666943 -5.84666943 -5.84666943 -6.46530048 -6.46530048 -6.44274556
 -4.5586194  -5.06127778 -4.5586194  -5.06127778 -5.46571968 -4.5586194
 -4.80429876 -5.04702429 -5.04702429 -5.04702429 -5.04702429 -5.04702429
 -5.04702429 -4.5586194  -4.5586194  -4.5586194  -4.5586194  -5.04702429]","[0.00932043 0.03829174 0.00932043 0.03385739 0.07036364 0.04260282
 0.0854911  0.04260282 0.22711377 0.02601461 0.02601461 0.00932043
 0.07036364 0.00932043 0.05023261 0.02962026 0.08001989 0.02601461
 0.02962026 0.00932043 0.05217758 0.00932043 0.00932043 0.15811388
 0.06109079 0.02601461 0.00932043 0.00932043 0.03998564 0.02601461
 0.10877876 0.00932043 0.00932043 0.02601461 0.00932043 0.02601461
 0.00932043 0.24165805 0.00932043 0.0854911  0.03998564 0.00932043
 0.03998564 0.15811388 0.34792769 0.22711377 0.02601461 0.00932043
 0.00932043 0.00932043 0.0473568  0.02601461 0.03829174 0.00932043
 0.03998564 0.00932043 0.00932043 0.02601461 0.05023261 0.04150956
 0.03998564 0.02601461 0.05529467 0.02962026 0.02601461 0.16963641
 0.03495886 0.00932043 0.00932043 0.00932043 0.00932043 0.00932043
 0.00932043 0.00932043 0.08001989 0.02601461 0.05529467 0.00932043
 0.00932043 0.00932043 0.03998564 0.03829174 0.00932043 0.00932043
 0.00932043 0.00932043 0.00932043 0.05217758 0.00932043 0.00932043
 0.02910703 0.02916011 0.0854911  0.05529467 0.02534877 0.02916011
 0.00932043 0.00932043 0.00932043 0.00932043 0.00932043 0.00932043
 0.02916011 0.00932043 0.02601461 0.00932043 0.00932043 0.00932043
 0.00932043 0.00932043 0.0854911  0.05529467 0.00932043 0.00932043
 0.09956796 0.09152136 0.00932043 0.00932043 0.00932043 0.00932043
 0.00932043 0.00932043 0.09152136 0.00932043 0.196      0.17647706
 0.00932043 0.00932043 0.00932043 0.00932043 0.00932043 0.02916011
 0.524      0.00932043 0.00932043 0.00932043 0.00932043 0.00932043
 0.00932043 0.05632665 0.00932043 0.01529715 0.524      0.02916011
 0.04150956 0.22711377 0.00932043 0.04857607 0.09152136 0.00932043
 0.00932043 0.04150956 0.09152136 0.0401671  0.00932043 0.00932043
 0.00932043 0.00932043 0.1281839  0.00932043 0.00932043 0.00932043
 0.00932043 0.00932043 0.00932043 0.00932043 0.00932043 0.00932043
 0.00932043 0.04150956 0.00932043 0.0401671  0.00932043 0.00932043
 0.00932043 0.09152136 0.00932043 0.00932043 0.56211913 0.196
 0.0854911  0.00932043 0.00932043 0.09152136 0.0401671  0.00932043
 0.00932043 0.04150956 0.00932043 0.0854911  0.00932043 0.00932043
 0.0854911  0.0401671  0.00932043 0.0854911  0.00932043 0.0401671
 0.00932043 0.00932043 0.00932043 0.00932043 0.00932043 0.0401671
 0.49527164 0.352      0.23438056 0.352      0.09609084 0.08516208
 0.0784086  0.31613086 0.0784086  0.0784086  0.0784086  0.09609084
 0.08516208 0.02447593 0.32496564 0.26149158 0.08516208 0.38892713
 0.0784086  0.0784086  0.0784086  0.0784086  0.0784086  0.05646631
 0.0784086  0.0784086  0.0784086  0.00932043 0.00932043 0.02637278
 0.01069173 0.05051076 0.01069173 0.05051076 0.0401671  0.01069173
 0.01214127 0.0119543  0.0119543  0.0119543  0.0119543  0.0119543
 0.0119543  0.01069173 0.01069173 0.01069173 0.01069173 0.0119543 ]"
7,LinearRegression,"[-6.462195250957275, -7.113512911383492, -7.113512911383492, -7.245316118155323, -5.867790962031551, -6.776498162184209, -6.7974196659093975, -5.867790962031551, -6.462195250957275, -6.462195250957275, -6.058356165031402, -5.727891860531981, -6.462195250957275, -6.462195250957275, -6.330392044185444, -6.190159371803232, -6.462195250957275, -5.73598775525972, -6.330392044185444, -6.630000000000003, -6.630000000000003, -5.867790962031551, -6.462195250957275, -6.139388404931167, -6.462195250957275, -5.942779922948353, -6.190159371803232, -5.727891860531981, -6.330392044185444, -6.282957536053005, -5.727891860531981, -6.778204634004703, -6.462195250957275, -6.462195250957275, -6.462195250957275, -6.462195250957275, -5.942779922948353, -5.536666666666666, -6.058356165031402, -6.330392044185444, -6.462195250957275, -6.462195250957275, -6.778204634004703, -6.055257190690028, -6.462195250957275, -6.462195250957275, -6.462195250957275, -6.462195250957275, -6.462195250957275, -6.462195250957275, -6.462195250957275, -6.462195250957275, -6.462195250957275, -6.330392044185444, -6.330392044185444, -6.330392044185444, -6.462195250957275, -6.462195250957275, -6.462195250957275, -5.536666666666666, -6.462195250957275, -6.462195250957275, -6.330392044185444, -6.139388404931167, -6.462195250957275, -6.462195250957275, -6.462195250957275, -6.462195250957275, -6.462195250957275, -6.462195250957275, -6.462195250957275, -6.462195250957275, -6.462195250957275, -6.462195250957275, -7.149685323307617, -5.942779922948353, -6.330392044185444, -6.462195250957275, -6.778204634004703, -6.462195250957275, -6.462195250957275, -6.462195250957275, -6.462195250957275, -6.462195250957275, -6.462195250957275, -6.295, -6.326478483827713, -6.462195250957275, -6.462195250957275, -6.462195250957275, -6.462195250957275, -5.942779922948353, -6.462195250957275, -6.330392044185444, -5.942779922948353, -6.462195250957275, -6.462195250957275, -6.462195250957275, -6.462195250957275, -6.462195250957275, -6.330392044185444, -6.462195250957275, -6.289145001217244, -6.719376714938445, -6.462195250957275, -6.719376714938445, -6.295, -6.8623358482458405, -6.462195250957275, -6.462195250957275, -6.719376714938445, -6.462195250957275, -6.462195250957275, -5.8396860785473645, -5.8396860785473645, -6.719376714938445, -6.719376714938445, -6.462195250957275, -6.462195250957275, -6.462195250957275, -5.5238767470557, -6.719376714938445, -6.462195250957275, -6.462195250957275, -6.462195250957275, -6.462195250957275, -5.942779922948353, -6.462195250957275, -6.462195250957275, -6.462195250957275, -6.462195250957275, -6.462195250957275, -6.462195250957275, -6.462195250957275, -6.462195250957275, -6.462195250957275, -6.719376714938445, -6.162492924573472, -6.162492924573472, -6.162492924573472, -7.097295786636469, -5.433957571610658, -6.162492924573472, -6.162492924573472, -6.462195250957275, -5.942779922948353, -6.462195250957275, -5.433957571610658, -6.462195250957275, -6.462195250957275, -6.462195250957275, -6.462195250957275, -6.462195250957275, -6.462195250957275, -5.433957571610658, -5.433957571610658, -6.462195250957275, -6.462195250957275, -6.546326465198413, -6.462195250957275, -6.462195250957275, -6.462195250957275, -5.433957571610658, -5.433957571610658, -5.433957571610658, -6.176347233751898, -5.494199870896555, -6.47554545468826, -6.644236357735408, -5.433957571610658, -5.433957571610658, -5.651723953888778, -6.032116491116155, -6.032116491116155, -6.032116491116155, -5.719038457125723, -6.149993659792971, -6.442227974817455, -6.032116491116155, -5.651723953888778, -6.032116491116155, -6.032116491116155, -6.032116491116155, -5.651723953888778, -6.462195250957275, -6.4510602673326005, -6.462195250957275, -5.433957571610658, -6.462195250957275, -6.4510602673326005, -5.433957571610658, -5.433957571610658, -4.552500000000002, -4.823072944318968, -4.823072944318968, -4.552500000000002, -5.088186553694213, -5.088186553694213, -5.088186553694213, -5.088186553694213, -4.552500000000003, -4.552500000000003, -7.08077844479412, -7.08077844479412, -6.445589554536879, -6.336430605189917, -6.297146444125128, -6.445589554536879, -5.734929937039706, -5.960000000000012, -6.054465914189414, -6.054465914189414, -5.693333333333334, -5.905507555355736, -5.620000000000003, -6.445589554536879, -5.757064444943985, -6.297146444125128, -6.445589554536879, -6.445589554536879, -6.445589554536879, -6.445589554536879, -6.445589554536879, -5.734929937039706, -6.445589554536879, -6.445589554536879, -6.297146444125128, -5.734929937039706, -6.297146444125128, -5.95999999999999, -5.818079419168775, -5.905507555355736, -6.445589554536879, -6.445589554536879, -5.805000000000004, -6.445589554536879, -6.445589554536879, -6.777373860503243, -6.151188680148454, -6.297146444125128, -6.297146444125128, -6.297146444125128, -6.445589554536879, -6.445589554536879, -6.445589554536879, -6.297146444125128, -7.162743853142856, -6.3583465920285445, -6.263175413788491, -6.297146444125128, -6.151188680148454, -6.445589554536879, -7.360299730300559, -6.777373860503243, -6.77314624544339, -6.445589554536879, -6.925816970914993, -6.445589554536879, -6.151188680148454, -5.805000000000004, -6.445589554536879, -6.445589554536879, -6.445589554536879, -6.445589554536879, -6.445589554536879, -6.445589554536879, -6.288731306176044, -6.297146444125128, -7.039141938976495, -7.162743853142856, -6.151188680148454, -6.151188680148454, -6.445589554536879, -6.445589554536879, -6.445589554536879, -7.162743853142856, -6.77314624544339, -6.445589554536879, -6.445589554536879, -6.778698815516558, -6.445589554536879, -7.162743853142856, -6.445589554536879, -6.778698815516558, -6.445589554536879, -6.42800983957181, -6.42800983957181, -6.445589554536879, -5.693333333333334, -6.445589554536879, -6.445589554536879, -6.185159710485092, -6.261430310060382, -6.445589554536879, -6.316023105931773, -6.445589554536879, -6.333602820896843, -6.445589554536879, -6.445589554536879, -6.445589554536879, -6.445589554536879, -6.445589554536879, -6.445589554536879, -6.445589554536879, -6.445589554536879, -5.967029435671956, -5.967029435671956, -6.445589554536879, -6.445589554536879, -5.967029435671956, -6.445589554536879, -6.978584608666358, -6.445589554536879, -6.445589554536879, -6.445589554536879, -6.358642279202237, -6.185159710485092, -6.445589554536879, -6.445589554536879, -6.445589554536879, -6.445589554536879, -6.445589554536879, -6.445589554536879, -6.261430310060382, -6.445589554536879, -6.445589554536879, -6.445589554536879, -6.445589554536879, -6.445589554536879, -6.445589554536879, -6.445589554536879, -6.445589554536879, -6.445589554536879, -5.848203780792515, -6.261430310060382, -6.445589554536879, -6.445589554536879, -5.495479413287394, -6.74764938579598, -6.261430310060382, -6.445589554536879, -5.495479413287394, -6.445589554536879, -6.445589554536879, -6.445589554536879, -6.261430310060382, -6.445589554536879, -6.445589554536879, -5.495479413287394, -6.445589554536879, -6.445589554536879, -6.445589554536879, -6.445589554536879, -6.445589554536879, -6.445589554536879, -5.495479413287394, -6.445589554536879, -5.848203780792515, -6.445589554536879, -6.445589554536879, -6.445589554536879, -6.445589554536879, -6.445589554536879, -6.445589554536879, -5.495479413287394, -5.495479413287394, -5.495479413287394, -5.495479413287394, -5.620390900997393, -5.830296744513924, -5.830296744513924, -5.830296744513924, -5.830296744513924, -5.561162692839116, -5.561162692839116, -5.830296744513924, -5.830296744513924, -5.448784051950554, -6.445589554536879, -5.830296744513924, -6.445589554536879, -5.830296744513924, -6.214499946699406, -4.561176470588238, -4.561176470588238, -4.561176470588238, -4.561176470588238, -5.064942339384613, -5.064942339384613, -5.064942339384613, -5.064942339384613, -5.064942339384613, -5.064942339384613, -5.064942339384613, -5.064942339384613, -5.064942339384613, -5.020442824153833, -5.020442824153833, -4.561176470588238, -4.561176470588238, -4.561176470588238, -5.494967714353762, -5.100314820597221, -5.064942339384613, -7.31173828482545, -6.467393413623124, -5.751499790456084, -5.751499790456084, -6.467393413623124, -5.732016001928545, -6.467393413623124, -6.353390088416848, -6.467393413623124, -5.960000000000013, -6.0933333333333435, -6.0933333333333435, -6.344785986384956, -6.344785986384956, -5.703124999999999, -5.8741072176942515, -6.467393413623124, -6.467393413623124, -6.467393413623124, -6.505331356800872, -6.467393413623124, -6.166956955127489, -6.0933333333333435, -6.467393413623124, -5.703124999999999, -6.467393413623124, -6.467393413623124, -6.467393413623124, -6.166956955127489, -5.970000000000005, -6.467393413623124, -6.467393413623124, -6.467393413623124, -5.703124999999999, -6.467393413623124, -6.467393413623124, -6.467393413623124, -6.230782661178679, -6.467393413623124, -6.344785986384956, -7.015242527637824, -6.467393413623124, -6.330969901696786, -5.8741072176942515, -6.467393413623124, -6.166956955127489, -6.467393413623124, -6.467393413623124, -6.467393413623124, -7.015242527637824, -6.609286032298682, -6.467393413623124, -6.166956955127489, -6.467393413623124, -6.467393413623124, -6.467393413623124, -6.467393413623124, -5.970000000000005, -6.467393413623124, -6.467393413623124, -6.467393413623124, -6.467393413623124, -6.000000000000001, -6.467393413623124, -6.467393413623124, -6.166956955127489, -6.467393413623124, -6.467393413623124, -6.467393413623124, -6.467393413623124, -6.467393413623124, -6.467393413623124, -6.467393413623124, -6.467393413623124, -6.538816664652958, -5.703124999999999, -6.467393413623124, -6.467393413623124, -7.147631081899958, -6.344785986384956, -6.112750270775002, -6.467393413623124, -6.467393413623124, -5.8741072176942515, -6.467393413623124, -6.467393413623124, -6.000000000000001, -6.467393413623124, -6.467393413623124, -5.703124999999999, -5.703124999999999, -6.467393413623124, -6.467393413623124, -6.467393413623124, -6.467393413623124, -6.000000000000001, -6.467393413623124, -7.147631081899958, -5.804708899747573, -6.467393413623124, -6.467393413623124, -6.467393413623124, -6.467393413623124, -6.467393413623124, -6.467393413623124, -6.467393413623124, -6.467393413623124, -6.171720501776413, -6.467393413623124, -6.976297634327521, -6.171720501776413, -6.467393413623124, -6.467393413623124, -6.467393413623124, -6.834405015651964, -6.467393413623124, -6.467393413623124, -6.467393413623124, -6.467393413623124, -6.467393413623124, -6.834405015651964, -6.467393413623124, -6.467393413623124, -6.467393413623124, -6.467393413623124, -6.467393413623124, -6.467393413623124, -6.467393413623124, -6.834405015651964, -6.467393413623124, -6.467393413623124, -6.467393413623124, -6.467393413623124, -5.938496474776776, -6.467393413623124, -6.188453192831422, -6.467393413623124, -6.467393413623124, -6.467393413623124, -6.467393413623124, -6.467393413623124, -6.467393413623124, -6.467393413623124, -6.12080828201636, -6.467393413623124, -6.467393413623124, -6.467393413623124, -6.467393413623124, -6.2341693866234875, -5.79533344699408, -6.2341693866234875, -5.6818587285558655, -5.703124999999999, -5.475844679772277, -6.2341693866234875, -6.467393413623124, -6.467393413623124, -6.070136602028839, -6.467393413623124, -6.467393413623124, -6.467393413623124, -6.467393413623124, -6.467393413623124, -5.703124999999999, -5.703124999999999, -6.467393413623124, -5.475844679772277, -5.475844679772277, -5.475844679772277, -5.475844679772277, -5.473624969229112, -6.137697118993253, -5.904053574994468, -5.904053574994468, -6.12080828201636, -5.904053574994468, -5.904053574994468, -5.473624969229112, -5.904053574994468, -5.904053574994468, -5.904053574994468, -5.904053574994468, -5.904053574994468, -5.904053574994468, -6.467393413623124, -6.467393413623124, -6.418600849150433, -6.467393413623124, -5.475844679772277, -4.953713515937756, -4.564444444444442, -4.953713515937756, -5.475844679772277, -4.564444444444442, -4.564444444444442, -5.087322280737401, -5.087322280737401, -4.564444444444442, -4.564444444444442, -4.564444444444442, -5.087322280737401, -6.454192312428082, -7.248375586447573, -5.664811296018314, -7.38604068925405, -5.773412868607194, -6.454192312428082, -6.454192312428082, -6.454192312428082, -5.300000000000006, -6.316527209621605, -5.91107797141367, -5.664811296018314, -6.454192312428082, -6.454192312428082, -6.454192312428082, -6.454192312428082, -6.454192312428082, -6.316527209621605, -6.283012570871752, -5.773412868607194, -6.381771921035612, -6.454192312428082, -5.91107797141367, -6.167412267081915, -6.316527209621605, -6.454192312428082, -6.454192312428082, -6.316527209621605, -6.454192312428082, -6.454192312428082, -5.664811296018314, -5.91107797141367, -5.91107797141367, -5.91107797141367, -6.167412267081915, -6.454192312428082, -6.454192312428082, -6.454192312428082, -6.454192312428082, -6.454192312428082, -6.454192312428082, -6.454192312428082, -6.454192312428082, -6.167412267081915, -6.454192312428082, -6.454192312428082, -6.454192312428082, -6.454192312428082, -5.8608313923354345, -6.454192312428082, -6.454192312428082, -6.454192312428082, -6.316527209621605, -5.664811296018314, -6.454192312428082, -6.454192312428082, -6.454192312428082, -5.712499999999989, -6.316527209621605, -5.664811296018314, -6.454192312428082, -6.311079352244954, -6.454192312428082, -6.454192312428082, -6.454192312428082, -6.454192312428082, -6.324, -6.339980582959762, -6.454192312428082, -6.454192312428082, -6.167412267081915, -6.454192312428082, -6.454192312428082, -6.454192312428082, -6.454192312428082, -6.454192312428082, -6.454192312428082, -6.4052252943737695, -6.454192312428082, -6.316527209621605, -6.454192312428082, -6.454192312428082, -6.454192312428082, -6.302169742611716, -6.316527209621605, -6.316527209621605, -6.316527209621605, -5.8608313923354345, -6.064347318088802, -6.064347318088802, -6.454192312428082, -6.454192312428082, -6.196867622776635, -7.14899491901831, -6.454192312428082, -6.454192312428082, -6.4052252943737695, -6.454192312428082, -6.454192312428082, -6.454192312428082, -6.454192312428082, -6.454192312428082, -6.795070288713049, -6.795070288713049, -6.454192312428082, -6.024299306898788, -6.454192312428082, -6.454192312428082, -6.454192312428082, -6.454192312428082, -7.14899491901831, -6.815494354816877, -6.519437023842088, -6.815494354816877, -6.454192312428082, -6.311079352244954, -5.8608313923354345, -6.454192312428082, -6.454192312428082, -6.454192312428082, -6.454192312428082, -6.454192312428082, -5.532943320553493, -6.311079352244954, -6.454192312428082, -6.454192312428082, -6.454192312428082, -6.454192312428082, -6.454192312428082, -6.454192312428082, -6.454192312428082, -5.452282752097995, -6.454192312428082, -6.454192312428082, -6.454192312428082, -5.808997725550718, -6.454192312428082, -6.454192312428082, -6.528346633475326, -5.452282752097995, -6.454192312428082, -5.452282752097995, -6.454192312428082, -6.454192312428082, -6.454192312428082, -6.454192312428082, -5.452282752097995, -6.454192312428082, -6.454192312428082, -6.454192312428082, -6.454192312428082, -5.452282752097995, -6.454192312428082, -6.454192312428082, -6.454192312428082, -6.454192312428082, -6.454192312428082, -5.452282752097995, -6.454192312428082, -6.454192312428082, -6.454192312428082, -5.452282752097995, -5.440376787425027, -5.866761184511366, -5.452282752097995, -5.472499999999998, -5.472499999999998, -5.826292054461758, -5.826292054461758, -5.585110318303689, -5.472499999999998, -5.808997725550718, -4.554999999999998, -5.826292054461758, -5.472499999999998, -5.472499999999998, -5.826292054461758, -5.826292054461758, -5.826292054461758, -5.826292054461758, -6.128617427815852, -6.2645047540861825, -5.826292054461758, -5.826292054461758, -5.452282752097995, -6.2645047540861825, -5.826292054461758, -5.826292054461758, -5.080128185202227, -5.452282752097995, -4.573157894736842, -4.573157894736842, -5.023268193066022, -5.023268193066022, -5.023268193066022, -5.023268193066022, -4.573157894736842, -4.573157894736842, -4.573157894736842, -5.023268193066022, -5.023268193066022, -6.448291163898323, -7.2478123886177865, -7.340312685637034, -6.448291163898323, -6.355790866879074, -6.448291163898323, -6.589121222333695, -6.448291163898323, -6.448291163898323, -6.126894192748557, -6.264636722126447, -6.355790866879074, -5.852473459812051, -6.448291163898323, -6.448291163898323, -5.928947462216603, -6.448291163898323, -6.126894192748557, -6.355790866879074, -6.355790866879074, -5.836447165197354, -6.448291163898323, -6.448291163898323, -5.740000000000006, -6.355790866879074, -5.692499999999997, -6.448291163898323, -6.448291163898323, -6.448291163898323, -5.928947462216603, -6.355790866879074, -6.355790866879074, -6.448291163898323, -6.126894192748557, -6.448291163898323, -6.448291163898323, -6.448291163898323, -6.126894192748557, -6.448291163898323, -6.264636722126447, -6.355790866879074, -6.448291163898323, -6.448291163898323, -5.852473459812051, -6.355790866879074, -7.089892637285186, -6.126894192748557, -6.357137019145695, -5.928947462216603, -6.448291163898323, -6.448291163898323, -6.448291163898323, -6.448291163898323, -6.448291163898323, -6.448291163898323, -6.355790866879074, -6.355790866879074, -6.515104199645177, -5.692499999999997, -6.448291163898323, -6.448291163898323, -6.448291163898323, -6.448291163898323, -5.928947462216603, -6.448291163898323, -6.126894192748557, -6.448291163898323, -6.2348449066131515, -7.089892637285186, -6.448291163898323, -5.906666666666667, -6.355790866879074, -6.448291163898323, -6.448291163898323, -6.448291163898323, -6.448291163898323, -6.448291163898323, -6.448291163898323, -6.448291163898323, -6.448291163898323, -6.448291163898323, -6.649859344152701, -6.448291163898323, -6.448291163898323, -6.448291163898323, -5.492592375148149, -6.448291163898323, -6.078574355244461, -6.448291163898323, -6.448291163898323, -6.448291163898323, -6.448291163898323, -6.448291163898323, -6.448291163898323, -5.852473459812051, -6.448291163898323, -6.448291163898323, -6.448291163898323, -6.448291163898323, -6.448291163898323, -6.448291163898323, -6.448291163898323, -6.448291163898323, -6.448291163898323, -6.448291163898323, -6.394158239379254, -6.763875048033116, -6.763875048033116, -6.448291163898323, -5.926986567896709, -6.763875048033116, -6.448291163898323, -6.448291163898323, -6.448291163898323, -4.2169806105721515, -6.3273452036324, -6.448291163898323, -6.3273452036324, -6.448291163898323, -6.448291163898323, -6.448291163898323, -5.466625602234433, -6.448291163898323, -6.448291163898323, -6.448291163898323, -6.194250614527407, -6.448291163898323, -6.448291163898323, -6.448291163898323, -6.448291163898323, -6.448291163898323, -6.448291163898323, -6.448291163898323, -6.248383539046475, -6.448291163898323, -6.448291163898323, -6.448291163898323, -6.448291163898323, -6.448291163898323, -6.448291163898323, -6.448291163898323, -5.852473459812051, -5.513331697768292, -6.448291163898323, -6.448291163898323, -6.448291163898323, -6.248383539046475, -6.448291163898323, -5.513331697768292, -6.448291163898323, -6.448291163898323, -5.513331697768292, -6.448291163898323, -6.448291163898323, -5.513331697768292, -6.448291163898323, -5.513331697768292, -6.448291163898323, -5.513331697768292, -5.513331697768292, -5.513331697768292, -5.643062993493775, -5.720444555171863, -5.720444555171863, -5.880011373386666, -5.648483139795272, -5.880011373386666, -5.880011373386666, -5.880011373386666, -5.880011373386666, -5.880011373386666, -5.720444555171863, -5.648483139795272, -5.549999999999996, -5.549999999999996, -5.880011373386666, -5.880011373386666, -6.100943866868871, -6.100943866868871, -6.100943866868871, -6.3273452036324, -6.3273452036324, -5.880011373386666, -5.880011373386666, -6.448291163898323, -6.448291163898323, -5.513331697768292, -5.513331697768292, -5.157775138048699, -5.513331697768292, -5.513331697768292, -4.541818181818182, -5.017540698422817, -5.017540698422817, -5.017540698422817, -5.017540698422817, -5.017540698422817, -5.017540698422817, -5.017540698422817, -4.541818181818182, -5.017540698422818]","0     -7.22
1     -6.21
2     -7.24
3     -5.92
4     -5.96
       ... 
247   -6.00
248   -3.99
249   -5.24
250   -4.77
251   -4.71
Name: Permeability, Length: 252, dtype: float64","[array([-6.46219525, -5.86779096, -6.46219525, -5.85      , -5.88      ,
       -7.24531612, -5.94277992, -7.24531612, -6.71413121, -6.33039204,
       -6.33039204, -6.46219525, -5.88      , -6.46219525, -4.74558688,
       -5.61609649, -6.295     , -6.33039204, -5.72789186, -6.46219525,
       -5.8875    , -6.46219525, -6.46219525, -6.62961492, -5.53666667,
       -6.33039204, -6.46219525, -6.46219525, -6.1393884 , -6.33039204,
       -6.05835617, -6.46219525, -6.46219525, -6.33039204, -6.46219525,
       -6.33039204, -6.46219525, -6.19015937, -6.46219525, -5.94277992,
       -6.1393884 , -6.46219525, -6.1393884 , -6.62961492, -6.80834063,
       -6.99243258, -6.33039204, -6.46219525, -6.46219525, -6.46219525,
       -6.90830137, -6.33039204, -5.86779096, -6.46219525, -6.1393884 ,
       -6.46219525, -6.46219525, -6.33039204, -4.74558688, -6.71937671,
       -6.1393884 , -6.33039204, -6.32647848, -5.72789186, -6.33039204,
       -6.4503772 , -9.3830629 , -6.46219525, -6.46219525, -6.46219525,
       -6.46219525, -6.46219525, -6.46219525, -6.46219525, -6.295     ,
       -6.33039204, -6.32647848, -6.46219525, -6.46219525, -6.46219525,
       -6.1393884 , -5.86779096, -6.46219525, -6.46219525, -6.46219525,
       -6.46219525, -6.46219525, -5.8875    , -6.46219525, -6.46219525,
       -6.67471663, -7.14968532, -5.94277992, -6.32647848, -6.77820463,
       -7.14968532, -6.46219525, -6.46219525, -6.46219525, -6.46219525,
       -6.46219525, -6.46219525, -7.14968532, -6.46219525, -6.33039204,
       -6.46219525, -6.46219525, -6.46219525, -6.46219525, -6.46219525,
       -5.94277992, -6.32647848, -6.46219525, -6.46219525, -6.15342823,
       -6.16249292, -6.46219525, -6.46219525, -6.46219525, -6.46219525,
       -6.46219525, -6.46219525, -6.16249292, -6.46219525, -5.42818953,
       -6.4106097 , -6.46219525, -6.46219525, -6.46219525, -6.46219525,
       -6.46219525, -7.14968532, -6.02677616, -6.46219525, -6.46219525,
       -6.46219525, -6.46219525, -6.46219525, -6.46219525, -6.41452326,
       -6.46219525, -6.78962346, -6.02677616, -7.14968532, -6.71937671,
       -6.54632647, -6.46219525, -5.83968608, -6.16249292, -6.46219525,
       -6.46219525, -6.71937671, -6.16249292, -5.43395757, -6.46219525,
       -6.46219525, -6.46219525, -6.46219525, -6.00873691, -6.46219525,
       -6.46219525, -6.46219525, -6.46219525, -6.46219525, -6.46219525,
       -6.46219525, -6.46219525, -6.46219525, -6.46219525, -6.71937671,
       -6.46219525, -5.43395757, -6.46219525, -6.46219525, -6.46219525,
       -6.16249292, -6.46219525, -6.46219525, -6.41967439, -6.38      ,
       -5.94277992, -6.46219525, -6.46219525, -6.16249292, -5.43395757,
       -6.46219525, -6.46219525, -6.71937671, -6.46219525, -5.94277992,
       -6.46219525, -6.46219525, -5.94277992, -5.43395757, -6.46219525,
       -5.94277992, -6.46219525, -5.43395757, -6.46219525, -6.46219525,
       -6.46219525, -6.46219525, -6.46219525, -5.43395757, -5.47074614,
       -6.17634723, -5.74325932, -6.1528935 , -5.71903846, -5.65172395,
       -6.03211649, -6.35404374, -6.03211649, -6.03211649, -6.03211649,
       -5.71903846, -5.65172395, -6.14999366, -4.88666667, -5.51724602,
       -5.65172395, -6.34453403, -6.03211649, -6.03211649, -6.03211649,
       -6.03211649, -6.03211649, -6.45106027, -6.03211649, -6.03211649,
       -6.03211649, -6.46219525, -6.46219525, -6.24662414, -4.5525    ,
       -4.82307294, -4.5525    , -4.82307294, -5.43395757, -4.5525    ,
       -4.40796819, -5.08818655, -5.08818655, -5.08818655, -5.08818655,
       -5.08818655, -5.08818655, -4.5525    , -4.5525    , -4.5525    ,
       -4.5525    , -5.08818655]), array([-6.44558955, -5.90550756, -6.44558955, -6.33643061, -6.05446591,
       -7.22922156, -5.84820378, -7.22922156, -6.24635986, -6.29714644,
       -6.29714644, -6.44558955, -6.05446591, -6.44558955, -4.39149309,
       -5.14777645, -6.25666667, -6.29714644, -5.73492994, -6.44558955,
       -5.805     , -6.44558955, -6.44558955, -6.44220319, -5.69333333,
       -6.29714644, -6.44558955, -6.44558955, -6.15118868, -6.29714644,
       -6.28873131, -6.44558955, -6.44558955, -6.29714644, -6.44558955,
       -6.29714644, -6.44558955, -6.43717442, -6.44558955, -5.84820378,
       -6.15118868, -6.44558955, -6.15118868, -6.44220319, -6.69279755,
       -6.81383024, -6.29714644, -6.44558955, -6.44558955, -6.44558955,
       -6.92581697, -6.29714644, -5.90550756, -6.44558955, -6.15118868,
       -6.44558955, -6.44558955, -6.29714644, -4.39149309, -6.77869882,
       -6.15118868, -6.29714644, -6.42800984, -5.73492994, -6.29714644,
       -5.65661363, -8.47266187, -6.44558955, -6.44558955, -6.44558955,
       -6.44558955, -6.44558955, -6.44558955, -6.44558955, -6.25666667,
       -6.29714644, -6.42800984, -6.44558955, -6.44558955, -6.44558955,
       -6.15118868, -5.90550756, -6.44558955, -6.44558955, -6.44558955,
       -6.44558955, -6.44558955, -5.805     , -6.44558955, -6.44558955,
       -6.71876722, -7.16274385, -5.84820378, -6.42800984, -6.77314625,
       -7.16274385, -6.44558955, -6.44558955, -6.44558955, -6.44558955,
       -6.44558955, -6.44558955, -7.16274385, -6.44558955, -6.29714644,
       -6.44558955, -6.44558955, -6.44558955, -6.44558955, -6.44558955,
       -5.84820378, -6.42800984, -6.44558955, -6.44558955, -5.98291384,
       -6.26143031, -6.44558955, -6.44558955, -6.44558955, -6.44558955,
       -6.44558955, -6.44558955, -6.26143031, -6.44558955, -5.55077069,
       -6.31602311, -6.44558955, -6.44558955, -6.44558955, -6.44558955,
       -6.44558955, -7.16274385, -6.2438506 , -6.44558955, -6.44558955,
       -6.44558955, -6.44558955, -6.44558955, -6.44558955, -6.18515971,
       -6.44558955, -6.85498269, -6.2438506 , -7.16274385, -6.77869882,
       -6.33360282, -6.44558955, -5.96702944, -6.26143031, -6.44558955,
       -6.44558955, -6.77869882, -6.26143031, -5.49547941, -6.44558955,
       -6.44558955, -6.44558955, -6.44558955, -6.03332317, -6.44558955,
       -6.44558955, -6.44558955, -6.44558955, -6.44558955, -6.44558955,
       -6.44558955, -6.44558955, -6.44558955, -6.44558955, -6.77869882,
       -6.44558955, -5.49547941, -6.44558955, -6.44558955, -6.44558955,
       -6.26143031, -6.44558955, -6.44558955, -6.59453957, -6.38      ,
       -5.84820378, -6.44558955, -6.44558955, -6.26143031, -5.49547941,
       -6.44558955, -6.44558955, -6.77869882, -6.44558955, -5.84820378,
       -6.44558955, -6.44558955, -5.84820378, -5.49547941, -6.44558955,
       -5.84820378, -6.44558955, -5.49547941, -6.44558955, -6.44558955,
       -6.44558955, -6.44558955, -6.44558955, -5.49547941, -5.44133657,
       -5.95243088, -5.89720821, -6.04386076, -5.56116269, -5.44878405,
       -5.83029674, -6.3285997 , -5.83029674, -5.83029674, -5.83029674,
       -5.56116269, -5.44878405, -6.07855684, -4.88666667, -5.60407978,
       -5.44878405, -5.53866533, -5.83029674, -5.83029674, -5.83029674,
       -5.83029674, -5.83029674, -6.21449995, -5.83029674, -5.83029674,
       -5.83029674, -6.44558955, -6.44558955, -6.14944358, -4.56117647,
       -5.02044282, -4.56117647, -5.02044282, -5.49547941, -4.56117647,
       -4.5354629 , -5.06494234, -5.06494234, -5.06494234, -5.06494234,
       -5.06494234, -5.06494234, -4.56117647, -4.56117647, -4.56117647,
       -4.56117647, -5.06494234]), array([-6.46739341, -5.87410722, -6.46739341, -5.85      , -5.88      ,
       -7.31173828, -5.703125  , -7.31173828, -6.42999916, -6.34478599,
       -6.34478599, -6.46739341, -5.88      , -6.46739341, -4.74395657,
       -5.45130203, -6.09333333, -6.34478599, -5.732016  , -6.46739341,
       -5.97      , -6.46739341, -6.46739341, -6.53881666, -5.654     ,
       -6.34478599, -6.46739341, -6.46739341, -6.16695696, -6.34478599,
       -6.23078266, -6.46739341, -6.46739341, -6.34478599, -6.46739341,
       -6.34478599, -6.46739341, -6.35339009, -6.46739341, -5.703125  ,
       -6.16695696, -6.46739341, -6.16695696, -6.53881666, -6.74186233,
       -6.96952633, -6.34478599, -6.46739341, -6.46739341, -6.46739341,
       -7.01524253, -6.34478599, -5.87410722, -6.46739341, -6.16695696,
       -6.46739341, -6.46739341, -6.34478599, -4.74395657, -6.83440502,
       -6.16695696, -6.34478599, -6.2174367 , -5.732016  , -6.34478599,
       -5.73142325, -8.1642658 , -6.46739341, -6.46739341, -6.46739341,
       -6.46739341, -6.46739341, -6.46739341, -6.46739341, -6.09333333,
       -6.34478599, -6.2174367 , -6.46739341, -6.46739341, -6.46739341,
       -6.16695696, -5.87410722, -6.46739341, -6.46739341, -6.46739341,
       -6.46739341, -6.46739341, -5.97      , -6.46739341, -6.46739341,
       -6.7086061 , -7.14763108, -5.703125  , -6.2174367 , -6.60928603,
       -7.14763108, -6.46739341, -6.46739341, -6.46739341, -6.46739341,
       -6.46739341, -6.46739341, -7.14763108, -6.46739341, -6.34478599,
       -6.46739341, -6.46739341, -6.46739341, -6.46739341, -6.46739341,
       -5.703125  , -6.2174367 , -6.46739341, -6.46739341, -5.8047089 ,
       -6.23416939, -6.46739341, -6.46739341, -6.46739341, -6.46739341,
       -6.46739341, -6.46739341, -6.23416939, -6.46739341, -5.49879197,
       -6.1717205 , -6.46739341, -6.46739341, -6.46739341, -6.46739341,
       -6.46739341, -7.14763108, -5.98421267, -6.46739341, -6.46739341,
       -6.46739341, -6.46739341, -6.46739341, -6.46739341, -6.29906979,
       -6.46739341, -6.81178289, -5.98421267, -7.14763108, -6.83440502,
       -6.42167722, -6.46739341, -5.93373293, -6.23416939, -6.46739341,
       -6.46739341, -6.83440502, -6.23416939, -5.47584468, -6.46739341,
       -6.46739341, -6.46739341, -6.46739341, -5.8706025 , -6.46739341,
       -6.46739341, -6.46739341, -6.46739341, -6.46739341, -6.46739341,
       -6.46739341, -6.46739341, -6.46739341, -6.46739341, -6.83440502,
       -6.46739341, -5.47584468, -6.46739341, -6.46739341, -6.46739341,
       -6.23416939, -6.46739341, -6.46739341, -6.60118099, -5.68185873,
       -5.703125  , -6.46739341, -6.46739341, -6.23416939, -5.47584468,
       -6.46739341, -6.46739341, -6.83440502, -6.46739341, -5.703125  ,
       -6.46739341, -6.46739341, -5.703125  , -5.47584468, -6.46739341,
       -5.703125  , -6.46739341, -5.47584468, -6.46739341, -6.46739341,
       -6.46739341, -6.46739341, -6.46739341, -5.47584468, -5.41116324,
       -6.05954701, -5.93451379, -6.00872431, -5.68923554, -5.47362497,
       -5.90405357, -6.27735822, -5.90405357, -5.90405357, -5.90405357,
       -5.68923554, -5.47362497, -6.12080828, -4.88666667, -5.59298412,
       -5.47362497, -5.56296386, -5.90405357, -5.90405357, -5.90405357,
       -5.90405357, -5.90405357, -6.41860085, -5.90405357, -5.90405357,
       -5.90405357, -6.46739341, -6.46739341, -6.18845319, -4.56444444,
       -4.95371352, -4.56444444, -4.95371352, -5.47584468, -4.56444444,
       -4.84118634, -5.08732228, -5.08732228, -5.08732228, -5.08732228,
       -5.08732228, -5.08732228, -4.56444444, -4.56444444, -4.56444444,
       -4.56444444, -5.08732228]), array([-6.45419231, -5.91107797, -6.45419231, -5.85      , -5.88      ,
       -7.38604069, -5.86083139, -7.38604069, -6.58564923, -6.31652721,
       -6.31652721, -6.45419231, -5.88      , -6.45419231, -4.71637531,
       -5.46404596, -6.324     , -6.31652721, -5.6648113 , -6.45419231,
       -5.8875    , -6.45419231, -6.45419231, -6.30216974, -5.7125    ,
       -6.31652721, -6.45419231, -6.45419231, -6.16741227, -6.31652721,
       -6.28301257, -6.45419231, -6.45419231, -6.31652721, -6.45419231,
       -6.31652721, -6.45419231, -6.42067767, -6.45419231, -5.86083139,
       -6.16741227, -6.45419231, -6.16741227, -6.30216974, -6.65175127,
       -7.04395039, -6.31652721, -6.45419231, -6.45419231, -6.45419231,
       -6.97870568, -6.31652721, -5.91107797, -6.45419231, -6.16741227,
       -6.45419231, -6.45419231, -6.31652721, -4.71637531, -6.79507029,
       -6.16741227, -6.31652721, -6.33998058, -5.6648113 , -6.31652721,
       -5.50797743, -8.28216463, -6.45419231, -6.45419231, -6.45419231,
       -6.45419231, -6.45419231, -6.45419231, -6.45419231, -6.324     ,
       -6.31652721, -6.33998058, -6.45419231, -6.45419231, -6.45419231,
       -6.16741227, -5.91107797, -6.45419231, -6.45419231, -6.45419231,
       -6.45419231, -6.45419231, -5.8875    , -6.45419231, -6.45419231,
       -6.7533974 , -7.14899492, -5.86083139, -6.33998058, -6.68923466,
       -7.14899492, -6.45419231, -6.45419231, -6.45419231, -6.45419231,
       -6.45419231, -6.45419231, -7.14899492, -6.45419231, -6.31652721,
       -6.45419231, -6.45419231, -6.45419231, -6.45419231, -6.45419231,
       -5.86083139, -6.33998058, -6.45419231, -6.45419231, -6.06434732,
       -6.31107935, -6.45419231, -6.45419231, -6.45419231, -6.45419231,
       -6.45419231, -6.45419231, -6.31107935, -6.45419231, -5.52169834,
       -6.40522529, -6.45419231, -6.45419231, -6.45419231, -6.45419231,
       -6.45419231, -7.14899492, -6.19686762, -6.45419231, -6.45419231,
       -6.45419231, -6.45419231, -6.45419231, -6.45419231, -6.38177192,
       -6.45419231, -6.81549435, -6.19686762, -7.14899492, -6.79507029,
       -6.51943702, -6.45419231, -6.02429931, -6.31107935, -6.45419231,
       -6.45419231, -6.79507029, -6.31107935, -5.45228275, -6.45419231,
       -6.45419231, -6.45419231, -6.45419231, -6.21538316, -6.45419231,
       -6.45419231, -6.45419231, -6.45419231, -6.45419231, -6.45419231,
       -6.45419231, -6.45419231, -6.45419231, -6.45419231, -6.79507029,
       -6.45419231, -5.45228275, -6.45419231, -6.45419231, -6.45419231,
       -6.31107935, -6.45419231, -6.45419231, -6.65195733, -6.38      ,
       -5.86083139, -6.45419231, -6.45419231, -6.31107935, -5.45228275,
       -6.45419231, -6.45419231, -6.79507029, -6.45419231, -5.86083139,
       -6.45419231, -6.45419231, -5.86083139, -5.45228275, -6.45419231,
       -5.86083139, -6.45419231, -5.45228275, -6.45419231, -6.45419231,
       -6.45419231, -6.45419231, -6.45419231, -5.45228275, -5.42862243,
       -6.02170245, -6.00612529, -5.90034977, -5.58511032, -5.4725    ,
       -5.82629205, -6.45897413, -5.82629205, -5.82629205, -5.82629205,
       -5.58511032, -5.4725    , -5.80899773, -4.555     , -5.23501547,
       -5.4725    , -5.33629983, -5.82629205, -5.82629205, -5.82629205,
       -5.82629205, -5.82629205, -6.37557204, -5.82629205, -5.82629205,
       -5.82629205, -6.45419231, -6.45419231, -6.37632406, -4.57315789,
       -5.08012819, -4.57315789, -5.08012819, -5.45228275, -4.57315789,
       -4.32114714, -5.02326819, -5.02326819, -5.02326819, -5.02326819,
       -5.02326819, -5.02326819, -4.57315789, -4.57315789, -4.57315789,
       -4.57315789, -5.02326819]), array([-6.44829116, -5.92894746, -6.44829116, -5.85      , -5.88      ,
       -7.34031269, -5.85247346, -7.34031269, -6.46817526, -6.35579087,
       -6.35579087, -6.44829116, -5.88      , -6.44829116, -4.65378203,
       -5.51817026, -6.25666667, -6.35579087, -5.6925    , -6.44829116,
       -5.8875    , -6.44829116, -6.44829116, -6.30180627, -5.654     ,
       -6.35579087, -6.44829116, -6.44829116, -6.12689419, -6.35579087,
       -6.26463672, -6.44829116, -6.44829116, -6.35579087, -6.44829116,
       -6.35579087, -6.44829116, -6.35713702, -6.44829116, -5.85247346,
       -6.12689419, -6.44829116, -6.12689419, -6.30180627, -4.41688824,
       -6.82449379, -6.35579087, -6.44829116, -6.44829116, -6.44829116,
       -6.94543975, -6.35579087, -5.92894746, -6.44829116, -6.12689419,
       -6.44829116, -6.44829116, -6.35579087, -4.65378203, -6.76387505,
       -6.12689419, -6.35579087, -6.5151042 , -5.6925    , -6.35579087,
       -5.51351511, -7.99776507, -6.44829116, -6.44829116, -6.44829116,
       -6.44829116, -6.44829116, -6.44829116, -6.44829116, -6.25666667,
       -6.35579087, -6.5151042 , -6.44829116, -6.44829116, -6.44829116,
       -6.12689419, -5.92894746, -6.44829116, -6.44829116, -6.44829116,
       -6.44829116, -6.44829116, -5.8875    , -6.44829116, -6.44829116,
       -6.64194174, -7.08989264, -5.85247346, -6.5151042 , -6.71567026,
       -7.08989264, -6.44829116, -6.44829116, -6.44829116, -6.44829116,
       -6.44829116, -6.44829116, -7.08989264, -6.44829116, -6.35579087,
       -6.44829116, -6.44829116, -6.44829116, -6.44829116, -6.44829116,
       -5.85247346, -6.5151042 , -6.44829116, -6.44829116, -6.07857436,
       -6.24838354, -6.44829116, -6.44829116, -6.44829116, -6.44829116,
       -6.44829116, -6.44829116, -6.24838354, -6.44829116, -5.49259238,
       -6.39415824, -6.44829116, -6.44829116, -6.44829116, -6.44829116,
       -6.44829116, -7.08989264, -6.31519657, -6.44829116, -6.44829116,
       -6.44829116, -6.44829116, -6.44829116, -6.44829116, -6.23484491,
       -6.44829116, -6.82288836, -6.31519657, -7.08989264, -6.76387505,
       -6.3273452 , -6.44829116, -5.92698657, -6.24838354, -6.44829116,
       -6.44829116, -6.76387505, -6.24838354, -5.5133317 , -6.44829116,
       -6.44829116, -6.44829116, -6.44829116, -5.93427351, -6.44829116,
       -6.44829116, -6.44829116, -6.44829116, -6.44829116, -6.44829116,
       -6.44829116, -6.44829116, -6.44829116, -6.44829116, -6.76387505,
       -6.44829116, -5.5133317 , -6.44829116, -6.44829116, -6.44829116,
       -6.24838354, -6.44829116, -6.44829116, -6.56396742, -6.38      ,
       -5.85247346, -6.44829116, -6.44829116, -6.24838354, -5.5133317 ,
       -6.44829116, -6.44829116, -6.76387505, -6.44829116, -5.85247346,
       -6.44829116, -6.44829116, -5.85247346, -5.5133317 , -6.44829116,
       -5.85247346, -6.44829116, -5.5133317 , -6.44829116, -6.44829116,
       -6.44829116, -6.44829116, -6.44829116, -5.5133317 , -5.33097636,
       -5.84235439, -6.31855987, -5.64306299, -5.72044456, -5.64848314,
       -5.88001137, -6.18497208, -5.88001137, -5.88001137, -5.88001137,
       -5.72044456, -5.64848314, -6.19461451, -5.55      , -5.48779277,
       -5.64848314, -5.33281667, -5.88001137, -5.88001137, -5.88001137,
       -5.88001137, -5.88001137, -6.30744049, -5.88001137, -5.88001137,
       -5.88001137, -6.44829116, -6.44829116, -6.12743758, -4.54181818,
       -5.15777514, -4.54181818, -5.15777514, -5.5133317 , -4.54181818,
       -4.24531394, -5.0175407 , -5.0175407 , -5.0175407 , -5.0175407 ,
       -5.0175407 , -5.0175407 , -4.54181818, -4.54181818, -4.54181818,
       -4.54181818, -5.0175407 ])]","[-6.45553234 -5.89748623 -6.45553234 -5.94728612 -5.91489318 -7.30252587
 -5.84148271 -7.30252587 -6.48886294 -6.32892851 -6.32892851 -6.45553234
 -5.91489318 -6.45553234 -4.65023878 -5.43947824 -6.24513333 -6.32892851
 -5.71042982 -6.45553234 -5.8875     -6.45553234 -6.45553234 -6.44292216
 -5.6501     -6.32892851 -6.45553234 -6.45553234 -6.1503681  -6.32892851
 -6.22510389 -6.45553234 -6.45553234 -6.32892851 -6.45553234 -6.32892851
 -6.45553234 -6.35170771 -6.45553234 -5.84148271 -6.1503681  -6.45553234
 -6.1503681  -6.44292216 -6.262328   -6.92884667 -6.32892851 -6.45553234
 -6.45553234 -6.45553234 -6.95470126 -6.32892851 -5.89748623 -6.45553234
 -6.1503681  -6.45553234 -6.45553234 -6.32892851 -4.65023878 -6.77828518
 -6.1503681  -6.32892851 -6.36540196 -5.71042982 -6.32892851 -5.77198133
 -8.45998405 -6.45553234 -6.45553234 -6.45553234 -6.45553234 -6.45553234
 -6.45553234 -6.45553234 -6.24513333 -6.32892851 -6.36540196 -6.45553234
 -6.45553234 -6.45553234 -6.1503681  -5.89748623 -6.45553234 -6.45553234
 -6.45553234 -6.45553234 -6.45553234 -5.8875     -6.45553234 -6.45553234
 -6.69948582 -7.13978956 -5.84148271 -6.36540196 -6.71310837 -7.13978956
 -6.45553234 -6.45553234 -6.45553234 -6.45553234 -6.45553234 -6.45553234
 -7.13978956 -6.45553234 -6.32892851 -6.45553234 -6.45553234 -6.45553234
 -6.45553234 -6.45553234 -5.84148271 -6.36540196 -6.45553234 -6.45553234
 -6.01679453 -6.2435111  -6.45553234 -6.45553234 -6.45553234 -6.45553234
 -6.45553234 -6.45553234 -6.2435111  -6.45553234 -5.49840858 -6.33954737
 -6.45553234 -6.45553234 -6.45553234 -6.45553234 -6.45553234 -7.13978956
 -6.15338072 -6.45553234 -6.45553234 -6.45553234 -6.45553234 -6.45553234
 -6.45553234 -6.30307392 -6.45553234 -6.81895435 -6.15338072 -7.13978956
 -6.77828518 -6.42967775 -6.45553234 -5.93834686 -6.2435111  -6.45553234
 -6.45553234 -6.77828518 -6.2435111  -5.47417922 -6.45553234 -6.45553234
 -6.45553234 -6.45553234 -6.01246385 -6.45553234 -6.45553234 -6.45553234
 -6.45553234 -6.45553234 -6.45553234 -6.45553234 -6.45553234 -6.45553234
 -6.45553234 -6.77828518 -6.45553234 -5.47417922 -6.45553234 -6.45553234
 -6.45553234 -6.2435111  -6.45553234 -6.45553234 -6.56626394 -6.24037175
 -5.84148271 -6.45553234 -6.45553234 -6.2435111  -5.47417922 -6.45553234
 -6.45553234 -6.77828518 -6.45553234 -5.84148271 -6.45553234 -6.45553234
 -5.84148271 -5.47417922 -6.45553234 -5.84148271 -6.45553234 -5.47417922
 -6.45553234 -6.45553234 -6.45553234 -6.45553234 -6.45553234 -5.47417922
 -5.41656895 -6.01047639 -5.9799333  -5.94977827 -5.65499831 -5.53902322
 -5.89455405 -6.32078957 -5.89455405 -5.89455405 -5.89455405 -5.65499831
 -5.53902322 -6.0705942  -4.953      -5.48742363 -5.53902322 -5.62305594
 -5.89455405 -5.89455405 -5.89455405 -5.89455405 -5.89455405 -6.35343472
 -5.89455405 -5.89455405 -5.89455405 -6.45553234 -6.45553234 -6.21765651
 -4.5586194  -5.00702652 -4.5586194  -5.00702652 -5.47417922 -4.5586194
 -4.4702157  -5.05625201 -5.05625201 -5.05625201 -5.05625201 -5.05625201
 -5.05625201 -4.5586194  -4.5586194  -4.5586194  -4.5586194  -5.05625201]","[0.00822397 0.02309664 0.00822397 0.19457224 0.06978637 0.05853873
 0.07738775 0.05853873 0.15672527 0.02068371 0.02068371 0.00822397
 0.06978637 0.00822397 0.13357411 0.15698392 0.08001989 0.02068371
 0.02747242 0.00822397 0.05217758 0.00822397 0.00822397 0.12944141
 0.06109079 0.02068371 0.00822397 0.00822397 0.01573496 0.02068371
 0.08579249 0.00822397 0.00822397 0.02068371 0.00822397 0.02068371
 0.00822397 0.08739747 0.00822397 0.07738775 0.01573496 0.00822397
 0.01573496 0.12944141 0.92419537 0.09280644 0.02068371 0.00822397
 0.00822397 0.00822397 0.03824784 0.02068371 0.02309664 0.00822397
 0.01573496 0.00822397 0.00822397 0.02068371 0.13357411 0.03770731
 0.01573496 0.02068371 0.10038477 0.02747242 0.02068371 0.3497652
 0.48681633 0.00822397 0.00822397 0.00822397 0.00822397 0.00822397
 0.00822397 0.00822397 0.08001989 0.02068371 0.10038477 0.00822397
 0.00822397 0.00822397 0.01573496 0.02309664 0.00822397 0.00822397
 0.00822397 0.00822397 0.00822397 0.05217758 0.00822397 0.00822397
 0.03817393 0.02553725 0.07738775 0.10038477 0.06196397 0.02553725
 0.00822397 0.00822397 0.00822397 0.00822397 0.00822397 0.00822397
 0.02553725 0.00822397 0.02068371 0.00822397 0.00822397 0.00822397
 0.00822397 0.00822397 0.07738775 0.10038477 0.00822397 0.00822397
 0.11905881 0.04808642 0.00822397 0.00822397 0.00822397 0.00822397
 0.00822397 0.00822397 0.04808642 0.00822397 0.04061747 0.09062565
 0.00822397 0.00822397 0.00822397 0.00822397 0.00822397 0.02553725
 0.12720599 0.00822397 0.00822397 0.00822397 0.00822397 0.00822397
 0.00822397 0.08624305 0.00822397 0.02115287 0.12720599 0.02553725
 0.03770731 0.09102747 0.00822397 0.06015781 0.04808642 0.00822397
 0.00822397 0.03770731 0.04808642 0.0285889  0.00822397 0.00822397
 0.00822397 0.00822397 0.11650203 0.00822397 0.00822397 0.00822397
 0.00822397 0.00822397 0.00822397 0.00822397 0.00822397 0.00822397
 0.00822397 0.03770731 0.00822397 0.0285889  0.00822397 0.00822397
 0.00822397 0.04808642 0.00822397 0.00822397 0.07855678 0.27925651
 0.07738775 0.00822397 0.00822397 0.04808642 0.0285889  0.00822397
 0.00822397 0.03770731 0.00822397 0.07738775 0.00822397 0.00822397
 0.07738775 0.0285889  0.00822397 0.07738775 0.00822397 0.0285889
 0.00822397 0.00822397 0.00822397 0.00822397 0.00822397 0.0285889
 0.04700894 0.11106879 0.1898815  0.17326245 0.06818503 0.0911354
 0.07485166 0.09010492 0.07485166 0.07485166 0.07485166 0.06818503
 0.0911354  0.13616379 0.32496564 0.13367952 0.0911354  0.37355893
 0.07485166 0.07485166 0.07485166 0.07485166 0.07485166 0.08448168
 0.07485166 0.07485166 0.07485166 0.00822397 0.00822397 0.08906156
 0.01069173 0.1139563  0.01069173 0.1139563  0.0285889  0.01069173
 0.20907099 0.03048671 0.03048671 0.03048671 0.03048671 0.03048671
 0.03048671 0.01069173 0.01069173 0.01069173 0.01069173 0.03048671]"
8,KNeighborsRegressor,"[-6.28, -7.36, -7.36, -7.036666666666666, -5.9316666666666675, -6.456666666666667, -6.27, -5.9316666666666675, -6.28, -6.28, -6.326666666666667, -5.743333333333333, -6.28, -6.28, -6.743333333333333, -5.71, -6.28, -6.05, -6.743333333333333, -6.27, -6.27, -5.9316666666666675, -6.28, -6.157216340666667, -6.28, -5.823333333333333, -5.71, -5.743333333333333, -6.743333333333333, -5.71, -5.743333333333333, -6.609999999999999, -6.28, -6.28, -6.28, -6.28, -5.823333333333333, -5.536666666666666, -6.326666666666667, -6.743333333333333, -6.28, -6.28, -6.609999999999999, -6.284653978333334, -6.28, -6.28, -6.28, -6.28, -6.28, -6.28, -6.28, -6.28, -6.28, -6.743333333333333, -6.743333333333333, -6.743333333333333, -6.28, -6.28, -6.28, -5.536666666666666, -6.28, -6.28, -6.743333333333333, -6.157216340666667, -6.28, -6.28, -6.28, -6.28, -6.28, -6.28, -6.28, -6.28, -6.28, -6.28, -7.2998764849999995, -5.823333333333333, -6.743333333333333, -6.28, -6.609999999999999, -6.28, -6.28, -6.28, -6.28, -6.28, -6.28, -6.420000000000001, -6.03, -6.28, -6.28, -6.28, -6.28, -5.823333333333333, -6.28, -6.743333333333333, -5.823333333333333, -6.28, -6.28, -6.28, -6.28, -6.28, -6.743333333333333, -6.28, -6.706666666666666, -6.963333333333334, -6.28, -6.963333333333334, -6.420000000000001, -7.003333333333333, -6.28, -6.28, -6.963333333333334, -6.28, -6.28, -5.7794486093333335, -5.7794486093333335, -6.963333333333334, -6.963333333333334, -6.28, -6.28, -6.28, -5.663333333333334, -6.963333333333334, -6.28, -6.28, -6.28, -6.28, -5.823333333333333, -6.28, -6.28, -6.28, -6.28, -6.28, -6.28, -6.28, -6.28, -6.28, -6.963333333333334, -5.726666666666667, -5.726666666666667, -5.726666666666667, -5.963333333333334, -5.386666666666667, -5.726666666666667, -5.726666666666667, -6.28, -5.823333333333333, -6.28, -5.386666666666667, -6.28, -6.28, -6.28, -6.28, -6.28, -6.28, -5.386666666666667, -5.386666666666667, -6.28, -6.28, -6.706666666666666, -6.28, -6.28, -6.28, -5.386666666666667, -5.386666666666667, -5.386666666666667, -6.340000000000001, -5.546666666666667, -6.533333333333334, -6.326666666666667, -5.386666666666667, -5.386666666666667, -4.943333333333333, -5.846666666666667, -5.846666666666667, -5.846666666666667, -6.076666666666667, -6.326666666666667, -7.0566666666666675, -5.846666666666667, -4.943333333333333, -5.846666666666667, -5.846666666666667, -5.846666666666667, -4.943333333333333, -6.28, -6.0200000000000005, -6.28, -5.386666666666667, -6.28, -6.0200000000000005, -5.386666666666667, -5.386666666666667, -3.8166666666666664, -4.870649756, -4.870649756, -3.8166666666666664, -5.233333333333333, -5.233333333333333, -5.233333333333333, -5.233333333333333, -3.8166666666666664, -3.8166666666666664, -7.303333333333334, -7.303333333333334, -6.69, -6.323333333333333, -7.0200000000000005, -6.69, -5.713333333333334, -6.510000000000001, -5.88, -5.88, -5.6933333333333325, -6.015000000000001, -5.710000000000001, -6.69, -6.05, -7.0200000000000005, -6.69, -6.69, -6.69, -6.69, -6.69, -5.713333333333334, -6.69, -6.69, -7.0200000000000005, -5.713333333333334, -7.0200000000000005, -5.88, -6.157216340666667, -6.015000000000001, -6.69, -6.69, -5.8566666666666665, -6.69, -6.69, -7.103333333333333, -6.157216340666667, -7.0200000000000005, -7.0200000000000005, -7.0200000000000005, -6.69, -6.69, -6.69, -7.0200000000000005, -7.280545835999999, -6.489999999999999, -6.512035670333333, -7.0200000000000005, -6.157216340666667, -6.69, -6.78, -7.103333333333333, -6.78, -6.69, -6.576666666666667, -6.69, -6.157216340666667, -5.8566666666666665, -6.69, -6.69, -6.69, -6.69, -6.69, -6.69, -6.6000000000000005, -7.0200000000000005, -6.802978464333333, -7.280545835999999, -6.157216340666667, -6.157216340666667, -6.69, -6.69, -6.69, -7.280545835999999, -6.78, -6.69, -6.69, -6.646666666666667, -6.69, -7.280545835999999, -6.69, -6.646666666666667, -6.69, -5.829999999999999, -5.829999999999999, -6.69, -5.6933333333333325, -6.69, -6.69, -7.12, -5.6000000000000005, -6.69, -6.197957321333334, -6.69, -6.446666666666665, -6.69, -6.69, -6.69, -6.69, -6.69, -6.69, -6.69, -6.69, -5.798122131333334, -5.798122131333334, -6.69, -6.69, -5.798122131333334, -6.69, -7.280545835999999, -6.69, -6.69, -6.69, -5.733333333333333, -7.12, -6.69, -6.69, -6.69, -6.69, -6.69, -6.69, -5.6000000000000005, -6.69, -6.69, -6.69, -6.69, -6.69, -6.69, -6.69, -6.69, -6.69, -5.723333333333334, -5.6000000000000005, -6.69, -6.69, -5.386666666666667, -6.239999999999999, -5.6000000000000005, -6.69, -5.386666666666667, -6.69, -6.69, -6.69, -5.6000000000000005, -6.69, -6.69, -5.386666666666667, -6.69, -6.69, -6.69, -6.69, -6.69, -6.69, -5.386666666666667, -6.69, -5.723333333333334, -6.69, -6.69, -6.69, -6.69, -6.69, -6.69, -5.386666666666667, -5.386666666666667, -5.386666666666667, -5.386666666666667, -4.953333333333333, -5.323333333333333, -5.323333333333333, -5.323333333333333, -5.323333333333333, -6.076666666666667, -6.076666666666667, -5.323333333333333, -5.323333333333333, -4.86, -6.69, -5.323333333333333, -6.69, -5.323333333333333, -6.333333333333333, -4.323333333333333, -4.323333333333333, -4.323333333333333, -4.323333333333333, -5.206666666666667, -5.206666666666667, -5.206666666666667, -5.206666666666667, -5.206666666666667, -5.206666666666667, -5.206666666666667, -5.206666666666667, -5.206666666666667, -4.85480029, -4.85480029, -4.323333333333333, -4.323333333333333, -4.323333333333333, -5.206666666666667, -5.206666666666667, -5.206666666666667, -7.036666666666666, -6.69, -6.066666666666666, -6.066666666666666, -6.69, -5.773333333333333, -6.69, -6.336666666666667, -6.69, -5.796666666666667, -6.093333333333334, -6.093333333333334, -6.743333333333333, -6.743333333333333, -5.673333333333333, -6.015000000000001, -6.69, -6.69, -6.69, -5.773333333333333, -6.69, -6.157216340666667, -6.093333333333334, -6.69, -5.673333333333333, -6.69, -6.69, -6.69, -6.157216340666667, -5.966666666666668, -6.69, -6.69, -6.69, -5.673333333333333, -6.69, -6.69, -6.69, -6.6000000000000005, -6.69, -6.743333333333333, -6.28, -6.69, -6.69, -6.015000000000001, -6.69, -6.157216340666667, -6.69, -6.69, -6.69, -6.28, -6.756666666666667, -6.69, -6.157216340666667, -6.69, -6.69, -6.69, -6.69, -5.966666666666668, -6.69, -6.69, -6.69, -6.69, -5.866666666666667, -6.69, -6.69, -6.157216340666667, -6.69, -6.69, -6.69, -6.69, -6.69, -6.69, -6.69, -6.69, -6.239999999999999, -5.673333333333333, -6.69, -6.69, -7.247957321333334, -6.743333333333333, -5.773333333333333, -6.69, -6.69, -6.015000000000001, -6.69, -6.69, -5.866666666666667, -6.69, -6.69, -5.673333333333333, -5.673333333333333, -6.69, -6.69, -6.69, -6.69, -5.866666666666667, -6.69, -7.247957321333334, -5.886666666666667, -6.69, -6.69, -6.69, -6.69, -6.69, -6.69, -6.69, -6.69, -6.261919163666666, -6.69, -6.756666666666667, -6.261919163666666, -6.69, -6.69, -6.69, -6.503333333333334, -6.69, -6.69, -6.69, -6.69, -6.69, -6.503333333333334, -6.69, -6.69, -6.69, -6.69, -6.69, -6.69, -6.69, -6.503333333333334, -6.69, -6.69, -6.69, -6.69, -5.853333333333334, -6.69, -6.329999999999999, -6.69, -6.69, -6.69, -6.69, -6.69, -6.69, -6.69, -6.466666666666666, -6.69, -6.69, -6.69, -6.69, -5.726666666666667, -6.416666666666667, -5.726666666666667, -6.19, -5.673333333333333, -5.386666666666667, -5.726666666666667, -6.69, -6.69, -5.673333333333333, -6.69, -6.69, -6.69, -6.69, -6.69, -5.673333333333333, -5.673333333333333, -6.69, -5.386666666666667, -5.386666666666667, -5.386666666666667, -5.386666666666667, -4.86, -5.623333333333334, -5.3566666666666665, -5.3566666666666665, -6.466666666666666, -5.3566666666666665, -5.3566666666666665, -4.86, -5.3566666666666665, -5.3566666666666665, -5.3566666666666665, -5.3566666666666665, -5.3566666666666665, -5.3566666666666665, -6.69, -6.69, -6.28, -6.69, -5.386666666666667, -5.179615588333333, -4.233333333333333, -5.179615588333333, -5.386666666666667, -4.233333333333333, -4.233333333333333, -5.233333333333333, -5.233333333333333, -4.233333333333333, -4.233333333333333, -4.233333333333333, -5.233333333333333, -6.263333333333333, -7.36, -5.55, -7.146666666666666, -5.9433333333333325, -6.263333333333333, -6.263333333333333, -6.263333333333333, -5.6866666666666665, -6.62, -6.0566666666666675, -5.55, -6.263333333333333, -6.263333333333333, -6.263333333333333, -6.263333333333333, -6.263333333333333, -6.62, -6.986666666666667, -5.9433333333333325, -6.852320650333334, -6.263333333333333, -6.0566666666666675, -6.308956145, -6.62, -6.263333333333333, -6.263333333333333, -6.62, -6.263333333333333, -6.263333333333333, -5.55, -6.0566666666666675, -6.0566666666666675, -6.0566666666666675, -6.308956145, -6.263333333333333, -6.263333333333333, -6.263333333333333, -6.263333333333333, -6.263333333333333, -6.263333333333333, -6.263333333333333, -6.263333333333333, -6.308956145, -6.263333333333333, -6.263333333333333, -6.263333333333333, -6.263333333333333, -5.723333333333334, -6.263333333333333, -6.263333333333333, -6.263333333333333, -6.62, -5.55, -6.263333333333333, -6.263333333333333, -6.263333333333333, -5.8500000000000005, -6.62, -5.55, -6.263333333333333, -5.953333333333333, -6.263333333333333, -6.263333333333333, -6.263333333333333, -6.263333333333333, -6.420000000000001, -6.039999999999999, -6.263333333333333, -6.263333333333333, -6.308956145, -6.263333333333333, -6.263333333333333, -6.263333333333333, -6.263333333333333, -6.263333333333333, -6.263333333333333, -6.916543151666666, -6.263333333333333, -6.62, -6.263333333333333, -6.263333333333333, -6.263333333333333, -6.18, -6.62, -6.62, -6.62, -5.723333333333334, -6.331290654666667, -6.331290654666667, -6.263333333333333, -6.263333333333333, -6.039999999999999, -7.2998764849999995, -6.263333333333333, -6.263333333333333, -6.916543151666666, -6.263333333333333, -6.263333333333333, -6.263333333333333, -6.263333333333333, -6.263333333333333, -6.503333333333334, -6.503333333333334, -6.263333333333333, -5.790622954, -6.263333333333333, -6.263333333333333, -6.263333333333333, -6.263333333333333, -7.2998764849999995, -6.175458609666666, -6.706666666666666, -6.175458609666666, -6.263333333333333, -5.953333333333333, -5.723333333333334, -6.263333333333333, -6.263333333333333, -6.263333333333333, -6.263333333333333, -6.263333333333333, -6.013333333333333, -5.953333333333333, -6.263333333333333, -6.263333333333333, -6.263333333333333, -6.263333333333333, -6.263333333333333, -6.263333333333333, -6.263333333333333, -5.756666666666667, -6.263333333333333, -6.263333333333333, -6.263333333333333, -6.390000000000001, -6.263333333333333, -6.263333333333333, -5.9619773186666665, -5.756666666666667, -6.263333333333333, -5.756666666666667, -6.263333333333333, -6.263333333333333, -6.263333333333333, -6.263333333333333, -5.756666666666667, -6.263333333333333, -6.263333333333333, -6.263333333333333, -6.263333333333333, -5.756666666666667, -6.263333333333333, -6.263333333333333, -6.263333333333333, -6.263333333333333, -6.263333333333333, -5.756666666666667, -6.263333333333333, -6.263333333333333, -6.263333333333333, -5.756666666666667, -6.109999999999999, -6.609999999999999, -5.756666666666667, -4.9433333333333325, -4.9433333333333325, -5.3566666666666665, -5.3566666666666665, -5.516666666666666, -4.9433333333333325, -6.390000000000001, -4.71, -5.3566666666666665, -4.9433333333333325, -4.9433333333333325, -5.3566666666666665, -5.3566666666666665, -5.3566666666666665, -5.3566666666666665, -4.9433333333333325, -6.626666666666668, -5.3566666666666665, -5.3566666666666665, -5.756666666666667, -6.626666666666668, -5.3566666666666665, -5.3566666666666665, -4.85480029, -5.756666666666667, -4.233333333333333, -4.233333333333333, -5.233333333333333, -5.233333333333333, -5.233333333333333, -5.233333333333333, -4.233333333333333, -4.233333333333333, -4.233333333333333, -5.233333333333333, -5.233333333333333, -6.796666666666667, -7.703333333333333, -7.109999999999999, -6.796666666666667, -6.526666666666666, -6.796666666666667, -6.75, -6.796666666666667, -6.796666666666667, -6.060576409333334, -6.586666666666666, -6.526666666666666, -5.786666666666666, -6.796666666666667, -6.796666666666667, -6.015000000000001, -6.796666666666667, -6.060576409333334, -6.526666666666666, -6.526666666666666, -6.05, -6.796666666666667, -6.796666666666667, -6.4366666666666665, -6.526666666666666, -5.773333333333333, -6.796666666666667, -6.796666666666667, -6.796666666666667, -6.015000000000001, -6.526666666666666, -6.526666666666666, -6.796666666666667, -6.060576409333334, -6.796666666666667, -6.796666666666667, -6.796666666666667, -6.060576409333334, -6.796666666666667, -6.586666666666666, -6.526666666666666, -6.796666666666667, -6.796666666666667, -5.786666666666666, -6.526666666666666, -7.030219817, -6.060576409333334, -6.453333333333333, -6.015000000000001, -6.796666666666667, -6.796666666666667, -6.796666666666667, -6.796666666666667, -6.796666666666667, -6.796666666666667, -6.526666666666666, -6.526666666666666, -5.816666666666666, -5.773333333333333, -6.796666666666667, -6.796666666666667, -6.796666666666667, -6.796666666666667, -6.015000000000001, -6.796666666666667, -6.060576409333334, -6.796666666666667, -6.995653983666667, -7.030219817, -6.796666666666667, -5.906666666666666, -6.526666666666666, -6.796666666666667, -6.796666666666667, -6.796666666666667, -6.796666666666667, -6.796666666666667, -6.796666666666667, -6.796666666666667, -6.796666666666667, -6.796666666666667, -6.060576409333334, -6.796666666666667, -6.796666666666667, -6.796666666666667, -5.773333333333333, -6.796666666666667, -6.2, -6.796666666666667, -6.796666666666667, -6.796666666666667, -6.796666666666667, -6.796666666666667, -6.796666666666667, -5.786666666666666, -6.796666666666667, -6.796666666666667, -6.796666666666667, -6.796666666666667, -6.796666666666667, -6.796666666666667, -6.796666666666667, -6.796666666666667, -6.796666666666667, -6.796666666666667, -6.197957321333334, -6.503333333333334, -6.503333333333334, -6.796666666666667, -5.7838490946666665, -6.503333333333334, -6.796666666666667, -6.796666666666667, -6.796666666666667, -5.773333333333333, -5.8999999999999995, -6.796666666666667, -5.8999999999999995, -6.796666666666667, -6.796666666666667, -6.796666666666667, -5.616666666666667, -6.796666666666667, -6.796666666666667, -6.796666666666667, -5.956666666666667, -6.796666666666667, -6.796666666666667, -6.796666666666667, -6.796666666666667, -6.796666666666667, -6.796666666666667, -6.796666666666667, -5.490000000000001, -6.796666666666667, -6.796666666666667, -6.796666666666667, -6.796666666666667, -6.796666666666667, -6.796666666666667, -6.796666666666667, -5.786666666666666, -5.216666666666666, -6.796666666666667, -6.796666666666667, -6.796666666666667, -5.490000000000001, -6.796666666666667, -5.216666666666666, -6.796666666666667, -6.796666666666667, -5.216666666666666, -6.796666666666667, -6.796666666666667, -5.216666666666666, -6.796666666666667, -5.216666666666666, -6.796666666666667, -5.216666666666666, -5.216666666666666, -5.216666666666666, -6.323333333333334, -5.476666666666667, -5.476666666666667, -5.803333333333334, -4.84, -5.803333333333334, -5.803333333333334, -5.803333333333334, -5.803333333333334, -5.803333333333334, -5.476666666666667, -4.84, -5.599999999999999, -5.599999999999999, -5.803333333333334, -5.803333333333334, -6.196666666666666, -6.196666666666666, -6.196666666666666, -5.8999999999999995, -5.8999999999999995, -5.803333333333334, -5.803333333333334, -6.796666666666667, -6.796666666666667, -5.216666666666666, -5.216666666666666, -5.200988088333333, -5.216666666666666, -5.216666666666666, -4.233333333333333, -5.413333333333334, -5.413333333333334, -5.413333333333334, -5.413333333333334, -5.413333333333334, -5.413333333333334, -5.413333333333334, -4.233333333333333, -5.413333333333334]","0     -7.22
1     -6.21
2     -7.24
3     -5.92
4     -5.96
       ... 
247   -6.00
248   -3.99
249   -5.24
250   -4.77
251   -4.71
Name: Permeability, Length: 252, dtype: float64","[array([-6.28      , -5.93166667, -6.28      , -5.87      , -5.90666667,
       -7.03666667, -5.82333333, -7.03666667, -6.27      , -6.74333333,
       -6.74333333, -6.28      , -5.90666667, -6.28      , -5.74333333,
       -5.74333333, -6.42      , -6.74333333, -5.74333333, -6.28      ,
       -5.88666667, -6.28      , -6.28      , -6.17333333, -5.53666667,
       -6.74333333, -6.28      , -6.28      , -6.15721634, -6.74333333,
       -6.32666667, -6.28      , -6.28      , -6.74333333, -6.28      ,
       -6.74333333, -6.28      , -5.71      , -6.28      , -5.82333333,
       -6.15721634, -6.28      , -6.15721634, -6.17333333, -6.03287944,
       -6.90333333, -6.74333333, -6.28      , -6.28      , -6.28      ,
       -6.90333333, -6.74333333, -5.93166667, -6.28      , -6.15721634,
       -6.28      , -6.28      , -6.74333333, -5.74333333, -6.96333333,
       -6.15721634, -6.74333333, -6.03      , -5.74333333, -6.74333333,
       -5.62666667, -7.13817976, -6.28      , -6.28      , -6.28      ,
       -6.28      , -6.28      , -6.28      , -6.28      , -6.42      ,
       -6.74333333, -6.03      , -6.28      , -6.28      , -6.28      ,
       -6.15721634, -5.93166667, -6.28      , -6.28      , -6.28      ,
       -6.28      , -6.28      , -5.88666667, -6.28      , -6.28      ,
       -7.29987648, -7.29987648, -5.82333333, -6.03      , -6.61      ,
       -7.29987648, -6.28      , -6.28      , -6.28      , -6.28      ,
       -6.28      , -6.28      , -7.29987648, -6.28      , -6.74333333,
       -6.28      , -6.28      , -6.28      , -6.28      , -6.28      ,
       -5.82333333, -6.03      , -6.28      , -6.28      , -5.88666667,
       -5.72666667, -6.28      , -6.28      , -6.28      , -6.28      ,
       -6.28      , -6.28      , -5.72666667, -6.28      , -5.82666667,
       -6.19795732, -6.28      , -6.28      , -6.28      , -6.28      ,
       -6.28      , -7.29987648, -6.30333333, -6.28      , -6.28      ,
       -6.28      , -6.28      , -6.28      , -6.28      , -6.99565398,
       -6.28      , -6.88952423, -6.30333333, -7.29987648, -6.96333333,
       -6.70666667, -6.28      , -5.77944861, -5.72666667, -6.28      ,
       -6.28      , -6.96333333, -5.72666667, -5.38666667, -6.28      ,
       -6.28      , -6.28      , -6.28      , -6.61      , -6.28      ,
       -6.28      , -6.28      , -6.28      , -6.28      , -6.28      ,
       -6.28      , -6.28      , -6.28      , -6.28      , -6.96333333,
       -6.28      , -5.38666667, -6.28      , -6.28      , -6.28      ,
       -5.72666667, -6.28      , -6.28      , -5.72666667, -5.96333333,
       -5.82333333, -6.28      , -6.28      , -5.72666667, -5.38666667,
       -6.28      , -6.28      , -6.96333333, -6.28      , -5.82333333,
       -6.28      , -6.28      , -5.82333333, -5.38666667, -6.28      ,
       -5.82333333, -6.28      , -5.38666667, -6.28      , -6.28      ,
       -6.28      , -6.28      , -6.28      , -5.38666667, -5.97666667,
       -6.34      , -5.38666667, -6.63333333, -6.07666667, -4.94333333,
       -5.84666667, -5.84666667, -5.84666667, -5.84666667, -5.84666667,
       -6.07666667, -4.94333333, -6.32666667, -4.88666667, -5.38666667,
       -4.94333333, -7.05666667, -5.84666667, -5.84666667, -5.84666667,
       -5.84666667, -5.84666667, -6.02      , -5.84666667, -5.84666667,
       -5.84666667, -6.28      , -6.28      , -6.19864399, -3.81666667,
       -4.87064976, -3.81666667, -4.87064976, -5.38666667, -3.81666667,
       -3.81666667, -5.23333333, -5.23333333, -5.23333333, -5.23333333,
       -5.23333333, -5.23333333, -3.81666667, -3.81666667, -3.81666667,
       -3.81666667, -5.23333333]), array([-6.69      , -6.015     , -6.69      , -6.32333333, -5.88      ,
       -7.03666667, -5.72333333, -7.03666667, -6.42      , -7.02      ,
       -7.02      , -6.69      , -5.88      , -6.69      , -5.71333333,
       -5.71333333, -6.42      , -7.02      , -5.71333333, -6.69      ,
       -5.85666667, -6.69      , -6.69      , -6.15666667, -5.69333333,
       -7.02      , -6.69      , -6.69      , -6.15721634, -7.02      ,
       -6.6       , -6.69      , -6.69      , -7.02      , -6.69      ,
       -7.02      , -6.69      , -6.45333333, -6.69      , -5.72333333,
       -6.15721634, -6.69      , -6.15721634, -6.15666667, -6.03287944,
       -6.57666667, -7.02      , -6.69      , -6.69      , -6.69      ,
       -6.57666667, -7.02      , -6.015     , -6.69      , -6.15721634,
       -6.69      , -6.69      , -7.02      , -5.71333333, -6.64666667,
       -6.15721634, -7.02      , -5.83      , -5.71333333, -7.02      ,
       -5.8       , -6.95495578, -6.69      , -6.69      , -6.69      ,
       -6.69      , -6.69      , -6.69      , -6.69      , -6.42      ,
       -7.02      , -5.83      , -6.69      , -6.69      , -6.69      ,
       -6.15721634, -6.015     , -6.69      , -6.69      , -6.69      ,
       -6.69      , -6.69      , -5.85666667, -6.69      , -6.69      ,
       -7.263495  , -7.28054584, -5.72333333, -5.83      , -6.78      ,
       -7.28054584, -6.69      , -6.69      , -6.69      , -6.69      ,
       -6.69      , -6.69      , -7.28054584, -6.69      , -7.02      ,
       -6.69      , -6.69      , -6.69      , -6.69      , -6.69      ,
       -5.72333333, -5.83      , -6.69      , -6.69      , -5.88666667,
       -5.6       , -6.69      , -6.69      , -6.69      , -6.69      ,
       -6.69      , -6.69      , -5.6       , -6.69      , -5.82666667,
       -6.19795732, -6.69      , -6.69      , -6.69      , -6.69      ,
       -6.69      , -7.28054584, -6.30333333, -6.69      , -6.69      ,
       -6.69      , -6.69      , -6.69      , -6.69      , -7.12      ,
       -6.69      , -6.48897578, -6.30333333, -7.28054584, -6.64666667,
       -6.44666667, -6.69      , -5.79812213, -5.6       , -6.69      ,
       -6.69      , -6.64666667, -5.6       , -5.38666667, -6.69      ,
       -6.69      , -6.69      , -6.69      , -6.21666667, -6.69      ,
       -6.69      , -6.69      , -6.69      , -6.69      , -6.69      ,
       -6.69      , -6.69      , -6.69      , -6.69      , -6.64666667,
       -6.69      , -5.38666667, -6.69      , -6.69      , -6.69      ,
       -5.6       , -6.69      , -6.69      , -5.6       , -6.24      ,
       -5.72333333, -6.69      , -6.69      , -5.6       , -5.38666667,
       -6.69      , -6.69      , -6.64666667, -6.69      , -5.72333333,
       -6.69      , -6.69      , -5.72333333, -5.38666667, -6.69      ,
       -5.72333333, -6.69      , -5.38666667, -6.69      , -6.69      ,
       -6.69      , -6.69      , -6.69      , -5.38666667, -6.23      ,
       -6.49333333, -5.38666667, -6.57      , -6.07666667, -4.86      ,
       -5.32333333, -5.32333333, -5.32333333, -5.32333333, -5.32333333,
       -6.07666667, -4.86      , -6.32666667, -4.88666667, -5.38666667,
       -4.86      , -6.18333333, -5.32333333, -5.32333333, -5.32333333,
       -5.32333333, -5.32333333, -6.33333333, -5.32333333, -5.32333333,
       -5.32333333, -6.69      , -6.69      , -6.18531065, -4.32333333,
       -4.85480029, -4.32333333, -4.85480029, -5.38666667, -4.32333333,
       -4.32333333, -5.20666667, -5.20666667, -5.20666667, -5.20666667,
       -5.20666667, -5.20666667, -4.32333333, -4.32333333, -4.32333333,
       -4.32333333, -5.20666667]), array([-6.69      , -6.015     , -6.69      , -5.87      , -5.90666667,
       -7.03666667, -5.67333333, -7.03666667, -6.42      , -6.74333333,
       -6.74333333, -6.69      , -5.90666667, -6.69      , -5.77333333,
       -5.77333333, -6.09333333, -6.74333333, -5.77333333, -6.69      ,
       -5.96666667, -6.69      , -6.69      , -6.24      , -5.77      ,
       -6.74333333, -6.69      , -6.69      , -6.15721634, -6.74333333,
       -6.6       , -6.69      , -6.69      , -6.74333333, -6.69      ,
       -6.74333333, -6.69      , -6.33666667, -6.69      , -5.67333333,
       -6.15721634, -6.69      , -6.15721634, -6.24      , -6.06287944,
       -6.28      , -6.74333333, -6.69      , -6.69      , -6.69      ,
       -6.28      , -6.74333333, -6.015     , -6.69      , -6.15721634,
       -6.69      , -6.69      , -6.74333333, -5.77333333, -6.50333333,
       -6.15721634, -6.74333333, -5.92333333, -5.77333333, -6.74333333,
       -6.36666667, -7.13817976, -6.69      , -6.69      , -6.69      ,
       -6.69      , -6.69      , -6.69      , -6.69      , -6.09333333,
       -6.74333333, -5.92333333, -6.69      , -6.69      , -6.69      ,
       -6.15721634, -6.015     , -6.69      , -6.69      , -6.69      ,
       -6.69      , -6.69      , -5.96666667, -6.69      , -6.69      ,
       -7.24795732, -7.24795732, -5.67333333, -5.92333333, -6.75666667,
       -7.24795732, -6.69      , -6.69      , -6.69      , -6.69      ,
       -6.69      , -6.69      , -7.24795732, -6.69      , -6.74333333,
       -6.69      , -6.69      , -6.69      , -6.69      , -6.69      ,
       -5.67333333, -5.92333333, -6.69      , -6.69      , -5.88666667,
       -5.72666667, -6.69      , -6.69      , -6.69      , -6.69      ,
       -6.69      , -6.69      , -5.72666667, -6.69      , -5.85666667,
       -6.26191916, -6.69      , -6.69      , -6.69      , -6.69      ,
       -6.69      , -7.24795732, -6.30333333, -6.69      , -6.69      ,
       -6.69      , -6.69      , -6.69      , -6.69      , -7.06163399,
       -6.69      , -6.88952423, -6.30333333, -7.24795732, -6.50333333,
       -6.70666667, -6.69      , -5.77944861, -5.72666667, -6.69      ,
       -6.69      , -6.50333333, -5.72666667, -5.38666667, -6.69      ,
       -6.69      , -6.69      , -6.69      , -6.24666667, -6.69      ,
       -6.69      , -6.69      , -6.69      , -6.69      , -6.69      ,
       -6.69      , -6.69      , -6.69      , -6.69      , -6.50333333,
       -6.69      , -5.38666667, -6.69      , -6.69      , -6.69      ,
       -5.72666667, -6.69      , -6.69      , -5.72666667, -6.19      ,
       -5.67333333, -6.69      , -6.69      , -5.72666667, -5.38666667,
       -6.69      , -6.69      , -6.50333333, -6.69      , -5.67333333,
       -6.69      , -6.69      , -5.67333333, -5.38666667, -6.69      ,
       -5.67333333, -6.69      , -5.38666667, -6.69      , -6.69      ,
       -6.69      , -6.69      , -6.69      , -5.38666667, -5.51333333,
       -6.49333333, -5.38666667, -6.57      , -6.07666667, -4.86      ,
       -5.35666667, -5.35666667, -5.35666667, -5.35666667, -5.35666667,
       -6.07666667, -4.86      , -6.46666667, -4.88666667, -5.38666667,
       -4.86      , -6.18333333, -5.35666667, -5.35666667, -5.35666667,
       -5.35666667, -5.35666667, -6.28      , -5.35666667, -5.35666667,
       -5.35666667, -6.69      , -6.69      , -6.33      , -4.23333333,
       -5.17961559, -4.23333333, -5.17961559, -5.38666667, -4.23333333,
       -4.23333333, -5.23333333, -5.23333333, -5.23333333, -5.23333333,
       -5.23333333, -5.23333333, -4.23333333, -4.23333333, -4.23333333,
       -4.23333333, -5.23333333]), array([-6.26333333, -6.05666667, -6.26333333, -5.87      , -5.68666667,
       -7.14666667, -5.72333333, -7.14666667, -6.42      , -6.62      ,
       -6.62      , -6.26333333, -5.68666667, -6.26333333, -5.55      ,
       -5.55      , -6.42      , -6.62      , -5.55      , -6.26333333,
       -5.88666667, -6.26333333, -6.26333333, -6.18      , -5.85      ,
       -6.62      , -6.26333333, -6.26333333, -6.30895614, -6.62      ,
       -6.98666667, -6.26333333, -6.26333333, -6.62      , -6.26333333,
       -6.62      , -6.26333333, -6.45333333, -6.26333333, -5.72333333,
       -6.30895614, -6.26333333, -6.30895614, -6.18      , -5.8695461 ,
       -6.90333333, -6.62      , -6.26333333, -6.26333333, -6.26333333,
       -6.90333333, -6.62      , -6.05666667, -6.26333333, -6.30895614,
       -6.26333333, -6.26333333, -6.62      , -5.55      , -6.50333333,
       -6.30895614, -6.62      , -6.04      , -5.55      , -6.62      ,
       -5.8       , -6.69116976, -6.26333333, -6.26333333, -6.26333333,
       -6.26333333, -6.26333333, -6.26333333, -6.26333333, -6.42      ,
       -6.62      , -6.04      , -6.26333333, -6.26333333, -6.26333333,
       -6.30895614, -6.05666667, -6.26333333, -6.26333333, -6.26333333,
       -6.26333333, -6.26333333, -5.88666667, -6.26333333, -6.26333333,
       -7.29987648, -7.29987648, -5.72333333, -6.04      , -6.75666667,
       -7.29987648, -6.26333333, -6.26333333, -6.26333333, -6.26333333,
       -6.26333333, -6.26333333, -7.29987648, -6.26333333, -6.62      ,
       -6.26333333, -6.26333333, -6.26333333, -6.26333333, -6.26333333,
       -5.72333333, -6.04      , -6.26333333, -6.26333333, -6.33129065,
       -5.95333333, -6.26333333, -6.26333333, -6.26333333, -6.26333333,
       -6.26333333, -6.26333333, -5.95333333, -6.26333333, -5.66333333,
       -6.91654315, -6.26333333, -6.26333333, -6.26333333, -6.26333333,
       -6.26333333, -7.29987648, -6.04      , -6.26333333, -6.26333333,
       -6.26333333, -6.26333333, -6.26333333, -6.26333333, -6.85232065,
       -6.26333333, -6.17545861, -6.04      , -7.29987648, -6.50333333,
       -6.70666667, -6.26333333, -5.79062295, -5.95333333, -6.26333333,
       -6.26333333, -6.50333333, -5.95333333, -5.75666667, -6.26333333,
       -6.26333333, -6.26333333, -6.26333333, -6.61      , -6.26333333,
       -6.26333333, -6.26333333, -6.26333333, -6.26333333, -6.26333333,
       -6.26333333, -6.26333333, -6.26333333, -6.26333333, -6.50333333,
       -6.26333333, -5.75666667, -6.26333333, -6.26333333, -6.26333333,
       -5.95333333, -6.26333333, -6.26333333, -5.95333333, -6.33      ,
       -5.72333333, -6.26333333, -6.26333333, -5.95333333, -5.75666667,
       -6.26333333, -6.26333333, -6.50333333, -6.26333333, -5.72333333,
       -6.26333333, -6.26333333, -5.72333333, -5.75666667, -6.26333333,
       -5.72333333, -6.26333333, -5.75666667, -6.26333333, -6.26333333,
       -6.26333333, -6.26333333, -6.26333333, -5.75666667, -6.23      ,
       -6.49333333, -5.75666667, -6.57      , -5.51666667, -4.94333333,
       -5.35666667, -5.35666667, -5.35666667, -5.35666667, -5.35666667,
       -5.51666667, -4.94333333, -6.39      , -4.71      , -5.75666667,
       -4.94333333, -6.18333333, -5.35666667, -5.35666667, -5.35666667,
       -5.35666667, -5.35666667, -6.33333333, -5.35666667, -5.35666667,
       -5.35666667, -6.26333333, -6.26333333, -6.57531065, -4.23333333,
       -4.85480029, -4.23333333, -4.85480029, -5.75666667, -4.23333333,
       -4.23333333, -5.23333333, -5.23333333, -5.23333333, -5.23333333,
       -5.23333333, -5.23333333, -4.23333333, -4.23333333, -4.23333333,
       -4.23333333, -5.23333333]), array([-6.79666667, -6.015     , -6.79666667, -5.87      , -5.90666667,
       -7.11      , -5.78666667, -7.11      , -6.39666667, -6.52666667,
       -6.52666667, -6.79666667, -5.90666667, -6.79666667, -5.77333333,
       -5.77333333, -6.42      , -6.52666667, -5.77333333, -6.79666667,
       -5.88666667, -6.79666667, -6.79666667, -6.15666667, -5.77      ,
       -6.52666667, -6.79666667, -6.79666667, -6.06057641, -6.52666667,
       -6.58666667, -6.79666667, -6.79666667, -6.52666667, -6.79666667,
       -6.52666667, -6.79666667, -6.45333333, -6.79666667, -5.78666667,
       -6.06057641, -6.79666667, -6.06057641, -6.15666667, -5.77333333,
       -6.90333333, -6.52666667, -6.79666667, -6.79666667, -6.79666667,
       -6.90333333, -6.52666667, -6.015     , -6.79666667, -6.06057641,
       -6.79666667, -6.79666667, -6.52666667, -5.77333333, -6.50333333,
       -6.06057641, -6.52666667, -5.81666667, -5.77333333, -6.52666667,
       -5.8       , -6.88952423, -6.79666667, -6.79666667, -6.79666667,
       -6.79666667, -6.79666667, -6.79666667, -6.79666667, -6.42      ,
       -6.52666667, -5.81666667, -6.79666667, -6.79666667, -6.79666667,
       -6.06057641, -6.015     , -6.79666667, -6.79666667, -6.79666667,
       -6.79666667, -6.79666667, -5.88666667, -6.79666667, -6.79666667,
       -7.03021982, -7.03021982, -5.78666667, -5.81666667, -6.75666667,
       -7.03021982, -6.79666667, -6.79666667, -6.79666667, -6.79666667,
       -6.79666667, -6.79666667, -7.03021982, -6.79666667, -6.52666667,
       -6.79666667, -6.79666667, -6.79666667, -6.79666667, -6.79666667,
       -5.78666667, -5.81666667, -6.79666667, -6.79666667, -6.2       ,
       -5.49      , -6.79666667, -6.79666667, -6.79666667, -6.79666667,
       -6.79666667, -6.79666667, -5.49      , -6.79666667, -5.77333333,
       -6.19795732, -6.79666667, -6.79666667, -6.79666667, -6.79666667,
       -6.79666667, -7.03021982, -6.19666667, -6.79666667, -6.79666667,
       -6.79666667, -6.79666667, -6.79666667, -6.79666667, -6.99565398,
       -6.79666667, -6.88952423, -6.19666667, -7.03021982, -6.50333333,
       -5.9       , -6.79666667, -5.78384909, -5.49      , -6.79666667,
       -6.79666667, -6.50333333, -5.49      , -5.21666667, -6.79666667,
       -6.79666667, -6.79666667, -6.79666667, -6.39666667, -6.79666667,
       -6.79666667, -6.79666667, -6.79666667, -6.79666667, -6.79666667,
       -6.79666667, -6.79666667, -6.79666667, -6.79666667, -6.50333333,
       -6.79666667, -5.21666667, -6.79666667, -6.79666667, -6.79666667,
       -5.49      , -6.79666667, -6.79666667, -5.49      , -6.33      ,
       -5.78666667, -6.79666667, -6.79666667, -5.49      , -5.21666667,
       -6.79666667, -6.79666667, -6.50333333, -6.79666667, -5.78666667,
       -6.79666667, -6.79666667, -5.78666667, -5.21666667, -6.79666667,
       -5.78666667, -6.79666667, -5.21666667, -6.79666667, -6.79666667,
       -6.79666667, -6.79666667, -6.79666667, -5.21666667, -6.23      ,
       -6.34      , -5.21666667, -6.32333333, -5.47666667, -4.84      ,
       -5.80333333, -5.80333333, -5.80333333, -5.80333333, -5.80333333,
       -5.47666667, -4.84      , -6.32666667, -5.6       , -5.21666667,
       -4.84      , -6.10666667, -5.80333333, -5.80333333, -5.80333333,
       -5.80333333, -5.80333333, -6.33333333, -5.80333333, -5.80333333,
       -5.80333333, -6.79666667, -6.79666667, -6.02864399, -4.23333333,
       -5.20098809, -4.23333333, -5.20098809, -5.21666667, -4.23333333,
       -4.23333333, -5.41333333, -5.41333333, -5.41333333, -5.41333333,
       -5.41333333, -5.41333333, -4.23333333, -4.23333333, -4.23333333,
       -4.23333333, -5.41333333])]","[-6.544      -6.00666667 -6.544      -5.96066667 -5.85733333 -7.07333333
 -5.746      -7.07333333 -6.38533333 -6.73066667 -6.73066667 -6.544
 -5.85733333 -6.544      -5.71066667 -5.71066667 -6.35466667 -6.73066667
 -5.71066667 -6.544      -5.89666667 -6.544      -6.544      -6.18133333
 -5.724      -6.73066667 -6.544      -6.544      -6.16823632 -6.73066667
 -6.62       -6.544      -6.544      -6.73066667 -6.544      -6.73066667
 -6.544      -6.28133333 -6.544      -5.746      -6.16823632 -6.544
 -6.16823632 -6.18133333 -5.95430355 -6.71333333 -6.73066667 -6.544
 -6.544      -6.544      -6.71333333 -6.73066667 -6.00666667 -6.544
 -6.16823632 -6.544      -6.544      -6.73066667 -5.71066667 -6.624
 -6.16823632 -6.73066667 -5.928      -5.71066667 -6.73066667 -5.87866667
 -6.96240186 -6.544      -6.544      -6.544      -6.544      -6.544
 -6.544      -6.544      -6.35466667 -6.73066667 -5.928      -6.544
 -6.544      -6.544      -6.16823632 -6.00666667 -6.544      -6.544
 -6.544      -6.544      -6.544      -5.89666667 -6.544      -6.544
 -7.22828502 -7.23169519 -5.746      -5.928      -6.732      -7.23169519
 -6.544      -6.544      -6.544      -6.544      -6.544      -6.544
 -7.23169519 -6.544      -6.73066667 -6.544      -6.544      -6.544
 -6.544      -6.544      -5.746      -5.928      -6.544      -6.544
 -6.03825813 -5.69933333 -6.544      -6.544      -6.544      -6.544
 -6.544      -6.544      -5.69933333 -6.544      -5.78933333 -6.35446686
 -6.544      -6.544      -6.544      -6.544      -6.544      -7.23169519
 -6.22933333 -6.544      -6.544      -6.544      -6.544      -6.544
 -6.544      -7.00505252 -6.544      -6.66660142 -6.22933333 -7.23169519
 -6.624      -6.49333333 -6.544      -5.78629828 -5.69933333 -6.544
 -6.544      -6.624      -5.69933333 -5.42666667 -6.544      -6.544
 -6.544      -6.544      -6.416      -6.544      -6.544      -6.544
 -6.544      -6.544      -6.544      -6.544      -6.544      -6.544
 -6.544      -6.624      -6.544      -5.42666667 -6.544      -6.544
 -6.544      -5.69933333 -6.544      -6.544      -5.69933333 -6.21066667
 -5.746      -6.544      -6.544      -5.69933333 -5.42666667 -6.544
 -6.544      -6.624      -6.544      -5.746      -6.544      -6.544
 -5.746      -5.42666667 -6.544      -5.746      -6.544      -5.42666667
 -6.544      -6.544      -6.544      -6.544      -6.544      -5.42666667
 -6.036      -6.432      -5.42666667 -6.53333333 -5.84466667 -4.88933333
 -5.53733333 -5.53733333 -5.53733333 -5.53733333 -5.53733333 -5.84466667
 -4.88933333 -6.36733333 -4.994      -5.42666667 -4.88933333 -6.34266667
 -5.53733333 -5.53733333 -5.53733333 -5.53733333 -5.53733333 -6.26
 -5.53733333 -5.53733333 -5.53733333 -6.544      -6.544      -6.26358185
 -4.168      -4.9921708  -4.168      -4.9921708  -5.42666667 -4.168
 -4.168      -5.264      -5.264      -5.264      -5.264      -5.264
 -5.264      -4.168      -4.168      -4.168      -4.168      -5.264     ]","[0.22580621 0.04082483 0.22580621 0.18133333 0.08595606 0.04638007
 0.05280572 0.04638007 0.05837046 0.16607094 0.16607094 0.22580621
 0.08595606 0.22580621 0.08335733 0.08335733 0.13066667 0.16607094
 0.08335733 0.22580621 0.03687818 0.22580621 0.22580621 0.03073905
 0.10596435 0.16607094 0.22580621 0.22580621 0.07969573 0.16607094
 0.21090282 0.22580621 0.22580621 0.16607094 0.22580621 0.16607094
 0.22580621 0.2892181  0.22580621 0.05280572 0.07969573 0.22580621
 0.07969573 0.03073905 0.11319992 0.2509006  0.16607094 0.22580621
 0.22580621 0.22580621 0.2509006  0.16607094 0.04082483 0.22580621
 0.07969573 0.22580621 0.22580621 0.16607094 0.08335733 0.17851735
 0.07969573 0.16607094 0.09483553 0.08335733 0.16607094 0.25306653
 0.16776721 0.22580621 0.22580621 0.22580621 0.22580621 0.22580621
 0.22580621 0.22580621 0.13066667 0.16607094 0.09483553 0.22580621
 0.22580621 0.22580621 0.07969573 0.04082483 0.22580621 0.22580621
 0.22580621 0.22580621 0.22580621 0.03687818 0.22580621 0.22580621
 0.10110118 0.10250907 0.05280572 0.09483553 0.06166577 0.10250907
 0.22580621 0.22580621 0.22580621 0.22580621 0.22580621 0.22580621
 0.10250907 0.22580621 0.16607094 0.22580621 0.22580621 0.22580621
 0.22580621 0.22580621 0.05280572 0.09483553 0.22580621 0.22580621
 0.19024637 0.15472413 0.22580621 0.22580621 0.22580621 0.22580621
 0.22580621 0.22580621 0.15472413 0.22580621 0.06848844 0.28212782
 0.22580621 0.22580621 0.22580621 0.22580621 0.22580621 0.10250907
 0.10328816 0.22580621 0.22580621 0.22580621 0.22580621 0.22580621
 0.22580621 0.08935108 0.22580621 0.29046717 0.10328816 0.10250907
 0.17851735 0.31329078 0.22580621 0.00718806 0.15472413 0.22580621
 0.22580621 0.17851735 0.15472413 0.17765134 0.22580621 0.22580621
 0.22580621 0.22580621 0.16973705 0.22580621 0.22580621 0.22580621
 0.22580621 0.22580621 0.22580621 0.22580621 0.22580621 0.22580621
 0.22580621 0.17851735 0.22580621 0.17765134 0.22580621 0.22580621
 0.22580621 0.15472413 0.22580621 0.22580621 0.15472413 0.13486454
 0.05280572 0.22580621 0.22580621 0.15472413 0.17765134 0.22580621
 0.22580621 0.17851735 0.22580621 0.05280572 0.22580621 0.22580621
 0.05280572 0.17765134 0.22580621 0.05280572 0.22580621 0.17765134
 0.22580621 0.22580621 0.22580621 0.22580621 0.22580621 0.17765134
 0.27914473 0.07511769 0.17765134 0.10782702 0.28442222 0.04469154
 0.23559287 0.23559287 0.23559287 0.23559287 0.23559287 0.28442222
 0.04469154 0.05539354 0.31062947 0.17765134 0.04469154 0.3582327
 0.23559287 0.23559287 0.23559287 0.23559287 0.23559287 0.1217648
 0.23559287 0.23559287 0.23559287 0.22580621 0.22580621 0.18282523
 0.17909153 0.16201783 0.17909153 0.16201783 0.17765134 0.17909153
 0.17909153 0.07537757 0.07537757 0.07537757 0.07537757 0.07537757
 0.07537757 0.17909153 0.17909153 0.17909153 0.17909153 0.07537757]"
9,SVR,"[-6.508316097535734, -7.099941375389619, -7.099941375389619, -6.989728528830631, -5.859917834318121, -6.780247313502086, -6.33137309171094, -5.859917834318121, -6.508316097535734, -6.508316097535734, -6.20017172570124, -5.719901279427157, -6.508316097535734, -6.508316097535734, -6.049211033170055, -6.0204403968975155, -6.508316097535734, -5.99314017779612, -6.049211033170055, -6.339792783913746, -6.339792783913746, -5.859917834318121, -6.508316097535734, -6.093108287030898, -6.508316097535734, -5.819788798784961, -6.0204403968975155, -5.719901279427157, -6.049211033170055, -6.127000942646344, -5.719901279427157, -6.669899947278114, -6.508316097535734, -6.508316097535734, -6.508316097535734, -6.508316097535734, -5.819788798784961, -5.519732437182784, -6.20017172570124, -6.049211033170055, -6.508316097535734, -6.508316097535734, -6.669899947278114, -6.308841244188627, -6.508316097535734, -6.508316097535734, -6.508316097535734, -6.508316097535734, -6.508316097535734, -6.508316097535734, -6.508316097535734, -6.508316097535734, -6.508316097535734, -6.049211033170055, -6.049211033170055, -6.049211033170055, -6.508316097535734, -6.508316097535734, -6.508316097535734, -5.519732437182784, -6.508316097535734, -6.508316097535734, -6.049211033170055, -6.093108287030898, -6.508316097535734, -6.508316097535734, -6.508316097535734, -6.508316097535734, -6.508316097535734, -6.508316097535734, -6.508316097535734, -6.508316097535734, -6.508316097535734, -6.508316097535734, -7.0551686584038595, -5.819788798784961, -6.049211033170055, -6.508316097535734, -6.669899947278114, -6.508316097535734, -6.508316097535734, -6.508316097535734, -6.508316097535734, -6.508316097535734, -6.508316097535734, -6.279500946127888, -6.0204498824418735, -6.508316097535734, -6.508316097535734, -6.508316097535734, -6.508316097535734, -5.819788798784961, -6.508316097535734, -6.049211033170055, -5.819788798784961, -6.508316097535734, -6.508316097535734, -6.508316097535734, -6.508316097535734, -6.508316097535734, -6.049211033170055, -6.508316097535734, -6.36741932593962, -6.620201997452853, -6.508316097535734, -6.620201997452853, -6.279500946127888, -6.688534632862597, -6.508316097535734, -6.508316097535734, -6.620201997452853, -6.508316097535734, -6.508316097535734, -5.890512207154127, -5.890512207154127, -6.620201997452853, -6.620201997452853, -6.508316097535734, -6.508316097535734, -6.508316097535734, -6.002062601371508, -6.620201997452853, -6.508316097535734, -6.508316097535734, -6.508316097535734, -6.508316097535734, -5.819788798784961, -6.508316097535734, -6.508316097535734, -6.508316097535734, -6.508316097535734, -6.508316097535734, -6.508316097535734, -6.508316097535734, -6.508316097535734, -6.508316097535734, -6.620201997452853, -6.13018523465486, -6.13018523465486, -6.13018523465486, -6.173154342495607, -5.339870127538627, -6.13018523465486, -6.13018523465486, -6.508316097535734, -5.819788798784961, -6.508316097535734, -5.339870127538627, -6.508316097535734, -6.508316097535734, -6.508316097535734, -6.508316097535734, -6.508316097535734, -6.508316097535734, -5.339870127538627, -5.339870127538627, -6.508316097535734, -6.508316097535734, -6.480258878899404, -6.508316097535734, -6.508316097535734, -6.508316097535734, -5.339870127538627, -5.339870127538627, -5.339870127538627, -6.234530911140055, -5.75042527423188, -6.37544181253725, -6.540708644227455, -5.339870127538627, -5.339870127538627, -5.789685310766029, -6.144483494454871, -6.144483494454871, -6.144483494454871, -5.624765691612676, -6.39013389470427, -6.448491737412596, -6.144483494454871, -5.789685310766029, -6.144483494454871, -6.144483494454871, -6.144483494454871, -5.789685310766029, -6.508316097535734, -6.179759104348281, -6.508316097535734, -5.339870127538627, -6.508316097535734, -6.179759104348281, -5.339870127538627, -5.339870127538627, -4.570047394107724, -4.97965832606286, -4.97965832606286, -4.570047394107724, -5.040342134627841, -5.040342134627841, -5.040342134627841, -5.040342134627841, -4.570047394107724, -4.570047394107724, -6.930251428109416, -6.930251428109416, -6.4500920000122735, -6.138973048397883, -6.069808092487632, -6.4500920000122735, -5.700427336082375, -6.059660523464802, -6.088820076592974, -6.088820076592974, -5.759921597198913, -5.861602259401191, -5.720073160909339, -6.4500920000122735, -5.970175766193371, -6.069808092487632, -6.4500920000122735, -6.4500920000122735, -6.4500920000122735, -6.4500920000122735, -6.4500920000122735, -5.700427336082375, -6.4500920000122735, -6.4500920000122735, -6.069808092487632, -5.700427336082375, -6.069808092487632, -6.0603080128958835, -6.160155328403429, -5.861602259401191, -6.4500920000122735, -6.4500920000122735, -5.819904667928186, -6.4500920000122735, -6.4500920000122735, -6.950153819918961, -6.113536783954129, -6.069808092487632, -6.069808092487632, -6.069808092487632, -6.4500920000122735, -6.4500920000122735, -6.4500920000122735, -6.069808092487632, -7.054899347745494, -6.18749721854593, -6.289647965017485, -6.069808092487632, -6.113536783954129, -6.4500920000122735, -6.312645462884173, -6.950153819918961, -6.699578127202661, -6.4500920000122735, -6.789677934173586, -6.4500920000122735, -6.113536783954129, -5.819904667928186, -6.4500920000122735, -6.4500920000122735, -6.4500920000122735, -6.4500920000122735, -6.4500920000122735, -6.4500920000122735, -6.400251708054242, -6.069808092487632, -6.543677561428638, -7.054899347745494, -6.113536783954129, -6.113536783954129, -6.4500920000122735, -6.4500920000122735, -6.4500920000122735, -7.054899347745494, -6.699578127202661, -6.4500920000122735, -6.4500920000122735, -6.619808457939264, -6.4500920000122735, -7.054899347745494, -6.4500920000122735, -6.619808457939264, -6.4500920000122735, -5.859976992932407, -5.859976992932407, -6.4500920000122735, -5.759921597198913, -6.4500920000122735, -6.4500920000122735, -6.673846349911196, -6.263905566555169, -6.4500920000122735, -6.1150482526643435, -6.4500920000122735, -6.1774950630926595, -6.4500920000122735, -6.4500920000122735, -6.4500920000122735, -6.4500920000122735, -6.4500920000122735, -6.4500920000122735, -6.4500920000122735, -6.4500920000122735, -5.904614664255545, -5.904614664255545, -6.4500920000122735, -6.4500920000122735, -5.904614664255545, -6.4500920000122735, -7.0322439300291775, -6.4500920000122735, -6.4500920000122735, -6.4500920000122735, -5.995797248885013, -6.673846349911196, -6.4500920000122735, -6.4500920000122735, -6.4500920000122735, -6.4500920000122735, -6.4500920000122735, -6.4500920000122735, -6.263905566555169, -6.4500920000122735, -6.4500920000122735, -6.4500920000122735, -6.4500920000122735, -6.4500920000122735, -6.4500920000122735, -6.4500920000122735, -6.4500920000122735, -6.4500920000122735, -5.750395781520705, -6.263905566555169, -6.4500920000122735, -6.4500920000122735, -5.439817321489467, -6.341491447999736, -6.263905566555169, -6.4500920000122735, -5.439817321489467, -6.4500920000122735, -6.4500920000122735, -6.4500920000122735, -6.263905566555169, -6.4500920000122735, -6.4500920000122735, -5.439817321489467, -6.4500920000122735, -6.4500920000122735, -6.4500920000122735, -6.4500920000122735, -6.4500920000122735, -6.4500920000122735, -5.439817321489467, -6.4500920000122735, -5.750395781520705, -6.4500920000122735, -6.4500920000122735, -6.4500920000122735, -6.4500920000122735, -6.4500920000122735, -6.4500920000122735, -5.439817321489467, -5.439817321489467, -5.439817321489467, -5.439817321489467, -5.5867474482845, -5.8697120922436135, -5.8697120922436135, -5.8697120922436135, -5.8697120922436135, -5.525195478017512, -5.525195478017512, -5.8697120922436135, -5.8697120922436135, -5.270476929224981, -6.4500920000122735, -5.8697120922436135, -6.4500920000122735, -5.8697120922436135, -6.139552522469346, -4.546935288717899, -4.546935288717899, -4.546935288717899, -4.546935288717899, -5.040114813062306, -5.040114813062306, -5.040114813062306, -5.040114813062306, -5.040114813062306, -5.040114813062306, -5.040114813062306, -5.040114813062306, -5.040114813062306, -4.97962376609791, -4.97962376609791, -4.546935288717899, -4.546935288717899, -4.546935288717899, -5.243688786304612, -6.135782572437254, -6.132113885632669, -6.989994497655082, -6.49983421305314, -6.019952748551313, -6.019952748551313, -6.49983421305314, -5.7003081043299835, -6.49983421305314, -5.919823532691373, -6.49983421305314, -6.059924268378403, -6.019652416899095, -6.019652416899095, -6.150140137823467, -6.150140137823467, -5.740059239427893, -5.8600333726635006, -6.49983421305314, -6.49983421305314, -6.49983421305314, -6.179269231882221, -6.49983421305314, -6.113432620621418, -6.019652416899095, -6.49983421305314, -5.740059239427893, -6.49983421305314, -6.49983421305314, -6.49983421305314, -6.113432620621418, -6.083997487762178, -6.49983421305314, -6.49983421305314, -6.49983421305314, -5.740059239427893, -6.49983421305314, -6.49983421305314, -6.49983421305314, -6.1995826103747795, -6.49983421305314, -6.150140137823467, -6.815676804262697, -6.49983421305314, -6.3173102500979414, -5.8600333726635006, -6.49983421305314, -6.113432620621418, -6.49983421305314, -6.49983421305314, -6.49983421305314, -6.815676804262697, -6.600118532767941, -6.49983421305314, -6.113432620621418, -6.49983421305314, -6.49983421305314, -6.49983421305314, -6.49983421305314, -6.083997487762178, -6.49983421305314, -6.49983421305314, -6.49983421305314, -6.49983421305314, -6.099929344000193, -6.49983421305314, -6.49983421305314, -6.113432620621418, -6.49983421305314, -6.49983421305314, -6.49983421305314, -6.49983421305314, -6.49983421305314, -6.49983421305314, -6.49983421305314, -6.49983421305314, -6.2923035200145385, -5.740059239427893, -6.49983421305314, -6.49983421305314, -7.05504221843442, -6.150140137823467, -6.195774300130618, -6.49983421305314, -6.49983421305314, -5.8600333726635006, -6.49983421305314, -6.49983421305314, -6.099929344000193, -6.49983421305314, -6.49983421305314, -5.740059239427893, -5.740059239427893, -6.49983421305314, -6.49983421305314, -6.49983421305314, -6.49983421305314, -6.099929344000193, -6.49983421305314, -7.05504221843442, -5.820912704619713, -6.49983421305314, -6.49983421305314, -6.49983421305314, -6.49983421305314, -6.49983421305314, -6.49983421305314, -6.49983421305314, -6.49983421305314, -6.041720809773741, -6.49983421305314, -6.588286580257833, -6.041720809773741, -6.49983421305314, -6.49983421305314, -6.49983421305314, -6.690112596559301, -6.49983421305314, -6.49983421305314, -6.49983421305314, -6.49983421305314, -6.49983421305314, -6.690112596559301, -6.49983421305314, -6.49983421305314, -6.49983421305314, -6.49983421305314, -6.49983421305314, -6.49983421305314, -6.49983421305314, -6.690112596559301, -6.49983421305314, -6.49983421305314, -6.49983421305314, -6.49983421305314, -6.090030341810597, -6.49983421305314, -5.93545209260247, -6.49983421305314, -6.49983421305314, -6.49983421305314, -6.49983421305314, -6.49983421305314, -6.49983421305314, -6.49983421305314, -6.341524486464198, -6.49983421305314, -6.49983421305314, -6.49983421305314, -6.49983421305314, -6.161239509291941, -6.134968950449448, -6.161239509291941, -6.092539112342344, -5.740059239427893, -5.440378194127874, -6.161239509291941, -6.49983421305314, -6.49983421305314, -5.789462236094577, -6.49983421305314, -6.49983421305314, -6.49983421305314, -6.49983421305314, -6.49983421305314, -5.740059239427893, -5.740059239427893, -6.49983421305314, -5.440378194127874, -5.440378194127874, -5.440378194127874, -5.440378194127874, -5.329932730565338, -5.896699032735391, -6.0499292795666575, -6.0499292795666575, -6.341524486464198, -6.0499292795666575, -6.0499292795666575, -5.329932730565338, -6.0499292795666575, -6.0499292795666575, -6.0499292795666575, -6.0499292795666575, -6.0499292795666575, -6.0499292795666575, -6.49983421305314, -6.49983421305314, -6.139939661265757, -6.49983421305314, -5.440378194127874, -5.007717114684533, -4.607532139057538, -5.007717114684533, -5.440378194127874, -4.607532139057538, -4.607532139057538, -5.039862571065034, -5.039862571065034, -4.607532139057538, -4.607532139057538, -4.607532139057538, -5.039862571065034, -6.490244715350937, -7.13054373653083, -5.65040179006087, -7.119871747925197, -5.969841160928066, -6.490244715350937, -6.490244715350937, -6.490244715350937, -5.400140186987828, -6.080058707385491, -5.8998178522663345, -5.65040179006087, -6.490244715350937, -6.490244715350937, -6.490244715350937, -6.490244715350937, -6.490244715350937, -6.080058707385491, -6.399846388183346, -5.969841160928066, -6.699894759992118, -6.490244715350937, -5.8998178522663345, -6.115039148210478, -6.080058707385491, -6.490244715350937, -6.490244715350937, -6.080058707385491, -6.490244715350937, -6.490244715350937, -5.65040179006087, -5.8998178522663345, -5.8998178522663345, -5.8998178522663345, -6.115039148210478, -6.490244715350937, -6.490244715350937, -6.490244715350937, -6.490244715350937, -6.490244715350937, -6.490244715350937, -6.490244715350937, -6.490244715350937, -6.115039148210478, -6.490244715350937, -6.490244715350937, -6.490244715350937, -6.490244715350937, -5.779958329772914, -6.490244715350937, -6.490244715350937, -6.490244715350937, -6.080058707385491, -5.65040179006087, -6.490244715350937, -6.490244715350937, -6.490244715350937, -5.789800821392107, -6.080058707385491, -5.65040179006087, -6.490244715350937, -6.330237324425012, -6.490244715350937, -6.490244715350937, -6.490244715350937, -6.490244715350937, -6.359983035485368, -6.019950289487046, -6.490244715350937, -6.490244715350937, -6.115039148210478, -6.490244715350937, -6.490244715350937, -6.490244715350937, -6.490244715350937, -6.490244715350937, -6.490244715350937, -6.4819764549769205, -6.490244715350937, -6.080058707385491, -6.490244715350937, -6.490244715350937, -6.490244715350937, -6.350861774096477, -6.080058707385491, -6.080058707385491, -6.080058707385491, -5.779958329772914, -6.201755440884889, -6.201755440884889, -6.490244715350937, -6.490244715350937, -5.872263148047995, -7.05491410971174, -6.490244715350937, -6.490244715350937, -6.4819764549769205, -6.490244715350937, -6.490244715350937, -6.490244715350937, -6.490244715350937, -6.490244715350937, -6.690006342163162, -6.690006342163162, -6.490244715350937, -5.9044875942998125, -6.490244715350937, -6.490244715350937, -6.490244715350937, -6.490244715350937, -7.05491410971174, -6.69766058319069, -6.42538329576199, -6.69766058319069, -6.490244715350937, -6.330237324425012, -5.779958329772914, -6.490244715350937, -6.490244715350937, -6.490244715350937, -6.490244715350937, -6.490244715350937, -6.0255252421385075, -6.330237324425012, -6.490244715350937, -6.490244715350937, -6.490244715350937, -6.490244715350937, -6.490244715350937, -6.490244715350937, -6.490244715350937, -5.419735914401909, -6.490244715350937, -6.490244715350937, -6.490244715350937, -6.090078714795011, -6.490244715350937, -6.490244715350937, -6.393882880487879, -5.419735914401909, -6.490244715350937, -5.419735914401909, -6.490244715350937, -6.490244715350937, -6.490244715350937, -6.490244715350937, -5.419735914401909, -6.490244715350937, -6.490244715350937, -6.490244715350937, -6.490244715350937, -5.419735914401909, -6.490244715350937, -6.490244715350937, -6.490244715350937, -6.490244715350937, -6.490244715350937, -5.419735914401909, -6.490244715350937, -6.490244715350937, -6.490244715350937, -5.419735914401909, -5.583145794407938, -6.218537254158802, -5.419735914401909, -5.229774803378203, -5.229774803378203, -5.79048240556638, -5.79048240556638, -5.609865353594538, -5.229774803378203, -6.090078714795011, -4.7999399756208705, -5.79048240556638, -5.229774803378203, -5.229774803378203, -5.79048240556638, -5.79048240556638, -5.79048240556638, -5.79048240556638, -5.411563396573989, -6.115341867076321, -5.79048240556638, -5.79048240556638, -5.419735914401909, -6.115341867076321, -5.79048240556638, -5.79048240556638, -5.004307917936672, -5.419735914401909, -4.7796255904215, -4.7796255904215, -5.019804147674388, -5.019804147674388, -5.019804147674388, -5.019804147674388, -4.7796255904215, -4.7796255904215, -4.7796255904215, -5.019804147674388, -5.019804147674388, -6.489576057167991, -7.099909530026569, -7.120013077405266, -6.489576057167991, -6.2399190151452775, -6.489576057167991, -6.26953978687083, -6.489576057167991, -6.489576057167991, -6.101697966033736, -5.92019022398456, -6.2399190151452775, -5.740026842788981, -6.489576057167991, -6.489576057167991, -5.89991581061486, -6.489576057167991, -6.101697966033736, -6.2399190151452775, -6.2399190151452775, -5.969513723121949, -6.489576057167991, -6.489576057167991, -5.83949992526418, -6.2399190151452775, -5.70023630657191, -6.489576057167991, -6.489576057167991, -6.489576057167991, -5.89991581061486, -6.2399190151452775, -6.2399190151452775, -6.489576057167991, -6.101697966033736, -6.489576057167991, -6.489576057167991, -6.489576057167991, -6.101697966033736, -6.489576057167991, -5.92019022398456, -6.2399190151452775, -6.489576057167991, -6.489576057167991, -5.740026842788981, -6.2399190151452775, -7.054394927900549, -6.101697966033736, -6.019989065191611, -5.89991581061486, -6.489576057167991, -6.489576057167991, -6.489576057167991, -6.489576057167991, -6.489576057167991, -6.489576057167991, -6.2399190151452775, -6.2399190151452775, -6.119736012606353, -5.70023630657191, -6.489576057167991, -6.489576057167991, -6.489576057167991, -6.489576057167991, -5.89991581061486, -6.489576057167991, -6.101697966033736, -6.489576057167991, -6.702237546371006, -7.054394927900549, -6.489576057167991, -5.90024993724722, -6.2399190151452775, -6.489576057167991, -6.489576057167991, -6.489576057167991, -6.489576057167991, -6.489576057167991, -6.489576057167991, -6.489576057167991, -6.489576057167991, -6.489576057167991, -6.185075880634046, -6.489576057167991, -6.489576057167991, -6.489576057167991, -5.709143153731274, -6.489576057167991, -6.316853504401913, -6.489576057167991, -6.489576057167991, -6.489576057167991, -6.489576057167991, -6.489576057167991, -6.489576057167991, -5.740026842788981, -6.489576057167991, -6.489576057167991, -6.489576057167991, -6.489576057167991, -6.489576057167991, -6.489576057167991, -6.489576057167991, -6.489576057167991, -6.489576057167991, -6.489576057167991, -6.5371691567993215, -6.618348604784363, -6.618348604784363, -6.489576057167991, -5.9047187047213905, -6.618348604784363, -6.489576057167991, -6.489576057167991, -6.489576057167991, -6.096652167394944, -6.177526677705983, -6.489576057167991, -6.177526677705983, -6.489576057167991, -6.489576057167991, -6.489576057167991, -6.234732610158987, -6.489576057167991, -6.489576057167991, -6.489576057167991, -6.5402090784413245, -6.489576057167991, -6.489576057167991, -6.489576057167991, -6.489576057167991, -6.489576057167991, -6.489576057167991, -6.489576057167991, -6.214471853840948, -6.489576057167991, -6.489576057167991, -6.489576057167991, -6.489576057167991, -6.489576057167991, -6.489576057167991, -6.489576057167991, -5.740026842788981, -5.450351663080475, -6.489576057167991, -6.489576057167991, -6.489576057167991, -6.214471853840948, -6.489576057167991, -5.450351663080475, -6.489576057167991, -6.489576057167991, -5.450351663080475, -6.489576057167991, -6.489576057167991, -5.450351663080475, -6.489576057167991, -5.450351663080475, -6.489576057167991, -5.450351663080475, -5.450351663080475, -5.450351663080475, -6.004225798057126, -5.572724398271048, -5.572724398271048, -5.87037371316546, -5.790018703029082, -5.87037371316546, -5.87037371316546, -5.87037371316546, -5.87037371316546, -5.87037371316546, -5.572724398271048, -5.790018703029082, -5.650074264667516, -5.650074264667516, -5.87037371316546, -5.87037371316546, -6.178497298235127, -6.178497298235127, -6.178497298235127, -6.177526677705983, -6.177526677705983, -5.87037371316546, -5.87037371316546, -6.489576057167991, -6.489576057167991, -5.450351663080475, -5.450351663080475, -5.017676781308585, -5.450351663080475, -5.450351663080475, -4.642823990584385, -5.020461887552795, -5.020461887552795, -5.020461887552795, -5.020461887552795, -5.020461887552795, -5.020461887552795, -5.020461887552795, -4.642823990584385, -5.020461887552795]","0     -7.22
1     -6.21
2     -7.24
3     -5.92
4     -5.96
       ... 
247   -6.00
248   -3.99
249   -5.24
250   -4.77
251   -4.71
Name: Permeability, Length: 252, dtype: float64","[array([-6.5083161 , -5.85991783, -6.5083161 , -5.94979983, -5.89975249,
       -6.98972853, -5.8197888 , -6.98972853, -6.3154404 , -6.04921103,
       -6.04921103, -6.5083161 , -5.89975249, -6.5083161 , -6.12665798,
       -6.04846517, -6.27950095, -6.04921103, -5.71990128, -6.5083161 ,
       -5.81985129, -6.5083161 , -6.5083161 , -6.39870119, -5.51973244,
       -6.04921103, -6.5083161 , -6.5083161 , -6.09310829, -6.04921103,
       -6.20017173, -6.5083161 , -6.5083161 , -6.04921103, -6.5083161 ,
       -6.04921103, -6.5083161 , -6.0204404 , -6.5083161 , -5.8197888 ,
       -6.09310829, -6.5083161 , -6.09310829, -6.39870119, -6.38510347,
       -6.80835247, -6.04921103, -6.5083161 , -6.5083161 , -6.5083161 ,
       -6.90007488, -6.04921103, -5.85991783, -6.5083161 , -6.09310829,
       -6.5083161 , -6.5083161 , -6.04921103, -6.12665798, -6.620202  ,
       -6.09310829, -6.04921103, -6.02044988, -5.71990128, -6.04921103,
       -6.12698768, -6.12869326, -6.5083161 , -6.5083161 , -6.5083161 ,
       -6.5083161 , -6.5083161 , -6.5083161 , -6.5083161 , -6.27950095,
       -6.04921103, -6.02044988, -6.5083161 , -6.5083161 , -6.5083161 ,
       -6.09310829, -5.85991783, -6.5083161 , -6.5083161 , -6.5083161 ,
       -6.5083161 , -6.5083161 , -5.81985129, -6.5083161 , -6.5083161 ,
       -6.69598494, -7.05516866, -5.8197888 , -6.02044988, -6.66989995,
       -7.05516866, -6.5083161 , -6.5083161 , -6.5083161 , -6.5083161 ,
       -6.5083161 , -6.5083161 , -7.05516866, -6.5083161 , -6.04921103,
       -6.5083161 , -6.5083161 , -6.5083161 , -6.5083161 , -6.5083161 ,
       -5.8197888 , -6.02044988, -6.5083161 , -6.5083161 , -6.0801932 ,
       -6.13018523, -6.5083161 , -6.5083161 , -6.5083161 , -6.5083161 ,
       -6.5083161 , -6.5083161 , -6.13018523, -6.5083161 , -5.78984667,
       -6.27744914, -6.5083161 , -6.5083161 , -6.5083161 , -6.5083161 ,
       -6.5083161 , -7.05516866, -6.06666567, -6.5083161 , -6.5083161 ,
       -6.5083161 , -6.5083161 , -6.5083161 , -6.5083161 , -6.70028479,
       -6.5083161 , -6.73270515, -6.06666567, -7.05516866, -6.620202  ,
       -6.48025888, -6.5083161 , -5.89051221, -6.13018523, -6.5083161 ,
       -6.5083161 , -6.620202  , -6.13018523, -5.33987013, -6.5083161 ,
       -6.5083161 , -6.5083161 , -6.5083161 , -6.13472907, -6.5083161 ,
       -6.5083161 , -6.5083161 , -6.5083161 , -6.5083161 , -6.5083161 ,
       -6.5083161 , -6.5083161 , -6.5083161 , -6.5083161 , -6.620202  ,
       -6.5083161 , -5.33987013, -6.5083161 , -6.5083161 , -6.5083161 ,
       -6.13018523, -6.5083161 , -6.5083161 , -6.23029461, -6.28024958,
       -5.8197888 , -6.5083161 , -6.5083161 , -6.13018523, -5.33987013,
       -6.5083161 , -6.5083161 , -6.620202  , -6.5083161 , -5.8197888 ,
       -6.5083161 , -6.5083161 , -5.8197888 , -5.33987013, -6.5083161 ,
       -5.8197888 , -6.5083161 , -5.33987013, -6.5083161 , -6.5083161 ,
       -6.5083161 , -6.5083161 , -6.5083161 , -5.33987013, -5.80219278,
       -6.23453091, -5.64136135, -6.30499035, -5.62476569, -5.78968531,
       -6.14448349, -6.18514398, -6.14448349, -6.14448349, -6.14448349,
       -5.62476569, -5.78968531, -6.39013389, -5.1273707 , -5.42592418,
       -5.78968531, -6.12707843, -6.14448349, -6.14448349, -6.14448349,
       -6.14448349, -6.14448349, -6.1797591 , -6.14448349, -6.14448349,
       -6.14448349, -6.5083161 , -6.5083161 , -6.1031634 , -4.57004739,
       -4.97965833, -4.57004739, -4.97965833, -5.33987013, -4.57004739,
       -4.95865459, -5.04034213, -5.04034213, -5.04034213, -5.04034213,
       -5.04034213, -5.04034213, -4.57004739, -4.57004739, -4.57004739,
       -4.57004739, -5.04034213]), array([-6.450092  , -5.86160226, -6.450092  , -6.13897305, -6.08882008,
       -7.09965772, -5.75039578, -7.09965772, -6.11167718, -6.06980809,
       -6.06980809, -6.450092  , -6.08882008, -6.450092  , -6.15208819,
       -6.07788816, -6.27995574, -6.06980809, -5.70042734, -6.450092  ,
       -5.81990467, -6.450092  , -6.450092  , -6.22275677, -5.7599216 ,
       -6.06980809, -6.450092  , -6.450092  , -6.11353678, -6.06980809,
       -6.40025171, -6.450092  , -6.450092  , -6.06980809, -6.450092  ,
       -6.06980809, -6.450092  , -5.91967849, -6.450092  , -5.75039578,
       -6.11353678, -6.450092  , -6.11353678, -6.22275677, -6.38639178,
       -6.61635001, -6.06980809, -6.450092  , -6.450092  , -6.450092  ,
       -6.78967793, -6.06980809, -5.86160226, -6.450092  , -6.11353678,
       -6.450092  , -6.450092  , -6.06980809, -6.15208819, -6.61980846,
       -6.11353678, -6.06980809, -5.85997699, -5.70042734, -6.06980809,
       -5.77539633, -6.1533887 , -6.450092  , -6.450092  , -6.450092  ,
       -6.450092  , -6.450092  , -6.450092  , -6.450092  , -6.27995574,
       -6.06980809, -5.85997699, -6.450092  , -6.450092  , -6.450092  ,
       -6.11353678, -5.86160226, -6.450092  , -6.450092  , -6.450092  ,
       -6.450092  , -6.450092  , -5.81990467, -6.450092  , -6.450092  ,
       -6.70345291, -7.05489935, -5.75039578, -5.85997699, -6.69957813,
       -7.05489935, -6.450092  , -6.450092  , -6.450092  , -6.450092  ,
       -6.450092  , -6.450092  , -7.05489935, -6.450092  , -6.06980809,
       -6.450092  , -6.450092  , -6.450092  , -6.450092  , -6.450092  ,
       -5.75039578, -5.85997699, -6.450092  , -6.450092  , -5.89104423,
       -6.26390557, -6.450092  , -6.450092  , -6.450092  , -6.450092  ,
       -6.450092  , -6.450092  , -6.26390557, -6.450092  , -5.78958836,
       -6.11504825, -6.450092  , -6.450092  , -6.450092  , -6.450092  ,
       -6.450092  , -7.05489935, -6.00753756, -6.450092  , -6.450092  ,
       -6.450092  , -6.450092  , -6.450092  , -6.450092  , -6.67384635,
       -6.450092  , -6.50934681, -6.00753756, -7.05489935, -6.61980846,
       -6.17749506, -6.450092  , -5.90461466, -6.26390557, -6.450092  ,
       -6.450092  , -6.61980846, -6.26390557, -5.43981732, -6.450092  ,
       -6.450092  , -6.450092  , -6.450092  , -6.1583757 , -6.450092  ,
       -6.450092  , -6.450092  , -6.450092  , -6.450092  , -6.450092  ,
       -6.450092  , -6.450092  , -6.450092  , -6.450092  , -6.61980846,
       -6.450092  , -5.43981732, -6.450092  , -6.450092  , -6.450092  ,
       -6.26390557, -6.450092  , -6.450092  , -6.39558143, -6.36498635,
       -5.75039578, -6.450092  , -6.450092  , -6.26390557, -5.43981732,
       -6.450092  , -6.450092  , -6.61980846, -6.450092  , -5.75039578,
       -6.450092  , -6.450092  , -5.75039578, -5.43981732, -6.450092  ,
       -5.75039578, -6.450092  , -5.43981732, -6.450092  , -6.450092  ,
       -6.450092  , -6.450092  , -6.450092  , -5.43981732, -5.37004404,
       -5.96747337, -5.74446443, -6.10827438, -5.52519548, -5.27047693,
       -5.86971209, -6.10570109, -5.86971209, -5.86971209, -5.86971209,
       -5.52519548, -5.27047693, -6.28788555, -5.14594671, -5.63833439,
       -5.27047693, -6.06055217, -5.86971209, -5.86971209, -5.86971209,
       -5.86971209, -5.86971209, -6.13955252, -5.86971209, -5.86971209,
       -5.86971209, -6.450092  , -6.450092  , -5.9512298 , -4.54693529,
       -4.97962377, -4.54693529, -4.97962377, -5.43981732, -4.54693529,
       -4.93864712, -5.04011481, -5.04011481, -5.04011481, -5.04011481,
       -5.04011481, -5.04011481, -4.54693529, -4.54693529, -4.54693529,
       -4.54693529, -5.04011481]), array([-6.49983421, -5.86003337, -6.49983421, -5.94971964, -5.89991344,
       -6.9899945 , -5.74005924, -6.9899945 , -6.18564686, -6.15014014,
       -6.15014014, -6.49983421, -5.89991344, -6.49983421, -6.09305717,
       -6.00747056, -6.01965242, -6.15014014, -5.7003081 , -6.49983421,
       -6.08399749, -6.49983421, -6.49983421, -6.29230352, -5.75980906,
       -6.15014014, -6.49983421, -6.49983421, -6.11343262, -6.15014014,
       -6.19958261, -6.49983421, -6.49983421, -6.15014014, -6.49983421,
       -6.15014014, -6.49983421, -5.91982353, -6.49983421, -5.74005924,
       -6.11343262, -6.49983421, -6.11343262, -6.29230352, -6.38417781,
       -6.6237109 , -6.15014014, -6.49983421, -6.49983421, -6.49983421,
       -6.8156768 , -6.15014014, -5.86003337, -6.49983421, -6.11343262,
       -6.49983421, -6.49983421, -6.15014014, -6.09305717, -6.6901126 ,
       -6.11343262, -6.15014014, -5.89681967, -5.7003081 , -6.15014014,
       -5.77172726, -6.09647982, -6.49983421, -6.49983421, -6.49983421,
       -6.49983421, -6.49983421, -6.49983421, -6.49983421, -6.01965242,
       -6.15014014, -5.89681967, -6.49983421, -6.49983421, -6.49983421,
       -6.11343262, -5.86003337, -6.49983421, -6.49983421, -6.49983421,
       -6.49983421, -6.49983421, -6.08399749, -6.49983421, -6.49983421,
       -6.70447758, -7.05504222, -5.74005924, -5.89681967, -6.60011853,
       -7.05504222, -6.49983421, -6.49983421, -6.49983421, -6.49983421,
       -6.49983421, -6.49983421, -7.05504222, -6.49983421, -6.15014014,
       -6.49983421, -6.49983421, -6.49983421, -6.49983421, -6.49983421,
       -5.74005924, -5.89681967, -6.49983421, -6.49983421, -5.8209127 ,
       -6.16123951, -6.49983421, -6.49983421, -6.49983421, -6.49983421,
       -6.49983421, -6.49983421, -6.16123951, -6.49983421, -5.79040217,
       -6.04172081, -6.49983421, -6.49983421, -6.49983421, -6.49983421,
       -6.49983421, -7.05504222, -5.96996589, -6.49983421, -6.49983421,
       -6.49983421, -6.49983421, -6.49983421, -6.49983421, -6.69987287,
       -6.49983421, -6.6896423 , -5.96996589, -7.05504222, -6.6901126 ,
       -6.28032438, -6.49983421, -5.90404725, -6.16123951, -6.49983421,
       -6.49983421, -6.6901126 , -6.16123951, -5.44037819, -6.49983421,
       -6.49983421, -6.49983421, -6.49983421, -6.10342267, -6.49983421,
       -6.49983421, -6.49983421, -6.49983421, -6.49983421, -6.49983421,
       -6.49983421, -6.49983421, -6.49983421, -6.49983421, -6.6901126 ,
       -6.49983421, -5.44037819, -6.49983421, -6.49983421, -6.49983421,
       -6.16123951, -6.49983421, -6.49983421, -6.32720679, -6.09253911,
       -5.74005924, -6.49983421, -6.49983421, -6.16123951, -5.44037819,
       -6.49983421, -6.49983421, -6.6901126 , -6.49983421, -5.74005924,
       -6.49983421, -6.49983421, -5.74005924, -5.44037819, -6.49983421,
       -5.74005924, -6.49983421, -5.44037819, -6.49983421, -6.49983421,
       -6.49983421, -6.49983421, -6.49983421, -5.44037819, -5.36836915,
       -6.10561843, -5.71593919, -6.22327268, -5.56516833, -5.32993273,
       -6.04992928, -6.10222456, -6.04992928, -6.04992928, -6.04992928,
       -5.56516833, -5.32993273, -6.34152449, -5.08667382, -5.57002364,
       -5.32993273, -6.00357567, -6.04992928, -6.04992928, -6.04992928,
       -6.04992928, -6.04992928, -6.13993966, -6.04992928, -6.04992928,
       -6.04992928, -6.49983421, -6.49983421, -5.93545209, -4.60753214,
       -5.00771711, -4.60753214, -5.00771711, -5.44037819, -4.60753214,
       -5.00615424, -5.03986257, -5.03986257, -5.03986257, -5.03986257,
       -5.03986257, -5.03986257, -4.60753214, -4.60753214, -4.60753214,
       -4.60753214, -5.03986257]), array([-6.49024472, -5.89981785, -6.49024472, -5.94990015, -5.85971989,
       -7.11987175, -5.77995833, -7.11987175, -6.18187356, -6.08005871,
       -6.08005871, -6.49024472, -5.85971989, -6.49024472, -6.07084948,
       -5.98910629, -6.35998304, -6.08005871, -5.65040179, -6.49024472,
       -5.81997351, -6.49024472, -6.49024472, -6.35086177, -5.78980082,
       -6.08005871, -6.49024472, -6.49024472, -6.11503915, -6.08005871,
       -6.39984639, -6.49024472, -6.49024472, -6.08005871, -6.49024472,
       -6.08005871, -6.49024472, -5.91983419, -6.49024472, -5.77995833,
       -6.11503915, -6.49024472, -6.11503915, -6.35086177, -6.38222956,
       -6.70856538, -6.08005871, -6.49024472, -6.49024472, -6.49024472,
       -6.85232912, -6.08005871, -5.89981785, -6.49024472, -6.11503915,
       -6.49024472, -6.49024472, -6.08005871, -6.07084948, -6.69000634,
       -6.11503915, -6.08005871, -6.01995029, -5.65040179, -6.08005871,
       -5.77117041, -6.07400192, -6.49024472, -6.49024472, -6.49024472,
       -6.49024472, -6.49024472, -6.49024472, -6.49024472, -6.35998304,
       -6.08005871, -6.01995029, -6.49024472, -6.49024472, -6.49024472,
       -6.11503915, -5.89981785, -6.49024472, -6.49024472, -6.49024472,
       -6.49024472, -6.49024472, -5.81997351, -6.49024472, -6.49024472,
       -6.69245081, -7.05491411, -5.77995833, -6.01995029, -6.66999537,
       -7.05491411, -6.49024472, -6.49024472, -6.49024472, -6.49024472,
       -6.49024472, -6.49024472, -7.05491411, -6.49024472, -6.08005871,
       -6.49024472, -6.49024472, -6.49024472, -6.49024472, -6.49024472,
       -5.77995833, -6.01995029, -6.49024472, -6.49024472, -6.20175544,
       -6.33023732, -6.49024472, -6.49024472, -6.49024472, -6.49024472,
       -6.49024472, -6.49024472, -6.33023732, -6.49024472, -5.79044474,
       -6.48197645, -6.49024472, -6.49024472, -6.49024472, -6.49024472,
       -6.49024472, -7.05491411, -5.87226315, -6.49024472, -6.49024472,
       -6.49024472, -6.49024472, -6.49024472, -6.49024472, -6.69989476,
       -6.49024472, -6.69766058, -5.87226315, -7.05491411, -6.69000634,
       -6.4253833 , -6.49024472, -5.90448759, -6.33023732, -6.49024472,
       -6.49024472, -6.69000634, -6.33023732, -5.41973591, -6.49024472,
       -6.49024472, -6.49024472, -6.49024472, -6.08121681, -6.49024472,
       -6.49024472, -6.49024472, -6.49024472, -6.49024472, -6.49024472,
       -6.49024472, -6.49024472, -6.49024472, -6.49024472, -6.69000634,
       -6.49024472, -5.41973591, -6.49024472, -6.49024472, -6.49024472,
       -6.33023732, -6.49024472, -6.49024472, -6.5120258 , -6.28051907,
       -5.77995833, -6.49024472, -6.49024472, -6.33023732, -5.41973591,
       -6.49024472, -6.49024472, -6.69000634, -6.49024472, -5.77995833,
       -6.49024472, -6.49024472, -5.77995833, -5.41973591, -6.49024472,
       -5.77995833, -6.49024472, -5.41973591, -6.49024472, -6.49024472,
       -6.49024472, -6.49024472, -6.49024472, -5.41973591, -5.38151688,
       -5.98306501, -5.70688011, -6.11659015, -5.60986535, -5.2297748 ,
       -5.79048241, -6.05069912, -5.79048241, -5.79048241, -5.79048241,
       -5.60986535, -5.2297748 , -6.09007871, -4.79993998, -5.48820031,
       -5.2297748 , -5.98882893, -5.79048241, -5.79048241, -5.79048241,
       -5.79048241, -5.79048241, -6.14020682, -5.79048241, -5.79048241,
       -5.79048241, -6.49024472, -6.49024472, -6.25898526, -4.77962559,
       -5.00430792, -4.77962559, -5.00430792, -5.41973591, -4.77962559,
       -4.96224588, -5.01980415, -5.01980415, -5.01980415, -5.01980415,
       -5.01980415, -5.01980415, -4.77962559, -4.77962559, -4.77962559,
       -4.77962559, -5.01980415]), array([-6.48957606, -5.89991581, -6.48957606, -5.94976135, -5.89966084,
       -7.12001308, -5.74002684, -7.12001308, -6.18433225, -6.23991902,
       -6.23991902, -6.48957606, -5.89966084, -6.48957606, -6.09631687,
       -6.02067326, -6.28004148, -6.23991902, -5.70023631, -6.48957606,
       -5.82003407, -6.48957606, -6.48957606, -6.2615848 , -5.7600004 ,
       -6.23991902, -6.48957606, -6.48957606, -6.10169797, -6.23991902,
       -5.92019022, -6.48957606, -6.48957606, -6.23991902, -6.48957606,
       -6.23991902, -6.48957606, -6.01998907, -6.48957606, -5.74002684,
       -6.10169797, -6.48957606, -6.10169797, -6.2615848 , -6.09666249,
       -6.68556151, -6.23991902, -6.48957606, -6.48957606, -6.48957606,
       -6.89973372, -6.23991902, -5.89991581, -6.48957606, -6.10169797,
       -6.48957606, -6.48957606, -6.23991902, -6.09631687, -6.6183486 ,
       -6.10169797, -6.23991902, -6.11973601, -5.70023631, -6.23991902,
       -5.77221668, -6.09824492, -6.48957606, -6.48957606, -6.48957606,
       -6.48957606, -6.48957606, -6.48957606, -6.48957606, -6.28004148,
       -6.23991902, -6.11973601, -6.48957606, -6.48957606, -6.48957606,
       -6.10169797, -5.89991581, -6.48957606, -6.48957606, -6.48957606,
       -6.48957606, -6.48957606, -5.82003407, -6.48957606, -6.48957606,
       -6.67617088, -7.05439493, -5.74002684, -6.11973601, -6.67016192,
       -7.05439493, -6.48957606, -6.48957606, -6.48957606, -6.48957606,
       -6.48957606, -6.48957606, -7.05439493, -6.48957606, -6.23991902,
       -6.48957606, -6.48957606, -6.48957606, -6.48957606, -6.48957606,
       -5.74002684, -6.11973601, -6.48957606, -6.48957606, -6.3168535 ,
       -6.21447185, -6.48957606, -6.48957606, -6.48957606, -6.48957606,
       -6.48957606, -6.48957606, -6.21447185, -6.48957606, -5.70914315,
       -6.53716916, -6.48957606, -6.48957606, -6.48957606, -6.48957606,
       -6.48957606, -7.05439493, -6.16733975, -6.48957606, -6.48957606,
       -6.48957606, -6.48957606, -6.48957606, -6.48957606, -6.70223755,
       -6.48957606, -6.7304325 , -6.16733975, -7.05439493, -6.6183486 ,
       -6.17752668, -6.48957606, -5.9047187 , -6.21447185, -6.48957606,
       -6.48957606, -6.6183486 , -6.21447185, -5.45035166, -6.48957606,
       -6.48957606, -6.48957606, -6.48957606, -6.1092041 , -6.48957606,
       -6.48957606, -6.48957606, -6.48957606, -6.48957606, -6.48957606,
       -6.48957606, -6.48957606, -6.48957606, -6.48957606, -6.6183486 ,
       -6.48957606, -5.45035166, -6.48957606, -6.48957606, -6.48957606,
       -6.21447185, -6.48957606, -6.48957606, -6.32974906, -6.28005738,
       -5.74002684, -6.48957606, -6.48957606, -6.21447185, -5.45035166,
       -6.48957606, -6.48957606, -6.6183486 , -6.48957606, -5.74002684,
       -6.48957606, -6.48957606, -5.74002684, -5.45035166, -6.48957606,
       -5.74002684, -6.48957606, -5.45035166, -6.48957606, -6.48957606,
       -6.48957606, -6.48957606, -6.48957606, -5.45035166, -5.33666918,
       -5.92028235, -5.82327998, -6.0042258 , -5.5727244 , -5.7900187 ,
       -5.87037371, -6.02010891, -5.87037371, -5.87037371, -5.87037371,
       -5.5727244 , -5.7900187 , -6.30105033, -5.65007426, -5.57304095,
       -5.7900187 , -6.00927227, -5.87037371, -5.87037371, -5.87037371,
       -5.87037371, -5.87037371, -6.09562531, -5.87037371, -5.87037371,
       -5.87037371, -6.48957606, -6.48957606, -5.92372208, -4.64282399,
       -5.01767678, -4.64282399, -5.01767678, -5.45035166, -4.64282399,
       -4.95799223, -5.02046189, -5.02046189, -5.02046189, -5.02046189,
       -5.02046189, -5.02046189, -4.64282399, -4.64282399, -4.64282399,
       -4.64282399, -5.02046189])]","[-6.48761262 -5.87625743 -6.48761262 -5.9876308  -5.92957335 -7.06385311
 -5.7660458  -7.06385311 -6.19579405 -6.1178274  -6.1178274  -6.48761262
 -5.92957335 -6.48761262 -6.10779394 -6.02872069 -6.24382672 -6.1178274
 -5.69425496 -6.48761262 -5.8727522  -6.48761262 -6.48761262 -6.30524161
 -5.71785286 -6.1178274  -6.48761262 -6.48761262 -6.10736296 -6.1178274
 -6.22400853 -6.48761262 -6.48761262 -6.1178274  -6.48761262 -6.1178274
 -6.48761262 -5.95995314 -6.48761262 -5.7660458  -6.10736296 -6.48761262
 -6.10736296 -6.30524161 -6.32691302 -6.68850805 -6.1178274  -6.48761262
 -6.48761262 -6.48761262 -6.85149849 -6.1178274  -5.87625743 -6.48761262
 -6.10736296 -6.48761262 -6.48761262 -6.1178274  -6.10779394 -6.6476956
 -6.10736296 -6.1178274  -5.98338657 -5.69425496 -6.1178274  -5.84349967
 -6.11016173 -6.48761262 -6.48761262 -6.48761262 -6.48761262 -6.48761262
 -6.48761262 -6.48761262 -6.24382672 -6.1178274  -5.98338657 -6.48761262
 -6.48761262 -6.48761262 -6.10736296 -5.87625743 -6.48761262 -6.48761262
 -6.48761262 -6.48761262 -6.48761262 -5.8727522  -6.48761262 -6.48761262
 -6.69450742 -7.05488385 -5.7660458  -5.98338657 -6.66195078 -7.05488385
 -6.48761262 -6.48761262 -6.48761262 -6.48761262 -6.48761262 -6.48761262
 -7.05488385 -6.48761262 -6.1178274  -6.48761262 -6.48761262 -6.48761262
 -6.48761262 -6.48761262 -5.7660458  -5.98338657 -6.48761262 -6.48761262
 -6.06215182 -6.2200079  -6.48761262 -6.48761262 -6.48761262 -6.48761262
 -6.48761262 -6.48761262 -6.2200079  -6.48761262 -5.77388502 -6.29067276
 -6.48761262 -6.48761262 -6.48761262 -6.48761262 -6.48761262 -7.05488385
 -6.0167544  -6.48761262 -6.48761262 -6.48761262 -6.48761262 -6.48761262
 -6.48761262 -6.69522726 -6.48761262 -6.67195747 -6.0167544  -7.05488385
 -6.6476956  -6.30819766 -6.48761262 -5.90167609 -6.2200079  -6.48761262
 -6.48761262 -6.6476956  -6.2200079  -5.41803064 -6.48761262 -6.48761262
 -6.48761262 -6.48761262 -6.11738967 -6.48761262 -6.48761262 -6.48761262
 -6.48761262 -6.48761262 -6.48761262 -6.48761262 -6.48761262 -6.48761262
 -6.48761262 -6.6476956  -6.48761262 -5.41803064 -6.48761262 -6.48761262
 -6.48761262 -6.2200079  -6.48761262 -6.48761262 -6.35897154 -6.2596703
 -5.7660458  -6.48761262 -6.48761262 -6.2200079  -5.41803064 -6.48761262
 -6.48761262 -6.6476956  -6.48761262 -5.7660458  -6.48761262 -6.48761262
 -5.7660458  -5.41803064 -6.48761262 -5.7660458  -6.48761262 -5.41803064
 -6.48761262 -6.48761262 -6.48761262 -6.48761262 -6.48761262 -5.41803064
 -5.45175841 -6.04219401 -5.72638501 -6.15147067 -5.57954385 -5.4819777
 -5.9449962  -6.09277553 -5.9449962  -5.9449962  -5.9449962  -5.57954385
 -5.4819777  -6.28213459 -5.16200109 -5.53910469 -5.4819777  -6.03786149
 -5.9449962  -5.9449962  -5.9449962  -5.9449962  -5.9449962  -6.13901668
 -5.9449962  -5.9449962  -5.9449962  -6.48761262 -6.48761262 -6.03451053
 -4.62939288 -4.99779678 -4.62939288 -4.99779678 -5.41803064 -4.62939288
 -4.96473881 -5.03211711 -5.03211711 -5.03211711 -5.03211711 -5.03211711
 -5.03211711 -4.62939288 -4.62939288 -4.62939288 -4.62939288 -5.03211711]","[1.99828990e-02 1.92862071e-02 1.99828990e-02 7.56711465e-02
 8.11206243e-02 6.08663253e-02 3.05911064e-02 6.08663253e-02
 6.60590887e-02 6.98441255e-02 6.98441255e-02 1.99828990e-02
 8.11206243e-02 1.99828990e-02 2.83958508e-02 3.12823096e-02
 1.16306383e-01 6.98441255e-02 2.32006444e-02 1.99828990e-02
 1.05622659e-01 1.99828990e-02 1.99828990e-02 6.27581912e-02
 9.97343748e-02 6.98441255e-02 1.99828990e-02 1.99828990e-02
 8.59265507e-03 6.98441255e-02 1.76324129e-01 1.99828990e-02
 1.99828990e-02 6.98441255e-02 1.99828990e-02 6.98441255e-02
 1.99828990e-02 4.92036238e-02 1.99828990e-02 3.05911064e-02
 8.59265507e-03 1.99828990e-02 8.59265507e-03 6.27581912e-02
 1.15133257e-01 6.95400850e-02 6.98441255e-02 1.99828990e-02
 1.99828990e-02 1.99828990e-02 4.42537386e-02 6.98441255e-02
 1.92862071e-02 1.99828990e-02 8.59265507e-03 1.99828990e-02
 1.99828990e-02 6.98441255e-02 2.83958508e-02 3.45954838e-02
 8.59265507e-03 6.98441255e-02 9.38355132e-02 2.32006444e-02
 6.98441255e-02 1.41751600e-01 2.77442790e-02 1.99828990e-02
 1.99828990e-02 1.99828990e-02 1.99828990e-02 1.99828990e-02
 1.99828990e-02 1.99828990e-02 1.16306383e-01 6.98441255e-02
 9.38355132e-02 1.99828990e-02 1.99828990e-02 1.99828990e-02
 8.59265507e-03 1.92862071e-02 1.99828990e-02 1.99828990e-02
 1.99828990e-02 1.99828990e-02 1.99828990e-02 1.05622659e-01
 1.99828990e-02 1.99828990e-02 1.02182907e-02 2.63209816e-04
 3.05911064e-02 9.38355132e-02 3.29677767e-02 2.63209816e-04
 1.99828990e-02 1.99828990e-02 1.99828990e-02 1.99828990e-02
 1.99828990e-02 1.99828990e-02 2.63209816e-04 1.99828990e-02
 6.98441255e-02 1.99828990e-02 1.99828990e-02 1.99828990e-02
 1.99828990e-02 1.99828990e-02 3.05911064e-02 9.38355132e-02
 1.99828990e-02 1.99828990e-02 1.85559548e-01 7.15961087e-02
 1.99828990e-02 1.99828990e-02 1.99828990e-02 1.99828990e-02
 1.99828990e-02 1.99828990e-02 7.15961087e-02 1.99828990e-02
 3.23725777e-02 1.95117135e-01 1.99828990e-02 1.99828990e-02
 1.99828990e-02 1.99828990e-02 1.99828990e-02 2.63209816e-04
 9.83045463e-02 1.99828990e-02 1.99828990e-02 1.99828990e-02
 1.99828990e-02 1.99828990e-02 1.99828990e-02 1.07259807e-02
 1.99828990e-02 8.30966169e-02 9.83045463e-02 2.63209816e-04
 3.45954838e-02 1.25117969e-01 1.99828990e-02 5.58662656e-03
 7.15961087e-02 1.99828990e-02 1.99828990e-02 3.45954838e-02
 7.15961087e-02 4.03254135e-02 1.99828990e-02 1.99828990e-02
 1.99828990e-02 1.99828990e-02 2.66498241e-02 1.99828990e-02
 1.99828990e-02 1.99828990e-02 1.99828990e-02 1.99828990e-02
 1.99828990e-02 1.99828990e-02 1.99828990e-02 1.99828990e-02
 1.99828990e-02 3.45954838e-02 1.99828990e-02 4.03254135e-02
 1.99828990e-02 1.99828990e-02 1.99828990e-02 7.15961087e-02
 1.99828990e-02 1.99828990e-02 9.29371777e-02 8.97754024e-02
 3.05911064e-02 1.99828990e-02 1.99828990e-02 7.15961087e-02
 4.03254135e-02 1.99828990e-02 1.99828990e-02 3.45954838e-02
 1.99828990e-02 3.05911064e-02 1.99828990e-02 1.99828990e-02
 3.05911064e-02 4.03254135e-02 1.99828990e-02 3.05911064e-02
 1.99828990e-02 4.03254135e-02 1.99828990e-02 1.99828990e-02
 1.99828990e-02 1.99828990e-02 1.99828990e-02 4.03254135e-02
 1.75849175e-01 1.13980706e-01 5.90492663e-02 1.03428663e-01
 3.51320782e-02 2.53388943e-01 1.31085359e-01 5.62834736e-02
 1.31085359e-01 1.31085359e-01 1.31085359e-01 3.51320782e-02
 2.53388943e-01 1.02437637e-01 2.74384722e-01 7.39665722e-02
 2.53388943e-01 5.07377233e-02 1.31085359e-01 1.31085359e-01
 1.31085359e-01 1.31085359e-01 1.31085359e-01 2.66282251e-02
 1.31085359e-01 1.31085359e-01 1.31085359e-01 1.99828990e-02
 1.99828990e-02 1.29710799e-01 8.19137291e-02 1.54614641e-02
 8.19137291e-02 1.54614641e-02 4.03254135e-02 8.19137291e-02
 2.22924327e-02 9.78835740e-03 9.78835740e-03 9.78835740e-03
 9.78835740e-03 9.78835740e-03 9.78835740e-03 8.19137291e-02
 8.19137291e-02 8.19137291e-02 8.19137291e-02 9.78835740e-03]"
10,MLPRegressor,"[-6.489324690951045, -7.204956281445274, -7.204956281445274, -7.099296539484816, -5.775773345922975, -6.749383761653018, -6.327987842885436, -5.775773345922975, -6.489324690951045, -6.489324690951045, -6.03549673655095, -5.64762779202241, -6.489324690951045, -6.489324690951045, -6.057369334147333, -5.771040400791042, -6.489324690951045, -5.795282072256251, -6.057369334147333, -6.564551306417123, -6.564551306417123, -5.775773345922975, -6.489324690951045, -5.851202687484528, -6.489324690951045, -5.978488387451083, -5.771040400791042, -5.64762779202241, -6.057369334147333, -3.4, -5.64762779202241, -6.960703076169665, -6.489324690951045, -6.489324690951045, -6.489324690951045, -6.489324690951045, -5.978488387451083, -5.551471470746829, -6.03549673655095, -6.057369334147333, -6.489324690951045, -6.489324690951045, -6.960703076169665, -5.578558692767928, -6.489324690951045, -6.489324690951045, -6.489324690951045, -6.489324690951045, -6.489324690951045, -6.489324690951045, -6.489324690951045, -6.489324690951045, -6.489324690951045, -6.057369334147333, -6.057369334147333, -6.057369334147333, -6.489324690951045, -6.489324690951045, -6.489324690951045, -5.551471470746829, -6.489324690951045, -6.489324690951045, -6.057369334147333, -5.851202687484528, -6.489324690951045, -6.489324690951045, -6.489324690951045, -6.489324690951045, -6.489324690951045, -6.489324690951045, -6.489324690951045, -6.489324690951045, -6.489324690951045, -6.489324690951045, -6.923644765769416, -5.978488387451083, -6.057369334147333, -6.489324690951045, -6.960703076169665, -6.489324690951045, -6.489324690951045, -6.489324690951045, -6.489324690951045, -6.489324690951045, -6.489324690951045, -6.19566811662436, -5.6796115828608675, -6.489324690951045, -6.489324690951045, -6.489324690951045, -6.489324690951045, -5.978488387451083, -6.489324690951045, -6.057369334147333, -5.978488387451083, -6.489324690951045, -6.489324690951045, -6.489324690951045, -6.489324690951045, -6.489324690951045, -6.057369334147333, -6.489324690951045, -6.055229397829095, -6.6267244212337815, -6.489324690951045, -6.6267244212337815, -6.19566811662436, -7.312577322640141, -6.489324690951045, -6.489324690951045, -6.6267244212337815, -6.489324690951045, -6.489324690951045, -5.74906818548307, -5.74906818548307, -6.6267244212337815, -6.6267244212337815, -6.489324690951045, -6.489324690951045, -6.489324690951045, -5.795155421369033, -6.6267244212337815, -6.489324690951045, -6.489324690951045, -6.489324690951045, -6.489324690951045, -5.978488387451083, -6.489324690951045, -6.489324690951045, -6.489324690951045, -6.489324690951045, -6.489324690951045, -6.489324690951045, -6.489324690951045, -6.489324690951045, -6.489324690951045, -6.6267244212337815, -6.160186411893001, -6.160186411893001, -6.160186411893001, -6.5774797134609315, -5.453338844885273, -6.160186411893001, -6.160186411893001, -6.489324690951045, -5.978488387451083, -6.489324690951045, -5.453338844885273, -6.489324690951045, -6.489324690951045, -6.489324690951045, -6.489324690951045, -6.489324690951045, -6.489324690951045, -5.453338844885273, -5.453338844885273, -6.489324690951045, -6.489324690951045, -6.239926300675541, -6.489324690951045, -6.489324690951045, -6.489324690951045, -5.453338844885273, -5.453338844885273, -5.453338844885273, -6.269712448033481, -5.110738727979029, -6.397836161319237, -6.489959745226463, -5.453338844885273, -5.453338844885273, -5.6818773604531, -6.124493873201793, -6.124493873201793, -6.124493873201793, -5.667960964699878, -6.360499719430299, -6.468486312794161, -6.124493873201793, -5.6818773604531, -6.124493873201793, -6.124493873201793, -6.124493873201793, -5.6818773604531, -6.489324690951045, -6.34614644926719, -6.489324690951045, -5.453338844885273, -6.489324690951045, -6.34614644926719, -5.453338844885273, -5.453338844885273, -4.694104530123919, -4.88462406068776, -4.88462406068776, -4.694104530123919, -5.202532654178835, -5.202532654178835, -5.202532654178835, -5.202532654178835, -4.694104530123921, -4.694104530123921, -7.703937965316745, -7.703937965316745, -6.451350218470163, -7.422426869279211, -6.037006330755392, -6.451350218470163, -5.945749828048763, -6.177492407476954, -5.948729005417068, -5.948729005417068, -5.366979281973704, -5.836775150541879, -5.7944714111387325, -6.451350218470163, -5.917550832409512, -6.037006330755392, -6.451350218470163, -6.451350218470163, -6.451350218470163, -6.451350218470163, -6.451350218470163, -5.945749828048763, -6.451350218470163, -6.451350218470163, -6.037006330755392, -5.945749828048763, -6.037006330755392, -6.197705925915497, -6.720906045876202, -5.836775150541879, -6.451350218470163, -6.451350218470163, -5.851274155742209, -6.451350218470163, -6.451350218470163, -6.835601592824444, -6.8307487033738585, -6.037006330755392, -6.037006330755392, -6.037006330755392, -6.451350218470163, -6.451350218470163, -6.451350218470163, -6.037006330755392, -7.252670297826034, -6.23926032172911, -6.772636693155546, -6.037006330755392, -6.8307487033738585, -6.451350218470163, -6.1861006415038124, -6.835601592824444, -7.015404557113804, -6.451350218470163, -6.877201844698982, -6.451350218470163, -6.8307487033738585, -5.851274155742209, -6.451350218470163, -6.451350218470163, -6.451350218470163, -6.451350218470163, -6.451350218470163, -6.451350218470163, -6.212209990410229, -6.037006330755392, -7.578676979190842, -7.252670297826034, -6.8307487033738585, -6.8307487033738585, -6.451350218470163, -6.451350218470163, -6.451350218470163, -7.252670297826034, -7.015404557113804, -6.451350218470163, -6.451350218470163, -6.590372208535552, -6.451350218470163, -7.252670297826034, -6.451350218470163, -6.590372208535552, -6.451350218470163, -5.929344523255497, -5.929344523255497, -6.451350218470163, -5.366979281973704, -6.451350218470163, -6.451350218470163, -6.501685583661984, -6.266177063275652, -6.451350218470163, -6.221940862400908, -6.451350218470163, -6.0620851394398825, -6.451350218470163, -6.451350218470163, -6.451350218470163, -6.451350218470163, -6.451350218470163, -6.451350218470163, -6.451350218470163, -6.451350218470163, -6.569717209340974, -6.569717209340974, -6.451350218470163, -6.451350218470163, -6.569717209340974, -6.451350218470163, -7.221950273982831, -6.451350218470163, -6.451350218470163, -6.451350218470163, -4.596973329873763, -6.501685583661984, -6.451350218470163, -6.451350218470163, -6.451350218470163, -6.451350218470163, -6.451350218470163, -6.451350218470163, -6.266177063275652, -6.451350218470163, -6.451350218470163, -6.451350218470163, -6.451350218470163, -6.451350218470163, -6.451350218470163, -6.451350218470163, -6.451350218470163, -6.451350218470163, -6.200232595332187, -6.266177063275652, -6.451350218470163, -6.451350218470163, -5.432887017284422, -6.988377982558982, -6.266177063275652, -6.451350218470163, -5.432887017284422, -6.451350218470163, -6.451350218470163, -6.451350218470163, -6.266177063275652, -6.451350218470163, -6.451350218470163, -5.432887017284422, -6.451350218470163, -6.451350218470163, -6.451350218470163, -6.451350218470163, -6.451350218470163, -6.451350218470163, -5.432887017284422, -6.451350218470163, -6.200232595332187, -6.451350218470163, -6.451350218470163, -6.451350218470163, -6.451350218470163, -6.451350218470163, -6.451350218470163, -5.432887017284422, -5.432887017284422, -5.432887017284422, -5.432887017284422, -5.7573049281234585, -5.840619216101954, -5.840619216101954, -5.840619216101954, -5.840619216101954, -5.137003141144218, -5.137003141144218, -5.840619216101954, -5.840619216101954, -5.528541292866089, -6.451350218470163, -5.840619216101954, -6.451350218470163, -5.840619216101954, -6.361786432743939, -4.62870540138918, -4.62870540138918, -4.62870540138918, -4.62870540138918, -4.9224763251654355, -4.9224763251654355, -4.9224763251654355, -4.9224763251654355, -4.9224763251654355, -4.9224763251654355, -4.9224763251654355, -4.9224763251654355, -4.9224763251654355, -4.711267284025079, -4.711267284025079, -4.62870540138918, -4.62870540138918, -4.62870540138918, -4.583724458554678, -3.4, -3.4, -6.825814603960744, -6.426242323069195, -5.6344855086707675, -5.6344855086707675, -6.426242323069195, -6.30429007990465, -6.426242323069195, -6.093138891587154, -6.426242323069195, -6.954071323650364, -5.574612435259539, -5.574612435259539, -5.8546094012922705, -5.8546094012922705, -6.263993943693316, -5.835623739087512, -6.426242323069195, -6.426242323069195, -6.426242323069195, -8.563632175976283, -6.426242323069195, -6.4151793991322545, -5.574612435259539, -6.426242323069195, -6.263993943693316, -6.426242323069195, -6.426242323069195, -6.426242323069195, -6.4151793991322545, -5.752894043411812, -6.426242323069195, -6.426242323069195, -6.426242323069195, -6.263993943693316, -6.426242323069195, -6.426242323069195, -6.426242323069195, -5.931911768003688, -6.426242323069195, -5.8546094012922705, -6.597990265960951, -6.426242323069195, -6.322231229856637, -5.835623739087512, -6.426242323069195, -6.4151793991322545, -6.426242323069195, -6.426242323069195, -6.426242323069195, -6.597990265960951, -7.011018939320246, -6.426242323069195, -6.4151793991322545, -6.426242323069195, -6.426242323069195, -6.426242323069195, -6.426242323069195, -5.752894043411812, -6.426242323069195, -6.426242323069195, -6.426242323069195, -6.426242323069195, -4.708533322471362, -6.426242323069195, -6.426242323069195, -6.4151793991322545, -6.426242323069195, -6.426242323069195, -6.426242323069195, -6.426242323069195, -6.426242323069195, -6.426242323069195, -6.426242323069195, -6.426242323069195, -6.248668284620846, -6.263993943693316, -6.426242323069195, -6.426242323069195, -6.616164548407312, -5.8546094012922705, -8.035461497409608, -6.426242323069195, -6.426242323069195, -5.835623739087512, -6.426242323069195, -6.426242323069195, -4.708533322471362, -6.426242323069195, -6.426242323069195, -6.263993943693316, -6.263993943693316, -6.426242323069195, -6.426242323069195, -6.426242323069195, -6.426242323069195, -4.708533322471362, -6.426242323069195, -6.616164548407312, -5.698163420241501, -6.426242323069195, -6.426242323069195, -6.426242323069195, -6.426242323069195, -6.426242323069195, -6.426242323069195, -6.426242323069195, -6.426242323069195, -5.847706363868223, -6.426242323069195, -7.196856703075852, -5.847706363868223, -6.426242323069195, -6.426242323069195, -6.426242323069195, -6.50719474660103, -6.426242323069195, -6.426242323069195, -6.426242323069195, -6.426242323069195, -6.426242323069195, -6.50719474660103, -6.426242323069195, -6.426242323069195, -6.426242323069195, -6.426242323069195, -6.426242323069195, -6.426242323069195, -6.426242323069195, -6.50719474660103, -6.426242323069195, -6.426242323069195, -6.426242323069195, -6.426242323069195, -6.135494593422262, -6.426242323069195, -5.7932090327179875, -6.426242323069195, -6.426242323069195, -6.426242323069195, -6.426242323069195, -6.426242323069195, -6.426242323069195, -6.426242323069195, -6.073463772568318, -6.426242323069195, -6.426242323069195, -6.426242323069195, -6.426242323069195, -6.206888652788347, -5.9725715928658, -6.206888652788347, -6.83341979121445, -6.263993943693316, -5.255365073648605, -6.206888652788347, -6.426242323069195, -6.426242323069195, -6.409308599992556, -6.426242323069195, -6.426242323069195, -6.426242323069195, -6.426242323069195, -6.426242323069195, -6.263993943693316, -6.263993943693316, -6.426242323069195, -5.255365073648605, -5.255365073648605, -5.255365073648605, -5.255365073648605, -5.113283585888375, -6.223218163330676, -5.817436065499287, -5.817436065499287, -6.073463772568318, -5.817436065499287, -5.817436065499287, -5.113283585888375, -5.817436065499287, -5.817436065499287, -5.817436065499287, -5.817436065499287, -5.817436065499287, -5.817436065499287, -6.426242323069195, -6.426242323069195, -6.249363441958488, -6.426242323069195, -5.255365073648605, -4.537267671425964, -4.499315954225303, -4.537267671425964, -5.255365073648605, -4.499315954225303, -4.499315954225303, -4.861860346520663, -4.861860346520663, -4.499315954225303, -4.499315954225303, -4.499315954225303, -4.861860346520664, -6.527898066778495, -6.952357937696234, -5.678677375146226, -6.83525142710106, -5.842604537390716, -6.527898066778495, -6.527898066778495, -6.527898066778495, -5.403232580966414, -6.14804864789019, -5.988735600072246, -5.678677375146226, -6.527898066778495, -6.527898066778495, -6.527898066778495, -6.527898066778495, -6.527898066778495, -6.14804864789019, -6.773980038620679, -5.842604537390716, -6.617819366656709, -6.527898066778495, -5.988735600072246, -6.403607031023236, -6.14804864789019, -6.527898066778495, -6.527898066778495, -6.14804864789019, -6.527898066778495, -6.527898066778495, -5.678677375146226, -5.988735600072246, -5.988735600072246, -5.988735600072246, -6.403607031023236, -6.527898066778495, -6.527898066778495, -6.527898066778495, -6.527898066778495, -6.527898066778495, -6.527898066778495, -6.527898066778495, -6.527898066778495, -6.403607031023236, -6.527898066778495, -6.527898066778495, -6.527898066778495, -6.527898066778495, -5.906318048724274, -6.527898066778495, -6.527898066778495, -6.527898066778495, -6.14804864789019, -5.678677375146226, -6.527898066778495, -6.527898066778495, -6.527898066778495, -5.715236052661432, -6.14804864789019, -5.678677375146226, -6.527898066778495, -6.280450664841477, -6.527898066778495, -6.527898066778495, -6.527898066778495, -6.527898066778495, -6.142793251563328, -6.007952056933178, -6.527898066778495, -6.527898066778495, -6.403607031023236, -6.527898066778495, -6.527898066778495, -6.527898066778495, -6.527898066778495, -6.527898066778495, -6.527898066778495, -6.296272920354837, -6.527898066778495, -6.14804864789019, -6.527898066778495, -6.527898066778495, -6.527898066778495, -6.360367398771104, -6.14804864789019, -6.14804864789019, -6.14804864789019, -5.906318048724274, -6.1351858906523935, -6.1351858906523935, -6.527898066778495, -6.527898066778495, -6.010806156791536, -7.0289386259561555, -6.527898066778495, -6.527898066778495, -6.296272920354837, -6.527898066778495, -6.527898066778495, -6.527898066778495, -6.527898066778495, -6.527898066778495, -6.67181033554306, -6.67181033554306, -6.527898066778495, -6.2304182474456065, -6.527898066778495, -6.527898066778495, -6.527898066778495, -6.527898066778495, -7.0289386259561555, -7.605885008258116, -6.200589101281003, -7.605885008258116, -6.527898066778495, -6.280450664841477, -5.906318048724274, -6.527898066778495, -6.527898066778495, -6.527898066778495, -6.527898066778495, -6.527898066778495, -6.0195629662702235, -6.280450664841477, -6.527898066778495, -6.527898066778495, -6.527898066778495, -6.527898066778495, -6.527898066778495, -6.527898066778495, -6.527898066778495, -5.398893108021336, -6.527898066778495, -6.527898066778495, -6.527898066778495, -6.0688284314194725, -6.527898066778495, -6.527898066778495, -5.986942516164371, -5.398893108021336, -6.527898066778495, -5.398893108021336, -6.527898066778495, -6.527898066778495, -6.527898066778495, -6.527898066778495, -5.398893108021336, -6.527898066778495, -6.527898066778495, -6.527898066778495, -6.527898066778495, -5.398893108021336, -6.527898066778495, -6.527898066778495, -6.527898066778495, -6.527898066778495, -6.527898066778495, -5.398893108021336, -6.527898066778495, -6.527898066778495, -6.527898066778495, -5.398893108021336, -5.513818637688172, -5.089906650230282, -5.398893108021336, -5.184234308720886, -5.184234308720886, -5.778541966687857, -5.778541966687857, -5.4701891388504835, -5.184234308720886, -6.0688284314194725, -4.281199601970921, -5.778541966687857, -5.184234308720886, -5.184234308720886, -5.778541966687857, -5.778541966687857, -5.778541966687857, -5.778541966687857, -5.1970460597039345, -6.1157327511690305, -5.778541966687857, -5.778541966687857, -5.398893108021336, -6.1157327511690305, -5.778541966687857, -5.778541966687857, -4.93841735731167, -5.398893108021336, -4.6639203300898915, -4.6639203300898915, -5.083449463545729, -5.083449463545729, -5.083449463545729, -5.083449463545729, -4.6639203300898915, -4.6639203300898915, -4.6639203300898915, -5.083449463545729, -5.083449463545729, -6.485104298823155, -7.338567550132428, -7.110942886599949, -6.485104298823155, -6.079729911573944, -6.485104298823155, -6.334877342572456, -6.485104298823155, -6.485104298823155, -5.983546213059615, -6.126243954711727, -6.079729911573944, -5.977797215253755, -6.485104298823155, -6.485104298823155, -5.805541055068288, -6.485104298823155, -5.983546213059615, -6.079729911573944, -6.079729911573944, -5.652890466953638, -6.485104298823155, -6.485104298823155, -5.226449256799718, -6.079729911573944, -5.748152225760615, -6.485104298823155, -6.485104298823155, -6.485104298823155, -5.805541055068288, -6.079729911573944, -6.079729911573944, -6.485104298823155, -5.983546213059615, -6.485104298823155, -6.485104298823155, -6.485104298823155, -5.983546213059615, -6.485104298823155, -6.126243954711727, -6.079729911573944, -6.485104298823155, -6.485104298823155, -5.977797215253755, -6.079729911573944, -6.948190174371895, -5.983546213059615, -6.364489797320176, -5.805541055068288, -6.485104298823155, -6.485104298823155, -6.485104298823155, -6.485104298823155, -6.485104298823155, -6.485104298823155, -6.079729911573944, -6.079729911573944, -5.7969726679067515, -5.748152225760615, -6.485104298823155, -6.485104298823155, -6.485104298823155, -6.485104298823155, -5.805541055068288, -6.485104298823155, -5.983546213059615, -6.485104298823155, -6.64913370560784, -6.948190174371895, -6.485104298823155, -5.651004212095794, -6.079729911573944, -6.485104298823155, -6.485104298823155, -6.485104298823155, -6.485104298823155, -6.485104298823155, -6.485104298823155, -6.485104298823155, -6.485104298823155, -6.485104298823155, -7.559282864767319, -6.485104298823155, -6.485104298823155, -6.485104298823155, -5.6893544830127984, -6.485104298823155, -6.104218967107426, -6.485104298823155, -6.485104298823155, -6.485104298823155, -6.485104298823155, -6.485104298823155, -6.485104298823155, -5.977797215253755, -6.485104298823155, -6.485104298823155, -6.485104298823155, -6.485104298823155, -6.485104298823155, -6.485104298823155, -6.485104298823155, -6.485104298823155, -6.485104298823155, -6.485104298823155, -6.293493021477383, -6.547971522343085, -6.547971522343085, -6.485104298823155, -5.932474722725695, -6.547971522343085, -6.485104298823155, -6.485104298823155, -6.485104298823155, -3.4, -5.923445079054323, -6.485104298823155, -5.923445079054323, -6.485104298823155, -6.485104298823155, -6.485104298823155, -6.088141848906655, -6.485104298823155, -6.485104298823155, -6.485104298823155, -6.5446727346961815, -6.485104298823155, -6.485104298823155, -6.485104298823155, -6.485104298823155, -6.485104298823155, -6.485104298823155, -6.485104298823155, -6.178859953703831, -6.485104298823155, -6.485104298823155, -6.485104298823155, -6.485104298823155, -6.485104298823155, -6.485104298823155, -6.485104298823155, -5.977797215253755, -5.491789858358542, -6.485104298823155, -6.485104298823155, -6.485104298823155, -6.178859953703831, -6.485104298823155, -5.491789858358542, -6.485104298823155, -6.485104298823155, -5.491789858358542, -6.485104298823155, -6.485104298823155, -5.491789858358542, -6.485104298823155, -5.491789858358542, -6.485104298823155, -5.491789858358542, -5.491789858358542, -5.491789858358542, -5.750757518905391, -5.2286655411279, -5.2286655411279, -5.93431166739041, -5.670461737939473, -5.93431166739041, -5.93431166739041, -5.93431166739041, -5.93431166739041, -5.93431166739041, -5.2286655411279, -5.670461737939473, -5.482862715334998, -5.482862715334998, -5.93431166739041, -5.93431166739041, -6.159577765983518, -6.159577765983518, -6.159577765983518, -5.923445079054323, -5.923445079054323, -5.93431166739041, -5.93431166739041, -6.485104298823155, -6.485104298823155, -5.491789858358542, -5.491789858358542, -4.76015020588927, -5.491789858358542, -5.491789858358542, -4.524879144520445, -5.022402273854015, -5.022402273854015, -5.022402273854015, -5.022402273854015, -5.022402273854015, -5.022402273854015, -5.022402273854015, -4.524879144520445, -5.022402273854015]","0     -7.22
1     -6.21
2     -7.24
3     -5.92
4     -5.96
       ... 
247   -6.00
248   -3.99
249   -5.24
250   -4.77
251   -4.71
Name: Permeability, Length: 252, dtype: float64","[array([-6.48932469, -5.77577335, -6.48932469, -5.64993248, -5.82382896,
       -7.09929654, -5.97848839, -7.09929654, -6.33270678, -6.05736933,
       -6.05736933, -6.48932469, -5.82382896, -6.48932469, -3.41557603,
       -5.32746972, -6.19566812, -6.05736933, -5.64762779, -6.48932469,
       -4.73895227, -6.48932469, -6.48932469, -6.34075567, -5.55147147,
       -6.05736933, -6.48932469, -6.48932469, -5.85120269, -6.05736933,
       -6.03549674, -6.48932469, -6.48932469, -6.05736933, -6.48932469,
       -6.05736933, -6.48932469, -5.7710404 , -6.48932469, -5.97848839,
       -5.85120269, -6.48932469, -5.85120269, -6.34075567, -6.25640297,
       -6.74998256, -6.05736933, -6.48932469, -6.48932469, -6.48932469,
       -6.91011058, -6.05736933, -5.77577335, -6.48932469, -5.85120269,
       -6.48932469, -6.48932469, -6.05736933, -3.41557603, -6.62672442,
       -5.85120269, -6.05736933, -5.67961158, -5.64762779, -6.05736933,
       -3.4       , -8.39519303, -6.48932469, -6.48932469, -6.48932469,
       -6.48932469, -6.48932469, -6.48932469, -6.48932469, -6.19566812,
       -6.05736933, -5.67961158, -6.48932469, -6.48932469, -6.48932469,
       -5.85120269, -5.77577335, -6.48932469, -6.48932469, -6.48932469,
       -6.48932469, -6.48932469, -4.73895227, -6.48932469, -6.48932469,
       -6.97170833, -6.92364477, -5.97848839, -5.67961158, -6.96070308,
       -6.92364477, -6.48932469, -6.48932469, -6.48932469, -6.48932469,
       -6.48932469, -6.48932469, -6.92364477, -6.48932469, -6.05736933,
       -6.48932469, -6.48932469, -6.48932469, -6.48932469, -6.48932469,
       -5.97848839, -5.67961158, -6.48932469, -6.48932469, -5.81954126,
       -6.16018641, -6.48932469, -6.48932469, -6.48932469, -6.48932469,
       -6.48932469, -6.48932469, -6.16018641, -6.48932469, -5.58314434,
       -6.01442896, -6.48932469, -6.48932469, -6.48932469, -6.48932469,
       -6.48932469, -6.92364477, -5.91975675, -6.48932469, -6.48932469,
       -6.48932469, -6.48932469, -6.48932469, -6.48932469, -6.65222887,
       -6.48932469, -7.17851624, -5.91975675, -6.92364477, -6.62672442,
       -6.2399263 , -6.48932469, -5.74906819, -6.16018641, -6.48932469,
       -6.48932469, -6.62672442, -6.16018641, -5.45333884, -6.48932469,
       -6.48932469, -6.48932469, -6.48932469, -4.20090782, -6.48932469,
       -6.48932469, -6.48932469, -6.48932469, -6.48932469, -6.48932469,
       -6.48932469, -6.48932469, -6.48932469, -6.48932469, -6.62672442,
       -6.48932469, -5.45333884, -6.48932469, -6.48932469, -6.48932469,
       -6.16018641, -6.48932469, -6.48932469, -6.21698714, -6.0549158 ,
       -5.97848839, -6.48932469, -6.48932469, -6.16018641, -5.45333884,
       -6.48932469, -6.48932469, -6.62672442, -6.48932469, -5.97848839,
       -6.48932469, -6.48932469, -5.97848839, -5.45333884, -6.48932469,
       -5.97848839, -6.48932469, -5.45333884, -6.48932469, -6.48932469,
       -6.48932469, -6.48932469, -6.48932469, -5.45333884, -5.08700177,
       -6.26971245, -5.58605945, -6.06698512, -5.66796096, -5.68187736,
       -6.12449387, -4.96265964, -6.12449387, -6.12449387, -6.12449387,
       -5.66796096, -5.68187736, -6.36049972, -4.89893736, -5.61610209,
       -5.68187736, -3.4       , -6.12449387, -6.12449387, -6.12449387,
       -6.12449387, -6.12449387, -6.34614645, -6.12449387, -6.12449387,
       -6.12449387, -6.48932469, -6.48932469, -5.88318266, -4.69410453,
       -4.88462406, -4.69410453, -4.88462406, -5.45333884, -4.69410453,
       -5.00158053, -5.20253265, -5.20253265, -5.20253265, -5.20253265,
       -5.20253265, -5.20253265, -4.69410453, -4.69410453, -4.69410453,
       -4.69410453, -5.20253265]), array([-6.45135022, -5.83677515, -6.45135022, -7.42242687, -5.94872901,
       -7.83708161, -6.2002326 , -7.83708161, -5.93903493, -6.03700633,
       -6.03700633, -6.45135022, -5.94872901, -6.45135022, -3.77267019,
       -6.21003831, -6.21261484, -6.03700633, -5.94574983, -6.45135022,
       -5.85127416, -6.45135022, -6.45135022, -6.26626572, -5.36697928,
       -6.03700633, -6.45135022, -6.45135022, -6.8307487 , -6.03700633,
       -6.21220999, -6.45135022, -6.45135022, -6.03700633, -6.45135022,
       -6.03700633, -6.45135022, -6.58844882, -6.45135022, -6.2002326 ,
       -6.8307487 , -6.45135022, -6.8307487 , -6.26626572, -6.8077555 ,
       -6.71973212, -6.03700633, -6.45135022, -6.45135022, -6.45135022,
       -6.87720184, -6.03700633, -5.83677515, -6.45135022, -6.8307487 ,
       -6.45135022, -6.45135022, -6.03700633, -3.77267019, -6.59037221,
       -6.8307487 , -6.03700633, -5.92934452, -5.94574983, -6.03700633,
       -5.5429641 , -9.55169883, -6.45135022, -6.45135022, -6.45135022,
       -6.45135022, -6.45135022, -6.45135022, -6.45135022, -6.21261484,
       -6.03700633, -5.92934452, -6.45135022, -6.45135022, -6.45135022,
       -6.8307487 , -5.83677515, -6.45135022, -6.45135022, -6.45135022,
       -6.45135022, -6.45135022, -5.85127416, -6.45135022, -6.45135022,
       -7.55316852, -7.2526703 , -6.2002326 , -5.92934452, -7.01540456,
       -7.2526703 , -6.45135022, -6.45135022, -6.45135022, -6.45135022,
       -6.45135022, -6.45135022, -7.2526703 , -6.45135022, -6.03700633,
       -6.45135022, -6.45135022, -6.45135022, -6.45135022, -6.45135022,
       -6.2002326 , -5.92934452, -6.45135022, -6.45135022, -6.07878631,
       -6.26617706, -6.45135022, -6.45135022, -6.45135022, -6.45135022,
       -6.45135022, -6.45135022, -6.26617706, -6.45135022, -5.7185995 ,
       -6.22194086, -6.45135022, -6.45135022, -6.45135022, -6.45135022,
       -6.45135022, -7.2526703 , -6.07040763, -6.45135022, -6.45135022,
       -6.45135022, -6.45135022, -6.45135022, -6.45135022, -6.50168558,
       -6.45135022, -7.37504813, -6.07040763, -7.2526703 , -6.59037221,
       -6.06208514, -6.45135022, -6.56971721, -6.26617706, -6.45135022,
       -6.45135022, -6.59037221, -6.26617706, -5.43288702, -6.45135022,
       -6.45135022, -6.45135022, -6.45135022, -4.18236794, -6.45135022,
       -6.45135022, -6.45135022, -6.45135022, -6.45135022, -6.45135022,
       -6.45135022, -6.45135022, -6.45135022, -6.45135022, -6.59037221,
       -6.45135022, -5.43288702, -6.45135022, -6.45135022, -6.45135022,
       -6.26617706, -6.45135022, -6.45135022, -6.32430652, -6.50416439,
       -6.2002326 , -6.45135022, -6.45135022, -6.26617706, -5.43288702,
       -6.45135022, -6.45135022, -6.59037221, -6.45135022, -6.2002326 ,
       -6.45135022, -6.45135022, -6.2002326 , -5.43288702, -6.45135022,
       -6.2002326 , -6.45135022, -5.43288702, -6.45135022, -6.45135022,
       -6.45135022, -6.45135022, -6.45135022, -5.43288702, -5.31523661,
       -6.15184071, -5.49371689, -5.90987483, -5.13700314, -5.52854129,
       -5.84061922, -5.03608842, -5.84061922, -5.84061922, -5.84061922,
       -5.13700314, -5.52854129, -6.19423953, -4.74518617, -5.59316123,
       -5.52854129, -5.67569306, -5.84061922, -5.84061922, -5.84061922,
       -5.84061922, -5.84061922, -6.36178643, -5.84061922, -5.84061922,
       -5.84061922, -6.45135022, -6.45135022, -5.86430788, -4.6287054 ,
       -4.71126728, -4.6287054 , -4.71126728, -5.43288702, -4.6287054 ,
       -4.83792561, -4.92247633, -4.92247633, -4.92247633, -4.92247633,
       -4.92247633, -4.92247633, -4.6287054 , -4.6287054 , -4.6287054 ,
       -4.6287054 , -4.92247633]), array([-6.42624232, -5.83562374, -6.42624232, -6.49517006, -6.22439222,
       -6.8258146 , -6.26399394, -6.8258146 , -6.41473022, -5.8546094 ,
       -5.8546094 , -6.42624232, -6.22439222, -6.42624232, -4.15852414,
       -6.16588526, -5.57461244, -5.8546094 , -6.30429008, -6.42624232,
       -5.75289404, -6.42624232, -6.42624232, -6.24866828, -6.21124194,
       -5.8546094 , -6.42624232, -6.42624232, -6.4151794 , -5.8546094 ,
       -5.93191177, -6.42624232, -6.42624232, -5.8546094 , -6.42624232,
       -5.8546094 , -6.42624232, -6.09313889, -6.42624232, -6.26399394,
       -6.4151794 , -6.42624232, -6.4151794 , -6.24866828, -6.9217164 ,
       -6.5037704 , -5.8546094 , -6.42624232, -6.42624232, -6.42624232,
       -6.59799027, -5.8546094 , -5.83562374, -6.42624232, -6.4151794 ,
       -6.42624232, -6.42624232, -5.8546094 , -4.15852414, -6.50719475,
       -6.4151794 , -5.8546094 , -5.5376278 , -6.30429008, -5.8546094 ,
       -5.53462461, -9.00699553, -6.42624232, -6.42624232, -6.42624232,
       -6.42624232, -6.42624232, -6.42624232, -6.42624232, -5.57461244,
       -5.8546094 , -5.5376278 , -6.42624232, -6.42624232, -6.42624232,
       -6.4151794 , -5.83562374, -6.42624232, -6.42624232, -6.42624232,
       -6.42624232, -6.42624232, -5.75289404, -6.42624232, -6.42624232,
       -6.57206523, -6.61616455, -6.26399394, -5.5376278 , -7.01101894,
       -6.61616455, -6.42624232, -6.42624232, -6.42624232, -6.42624232,
       -6.42624232, -6.42624232, -6.61616455, -6.42624232, -5.8546094 ,
       -6.42624232, -6.42624232, -6.42624232, -6.42624232, -6.42624232,
       -6.26399394, -5.5376278 , -6.42624232, -6.42624232, -5.69816342,
       -6.20688865, -6.42624232, -6.42624232, -6.42624232, -6.42624232,
       -6.42624232, -6.42624232, -6.20688865, -6.42624232, -6.1967636 ,
       -5.84770636, -6.42624232, -6.42624232, -6.42624232, -6.42624232,
       -6.42624232, -6.61616455, -5.72976553, -6.42624232, -6.42624232,
       -6.42624232, -6.42624232, -6.42624232, -6.42624232, -6.44278694,
       -6.42624232, -8.01609104, -5.72976553, -6.61616455, -6.50719475,
       -6.02932579, -6.42624232, -6.32928721, -6.20688865, -6.42624232,
       -6.42624232, -6.50719475, -6.20688865, -5.25536507, -6.42624232,
       -6.42624232, -6.42624232, -6.42624232, -3.92925793, -6.42624232,
       -6.42624232, -6.42624232, -6.42624232, -6.42624232, -6.42624232,
       -6.42624232, -6.42624232, -6.42624232, -6.42624232, -6.50719475,
       -6.42624232, -5.25536507, -6.42624232, -6.42624232, -6.42624232,
       -6.20688865, -6.42624232, -6.42624232, -6.20843426, -6.83341979,
       -6.26399394, -6.42624232, -6.42624232, -6.20688865, -5.25536507,
       -6.42624232, -6.42624232, -6.50719475, -6.42624232, -6.26399394,
       -6.42624232, -6.42624232, -6.26399394, -5.25536507, -6.42624232,
       -6.26399394, -6.42624232, -5.25536507, -6.42624232, -6.42624232,
       -6.42624232, -6.42624232, -6.42624232, -5.25536507, -5.13893464,
       -6.03729873, -5.31868958, -5.82955193, -5.08383968, -5.11328359,
       -5.81743607, -5.03203614, -5.81743607, -5.81743607, -5.81743607,
       -5.08383968, -5.11328359, -6.07346377, -4.91877909, -5.36576624,
       -5.11328359, -5.86361458, -5.81743607, -5.81743607, -5.81743607,
       -5.81743607, -5.81743607, -6.24936344, -5.81743607, -5.81743607,
       -5.81743607, -6.42624232, -6.42624232, -5.79320903, -4.49931595,
       -4.53726767, -4.49931595, -4.53726767, -5.25536507, -4.49931595,
       -4.66582314, -4.86186035, -4.86186035, -4.86186035, -4.86186035,
       -4.86186035, -4.86186035, -4.49931595, -4.49931595, -4.49931595,
       -4.49931595, -4.86186035]), array([-6.52789807, -5.9887356 , -6.52789807, -5.78599411, -5.83800549,
       -6.83525143, -5.90631805, -6.83525143, -6.1289797 , -6.14804865,
       -6.14804865, -6.52789807, -5.83800549, -6.52789807, -3.71448433,
       -5.34027658, -6.14279325, -6.14804865, -5.67867738, -6.52789807,
       -5.87584161, -6.52789807, -6.52789807, -6.3603674 , -5.71523605,
       -6.14804865, -6.52789807, -6.52789807, -6.40360703, -6.14804865,
       -6.77398004, -6.52789807, -6.52789807, -6.14804865, -6.52789807,
       -6.14804865, -6.52789807, -6.19666662, -6.52789807, -5.90631805,
       -6.40360703, -6.52789807, -6.40360703, -6.3603674 , -6.27626579,
       -6.78080985, -6.14804865, -6.52789807, -6.52789807, -6.52789807,
       -6.92903212, -6.14804865, -5.9887356 , -6.52789807, -6.40360703,
       -6.52789807, -6.52789807, -6.14804865, -3.71448433, -6.67181034,
       -6.40360703, -6.14804865, -6.00795206, -5.67867738, -6.14804865,
       -5.59327116, -8.14684976, -6.52789807, -6.52789807, -6.52789807,
       -6.52789807, -6.52789807, -6.52789807, -6.52789807, -6.14279325,
       -6.14804865, -6.00795206, -6.52789807, -6.52789807, -6.52789807,
       -6.40360703, -5.9887356 , -6.52789807, -6.52789807, -6.52789807,
       -6.52789807, -6.52789807, -5.87584161, -6.52789807, -6.52789807,
       -7.1101292 , -7.02893863, -5.90631805, -6.00795206, -6.74979272,
       -7.02893863, -6.52789807, -6.52789807, -6.52789807, -6.52789807,
       -6.52789807, -6.52789807, -7.02893863, -6.52789807, -6.14804865,
       -6.52789807, -6.52789807, -6.52789807, -6.52789807, -6.52789807,
       -5.90631805, -6.00795206, -6.52789807, -6.52789807, -6.13518589,
       -6.28045066, -6.52789807, -6.52789807, -6.52789807, -6.52789807,
       -6.52789807, -6.52789807, -6.28045066, -6.52789807, -5.59562526,
       -6.29627292, -6.52789807, -6.52789807, -6.52789807, -6.52789807,
       -6.52789807, -7.02893863, -6.01080616, -6.52789807, -6.52789807,
       -6.52789807, -6.52789807, -6.52789807, -6.52789807, -6.61781937,
       -6.52789807, -7.60588501, -6.01080616, -7.02893863, -6.67181034,
       -6.2005891 , -6.52789807, -6.23041825, -6.28045066, -6.52789807,
       -6.52789807, -6.67181034, -6.28045066, -5.39889311, -6.52789807,
       -6.52789807, -6.52789807, -6.52789807, -4.28581832, -6.52789807,
       -6.52789807, -6.52789807, -6.52789807, -6.52789807, -6.52789807,
       -6.52789807, -6.52789807, -6.52789807, -6.52789807, -6.67181034,
       -6.52789807, -5.39889311, -6.52789807, -6.52789807, -6.52789807,
       -6.28045066, -6.52789807, -6.52789807, -6.34298376, -5.96110465,
       -5.90631805, -6.52789807, -6.52789807, -6.28045066, -5.39889311,
       -6.52789807, -6.52789807, -6.67181034, -6.52789807, -5.90631805,
       -6.52789807, -6.52789807, -5.90631805, -5.39889311, -6.52789807,
       -5.90631805, -6.52789807, -5.39889311, -6.52789807, -6.52789807,
       -6.52789807, -6.52789807, -6.52789807, -5.39889311, -5.26610093,
       -6.11063929, -5.46678152, -5.9774979 , -5.47018914, -5.18423431,
       -5.77854197, -4.71455575, -5.77854197, -5.77854197, -5.77854197,
       -5.47018914, -5.18423431, -6.06882843, -4.2811996 , -5.49899402,
       -5.18423431, -5.9258644 , -5.77854197, -5.77854197, -5.77854197,
       -5.77854197, -5.77854197, -6.20199847, -5.77854197, -5.77854197,
       -5.77854197, -6.52789807, -6.52789807, -5.93167631, -4.66392033,
       -4.93841736, -4.66392033, -4.93841736, -5.39889311, -4.66392033,
       -4.85462372, -5.08344946, -5.08344946, -5.08344946, -5.08344946,
       -5.08344946, -5.08344946, -4.66392033, -4.66392033, -4.66392033,
       -4.66392033, -5.08344946]), array([-6.4851043 , -5.80554106, -6.4851043 , -5.61736593, -6.05529547,
       -7.11094289, -5.97779722, -7.11094289, -6.16720804, -6.07972991,
       -6.07972991, -6.4851043 , -6.05529547, -6.4851043 , -3.4       ,
       -5.12213698, -6.18406115, -6.07972991, -5.74815223, -6.4851043 ,
       -5.87127581, -6.4851043 , -6.4851043 , -6.23135815, -5.79745573,
       -6.07972991, -6.4851043 , -6.4851043 , -5.98354621, -6.07972991,
       -6.12624395, -6.4851043 , -6.4851043 , -6.07972991, -6.4851043 ,
       -6.07972991, -6.4851043 , -6.3644898 , -6.4851043 , -5.97779722,
       -5.98354621, -6.4851043 , -5.98354621, -6.23135815, -3.4       ,
       -6.61231235, -6.07972991, -6.4851043 , -6.4851043 , -6.4851043 ,
       -6.83192805, -6.07972991, -5.80554106, -6.4851043 , -5.98354621,
       -6.4851043 , -6.4851043 , -6.07972991, -3.4       , -6.54797152,
       -5.98354621, -6.07972991, -5.79697267, -5.74815223, -6.07972991,
       -5.5223384 , -8.56804669, -6.4851043 , -6.4851043 , -6.4851043 ,
       -6.4851043 , -6.4851043 , -6.4851043 , -6.4851043 , -6.18406115,
       -6.07972991, -5.79697267, -6.4851043 , -6.4851043 , -6.4851043 ,
       -5.98354621, -5.80554106, -6.4851043 , -6.4851043 , -6.4851043 ,
       -6.4851043 , -6.4851043 , -5.87127581, -6.4851043 , -6.4851043 ,
       -7.10544205, -6.94819017, -5.97779722, -5.79697267, -6.71328637,
       -6.94819017, -6.4851043 , -6.4851043 , -6.4851043 , -6.4851043 ,
       -6.4851043 , -6.4851043 , -6.94819017, -6.4851043 , -6.07972991,
       -6.4851043 , -6.4851043 , -6.4851043 , -6.4851043 , -6.4851043 ,
       -5.97779722, -5.79697267, -6.4851043 , -6.4851043 , -6.10421897,
       -6.17885995, -6.4851043 , -6.4851043 , -6.4851043 , -6.4851043 ,
       -6.4851043 , -6.4851043 , -6.17885995, -6.4851043 , -5.68935448,
       -6.29349302, -6.4851043 , -6.4851043 , -6.4851043 , -6.4851043 ,
       -6.4851043 , -6.94819017, -6.05139188, -6.4851043 , -6.4851043 ,
       -6.4851043 , -6.4851043 , -6.4851043 , -6.4851043 , -6.64913371,
       -6.4851043 , -7.22521056, -6.05139188, -6.94819017, -6.54797152,
       -5.92344508, -6.4851043 , -5.93247472, -6.17885995, -6.4851043 ,
       -6.4851043 , -6.54797152, -6.17885995, -5.49178986, -6.4851043 ,
       -6.4851043 , -6.4851043 , -6.4851043 , -4.14551782, -6.4851043 ,
       -6.4851043 , -6.4851043 , -6.4851043 , -6.4851043 , -6.4851043 ,
       -6.4851043 , -6.4851043 , -6.4851043 , -6.4851043 , -6.54797152,
       -6.4851043 , -5.49178986, -6.4851043 , -6.4851043 , -6.4851043 ,
       -6.17885995, -6.4851043 , -6.4851043 , -6.18744713, -5.99658265,
       -5.97779722, -6.4851043 , -6.4851043 , -6.17885995, -5.49178986,
       -6.4851043 , -6.4851043 , -6.54797152, -6.4851043 , -5.97779722,
       -6.4851043 , -6.4851043 , -5.97779722, -5.49178986, -6.4851043 ,
       -5.97779722, -6.4851043 , -5.49178986, -6.4851043 , -6.4851043 ,
       -6.4851043 , -6.4851043 , -6.4851043 , -5.49178986, -5.22750442,
       -5.98068244, -5.58540934, -5.75075752, -5.22866554, -5.67046174,
       -5.93431167, -4.77730197, -5.93431167, -5.93431167, -5.93431167,
       -5.22866554, -5.67046174, -6.240191  , -5.48286272, -5.57112272,
       -5.67046174, -5.99227784, -5.93431167, -5.93431167, -5.93431167,
       -5.93431167, -5.93431167, -6.15958683, -5.93431167, -5.93431167,
       -5.93431167, -6.4851043 , -6.4851043 , -5.73927555, -4.52487914,
       -4.76015021, -4.52487914, -4.76015021, -5.49178986, -4.52487914,
       -4.78332406, -5.02240227, -5.02240227, -5.02240227, -5.02240227,
       -5.02240227, -5.02240227, -4.52487914, -4.52487914, -4.52487914,
       -4.52487914, -5.02240227])]","[-6.47598392 -5.84848978 -6.47598392 -6.19417789 -5.97805023 -7.14167741
 -6.06536604 -7.14167741 -6.19653194 -6.03535273 -6.03535273 -6.47598392
 -5.97805023 -6.47598392 -3.69225094 -5.63316137 -6.06194996 -6.03535273
 -5.86489946 -6.47598392 -5.61804758 -6.47598392 -6.47598392 -6.28948304
 -5.7284769  -6.03535273 -6.47598392 -6.47598392 -6.29685681 -6.03535273
 -6.2159685  -6.47598392 -6.47598392 -6.03535273 -6.47598392 -6.03535273
 -6.47598392 -6.20275691 -6.47598392 -6.06536604 -6.29685681 -6.47598392
 -6.29685681 -6.28948304 -5.93242813 -6.67332146 -6.03535273 -6.47598392
 -6.47598392 -6.47598392 -6.82925257 -6.03535273 -5.84848978 -6.47598392
 -6.29685681 -6.47598392 -6.47598392 -6.03535273 -3.69225094 -6.58881465
 -6.29685681 -6.03535273 -5.79030173 -5.86489946 -6.03535273 -5.11863966
 -8.73375677 -6.47598392 -6.47598392 -6.47598392 -6.47598392 -6.47598392
 -6.47598392 -6.47598392 -6.06194996 -6.03535273 -5.79030173 -6.47598392
 -6.47598392 -6.47598392 -6.29685681 -5.84848978 -6.47598392 -6.47598392
 -6.47598392 -6.47598392 -6.47598392 -5.61804758 -6.47598392 -6.47598392
 -7.06250267 -6.95392168 -6.06536604 -5.79030173 -6.89004113 -6.95392168
 -6.47598392 -6.47598392 -6.47598392 -6.47598392 -6.47598392 -6.47598392
 -6.95392168 -6.47598392 -6.03535273 -6.47598392 -6.47598392 -6.47598392
 -6.47598392 -6.47598392 -6.06536604 -5.79030173 -6.47598392 -6.47598392
 -5.96717917 -6.21851255 -6.47598392 -6.47598392 -6.47598392 -6.47598392
 -6.47598392 -6.47598392 -6.21851255 -6.47598392 -5.75669744 -6.13476843
 -6.47598392 -6.47598392 -6.47598392 -6.47598392 -6.47598392 -6.95392168
 -5.95642559 -6.47598392 -6.47598392 -6.47598392 -6.47598392 -6.47598392
 -6.47598392 -6.57273089 -6.47598392 -7.4801502  -5.95642559 -6.95392168
 -6.58881465 -6.09107428 -6.47598392 -6.16219312 -6.21851255 -6.47598392
 -6.47598392 -6.58881465 -6.21851255 -5.40645478 -6.47598392 -6.47598392
 -6.47598392 -6.47598392 -4.14877397 -6.47598392 -6.47598392 -6.47598392
 -6.47598392 -6.47598392 -6.47598392 -6.47598392 -6.47598392 -6.47598392
 -6.47598392 -6.58881465 -6.47598392 -5.40645478 -6.47598392 -6.47598392
 -6.47598392 -6.21851255 -6.47598392 -6.47598392 -6.25603176 -6.27003746
 -6.06536604 -6.47598392 -6.47598392 -6.21851255 -5.40645478 -6.47598392
 -6.47598392 -6.58881465 -6.47598392 -6.06536604 -6.47598392 -6.47598392
 -6.06536604 -5.40645478 -6.47598392 -6.06536604 -6.47598392 -5.40645478
 -6.47598392 -6.47598392 -6.47598392 -6.47598392 -6.47598392 -5.40645478
 -5.20695567 -6.11003472 -5.49013136 -5.90693346 -5.31753169 -5.43567966
 -5.89908056 -4.90452838 -5.89908056 -5.89908056 -5.89908056 -5.31753169
 -5.43567966 -6.18744449 -4.86539299 -5.52902926 -5.43567966 -5.37148997
 -5.89908056 -5.89908056 -5.89908056 -5.89908056 -5.89908056 -6.26377632
 -5.89908056 -5.89908056 -5.89908056 -6.47598392 -6.47598392 -5.84233029
 -4.60218507 -4.76634532 -4.60218507 -4.76634532 -5.40645478 -4.60218507
 -4.82865541 -5.01854421 -5.01854421 -5.01854421 -5.01854421 -5.01854421
 -5.01854421 -4.60218507 -4.60218507 -4.60218507 -4.60218507 -5.01854421]","[0.03474847 0.07362599 0.03474847 0.69205794 0.14893466 0.36878014
 0.14011019 0.36878014 0.16606142 0.09780115 0.09780115 0.03474847
 0.14893466 0.03474847 0.2779683  0.45977311 0.24475502 0.09780115
 0.2429471  0.03474847 0.44180744 0.03474847 0.03474847 0.05145263
 0.28284516 0.09780115 0.03474847 0.03474847 0.34848458 0.09780115
 0.29417674 0.03474847 0.03474847 0.09780115 0.03474847 0.09780115
 0.03474847 0.27325743 0.03474847 0.14011019 0.34848458 0.03474847
 0.34848458 0.05145263 1.29470194 0.10203362 0.09780115 0.03474847
 0.03474847 0.03474847 0.1202352  0.09780115 0.07362599 0.03474847
 0.34848458 0.03474847 0.03474847 0.09780115 0.2779683  0.05771972
 0.34848458 0.09780115 0.16902396 0.2429471  0.09780115 0.85965862
 0.49603099 0.03474847 0.03474847 0.03474847 0.03474847 0.03474847
 0.03474847 0.03474847 0.24475502 0.09780115 0.16902396 0.03474847
 0.03474847 0.03474847 0.34848458 0.07362599 0.03474847 0.03474847
 0.03474847 0.03474847 0.03474847 0.44180744 0.03474847 0.03474847
 0.31420934 0.20489397 0.14011019 0.16902396 0.13134427 0.20489397
 0.03474847 0.03474847 0.03474847 0.03474847 0.03474847 0.03474847
 0.20489397 0.03474847 0.09780115 0.03474847 0.03474847 0.03474847
 0.03474847 0.03474847 0.14011019 0.16902396 0.03474847 0.03474847
 0.17528762 0.04736585 0.03474847 0.03474847 0.03474847 0.03474847
 0.03474847 0.03474847 0.04736585 0.03474847 0.22614583 0.17650068
 0.03474847 0.03474847 0.03474847 0.03474847 0.03474847 0.20489397
 0.12464921 0.03474847 0.03474847 0.03474847 0.03474847 0.03474847
 0.03474847 0.08499783 0.03474847 0.30661557 0.12464921 0.20489397
 0.05771972 0.11567473 0.03474847 0.29054905 0.04736585 0.03474847
 0.03474847 0.05771972 0.04736585 0.08131929 0.03474847 0.03474847
 0.03474847 0.03474847 0.11901726 0.03474847 0.03474847 0.03474847
 0.03474847 0.03474847 0.03474847 0.03474847 0.03474847 0.03474847
 0.03474847 0.05771972 0.03474847 0.08131929 0.03474847 0.03474847
 0.03474847 0.04736585 0.03474847 0.03474847 0.06436761 0.34313537
 0.14011019 0.03474847 0.03474847 0.04736585 0.08131929 0.03474847
 0.03474847 0.05771972 0.03474847 0.14011019 0.03474847 0.03474847
 0.14011019 0.08131929 0.03474847 0.14011019 0.03474847 0.08131929
 0.03474847 0.03474847 0.03474847 0.03474847 0.03474847 0.08131929
 0.0832598  0.09926492 0.09821451 0.11043854 0.21963819 0.24146354
 0.12382689 0.13358269 0.12382689 0.12382689 0.12382689 0.21963819
 0.24146354 0.10939639 0.38496123 0.09057966 0.24146354 0.99138362
 0.12382689 0.12382689 0.12382689 0.12382689 0.12382689 0.07908287
 0.12382689 0.12382689 0.12382689 0.03474847 0.03474847 0.06807029
 0.07684012 0.14081703 0.07684012 0.14081703 0.08131929 0.07684012
 0.10884178 0.11988177 0.11988177 0.11988177 0.11988177 0.11988177
 0.11988177 0.07684012 0.07684012 0.07684012 0.07684012 0.11988177]"
