,Model,Y Train pred,Y Test actual,Test prediction folds,Test Predictions Mean,Test Predictions Std
0,LGBMRegressor,"[-7.106395599269513, -7.099529166698216, -5.817402116430536, -5.684976770522569, -5.862375731996288, -5.806677702827549, -5.899878699457893, -5.9563621747923134, -6.593039551363594, -5.71722928156941, -6.580563389390418, -6.553089651225996, -6.82404947286557, -5.9677461802121945, -5.813497344272931, -6.200816954930434, -5.901376883701119, -5.752850978231393, -5.626152053593955, -5.5859920793041855, -7.249412050644901, -6.288166119839506, -5.566732022586422, -6.346626258314767, -5.781602553014079, -5.936463496175413, -6.1210115494422945, -6.263670884044973, -7.442916332074207, -7.242242209339499, -6.028767410053025, -5.5958396581839835, -6.971496586642806, -5.5673837492138745, -5.797310087806317, -5.670991220359223, -7.053477853641496, -5.826488792893416, -6.029388233882771, -5.884123932300013, -5.990802036361295, -6.81156414413515, -5.638447646200232, -6.060504042734892, -5.849848154291448, -5.640501718633392, -7.0478449563048855, -6.4626878570054425, -6.428728367072059, -6.193964220569401, -5.865602181857807, -7.29628287998484, -5.694751706018128, -5.5337789651206775, -7.140264103207557, -6.811109386406669, -5.735825898779693, -6.0751400720641415, -5.777282380105748, -5.698183763972219, -5.7381655478598805, -5.944981673074378, -5.929659757437054, -7.15212505992025, -6.463300460248389, -5.558058419696466, -5.845036172407974, -5.727332033332757, -6.518817286603368, -5.9533769167182475, -5.708473641946442, -5.9101555430814265, -7.203988983257965, -7.6646989886292625, -7.157032114354579, -7.035965996534095, -5.650137711062833, -7.236603031806557, -6.448742764714483, -5.531366817333614, -5.869923393389996, -5.914802930625685, -7.191177502706177, -5.915589385128054, -5.29100819509003, -7.237687485947815, -7.298955842225895, -5.560664336534371, -5.685038335640449, -5.823100692518702, -5.8196770618928255, -5.712662733116865, -5.716018877362393, -7.412078721726608, -5.885118781292545, -7.059656565765937, -6.374607143630706, -6.020382319360224, -6.225297187243446, -7.16519869207128, -6.737446640195367, -5.632653912006343, -6.092959171591758, -6.1078570507646095, -6.511342150225908, -7.238690865780936, -6.798069010731544, -5.853193089089379, -7.003103157573228, -7.296999299176665, -5.827773435419708, -6.790346712250122, -6.9586369373177845, -7.1268081282085705, -5.8601957796066495, -6.583467499699093, -5.78805217056056, -7.096859502127065, -7.232518225015617, -7.117061041027112, -7.444533422488224, -6.568363344062446, -6.534368555363595, -7.2940719083967895, -7.053778764146239, -7.334246568621596, -6.939880637608317, -6.951848824926175, -7.118192410371057, -5.674904341920293, -6.925680174747317, -7.318303173460357, -6.342939101205164, -6.725221713892753, -7.175131393528224, -5.726791592403026, -7.24281535094143, -7.455420012552423, -5.630855108517367, -5.933964834663546, -7.122106253055931, -5.167796754200661, -5.39712210212908, -7.206002451072398, -6.195986344074411, -5.9927578084832795, -6.968716281178093, -6.58395752296486, -7.0253354106979575, -5.885651575065577, -5.614399551478524, -7.133511504814469, -7.146160747512557, -5.295166257132262, -7.223150321387646, -7.1455953883174335, -7.209722294144353, -7.144736654165365, -5.584822327259399, -7.195346939917075, -5.77238710366366, -5.8985112014391525, -6.8128274048303155, -6.9453705012186076, -4.671950479048793, -5.168669526991979, -6.274973519272808, -6.0915972367200135, -5.199095846036745, -5.846615754141064, -5.019851900405705, -6.092550198002848, -5.48873072135305, -5.583099256962488, -5.580959878943346, -5.018929905539569, -6.7850907345118285, -6.758875097313489, -6.842306631331099, -6.377908601090653, -5.959695231251706, -6.831254506441828, -5.892152429676184, -6.680749700008031, -6.300278757024197, -5.823271934296285, -6.747305054409783, -5.652754982505223, -5.813193571866948, -6.251053191356851, -4.093072903978461, -4.021489743553908, -4.90896146767285, -4.218745956379056, -4.327437518668791, -5.318151335023142, -4.841684610588164, -4.9338005303033095, -4.440045010379142, -5.160797201240801, -4.965185688923139, -5.668633919112424, -7.002017177401134, -7.1378751108473, -5.667952722363683, -7.283468380378193, -7.436415148895258, -6.944621926710022, -6.107854891350426, -6.976729193649972, -6.097422575567657, -5.681392949192719, -6.351720832646688, -5.878823147370597, -6.034159794356326, -6.09620541889181, -5.657401863736211, -5.97894946715169, -7.313935933808211, -6.723199469144587, -7.094389694650179, -5.778493698846158, -5.894788857904099, -6.8963842011065095, -5.765817552321399, -6.578766031649588, -5.8056972112147385, -5.968856919113144, -5.687521151120975, -5.681801810285311, -6.014151753280151, -5.683013026136191, -6.551483623951379, -6.353773696975865, -5.948096669803792, -6.084118052850032, -5.615797431024522, -5.549057355849358, -5.827022978637789, -5.600791192127755, -6.043155710528863, -6.449643888985619, -6.580618246444741, -7.248195541437232, -7.245380741682845, -7.193401698599847, -5.365244791844701, -7.023766354783684, -5.948264308349937, -5.624485956279298, -7.082913427790033, -6.851569357440451, -6.354562514616507, -5.921282603743972, -5.750525714952427, -5.839786504928092, -5.909540418987653, -6.817440058438358, -6.8372629031411245, -7.442585160449746, -6.373111791053007, -5.753159040599718, -5.871851659755148, -5.871646336686974, -6.023416635588332, -5.914768757115468, -7.041764643518725, -6.276791303078533, -7.231517860557067, -6.983028782846369, -5.8382628776401475, -5.640301298801473, -6.970563289249981, -5.9489191905073975, -6.327144340344687, -5.8387859084580676, -5.99945602948879, -5.225223915322019, -6.618320079895502, -5.837881158615504, -7.260031149174394, -6.894993940743832, -7.235236605007182, -7.18232578098092, -5.940388177355381, -7.119708575577263, -6.952082597358475, -5.963798770556721, -5.7361174224827085, -7.325572920919401, -7.389593204465668, -7.104304151211471, -6.632538357411761, -5.601836509867175, -5.5164941771506815, -6.007227261072791, -5.350723479541633, -6.837999111960668, -6.332208249828157, -6.108964624179625, -6.602357740177575, -6.462142194011365, -7.157153407568205, -7.214880589764066, -6.9315427011539805, -5.472708050641921, -5.568045169330928, -6.6004562318851985, -6.246467087936405, -7.4334972357594715, -7.087977779474347, -6.828453137693271, -5.688069961761012, -7.3028455431354145, -7.088925343224074, -5.697202925767549, -6.075703399747952, -6.849406291838106, -5.6961246249245026, -5.699432825481714, -5.876002259007734, -7.248374090928675, -7.302379717863084, -7.043672633703373, -7.120956474274651, -6.423706654527783, -5.855324949272133, -6.937448201911821, -6.629364015071127, -6.641557738811504, -6.60478907438633, -7.292248531136849, -6.914686940449659, -7.332872932516662, -5.22633654782053, -5.9112582897283605, -7.2939622469830825, -7.070210760399839, -7.121380382658226, -7.186190156250726, -7.091328174270674, -6.427125807477067, -5.78887458652643, -7.239111830395076, -6.178919410770608, -6.454434097934146, -6.988646066004346, -7.237638046708598, -6.596862968838723, -7.28789824445316, -7.190657131745314, -5.942809862861182, -6.92494350789011, -5.364994864289138, -6.4960100056207715, -6.174315038709732, -7.190813050271579, -7.2116703637301, -7.2410617625036995, -5.071747311532092, -5.986496364422483, -7.1352823526398454, -6.944024283105862, -7.282904649293982, -6.493314489748859, -7.076625165609904, -7.3562632389458775, -7.261237583210046, -5.3101890228446615, -5.773630686721202, -4.846339350760319, -5.056631399410127, -4.818153366460325, -5.138847679691758, -6.562621479321124, -4.583384822304726, -5.016374944329591, -5.722624120481507, -5.48239995507549, -7.183917723176659, -7.087976040834641, -6.853678105770841, -5.448633524098669, -7.2290118397091, -5.394571321563909, -7.03743681472129, -6.933450022802263, -6.7724316534017595, -5.5025901462974325, -5.4302922401881055, -5.160427364994585, -4.691474209028392, -4.1805502692740335, -4.53615915374739, -5.228968295414592, -4.843167231294913, -5.350565510562006, -5.2578521626929104, -4.964084630847996, -5.261699910376458, -4.9578730661115635, -4.352510823393962, -5.647164906044238, -5.109994372194013, -7.0753790869552775, -5.809414677011278, -7.31628600340929, -6.1699730088960605, -6.136362699491714, -6.8001549511618125, -5.9125008834387796, -5.9920959952234565, -5.763642141769491, -5.570680627774348, -6.909741080573184, -7.005234704905897, -7.1075531221922725, -5.700841897468493, -6.5836473252258045, -6.29651863321338, -5.782909104992138, -6.013055158537515, -6.420998644966361, -5.734335641363271, -5.8464782799414685, -6.537375528316513, -5.860440173146313, -6.750295571007065, -5.552971800867709, -6.2583534198225745, -5.835210528021587, -5.742868242156925, -6.502964120214175, -5.981517345920892, -5.755148110264624, -5.894369005395882, -5.80975803117344, -5.796481547033643, -5.92666379346682, -5.6024184018121765, -6.640540547836906, -6.581117442103665, -5.871485720823571, -5.860128210726987, -6.651229575434881, -5.711014020117266, -6.043023729867218, -5.702687681311483, -5.860592804008103, -6.690563135387172, -5.7151245190834095, -5.621989130167525, -6.846147198312855, -5.660213566493319, -5.641529391394715, -5.946836081869584, -6.105295575695882, -6.192991064993162, -5.500224111560807, -5.881385139229847, -6.538826101751455, -5.9194909254090735, -7.2170343173671, -7.289915703941773, -5.587223267990859, -5.715382884173205, -6.531235336460384, -5.645467549591106, -7.012652258876285, -5.917882251463924, -5.532576008317215, -5.55376065624626, -5.789773799204971, -7.383404042807682, -5.9278312484382365, -7.148885418271477, -6.380526753199454, -5.897374541213865, -7.041304224102745, -5.554729495771844, -6.353134455571665, -5.852031719961245, -5.894437481225278, -5.610983832721089, -5.703157117449339, -5.8024447257444125, -6.030927752112403, -5.525779934146248, -7.20185111656806, -7.268522029455686, -5.988482333445996, -7.119862695661152, -5.876244628291407, -5.999653558945349, -7.301698066271631, -5.357883482085859, -5.919084701753355, -6.947621934922301, -5.794707803811878, -6.052837619002777, -6.1398738809120035, -5.550253590120228, -7.050853665366393, -5.629595587142106, -5.482824135294591, -5.338977834223563, -7.141889160741242, -7.03363538324261, -7.047654434354913, -6.05628509393041, -5.708062816924046, -5.767515408598145, -7.534134862175022, -6.328999264635557, -7.112495786581946, -6.11758894934993, -6.391421420314831, -5.779303611977925, -5.793386814389423, -7.337225127500166, -7.337738672565404, -7.078441911601303, -7.103989019497973, -6.868540493004692, -7.1707492175399175, -7.120104628493113, -6.03280591323964, -7.232463671388352, -7.142467124366205, -5.714763689340856, -6.218871134141445, -7.233190399667584, -6.303623387137855, -7.061224786895439, -7.150656262185609, -6.152911616949465, -6.149338841336514, -7.537617267573395, -7.184795163989528, -7.269247216792029, -5.364788078278517, -5.837565338089834, -5.722891273194273, -6.613589614032347, -7.234584876570668, -7.4829157300544935, -6.548955092894502, -7.334343114976457, -5.74928760145679, -6.74189406774422, -5.567441108721931, -5.72102036832097, -6.185363960343244, -6.168558276063523, -5.772870309295009, -5.815466565200981, -5.612364756008394, -5.796457867592939, -7.002941108456081, -6.802552805814699, -7.165081272345726, -7.109930086426432, -7.184335709530418, -5.783705725888855, -7.239805399043347, -5.549515311853228, -7.350677691064856, -5.598960651674257, -5.8195166174711375, -4.762549177062364, -4.759150959368911, -5.942802116567251, -5.723372072532547, -6.234606863731409, -6.797252454243826, -4.8737584179278555, -5.415563927666621, -6.823930605051507, -6.446348175397644, -5.200266153744784, -5.446174745280685, -5.029522931232186, -6.207999279670012, -6.645198917641492, -6.855814097467625, -5.551488397729748, -5.862413086081362, -5.6403099733962225, -5.46756204678582, -7.095990466065655, -6.0251003835209636, -4.924928051139869, -5.450453713654723, -4.330852332915846, -4.152058676088184, -5.1044278179752265, -4.766278430133879, -5.416611549513241, -5.030992171834832, -4.796631727009581, -5.64671373553748, -4.314816764185157, -5.508030109925076, -5.271483279643305, -5.370134807211224, -7.145465553886435, -6.163329458795815, -5.810163094487659, -7.2500938416008065, -5.927706949463281, -5.704719490149419, -5.809095198229358, -6.319309296894545, -5.689521314427785, -7.355033051927433, -5.862867100557084, -6.595807646535876, -7.172829694464177, -6.876953937503373, -5.765595838892235, -7.247189696091046, -5.767398531732802, -5.63737334939651, -6.64767474150749, -6.351309812239527, -5.722884623915788, -5.93608752983199, -5.775797284936656, -7.014303088427271, -5.599873644522846, -5.779789248164074, -6.398189271925089, -6.898382724281918, -7.176099543478143, -5.756761068288505, -5.552609909151658, -5.8111239471339005, -6.984315972300004, -6.515258129874722, -5.923793624534436, -5.868935163731411, -7.309015106521933, -7.294736381603395, -5.911816067414875, -5.795528121032461, -6.498251044749148, -5.858215546436747, -5.891048052740216, -6.621839368541495, -6.955902168576945, -7.025039110883311, -6.185752589964635, -6.208981677126592, -6.185477082826797, -7.082510359814463, -7.119210812375334, -5.5993934542719686, -5.786492048141363, -5.5191357186277505, -5.788059885558072, -6.3648767886189646, -5.736883050250044, -7.216306224995381, -6.779014336292014, -6.760009246034588, -5.741473868285292, -5.865495630673128, -6.359187798519475, -6.114656913153114, -5.648427095322975, -5.584583073222003, -7.23795387459306, -6.749328930514401, -5.525505848574196, -5.702580225015515, -5.747591144621216, -5.820485978251873, -5.859828503905402, -5.426764192413887, -5.939402764084284, -5.6494252916799, -6.186511874732766, -5.767614437990263, -5.930499434495093, -5.461192792385926, -5.567361050236096, -7.133387425545902, -7.2006029276468215, -6.112052554648452, -6.005295544751967, -6.809545547668518, -6.234258539015556, -5.922273717583428, -6.288765643018554, -5.913520632316605, -7.074918478791661, -5.597723482024929, -7.200104087983461, -5.891644964624007, -7.257556150578752, -6.277222592876877, -7.3254521587643024, -5.791651899747531, -6.134607045137174, -5.614116337138335, -7.326636068100258, -7.357808837092975, -7.322286613359292, -7.37872761736538, -6.747649859931726, -6.797165128974676, -7.154393834653188, -5.716902018800526, -5.751040148294631, -6.391039543467366, -7.229516647297974, -7.304908300965645, -6.5019044376883155, -5.428375515734123, -7.56789318931447, -5.949980713893615, -6.92110403426447, -7.126738038861268, -7.285992250088354, -7.117034368087213, -7.086584578767268, -6.850571520275325, -6.234693016105187, -6.062890848130763, -6.980767860409902, -6.7310185631411805, -7.182340032550484, -7.107369004322811, -6.2883891975089075, -5.656756436548298, -6.563981796998161, -5.6269055074079395, -5.35530246033999, -6.905001984755409, -7.206746448089626, -6.55096767796994, -7.172692834831811, -5.068572619627335, -7.088378990498747, -7.214304879020194, -7.1331815343019125, -5.575304173242728, -5.239043468837136, -5.825932425281459, -5.397887921472486, -5.569968723244111, -5.768511712659907, -5.542727381751682, -6.32585113168709, -7.214379317849331, -4.904460064563144, -5.536448180017987, -5.131642075030666, -6.595511493009071, -6.130481722797667, -4.901495198033926, -6.066026811495837, -5.895994678068788, -4.812722772602248, -4.752712777383646, -4.839591879165509, -6.236593216075715, -4.671271486098977, -5.0359897447119755, -4.8878427501824016, -4.981942611622109, -6.449709714557203, -4.6738509283294345, -5.459623400177572, -6.495847947790911, -6.721139864807289, -6.360200375971186, -5.115951065790758, -6.212971447875784, -6.9005147648469976, -5.4660326604751335, -5.691104992664722, -6.449703447417343, -6.629476698073185, -7.08693723481468, -4.210474934325536, -6.127767258110175, -4.13034656070796, -6.627490685247633, -6.698110694568208, -4.299547674926165, -4.652079454062614, -5.373432581844278, -5.133633665698642, -4.513476590674583, -4.735246545289245, -4.703897090118593, -4.789059100679257, -4.563149520495417, -4.607803652381137, -5.61069415104305, -5.498876897181514, -5.094409246786468, -5.4911934435193395, -5.61870754097267, -5.042277886301288, -6.701930114445426, -7.021734889085374, -5.879954281714115, -6.92654840652391, -6.634932833535369, -6.923716592718606, -5.897477743110137, -6.407001958371443, -5.777201411844404, -7.0425935447966825, -7.294445420557732, -6.236646707235363, -6.504460303482431, -5.849384105552817, -6.449887670754188, -6.064983209911642, -5.97422066276268, -6.68492226959349, -5.676073177606556, -5.868571176465809, -6.817812033225179, -5.78031082882811, -5.805269170274223, -5.887347378425225, -5.961179562310214, -7.119395537665593, -6.593601171349629, -7.139682384456943, -5.696603194129935, -5.804567411291177, -6.731728243875892, -5.775415606107898, -7.0747108736329745, -6.314976774577844, -5.844779711086027, -5.87018770427251, -5.7360733161494, -5.611008491264857, -5.619748009224906, -5.791573654893835, -5.620562401795879, -5.841873315522593, -6.409895058115608, -6.418096502694341, -5.623845233172687, -6.350076351731754, -6.012691061656488, -5.639373370760485, -5.692615640828104, -5.498722745654952, -5.982865919981555, -5.56180530152208, -5.700286857025693, -5.701940881638685, -6.30459236145314, -5.534551038522276, -5.844228310266341, -5.847348396799541, -5.634294258784965, -5.842336682309819, -7.251477555070878, -5.665699772012302, -6.3516487587343935, -6.468128547061395, -5.823613265655057, -5.571614431226246, -5.4816865493977165, -7.447096314492241, -7.131704035919157, -5.91084858883227, -5.692513385492798, -7.371577150968348, -7.223777788836002, -5.8613137851947, -5.676707035432581, -5.937873281051758, -5.595996543029988, -5.7836193473051205, -6.720495971866846, -5.8777115309184005, -7.219305408660931, -5.82596046730329, -5.691742204404288, -7.342312441051599, -6.537813706479541, -6.970869874958588, -6.10141227528411, -6.216408396574214, -5.5413159310116695, -5.484466781497349, -6.226344396676584, -5.336175269615244, -6.102346783119512, -5.667624701184805, -5.819295411250232, -5.744376030316279, -6.214544879729172, -7.162245700774063, -5.714798473594626, -7.162309848689971, -6.520436664211513, -5.697850394357649, -5.681135780339394, -6.867007503641651, -6.360538411080041, -7.155902857064881, -6.405909952007823, -6.957368268512449, -5.834847460648914, -6.237434517905481, -7.038169447201956, -7.0815317017941375, -6.692739759969691, -7.068376751094151, -7.186053818009095, -6.491953416129768, -5.832230228968771, -5.880269727205839, -7.287922696114612, -5.9868801065882815, -7.129517139842567, -5.9269709759071425, -5.880440324089796, -7.180570694073263, -6.561814187934818, -7.223244081298917, -7.232350397551167, -6.728249476025026, -7.21899450100682, -5.873535886633403, -7.131450793884289, -7.0837867232502205, -5.74177776911571, -6.0772283666136415, -7.0162866801102535, -7.1263276151834, -5.922679660152714, -6.301974275916944, -6.139789471491267, -6.562320300676257, -5.407235870556121, -5.7478259508106255, -5.208878976120407, -6.9646608163793156, -7.121804209324313, -6.981060627656175, -6.988647277370414, -6.2979645099624015, -5.104099120401419, -5.693795746740082, -7.021010495372472, -5.80900361589593, -6.3008063340681835, -7.156967151818608, -7.241654037841504, -5.550852867863064, -5.856094718602915, -5.270654610047409, -7.233362007739967, -7.224437809151801, -6.490495005374858, -7.2594094023859235, -5.4892949021513555, -5.773147350295974, -5.247083811006839, -7.020736492409202, -7.1994264792727325, -5.106684021449633, -5.076214583497641, -5.666951244510762, -5.305917687428314, -5.450104773879085, -4.936143131962429, -6.897209063934544, -4.927558337380101, -5.344371222063667, -4.734966931162929, -4.832810998327626, -6.508249564843727, -5.408227481078849, -5.405198479644152, -5.424745157877055, -5.746666602886994, -6.862338338141007, -5.3924511916191555, -5.487581089896043, -6.491764931680015, -6.635981009653473, -7.256227585343551, -4.027930635853383, -6.880287607258692, -5.0446495752098945, -4.140189124707004, -4.321431350794162, -5.170963992165208, -5.12673109943749, -5.375289890552433, -5.418473294578046, -4.570656743493557, -5.410981356965706, -5.376745410868652]","0     -7.22
1     -6.21
2     -7.24
3     -5.92
4     -5.96
       ... 
247   -6.00
248   -3.99
249   -5.24
250   -4.77
251   -4.71
Name: Permeability, Length: 252, dtype: float64","[array([-6.45979088, -6.1568823 , -5.90780573, -5.85652419, -5.86718129,
       -7.08527239, -5.73659125, -7.02086167, -7.21478991, -6.75199938,
       -5.99427496, -5.76310018, -5.87205551, -5.70368373, -6.13537336,
       -6.25124821, -6.2040155 , -7.11785086, -6.03262293, -6.51512822,
       -6.21791026, -6.51684204, -5.52696643, -5.97929536, -5.80788415,
       -5.90706324, -5.8015909 , -6.00915171, -6.16783769, -5.69982056,
       -6.7707322 , -6.28972185, -5.63539483, -6.50356407, -5.81660484,
       -6.241367  , -5.78988943, -6.96704719, -6.38640125, -5.53313698,
       -6.54309539, -5.90756483, -5.94288963, -6.01754263, -5.7127246 ,
       -5.98053955, -6.70847086, -6.29195765, -5.90335906, -5.71054943,
       -6.86674761, -6.70430009, -5.8685537 , -5.4924612 , -6.45026588,
       -5.69637289, -6.43379323, -6.40930479, -5.5644323 , -6.64606345,
       -5.84539784, -6.02047021, -5.93793549, -5.61019854, -5.70035269,
       -6.36459037, -7.06055622, -5.459283  , -5.64089668, -6.06821412,
       -5.70583211, -6.99568971, -5.75134796, -6.85823519, -5.7732777 ,
       -5.77285563, -5.84242488, -5.8444327 , -6.01897952, -6.57308265,
       -6.39341168, -6.43062465, -6.21944125, -5.86610867, -5.72401496,
       -5.37482598, -6.81811064, -6.48343871, -7.01222393, -7.02334116,
       -7.16449773, -7.16929589, -5.70448384, -5.95227508, -6.26328593,
       -7.20925792, -5.66778065, -5.96908164, -5.7753688 , -5.84761638,
       -7.11291327, -6.94916512, -7.02261612, -6.1653071 , -5.73002477,
       -5.82756124, -5.66035242, -7.16511759, -6.56638385, -6.66070194,
       -6.22679183, -5.89799467, -5.98381918, -6.53996571, -5.58905489,
       -6.92080532, -6.15472425, -6.18089337, -6.34936237, -5.69089459,
       -5.68028961, -6.57087524, -5.89623663, -6.97662624, -5.69136967,
       -5.95158787, -7.02639739, -6.32596834, -5.43476178, -6.09293719,
       -7.19246461, -7.03801354, -6.02418213, -5.9611112 , -6.59380513,
       -5.47942898, -6.1865918 , -5.94481149, -7.02434546, -6.86735572,
       -7.2323186 , -6.98259203, -6.79760027, -7.12555095, -7.24559458,
       -5.77677052, -7.03871464, -6.44609052, -5.50618175, -7.36134593,
       -6.5691264 , -6.81403203, -6.83198902, -5.9533551 , -6.81763134,
       -7.58862348, -7.13446828, -7.13600682, -6.78390179, -7.34028976,
       -7.35566832, -7.20647536, -5.8755027 , -6.41388068, -7.37709362,
       -6.75087648, -7.03100848, -6.87206696, -5.68285135, -7.27295696,
       -7.16192971, -5.74224858, -7.3173908 , -6.40429843, -7.27028233,
       -5.85866808, -6.94255651, -6.1781655 , -6.16442658, -6.17716756,
       -6.37559578, -6.79524794, -6.90902477, -5.73628767, -5.56159474,
       -6.39508985, -6.45614085, -7.14850707, -6.24229329, -5.78374463,
       -7.24498822, -6.72842832, -6.97352878, -5.45723842, -7.2534138 ,
       -6.17174006, -6.84463299, -6.25803584, -6.34332717, -7.21529052,
       -5.94202909, -5.86601457, -6.84876153, -6.04714363, -6.63228309,
       -6.43202365, -5.67173416, -6.56405105, -6.38830102, -4.87236203,
       -5.23340056, -5.2704904 , -5.0024918 , -5.54396244, -5.0589606 ,
       -5.67816404, -5.05800707, -6.7527069 , -4.73857513, -5.75425148,
       -5.82367377, -5.63660956, -5.30049102, -6.76566691, -5.0812453 ,
       -5.3168246 , -5.96898384, -6.16098798, -7.178582  , -6.98473604,
       -6.71281364, -6.27755565, -6.08384417, -6.95005814, -4.02840105,
       -4.65898762, -4.7841282 , -4.22213496, -5.4637422 , -4.99169391,
       -4.39213197, -4.41142778, -5.36933091, -4.88436045, -4.89595539,
       -4.36536107, -4.93773073, -5.16113258, -4.07017503, -4.93276565,
       -4.60789911, -4.94301787]), array([-6.23601577, -6.04854414, -5.94924469, -5.87577458, -5.8364625 ,
       -7.02334634, -5.69714532, -6.99898065, -7.14898637, -6.73067884,
       -6.09342042, -5.87370996, -5.97592733, -5.79922213, -6.02493257,
       -6.08601142, -6.18579289, -7.05456906, -5.95817741, -6.55107742,
       -6.28588225, -6.5365336 , -5.56836141, -5.95987904, -5.70637346,
       -5.93831276, -5.81451275, -5.9890302 , -6.06759801, -5.72066988,
       -6.82632315, -6.45612727, -5.61878497, -6.65611018, -5.85379245,
       -6.4486805 , -5.76535164, -6.96635367, -6.30232107, -5.59146202,
       -6.41515811, -5.9012944 , -5.9904864 , -6.21539821, -5.76477853,
       -6.15000523, -6.77906049, -6.20657785, -5.99997729, -5.63679522,
       -6.6894421 , -6.85219575, -5.90520866, -5.25469573, -6.35083143,
       -5.89066627, -6.37602986, -6.38643937, -5.58236824, -6.73209059,
       -5.87275765, -6.03579939, -6.09563072, -5.67399979, -5.83670696,
       -6.35087283, -6.90855719, -5.40801846, -5.76153625, -5.87473659,
       -5.69786051, -7.00313492, -5.72669418, -6.90322523, -5.6703374 ,
       -5.87737692, -5.86999514, -5.85248074, -6.06505556, -6.76189318,
       -6.3142264 , -6.40850871, -6.14954672, -5.77133578, -5.83775044,
       -5.44993736, -6.73770888, -6.61071157, -7.01997693, -7.22572302,
       -7.05927219, -7.2504637 , -5.75208345, -5.99689343, -6.16209739,
       -7.13893761, -5.57312076, -5.93965394, -5.89758762, -5.85192361,
       -7.18212929, -7.1266872 , -6.9582304 , -6.23192016, -5.86244003,
       -5.78254847, -5.64537792, -7.21587617, -6.69158275, -6.79341982,
       -6.21601652, -5.92077975, -5.97390742, -6.56672317, -5.5467061 ,
       -6.72067018, -6.17165852, -6.21994978, -6.26256485, -5.74312529,
       -5.6944492 , -6.48116347, -5.82466303, -6.85024905, -5.78694534,
       -5.82595746, -7.0121205 , -6.25956275, -5.43071248, -6.09725843,
       -7.40007968, -7.11481547, -6.008923  , -5.98831921, -6.74534338,
       -5.483768  , -6.07945672, -6.08433803, -7.00757117, -6.8525144 ,
       -7.18102554, -7.00081758, -6.7987905 , -7.1182924 , -7.25847563,
       -5.77325398, -6.96392926, -6.33822329, -5.47041281, -7.28136149,
       -6.40945777, -6.81129928, -6.74904978, -5.91223413, -6.80017272,
       -7.34117247, -7.11594596, -7.27876986, -6.82538223, -7.35142479,
       -7.40074982, -7.41558569, -5.84444661, -6.40048608, -7.4130282 ,
       -6.66556395, -7.00580206, -6.71179195, -5.79503717, -7.29858016,
       -7.08043037, -5.75319073, -6.97461892, -6.42278033, -7.13047908,
       -5.83047469, -6.93208127, -6.12951129, -5.9580496 , -6.3116175 ,
       -6.45273086, -6.60463136, -6.81030474, -5.75237632, -5.65722355,
       -6.37069589, -6.63702785, -7.12945118, -6.24409018, -5.86707118,
       -7.23946594, -6.75118158, -6.98259889, -5.59097322, -7.35684438,
       -6.31678239, -6.74462508, -6.0988706 , -6.29925528, -7.29084092,
       -5.89837749, -5.83930899, -6.65806546, -6.00618578, -6.40373261,
       -6.38640847, -5.67336047, -6.56765245, -6.40563796, -4.9277928 ,
       -5.37163725, -5.24152945, -5.1302247 , -5.75880445, -5.03126323,
       -5.6939575 , -5.1237655 , -6.73140923, -4.6744472 , -5.76174779,
       -5.61785983, -5.60982426, -5.3591286 , -6.67972687, -5.28147872,
       -5.29320718, -6.21895235, -6.02118596, -7.02692517, -7.06802699,
       -6.57438014, -6.27385199, -5.46267928, -6.77365216, -3.96378953,
       -4.57852118, -4.79754207, -4.2419641 , -5.45986344, -5.13902679,
       -4.28205097, -4.58202592, -5.51449191, -4.89471555, -4.90480668,
       -4.41656124, -5.11598646, -5.15285142, -3.98173509, -4.83328046,
       -4.50042056, -5.04573832]), array([-6.25052421, -5.95726312, -6.02424761, -5.83100725, -5.82175869,
       -6.92280566, -5.72403911, -6.97067365, -7.17840984, -6.84474544,
       -6.07162231, -5.80361207, -5.97472168, -5.84609698, -6.03481002,
       -6.09073119, -6.21123972, -7.07991107, -5.9014262 , -6.55639761,
       -6.26223818, -6.5478854 , -5.58647164, -6.02171359, -5.79895586,
       -5.95335146, -5.76971925, -5.96933981, -5.99724746, -5.7355698 ,
       -6.66090551, -6.18282886, -5.66175599, -6.54371983, -5.90211918,
       -6.34200294, -5.76620002, -6.8542489 , -6.36720005, -5.60529671,
       -6.42803798, -6.03268859, -5.76892493, -6.1222349 , -5.67120854,
       -5.99424715, -6.69834937, -6.32715153, -5.99783673, -5.73949221,
       -6.795677  , -6.84816175, -6.007763  , -5.44510206, -6.33990135,
       -5.75010525, -6.35335851, -6.24610496, -5.58729395, -6.68234862,
       -5.86788688, -5.99020168, -6.01367415, -5.62891961, -5.7653079 ,
       -6.31418185, -6.90319177, -5.42661358, -5.76550694, -6.20284628,
       -5.66766598, -7.07188005, -5.68538133, -7.02360981, -5.73838403,
       -5.88587421, -5.92705558, -5.79974601, -6.13895753, -6.84664898,
       -6.22123142, -6.36656551, -6.13571551, -5.86934859, -5.81032115,
       -5.48253095, -6.81979344, -6.50506442, -7.08850726, -6.89722759,
       -7.10178473, -7.14805806, -5.7495193 , -5.96745991, -6.1195073 ,
       -7.21216178, -5.63416359, -5.90679444, -5.74392773, -5.83827452,
       -7.06914348, -7.19398772, -7.04621961, -6.18668773, -5.77472773,
       -5.79213447, -5.72681456, -7.24945877, -6.58946569, -6.78006195,
       -6.12742421, -6.01651082, -6.01243123, -6.63726025, -5.46156985,
       -6.74117502, -6.12084764, -6.13282188, -6.28717602, -5.7065117 ,
       -5.75552027, -6.59117346, -5.99247129, -7.01219806, -5.67343237,
       -5.95419997, -6.98539689, -6.16671745, -5.57621744, -6.14414293,
       -7.42131355, -7.01651548, -6.10433448, -5.98289309, -6.69062344,
       -5.46873888, -6.28276641, -6.08937678, -7.01884824, -6.84831652,
       -7.20296554, -6.97264773, -6.80277738, -7.09751279, -7.16970435,
       -5.85748965, -7.2278473 , -6.45267664, -5.47718618, -7.29929591,
       -6.45286808, -6.75002274, -6.76278028, -5.76114044, -6.82692205,
       -7.50272223, -7.16112868, -7.15259526, -6.66304551, -7.27212808,
       -7.39210817, -7.19523758, -5.93514321, -6.27469178, -7.47946761,
       -6.53125523, -6.9378813 , -6.8072107 , -5.67552076, -7.35575745,
       -6.95406452, -5.70245406, -7.09295798, -6.4869892 , -7.23468701,
       -5.94692172, -6.93663423, -6.16103252, -6.06876084, -6.13985571,
       -6.41353155, -6.58789703, -6.92089887, -5.80008188, -5.63456983,
       -6.47597287, -6.63506561, -6.9638694 , -6.28560056, -5.83958438,
       -7.20443364, -6.83944189, -6.87058452, -5.5380308 , -7.37759285,
       -6.14538933, -6.65309637, -6.30507048, -6.33507182, -7.17179652,
       -5.88538435, -5.94347636, -6.68154545, -5.70284063, -6.42441605,
       -6.30947455, -5.65687497, -6.45788828, -6.50585684, -4.88973968,
       -5.20865665, -5.36840759, -5.11909532, -5.51921962, -5.00161488,
       -5.66016042, -5.01961795, -6.8203437 , -5.0264829 , -5.75057393,
       -5.45511514, -5.66070635, -5.29975041, -6.63757843, -5.14803677,
       -5.31009574, -6.16185318, -5.94535684, -7.01268019, -6.95537973,
       -6.62697865, -6.26271321, -5.66662718, -6.89119777, -4.10056709,
       -4.74624007, -4.59171003, -4.55840935, -5.48279306, -4.9051719 ,
       -4.19834311, -4.62019655, -5.36145193, -4.98401995, -4.86802524,
       -4.42226556, -5.10242088, -5.18199877, -4.18300832, -4.7339343 ,
       -4.54104571, -4.94093832]), array([-6.30485516, -6.08644089, -5.96122945, -5.92920623, -5.8727824 ,
       -6.91516584, -5.76880565, -6.95337012, -7.1016839 , -6.72816581,
       -6.08100066, -5.79395467, -6.1136428 , -5.74286352, -5.99478339,
       -6.16581697, -6.14161148, -7.05473274, -5.88086054, -6.49889727,
       -6.23558087, -6.42730235, -5.55137246, -5.95522757, -5.80581027,
       -5.96850608, -5.75057524, -5.92805681, -6.01499422, -5.742927  ,
       -6.59318332, -6.39134731, -5.6198177 , -6.63541333, -5.87936537,
       -6.32517467, -5.77453718, -6.86053333, -6.39755164, -5.56611431,
       -6.33058327, -6.01175741, -5.88915818, -6.13577481, -5.77269913,
       -6.01036197, -6.76052031, -6.15644648, -5.96094399, -5.66008754,
       -6.84677136, -6.89983546, -5.88355766, -5.42640785, -6.30045515,
       -5.80689491, -6.37528402, -6.36857934, -5.57245702, -6.67576379,
       -5.84000102, -6.1977203 , -6.03017363, -5.71616382, -5.7978578 ,
       -6.28484948, -7.02971208, -5.42279061, -5.70999444, -6.07326573,
       -5.66466404, -7.01078217, -5.67415667, -6.92946579, -5.73247873,
       -5.85626298, -5.95013106, -5.90794546, -6.14383402, -6.66022323,
       -6.27172044, -6.34175531, -6.11135066, -5.8673542 , -5.76835834,
       -5.44200492, -6.78490449, -6.49345538, -6.99820973, -6.98703435,
       -7.08520654, -7.20359425, -5.73264036, -5.97725068, -6.12749367,
       -7.13201146, -5.64909757, -6.0271134 , -5.90265538, -5.7480896 ,
       -7.05848773, -7.13522997, -7.03653117, -6.12177126, -5.89532364,
       -5.7943287 , -5.64801618, -7.3385376 , -6.55218134, -6.6350801 ,
       -6.21075077, -5.88800994, -6.02705449, -6.58432467, -5.56026134,
       -6.91459124, -6.05839844, -6.25272308, -6.30384284, -5.72869856,
       -5.70183686, -6.40675697, -5.85978395, -6.94710652, -5.70823287,
       -5.88439056, -7.00061393, -6.18435536, -5.46307341, -5.99516804,
       -7.36115592, -7.24940641, -6.07832388, -5.78289289, -6.61795726,
       -5.6245202 , -6.25947967, -6.09389043, -7.03152572, -6.95169756,
       -7.29618034, -6.98901165, -6.80237817, -7.11075497, -7.21794403,
       -5.86666539, -6.95767135, -6.51651539, -5.43591294, -7.3693827 ,
       -6.36979474, -6.82766494, -6.92525359, -5.87980927, -6.86071238,
       -7.5164674 , -7.11596194, -7.36620593, -6.66188098, -7.36092775,
       -7.45448842, -7.23857222, -5.92625374, -6.17557993, -7.45031124,
       -6.67300696, -7.04556941, -6.8322483 , -5.72583635, -7.18322638,
       -7.01355645, -5.65393959, -7.08053199, -6.38736802, -7.2443207 ,
       -5.92679116, -6.94532405, -6.20156084, -6.01266628, -6.29629217,
       -6.43219137, -6.64697749, -6.87126814, -5.92154486, -5.7616882 ,
       -6.3206411 , -6.57211961, -7.02948082, -6.27053395, -5.78777995,
       -7.26100916, -6.73137612, -6.79497035, -5.50465998, -7.15345422,
       -6.42701124, -6.69704218, -6.25175324, -6.40914494, -7.16132735,
       -5.89247553, -5.89781572, -6.80663529, -6.07957905, -6.48256305,
       -6.2200897 , -5.80322239, -6.45782661, -6.44238034, -4.94159546,
       -5.21132605, -5.08359452, -5.24704927, -5.69188985, -5.15367106,
       -5.67269652, -5.08883527, -6.81485887, -4.99448413, -5.8729727 ,
       -5.6301389 , -5.5943691 , -5.34900571, -6.65034062, -5.10197286,
       -5.45439012, -6.15475068, -5.98763362, -7.06031416, -6.85221912,
       -6.53395884, -6.06810802, -5.49821639, -6.96872386, -4.01218042,
       -4.74914946, -4.75684352, -4.30312694, -5.5160586 , -5.01419498,
       -4.21066044, -4.45695165, -5.37322282, -4.86336371, -4.65105428,
       -4.44543432, -5.0177672 , -4.90045253, -4.11024823, -4.67389717,
       -4.62146924, -4.97124601]), array([-6.34700064, -6.10989503, -5.99872339, -5.83712381, -5.9060489 ,
       -6.92971272, -5.7072    , -6.95354292, -7.2952262 , -6.86310883,
       -6.07182766, -5.72252542, -5.95185335, -5.89831965, -6.09449242,
       -6.23768003, -6.15272418, -7.13300331, -6.05876609, -6.52535636,
       -6.23018793, -6.51742554, -5.54163371, -5.9918651 , -5.81056233,
       -5.88857516, -5.80535092, -5.91279694, -6.15607877, -5.70883204,
       -6.57503705, -6.42673551, -5.69114033, -6.60307289, -5.8061855 ,
       -6.28993881, -5.7434942 , -6.88993472, -6.44986593, -5.55250298,
       -6.37309532, -5.89826872, -5.87624832, -6.1246487 , -5.64870435,
       -6.01736787, -6.82857164, -6.26483544, -5.92717536, -5.56857207,
       -6.90370736, -6.86066636, -5.8963827 , -5.45621107, -6.27279357,
       -5.78846368, -6.28069338, -6.36077479, -5.61529597, -6.67448398,
       -5.77763018, -6.17616358, -6.01652587, -5.62711687, -5.75266521,
       -6.39743687, -7.02170153, -5.48138435, -5.72069855, -6.05279995,
       -5.66245576, -7.10840525, -5.67429128, -6.77479178, -5.69553932,
       -5.8780606 , -5.833144  , -5.73838918, -6.19160534, -6.75111839,
       -6.30172434, -6.40256463, -6.19891733, -5.91406571, -5.99961065,
       -5.58399625, -6.77857265, -6.48000733, -6.88017029, -6.94390886,
       -7.12844086, -7.243632  , -5.92970223, -5.98470688, -6.30240463,
       -7.11833716, -5.71355813, -5.97160788, -5.89295094, -5.86890962,
       -7.06639543, -7.15800628, -7.04844871, -6.34916367, -5.88505005,
       -5.83262849, -5.63785307, -7.22145038, -6.61047592, -6.77054718,
       -6.36889066, -5.97285362, -6.12146713, -6.58053428, -5.49702181,
       -6.71497766, -6.20947119, -6.15313455, -6.23136768, -5.67759062,
       -5.8011057 , -6.62867728, -5.90333292, -6.93576998, -5.72349722,
       -5.85073443, -7.13752873, -6.23914329, -5.56705484, -6.09329815,
       -7.27533388, -7.17075894, -5.99347667, -5.98781119, -6.60679691,
       -5.44382814, -6.09867237, -6.07866636, -7.20974364, -6.9093717 ,
       -7.24586324, -6.91933491, -6.86020722, -7.01507713, -7.28465825,
       -5.83397071, -6.90454592, -6.41301546, -5.53822303, -7.45046794,
       -6.41816404, -7.17131326, -6.87929486, -5.5596372 , -6.91952194,
       -7.49704921, -7.1454233 , -7.27629951, -6.71942415, -7.28200134,
       -7.35841743, -7.39092338, -5.80942744, -6.34188073, -7.40958292,
       -6.6721042 , -7.00765373, -7.06313042, -5.72964551, -7.26837916,
       -7.02591202, -5.72936637, -7.21197524, -6.41352343, -7.29484477,
       -5.88511409, -6.94999305, -6.21271632, -6.07079531, -6.10782881,
       -6.4343888 , -6.61713633, -7.0069849 , -5.79536173, -5.50000796,
       -6.42886451, -6.72440153, -7.04615663, -6.30421222, -5.87427278,
       -7.21721435, -6.81815369, -6.93546302, -5.44394086, -7.20174286,
       -6.27269994, -6.78865388, -6.34187934, -6.31873227, -7.16233018,
       -5.96020327, -5.91996843, -6.78451058, -5.91888119, -6.73370926,
       -6.29258584, -5.64520392, -6.61878291, -6.47640535, -4.85309101,
       -5.33144174, -5.40480725, -5.14562967, -5.76601493, -5.09292048,
       -5.57905102, -5.05415336, -6.65394364, -4.8114526 , -5.58428035,
       -5.67110749, -5.53886088, -5.14679825, -6.68234199, -5.11231205,
       -5.25423738, -6.07924529, -6.14283909, -7.1694861 , -6.84384735,
       -6.68670611, -6.17952314, -5.6969476 , -7.05258798, -4.07838545,
       -4.79365145, -4.80696745, -4.50998091, -5.51235216, -5.18420257,
       -4.23084665, -4.54135728, -5.3075297 , -4.88776765, -4.90153119,
       -4.38233527, -5.06781591, -5.27914244, -4.19307342, -4.90164377,
       -4.48333157, -4.86152747])]","[-6.31963733 -6.0718051  -5.96825017 -5.86592721 -5.86084676 -6.97526059
 -5.72675627 -6.9794858  -7.18781925 -6.78373966 -6.0624292  -5.79138046
 -5.97764013 -5.7980372  -6.05687835 -6.16629757 -6.17907675 -7.08801341
 -5.96637063 -6.52937137 -6.2463599  -6.50919778 -5.55496113 -5.98159613
 -5.78591721 -5.93116174 -5.78834981 -5.96167509 -6.08075123 -5.72156386
 -6.68523625 -6.34935216 -5.64537876 -6.58837606 -5.85161347 -6.32943278
 -5.76789449 -6.90762356 -6.38066799 -5.5697026  -6.41799401 -5.95031479
 -5.89354149 -6.12311985 -5.71402303 -6.03050435 -6.75499453 -6.24939379
 -5.95785849 -5.66309929 -6.82046908 -6.83303188 -5.91229315 -5.41497558
 -6.34284948 -5.7865006  -6.3638318  -6.35424065 -5.5843695  -6.68215009
 -5.84073471 -6.08407103 -6.01878797 -5.65127973 -5.77057811 -6.34238628
 -6.98474376 -5.439618   -5.71972657 -6.05437253 -5.67969568 -7.03797842
 -5.70237428 -6.89786556 -5.72200344 -5.85408607 -5.88455013 -5.82859881
 -6.1116864  -6.71859328 -6.30046285 -6.39000376 -6.16299429 -5.85764259
 -5.82801111 -5.46665909 -6.78781802 -6.51453548 -6.99981763 -7.015447
 -7.10784041 -7.20300878 -5.77368584 -5.97571719 -6.19495778 -7.16214119
 -5.64754414 -5.96285026 -5.84249809 -5.83096275 -7.09781384 -7.11261526
 -7.0224092  -6.21096998 -5.82951324 -5.80584027 -5.66368283 -7.2380881
 -6.60201791 -6.7279622  -6.2299748  -5.93922976 -6.02373589 -6.58176162
 -5.5309228  -6.80244388 -6.14302001 -6.18790453 -6.28686275 -5.70936415
 -5.72664033 -6.53572929 -5.89529756 -6.94438997 -5.71669549 -5.89337406
 -7.03241149 -6.23514944 -5.49436399 -6.08456095 -7.33006953 -7.11790197
 -6.04184803 -5.94060552 -6.65090523 -5.50005684 -6.18139339 -6.05821662
 -7.05840685 -6.88585118 -7.23167065 -6.97288078 -6.81235071 -7.09343765
 -7.23527537 -5.82163005 -7.01854169 -6.43330426 -5.48558334 -7.3523708
 -6.44388221 -6.87486645 -6.82967351 -5.81323523 -6.84499209 -7.48920696
 -7.13458563 -7.24197548 -6.73072693 -7.32135434 -7.39228643 -7.28935885
 -5.87815474 -6.32130384 -7.42589672 -6.65856136 -7.005583   -6.85728967
 -5.72177823 -7.27578002 -7.04717861 -5.71623986 -7.13549499 -6.42299188
 -7.23492278 -5.88959395 -6.94131782 -6.17659729 -6.05493972 -6.20655235
 -6.42168767 -6.65037803 -6.90369628 -5.80113049 -5.62301685 -6.39825284
 -6.60495109 -7.06349302 -6.26934604 -5.83049058 -7.23342226 -6.77371632
 -6.91142911 -5.50696866 -7.26860962 -6.26672459 -6.7456101  -6.2511219
 -6.34110629 -7.2003171  -5.91569395 -5.89331681 -6.75590366 -5.95092606
 -6.53534081 -6.32811644 -5.69007918 -6.53324026 -6.4437163  -4.8969162
 -5.27129245 -5.27376584 -5.12889815 -5.65597826 -5.06768605 -5.6568059
 -5.06887583 -6.75465247 -4.84908839 -5.74476525 -5.63957902 -5.60807403
 -5.2910348  -6.68313096 -5.14500914 -5.325751   -6.11675707 -6.0516007
 -7.08959752 -6.94084185 -6.62696748 -6.2123504  -5.68166292 -6.92724398
 -4.03666471 -4.70530995 -4.74743825 -4.36712325 -5.48696189 -5.04685803
 -4.26280663 -4.52239184 -5.38520545 -4.90284546 -4.84427456 -4.40639149
 -5.04834424 -5.13511555 -4.10764802 -4.81510427 -4.55083324 -4.9524936 ]","[0.08047294 0.06717755 0.04031962 0.03532325 0.02948996 0.06760524
 0.02502605 0.02655081 0.06523726 0.05819367 0.03499485 0.04995033
 0.07787329 0.06973439 0.05087163 0.0699549  0.02756668 0.03226807
 0.07003309 0.02167593 0.02449995 0.04260744 0.02072043 0.02402952
 0.03995717 0.02943629 0.02417801 0.03627765 0.07032519 0.01605129
 0.09841205 0.10043752 0.02765    0.05692743 0.0363732  0.06886438
 0.01505068 0.04971847 0.04780357 0.02602368 0.0712963  0.05916078
 0.07440579 0.06296842 0.04923475 0.06110615 0.04774185 0.06094063
 0.03819271 0.05953783 0.07422242 0.06692447 0.0493086  0.08298472
 0.06052404 0.06437063 0.04938873 0.05658699 0.01736896 0.02791377
 0.03396225 0.08553814 0.05020524 0.03872371 0.04560145 0.03924687
 0.06571252 0.02676545 0.04506374 0.10475165 0.0183355  0.04438761
 0.03118822 0.08192269 0.03571228 0.0417872  0.04633907 0.0567225
 0.06153572 0.09371386 0.0564522  0.03170971 0.04017153 0.04676634
 0.09405088 0.06832377 0.0301495  0.04887354 0.06744514 0.11329531
 0.03617255 0.04014648 0.07983163 0.01516123 0.0742126  0.04021702
 0.04579881 0.03981357 0.06844224 0.04261006 0.04624443 0.08497907
 0.03335681 0.07767567 0.06542007 0.02025972 0.03238641 0.0571214
 0.04899883 0.06627759 0.07795995 0.04851213 0.05247175 0.0318158
 0.04571282 0.09452789 0.05103986 0.04363611 0.03966034 0.02396853
 0.04511987 0.08069686 0.05614024 0.05400243 0.03889991 0.05202399
 0.05425677 0.05678558 0.06413577 0.04868024 0.08499925 0.08574169
 0.04235794 0.07948203 0.05794417 0.06375648 0.08201809 0.05692947
 0.076072   0.03937317 0.03937578 0.02829202 0.02401166 0.04026385
 0.03920036 0.03954492 0.11304737 0.05816338 0.03453415 0.05975328
 0.06797393 0.15062288 0.06719834 0.1420509  0.04215623 0.08097549
 0.01741425 0.08623613 0.06516975 0.03688013 0.03585734 0.09439951
 0.04780777 0.08794527 0.03543837 0.07095076 0.03696816 0.11566619
 0.04266214 0.05575868 0.07003777 0.0354556  0.11802267 0.0340701
 0.05628109 0.04275902 0.00632604 0.02962963 0.06870886 0.08264401
 0.02617751 0.07496732 0.06444598 0.06498548 0.08881123 0.05247942
 0.08879933 0.06776446 0.02387878 0.03833302 0.02017112 0.04614334
 0.07032789 0.05380066 0.0867474  0.10195843 0.06719658 0.08291685
 0.03720943 0.04938703 0.0297733  0.037172   0.07364251 0.1352304
 0.12740358 0.07412744 0.05750435 0.06452316 0.04348015 0.03324051
 0.06729343 0.11255573 0.07786662 0.10509177 0.05253257 0.04036334
 0.03513538 0.06103516 0.13909559 0.09230893 0.11787509 0.0413903
 0.07611433 0.0446646  0.07158235 0.06789122 0.08621498 0.08555071
 0.07071356 0.08435168 0.0668645  0.08056559 0.22082387 0.09256561
 0.04858538 0.07697084 0.07967435 0.13984322 0.02358874 0.10153178
 0.0706988  0.07755916 0.06885975 0.04191238 0.09747978 0.02878177
 0.06488329 0.12569802 0.07777111 0.09817501 0.05556918 0.05923577]"
1,DecisionTreeRegressor,"[-7.1, -7.03, -5.739999999999999, -6.07, -5.919999999999999, -5.96, -5.96, -5.96, -6.657577319, -5.85, -6.251811973, -6.55, -6.55, -5.89, -5.82, -6.21, -5.96, -5.72, -5.4, -5.96, -7.11, -6.28, -5.42, -6.54, -5.82, -5.96, -6.0, -6.207608311, -7.62, -7.57, -5.8100000000000005, -5.6, -7.05, -5.64, -5.96, -5.89, -7.06, -6.214670165, -5.96, -5.72, -6.13, -6.6, -5.42, -5.919999999999999, -5.64, -5.74, -6.85, -7.05, -6.35, -6.387216143, -6.0, -6.6, -5.96, -5.54, -7.05, -6.89, -5.96, -5.96, -5.96, -5.96, -5.919999999999999, -5.96, -6.54, -7.19, -7.045757491, -5.54, -6.0, -5.77, -6.52, -5.869999999999999, -5.58, -5.92, -7.38, -7.22, -7.19, -7.045757491, -5.48, -7.33, -6.431798276, -5.59, -5.869999999999999, -6.0, -6.82, -5.96, -5.52, -7.15, -7.49, -5.22, -5.99, -5.919999999999999, -5.790484985, -5.85, -5.92, -7.08, -5.919999999999999, -6.68, -6.455931956, -6.44, -6.59, -7.19, -6.66, -5.74, -6.59, -6.28, -6.19, -6.49, -7.1, -5.74, -7.19, -7.51, -5.8, -6.92, -7.19, -6.49, -5.96, -6.19, -5.96, -7.15490196, -7.25, -7.54, -7.72, -6.92, -6.38, -7.14, -7.0, -7.54, -7.1, -6.55, -6.96, -6.0, -7.7, -7.34, -6.44, -6.74, -7.08, -5.74, -7.0, -7.72, -5.59, -5.92, -7.0, -5.34, -5.25, -7.57, -6.72, -6.02, -7.02, -6.26, -7.57, -5.74, -5.74, -7.57, -7.11, -5.42, -7.1, -7.39, -7.0, -6.96, -5.64, -7.38, -5.77, -5.74, -6.8, -6.96, -4.63, -5.41, -6.1, -6.0, -5.02, -6.17, -5.1, -6.68, -5.41, -5.32, -5.99, -5.42, -6.82, -6.85, -6.84, -6.251811973, -5.8, -6.82, -5.68, -7.05, -6.08, -6.54, -6.36, -5.41, -6.54, -6.66, -4.63, -3.57, -4.92, -4.25, -3.78, -5.23, -4.81, -5.57, -4.67, -5.57, -4.48, -5.59, -6.96, -7.22, -5.6, -7.22, -7.85, -6.89, -6.37, -7.12, -6.0, -5.25, -6.66, -5.72, -5.96, -5.72, -5.77, -5.96, -7.0, -6.82, -6.92, -5.64, -5.8, -6.77, -5.68, -6.1, -6.29, -5.8, -5.89, -5.72, -6.0, -5.8, -6.35, -6.19, -6.19, -6.14, -5.7, -5.68, -5.82, -5.3, -5.64, -6.8, -6.68, -7.17, -6.59, -7.11, -5.3, -6.8, -5.85, -5.55, -7.15, -6.698970004, -6.54, -5.94, -5.72, -5.1, -5.85, -7.03, -6.72, -7.51, -6.35, -5.92, -5.48, -5.74, -5.96, -5.72, -6.92, -6.09, -7.51, -6.85, -5.77, -5.82, -6.92, -5.96, -6.260000000000001, -6.48, -6.21, -5.12, -6.77, -5.72, -7.24, -7.02, -6.89, -7.14, -5.72, -6.89, -6.85, -5.96, -5.92, -6.85, -7.59, -7.23, -6.21, -5.7, -5.68, -6.080921908, -5.34, -6.96, -5.82, -5.85, -6.51, -6.42, -6.96, -7.22, -7.1, -5.54, -5.55, -6.72, -6.31, -6.408935393, -7.17, -6.96, -5.89, -7.35, -7.01, -5.89, -6.35, -6.77, -5.72, -5.24, -6.004364805, -7.34, -7.19, -7.54, -7.07, -6.508638306, -5.92, -7.12, -6.49, -6.48, -6.4, -7.4, -6.85, -7.0, -5.84, -5.49, -7.15, -7.23, -7.2, -7.22, -7.41, -6.19, -5.82, -7.49, -5.96, -6.260000000000001, -6.55, -7.19, -6.2, -7.15, -7.29, -5.49, -6.96, -5.3, -6.55, -6.1, -7.22, -6.72, -7.21, -5.35, -5.7, -7.03, -7.21, -7.52, -6.32, -7.34, -7.3, -7.34, -4.96, -5.72, -4.85, -4.94, -4.63, -5.02, -6.55, -4.41, -4.97, -5.72, -5.55, -7.08, -7.85, -7.39, -5.1, -7.3, -5.45, -7.08, -6.85, -6.85, -5.42, -5.32, -5.33, -4.08, -4.08, -4.879426069, -5.33, -5.04, -5.25, -5.17, -5.22, -5.44, -5.11, -4.08, -5.24, -5.0, -6.34, -5.49, -7.55, -6.04, -6.04, -7.03, -5.89, -6.0, -5.860120914, -5.3, -7.57, -6.92, -7.19, -5.96, -6.64, -6.26, -5.47, -5.92, -6.04, -5.24, -5.77, -6.54, -6.38, -6.96, -5.28, -6.35, -5.89, -5.759450752, -6.72, -5.57, -5.89, -5.3, -5.1, -5.7, -6.02, -5.64, -6.72, -6.09, -5.57, -6.04, -6.8, -5.59, -5.92, -5.72, -5.96, -6.54, -5.82, -5.68, -6.49, -5.74, -5.68, -5.96, -6.51, -6.66, -5.475, -6.24, -6.21, -5.8100000000000005, -6.96, -7.096910013, -5.92, -5.96, -6.508638306, -5.41, -7.15, -5.96, -5.64, -5.49, -6.0, -7.34, -6.28, -7.64, -6.51, -5.950781977, -6.602059991, -5.66, -6.2, -5.49, -5.99, -5.96, -5.54, -5.89, -5.85, -5.51, -7.07, -7.44, -5.74, -7.15490196, -5.99, -6.06, -7.43, -5.25, -5.545, -7.34, -5.92, -6.17, -5.8, -5.7, -7.52, -5.58, -5.64, -5.35, -7.15490196, -6.96, -7.39, -5.89, -5.35, -5.47, -7.54, -5.85, -7.24, -6.21, -6.431798276, -5.68, -5.756961951, -6.96, -7.07, -7.08, -7.22, -6.44, -7.24, -7.57, -5.96, -7.06, -7.14, -5.66, -6.0, -7.27, -6.0, -7.57, -6.89, -5.92, -5.96, -7.62, -7.46, -7.68, -4.72, -5.545, -5.96, -6.72, -7.08, -7.49, -6.66, -6.96, -6.24, -6.59, -5.35, -5.62, -6.11, -6.24, -6.07, -5.7, -5.38, -5.96, -7.24, -6.89, -7.55, -6.89, -7.14, -5.1, -7.24, -5.72, -7.15490196, -5.72, -5.49, -4.72, -5.04, -6.11, -5.15, -5.72, -7.05, -5.04, -5.13, -7.31, -6.4, -5.13, -5.1, -4.72, -5.72, -6.59, -7.3, -5.82, -6.1, -5.72, -4.869666232, -7.0, -5.64, -5.040958608, -5.54, -3.57, -3.58, -4.95, -5.0, -5.37675071, -5.04, -5.12, -5.15, -4.41, -5.15, -5.55, -5.21, -7.23, -6.06, -5.55, -7.1, -5.62, -4.85, -5.4, -6.468521083, -5.89, -7.39, -5.575118363, -6.66, -6.85, -7.04, -5.92, -7.18, -5.96, -5.7, -6.89, -6.42, -5.96, -6.04, -6.13, -6.68, -5.49, -5.96, -6.698970004, -7.14, -7.08, -5.66, -5.4, -6.14, -7.15490196, -6.42, -5.57, -6.09, -7.39, -7.39, -5.575118363, -5.96, -7.02, -5.72, -6.19, -6.74, -6.92, -7.15490196, -6.31, -6.11, -6.28, -7.85, -7.19, -5.38, -5.6, -5.47, -6.09, -6.387216143, -5.72, -7.18, -7.04, -6.508638306, -5.47, -5.6, -6.96, -6.28, -5.51, -5.7, -7.15, -7.04, -5.4, -5.64, -5.64, -5.64, -5.89, -5.48, -5.89, -5.77, -5.72, -5.49, -6.02, -5.51, -5.64, -7.19, -7.15490196, -6.68, -6.02, -6.92, -6.09, -5.96, -6.24, -5.4, -6.85, -5.89, -7.045757491, -5.64, -7.15490196, -5.85, -7.08, -5.96, -6.85, -5.62, -7.57, -7.06, -7.15490196, -7.43, -7.24, -7.02, -7.17, -5.48, -5.54, -6.96, -7.42, -7.46, -5.85, -5.58, -7.85, -6.21, -7.04, -6.7, -7.19, -7.6, -7.33, -6.89, -5.57, -5.89, -7.17, -6.72, -7.21, -6.72, -5.96, -6.13, -6.3, -5.6, -5.32, -6.96, -7.19, -6.19, -7.19, -5.32, -7.46, -7.19, -7.46, -5.6, -5.55, -5.92, -5.45, -5.89, -5.89, -5.58, -6.52, -7.25, -4.92, -5.42, -5.23, -6.2, -6.41, -5.1, -6.070581074, -6.26, -4.66, -4.92, -4.66, -5.575118363, -4.67, -5.14, -5.11, -4.93, -6.59, -4.71, -5.48, -7.04, -6.59, -6.2, -5.23, -5.57, -7.0, -5.58, -6.08, -6.24, -7.0, -7.22, -4.22, -6.43, -4.22, -6.68, -6.77, -4.2, -4.48, -5.33, -6.455931956, -4.69, -4.92, -5.03, -4.48, -5.1, -5.03, -4.94, -5.853871964, -4.82, -5.03, -5.82, -4.82, -6.85, -6.85, -6.0, -7.14, -6.89, -6.64, -5.62, -6.64, -5.82, -7.47, -7.22, -6.04, -6.68, -5.96, -6.54, -5.85, -6.124938737, -6.82, -5.55, -5.950781977, -6.7, -5.68, -5.89, -5.74, -5.96, -7.14, -6.92, -7.14, -5.74, -6.16, -6.68, -5.82, -6.96, -6.124938737, -5.74, -5.74, -5.62, -5.62, -5.66, -6.24, -5.54, -6.12, -6.3, -6.64, -5.6, -6.468521083, -5.950781977, -5.42, -5.3, -5.3, -6.28, -5.89, -5.94, -5.46, -5.68, -5.8, -5.96, -5.8, -5.96, -5.54, -7.04, -5.3, -6.21, -6.52, -5.96, -5.96, -5.64, -6.92, -7.04, -5.89, -5.82, -8.06, -7.15, -5.89, -5.24, -5.96, -5.82, -5.89, -6.77, -5.77, -7.24, -5.8, -5.39, -7.14, -6.51, -7.045757491, -5.57, -6.1, -5.54, -5.4, -6.11, -5.58, -6.32, -5.39, -5.96, -5.85, -6.1, -7.34, -5.77, -6.96, -6.92, -5.92, -5.66, -7.0, -6.42, -6.59, -6.32, -7.02, -5.860120914, -6.337242168, -6.72, -6.2, -6.85, -6.59, -6.89, -6.21, -6.28, -5.96, -7.17, -5.77, -7.14, -5.59, -5.68, -7.06, -5.77, -6.89, -7.29, -6.77, -7.14, -5.89, -7.21, -7.045757491, -5.69, -5.99, -6.8, -6.82, -5.92, -6.24, -5.85, -6.68, -5.35, -5.82, -5.03, -7.04, -7.17, -7.19, -7.19, -6.32, -5.31, -5.54, -6.8, -5.92, -6.24, -7.04, -7.15, -5.3, -5.31, -5.46, -6.77, -6.96, -6.04, -7.14, -5.31, -5.92, -5.46, -6.72, -7.09, -5.06, -5.03, -5.66, -5.31, -5.44, -4.71, -5.8, -5.1, -5.43, -4.92, -4.71, -6.77, -5.77, -5.77, -5.77, -5.32, -6.24, -5.68, -5.6, -6.54, -6.24, -7.0, -3.72, -6.8500000000000005, -5.04, -3.72, -4.35, -5.54, -4.81, -5.57, -5.33, -3.72, -5.46, -5.23]","0     -7.22
1     -6.21
2     -7.24
3     -5.92
4     -5.96
       ... 
247   -6.00
248   -3.99
249   -5.24
250   -4.77
251   -4.71
Name: Permeability, Length: 252, dtype: float64","[array([-6.64      , -6.08      , -6.21      , -5.86646109, -5.92      ,
       -7.05      , -5.3       , -6.6       , -7.19      , -7.07      ,
       -5.68      , -6.21      , -5.68      , -5.96      , -6.24      ,
       -6.54      , -6.2       , -7.09      , -5.92      , -6.54      ,
       -6.51      , -6.68      , -5.55      , -5.72      , -5.96      ,
       -5.96      , -5.48      , -5.96      , -5.61618463, -5.85      ,
       -6.77      , -6.8       , -5.3       , -7.09      , -6.2       ,
       -5.89      , -6.2       , -6.82      , -6.52      , -5.54      ,
       -7.04575749, -5.57      , -5.85      , -5.79048498, -5.85      ,
       -6.2       , -6.6       , -6.8       , -5.6       , -5.57511836,
       -7.1       , -6.4       , -5.92      , -5.49      , -6.38721614,
       -5.3       , -6.66      , -6.25      , -6.07058107, -7.15      ,
       -5.61618463, -5.92      , -5.85      , -5.72      , -5.6       ,
       -6.34      , -7.15490196, -5.03      , -5.94      , -5.96      ,
       -5.77      , -6.96      , -5.57511836, -6.59      , -5.74      ,
       -6.21      , -5.89      , -5.85      , -5.99      , -6.64      ,
       -6.16      , -6.38721614, -6.48      , -5.52      , -5.64      ,
       -5.05      , -6.92      , -6.54      , -6.82      , -6.89      ,
       -7.15490196, -7.19      , -5.55      , -5.96      , -6.28      ,
       -7.15490196, -5.96      , -5.87      , -5.72      , -5.47      ,
       -6.96      , -6.49      , -7.04575749, -6.52      , -6.32      ,
       -5.87      , -5.77      , -7.24      , -6.82      , -6.1       ,
       -6.38      , -5.99      , -6.        , -6.68      , -5.55      ,
       -7.24      , -6.36      , -5.96      , -6.59      , -5.57511836,
       -5.72      , -6.59      , -6.        , -6.49      , -6.        ,
       -5.74      , -7.15      , -6.36      , -5.37      , -6.43      ,
       -7.14      , -7.04575749, -6.11      , -5.96      , -6.31      ,
       -5.41      , -5.57      , -5.85      , -6.89      , -7.22      ,
       -7.57      , -7.14      , -6.36      , -7.        , -7.24      ,
       -5.64      , -6.43      , -6.45593196, -5.05      , -7.24      ,
       -6.38      , -6.59      , -6.54      , -6.37      , -7.04      ,
       -7.09691001, -7.1       , -6.96      , -7.04575749, -7.12      ,
       -7.43      , -7.2       , -5.89      , -5.96      , -7.34      ,
       -6.2       , -7.22      , -6.8       , -5.92      , -7.19      ,
       -7.6       , -5.47      , -7.47      , -6.7       , -7.4       ,
       -5.99      , -6.8       , -6.09      , -6.2       , -5.92      ,
       -6.51      , -6.77      , -6.89      , -5.47      , -5.4       ,
       -6.6       , -6.52      , -6.82      , -5.96      , -5.8       ,
       -7.57      , -6.42      , -6.96      , -5.64      , -6.68      ,
       -6.13      , -6.96      , -6.23      , -6.43      , -7.        ,
       -5.72      , -5.38      , -7.6       , -6.16      , -6.8       ,
       -5.96      , -5.92      , -6.1       , -6.1       , -5.04      ,
       -5.42      , -4.89      , -4.89      , -5.01      , -5.04      ,
       -5.77      , -5.13      , -6.72      , -4.7       , -5.92      ,
       -6.03      , -6.        , -5.58      , -7.05      , -5.3       ,
       -5.55      , -6.08      , -6.25181197, -7.16      , -7.68      ,
       -6.1       , -6.08      , -7.02      , -7.47      , -4.63      ,
       -4.67      , -5.12      , -4.92      , -5.44      , -5.04      ,
       -4.08      , -4.48      , -5.57      , -4.74      , -4.97      ,
       -4.41      , -5.04      , -4.93      , -4.36      , -4.48      ,
       -4.7       , -5.02      ]), array([-5.77      , -6.37      , -5.92      , -6.38      , -5.96      ,
       -6.89      , -5.3       , -6.92      , -6.89      , -6.21      ,
       -6.51      , -5.55      , -6.34      , -5.51      , -6.        ,
       -6.32      , -5.89      , -7.02      , -5.64      , -6.74      ,
       -6.85      , -6.32      , -5.54      , -6.        , -5.51      ,
       -5.75945075, -5.89      , -5.51      , -5.82      , -5.54      ,
       -6.89      , -6.51      , -5.41      , -6.96      , -6.        ,
       -6.72      , -5.51      , -6.6       , -6.54      , -5.62      ,
       -6.46852108, -6.06      , -6.21467017, -6.09      , -5.86646109,
       -6.17      , -6.96      , -5.96      , -5.89      , -5.92      ,
       -6.96      , -6.74      , -5.85      , -5.06      , -6.04095861,
       -6.08092191, -6.92      , -6.7       , -5.96      , -6.54      ,
       -5.61618463, -6.        , -6.05      , -5.97      , -5.85      ,
       -6.8       , -7.15490196, -5.42      , -5.89      , -5.82      ,
       -5.72      , -7.03      , -5.84      , -6.72      , -5.82      ,
       -5.96      , -5.82      , -5.92      , -5.89      , -6.92      ,
       -6.40893539, -7.03      , -6.48      , -5.63      , -5.64      ,
       -5.47      , -6.92      , -6.92      , -7.59      , -7.24      ,
       -7.17      , -7.19      , -6.48      , -6.17      , -6.29      ,
       -7.19      , -5.22      , -5.72      , -5.96      , -5.28      ,
       -6.96      , -6.85      , -6.85      , -5.96      , -5.96      ,
       -5.62      , -5.77      , -6.77      , -6.72      , -6.8       ,
       -5.74      , -5.64      , -5.92      , -6.32      , -5.42      ,
       -5.96      , -6.        , -6.54      , -6.54      , -5.4       ,
       -5.72      , -6.66      , -5.82      , -6.48      , -5.96      ,
       -5.72      , -7.47      , -6.2       , -5.37      , -6.1       ,
       -7.4       , -7.1       , -5.82      , -6.25      , -7.1       ,
       -5.1       , -6.        , -5.66      , -6.77      , -6.44      ,
       -6.85      , -6.85      , -6.64      , -7.09691001, -7.19      ,
       -5.79048498, -7.39      , -6.25181197, -5.77      , -6.59      ,
       -6.14      , -6.59      , -6.77      , -6.47      , -6.89      ,
       -6.96      , -6.96      , -7.49      , -6.40893539, -7.66      ,
       -6.96      , -7.52      , -6.13      , -6.27      , -7.49      ,
       -6.44      , -7.04      , -6.7       , -5.62      , -7.4       ,
       -7.49      , -5.89      , -7.41      , -6.64      , -7.3       ,
       -5.49      , -6.74      , -6.32      , -5.72      , -6.32      ,
       -5.92      , -6.24      , -6.49      , -5.89      , -6.47      ,
       -6.32      , -6.89      , -6.96      , -6.32      , -6.04      ,
       -7.41      , -5.82      , -7.77      , -6.47      , -7.47      ,
       -6.38      , -7.        , -6.        , -6.26      , -7.15      ,
       -6.32      , -5.8       , -6.77      , -6.28      , -6.7       ,
       -6.62      , -5.48      , -6.43      , -6.7       , -5.15      ,
       -5.06      , -5.45      , -5.44      , -5.82      , -4.96      ,
       -5.32      , -4.93      , -7.41      , -4.45      , -5.64      ,
       -5.44      , -5.72      , -5.44      , -6.59      , -4.41      ,
       -5.44      , -6.8       , -6.17      , -6.49      , -7.2       ,
       -6.24      , -6.08      , -5.49      , -7.57      , -3.72      ,
       -4.87942607, -4.38      , -3.78      , -5.44      , -5.51      ,
       -5.19      , -4.45      , -5.89      , -4.87942607, -4.95      ,
       -4.69      , -4.94      , -5.19      , -3.68      , -4.82      ,
       -5.19      , -5.19      ]), array([-6.05      , -6.38      , -6.11      , -5.49      , -5.59      ,
       -6.92      , -5.66      , -7.1       , -7.22      , -6.40893539,
       -5.92      , -5.66      , -5.99      , -5.96      , -5.88605665,
       -6.04      , -6.19      , -7.11      , -5.77      , -6.        ,
       -6.54      , -6.59      , -5.8       , -6.14      , -5.8       ,
       -5.92      , -5.58      , -5.92      , -5.96      , -5.54      ,
       -6.6       , -5.96      , -6.08      , -6.82      , -5.92      ,
       -6.77      , -5.68      , -7.12      , -6.38      , -5.24      ,
       -6.43179828, -6.04      , -5.75945075, -5.64      , -5.66      ,
       -6.        , -6.6       , -6.43      , -5.96      , -5.48      ,
       -7.24      , -6.96      , -5.545     , -5.82      , -6.04095861,
       -5.85      , -6.44      , -6.19      , -5.48      , -6.74      ,
       -5.7       , -6.36      , -6.28      , -5.92      , -5.68      ,
       -6.21      , -7.07      , -5.38      , -5.6       , -5.96      ,
       -5.66      , -7.01      , -5.37675071, -6.96      , -5.74      ,
       -6.02      , -5.96      , -5.62      , -6.18      , -6.74      ,
       -6.77      , -6.19      , -6.3       , -5.74      , -5.89      ,
       -5.96      , -6.77      , -6.43179828, -7.19      , -7.38      ,
       -6.60205999, -6.89      , -5.99      , -6.        , -5.89      ,
       -7.52      , -5.28      , -5.66      , -5.74      , -5.96      ,
       -6.96      , -7.49      , -7.04575749, -6.38      , -5.96      ,
       -5.66      , -5.54      , -7.24      , -6.36      , -7.24      ,
       -5.64      , -5.8       , -6.21      , -6.51      , -5.58      ,
       -6.27      , -6.26      , -6.26      , -6.26      , -5.58      ,
       -5.68      , -6.54      , -6.04      , -6.55      , -5.42      ,
       -6.85      , -7.15      , -6.68      , -5.82      , -6.48      ,
       -7.6       , -6.34      , -5.55      , -5.4       , -6.2       ,
       -5.39      , -6.06      , -6.39      , -7.44      , -7.23      ,
       -6.96      , -7.22      , -7.24      , -7.15      , -7.24      ,
       -6.        , -6.7       , -6.40893539, -5.41      , -7.43      ,
       -6.26      , -6.59      , -7.04      , -5.72      , -7.03      ,
       -7.72      , -7.19      , -7.77      , -6.12493874, -7.4       ,
       -6.96      , -7.11      , -5.7       , -6.17      , -7.08      ,
       -6.44      , -7.21      , -6.89      , -5.54      , -7.64      ,
       -6.8       , -5.59      , -6.8       , -6.4       , -6.8       ,
       -5.66      , -6.82      , -6.27      , -5.62      , -5.92      ,
       -6.09      , -6.26      , -6.89      , -5.82      , -5.89      ,
       -6.54      , -6.85      , -6.85      , -6.06      , -5.75696195,
       -7.38      , -7.24      , -6.92      , -5.89      , -7.38      ,
       -5.89      , -6.68      , -6.21      , -6.3       , -7.04      ,
       -5.82      , -5.1       , -6.4       , -5.45      , -6.4       ,
       -6.06      , -6.2       , -6.7       , -6.24      , -5.03      ,
       -4.86      , -4.89      , -5.26      , -5.35      , -5.04      ,
       -5.89      , -4.96      , -7.89      , -4.82      , -5.1       ,
       -5.85387196, -6.2       , -5.68      , -6.68      , -5.04095861,
       -5.85387196, -5.66      , -5.3       , -6.85      , -6.96      ,
       -6.85      , -6.21      , -5.48      , -6.48      , -3.68      ,
       -4.89      , -5.04095861, -4.45      , -5.54      , -5.04095861,
       -3.72      , -4.69      , -5.17      , -5.        , -4.66      ,
       -4.69      , -4.94      , -5.04095861, -3.58      , -5.11      ,
       -5.05      , -5.04095861]), array([-6.28      , -5.96      , -5.96      , -5.64      , -5.96      ,
       -6.92      , -5.89      , -6.89      , -6.89      , -6.14      ,
       -6.01      , -5.64      , -6.18      , -5.96      , -6.13      ,
       -6.6       , -6.08      , -7.19      , -5.57      , -6.55      ,
       -5.96      , -5.85      , -5.03      , -6.        , -5.96      ,
       -5.87      , -6.08      , -6.13      , -6.14874165, -5.92      ,
       -6.74      , -5.96      , -5.62      , -6.64      , -5.66      ,
       -6.38721614, -5.96      , -6.59      , -5.64      , -5.47      ,
       -6.43179828, -5.96      , -6.01322827, -6.        , -6.6       ,
       -6.        , -7.02      , -6.32      , -6.08      , -5.77      ,
       -6.96      , -7.08      , -6.13      , -5.48      , -6.46852108,
       -6.17      , -6.55      , -6.54      , -5.6       , -7.06      ,
       -5.61618463, -6.24      , -6.2       , -5.74      , -5.68      ,
       -6.68      , -7.15490196, -5.32      , -5.89      , -6.38      ,
       -5.66      , -7.85      , -5.7       , -7.24      , -5.8       ,
       -6.01      , -5.96      , -6.08      , -6.32      , -6.85      ,
       -6.51      , -6.26      , -6.27      , -6.06      , -5.7       ,
       -5.57      , -7.04      , -6.48      , -6.96      , -6.59      ,
       -7.09691001, -7.30103   , -5.38      , -6.        , -6.23      ,
       -7.15490196, -5.46      , -5.64      , -6.09      , -5.48      ,
       -7.02      , -7.49      , -7.04575749, -6.38      , -5.82      ,
       -5.6       , -5.48      , -6.96      , -6.52      , -6.68      ,
       -5.61618463, -5.85      , -6.32      , -6.77      , -5.6       ,
       -6.48      , -6.43      , -5.96      , -6.6       , -5.82      ,
       -5.7       , -6.23      , -5.46      , -7.03      , -5.6       ,
       -5.72      , -7.06      , -6.43      , -5.24      , -6.43      ,
       -7.39      , -7.4       , -5.96      , -5.72      , -6.72      ,
       -5.59      , -6.        , -5.72      , -7.06      , -6.7       ,
       -7.6       , -7.05      , -7.04575749, -7.04575749, -6.89      ,
       -5.82      , -6.7       , -6.20760831, -5.51      , -7.85      ,
       -6.4       , -7.06      , -6.55      , -5.96      , -6.54      ,
       -7.22      , -7.03      , -7.46      , -6.38721614, -7.19      ,
       -7.4       , -7.01      , -6.43      , -5.85      , -7.4       ,
       -6.96      , -7.01      , -6.55      , -5.8       , -7.72      ,
       -6.44      , -5.55      , -6.8       , -6.24      , -7.07      ,
       -5.96      , -7.31      , -6.72      , -6.24      , -6.24      ,
       -5.64      , -6.74      , -6.2       , -5.66      , -5.62      ,
       -6.32      , -6.96      , -6.77      , -6.43      , -6.        ,
       -6.77      , -7.09      , -7.07      , -5.62      , -6.82      ,
       -6.54      , -6.64      , -6.35      , -6.28      , -6.77      ,
       -5.96      , -5.96      , -6.24      , -6.43      , -6.68      ,
       -5.82      , -5.43      , -6.2       , -6.4       , -5.85      ,
       -5.62      , -5.95      , -5.89      , -5.95      , -4.92      ,
       -5.89      , -5.45      , -6.44      , -4.71      , -6.16      ,
       -6.19      , -5.51      , -5.54      , -6.96      , -4.74      ,
       -5.58      , -6.47      , -5.82      , -6.7       , -7.72      ,
       -6.7       , -6.26      , -6.26      , -7.72      , -3.68      ,
       -4.96      , -5.1       , -4.69      , -5.44      , -4.67      ,
       -4.22      , -4.53      , -5.55      , -5.04      , -4.84      ,
       -4.69      , -5.01      , -4.83      , -4.2       , -5.11      ,
       -4.22      , -5.11      ]), array([-6.64      , -5.89      , -6.        , -5.96      , -5.72      ,
       -7.14      , -5.89      , -7.04      , -7.47      , -6.82      ,
       -5.68      , -5.82      , -5.92      , -5.64      , -5.96      ,
       -5.77      , -6.96      , -7.04      , -6.12493874, -6.89      ,
       -6.37      , -6.31      , -5.92      , -6.04      , -5.96      ,
       -6.        , -5.89      , -5.89      , -6.25181197, -5.4       ,
       -6.68      , -6.42      , -5.66      , -6.82      , -5.85      ,
       -6.04      , -6.25      , -6.66      , -6.74      , -5.47      ,
       -6.46852108, -5.92      , -5.95078198, -5.96      , -5.86646109,
       -5.77      , -6.24      , -6.        , -5.89      , -5.77      ,
       -6.77      , -7.19      , -6.        , -5.54      , -6.46852108,
       -5.82      , -6.        , -6.72      , -5.62      , -6.68      ,
       -5.57511836, -6.17      , -6.05      , -5.4       , -5.74      ,
       -5.72      , -7.30103   , -5.77      , -5.595     , -5.92      ,
       -5.66      , -6.77      , -5.89      , -6.85      , -5.74      ,
       -5.80410035, -5.8       , -5.59      , -6.64      , -6.96      ,
       -6.25181197, -6.74      , -6.24      , -6.28      , -5.82      ,
       -5.72      , -7.02      , -5.77      , -7.16      , -6.59      ,
       -7.15490196, -7.30103   , -6.32      , -5.96      , -6.37      ,
       -7.69897   , -6.05      , -6.        , -5.92      , -5.74      ,
       -7.04      , -7.18      , -7.04575749, -5.72      , -5.92      ,
       -5.59      , -5.64      , -7.59      , -6.54      , -6.77      ,
       -6.36      , -5.82      , -6.36      , -6.68      , -5.57      ,
       -6.17      , -6.37      , -6.32      , -6.2       , -5.68      ,
       -5.96      , -6.64      , -5.72      , -6.59      , -5.57      ,
       -5.82      , -7.18      , -5.96      , -5.82      , -5.96      ,
       -7.64      , -7.04575749, -6.32      , -6.03      , -6.77      ,
       -5.58      , -6.32      , -5.96      , -7.64      , -6.77      ,
       -7.01      , -7.16      , -7.19      , -7.15490196, -7.24      ,
       -5.85      , -6.7       , -5.82      , -5.25      , -7.85      ,
       -5.96      , -7.47      , -6.7       , -5.68      , -6.85      ,
       -7.72      , -7.19      , -6.77      , -6.25181197, -7.29      ,
       -7.14      , -7.64      , -5.66      , -6.26      , -7.54      ,
       -6.64      , -7.04      , -6.85      , -5.28      , -6.85387196,
       -6.85      , -6.38      , -7.03      , -5.96      , -7.62      ,
       -5.92      , -6.62      , -6.13      , -6.12      , -5.85      ,
       -6.17      , -6.65757732, -7.        , -5.66      , -5.34      ,
       -6.68      , -6.2       , -7.38      , -6.19      , -5.72      ,
       -6.74      , -6.66      , -6.96      , -5.34      , -6.92      ,
       -5.55      , -6.77      , -6.32      , -5.85      , -6.92      ,
       -5.92      , -5.92      , -6.7       , -5.31      , -6.77      ,
       -7.02      , -5.51      , -6.43      , -6.7       , -5.11      ,
       -5.46      , -5.48      , -4.79      , -5.69      , -5.11      ,
       -5.545     , -5.13      , -6.76      , -4.53      , -5.46      ,
       -5.17      , -5.66      , -5.15      , -6.64      , -4.89      ,
       -4.63      , -6.68      , -6.24      , -6.85      , -6.68      ,
       -6.43      , -6.24      , -5.41      , -7.        , -3.68      ,
       -4.81530857, -3.72      , -3.78      , -5.57      , -4.88      ,
       -4.76      , -4.45      , -5.59      , -4.67      , -5.05      ,
       -4.53      , -5.24      , -5.11      , -4.2       , -4.82      ,
       -4.92      , -4.92      ])]","[-6.276      -6.136      -6.04       -5.86729222 -5.83       -6.984
 -5.608      -6.91       -7.132      -6.52978708 -5.96       -5.776
 -6.022      -5.806      -6.04321133 -6.254      -6.264      -7.09
 -5.80498775 -6.544      -6.446      -6.35       -5.568      -5.98
 -5.838      -5.90189015 -5.784      -5.882      -5.95934765 -5.65
 -6.736      -6.33       -5.614      -6.866      -5.926      -6.36144323
 -5.92       -6.758      -6.364      -5.468      -6.56927924 -5.91
 -5.95762623 -5.896097   -5.96858444 -6.028      -6.684      -6.302
 -5.884      -5.70302367 -7.006      -6.874      -5.889      -5.478
 -6.2812351  -5.84418438 -6.514      -6.48       -5.74611621 -6.834
 -5.62473445 -6.138      -6.086      -5.75       -5.71       -6.35
 -7.16714718 -5.384      -5.783      -6.008      -5.694      -7.124
 -5.67637381 -6.872      -5.768      -6.00082007 -5.886      -5.812
 -6.204      -6.822      -6.42014947 -6.52144323 -6.354      -5.846
 -5.738      -5.554      -6.934      -6.42835966 -7.144      -6.938
 -7.03575478 -7.174412   -5.944      -6.018      -6.212      -7.34375478
 -5.594      -5.778      -5.886      -5.586      -6.988      -7.1
 -7.00660599 -6.192      -5.996      -5.668      -5.64       -7.16
 -6.592      -6.718      -5.94723693 -5.82       -6.162      -6.592
 -5.544      -6.424      -6.284      -6.208      -6.438      -5.61102367
 -5.756      -6.532      -5.808      -6.628      -5.71       -5.97
 -7.202      -6.326      -5.524      -6.28       -7.434      -6.986303
 -5.952      -5.872      -6.62       -5.414      -5.99       -5.916
 -7.16       -6.872      -7.198      -7.084      -6.8951515  -7.08951389
 -7.16       -5.820097   -6.784      -6.22885753 -5.398      -7.392
 -6.228      -6.86       -6.72       -6.04       -6.87       -7.343382
 -7.094      -7.29       -6.44373195 -7.332      -7.178      -7.296
 -5.962      -6.102      -7.37       -6.536      -7.104      -6.758
 -5.632      -7.36077439 -7.036      -5.776      -7.102      -6.388
 -7.238      -5.804      -6.858      -6.306      -5.98       -6.05
 -6.066      -6.53351546 -6.694      -5.7        -5.744      -6.492
 -6.684      -6.956      -6.192      -5.86339239 -7.174      -6.646
 -7.136      -5.792      -7.054      -6.098      -6.81       -6.222
 -6.224      -6.976      -5.948      -5.632      -6.742      -5.926
 -6.67       -6.296      -5.708      -6.372      -6.428      -5.236
 -5.284      -5.332      -5.254      -5.564      -5.014      -5.683
 -5.12       -7.044      -4.642      -5.656      -5.73677439 -5.818
 -5.478      -6.784      -4.87619172 -5.41077439 -6.338      -5.95636239
 -6.81       -7.248      -6.464      -6.174      -5.932      -7.248
 -3.878      -4.84294693 -4.67219172 -4.324      -5.486      -5.02819172
 -4.394      -4.52       -5.554      -4.86588521 -4.894      -4.602
 -5.034      -5.02019172 -4.004      -4.868      -4.816      -5.05619172]","[0.33826617 0.20441135 0.10601887 0.30511502 0.1493988  0.09562426
 0.26513393 0.17297399 0.22021807 0.35912572 0.3044339  0.23380334
 0.22560142 0.19303886 0.12629093 0.31174348 0.36543673 0.05966574
 0.19963006 0.3013702  0.28917815 0.2894823  0.30603268 0.13971399
 0.17531686 0.08323008 0.22096154 0.20370567 0.22741351 0.1997999
 0.09645724 0.32716968 0.26814921 0.15120847 0.17726816 0.35262737
 0.28795833 0.19883662 0.37976835 0.12671227 0.23880451 0.17753873
 0.15496254 0.16075906 0.32521703 0.15354478 0.28295583 0.30753211
 0.15806328 0.15630081 0.15717506 0.28011426 0.19556073 0.24317895
 0.19841857 0.30297057 0.30236402 0.22208107 0.22763866 0.23234457
 0.04085574 0.15954937 0.14759404 0.2003996  0.08294577 0.38157568
 0.07458152 0.23652484 0.15256474 0.19291449 0.04454211 0.37446495
 0.18600782 0.22193693 0.03487119 0.13005638 0.0674092  0.18497567
 0.26401515 0.11771151 0.21288942 0.31705556 0.10461357 0.28224812
 0.10047885 0.30123745 0.09583319 0.37156151 0.26081411 0.32590796
 0.21828651 0.15062562 0.42523405 0.07807689 0.16714066 0.22459365
 0.34592485 0.13717143 0.13937001 0.23745315 0.03487119 0.38605699
 0.078303   0.30162228 0.16989408 0.10380751 0.11781341 0.27921318
 0.16129476 0.36476842 0.34773396 0.11189281 0.17394252 0.15992498
 0.06406247 0.44102608 0.15213152 0.222926   0.172093   0.13799383
 0.10307279 0.15663971 0.20960916 0.20497805 0.22908514 0.44154275
 0.13991426 0.23963305 0.24630063 0.2096664  0.17861691 0.34895543
 0.26056861 0.29033773 0.32723081 0.17760631 0.24099793 0.25881267
 0.32978781 0.30850608 0.32033732 0.12908912 0.34059586 0.05986022
 0.13638182 0.11538725 0.32053705 0.22455901 0.2425201  0.46632178
 0.16326665 0.35519009 0.18253767 0.32625144 0.1812181  0.3183192
 0.09002222 0.36840195 0.31789998 0.18925116 0.20458739 0.2425366
 0.28715153 0.16821415 0.16074825 0.25374002 0.0913455  0.12188519
 0.22076232 0.3145354  0.44039074 0.33380234 0.28909514 0.27058455
 0.28145337 0.19581624 0.23650793 0.22383923 0.25799225 0.19120669
 0.28681701 0.23448419 0.30203311 0.1460137  0.41117393 0.14729562
 0.28541899 0.22096154 0.16987054 0.13096511 0.34828724 0.50665965
 0.3209112  0.38112465 0.31366224 0.35198864 0.1456022  0.12286578
 0.19622436 0.12690154 0.20380383 0.33623801 0.47067611 0.45609648
 0.14198591 0.45261905 0.30182114 0.20874865 0.24152847 0.31019994
 0.28011426 0.40211441 0.39671652 0.34150256 0.06681317 0.22094343
 0.18482424 0.52917294 0.13347659 0.3664751  0.37799862 0.2483868
 0.18115187 0.18488916 0.29760214 0.41347777 0.41811003 0.36408462
 0.21918029 0.40429692 0.27875437 0.07838367 0.62665461 0.45322842
 0.37631901 0.09789858 0.54983384 0.46838446 0.05713143 0.27665999
 0.51975379 0.08988882 0.22887551 0.14332075 0.13484806 0.11426285
 0.11019982 0.12778034 0.3125124  0.23335809 0.3388569  0.09043236]"
2,RandomForestRegressor,"[-6.999697611209999, -7.141272219359996, -5.74002810245, -5.676796701650001, -5.793560886600003, -5.864319334009999, -5.916448898380002, -5.918928619080001, -6.6099818175599925, -5.776354892629997, -6.490658033139999, -6.56150290372, -6.7301838215900025, -5.902129503420001, -5.837552498679995, -6.179635056550004, -5.948026083110003, -5.760306058990002, -5.633800000000003, -5.66332117101, -7.363285183699995, -6.293513168870004, -5.69113228266, -6.311373854470002, -5.8085, -5.920627242979997, -5.998591637770001, -6.267276013609997, -7.394298526630004, -7.3201495855799985, -5.950900000000001, -5.632354849850007, -7.0794579247300025, -5.603749999999999, -5.7265708286500026, -5.618299999999997, -7.1096350927500005, -5.840105180789999, -6.136252795229996, -6.050299061199999, -5.92040319597, -6.731650649569998, -5.659535511000004, -6.131275773190001, -5.8434500000000025, -5.699583594930007, -7.101849387370001, -6.4433118474899995, -6.384790276799999, -6.3515626491, -5.7963677670700005, -7.196713189010005, -5.80602337057, -5.528911846340001, -7.259228939079998, -6.67291113966, -5.78156658941, -6.177212363889998, -5.767754247040002, -5.711896893580001, -5.83426998779, -5.967588093399999, -5.975583593400001, -7.086686564429999, -6.408189298230001, -5.623850000000001, -5.888882051689997, -5.716504849850002, -6.529556180089998, -5.968975930710001, -5.623649999999999, -5.895483163710002, -7.209199999999999, -7.596349019599997, -7.061839952399998, -7.051883134919998, -5.6497956911500005, -7.1780284196799995, -6.38671808275, -5.577201183629999, -5.887894507519999, -5.879649999999997, -7.049163512430002, -5.869333067450002, -5.362350000000005, -7.209744873319997, -7.178004849859999, -5.596346701650004, -5.80699364805, -5.90610114574, -5.885205995590002, -5.776659140470001, -5.6983367201399995, -7.358436974989997, -5.847838102749998, -7.153977439280001, -6.3094890054400015, -5.8045293647400005, -6.29571917216, -7.191946320959999, -6.59236361464, -5.598696701649998, -6.12366468441, -6.166776083110001, -6.540117982760003, -7.126606594510007, -6.793116287759999, -5.804315153800001, -6.995576214019996, -7.379065394680003, -5.793294900059998, -6.751107336689997, -6.9315186391199965, -7.066569100130005, -5.934452675390002, -6.545967111099997, -5.739300000000002, -7.171630899870001, -7.163286073150002, -7.17474836032, -7.408235014190001, -6.736530039229998, -6.579513584899998, -7.295471253640001, -7.074351499780005, -7.2934090427500005, -6.972011832840001, -6.99959629455, -7.19969637311, -5.7504960890199985, -7.042100000000001, -7.256349019600002, -6.3728212602899985, -6.781607406419997, -7.196287219860006, -5.638143648050001, -7.354844578609996, -7.345535133850003, -5.7144491424399995, -5.988905756360001, -7.1336556141099985, -5.227153085690002, -5.498000000000002, -7.173206673060001, -6.223686706099999, -5.945806002569999, -6.93646977821, -6.5349403355500035, -7.172702967610005, -5.88696162148, -5.668014065340004, -7.18057555767, -7.13040818754, -5.3354, -7.236598039200005, -7.081499999999998, -7.180254957760002, -7.004373812390003, -5.56052631184, -7.208358800170001, -5.811568205320003, -5.753555920730003, -6.727859979929998, -7.002155483180002, -4.732253085689999, -5.1878497480100005, -5.919433402340002, -6.02945259305, -5.237541262600001, -5.848705745419998, -5.024750000000003, -6.00417507888, -5.6311675630400035, -5.702441673439999, -5.5803945303799996, -5.065246410329999, -6.926092956870001, -6.666879498119999, -6.77647216143, -6.1694674307399975, -5.993866279199999, -6.930562057000002, -5.836737720899999, -6.877135965519998, -6.260488960809999, -5.747309586080003, -6.7625247566000075, -5.680105555220001, -5.707409586080001, -6.34614596914, -4.411234931709996, -4.015198107459995, -4.81026187243, -4.272720267339999, -4.388494260689999, -5.436553155569998, -4.859926011759999, -4.984886066019999, -4.6629703674, -5.18846187441, -4.982928286329999, -5.654015445820002, -7.023126480549999, -7.18604679667, -5.693152512389999, -7.215202001910001, -7.265438719640002, -7.034651499789999, -6.14042396388, -7.014982789129999, -5.992248327380002, -5.660893648050001, -6.3860253194500025, -5.778838109220003, -6.037158714810001, -5.920532282659999, -5.671900000000001, -6.076126956209995, -7.244035014200001, -6.720990818050001, -7.034828419680001, -5.76607920559, -5.847199999999999, -6.871289700040002, -5.756964127029997, -6.531955597789996, -5.99404310684, -5.871055810740001, -5.74949364805, -5.6083063538600015, -5.977698410399999, -5.704699999999999, -6.379217946900001, -6.2543440638100005, -6.000164640409996, -6.257691201789999, -5.693131576810003, -5.572900000000001, -5.863400024199999, -5.616100000000001, -5.97504182754, -6.297043648050004, -6.450886383060002, -7.275825396679998, -7.161979919470005, -7.15769999999, -5.490150000000001, -6.917181148759994, -5.898963456299997, -5.65919450752, -7.101411975200001, -6.91557244988, -6.341968960939997, -5.837505810740003, -5.676302766490002, -5.848150000000003, -5.904603033910003, -6.783479400079998, -6.841867038130002, -7.396269100120003, -6.472002055659999, -5.707369619510001, -5.890662720339999, -5.922249073800002, -5.951650000000001, -5.938209586079999, -6.973359687319999, -6.183192438690002, -7.151176083110005, -7.0055081875399985, -5.78157043823, -5.716250000000001, -7.011015782769999, -5.903138093399999, -6.269261892530002, -5.822199458790003, -6.018495422410001, -5.352622146300002, -6.529751793559999, -5.844814610919999, -7.2686877392400016, -6.89526875401, -7.211514782050004, -7.1872284196899985, -5.87883423043, -7.097936992650002, -6.8520024696299995, -5.969738444960001, -5.715144507520002, -7.230190219439999, -7.355848500220004, -7.070752194049998, -6.5008913634799965, -5.661200000000001, -5.542104849850003, -6.046296862409996, -5.368399999999999, -6.846357574910004, -6.34196956882, -6.170128095230001, -6.64588435355, -6.445253097869999, -7.164128787450003, -7.238183298250004, -6.86004938737, -5.527549999999999, -5.596650000000003, -6.580799119019997, -6.260243803769999, -7.34410833915, -7.137674626679998, -6.733888120909998, -5.770731465850002, -7.312369619520001, -7.004900000000001, -5.675140349700001, -6.126877685139998, -6.854338719640001, -5.755750000000003, -5.687400000000002, -5.905844665890007, -7.277655800610002, -7.302398039200001, -7.0709469071900015, -7.173449019600002, -6.426954079769998, -5.878778293300001, -6.926469100130001, -6.6673893539300035, -6.586949019600005, -6.452693309629999, -7.33195772652, -7.021538719640005, -7.232357207150004, -5.4132000000000025, -5.9262, -7.263187082890011, -7.107619800180001, -7.226496078390002, -7.177769100130003, -7.083839087420004, -6.32093461246, -5.932287296099999, -7.262928419690001, -6.098318119730001, -6.4507268266599995, -6.9819, -7.189767507100003, -6.5775865276299985, -7.1665308998800015, -7.255269100130001, -5.953920221009998, -6.992765394680004, -5.286300000000001, -6.446229579719999, -6.06575918928, -7.189043539840002, -7.134164522170003, -7.253449019600002, -5.038776295820001, -5.908629691389999, -6.998310313529998, -7.11603623945, -7.243220599920006, -6.533500000000001, -7.189116158930002, -7.2888102999600015, -7.205579400090004, -5.249598047020002, -5.832089700040002, -4.889900000000001, -5.1287675071, -4.920067507100003, -5.2476175071, -6.680526595319998, -4.671514528030005, -4.991529119880004, -5.832570467200002, -5.425600000000003, -7.203879400079996, -7.089288106990003, -6.847786383060001, -5.6823926392, -7.20453623945, -5.324350000000001, -7.108106075110003, -6.9760687540100035, -6.835045183230007, -5.477900000000003, -5.4288, -5.216008041780001, -4.654754181429999, -4.287900000000001, -4.7315389766200004, -5.224380546560002, -4.839801165209998, -5.405294260689999, -5.188387774439998, -5.073972146300004, -5.335914774860002, -4.876720267340002, -4.223772146300002, -5.797958807700001, -5.29488093502, -7.206075081949995, -5.789883784550001, -7.3275102999499975, -6.031582282659998, -6.028478356459998, -6.742815380139998, -5.907006709250001, -5.99571399829, -5.8380621892199995, -5.631800500740001, -6.911049387370002, -7.045624562619997, -6.971952729399998, -5.716096488700001, -6.5458735305200015, -6.237147919689999, -5.756605810739999, -5.923510566479999, -6.32073211801, -5.737905810740002, -6.001865865889998, -6.514981619340001, -5.919370687219998, -6.664934898879998, -5.736335046239997, -6.171497599080003, -5.861496425549998, -5.841944472700005, -6.650308963519998, -6.041143489910001, -5.790849999999999, -5.791628419990002, -5.794550000000002, -5.810482964320001, -5.878785511000003, -5.58079450752, -6.7208202641899994, -6.419217982759999, -5.958981427529995, -5.797339826730001, -6.655214849449997, -5.732080458079999, -6.08542761979, -5.6754000000000016, -5.85791361345, -6.706944225189999, -5.66405162647, -5.689683401769998, -6.790657574909997, -5.666099999999997, -5.666341592729999, -5.916433401769999, -5.994145980539998, -6.232875000669999, -5.567488719639998, -5.830742713369998, -6.446196754450001, -5.92350781977, -7.180626675040005, -7.285989700040001, -5.583899260840002, -5.718141003480002, -6.542722743719996, -5.64659462944, -6.927646770209999, -5.800445216410003, -5.630832282660002, -5.475388719640002, -5.783896893580001, -7.358137494380004, -5.993272379059999, -7.188857574910003, -6.497098940010001, -5.83996428753, -7.082700964819999, -5.590524084380002, -6.354374787479997, -5.88222164694, -5.900167824969998, -5.73061961951, -5.687032282659999, -5.755067895880001, -5.929350596510002, -5.583460566479999, -7.1982139734500015, -7.153320599909996, -5.992985252299997, -7.12264986389, -5.941787733050001, -6.289298158670001, -7.161261767789998, -5.449014610920002, -6.03106798276, -7.082449019600006, -5.805099999999998, -6.129568775219996, -6.147201243659998, -5.620072430690005, -6.993598750599997, -5.706626361030001, -5.559000000000001, -5.422022950070007, -7.145348541979998, -7.002517262229999, -6.97094690718, -6.058150000000001, -5.655942212619997, -5.788199999999998, -7.465938200250003, -6.448815783140001, -6.997020599909997, -6.087972421679999, -6.3443285631399995, -5.765283782800002, -5.817762209610002, -7.325320599909997, -7.291688107019999, -7.024579030019997, -7.075160174749998, -6.74512531945, -7.203849019600003, -7.22870818754, -5.9505632240600015, -7.232830899880003, -7.1827691001299945, -5.741744507519999, -6.20038876887, -7.238020599920003, -6.347185154040001, -6.992662424769999, -7.04906961952, -6.0290170713, -6.0581898172, -7.410728419679997, -7.088189700040001, -7.055365762450001, -5.335000000000001, -5.899502220430001, -5.731100000000005, -6.576661210789998, -7.285369619520004, -7.3761671393199935, -6.625990943699999, -7.251506594509998, -5.782900000000004, -6.662342207470001, -5.607414610920001, -5.624891003479999, -6.101507819770001, -6.095968656050001, -5.871251569960002, -5.729055810740001, -5.682500000000001, -5.868509586079999, -7.129660880629995, -6.945464247970001, -7.2307999999999995, -7.071471930780004, -7.1960490196, -5.733655117950004, -7.254749019600001, -5.608937976999999, -7.26089877473, -5.541538719639999, -5.77271383877, -4.91869332464, -4.86211703732, -5.988350394009998, -5.816317507099999, -6.242273406290002, -7.00485931955, -4.96925970684, -5.38190120914, -6.839679400079999, -6.40653576095, -5.2586641694199985, -5.538011621480001, -5.032596158339999, -6.13014747932, -6.709678174819996, -6.971883082279999, -5.46521871624, -5.649018981659999, -5.746549387370002, -5.540648640380004, -7.058847151880001, -6.19434221262, -4.941423072449998, -5.590463605529999, -4.075021894309999, -3.859800000000001, -5.174398062939997, -4.826456789399998, -5.387799171159998, -5.02494641033, -4.9343407193600015, -5.6186223856599975, -4.421134818070002, -5.5396483057199974, -5.1220465937, -5.37348922504, -7.150723488979996, -5.99286386407, -5.852821368939998, -7.209447683829995, -5.8822370280400005, -5.680710572620002, -5.830801002789997, -6.376236956249999, -5.711641003480002, -7.246349019600001, -5.8707886473899995, -6.591834817039999, -7.119119006879996, -6.983839087410001, -5.822990349700002, -7.265030899869998, -5.837210566480001, -5.665385421289998, -6.599394376109998, -6.413449370379997, -5.74114218711, -5.945996701649998, -5.85313465153, -6.975810299960001, -5.525800000000003, -5.82894604082, -6.3133828101199985, -6.814365127119999, -7.1583696503199965, -5.817758110840001, -5.600100000000001, -5.821400000000001, -7.059891719179996, -6.354564170339997, -5.8690044178999985, -6.048451289539998, -7.2581881070100005, -7.243577206819998, -5.925050991020002, -5.81982210017, -6.53560551363, -5.843075556540001, -5.992054986309999, -6.63952143961, -7.013313078499998, -7.200925523500003, -6.118798484089996, -6.083960566479999, -6.222254558839998, -7.07929637311, -7.1504838821800005, -5.745306511539999, -5.842213630509999, -5.569350000000002, -5.894826695640001, -6.3130141131099995, -5.82085284982, -7.240394701520002, -6.847874564759999, -6.674481301779996, -5.756750571, -5.8808570198800005, -6.411815868379998, -6.127986519880002, -5.6701, -5.617031465849998, -7.239098774749996, -6.83565064787, -5.546900000000002, -5.821981670029999, -5.853329939639996, -5.897521004759999, -5.811049999999999, -5.480422412819999, -5.875516012840003, -5.693194128999997, -6.149997817859997, -5.799042422789999, -5.93982069787, -5.5177, -5.687450000000001, -7.27726910013, -7.069322733859998, -6.054961767780001, -6.096409319559998, -6.995337923879998, -6.345613937689998, -6.047072210859999, -6.420219215549999, -5.875327594779998, -7.0582662818299955, -5.757006058990003, -7.204275009650003, -5.86870581074, -7.235444322739999, -6.220558949490003, -7.31148825864, -5.949151669949999, -6.215952485000002, -5.6641957448200015, -7.279400000000006, -7.240859319560003, -7.2844931870400025, -7.356998039199996, -6.774400000000003, -6.794086073149998, -7.2317552463399934, -5.707800000000002, -5.780338444780001, -6.3208187008399985, -7.313491701950002, -7.243410299960004, -6.449347960379998, -5.3718, -7.405088474780005, -5.957940349699999, -6.984194260689996, -7.167945392709998, -7.345611228220001, -7.274635092750002, -7.129306594510001, -6.87613163493, -6.140533309250003, -6.011388763920003, -7.096486073149999, -6.73776543704, -7.2018860731500025, -7.142964169420001, -6.260768639119999, -5.80441282935, -6.487809219079997, -5.571839476330004, -5.3596841195200025, -6.920386073149998, -7.249508339159999, -6.566089060779998, -7.246087739240004, -5.1478942606899984, -7.122073099139999, -7.244382367700001, -7.142410819329996, -5.6724048498499995, -5.225700000000001, -5.801891425310003, -5.43943359493, -5.6869823676900015, -5.762093403300001, -5.518900000000002, -6.36440717529, -7.256946049690004, -4.9950645599399985, -5.493662090210002, -5.223014744619999, -6.625365127120001, -6.105785210830001, -4.9395004320699964, -6.056906002579996, -5.9614058107400005, -4.943744157100003, -4.840932344530001, -4.914667757180001, -6.204525212129999, -4.817882939110001, -4.902509479639997, -4.909643788620003, -4.850739760019998, -6.488843620649999, -4.861630925029998, -5.30025, -6.331372882980002, -6.773699999999999, -6.357417982759999, -5.050258986979999, -6.296204403560001, -6.888100000000001, -5.3903887590599995, -5.91312616228, -6.453642281000001, -6.737695602150001, -7.029226675040002, -4.298400000000004, -6.03463142249, -4.280100000000004, -6.811238719640001, -6.921650242560004, -4.268529078760002, -4.779641630359996, -5.42395251787, -5.17746423453, -4.641359329719999, -4.792275955689998, -4.861278761980002, -4.755671317429998, -4.767618264919999, -4.79706218287, -5.548137829320001, -5.346498589830003, -5.173670015350001, -5.523625102699998, -5.588380955899997, -4.998491355079999, -6.741939087409999, -7.12286168923, -5.888036573409996, -7.192251835599999, -6.6226259395000024, -6.894514782049998, -5.8480628022299985, -6.366238731819999, -5.763407819769997, -7.056813098650001, -7.200417262249999, -6.209444897049999, -6.595621930149996, -5.883144831679996, -6.388000258469999, -6.088834419100001, -5.891717477299998, -6.639575783599997, -5.822596701649998, -5.847114144010001, -6.782630244469999, -5.837495086499998, -5.824847999020001, -5.9291721614299995, -5.9752204184899975, -7.159322753430003, -6.608360477859999, -7.105280176719999, -5.68926184634, -5.880737416510004, -6.9440353819599965, -5.80701636776, -7.02298194303, -6.235330444619999, -5.861330655059999, -5.877951209140003, -5.737568690729998, -5.612077222409998, -5.717460566480005, -5.7966960590199985, -5.638601551499996, -5.854064610920001, -6.3447062496400015, -6.400563184639995, -5.600500000000003, -6.4227833370899985, -5.863284080340001, -5.708896701650002, -5.653249999999998, -5.5146500000000005, -5.975882495649997, -5.578540349700002, -5.826230856040001, -5.691794601280001, -6.2904802643999975, -5.519567507100001, -5.99459540956, -5.804299999999999, -5.663650000000001, -5.861492910899999, -7.208156839370002, -5.7196976383900004, -6.2863372774799995, -6.3299962833100025, -5.8398072681299995, -5.693046701649998, -5.541710566480003, -7.28471078739, -7.100199999999997, -5.91431843816, -5.78858150572, -7.295699999999998, -7.224976062409996, -5.92853741651, -5.712900000000002, -5.947696701650002, -5.5824000000000025, -5.711593648049997, -6.768474557639996, -5.908268538640001, -6.999353177240002, -5.851963918570002, -5.7265829793, -7.254164169419998, -6.59238935393, -7.08864991919, -5.946013998290002, -6.164988423320002, -5.572000000000003, -5.529944161410002, -6.005181018499997, -5.431700000000002, -6.10429458311, -5.72707241282, -5.826145670579999, -5.810155614400002, -6.290145577970001, -7.172358435270002, -5.719567507100001, -7.0914877609, -6.447778324270003, -5.809650000000002, -5.71717210017, -6.787428441339997, -6.483106001090001, -7.0936, -6.3345464901, -6.976097887579997, -5.85361898497, -6.393434986079998, -7.041530899880001, -6.8826000000000045, -6.794265762450002, -6.986017405849999, -7.258287739240002, -6.408562208339999, -5.8355387289600005, -5.935771037700002, -7.3163264588900025, -6.019852556320001, -7.234679655060002, -5.918177685139999, -5.864311312569998, -7.194565546300002, -6.584891253629998, -7.185989700039998, -7.202356319990005, -6.66593219248, -7.23376787487, -5.741950596509996, -7.1660659140700025, -7.215625082010002, -5.824831505739999, -6.004099999999999, -7.041435092749996, -7.096638719640001, -5.958505854670001, -6.32120296263, -6.12510921908, -6.583859539429999, -5.432900000000002, -5.779492910310003, -5.19, -7.041783882180002, -7.18904938737, -6.857639087409999, -7.017008339159999, -6.254011175859998, -5.29022143242, -5.7189499999999995, -6.943182735470004, -5.772364068930002, -6.631039668529999, -7.191786073150005, -7.212800565990001, -5.57114450752, -6.072898617570003, -5.332604849850001, -7.209757574910001, -7.239496662320005, -6.556177302320002, -7.170026675040003, -5.467149999999999, -5.683391003480003, -5.305010865940001, -6.967663189700001, -7.194645392709998, -5.404376996149999, -5.11189092301, -5.633615862930002, -5.299740310369998, -5.4250969325700025, -4.929034963619999, -6.7662366288800015, -5.150100000000001, -5.4365767397499996, -4.871948571440002, -4.855990671020001, -6.469557899049996, -5.364517092680002, -5.3249721463, -5.393268808619999, -5.7652877051299996, -6.749983518990003, -5.433108401930003, -5.5434761658500005, -6.645105536240004, -6.553544277540003, -7.043221966489997, -3.8938999999999964, -6.95033908741, -5.139363432850001, -4.038049748009997, -4.4126655054700015, -5.255812453479997, -5.139989653399997, -5.54727242168, -5.48897322419, -4.569527187290001, -5.342644507519999, -5.421771353870001]","0     -7.22
1     -6.21
2     -7.24
3     -5.92
4     -5.96
       ... 
247   -6.00
248   -3.99
249   -5.24
250   -4.77
251   -4.71
Name: Permeability, Length: 252, dtype: float64","[array([-6.46487832, -6.05051637, -5.96163017, -5.8331213 , -5.80522748,
       -7.09236027, -5.736     , -7.0236225 , -7.26817125, -6.78059859,
       -5.99417593, -5.84262581, -5.89787447, -5.77098349, -6.03851736,
       -6.16004684, -6.1300056 , -7.01378997, -6.02533043, -6.50690602,
       -6.13055639, -6.43161334, -5.43696185, -5.99791503, -5.78191327,
       -5.86612896, -5.75486719, -5.90226425, -6.15655479, -5.74965   ,
       -6.81962872, -6.38216055, -5.678     , -6.56777383, -5.79963243,
       -6.18869116, -5.73504702, -7.08932349, -6.31570261, -5.55011816,
       -6.44693872, -5.87951449, -5.90807331, -6.05259648, -5.8122005 ,
       -6.0243527 , -6.79311917, -6.26839881, -5.93028228, -5.6618    ,
       -6.97659529, -6.82373129, -5.89804596, -5.52113872, -6.39995951,
       -5.78275   , -6.40558864, -6.35911437, -5.67274894, -6.62326103,
       -5.88515793, -6.04934783, -5.91229133, -5.69736461, -5.79506185,
       -6.28354499, -7.07977076, -5.44155   , -5.6692    , -5.93423557,
       -5.72215   , -6.95386962, -5.70800754, -6.83601515, -5.72625155,
       -5.77801067, -5.92808154, -5.89344413, -6.10553301, -6.7529694 ,
       -6.3674111 , -6.32504769, -6.13735488, -5.87144311, -5.85821043,
       -5.4589    , -6.76867577, -6.58382136, -7.00701181, -6.9859103 ,
       -7.09039772, -7.07541425, -5.84052613, -5.95845335, -6.21691144,
       -7.17958059, -5.6461    , -5.96235   , -5.89655189, -5.73634898,
       -7.09937395, -6.95740289, -6.98694162, -6.34238298, -5.81916157,
       -5.83293024, -5.5751    , -7.05636208, -6.6125691 , -6.720367  ,
       -6.29307778, -5.9434    , -6.05265437, -6.48360485, -5.60225   ,
       -6.773     , -6.21414365, -6.20559107, -6.32077563, -5.75156327,
       -5.75191962, -6.51121886, -5.89561523, -6.97375757, -5.68524454,
       -5.92895794, -7.22310675, -6.27929291, -5.47005   , -6.11352862,
       -7.27969853, -7.04398758, -6.07748165, -6.04991798, -6.74534902,
       -5.52430285, -6.15031786, -5.81553359, -7.0689    , -6.89006547,
       -7.18402727, -7.05652816, -6.73594175, -7.13715461, -7.21446591,
       -5.83150019, -7.11475431, -6.42621521, -5.50876751, -7.31917569,
       -6.51906558, -6.96473786, -6.8052    , -5.85845072, -6.8471    ,
       -7.46249418, -7.08663872, -7.22040782, -6.75082667, -7.33178425,
       -7.39258811, -7.14619666, -5.94513974, -6.3426916 , -7.34468774,
       -6.67079044, -7.13820297, -6.92635757, -5.757191  , -7.31123002,
       -7.14998847, -5.62969544, -7.13457729, -6.42223113, -7.27075932,
       -5.90311457, -7.0168    , -6.27575932, -6.10375155, -6.21882913,
       -6.34258222, -6.73871864, -6.92355757, -5.74238147, -5.60998359,
       -6.42194561, -6.58475919, -7.12514234, -6.21406452, -5.78540581,
       -7.17432458, -6.78417577, -6.97274078, -5.47865   , -7.23143335,
       -6.17418063, -6.77171486, -6.22771486, -6.35043509, -7.12416787,
       -5.85290959, -5.8171    , -6.8903    , -6.06159211, -6.66371465,
       -6.27266699, -5.78876263, -6.56258059, -6.4864    , -4.976     ,
       -5.16734735, -5.16508468, -4.94038425, -5.56848135, -4.97639401,
       -5.59513871, -5.1019    , -6.82083909, -4.78243298, -5.68668521,
       -5.89965931, -5.66584219, -5.25341581, -6.75125765, -5.08517744,
       -5.32419544, -6.23171468, -6.00648766, -7.02067992, -6.9680936 ,
       -6.7658222 , -6.25399491, -5.99154831, -7.09225517, -4.13119092,
       -4.74374735, -4.7443669 , -4.57191155, -5.51952027, -5.06215397,
       -4.3837    , -4.51268425, -5.42834495, -4.90295693, -4.92224713,
       -4.48888185, -5.12923976, -5.09378197, -4.07949426, -4.91239677,
       -4.69899362, -4.96145063]), array([-6.32536655, -5.89084939, -5.89953736, -5.80808099, -5.86911424,
       -7.05407992, -5.75896185, -6.97565707, -7.12484695, -6.77489041,
       -6.11091922, -5.8751473 , -5.90520487, -5.92580581, -5.95186837,
       -6.1166001 , -6.17496001, -6.93314309, -5.89916862, -6.36296257,
       -6.17429027, -6.43821429, -5.47680239, -5.99937804, -5.70385   ,
       -5.92722922, -5.74565   , -5.85025772, -6.11553608, -5.81622865,
       -6.87089327, -6.5344003 , -5.6736    , -6.50784421, -5.80582219,
       -6.4012354 , -5.72801342, -6.89116332, -6.30266781, -5.59131185,
       -6.4395497 , -5.85526478, -5.89491347, -6.11839664, -5.86759084,
       -6.03668742, -6.69873645, -6.12392241, -5.96714537, -5.61726962,
       -6.85311669, -6.79783314, -5.88050421, -5.42096751, -6.30392605,
       -5.88606363, -6.39752061, -6.3936    , -5.57045   , -6.67462715,
       -5.88402453, -6.11073297, -5.99191021, -5.75345912, -5.73533665,
       -6.41733486, -7.05703285, -5.46081461, -5.76377284, -5.84456852,
       -5.6928    , -6.9195103 , -5.66151327, -6.9197    , -5.7321    ,
       -5.86731625, -5.89574057, -5.85357282, -6.16345442, -6.71420852,
       -6.33058123, -6.44795077, -6.03602042, -5.82035   , -5.84531844,
       -5.5537    , -6.68912757, -6.55202997, -7.12491849, -7.0161794 ,
       -7.11268732, -7.2042392 , -5.90436822, -5.9807837 , -6.15569922,
       -7.1203865 , -5.69815452, -5.98027501, -5.88547725, -5.85210467,
       -7.10208935, -7.13908935, -6.85644425, -6.3152695 , -5.82491461,
       -5.84129285, -5.6312    , -7.05183597, -6.61287712, -6.7358    ,
       -6.25616751, -5.9514    , -6.02108128, -6.47665738, -5.57779413,
       -6.62585932, -6.04513955, -6.21233106, -6.26475332, -5.73164776,
       -5.75626461, -6.44467094, -5.89793522, -6.86651798, -5.65327714,
       -5.8702111 , -7.1118103 , -6.18775799, -5.4625    , -5.99756486,
       -7.35803413, -7.07309372, -5.97056137, -6.04193691, -6.75628549,
       -5.5679756 , -6.20745439, -6.04914246, -6.9835    , -6.77299528,
       -7.1439588 , -7.01181725, -6.77589044, -7.11102304, -7.25236962,
       -5.85065   , -6.93114902, -6.39061236, -5.42879451, -7.2162794 ,
       -6.46713821, -6.87396578, -6.65219704, -5.81357359, -6.82937491,
       -7.33273713, -7.1440206 , -7.1101    , -6.75540028, -7.30424143,
       -7.35416962, -7.2971309 , -5.81537011, -6.28714062, -7.3384691 ,
       -6.6082567 , -7.0471691 , -6.79206751, -5.73675   , -7.29470805,
       -7.0618794 , -5.6502    , -7.02485632, -6.33176101, -7.1616073 ,
       -5.92246883, -6.92117216, -6.09197753, -5.95491812, -6.11800663,
       -6.32447712, -6.6610103 , -6.8171    , -5.74225507, -5.66080421,
       -6.35103942, -6.58643779, -7.0993897 , -6.18549126, -5.87103512,
       -7.18827608, -6.7573054 , -6.97790215, -5.4368    , -7.2520897 ,
       -6.11211577, -6.6635897 , -6.21127366, -6.13956854, -7.17981849,
       -5.97560826, -5.90116101, -6.7727148 , -5.90505176, -6.62466751,
       -6.23467073, -5.7917529 , -6.55859569, -6.54851367, -5.0339    ,
       -5.18968852, -5.28225059, -5.12066641, -5.67968264, -4.94996407,
       -5.68383691, -5.21796751, -6.8103897 , -4.72811453, -5.84686451,
       -5.75821322, -5.68602153, -5.19961453, -6.6953    , -5.1356    ,
       -5.2907    , -6.16836257, -5.9700135 , -6.9569    , -7.02383576,
       -6.68775204, -6.17553623, -5.6365773 , -7.03430754, -4.09277215,
       -4.67632286, -4.58851453, -4.20148667, -5.4745    , -5.18232027,
       -4.51178852, -4.63457215, -5.44308935, -4.9276    , -4.92597215,
       -4.57419426, -5.20082743, -5.17024284, -4.0265    , -4.87770305,
       -4.73991453, -4.95479656]), array([-6.33709334, -5.97735581, -5.89739416, -5.76371581, -5.79902718,
       -6.97863102, -5.79601579, -6.9143499 , -7.12398681, -6.76380819,
       -6.09202042, -5.77479366, -5.92762113, -5.83282222, -5.9846326 ,
       -6.07792481, -6.14877502, -7.02742784, -5.96448249, -6.41161553,
       -6.17623659, -6.43943909, -5.5667    , -5.97385   , -5.82854451,
       -5.92649931, -5.70587749, -5.89830434, -6.10140136, -5.75772083,
       -6.64591825, -6.33396092, -5.7063    , -6.56746057, -5.84020121,
       -6.30354561, -5.71636934, -6.9450897 , -6.34793861, -5.53915   ,
       -6.46034618, -5.94824573, -5.82318298, -6.04573201, -5.80514502,
       -5.97345   , -6.72912284, -6.16281343, -5.96319723, -5.64399451,
       -6.84834605, -6.82157484, -5.91430118, -5.45466962, -6.2999826 ,
       -5.96547577, -6.37753475, -6.31834193, -5.61223902, -6.67741733,
       -5.81941654, -6.08313799, -5.96701942, -5.71300806, -5.74675581,
       -6.38782617, -7.02986433, -5.4803    , -5.750941  , -5.98219929,
       -5.67755   , -6.94352879, -5.64972284, -6.92265757, -5.7481    ,
       -5.86235625, -5.94139928, -5.85795   , -6.13699062, -6.78684085,
       -6.33639557, -6.38186396, -6.09790121, -5.85595581, -5.9161    ,
       -5.58083228, -6.73109886, -6.51140702, -7.04279426, -6.94373231,
       -7.10776054, -7.17310257, -5.8698401 , -6.02279833, -6.07250282,
       -7.18373104, -5.74076759, -5.91025959, -5.879209  , -5.81545689,
       -7.0617103 , -7.15324902, -7.00236738, -6.2605    , -5.80520032,
       -5.83817042, -5.67381033, -7.15186628, -6.59604279, -6.73027456,
       -6.23241309, -6.02669423, -6.05227435, -6.50929376, -5.64317636,
       -6.74952249, -6.17313986, -6.13515959, -6.25565959, -5.70240121,
       -5.73583228, -6.49413909, -5.91475328, -6.961     , -5.68999042,
       -5.95883742, -7.1911    , -6.2197401 , -5.57826436, -6.12860721,
       -7.25741986, -7.13177649, -5.91328461, -6.03403271, -6.7078    ,
       -5.53955   , -6.13953576, -5.95830349, -7.0234    , -6.83437977,
       -7.1284897 , -6.98358115, -6.73292208, -7.15841447, -7.20283509,
       -5.84990581, -6.89757817, -6.42809315, -5.52845   , -7.17305858,
       -6.44720109, -6.87658847, -6.7302449 , -5.85573237, -6.7884    ,
       -7.4830897 , -7.1228794 , -7.11627543, -6.77281609, -7.28236207,
       -7.28507447, -7.21171864, -5.88350512, -6.25046395, -7.37921812,
       -6.64752728, -7.06800625, -6.8272    , -5.76742284, -7.34146871,
       -7.00385757, -5.60655118, -6.96655872, -6.40564816, -7.22636591,
       -5.9266    , -6.95721392, -6.16070959, -6.00503359, -6.07941192,
       -6.29745304, -6.57102547, -7.01760485, -5.78151837, -5.63328478,
       -6.31258556, -6.64951242, -7.09107272, -6.25541798, -5.85594352,
       -7.1693    , -6.81762235, -6.99588165, -5.53243359, -7.26044727,
       -6.14988878, -6.72708935, -6.32349324, -6.24193939, -7.1670794 ,
       -6.00169219, -5.84286962, -6.78555707, -5.75290615, -6.67623313,
       -6.27920109, -5.76824139, -6.56815027, -6.54050319, -5.0483    ,
       -5.23659975, -5.28887335, -5.07984216, -5.71260625, -5.01857744,
       -5.60144526, -5.10291477, -6.79548557, -4.87442027, -5.80379505,
       -5.60331391, -5.78822942, -5.32763754, -6.6579206 , -5.13021693,
       -5.3767    , -6.26927976, -5.98233241, -7.00117047, -6.97186513,
       -6.64514948, -6.18091697, -5.75816461, -7.04214659, -4.09119332,
       -4.76114704, -4.72323896, -4.59084093, -5.65995736, -5.08152852,
       -4.341     , -4.60086013, -5.29487702, -4.92353501, -4.90551851,
       -4.61259738, -5.17471242, -5.13274144, -4.0521    , -4.91120804,
       -4.74215629, -4.92622238]), array([-6.33649262, -5.9448016 , -5.8832365 , -5.85208359, -5.81832369,
       -7.00742094, -5.76290485, -6.92569968, -7.14897861, -6.73331605,
       -6.0343133 , -5.83339417, -6.03954008, -5.8802    , -5.98756263,
       -6.17716246, -6.16911166, -7.08205001, -5.99673579, -6.44748638,
       -6.18071171, -6.39767989, -5.5558    , -6.03734056, -5.85739221,
       -5.86122675, -5.73994935, -5.90699045, -6.08490889, -5.77444681,
       -6.66845843, -6.44689589, -5.64304789, -6.51554232, -5.81640485,
       -6.32128043, -5.73999035, -6.93252669, -6.395733  , -5.58285   ,
       -6.42345709, -5.88225023, -5.98321104, -6.04643742, -5.80917122,
       -6.0171    , -6.70685149, -6.17197768, -5.92140648, -5.62818756,
       -6.81090225, -6.90578742, -5.85640553, -5.4467    , -6.35159363,
       -5.95803698, -6.37125403, -6.36792865, -5.59936306, -6.64540825,
       -5.8225387 , -6.14894546, -5.98698809, -5.74955057, -5.80126303,
       -6.38410296, -7.12226146, -5.4579    , -5.78513359, -6.09130599,
       -5.6596    , -6.97038573, -5.66044654, -6.91317874, -5.7041    ,
       -5.87000552, -5.95201109, -5.90284946, -6.13367649, -6.69616096,
       -6.26600596, -6.37763467, -6.05835147, -5.8751519 , -5.87814544,
       -5.53355   , -6.82996216, -6.59636585, -7.09689637, -7.01484396,
       -7.10760634, -7.17641486, -5.87356299, -5.97073368, -6.06212492,
       -7.11344113, -5.69471457, -5.99845139, -5.90440606, -5.83950321,
       -7.07433546, -7.23582987, -7.00455331, -6.32646751, -5.84680581,
       -5.83291839, -5.629541  , -7.30805757, -6.56138168, -6.73976846,
       -6.22445224, -5.97542608, -6.03156326, -6.52541694, -5.54875855,
       -6.85718254, -6.09566158, -6.16318476, -6.25740488, -5.73087088,
       -5.74056162, -6.45694939, -5.94455163, -7.0715    , -5.70800623,
       -5.97179712, -7.10903509, -6.23028813, -5.4816    , -6.02400633,
       -7.35724343, -7.1245688 , -6.04904106, -5.91432577, -6.7569    ,
       -5.58778228, -6.1276    , -5.99068189, -7.00632683, -6.8589291 ,
       -7.30629389, -7.00329931, -6.82685858, -7.15154942, -7.23254568,
       -5.86381478, -7.03707577, -6.38993274, -5.48125   , -7.21856017,
       -6.4589293 , -6.87550941, -6.83638935, -5.87683625, -6.85150487,
       -7.4819    , -7.13970463, -7.22809389, -6.75652825, -7.35384233,
       -7.36556591, -7.2439    , -5.9423648 , -6.26104998, -7.37787744,
       -6.7518588 , -7.08537416, -6.88748521, -5.7723    , -7.33821417,
       -7.0739    , -5.6490467 , -7.06505757, -6.36007818, -7.20980659,
       -5.91433438, -6.89813423, -6.14935147, -5.92795581, -6.23625199,
       -6.40920114, -6.59947608, -6.9088    , -5.8477022 , -5.7652019 ,
       -6.38852974, -6.67999558, -7.11506962, -6.24040642, -5.87164862,
       -7.2405    , -6.8121    , -6.96285228, -5.58855   , -7.2389    ,
       -6.29937434, -6.68898935, -6.19978336, -6.31772193, -7.16184453,
       -5.91435581, -5.86423809, -6.9259897 , -5.93291887, -6.52116679,
       -6.22413393, -5.86885104, -6.58122164, -6.50069874, -5.04359241,
       -5.21107215, -5.30512611, -5.11956744, -5.73879365, -4.98805286,
       -5.6657    , -5.12942027, -6.78540291, -4.84435106, -5.75687363,
       -5.61819049, -5.66478353, -5.23813872, -6.70077608, -5.08511142,
       -5.31148298, -6.14442042, -6.02220432, -7.0022309 , -6.94706699,
       -6.68309289, -6.19580594, -5.64458175, -7.04151416, -4.00419666,
       -4.80046585, -4.81718409, -4.61729677, -5.49359426, -5.12132542,
       -4.3516    , -4.62833388, -5.30253373, -4.84113677, -4.75095399,
       -4.64087426, -5.02788887, -5.0249641 , -3.95659426, -4.78528802,
       -4.70222027, -4.93981917]), array([-6.41201113, -5.97096357, -5.93596461, -5.82785403, -5.79291613,
       -7.08983713, -5.74055959, -6.9190074 , -7.24609084, -6.78826679,
       -6.03503069, -5.81818003, -5.8497298 , -5.96287284, -5.99297423,
       -6.12075799, -6.18745735, -7.02533546, -6.0071042 , -6.53168209,
       -6.18901442, -6.3908354 , -5.57318872, -6.03693336, -5.80576461,
       -5.88139786, -5.78047968, -5.84366046, -6.14218072, -5.80265   ,
       -6.63358542, -6.40123451, -5.73804365, -6.65936908, -5.7950667 ,
       -6.20057494, -5.71505   , -6.96953872, -6.40515815, -5.56561869,
       -6.46070085, -5.9710967 , -5.85782984, -6.04471713, -5.79277187,
       -5.9858641 , -6.83121255, -6.20956534, -5.98856839, -5.68915485,
       -6.87743126, -6.79889637, -5.86335992, -5.48017215, -6.32609028,
       -5.92135   , -6.42501761, -6.38967843, -5.56275   , -6.77938359,
       -5.88681042, -6.0897871 , -5.95842413, -5.6191    , -5.77235635,
       -6.35672766, -7.11574267, -5.53188872, -5.76005643, -5.995073  ,
       -5.70060121, -6.9727794 , -5.64432883, -6.85558636, -5.76665   ,
       -5.83664086, -5.92710059, -5.84606461, -6.21358628, -6.7726567 ,
       -6.34642144, -6.3926705 , -6.08871185, -5.89116967, -5.97246854,
       -5.57090118, -6.75715141, -6.55326975, -7.05532545, -6.9384148 ,
       -7.13802484, -7.19322549, -5.97312233, -5.96850477, -6.17751194,
       -7.15184405, -5.69385334, -5.92857419, -5.86333413, -5.82524035,
       -7.08012668, -7.05689578, -6.95517469, -6.3272    , -5.84430118,
       -5.82525727, -5.6595    , -7.07074619, -6.66314975, -6.67381595,
       -6.34946994, -5.98168192, -6.18751279, -6.48944453, -5.5120246 ,
       -6.68799717, -6.20765932, -6.28661785, -6.28213539, -5.74219486,
       -5.77865959, -6.50312973, -5.93889161, -6.9456635 , -5.70304365,
       -5.84923084, -7.09675569, -6.25388113, -5.50724451, -6.08322405,
       -7.28952223, -7.14097453, -6.06070874, -5.98797771, -6.66865479,
       -5.56435855, -6.19176335, -5.99869019, -7.0618897 , -6.79354634,
       -7.11740419, -6.9364506 , -6.70640805, -7.17531567, -7.22067569,
       -5.85691175, -6.96764902, -6.37800982, -5.54476751, -7.3138897 ,
       -6.5039459 , -7.14047373, -6.72550257, -5.79042594, -6.83137871,
       -7.42668237, -7.15452668, -7.09886908, -6.76034959, -7.280002  ,
       -7.30631181, -7.19400819, -5.88266606, -6.36924777, -7.34616962,
       -6.6708255 , -7.07464902, -6.8901    , -5.78705   , -7.3064711 ,
       -7.1275    , -5.64283844, -7.0785    , -6.49175   , -7.27469267,
       -5.91086865, -7.03542211, -6.2179    , -5.98566312, -6.1074533 ,
       -6.42791248, -6.59911864, -6.91204957, -5.80465485, -5.56736979,
       -6.39500606, -6.57638533, -7.11731607, -6.26180959, -5.83992306,
       -7.2484    , -6.77481812, -6.96366838, -5.40995   , -7.17083698,
       -6.17176115, -6.73452879, -6.2330743 , -6.2216354 , -7.12005395,
       -5.93558844, -5.89008215, -6.82473909, -5.90041356, -6.6946    ,
       -6.23409193, -5.79848258, -6.6578942 , -6.52028063, -5.0229    ,
       -5.37983558, -5.35495611, -5.27499327, -5.76269831, -5.06960756,
       -5.61545157, -5.0901    , -6.71756716, -4.83326641, -5.64883725,
       -5.66758299, -5.64897035, -5.19609497, -6.71567608, -5.10887837,
       -5.26589666, -6.16753793, -6.0226596 , -6.97953543, -6.90174166,
       -6.66178087, -6.16529278, -5.74582935, -7.04349723, -4.16359666,
       -4.83191891, -4.72435884, -4.53861236, -5.4929    , -5.2387883 ,
       -4.45280617, -4.55934429, -5.31528656, -4.86625209, -4.90187069,
       -4.60616881, -5.10645051, -5.1547361 , -4.1389    , -4.88221278,
       -4.75247599, -4.99047727])]","[-6.37516839 -5.96689735 -5.91555256 -5.81697114 -5.81692174 -7.04446585
 -5.75888842 -6.95166731 -7.18241489 -6.76817601 -6.05329191 -5.8288282
 -5.92399407 -5.87453687 -5.99111104 -6.13049844 -6.16206193 -7.01634927
 -5.9785643  -6.45213052 -6.17016188 -6.4195564  -5.52189059 -6.0090834
 -5.79549292 -5.89249642 -5.74536474 -5.88029544 -6.12011637 -5.78013926
 -6.72769682 -6.41973043 -5.68779831 -6.563598   -5.81142548 -6.28306551
 -5.72689403 -6.96552839 -6.35344003 -5.56580974 -6.44619851 -5.90727439
 -5.89344213 -6.06157593 -5.81737589 -6.00749084 -6.7518085  -6.18733554
 -5.95411995 -5.64808131 -6.87327831 -6.82956461 -5.88252336 -5.4647296
 -6.33631041 -5.90273528 -6.39538313 -6.36573268 -5.6035102  -6.68001947
 -5.85958962 -6.09639027 -5.96332664 -5.70649647 -5.77015474 -6.36590733
 -7.08093441 -5.47449067 -5.74582077 -5.96947647 -5.69054024 -6.95201477
 -5.6648038  -6.88942757 -5.73544031 -5.84286591 -5.92886661 -5.8707762
 -6.15064816 -6.74456729 -6.32936306 -6.38503352 -6.08366797 -5.8628141
 -5.89404857 -5.53957669 -6.75520315 -6.55937879 -7.06538928 -6.97981616
 -7.11129535 -7.16447928 -5.89228396 -5.98025477 -6.13695007 -7.14979666
 -5.694718   -5.95598204 -5.88579567 -5.81373082 -7.08352715 -7.10849338
 -6.96109625 -6.314364   -5.8280767  -5.83411383 -5.63383027 -7.12777362
 -6.60920409 -6.72000519 -6.27111611 -5.97572045 -6.06901721 -6.49688349
 -5.57680073 -6.7387123  -6.14714879 -6.20057686 -6.27614576 -5.73173559
 -5.75264754 -6.4820216  -5.91834939 -6.96368781 -5.6879124  -5.91580688
 -7.14636157 -6.23419205 -5.49993177 -6.06938621 -7.30838364 -7.10288022
 -6.01421548 -6.00563822 -6.72699786 -5.55679386 -6.16333427 -5.96247032
 -7.02880331 -6.82998319 -7.17603477 -6.9983353  -6.75560418 -7.14669144
 -7.2245784  -5.85055651 -6.98964126 -6.40257265 -5.4984059  -7.24819271
 -6.47925601 -6.94625505 -6.74990677 -5.83900377 -6.8295517  -7.43738068
 -7.12955401 -7.15474925 -6.75918418 -7.31044642 -7.34074198 -7.21859088
 -5.89380916 -6.30211879 -7.3572844  -6.66985175 -7.0826803  -6.86464206
 -5.76414277 -7.31841841 -7.08342509 -5.63566635 -7.05390998 -6.4022937
 -7.22864636 -5.91547728 -6.96574849 -6.17913958 -5.99546444 -6.15199059
 -6.3603252  -6.63386983 -6.9158224  -5.78370239 -5.64732885 -6.37382128
 -6.61541806 -7.10959809 -6.23143795 -5.84479123 -7.20416013 -6.78920433
 -6.97460905 -5.48927672 -7.23074146 -6.18146413 -6.71718241 -6.23906788
 -6.25426007 -7.15059285 -5.93603086 -5.86309018 -6.83986013 -5.91057649
 -6.63607642 -6.24895294 -5.80321811 -6.58568848 -6.51927925 -5.02493848
 -5.23690867 -5.27925817 -5.10709071 -5.69245244 -5.00051919 -5.63231449
 -5.12846051 -6.78593689 -4.81251705 -5.74861113 -5.70939198 -5.69076941
 -5.24298031 -6.70418608 -5.10899683 -5.31379502 -6.19626307 -6.0007395
 -6.99210334 -6.96252063 -6.68871949 -6.19430937 -5.75534026 -7.05074414
 -4.09658994 -4.7627204  -4.71953266 -4.50402966 -5.52809438 -5.13722329
 -4.40817894 -4.58715894 -5.35682632 -4.89229616 -4.88131249 -4.58454331
 -5.1278238  -5.11529329 -4.0507177  -4.87376173 -4.72715214 -4.9545532 ]","[0.05446284 0.05174856 0.02888024 0.03009091 0.02741993 0.04505865
 0.02123396 0.04215836 0.0620559  0.01916944 0.042448   0.03283229
 0.0631102  0.06771592 0.02773222 0.03493613 0.02032308 0.04785372
 0.0443481  0.06155122 0.02044142 0.02093937 0.05483624 0.02463496
 0.05217714 0.02884017 0.02413299 0.02743705 0.026174   0.02558813
 0.09799038 0.06781909 0.03214687 0.05407826 0.0160681  0.07944199
 0.0099024  0.06690041 0.04122052 0.01948195 0.01394562 0.04439315
 0.05381315 0.02854346 0.0259638  0.02389809 0.05169911 0.04883409
 0.0248079  0.0254443  0.0558758  0.03963637 0.02146735 0.03394658
 0.03676328 0.06635596 0.0194304  0.02699812 0.03909415 0.0535323
 0.03155447 0.03286328 0.02835193 0.04862732 0.02589496 0.04544035
 0.03492945 0.03122709 0.03991839 0.0806268  0.02112606 0.01949695
 0.02255232 0.03628467 0.02103387 0.03452305 0.01894098 0.02286333
 0.03642842 0.03438456 0.03406965 0.03919182 0.0347031  0.02400398
 0.04593009 0.04342295 0.04630597 0.0295232  0.04136706 0.03347383
 0.0153572  0.04594909 0.04519723 0.02242432 0.06023764 0.02908436
 0.02998944 0.03248408 0.01421302 0.04064521 0.01528203 0.09449276
 0.05522121 0.02827887 0.0156641  0.00546375 0.03385824 0.09716072
 0.0328486  0.02399625 0.04587056 0.02922344 0.06048127 0.01793839
 0.04480332 0.07827582 0.06615465 0.05146639 0.0242008  0.01651541
 0.01496036 0.02633839 0.02027339 0.06557277 0.01920288 0.0483132
 0.05087072 0.03099022 0.041999   0.05072436 0.04154117 0.0377151
 0.06240156 0.05046662 0.03423781 0.02234079 0.0308789  0.0790286
 0.03252455 0.04252609 0.06893224 0.03909019 0.04197635 0.02164977
 0.01688842 0.01076797 0.07782535 0.02057384 0.04074182 0.05813151
 0.02750246 0.10309862 0.06490905 0.03192437 0.02230119 0.05615461
 0.02375805 0.0570734  0.007462   0.0286098  0.03941791 0.05040148
 0.04769802 0.04632854 0.01755785 0.04694533 0.0304332  0.0482653
 0.01673757 0.01832911 0.05149605 0.01627909 0.05605446 0.05507848
 0.04182855 0.00834241 0.05308907 0.06270879 0.06019161 0.06320367
 0.05001941 0.06011633 0.06360686 0.03991253 0.06642439 0.03807863
 0.04155974 0.01247821 0.02825189 0.03188969 0.03357214 0.02272262
 0.01203975 0.06461759 0.03160307 0.06301779 0.03752295 0.04383662
 0.07436042 0.02401436 0.05149161 0.03066999 0.05941119 0.09828392
 0.06186409 0.02244157 0.03433334 0.03690312 0.02337687 0.02597371
 0.07505231 0.06250811 0.10683143 0.06785288 0.04096964 0.03574481
 0.04656608 0.03628219 0.05158447 0.07287923 0.10945632 0.05012941
 0.04770328 0.03026165 0.02142854 0.03714346 0.04664651 0.02124702
 0.02190264 0.03952422 0.0414764  0.03142723 0.12826906 0.02099979
 0.05341787 0.05299083 0.07396664 0.15342869 0.06747239 0.06532877
 0.06486901 0.04571924 0.06491098 0.03356026 0.06583622 0.05231842
 0.05995646 0.05196484 0.06008633 0.04649612 0.02210792 0.02171589]"
3,GradientBoostingRegressor,"[-7.045104998501785, -7.178916245620542, -5.948929412216726, -5.682921519657916, -5.779138723295962, -5.893207833772968, -5.909478108461335, -5.869720752201818, -6.534469959658678, -5.739096279034438, -6.495756864446646, -6.497868523412815, -6.780850040036815, -5.930907128127996, -5.721282561377198, -6.173529666255232, -5.942758747739133, -5.7578193742248, -5.657410013411226, -5.607558343374615, -7.5117422185856295, -6.406224559876981, -5.679162924493974, -6.351646618181663, -5.702027189413805, -5.991041781452735, -6.119433103804726, -6.196114184425328, -7.461738544622406, -7.342781271643121, -5.969554785524023, -5.681100746797492, -6.865080545350398, -5.596287285949417, -5.820710280592645, -5.544068470126552, -7.063679042674552, -5.871961560296807, -5.999635770017548, -5.93471109240518, -6.018153133738266, -6.876428320440701, -5.695999178505503, -6.065242626162449, -5.851969883088444, -5.760449206474568, -7.100113231892636, -6.626165244892868, -6.497784450575779, -6.271770273232578, -5.756924501680638, -7.278646831269405, -5.692871467250265, -5.556766101889768, -7.206977216750756, -6.770839119663647, -5.642116911959419, -6.009470373622027, -5.7789263214627935, -5.729696078211717, -5.775393675266208, -5.91408756963967, -5.953781320260619, -7.1396712609653, -6.446445855778132, -5.533468044899954, -5.735820724866797, -5.740958268039787, -6.512111492938723, -6.012722646407146, -5.734991760479756, -5.879374066625943, -7.234903502542121, -7.828707184710549, -7.059430227019392, -7.104966303939517, -5.666627011062369, -7.091324862769457, -6.452524198905464, -5.4877679901029595, -5.7259814354226055, -5.855212484772316, -7.13399374788468, -5.964122271442172, -5.356739883613244, -7.226875051317684, -7.182140263754156, -5.605804026319651, -5.7977961117828425, -5.813960472163023, -5.783796738629593, -5.862281814676447, -5.7122274274154705, -7.357251884115683, -5.883855592093022, -7.132989631464627, -6.330942608034876, -6.005728460848982, -6.302239769500482, -7.176327560278727, -6.811000762710164, -5.512902333408681, -6.124507473629277, -6.061043437590589, -6.444892571150329, -7.173755210653011, -6.71427360529009, -5.938576274758751, -6.998645594496176, -7.3208051137529555, -5.874759819390778, -6.800621090191077, -6.8472631943994475, -7.219504326521989, -5.852663481335793, -6.542241025120597, -5.845623115906113, -7.218343283807976, -7.241326110094303, -7.260919610323985, -7.393194813082472, -6.539357220562722, -6.502450518878752, -7.352703827593853, -7.153158576136073, -7.3741250287666675, -6.994598578668751, -6.93491177988612, -7.205651683803783, -5.693390138529716, -6.972361910852349, -7.219828984333545, -6.443578551803577, -6.707896339895489, -7.178651107496363, -5.788521779176728, -7.344166742665249, -7.297687239217277, -5.6745028537617035, -5.94195044083456, -7.161615206581097, -5.183332723365762, -5.3741289027982555, -7.251656581444744, -6.271112304383362, -5.922073345181602, -6.94455114606526, -6.644400125592307, -7.148671409639617, -5.87336239019352, -5.610775739457634, -7.225760375127831, -7.089333685484012, -5.202818592046365, -7.226996426364829, -7.147977334000629, -7.213093463239494, -7.157996063819128, -5.543869387587553, -7.161332381323026, -5.807847170940999, -5.8665787748785405, -6.962715657315704, -6.9934765931445755, -4.759416965769504, -5.132185717080383, -6.146758512150171, -5.96868360439437, -5.135375234324905, -5.797958424296288, -4.919330175313417, -6.06110886137207, -5.481547128723575, -5.516013481033186, -5.633951310752836, -5.138709703233915, -7.114233649575334, -6.562536985749448, -6.76436858926736, -6.38699181394965, -5.759877296817464, -7.033283303485184, -5.913094233769685, -6.731897721943575, -6.3682303479452385, -5.745046473228942, -6.712408665286847, -5.578059715078111, -5.815417437840185, -6.2876692017991305, -4.2505478576781694, -3.785567993981595, -4.80962623315749, -4.332829499807768, -4.336685395791991, -5.38803840314052, -4.908183779797996, -4.918374006529055, -4.465968315367469, -5.159824195393818, -4.816363316941785, -5.744632868383084, -6.983567234128672, -7.1521824386624715, -5.614564500479389, -7.350550081184645, -7.458378130383157, -6.944082406178076, -6.071544122102495, -7.033050822252028, -6.085201391321253, -5.668911614558043, -6.410464203501591, -5.812750216647206, -5.974983382849524, -6.145393987096081, -5.662005903607032, -5.853452634781623, -7.274734700999441, -6.632282617225507, -7.095343457982738, -5.823950941885018, -5.838618742851995, -6.995045794667389, -5.787589415550547, -6.498407924841432, -5.787532710470907, -5.9130632711434865, -5.76566896152858, -5.713571634524959, -6.024621354682043, -5.673864145744622, -6.425745683354181, -6.163105872626182, -6.058117765490253, -6.101309375861626, -5.573311060122425, -5.569033717902742, -5.7927112684614235, -5.617586120046659, -6.040500234895119, -6.392717679437934, -6.484941108914666, -7.322279562272634, -7.285918818326486, -7.157709175401143, -5.378934412174235, -6.9072401108666615, -5.837073552304157, -5.661181342364181, -7.1354334263726376, -6.90572491663228, -6.299749992295555, -5.843096238129191, -5.733160753313649, -5.82737219050051, -5.939615877814726, -6.952325779587443, -6.908576396735766, -7.379552566440488, -6.4116560581393545, -5.777847135200999, -5.871516025861437, -5.93987463110441, -6.016130708011681, -5.904774704025319, -7.003813418486624, -6.322799433088827, -7.2097672053253925, -7.092040011528863, -5.8440473381167095, -5.713350789661533, -7.006715796961558, -5.896379546457988, -6.389946140155021, -5.781156824652559, -5.9701494493532605, -5.350891644309959, -6.648171794051327, -5.8261139524534205, -7.267396738409769, -6.899467357455159, -7.2507939509429065, -7.209639386949803, -5.86074860479911, -7.161853873264899, -6.906184566080348, -5.867784729458258, -5.819624811315317, -7.190073116413865, -7.360369976825368, -7.029711635371227, -6.545413962856089, -5.620328540654335, -5.576503294153477, -5.765205058488865, -5.332471924973233, -6.796551837481186, -6.24105991516887, -6.009418651910703, -6.631094369018267, -6.594790519375666, -7.259781121897708, -7.28889860134816, -6.9439941687369195, -5.563556384624752, -5.587496088989134, -6.80897117757191, -6.300866611759311, -7.375293408875844, -7.159584932357121, -6.847210673608397, -5.758022620417796, -7.379749729173806, -6.985974933644294, -5.743538545020242, -6.119448937321822, -6.901237783304823, -5.680825649239285, -5.693355072920394, -5.846227581920916, -7.252802082151528, -7.215281770596243, -7.112969629796868, -7.159596671472562, -6.460523981319876, -5.821869775372318, -6.949803119677387, -6.751581091261674, -6.72105738289492, -6.51166393340947, -7.25297955192884, -6.92175318337925, -7.277434012564391, -5.3059848349510474, -5.7931239973430815, -7.267289396055576, -7.106290358175005, -7.050254379299765, -7.116264620328205, -7.080959957936463, -6.455995244781518, -5.829577644072986, -7.3854333166382435, -6.143512732669055, -6.466490648046247, -7.0950558467677185, -7.272566322124429, -6.685445695576324, -7.286813768163954, -7.277150360510094, -5.991873776355736, -6.892478311749794, -5.359099615138843, -6.388030698304265, -6.088150902005426, -7.261496751182362, -7.2168261720000135, -7.156747408715267, -4.942213885347564, -5.882692149272399, -7.119240228031463, -6.973253440242748, -7.300878942515624, -6.625573838320902, -6.979141306520367, -7.284630981686311, -7.240662213880332, -5.318184827147076, -6.049288344023114, -4.879876410940672, -5.0273760939840475, -4.9626490854147, -5.120424513592454, -6.605553799623195, -4.677027210928844, -5.002152032559963, -5.746749763717175, -5.228157466883394, -7.127413023981982, -7.083367873585566, -6.877207582313016, -5.642294343281962, -7.223954947644334, -5.283511271576019, -6.995165375419988, -7.006672465527178, -6.788331203201731, -5.473027159329741, -5.387302568421246, -5.143721329717835, -4.778189846369486, -4.3164558475882, -4.825568593850513, -5.201752857939306, -4.889627989797093, -5.507285072731948, -5.1806386250144145, -5.003958498488942, -5.2141265604866485, -4.882020205938425, -4.396986179841374, -5.46749842770157, -5.216510733624041, -7.126018930448267, -5.906345939115805, -7.439324691533592, -6.080288375732953, -5.90590351805574, -6.8177398964835225, -5.924591432946358, -6.027180792049366, -5.7673101793157855, -5.547033551217391, -6.911726975596587, -6.942550722210197, -7.040297195092763, -5.780462922263362, -6.548863232378083, -6.104759027979409, -5.808493707089729, -5.9483895623105605, -6.352785826348646, -5.690334431015902, -5.951978675633816, -6.604562606015628, -5.856490825080951, -6.660174724959623, -5.574072383834383, -6.292108256159245, -5.849114144959246, -5.809568214560443, -6.537692318235957, -6.033351859566456, -5.822022602089438, -5.927731772872522, -5.825406117078872, -5.784929553790438, -5.967619684018262, -5.595214033904013, -6.59493584877478, -6.625089226402479, -5.86430898239505, -5.682052280641731, -6.820493340994863, -5.752132938151251, -6.041544387469532, -5.578672287674281, -5.853585508108312, -6.71811700104397, -5.665916724906848, -5.577552802976398, -6.888832382321221, -5.687479571859918, -5.667212266452209, -5.86408464587267, -6.031375116445131, -6.243217680634872, -5.485663522003971, -5.782357372186071, -6.592985926710135, -5.886043502184655, -7.145736297967199, -7.214710243614272, -5.601304748071551, -5.766374938773331, -6.500997907131978, -5.572485228228351, -6.907556446086919, -5.883564434400974, -5.56392662271642, -5.547572776427439, -5.7840827924121925, -7.317452142992236, -6.03942167520445, -7.224778262531401, -6.3052744761915385, -5.949952900554121, -7.073507857340368, -5.7010567469266595, -6.390515695570275, -5.904500939787557, -5.901301506084564, -5.765933481053599, -5.650475207937546, -5.784996973920409, -5.99879637676951, -5.630040180097346, -7.277663938250168, -7.315539347385094, -6.023956390006059, -7.103004485419025, -5.826314535461767, -6.187935895725297, -7.209339206116593, -5.260539992559232, -5.981371748752853, -6.964161904294028, -5.776325988826296, -6.089658024922065, -6.001836485606094, -5.540375577403492, -7.239123850285866, -5.741445784421121, -5.446719502198409, -5.338598527021421, -7.144736468359759, -6.927025484721189, -6.983843041268748, -5.99950002667991, -5.607288662066641, -5.763564647691791, -7.585757041077721, -6.362664028873915, -7.015982182171294, -6.108012101898479, -6.280284555697542, -5.851168396291933, -5.8932323604038315, -7.2120776939450195, -7.418926138050674, -7.121573415412846, -7.198365765304539, -6.953965656268847, -7.209070017856683, -7.178544793744009, -5.832776570734617, -7.143598517405044, -7.185283172055215, -5.704404964515788, -6.0750398670777415, -7.269943611263584, -6.318421725942702, -7.034927068915853, -7.212708478294202, -6.015809969585793, -6.155185541017116, -7.428883780537205, -7.096011774485303, -7.149022823276489, -5.19638808453425, -5.868085442693947, -5.765393143488285, -6.555365378122011, -7.29268481190267, -7.425418466940395, -6.759275935720067, -7.346551680714618, -5.6218673928604215, -6.708639241339729, -5.5223216334760075, -5.64513757968806, -6.258038445045244, -6.153484135834413, -5.9040652665948645, -5.750983644070218, -5.6338438665291894, -5.888215303960176, -7.037919902969522, -6.951967673815499, -7.296638899962903, -7.1903638207166845, -7.302887339096796, -5.737210990662091, -7.24207418893253, -5.472908448688597, -7.324277913674541, -5.550122493761047, -5.750209453525047, -4.883856744422306, -4.806032327867353, -5.973678114339128, -5.7230555149569176, -6.357488386370793, -6.801855140594912, -4.992347802133294, -5.291755160988572, -6.793456903070353, -6.458177319342825, -5.286729318300578, -5.589978857580706, -4.886066388232514, -6.208170556243455, -6.578112709707629, -6.866035043703011, -5.4813945434580935, -5.7175181691618535, -5.825740192883987, -5.443359600401749, -7.15195132438527, -6.03016490293711, -5.115874710796811, -5.524095345330581, -4.318668018701832, -3.8803946356387486, -5.08845113040162, -4.896533236751284, -5.359911629975561, -4.929555681484389, -4.837672152763996, -5.479188792916511, -4.2912375139495955, -5.526854209086947, -5.178445973253892, -5.23470173669917, -7.227743811045629, -6.164135158065426, -5.954635726014536, -7.428779917809387, -5.920937630963658, -5.6451333887310895, -5.820710825499465, -6.263301783453075, -5.654733624568732, -7.304164522393214, -5.811088053824683, -6.653932789473873, -7.191842878177933, -6.9357677104521995, -5.692664431878083, -7.247077100418078, -5.804091489735012, -5.654915621486991, -6.595031728542683, -6.422195809497313, -5.700424124533216, -6.060461982704331, -5.796478077000649, -6.973685416538224, -5.580529079005197, -5.821357585636749, -6.3312856240256306, -6.917239043968726, -7.157951194387509, -5.74627942576848, -5.612162404744409, -5.812138776854622, -7.041804869092284, -6.384845100237988, -5.927767387015884, -5.82904646292286, -7.264372195964109, -7.244128198120586, -5.84829014597507, -5.863434829674453, -6.41668504694093, -5.904786510301747, -5.879993091695776, -6.630175097314603, -6.844393681138854, -7.117287491928304, -6.115476784126969, -6.277228375265763, -6.056635416484441, -7.184610202000773, -7.122340149656127, -5.661928870164858, -5.845772513058147, -5.572997207506232, -5.823839349452096, -6.256656797353795, -5.82424942477254, -7.401258986464156, -6.794215557068567, -6.731639120850111, -5.7167197299440415, -5.878182113244308, -6.262196156044309, -6.289105472043421, -5.593220474762304, -5.569767068265694, -7.26274096028933, -6.758986066117302, -5.534016255653037, -5.703418555421565, -5.8451782156864365, -5.858653825683976, -5.811545590058268, -5.42763371702134, -5.905271011376966, -5.645474755752303, -6.310832280502196, -5.686913435589526, -5.902007774349158, -5.461538812600094, -5.625852380692071, -7.196249097123025, -6.9803885747501795, -6.1354279190978565, -6.005961699562407, -6.791320202941049, -6.2425684218255935, -5.852457749118407, -6.3432612801411645, -5.815815490621702, -7.239126148018746, -5.694746914412005, -7.242238477780447, -5.970067972029587, -7.108452893395433, -6.235355311748986, -7.368312759635049, -5.818583645498032, -6.325626227946844, -5.600452738150867, -7.227156978470703, -7.231779215087941, -7.445880375173906, -7.416126082584011, -6.7195062576807905, -6.893013486189875, -7.214822785610202, -5.6586075306228825, -5.801486250445559, -6.171917554925108, -7.225631228159295, -7.290716444757865, -6.481596653030195, -5.385721790225755, -7.4059794524703895, -5.9092517550155375, -6.970883131615447, -7.132912931307996, -7.318322777184618, -7.166741450020797, -7.149462230852531, -6.96949155265225, -6.040840136765411, -5.957899736582234, -7.031611688317894, -6.804045028235175, -7.048153953143773, -7.191735231918724, -6.314126216151005, -5.748974447756757, -6.476765592858755, -5.6448201972932734, -5.255105536411755, -7.118326092718369, -7.216081964118292, -6.702904315446735, -7.294426154277199, -5.091455961977807, -7.127909689216329, -7.3544919456434625, -7.226764372824451, -5.620509874892935, -5.241632515151448, -5.888712361177732, -5.49105293735859, -5.696268152258834, -5.75859157091078, -5.556486042839877, -6.2401303421147905, -7.296372091299448, -4.904404864072275, -5.409532825497633, -5.074788964117169, -6.643332612214952, -5.9136552042908095, -4.921073491820649, -6.164405665587287, -5.909987108049989, -4.825541583395137, -4.774492348265818, -4.850818026887377, -6.1113296898969525, -4.881775589428615, -4.918744677660683, -4.90832356478866, -4.755961572431322, -6.62235318723687, -4.872491564131636, -5.330210209936516, -6.484002931239337, -6.88886174457601, -6.493182848877822, -5.068254564046067, -6.208622850474422, -7.034967924431219, -5.415358836711817, -5.684290302106246, -6.4903201335398, -6.606809193387278, -7.23657764497307, -4.243003061499304, -6.044092345514424, -4.196383454556764, -6.684962275740661, -6.715674735870519, -4.08580381690552, -4.611211407403756, -5.381181778900338, -4.939959915427444, -4.401933059074563, -4.871502629090874, -4.830582723962319, -4.555692760745988, -4.684069236389847, -4.733265301668525, -5.602894172796239, -5.3620378542120175, -5.052116979297634, -5.33950742696267, -5.522358023971874, -5.169407654475837, -6.673314778987718, -7.184579978065088, -6.005097790039476, -7.043710302755498, -6.582319332062058, -7.01431703581982, -5.8545989780255905, -6.659821538062495, -5.743780593916706, -7.019816600036611, -7.2584001940768035, -6.273673743362935, -6.495248430034999, -5.82014490331948, -6.4490755579879, -6.066333155837029, -5.986200981237241, -6.767343843308957, -5.811643223164932, -5.841489516533522, -6.9446409817171055, -5.817891881123517, -5.799054365287217, -5.956087326068267, -5.954493697630152, -7.075134060667933, -6.646869801369233, -7.164755335796417, -5.697711288922391, -5.857360497774127, -6.769340273977927, -5.7561961358802805, -7.034188197235701, -6.313710020168939, -5.822341463311734, -5.851985763546534, -5.782612173924231, -5.617787317619234, -5.637258935696587, -5.847514157462563, -5.576743719255804, -5.81508654466254, -6.3772490429279625, -6.502959881466056, -5.532981012418233, -6.334501541047896, -5.9687972234769395, -5.686851193279823, -5.6178990106486415, -5.521981301133397, -6.0163698272803385, -5.6409814506083835, -5.723208060123443, -5.7022358825153745, -6.219201473802407, -5.564574233964851, -5.974488822355798, -5.85460190749074, -5.651301574640563, -5.827663615759152, -7.138535132670201, -5.709852263231517, -6.2991482023367675, -6.4989325486543885, -5.860929608255529, -5.574271586861098, -5.509889793328613, -7.41658077157634, -7.067659803151289, -5.823249375914399, -5.714726698351135, -7.287454691536426, -7.206938363055852, -5.856869734878949, -5.6757337055375015, -5.924469719936388, -5.632520261203054, -5.779900056672925, -6.764518320745492, -5.841412347771961, -7.198864623327016, -5.8338782550208315, -5.653902013422289, -7.2387587467346055, -6.502814171259056, -7.049642887777874, -5.981020591406896, -6.166729012153251, -5.483654338625036, -5.505566518460373, -6.102888200254784, -5.250199084629564, -6.0388888574643085, -5.66369976996356, -5.7923356564167205, -5.823580570371315, -6.042389260943589, -7.1915250734212925, -5.6230072809167, -7.145273611288411, -6.396894100958763, -5.791902839582234, -5.593522732764297, -6.85846608944957, -6.400224701887206, -7.186239792985512, -6.335172603961568, -7.014040004331369, -5.8405719191488, -6.34679285061842, -7.096987982732759, -7.035019121436977, -6.680341382825535, -7.111953129565679, -7.365503085508761, -6.414710989982859, -5.833185509556478, -5.9836470845180365, -7.290383832920414, -5.912106792186473, -7.054832977296379, -5.981009303931995, -5.743807697989849, -6.985807595961105, -6.534732570784468, -7.234647752537033, -7.262029544158929, -6.721222437790778, -7.238414469039186, -5.845476465189789, -7.15578614894665, -7.136069757702498, -5.799037217637948, -6.058136984485546, -7.095190375806211, -7.040062664887557, -5.99996087901907, -6.27424027730087, -6.25007628007553, -6.477895905292433, -5.415416282874746, -5.612233629235125, -5.058295448793175, -7.109276423470884, -7.316218407480763, -6.956730849602738, -7.03083101436354, -6.32253861510025, -5.251869215343653, -5.724642703477491, -7.035701552329735, -5.662473132069863, -6.424219299504959, -7.1731976008516884, -7.163605571194272, -5.4334746346087535, -6.00466131487027, -5.352817519030066, -7.26208810922599, -7.241563374552598, -6.583015001646127, -7.198241139865695, -5.52442957687644, -5.737898763685344, -5.272592674764315, -7.024414568710867, -7.254185346174936, -5.211616791840146, -5.141762852357167, -5.601679923053677, -5.252763081078528, -5.39178633602765, -4.880853918153799, -6.897955623546058, -4.948706820893634, -5.365359180904524, -4.8145702703906625, -4.764917831793786, -6.52965602852258, -5.406431730369452, -5.346481330554967, -5.423072370757266, -5.760177401882628, -6.749299815113483, -5.399448989702935, -5.326911569643011, -6.429840902253183, -6.666507610642684, -7.251363267754494, -3.751792959530626, -6.91917590226152, -4.976499626019962, -3.990228605236859, -4.199484151327415, -5.2406588948543344, -5.198529524341287, -5.520773482670464, -5.332495536438081, -4.627795842818435, -5.450362059411501, -5.311268058607897]","0     -7.22
1     -6.21
2     -7.24
3     -5.92
4     -5.96
       ... 
247   -6.00
248   -3.99
249   -5.24
250   -4.77
251   -4.71
Name: Permeability, Length: 252, dtype: float64","[array([-6.39380215, -6.16226696, -6.02141094, -5.84507931, -5.89757384,
       -6.99509172, -5.61490994, -7.00930633, -7.33895802, -6.79340535,
       -6.03574777, -5.78095235, -5.85908101, -5.8045328 , -6.05398391,
       -6.18275719, -6.20728259, -6.9956605 , -6.00490279, -6.4439808 ,
       -6.20588232, -6.6149816 , -5.44025646, -5.9771884 , -5.7682518 ,
       -6.00757959, -5.80214252, -6.0531461 , -6.11364873, -5.61599678,
       -6.67007442, -6.37485479, -5.56995504, -6.45164987, -5.8330463 ,
       -6.18007272, -5.820161  , -7.1360757 , -6.29629363, -5.4766613 ,
       -6.53379027, -5.92949437, -5.95163632, -6.04438343, -5.68825694,
       -6.02228477, -6.75861605, -6.24523224, -6.01194382, -5.70037496,
       -6.97049371, -6.69282363, -5.92739941, -5.46219766, -6.46548675,
       -5.70439977, -6.41531815, -6.4179743 , -5.61902194, -6.6911566 ,
       -5.88643751, -6.18137002, -5.94820573, -5.75779438, -5.86499353,
       -6.2635049 , -7.07114433, -5.44178288, -5.57771417, -6.01909141,
       -5.70063501, -7.04607652, -5.71749229, -6.97268087, -5.78440906,
       -5.79775017, -5.87969472, -5.81175506, -5.87996553, -6.65729083,
       -6.35270971, -6.391962  , -6.14561399, -5.80241209, -5.83360997,
       -5.35720112, -6.78857896, -6.57738279, -7.13065667, -7.04831993,
       -7.06129495, -7.03839566, -5.7429919 , -5.91399736, -6.23018974,
       -7.18389091, -5.64924493, -6.03017818, -5.84978553, -5.80149232,
       -7.1514615 , -7.01436851, -7.00633889, -6.30472728, -5.78579491,
       -5.85467313, -5.63946566, -7.10476685, -6.54582168, -6.75525974,
       -6.1536836 , -5.83723052, -5.88667996, -6.6332651 , -5.70584396,
       -6.87215571, -6.14966618, -6.24061168, -6.36632768, -5.70743316,
       -5.60035026, -6.39163201, -6.01444228, -6.87879873, -5.67465253,
       -6.11705874, -7.20865247, -6.21637252, -5.5334081 , -6.07106684,
       -7.25668773, -7.07129134, -6.03404666, -6.04669915, -6.68206034,
       -5.54965353, -6.29138982, -5.82700345, -6.93052983, -7.08620866,
       -7.30154181, -7.03481458, -6.72853245, -7.05501625, -7.23056737,
       -5.83923664, -7.23406695, -6.20467617, -5.47056998, -7.20353391,
       -6.51637116, -6.8328984 , -6.67522881, -5.91041241, -6.89387767,
       -7.41108619, -7.19886534, -7.22684063, -6.65205966, -7.34257358,
       -7.3063534 , -7.13471329, -5.84859966, -6.39507679, -7.42424941,
       -6.77106219, -7.09364059, -6.88463259, -5.67594103, -7.30180783,
       -7.1823443 , -5.83490309, -7.24598906, -6.31621453, -7.17789331,
       -5.97091295, -7.10264101, -6.09388888, -6.16134498, -6.21469547,
       -6.36909643, -6.88173792, -6.87241032, -5.75117677, -5.51088646,
       -6.54198532, -6.59539442, -7.14861237, -6.15222823, -5.87960995,
       -7.2001598 , -6.74937652, -6.91920993, -5.42591823, -7.18039482,
       -6.3408186 , -6.88427843, -6.26916136, -6.37619446, -7.2416663 ,
       -5.84265598, -5.77948494, -6.91107464, -5.99048317, -6.67693003,
       -6.36183991, -5.68782016, -6.61955707, -6.42124608, -5.08395553,
       -5.18895296, -5.21519957, -4.94526574, -5.51524858, -4.97036975,
       -5.60487387, -4.99883362, -6.83606289, -4.66914908, -5.6740852 ,
       -5.80466218, -5.63305712, -5.14468234, -6.69219267, -5.04184705,
       -5.28065333, -6.08532658, -6.17452505, -7.11888317, -6.91752944,
       -6.59843698, -6.31794717, -6.15250221, -6.91779083, -4.18015813,
       -4.58942161, -4.83973738, -4.25505453, -5.44026657, -5.07483261,
       -4.4207482 , -4.49935356, -5.39218006, -4.8815641 , -4.8347479 ,
       -4.33372069, -5.13243474, -5.22360431, -3.94981519, -4.85705657,
       -4.65543926, -4.97677048]), array([-6.42659864, -5.88918006, -5.94189838, -5.87745905, -5.77386699,
       -7.07249135, -5.71594197, -7.14429973, -7.20306091, -6.94825005,
       -6.19221   , -5.82542806, -5.89214822, -5.76463202, -5.96470285,
       -6.15179929, -6.08584346, -6.91798478, -5.87825174, -6.44812365,
       -6.27676785, -6.61452975, -5.43570595, -5.97259949, -5.65253869,
       -5.94234517, -5.70139676, -5.94908295, -6.16515891, -5.71768227,
       -6.81977386, -6.55946038, -5.61162821, -6.42600459, -5.88192498,
       -6.42277143, -5.82171351, -6.93051803, -6.33804385, -5.58834919,
       -6.40222849, -5.91085094, -5.99021575, -6.01709368, -5.79082317,
       -6.06972681, -6.70692579, -6.11007687, -5.96207928, -5.60809501,
       -6.77921419, -6.71069221, -5.84145236, -5.42697107, -6.20366954,
       -5.85862135, -6.35288127, -6.48977194, -5.51339265, -6.69677245,
       -5.88479774, -6.02294747, -6.07933497, -5.73046675, -5.74393134,
       -6.43568919, -6.94137051, -5.4417132 , -5.67390077, -5.97574807,
       -5.73273642, -7.0934498 , -5.75528499, -6.86140679, -5.66921777,
       -5.88849437, -5.80510818, -5.71760589, -6.05073457, -6.61506449,
       -6.45748142, -6.39335526, -6.13427844, -5.8397496 , -5.94502642,
       -5.50065563, -6.6207166 , -6.59199289, -7.13987008, -7.05204877,
       -7.07925109, -7.220605  , -5.78977975, -5.91042192, -6.20929365,
       -7.12243556, -5.58358944, -5.99964872, -5.88671143, -5.86760792,
       -7.23998303, -7.03669944, -6.91288922, -6.25121548, -5.8197739 ,
       -5.76344721, -5.66888211, -7.21540315, -6.625198  , -6.78953721,
       -6.1134993 , -5.9284307 , -5.99958976, -6.67676968, -5.5403157 ,
       -6.79561824, -6.20847951, -6.1374414 , -6.31926563, -5.68432898,
       -5.66622576, -6.47448432, -5.87967102, -6.81342192, -5.72283961,
       -5.91183181, -7.13496885, -6.20407724, -5.55733362, -5.98011229,
       -7.43081721, -7.07676736, -6.08393938, -5.9242093 , -6.78556569,
       -5.67397113, -6.1193773 , -5.95463209, -6.98929138, -6.82634831,
       -7.04262039, -7.04967022, -6.70928447, -7.13833193, -7.17049082,
       -5.83056541, -7.0658598 , -6.37516857, -5.4948016 , -7.3260785 ,
       -6.40493912, -6.87106871, -6.62300616, -6.08163493, -6.95106893,
       -7.29557424, -7.22025701, -7.10569273, -6.83497074, -7.33602994,
       -7.38579736, -7.40818002, -5.86141121, -6.24363111, -7.39809086,
       -6.67946705, -6.94647775, -6.72862632, -5.72814272, -7.44523371,
       -7.20638701, -5.79534548, -7.00481404, -6.4502038 , -7.20475439,
       -5.90664734, -6.9363305 , -6.11484007, -5.98674428, -6.1487484 ,
       -6.34166486, -6.70062155, -6.87233105, -5.74225891, -5.62122381,
       -6.42377506, -6.55066193, -7.08500891, -6.20049852, -5.7781808 ,
       -7.17872647, -6.79785472, -6.99389117, -5.44402937, -7.22317294,
       -6.2816226 , -6.80260559, -6.11049418, -6.26853269, -7.18229553,
       -5.89336811, -5.88523333, -6.77668465, -6.14141275, -6.47321801,
       -6.2650191 , -5.75367045, -6.40104654, -6.41968213, -5.014113  ,
       -5.38581899, -5.20027994, -5.12207326, -5.87641064, -4.93592331,
       -5.64014113, -5.18510727, -6.81446302, -4.68844652, -5.7044421 ,
       -5.78274706, -5.66424469, -5.29702888, -6.71072889, -5.21616251,
       -5.38333022, -6.20743674, -6.01220408, -6.95319835, -7.02969201,
       -6.61101467, -6.21904301, -5.61000322, -6.86241605, -3.94818547,
       -4.61581479, -4.48773221, -4.1459068 , -5.4090276 , -5.08040268,
       -4.39487526, -4.41750064, -5.46093612, -4.90423504, -4.98192835,
       -4.45992714, -5.10150657, -5.28355436, -3.94971623, -4.85639459,
       -4.74459137, -5.00540327]), array([-6.42374519, -6.05645517, -5.9410653 , -5.80132393, -5.73184255,
       -6.897761  , -5.70520299, -6.99685145, -7.29241897, -6.83763548,
       -6.06044402, -5.7354203 , -5.8784297 , -5.85613238, -6.07329312,
       -6.3277536 , -6.05982107, -6.98076875, -5.82408956, -6.38162075,
       -6.30241514, -6.65724532, -5.50494403, -6.13219349, -5.76500455,
       -5.91921288, -5.74525002, -6.0326426 , -5.97390573, -5.69560877,
       -6.51639904, -6.25433896, -5.73269606, -6.52538798, -5.86792249,
       -6.19207284, -5.81538744, -6.98228936, -6.21567748, -5.51667929,
       -6.46372812, -5.92476349, -5.83706192, -6.04570659, -5.66397445,
       -6.18407538, -6.63538784, -6.15380867, -6.01105377, -5.75287423,
       -6.85601274, -6.8013425 , -5.96967835, -5.40696123, -6.35945576,
       -5.86111556, -6.33087186, -6.38608056, -5.58046944, -6.71933743,
       -5.87325047, -6.07469665, -5.98991611, -5.68566129, -5.87201922,
       -6.29673087, -7.01030029, -5.48431226, -5.60163373, -5.96903008,
       -5.76976741, -7.10749377, -5.69001499, -6.9168334 , -5.77011814,
       -5.80249339, -5.78378853, -5.74325768, -6.06185256, -6.68722002,
       -6.20184417, -6.344452  , -6.22191316, -5.82808602, -5.95151988,
       -5.55525677, -6.74564004, -6.47829951, -7.0389921 , -6.83747491,
       -7.09947398, -7.17501924, -5.8136806 , -6.03089034, -6.22119962,
       -7.06431252, -5.55576851, -6.00464419, -5.93622316, -5.8053601 ,
       -7.15551659, -7.02410888, -7.00871176, -6.27102101, -5.87425247,
       -5.89542124, -5.72386187, -7.09698998, -6.55836512, -6.71135655,
       -6.16282937, -5.99787948, -5.99852674, -6.65708959, -5.60921768,
       -6.67174379, -6.08247481, -6.13568365, -6.15525644, -5.69628082,
       -5.66056985, -6.58656363, -5.89634146, -6.87509111, -5.62508953,
       -5.95621954, -7.22311422, -6.12446702, -5.60412913, -6.05745348,
       -7.28381705, -7.1748653 , -6.05371255, -5.99767197, -6.69382964,
       -5.6648726 , -6.21468583, -5.89366684, -7.09401666, -6.89730464,
       -7.2184282 , -6.99091904, -6.62644545, -7.06434681, -7.12618984,
       -5.96679255, -7.14488921, -6.39861749, -5.44976629, -7.22957389,
       -6.47781598, -6.93936399, -6.76953369, -5.79003   , -6.89553015,
       -7.33562019, -7.16152632, -7.15640677, -6.73114948, -7.30555241,
       -7.35194625, -7.25122577, -5.88485566, -6.34472453, -7.44148236,
       -6.61843327, -6.99608318, -6.87019072, -5.62219617, -7.40945772,
       -7.06427978, -5.81423607, -7.00829253, -6.34949096, -7.21105855,
       -6.07086281, -6.99419766, -6.1060447 , -6.11968866, -6.20018326,
       -6.11131449, -6.65842397, -6.93790002, -5.86705948, -5.56565711,
       -6.42570449, -6.6412032 , -6.98729071, -6.20012727, -5.87733875,
       -7.24206968, -6.89893297, -6.92086055, -5.54716097, -7.24592697,
       -6.23469637, -6.76948264, -6.18725511, -6.41824255, -7.18018516,
       -5.93600826, -5.86889932, -6.83863705, -5.87258107, -6.38777489,
       -6.33735004, -5.54966033, -6.39952333, -6.47348889, -4.91519779,
       -5.30330473, -5.43853584, -5.03199606, -5.6359956 , -5.04003749,
       -5.56466344, -4.95059257, -6.8496536 , -4.72775686, -5.64308095,
       -5.5920824 , -5.69592055, -5.31528676, -6.62691988, -5.01822922,
       -5.23020691, -6.194739  , -5.97385682, -7.12540531, -7.04789544,
       -6.80154974, -6.12076296, -5.75747885, -6.90322951, -4.09622427,
       -4.83976912, -4.89092373, -4.70467126, -5.54169154, -5.15527866,
       -4.24351452, -4.71245717, -5.36199189, -4.99799262, -4.87874584,
       -4.5699321 , -5.13925668, -5.06481058, -4.17778427, -4.80305532,
       -4.76535587, -4.89102628]), array([-6.19835998, -6.10018858, -5.94681183, -5.90795874, -5.86760482,
       -6.91501429, -5.72041824, -6.98411157, -7.14008782, -6.87920582,
       -6.12238021, -5.79237077, -6.08166864, -5.80999614, -5.99735475,
       -6.22047972, -6.23310287, -7.05984518, -5.91066682, -6.32084281,
       -6.25011551, -6.57565815, -5.61913294, -5.98218894, -5.73228919,
       -5.93613364, -5.76156933, -5.93344752, -6.1587544 , -5.79042907,
       -6.66098826, -6.46812204, -5.61418877, -6.57347226, -5.86169912,
       -6.3032419 , -5.70406437, -6.90408632, -6.47595716, -5.65538949,
       -6.47153965, -6.08311688, -5.87555558, -6.0026523 , -5.6966876 ,
       -5.96972116, -6.75254343, -6.13891497, -5.9454868 , -5.65743476,
       -6.84794979, -6.77920909, -5.83600527, -5.45219161, -6.37936379,
       -5.87113901, -6.19879221, -6.50567322, -5.58049885, -6.64971941,
       -5.78734851, -6.05646946, -6.04511756, -5.70473426, -5.82185514,
       -6.33282079, -6.9657885 , -5.56889716, -5.68600675, -6.0655468 ,
       -5.67649496, -7.14263603, -5.63128906, -6.8838603 , -5.69793803,
       -5.85561491, -5.89929981, -5.84621158, -6.01684004, -6.64482735,
       -6.39281753, -6.43509099, -6.18817491, -5.91080971, -5.78964466,
       -5.51056213, -6.80872617, -6.48259054, -7.20029475, -7.02714641,
       -7.14946258, -7.06828915, -5.82057254, -5.95579641, -6.2251554 ,
       -7.13583421, -5.63900867, -5.89867491, -5.90902534, -5.82366899,
       -7.17879553, -7.19024307, -6.99423416, -6.09315122, -5.83854304,
       -5.8923582 , -5.61335542, -7.21244051, -6.53884006, -6.85801724,
       -6.1196856 , -5.87580326, -6.01653024, -6.59307277, -5.49656281,
       -6.83074006, -6.13738596, -6.13564701, -6.16504173, -5.72750318,
       -5.7117825 , -6.34282093, -5.96734164, -6.86597482, -5.66637317,
       -6.07543046, -7.19551029, -6.25338733, -5.47963291, -6.05762759,
       -7.31118643, -7.18131904, -6.08410736, -5.81103367, -6.77783488,
       -5.66182431, -6.18607067, -6.01724141, -7.08371567, -6.96839254,
       -7.36173939, -7.03230196, -6.775568  , -7.11103101, -7.2284013 ,
       -5.91988612, -7.13815729, -6.33540408, -5.46772158, -7.20468639,
       -6.48571351, -6.7664631 , -6.9247572 , -5.68553047, -6.93814361,
       -7.38664921, -7.1670956 , -7.18887124, -6.72134895, -7.25855745,
       -7.3321457 , -7.20596174, -5.84528474, -6.26122061, -7.37944264,
       -6.70549338, -6.92606809, -6.87151222, -5.76348875, -7.30888315,
       -7.12025083, -5.77972193, -7.03735642, -6.27331158, -7.1136701 ,
       -6.00098836, -6.85439311, -6.24159429, -5.99115144, -6.27197103,
       -6.25950596, -6.50490076, -6.89150719, -5.83514467, -5.52393252,
       -6.41692009, -6.63353751, -7.11260025, -6.2198851 , -5.91845449,
       -7.217521  , -6.88643947, -6.87863388, -5.44997097, -7.22284768,
       -6.25166323, -6.84864504, -6.1336406 , -6.40221102, -7.11626962,
       -5.92489792, -5.81375551, -6.87791055, -5.96008268, -6.43031957,
       -6.35685823, -5.6548332 , -6.38926704, -6.36611373, -4.93760385,
       -5.24716629, -5.26141218, -5.09068689, -5.67824921, -5.07362183,
       -5.55771337, -5.13517376, -6.95040949, -4.87826853, -5.73967036,
       -5.61632005, -5.38778363, -5.30531725, -6.6890617 , -5.14212576,
       -5.28918595, -6.15177089, -5.98594179, -7.13684014, -6.90685994,
       -6.48908049, -6.2257112 , -5.69945716, -6.83032992, -4.0863426 ,
       -4.75952641, -4.78766122, -4.49088166, -5.41134893, -5.07839615,
       -4.26707547, -4.43375771, -5.30387533, -4.81644887, -4.77819405,
       -4.57879133, -4.96302999, -4.95540143, -3.87922037, -4.67647284,
       -4.56620417, -4.88156039]), array([-6.44512541, -6.06124929, -5.94113648, -5.78329894, -5.88048464,
       -7.0465662 , -5.66355904, -6.95614763, -7.23341272, -6.82969264,
       -6.05680575, -5.72566944, -5.91949332, -5.95981795, -6.022454  ,
       -6.23397845, -6.19486142, -7.01873002, -6.06187193, -6.37452569,
       -6.22703616, -6.5818727 , -5.50028852, -6.01620261, -5.71434245,
       -6.01270242, -5.7573872 , -5.93227174, -6.15012294, -5.79069243,
       -6.70940221, -6.31786179, -5.73861541, -6.61266603, -5.8474133 ,
       -6.22228531, -5.84207496, -6.85367024, -6.33500308, -5.5262817 ,
       -6.35216369, -6.01884504, -5.87301603, -6.09291237, -5.64193375,
       -6.02438247, -6.74628085, -6.24482883, -5.89753647, -5.66081855,
       -6.89798305, -6.76087095, -5.94620812, -5.53002377, -6.28000566,
       -5.80499428, -6.18015593, -6.37042899, -5.61210583, -6.68085129,
       -5.78457979, -6.16143884, -6.03226537, -5.63974373, -5.85772572,
       -6.27275384, -6.99725261, -5.50784621, -5.65219398, -6.0851748 ,
       -5.68485777, -7.08071328, -5.56649619, -6.90460617, -5.65878175,
       -5.82134641, -5.83289523, -5.68085228, -6.15010896, -6.68153646,
       -6.33977611, -6.38244143, -6.23699957, -5.90807218, -5.91992488,
       -5.54136328, -6.77874055, -6.49194306, -7.08534475, -6.96333633,
       -7.04574101, -7.12607626, -5.85396085, -5.96277273, -6.23968309,
       -7.16710475, -5.68588051, -5.8749752 , -5.91749002, -5.8205138 ,
       -7.22092654, -7.09799746, -7.01649024, -6.26446289, -5.76002408,
       -5.8397463 , -5.63587076, -7.13664157, -6.59266241, -6.77213185,
       -6.23695154, -5.98714852, -6.03957096, -6.60609024, -5.50769726,
       -6.58186601, -6.16270854, -6.04460293, -6.18651385, -5.71344239,
       -5.62248488, -6.60476863, -5.90031245, -6.90942177, -5.69390554,
       -5.97742113, -7.0844471 , -6.26925634, -5.56247482, -6.12684045,
       -7.32192934, -7.08726389, -6.00796564, -6.04650166, -6.71435831,
       -5.50907781, -6.19855343, -5.96935287, -7.11690087, -6.8747998 ,
       -7.18587697, -6.90785085, -6.71609196, -7.13330662, -7.22092967,
       -5.86246721, -6.94628525, -6.34899031, -5.52675392, -7.26984983,
       -6.45302441, -7.00018874, -6.81930324, -5.65426829, -6.92829187,
       -7.36952408, -7.0791854 , -7.16071206, -6.64318171, -7.32833396,
       -7.3687029 , -7.24984057, -5.92593311, -6.42639158, -7.38324553,
       -6.67943284, -7.01766747, -6.89571134, -5.68306411, -7.28443458,
       -7.08827171, -5.82409226, -7.09672061, -6.41523582, -7.19957514,
       -5.97567707, -6.97521205, -6.16327408, -6.06713875, -6.14647546,
       -6.33168724, -6.629938  , -6.93019109, -5.89806626, -5.61405547,
       -6.48634274, -6.47330261, -7.15520357, -6.23861941, -5.7867684 ,
       -7.24352352, -6.83555628, -7.09136223, -5.52419577, -7.20184527,
       -6.20128486, -6.88090518, -6.21876306, -6.36874211, -7.15195358,
       -5.83774495, -5.85715304, -6.87860673, -5.99116632, -6.64028683,
       -6.17302791, -5.6942847 , -6.73048578, -6.31876432, -4.92260768,
       -5.34054509, -5.19387779, -5.16597842, -5.68456147, -5.02659972,
       -5.4116046 , -5.01364679, -6.73793283, -4.80815862, -5.59966317,
       -5.67996135, -5.53092316, -5.12027915, -6.62676782, -5.05329977,
       -5.09142461, -6.03344547, -6.06270194, -7.13416262, -6.80703493,
       -6.65376155, -6.19374414, -5.83993686, -7.02713828, -3.9274682 ,
       -4.65322416, -4.50957246, -4.23025253, -5.41007341, -5.17308991,
       -4.39414044, -4.52568702, -5.28041277, -4.95339735, -4.94030659,
       -4.41188452, -5.04192335, -5.35772146, -3.93910943, -4.7712465 ,
       -4.72023026, -4.90647999])]","[-6.37752627 -6.05386801 -5.95846459 -5.84302399 -5.83027457 -6.98538491
 -5.68400644 -7.01814334 -7.24158769 -6.85763787 -6.09351755 -5.77196818
 -5.92616418 -5.83902226 -6.02235773 -6.22335365 -6.15618228 -6.99459785
 -5.93595657 -6.39381874 -6.2524434  -6.6088575  -5.50006558 -6.01607459
 -5.72648533 -5.96359474 -5.75354917 -5.98011818 -6.11231814 -5.72208186
 -6.67532756 -6.39492759 -5.6534167  -6.51783615 -5.85840124 -6.26408884
 -5.80068026 -6.96132793 -6.33219504 -5.55267219 -6.44469005 -5.97341414
 -5.90549712 -6.04054967 -5.69633518 -6.05403812 -6.71995079 -6.17857232
 -5.96562003 -5.6759195  -6.8703307  -6.74898768 -5.9041487  -5.45566907
 -6.3375963  -5.820054   -6.29560389 -6.4339858  -5.58109774 -6.68756743
 -5.84328281 -6.09938449 -6.01896795 -5.70368008 -5.83210499 -6.32029992
 -6.99717125 -5.48891034 -5.63828988 -6.02291823 -5.71289831 -7.09407388
 -5.67211551 -6.90787751 -5.71609295 -5.83313985 -5.84015729 -5.7599365
 -6.03190033 -6.65718783 -6.34892579 -6.38946034 -6.18539601 -5.85782592
 -5.88794516 -5.49300779 -6.74848046 -6.52444176 -7.11903167 -6.98566527
 -7.08704472 -7.12567706 -5.80419713 -5.95477575 -6.2251043  -7.13471559
 -5.62269841 -5.96162424 -5.89984709 -5.82372863 -7.18933664 -7.07268347
 -6.98773286 -6.23691558 -5.81567768 -5.84912922 -5.65628716 -7.15324841
 -6.57217745 -6.77726052 -6.15732988 -5.9252985  -5.98817953 -6.63325748
 -5.57192748 -6.75042476 -6.148143   -6.13879733 -6.23848107 -5.7057977
 -5.65228265 -6.4800539  -5.93162177 -6.86854167 -5.67657208 -6.00759233
 -7.16933858 -6.21351209 -5.54739572 -6.05862013 -7.32088755 -7.11830139
 -6.05275431 -5.96522315 -6.73072977 -5.61187988 -6.20201541 -5.93237933
 -7.04289088 -6.93061079 -7.22204135 -7.00311133 -6.71118447 -7.10040652
 -7.1953158  -5.88378959 -7.1058517  -6.33257132 -5.48192267 -7.2467445
 -6.46757284 -6.88199659 -6.76236582 -5.82437522 -6.92138245 -7.35969078
 -7.16538593 -7.16770469 -6.71654211 -7.31420947 -7.34898912 -7.24998428
 -5.87321688 -6.33420892 -7.40530216 -6.69077775 -6.99598742 -6.85013464
 -5.69456656 -7.3499634  -7.13230673 -5.80965977 -7.07863453 -6.36089134
 -7.1813903  -5.98501771 -6.97255487 -6.1439284  -6.06521362 -6.19641472
 -6.2826538  -6.67512444 -6.90086793 -5.81874122 -5.56715107 -6.45894554
 -6.57881993 -7.09774316 -6.20227171 -5.84807048 -7.21640009 -6.83363199
 -6.96079155 -5.47825506 -7.21483754 -6.26201713 -6.83718337 -6.18386286
 -6.36678457 -7.17447404 -5.88693504 -5.84090523 -6.85658273 -5.9911452
 -6.52170587 -6.29881904 -5.66805377 -6.50797595 -6.39985903 -4.97469557
 -5.29315761 -5.26186107 -5.07120007 -5.6780931  -5.00931042 -5.55579928
 -5.0566708  -6.83770437 -4.75435592 -5.67218835 -5.69515461 -5.58238583
 -5.23651888 -6.66913419 -5.09433286 -5.2549602  -6.13454374 -6.04184594
 -7.09369792 -6.94180235 -6.63076868 -6.21544169 -5.81187566 -6.90818092
 -4.04767573 -4.69155122 -4.7031254  -4.36535336 -5.44248161 -5.1124
 -4.34407078 -4.51775122 -5.35987923 -4.91072759 -4.88278455 -4.47085116
 -5.07563026 -5.17701843 -3.9791291  -4.79284516 -4.69036419 -4.93224808]","[0.09108171 0.0906413  0.0315451  0.04628714 0.06529084 0.0693612
 0.03996852 0.0654958  0.06916382 0.05288212 0.05718779 0.03697096
 0.08020219 0.06700791 0.03884295 0.05964662 0.06965217 0.04669371
 0.08613002 0.04756418 0.03437364 0.02912537 0.06621205 0.06005676
 0.04213647 0.03878566 0.03233919 0.05200483 0.07146669 0.06534979
 0.09748569 0.10819952 0.0689855  0.07065235 0.01684342 0.09022824
 0.04916574 0.09673902 0.08435033 0.06259919 0.06226766 0.06679617
 0.05646409 0.03088539 0.05099038 0.07232276 0.04598064 0.0560554
 0.04304271 0.04835284 0.06293712 0.04102808 0.05509643 0.04190314
 0.089254   0.06226695 0.09116662 0.05448289 0.03737507 0.02273555
 0.04702886 0.06142667 0.04551066 0.04014855 0.04735161 0.06247121
 0.04414294 0.0473839  0.04183646 0.04655465 0.03432058 0.03168917
 0.06651142 0.03748797 0.05176344 0.03435104 0.04363407 0.06075019
 0.08779082 0.02616087 0.08419246 0.02890883 0.04049634 0.04384946
 0.0647117  0.0707436  0.06705935 0.04960384 0.05424797 0.08063749
 0.03600073 0.06686934 0.03684687 0.04356274 0.01003622 0.04141476
 0.04684409 0.06239695 0.02965615 0.02352695 0.03536217 0.06559883
 0.03809757 0.07401775 0.03990216 0.04789964 0.03812585 0.05129947
 0.03233451 0.04801257 0.0440939  0.06214335 0.05288528 0.03102951
 0.07762582 0.10762357 0.04070134 0.06206481 0.08705305 0.01472223
 0.03844009 0.10351852 0.05110577 0.03118994 0.03224682 0.07655645
 0.05198115 0.05044537 0.04082223 0.04685031 0.05945682 0.04913053
 0.02936815 0.08916725 0.04295166 0.0686999  0.05521522 0.06582785
 0.07107165 0.09025851 0.1089483  0.05147452 0.04827958 0.03462431
 0.04095869 0.05189388 0.09598701 0.06754465 0.02660938 0.04638666
 0.03728249 0.08141062 0.10646894 0.15683035 0.02295569 0.04038629
 0.04812496 0.03991768 0.06899501 0.03050327 0.02776231 0.08972496
 0.02979949 0.07189541 0.02398006 0.04930011 0.05890008 0.06146684
 0.04815458 0.06467856 0.05422866 0.01983753 0.08992885 0.0643836
 0.03565117 0.05301424 0.08083598 0.05421834 0.0690726  0.04652559
 0.09300741 0.12217697 0.02808215 0.0621461  0.04507697 0.04848563
 0.0617854  0.0607816  0.02878708 0.05558379 0.02481497 0.05556176
 0.07512348 0.04810219 0.02215985 0.04719339 0.04481054 0.0572898
 0.05224704 0.04123959 0.04067197 0.03878711 0.04607613 0.08672152
 0.11558202 0.07182014 0.0672321  0.14088907 0.0528901  0.06499293
 0.06914981 0.09143898 0.07661222 0.11632906 0.04956021 0.07796949
 0.08843917 0.06832634 0.07818034 0.04838361 0.08571342 0.11196161
 0.08549231 0.03531536 0.07396873 0.09556884 0.06614654 0.0730276
 0.07053854 0.08826408 0.10119876 0.06334138 0.18609852 0.06696704
 0.09565755 0.09404743 0.17025529 0.20467968 0.05096317 0.04269249
 0.07349467 0.10527767 0.06436095 0.06199522 0.07266537 0.09366886
 0.06596913 0.14688664 0.10273425 0.06674564 0.07223819 0.04953059]"
4,AdaBoostRegressor,"[-6.893227448414631, -7.190947390171782, -5.687690605778682, -5.5986852768654884, -5.77311142804494, -5.859546777902597, -5.779880531477479, -5.8551351351351375, -6.619436302791404, -5.851743833899223, -6.3592827038525686, -6.529080904172414, -6.749416666666664, -5.756936115580642, -5.957242044710139, -6.312345679012358, -5.894223427915882, -5.656186906371425, -5.699879156097563, -5.5986852768654884, -7.423678927463762, -6.162053659841846, -5.682644850731479, -6.223220338983058, -5.894223427915882, -5.990489130434775, -5.933387944932586, -6.3592827038525686, -7.300500394680272, -7.497377677140695, -5.894223427915882, -5.656186906371425, -7.1994660055976265, -5.6043773626781626, -5.656186906371425, -5.5777429015263165, -7.065155778127658, -5.911072215072227, -6.231362387033333, -5.990489130434775, -5.99544015045737, -6.769515767943016, -5.77311142804494, -6.162053659841846, -5.822808988764047, -5.582332296251748, -7.124262798076923, -6.478378562343754, -6.4422915458365395, -6.149476407507044, -5.859546777902597, -7.332800696453417, -5.824581403595962, -5.629904957446047, -7.0807831508661945, -6.6704446970543545, -5.779880531477479, -6.149476407507044, -5.756936115580642, -5.851743833899223, -5.738731758792628, -5.933387944932586, -5.994931952758622, -7.0264516129032275, -6.255611057346152, -5.629904957446047, -5.933387944932586, -5.682644850731479, -6.6685396143181865, -5.852725459497683, -5.680505433362712, -5.779880531477479, -7.0807831508661945, -7.583199302291399, -7.300500394680272, -7.175908643962086, -5.629904957446047, -7.252849499935491, -6.279785736533673, -5.5986852768654884, -5.845430416342249, -5.753621104761625, -7.243073703753083, -5.911072215072227, -5.46521276500474, -7.1994660055976265, -7.252849499935491, -5.543250163650685, -5.845430416342249, -5.89805524351207, -5.865490739974242, -5.895429934839998, -5.629904957446047, -7.474168433509988, -5.753621104761625, -7.124262798076923, -6.071624138251029, -5.687690605778682, -6.281344008474142, -7.454436520692696, -6.576119304871425, -5.680505433362712, -6.037272727272729, -6.101305166291147, -6.3378896727089655, -7.190947390171782, -6.582070759373688, -5.911072215072227, -6.998973996979487, -7.252849499935491, -5.756936115580642, -6.749416666666664, -7.056111111111112, -7.075775304289152, -5.89805524351207, -6.3475, -5.779880531477479, -7.075775304289152, -7.252849499935491, -7.1158194931756755, -7.454436520692696, -6.643503277554351, -6.529080904172414, -7.480789524494435, -7.124262798076923, -7.423678927463762, -7.0807831508661945, -6.958076923076923, -7.110246818556035, -5.779880531477479, -6.917103139515153, -7.1158194931756755, -6.274610669330511, -6.716185043494253, -7.110246818556035, -5.894223427915882, -7.175908643962086, -7.175908643962086, -5.854229990899999, -6.03089332626163, -7.0799231659534865, -5.241412000961038, -5.582332296251748, -7.0799231659534865, -6.071624138251029, -5.859546777902597, -6.853611111111108, -6.399846594000008, -7.075775304289152, -5.859546777902597, -5.607962528991446, -7.075775304289152, -7.0799231659534865, -5.2436954074703275, -7.175908643962086, -7.065155778127658, -7.075775304289152, -7.065155778127658, -5.454447086991936, -7.190947390171782, -5.89805524351207, -5.911072215072227, -6.723569990236995, -6.917103139515153, -4.8531538058829815, -5.194885496183204, -6.149476407507044, -5.779880531477479, -5.196980519480517, -5.629904957446047, -5.153473885218048, -6.008770515425531, -5.738731758792628, -5.753621104761625, -5.46521276500474, -5.162833333333335, -6.853611111111108, -6.5719724723, -6.592809204163123, -6.149476407507044, -5.865490739974242, -6.853611111111108, -5.805902819393938, -6.827317110211113, -6.101305166291147, -5.607962528991446, -6.645880932962264, -5.682644850731479, -5.568265728291665, -6.287612906333335, -4.356153846153846, -4.000689655172413, -4.833646488064102, -4.356153846153846, -4.381679391760564, -5.210583027958333, -5.054417335680005, -5.149017109287037, -4.728229293439025, -5.149017109287037, -5.054417335680005, -5.568265728291665, -6.990922228049385, -7.326266544565453, -5.843738317757001, -7.329586866215682, -7.329586866215682, -7.29948156558129, -6.104467217044774, -6.904521883856243, -6.096277164409456, -5.647620987654613, -6.482088091988376, -5.745573770491797, -5.934478527607362, -5.967494525347567, -5.481594171511023, -6.045918648678572, -7.362597704261372, -6.636363636363632, -7.227729061539474, -5.939037479933331, -5.815372138588571, -6.805147058823529, -5.7748383301145845, -6.49721576806324, -5.985393959969228, -5.918409409234563, -5.61832848001881, -5.61832848001881, -5.890133491538464, -5.653114851864868, -6.536024238696626, -5.984521939850574, -6.064448529411768, -6.126539265322579, -5.773797448913905, -5.413999999999997, -5.887536876368418, -5.512058400071431, -6.044609177312059, -6.482088091988376, -6.571501799578947, -7.349027656208333, -7.094702702686484, -7.227729061539474, -5.433956812860984, -6.797105263157894, -5.939037479933331, -5.588778552635558, -7.094702702686484, -6.888919289456686, -6.536024238696626, -5.742337919518119, -5.6796309178258175, -5.871416451769232, -5.887536876368418, -6.813808360992306, -6.795558614445316, -7.329586866215682, -6.144751576689923, -5.481594171511023, -5.887536876368418, -5.985393959969228, -5.780588235294118, -5.985393959969228, -7.1056363146666675, -6.482088091988376, -7.29948156558129, -7.0834297960820845, -5.6796309178258175, -5.7757540610325195, -7.326266544565453, -5.918409409234563, -6.162425534162791, -5.607658130694265, -6.12677367402604, -5.322753950388421, -6.634369511182923, -5.809166666666665, -7.326266544565453, -6.805147058823529, -7.329586866215682, -7.377484276729561, -5.804932080577321, -7.227729061539474, -6.904521883856243, -5.984521939850574, -5.561209677419354, -7.377484276729561, -7.3330849895285715, -7.1024665291126095, -6.520243902439024, -5.648868918162922, -5.420634146341469, -6.045918648678572, -5.4472382005502995, -6.888919289456686, -6.470430990536956, -6.019272045917573, -6.640726909794732, -6.44811795609317, -7.329586866215682, -7.356798394666673, -6.904521883856243, -5.519999999999995, -5.61832848001881, -6.579712685222229, -6.144751576689923, -7.349027656208333, -7.349027656208333, -6.795558614445316, -5.7757540610325195, -7.328427062557147, -6.843837209302334, -5.674455915047365, -6.019272045917573, -6.8900030558152165, -5.934478527607362, -5.653114851864868, -5.948438017716536, -7.329586866215682, -7.362597704261372, -7.326266544565453, -7.022481276573167, -6.599536902378567, -5.984521939850574, -6.9913192137519395, -6.741996952833333, -6.636363636363632, -6.457037037037036, -7.330295407631586, -7.025293988940599, -7.3330849895285715, -5.464658450409914, -5.967494525347567, -7.349027656208333, -7.1056363146666675, -7.356798394666673, -7.243118595483335, -7.1024665291126095, -6.162425534162791, -6.064448529411768, -7.329586866215682, -6.060067567567576, -6.562419153355557, -6.9913192137519395, -7.328427062557147, -6.579352303730768, -7.3330849895285715, -7.362597704261372, -5.948438017716536, -7.0834297960820845, -5.154471544715452, -6.162425534162791, -6.062656026811323, -7.328427062557147, -7.362597704261372, -7.328427062557147, -5.173342341318438, -5.9786331700956525, -6.968804183509435, -7.227729061539474, -7.326266544565453, -6.624627812078121, -7.329586866215682, -7.329586866215682, -7.243118595483335, -5.322753950388421, -5.7748383301145845, -5.066285714285716, -5.173342341318438, -5.0436800000000055, -5.322753950388421, -6.547701222093335, -4.863058568847825, -4.980333333333324, -5.914200001705359, -5.173342341318438, -6.903676470588243, -6.888919289456686, -6.841666666666666, -5.674455915047365, -7.0834297960820845, -5.376470588235284, -6.811186228622945, -6.8900030558152165, -6.708322957668869, -5.588778552635558, -5.607658130694265, -5.193190184049085, -4.9743023255814025, -4.333333333333332, -4.654347236986301, -5.173342341318438, -4.970025994294967, -5.473405172413786, -5.121451947231487, -4.778297872340427, -5.405521702661203, -5.066285714285716, -4.460575981058824, -5.564093346961751, -5.413999999999997, -7.235244516118807, -5.759819038338235, -7.190999968738217, -6.0458407079646, -6.085338871523252, -6.7339479371386135, -5.950142755653845, -6.008924758511113, -5.759819038338235, -5.602955437392852, -6.7813099630500036, -7.005833333333336, -6.906402916493828, -5.640646231348307, -6.620746651308408, -6.232541037308828, -5.728543494739995, -6.115628897508202, -6.162386348140001, -5.724263611999997, -6.029954847473114, -6.494723997517403, -5.947669982287232, -6.746884104056745, -5.692403696308217, -6.048147202897197, -5.767996323739128, -5.770078079089102, -6.5597358305692275, -6.108564992037036, -5.859966044397666, -5.660619831791202, -5.728543494739995, -5.744979511739923, -5.744979511739923, -5.5182692058835885, -6.572235492622373, -6.342033557091748, -5.925366218312496, -5.724263611999997, -6.620746651308408, -5.937530366273379, -6.068208848430553, -5.600945945945947, -5.937530366273379, -6.734534877464514, -5.602955437392852, -5.672106670835815, -6.926948234235301, -5.69196033328807, -5.692403696308217, -5.997775038728447, -6.048147202897197, -6.2366309860888895, -5.51479037287204, -5.728543494739995, -6.565540044351645, -6.008924758511113, -7.162725618495052, -7.433199118671373, -5.600945945945947, -5.69196033328807, -6.443432029138456, -5.592357512953369, -6.878880929488885, -5.744979511739923, -5.600945945945947, -5.510011068076183, -5.728543494739995, -7.458531073446328, -6.048147202897197, -7.024154092469205, -6.578767123287669, -6.029954847473114, -7.235244516118807, -5.759819038338235, -6.363715696872837, -5.732831418797103, -5.897039617409573, -5.692403696308217, -5.672106670835815, -5.692403696308217, -5.997775038728447, -5.600945945945947, -7.177903455795771, -7.162725618495052, -6.008924758511113, -7.266643898384614, -6.0239375620086895, -6.1163071512999965, -7.162725618495052, -5.529607186859151, -6.048147202897197, -7.029549710138693, -5.727252747252743, -6.137756410256407, -6.1163071512999965, -5.602955437392852, -7.004880952380951, -5.672106670835815, -5.529607186859151, -5.510011068076183, -7.146772148609445, -6.989413057676923, -7.099424427862742, -6.068208848430553, -5.600945945945947, -5.724263611999997, -7.524639940638485, -6.245800000000005, -7.029549710138693, -6.137756410256407, -6.369571782223017, -5.947669982287232, -5.947669982287232, -7.288757013805565, -7.281488541765216, -7.088414854744441, -7.146772148609445, -6.7813099630500036, -7.433199118671373, -7.162725618495052, -5.937530366273379, -7.289939146907409, -7.190999968738217, -5.732831418797103, -6.156819765456, -7.28749282881579, -6.156819765456, -7.146772148609445, -7.029549710138693, -6.115628897508202, -6.048147202897197, -7.505313357318589, -7.156615356124403, -7.033143097166667, -5.415696114612562, -5.997775038728447, -5.727252747252743, -6.717815887027223, -7.177903455795771, -7.524639940638485, -6.5984112149532725, -7.288757013805565, -5.660619831791202, -6.620746651308408, -5.561966292134829, -5.602955437392852, -6.156819765456, -6.137756410256407, -5.727252747252743, -5.720245163418075, -5.720245163418075, -5.977929379784617, -7.266643898384614, -6.812251198306666, -7.291600000000002, -7.1590623101511595, -7.281488541765216, -5.660619831791202, -7.379503291226023, -5.529607186859151, -7.088414854744441, -5.744979511739923, -5.859966044397666, -5.025776439288885, -4.933578104625, -5.732831418797103, -6.005039781230325, -6.26400528427273, -6.938137254901961, -5.04061286117526, -5.483486866888881, -6.906402916493828, -6.548105245263735, -5.39171675745121, -5.434407998941176, -5.036470588235294, -6.108564992037036, -6.676666666666666, -6.802013446258619, -5.476153846153844, -5.551663281688887, -5.639736827811321, -5.623749999999999, -7.048394518063824, -6.115628897508202, -5.0390636711160735, -5.503644133768041, -4.411025641025639, -3.9676190476190474, -5.197926182196428, -4.8025, -5.476153846153844, -4.920727683843751, -4.867408171734939, -5.640646231348307, -4.7760149568090915, -5.51479037287204, -5.04061286117526, -5.173522798361113, -7.223146047474225, -5.945870967741936, -5.885960355482959, -7.22431340259167, -5.770868004161976, -5.737310344827587, -5.748125944991154, -6.212575291011237, -5.632117490496128, -7.223146047474225, -5.855785151228921, -6.642036490922475, -7.223146047474225, -7.009694920838328, -5.828139534883722, -7.369583253491222, -5.744247969139128, -5.479926355408379, -6.49281167786466, -6.526009793578313, -5.632117490496128, -5.98091768063733, -5.8534299805538454, -6.80706643065714, -5.413624999999998, -5.741094418557052, -6.480237759718743, -6.654650593642862, -7.0300338239540165, -5.6799018763178815, -5.597833333333333, -5.880060569204419, -7.0240214212912635, -6.395223024152002, -5.748205384271078, -6.143699411929135, -7.404203092576421, -7.404203092576421, -5.855785151228921, -5.744247969139128, -6.595638297872342, -5.880060569204419, -5.880060569204419, -6.66120284434184, -7.207172917333329, -7.223146047474225, -6.152898936170209, -6.11479149775429, -6.2844245362051305, -7.080118247342853, -7.223146047474225, -5.6799018763178815, -5.787871760847825, -5.737310344827587, -5.880060569204419, -6.217646032854652, -5.976176454818181, -7.500802976630752, -6.850293484039368, -6.738320610687015, -5.819211158270391, -5.875135347178568, -6.465598062218183, -6.035946033934424, -5.602041735455174, -5.502697037702523, -7.129889251530207, -6.850293484039368, -5.502697037702523, -5.92030217918954, -5.945870967741936, -5.976176454818181, -5.828139534883722, -5.431062212936416, -5.880060569204419, -5.744247969139128, -6.143699411929135, -5.8512687121626525, -5.977064354058826, -5.643352199772969, -5.787871760847825, -7.298222641915664, -7.1895274290465165, -6.148079368872342, -6.127888426338583, -7.0240214212912635, -6.217646032854652, -6.143699411929135, -6.395223024152002, -5.83615424635821, -7.080118247342853, -5.6136386980481925, -7.207172917333329, -5.885960355482959, -7.285039713786732, -6.19886178861789, -7.3082904668517035, -5.751435633132947, -5.98091768063733, -5.564567643452054, -7.1895274290465165, -7.499230645828278, -7.207172917333329, -7.448517499717464, -6.855734265734264, -6.747523466152046, -7.285039713786732, -5.751435633132947, -5.770868004161976, -6.148781059342284, -7.500802976630752, -7.369583253491222, -6.374147876666665, -5.311249999999997, -7.445242551064001, -6.046117017802464, -7.0240214212912635, -7.185920170094013, -7.501926126772147, -7.165831958942146, -7.448517499717464, -7.011976130133594, -6.128412698412696, -6.148781059342284, -7.185920170094013, -6.738320610687015, -7.298222641915664, -7.24000880380645, -6.11479149775429, -5.751435633132947, -6.395223024152002, -5.682319587628868, -5.350327375353528, -6.898666666666665, -7.298222641915664, -6.476538461538454, -7.24000880380645, -5.167738095238096, -6.977544150726191, -7.24000880380645, -7.0240214212912635, -5.602041735455174, -5.18309751306819, -5.819211158270391, -5.30278821189333, -5.6799018763178815, -5.737310344827587, -5.557566844919784, -6.212575291011237, -7.207172917333329, -5.099971972262715, -5.516112637260636, -5.30278821189333, -6.663249999999996, -5.98091768063733, -5.099971972262715, -5.885960355482959, -5.6799018763178815, -5.0682170383474565, -5.007326732673272, -5.079603304513042, -5.945870967741936, -5.074233090441553, -5.026121684639533, -5.0049065420560765, -5.007326732673272, -6.236706236391299, -5.074233090441553, -5.197773211923078, -6.616190753147436, -6.766981387513888, -6.355940957060606, -5.082663050245906, -6.175303496226994, -6.858476103562495, -5.205614039751941, -5.92030217918954, -6.401216268690006, -6.646659766662422, -6.939029843629214, -4.039090909090908, -6.042479239256633, -4.039090909090908, -6.6570089422127685, -6.80706643065714, -4.065172413793102, -4.908514733444447, -5.4587998687939345, -4.99934426229508, -4.724202898550724, -5.026121684639533, -4.99934426229508, -4.831760397756095, -4.89061456975, -4.969253435472976, -5.18309751306819, -5.197773211923078, -5.074233090441553, -5.4735297470500015, -5.522807793652484, -5.039382022471909, -6.804491786826729, -7.158776970087789, -5.935779269591956, -7.158925271887323, -6.6398945226784125, -6.75120268827119, -6.000265796051724, -6.549417152965515, -5.733614944119692, -7.0404000130439535, -7.098803911909908, -6.192862768155843, -6.507758620689656, -5.741992796019802, -6.34942480804255, -6.002012760723684, -5.98493955082305, -6.571830537879514, -5.7780243078814815, -5.811670039407608, -6.72350828164545, -5.845644368888891, -5.733614944119692, -5.977760588564358, -5.850626380404145, -7.217095001044295, -6.661944980102273, -7.158776970087789, -5.613661326778241, -5.778907812454253, -6.804491786826729, -5.928439213973155, -7.093344259298698, -6.204880889576269, -5.749572067481134, -5.778541215384618, -5.733614944119692, -5.536396289084113, -5.680110364515685, -5.758510053506494, -5.613661326778241, -5.758510053506494, -6.419995361526311, -6.522645194500001, -5.613661326778241, -6.419995361526311, -5.800541440701844, -5.627203975622224, -5.549883182387755, -5.525206756965515, -5.977760588564358, -5.680110364515685, -5.749572067481134, -5.620521528187231, -6.072962336910893, -5.547110909700002, -5.903547276774191, -5.749572067481134, -5.627203975622224, -5.758510053506494, -7.158776970087789, -5.800541440701844, -6.29896122893671, -6.325467761999998, -5.76007385814084, -5.749572067481134, -5.575669291338586, -7.483347121861691, -7.121112714701154, -5.778907812454253, -5.7780243078814815, -7.245420658986364, -7.207273000105594, -5.9423325636972475, -5.627203975622224, -5.98493955082305, -5.5832471771165935, -5.778907812454253, -6.772994570964716, -5.804211371407407, -6.981352986344002, -5.850626380404145, -5.613661326778241, -7.217095001044295, -6.680289855072466, -7.217095001044295, -5.928439213973155, -6.116938575150946, -5.5832471771165935, -5.525206756965515, -6.080663265306128, -5.485121965364707, -6.014932253044776, -5.620521528187231, -5.758510053506494, -5.778541215384618, -6.254492425856054, -7.245420658986364, -5.627203975622224, -7.102062792828827, -6.448938098213674, -5.9423325636972475, -5.758510053506494, -6.8546666666666685, -6.293811295308768, -7.070858796385325, -6.293811295308768, -6.967597795372718, -5.811670039407608, -6.357580394682931, -7.074146577787497, -7.16892052551932, -6.772846762900827, -7.074146577787497, -7.16892052551932, -6.501186872104348, -5.7780243078814815, -5.804211371407407, -7.368270145136653, -5.845644368888891, -7.394491149275999, -5.9423325636972475, -5.935779269591956, -7.217095001044295, -6.537196125479592, -7.093344259298698, -7.207273000105594, -6.638812482533896, -7.222727392760006, -5.76007385814084, -7.217095001044295, -7.172429906542064, -5.800541440701844, -5.955098174969466, -7.102062792828827, -7.132609455572812, -5.955098174969466, -6.193949044585984, -6.254492425856054, -6.667602117555552, -5.519288907189351, -5.809186922741931, -5.260752212389378, -7.098803911909908, -7.158776970087789, -6.826865436851423, -6.996281521240301, -6.293811295308768, -5.305362931864518, -5.758510053506494, -6.8546666666666685, -5.778907812454253, -6.6402816901408475, -7.16892052551932, -7.158925271887323, -5.525206756965515, -5.935779269591956, -5.365835032840424, -7.16892052551932, -7.245420658986364, -6.463011123360767, -7.16892052551932, -5.525206756965515, -5.627203975622224, -5.3747938144329925, -6.9771010991759175, -7.222727392760006, -5.365835032840424, -5.138143674413794, -5.680110364515685, -5.293016697626761, -5.365835032840424, -5.065455442724488, -6.753932319344441, -5.1947596153846165, -5.462503882803797, -5.060350660572648, -5.138143674413794, -6.501186872104348, -5.123731884057975, -5.19681931057944, -5.19899998875862, -6.002012760723684, -6.753932319344441, -5.402255901319443, -5.485121965364707, -6.682599999999993, -6.522645194500001, -7.132609455572812, -3.972812499999999, -6.981561430666668, -5.123731884057975, -4.09230769230769, -4.529624317869566, -5.19899998875862, -5.143095307965517, -5.459216638224489, -5.2460260770792075, -4.695716836156252, -5.3747938144329925, -5.485121965364707]","0     -7.22
1     -6.21
2     -7.24
3     -5.92
4     -5.96
       ... 
247   -6.00
248   -3.99
249   -5.24
250   -4.77
251   -4.71
Name: Permeability, Length: 252, dtype: float64","[array([-6.45013052, -5.89805524, -5.89422343, -5.69987916, -5.77988053,
       -7.00754098, -5.85174383, -6.81546481, -7.1242628 , -6.67292216,
       -5.97280255, -5.77988053, -5.89805524, -5.7536211 , -6.05984127,
       -6.05984127, -6.06471831, -6.90094835, -6.06471831, -6.40792705,
       -6.1125    , -6.28134401, -5.46521277, -5.89422343, -5.68050543,
       -5.77988053, -5.7402381 , -5.91107222, -6.02538249, -5.69987916,
       -6.62682517, -6.28134401, -5.65618691, -6.64350328, -5.68050543,
       -6.27978574, -5.65618691, -6.998974  , -6.15306122, -5.56293881,
       -6.39984659, -5.91107222, -5.89422343, -6.03727273, -5.89422343,
       -5.85174383, -6.74941667, -6.13482934, -5.89805524, -5.5823323 ,
       -7.04487805, -6.67292216, -5.77311143, -5.3918332 , -6.2249814 ,
       -5.97280255, -6.40136425, -6.3475    , -5.54325016, -6.6704447 ,
       -5.99013853, -5.9247651 , -5.89422343, -5.8245814 , -5.65618691,
       -6.22867296, -7.1242628 , -5.42584271, -5.73873176, -5.89422343,
       -5.73873176, -6.86211449, -5.54325016, -6.86211449, -5.68769061,
       -5.75693612, -5.99544015, -5.7536211 , -5.99544015, -6.71618504,
       -6.23136239, -6.33788967, -6.13482934, -5.89422343, -5.84543042,
       -5.5777429 , -6.74941667, -6.56030483, -7.04487805, -6.90094835,
       -7.2430737 , -7.30050039, -5.85422999, -5.89805524, -6.11512316,
       -7.45443652, -5.84543042, -5.89422343, -5.95724204, -5.68769061,
       -6.97933024, -7.07992317, -6.78351886, -6.26814386, -5.77311143,
       -5.77311143, -5.54325016, -7.17590864, -6.652414  , -6.5928092 ,
       -6.40136425, -5.9247651 , -5.88066667, -6.3592827 , -5.59868528,
       -6.83714334, -6.10130517, -6.14500133, -6.27461067, -5.77988053,
       -5.75693612, -6.28134401, -5.91107222, -6.96791916, -5.62990496,
       -5.95483516, -7.0757753 , -6.18323838, -5.56826573, -5.93338794,
       -7.46851857, -7.0757753 , -6.16205366, -6.05984127, -6.76951577,
       -5.60813953, -6.02202136, -5.846     , -7.06226804, -6.85361111,
       -7.08078315, -6.97933024, -6.66853961, -7.11024682, -7.45443652,
       -5.85954678, -6.98380731, -6.45518473, -5.46521277, -7.42367893,
       -6.44229155, -6.92939024, -6.74030286, -5.846     , -6.8199953 ,
       -7.47416843, -7.00754098, -7.11581949, -6.67292216, -7.17590864,
       -7.19946601, -7.3328007 , -5.97280255, -6.27978574, -7.47416843,
       -6.62682517, -7.0757753 , -6.96791916, -5.7536211 , -7.2528495 ,
       -6.95807692, -5.68050543, -7.06515578, -6.28761291, -7.19946601,
       -5.84543042, -6.998974  , -6.0152549 , -6.0152549 , -6.0152549 ,
       -6.39877034, -6.67292216, -6.91710314, -5.89542993, -5.66393064,
       -6.39984659, -6.66853961, -7.03426229, -6.16205366, -5.77311143,
       -7.0757753 , -6.72685358, -6.998974  , -5.39775701, -7.19946601,
       -6.10130517, -6.7072951 , -6.20536414, -6.22867296, -7.19094739,
       -5.91107222, -5.7536211 , -6.89439398, -6.07162414, -6.652414  ,
       -6.25045934, -5.60813953, -6.652414  , -6.44229155, -5.16283333,
       -5.30108434, -5.1948855 , -5.16929157, -5.59868528, -4.97774837,
       -5.53060241, -5.16929157, -6.74941667, -5.05441734, -5.60796253,
       -5.49002351, -5.5823323 , -5.19698052, -6.5928092 , -5.22985206,
       -5.2309533 , -6.22322034, -5.86549074, -6.89439398, -6.86211449,
       -6.62545455, -6.18323838, -5.82333333, -6.96791916, -4.35615385,
       -4.79845832, -4.80096678, -4.53693883, -5.623     , -5.13913218,
       -4.53693883, -4.62239333, -5.39775701, -4.91239271, -4.89674084,
       -4.61355932, -5.13913218, -5.16184714, -4.04487805, -4.89674084,
       -4.76702809, -5.03551514]), array([-6.24555818, -5.97863317, -5.88753688, -5.84373832, -5.83829293,
       -7.2431186 , -5.84373832, -7.10246653, -7.34902766, -6.74519185,
       -6.06265603, -5.9142    , -5.97134509, -5.93447853, -6.14146107,
       -6.23292947, -6.09627716, -6.88737717, -6.01927205, -6.45290323,
       -6.43251503, -6.53276494, -5.45902031, -5.98452194, -5.61832848,
       -5.93065217, -5.56409335, -5.89013349, -6.23183094, -5.74233792,
       -6.79555861, -6.55170213, -5.58311773, -6.74199695, -5.56409335,
       -6.35532647, -5.56120968, -6.86223881, -6.44789231, -5.4472382 ,
       -6.4623151 , -5.93065217, -5.98452194, -6.01705445, -5.87008325,
       -5.94843802, -6.63761011, -6.12677367, -5.97134509, -5.48159417,
       -6.89588272, -6.7441691 , -5.74557377, -5.32275395, -6.38724213,
       -5.98539396, -6.55170213, -6.44789231, -5.43395681, -6.70832296,
       -5.94843802, -6.06444853, -6.04591865, -5.89731169, -5.77575406,
       -6.1550606 , -7.0947027 , -5.47340517, -5.74233792, -5.74233792,
       -5.77483833, -6.85504014, -5.45902031, -6.88584906, -5.67445592,
       -5.80493208, -5.9316    , -5.91840941, -5.94843802, -6.71796431,
       -6.33424502, -6.53276494, -6.06265603, -5.93447853, -5.93903748,
       -5.56409335, -6.8585    , -6.60441023, -7.2431186 , -6.99131921,
       -7.32626654, -7.29948157, -5.92081489, -5.98539396, -6.1461721 ,
       -7.33308499, -5.74233792, -6.04591865, -5.97863317, -5.77483833,
       -7.02529399, -7.0947027 , -6.90367647, -6.21170371, -5.88753688,
       -5.67445592, -5.52844444, -7.29948157, -6.64403952, -6.74203704,
       -6.49721577, -5.93447853, -5.93903748, -6.63436951, -5.48159417,
       -6.55170213, -6.13030303, -6.12677367, -6.38724213, -5.64923077,
       -5.87141645, -6.38724213, -5.86852598, -6.81879858, -5.64886892,
       -6.04591865, -7.10246653, -6.1550606 , -5.5120584 , -5.97134509,
       -7.32842706, -7.10246653, -6.07093735, -6.07093735, -6.88584906,
       -5.56409335, -6.07938597, -5.97134509, -6.89588272, -6.78428424,
       -7.02529399, -6.89588272, -6.71160771, -7.29948157, -7.35679839,
       -5.84373832, -6.97486428, -6.54655971, -5.47340517, -7.3625977 ,
       -6.56207233, -6.88891929, -6.60441023, -5.83829293, -6.80514706,
       -7.35679839, -7.32958687, -7.2431186 , -6.84383721, -7.32958687,
       -7.38718806, -7.37748428, -5.87008325, -6.48208809, -7.37862055,
       -6.57971269, -7.02529399, -6.75413793, -5.61832848, -7.34902766,
       -6.88737717, -5.58311773, -6.838309  , -6.5202439 , -7.0947027 ,
       -5.84373832, -6.86223881, -6.01927205, -5.86852598, -5.98452194,
       -6.44789231, -6.7441691 , -6.7441691 , -5.78058824, -5.74233792,
       -6.44811796, -6.64403952, -7.0947027 , -6.1014134 , -5.80493208,
       -7.2431186 , -6.79710526, -6.89409367, -5.46465845, -7.38733811,
       -6.44789231, -6.63636364, -6.14475158, -6.01705445, -7.32842706,
       -5.77483833, -5.83829293, -6.70271744, -5.92081489, -6.62210526,
       -6.15358417, -5.77379745, -6.61461627, -6.44789231, -5.13972973,
       -5.17334234, -5.06257766, -5.1429927 , -5.45902031, -5.05763889,
       -5.52844444, -5.17334234, -6.71642857, -5.32275395, -5.76338149,
       -5.47340517, -5.64762099, -5.19319018, -6.61461627, -5.09559145,
       -5.19319018, -6.13174003, -5.87141645, -6.88737717, -6.80032425,
       -6.62210526, -6.13072681, -5.60765813, -6.96880418, -4.02428571,
       -4.63478317, -4.98033333, -4.57163786, -5.77379745, -5.1429927 ,
       -4.44526101, -4.62790202, -5.4472382 , -5.02946154, -4.86305857,
       -4.62790202, -5.1131746 , -5.1429927 , -4.06347826, -4.88719974,
       -4.6809505 , -5.02758589]), array([-6.39851563, -6.07682381, -5.6914912 , -5.75981904, -5.6924037 ,
       -7.02415409, -5.856     , -6.85379828, -7.0331431 , -6.73453488,
       -6.04960637, -5.75981904, -5.94766998, -5.92536622, -6.17033994,
       -6.1880235 , -6.15037411, -6.76779528, -6.06820885, -6.3637157 ,
       -6.19336029, -6.29536424, -5.59235751, -6.07682381, -5.64064623,
       -5.94766998, -5.67826543, -5.85996604, -6.10413926, -5.72426361,
       -6.69499654, -6.33449089, -5.67210667, -6.71881308, -5.66061983,
       -6.29483459, -5.60295544, -6.76779528, -6.29483459, -5.51001107,
       -6.36957178, -5.99777504, -5.88636775, -6.1156289 , -5.93753037,
       -6.02393756, -6.63218435, -6.10413926, -5.95127252, -5.60094595,
       -6.87888093, -6.7434926 , -5.77863883, -5.45572795, -6.26400528,
       -6.10413926, -6.23254104, -6.3637157 , -5.60295544, -6.55973583,
       -6.00503978, -6.10413926, -5.93753037, -5.73283142, -5.74497951,
       -6.23254104, -7.14677215, -5.43681723, -5.72024516, -6.03572371,
       -5.6924037 , -6.78130996, -5.59235751, -6.83283487, -5.6914912 ,
       -5.85996604, -5.73283142, -5.88636775, -6.14479296, -6.7468841 ,
       -6.26048509, -6.3637157 , -6.15681977, -5.95127252, -6.04584071,
       -5.60295544, -6.78208945, -6.54506701, -7.05840862, -6.88931038,
       -7.19099997, -7.2666439 , -5.77863883, -6.10413926, -6.13775641,
       -7.28993915, -5.72725275, -6.11353288, -6.03214286, -5.69196033,
       -6.98941306, -7.02415409, -6.81972609, -6.29536424, -5.77007808,
       -5.73283142, -5.60094595, -7.45853107, -6.64955261, -6.74277986,
       -6.2458    , -6.0481472 , -6.13775641, -6.43857682, -5.63227609,
       -6.73394794, -6.0299435 , -6.13775641, -6.23663099, -5.69196033,
       -5.69196033, -6.32202698, -6.03128205, -6.98873247, -5.6924037 ,
       -5.784     , -7.17790346, -6.22688073, -5.60295544, -6.0299435 ,
       -7.23524452, -7.02415409, -6.07682381, -6.1156289 , -6.7491955 ,
       -5.60295544, -6.07682381, -5.89703962, -7.08841485, -6.76779528,
       -7.16272562, -6.90640292, -6.74458796, -7.28148854, -7.23524452,
       -5.95127252, -6.93813725, -6.3637157 , -5.52960719, -7.21585366,
       -6.4311828 , -6.87888093, -6.85379828, -5.93753037, -6.85379828,
       -7.28875701, -7.09942443, -7.14677215, -6.69499654, -7.46857633,
       -7.38222222, -7.28148854, -6.04584071, -6.23254104, -7.55599837,
       -6.68215909, -6.93813725, -6.97539491, -5.72725275, -7.19099997,
       -6.98941306, -5.69196033, -7.02954971, -6.33449089, -7.19099997,
       -5.77863883, -6.88617949, -6.10413926, -6.07682381, -6.13775641,
       -6.23663099, -6.62074665, -6.92694823, -6.0299435 , -5.6924037 ,
       -6.26114498, -6.70829379, -6.88617949, -6.1880235 , -5.67826543,
       -7.04839452, -6.78130996, -6.81972609, -5.69196033, -7.43319912,
       -6.1880235 , -6.64955261, -6.22949498, -6.19336029, -7.28148854,
       -6.00503978, -5.77007808, -6.7491955 , -5.93753037, -6.68215909,
       -6.21945455, -5.72426361, -6.59841121, -6.38252323, -5.1441454 ,
       -5.434408  , -5.37245706, -5.1441454 , -5.51479037, -5.14316442,
       -5.5192332 , -5.27217391, -6.76779528, -5.01206684, -5.72024516,
       -5.5228606 , -5.67210667, -5.34755102, -6.68215909, -5.32525253,
       -5.40704698, -6.0481472 , -5.77863883, -7.02415409, -6.78208945,
       -6.70571429, -6.10856499, -5.63973683, -7.00488095, -4.223125  ,
       -4.7848667 , -4.77601496, -4.71572586, -5.51479037, -5.03906367,
       -4.61907158, -4.69211487, -5.44127083, -4.98514184, -4.98514184,
       -4.69211487, -5.14316442, -5.0159327 , -4.08727273, -4.86740817,
       -4.67049005, -4.91769279]), array([-6.47653846, -5.98091768, -5.75143563, -5.81007875, -5.74424797,
       -7.18592017, -5.78787176, -6.96632173, -7.18592017, -6.73832061,
       -6.04247924, -5.75143563, -5.92030218, -5.92030218, -6.03594603,
       -6.21257529, -6.14807937, -6.84037594, -6.04469511, -6.23670624,
       -6.23670624, -6.28442454, -5.55756684, -5.98310578, -5.74424797,
       -5.85342998, -5.81921116, -5.78787176, -6.21257529, -5.85126871,
       -6.68448758, -6.303     , -5.63705128, -6.70386438, -5.63303058,
       -6.40121627, -5.58406727, -6.9608075 , -6.23669118, -5.58406727,
       -6.46559806, -6.01866704, -5.90499077, -5.98310578, -5.85578515,
       -5.93465339, -6.5852019 , -6.15289894, -6.04247924, -5.58406727,
       -6.94859906, -6.85573427, -5.770868  , -5.30278821, -6.30284341,
       -5.98091768, -6.46559806, -6.49281168, -5.50269704, -6.6453572 ,
       -5.9326476 , -5.987     , -6.04247924, -5.85578515, -5.75143563,
       -6.28442454, -7.16583196, -5.52280779, -5.74820538, -6.12788843,
       -5.74424797, -6.90236779, -5.51611264, -6.96632173, -5.6433522 ,
       -5.88596036, -6.01866704, -6.01866704, -6.12788843, -6.76866364,
       -6.27395026, -6.38035088, -6.05202272, -5.88006057, -5.88615385,
       -5.59644378, -6.75775274, -6.55518222, -7.18952743, -7.01197613,
       -7.22314605, -7.16583196, -5.97706435, -5.88596036, -6.14878106,
       -7.28503971, -5.82971772, -5.94587097, -5.90499077, -5.73731034,
       -7.02572474, -7.2243134 , -6.85573427, -6.22186539, -5.88596036,
       -5.74424797, -5.4810931 , -7.2243134 , -6.66120284, -6.64203649,
       -6.40121627, -5.98091768, -5.94587097, -6.47653846, -5.51611264,
       -6.65102987, -6.1753035 , -6.15038052, -6.21257529, -5.68231959,
       -5.85578515, -6.303     , -5.98091768, -7.00969492, -5.68231959,
       -6.03594603, -7.22314605, -6.28518987, -5.58237179, -6.05202272,
       -7.40420309, -7.01197613, -6.07987335, -6.1284127 , -6.85029348,
       -5.68231959, -6.14807937, -5.94587097, -6.9917948 , -6.71096376,
       -7.18856318, -6.9917948 , -6.71096376, -7.16583196, -7.28503971,
       -5.92030218, -7.02402142, -6.46151149, -5.58237179, -7.18952743,
       -6.54273277, -6.92447712, -6.73832061, -5.92030218, -6.75775274,
       -7.51182755, -7.12988925, -7.22314605, -6.71096376, -7.50023681,
       -7.2243134 , -7.2400088 , -5.97706435, -6.23669118, -7.53687051,
       -6.64203649, -7.00969492, -6.85573427, -5.81007875, -7.28503971,
       -7.00969492, -5.6433522 , -6.97132491, -6.42735453, -7.40420309,
       -5.88006057, -7.00969492, -6.15289894, -5.94587097, -6.12788843,
       -6.42123596, -6.65465059, -6.88382704, -5.83615425, -5.58793856,
       -6.303     , -6.74752347, -7.01197613, -6.14878106, -5.74109442,
       -7.03003382, -6.75775274, -6.97754415, -5.47352975, -7.40420309,
       -6.38035088, -6.70429166, -6.14807937, -6.20083333, -7.20717292,
       -5.85578515, -5.78787176, -6.76866364, -6.05202272, -6.57741722,
       -6.1362069 , -5.78787176, -6.61619075, -6.54273277, -5.18309751,
       -5.30278821, -5.19777321, -5.18309751, -5.47992636, -5.08266305,
       -5.5504918 , -5.15602941, -6.76698139, -5.1677381 , -5.63705128,
       -5.51611264, -5.55566894, -5.1677381 , -6.62      , -5.14278607,
       -5.19777321, -6.17834452, -5.67990188, -6.93902984, -6.8584761 ,
       -6.5956383 , -6.1753035 , -5.59644378, -7.00772699, -4.06432432,
       -4.89151035, -4.89047022, -4.70949606, -5.59644378, -5.0796033 ,
       -4.06517241, -4.79087575, -5.32132647, -4.96925344, -4.97870228,
       -4.8317604 , -5.00490654, -4.99934426, -3.96375   , -4.89151035,
       -4.70698522, -4.97122994]), array([-6.4734989 , -6.0914659 , -5.77854122, -5.73743006, -5.77854122,
       -7.16892053, -5.78245961, -6.82686544, -7.217095  , -6.77284676,
       -6.03622642, -5.72522345, -5.95509817, -5.80054144, -6.10434827,
       -6.28323717, -6.10816495, -6.77284676, -6.07296234, -6.33190433,
       -6.20488089, -6.25449243, -5.58324718, -5.98493955, -5.68011036,
       -5.77854122, -5.78245961, -5.93577927, -6.19881268, -5.72522345,
       -6.66425909, -6.4489381 , -5.72522345, -6.66194498, -5.72522345,
       -6.19286277, -5.71244624, -6.85466667, -6.33190433, -5.58324718,
       -6.32546776, -6.01109356, -5.93577927, -6.09138889, -5.81167004,
       -5.80421137, -6.54941715, -6.19286277, -5.85062638, -5.68011036,
       -6.80449179, -6.75393232, -5.78245961, -5.46250388, -6.21979971,
       -5.97776059, -6.19881268, -6.41999536, -5.51928891, -6.66425909,
       -5.97776059, -6.08066327, -5.92843921, -5.80054144, -5.74957207,
       -6.19286277, -7.3550058 , -5.51928891, -5.72522345, -6.01109356,
       -5.68011036, -6.94676633, -5.51429204, -6.98135299, -5.72522345,
       -5.77802431, -5.94233256, -5.75851005, -6.0914659 , -6.73904863,
       -6.34942481, -6.34942481, -6.13932327, -5.94233256, -6.01493225,
       -5.58324718, -6.7824631 , -6.63989452, -7.10206279, -6.95600552,
       -7.26064332, -7.38476568, -5.87589662, -5.98493955, -6.19286277,
       -7.38476568, -5.71244624, -5.81167004, -5.92843921, -5.73743006,
       -7.1137467 , -7.10206279, -6.85741935, -6.25449243, -5.80054144,
       -5.73743006, -5.51429204, -7.09880391, -6.73494112, -6.69806112,
       -6.2938113 , -6.07296234, -6.07296234, -6.46301112, -5.54777778,
       -6.63989452, -6.10607062, -6.11742424, -6.19286277, -5.76007386,
       -5.77802431, -6.28323717, -5.98493955, -7.12111271, -5.73361494,
       -5.93577927, -7.16892053, -6.25449243, -5.68011036, -5.93577927,
       -7.24542066, -7.05722676, -6.09378067, -6.1169054 , -6.72350828,
       -5.66133333, -6.10816495, -5.93577927, -7.07414658, -6.81535234,
       -7.15877697, -7.09334426, -6.73904863, -7.3147044 , -7.3550058 ,
       -5.80054144, -6.99628152, -6.50118687, -5.52520676, -7.26064332,
       -6.66194498, -7.14993877, -6.72350828, -5.73361494, -6.74508029,
       -7.38651246, -7.13260946, -7.24542066, -6.72350828, -7.35942489,
       -7.217095  , -7.35942489, -5.80918692, -6.25449243, -7.46984146,
       -6.63989452, -7.09334426, -6.7824631 , -5.73743006, -7.207273  ,
       -7.0708588 , -5.68011036, -7.09334426, -6.34942481, -7.38651246,
       -5.77802431, -6.95600552, -6.10816495, -5.93577927, -6.10816495,
       -6.37969072, -6.64777778, -6.85466667, -5.80054144, -5.58324718,
       -6.29633931, -6.75393232, -7.09880391, -6.19041237, -5.77802431,
       -7.15892527, -6.77284676, -6.98135299, -5.52520676, -7.24542066,
       -6.25449243, -6.72350828, -6.3091182 , -6.19881268, -7.15877697,
       -5.92843921, -5.81167004, -6.73904863, -5.84564437, -6.4489381 ,
       -6.11693858, -5.59785354, -6.63989452, -6.35203028, -5.13814367,
       -5.2930167 , -5.19475962, -5.30536293, -5.68011036, -5.06035066,
       -5.47704696, -5.19475962, -6.67771653, -5.06545544, -5.62720398,
       -5.45921664, -5.54988318, -5.19681931, -6.63881248, -5.13814367,
       -5.19899999, -6.0914659 , -5.77890781, -7.05722676, -6.73625   ,
       -6.50118687, -6.08066327, -5.73361494, -6.94676633, -4.1959777 ,
       -4.88524907, -4.82016172, -4.70946489, -5.563506  , -5.14309531,
       -4.54357143, -4.55865672, -5.36583503, -4.96035901, -4.85342618,
       -4.56652174, -5.08754386, -5.19475962, -4.1959777 , -5.0699394 ,
       -4.7958351 , -5.06507752])]","[-6.40884834 -6.00517916 -5.80064567 -5.77018907 -5.76667327 -7.12593087
 -5.8243627  -6.91298336 -7.18188974 -6.73276325 -6.03275412 -5.78611173
 -5.93849413 -5.86686189 -6.10238732 -6.19532134 -6.11352278 -6.8338687
 -6.05397133 -6.35863131 -6.23599249 -6.32967803 -5.53148092 -5.9847229
 -5.6727677  -5.85803478 -5.71685353 -5.87696456 -6.15454813 -5.74859457
 -6.6932254  -6.38389502 -5.65473721 -6.69402453 -5.65269453 -6.30480517
 -5.6233731  -6.88889645 -6.29287673 -5.5375005  -6.40455986 -5.97385201
 -5.92117663 -6.04889015 -5.87385845 -5.91259684 -6.63076603 -6.1423008
 -5.94275569 -5.58581001 -6.91454651 -6.75405009 -5.77013033 -5.38712144
 -6.27977439 -6.00420281 -6.37000363 -6.41438301 -5.52042967 -6.64962396
 -5.9708049  -6.03220323 -5.96971818 -5.82221022 -5.73558564 -6.21871238
 -7.17731508 -5.47563236 -5.73494873 -5.96225341 -5.72606642 -6.86951974
 -5.52500653 -6.90569463 -5.68444267 -5.81716378 -5.92417423 -5.86711507
 -6.06160509 -6.73774915 -6.28989351 -6.3928292  -6.10913022 -5.92047352
 -5.94627894 -5.58489653 -6.78604439 -6.58097176 -7.1275991  -6.94991192
 -7.24882592 -7.2834447  -5.88132894 -5.97169767 -6.1481391  -7.34945321
 -5.77143701 -5.96224319 -5.96028961 -5.72584594 -7.02670174 -7.10503123
 -6.84401501 -6.25031392 -5.82344564 -5.73241536 -5.53360514 -7.25140772
 -6.66843002 -6.68354474 -6.36788152 -5.99225417 -5.99525877 -6.47435572
 -5.55528919 -6.68274356 -6.10858516 -6.13546723 -6.26078437 -5.71269302
 -5.79082447 -6.31537006 -5.9553475  -6.98125157 -5.67742242 -5.95129582
 -7.14964237 -6.2209724  -5.58915235 -5.9844957  -7.33636278 -7.05431976
 -6.09669377 -6.09834512 -6.79567242 -5.62376825 -6.08689509 -5.91920699
 -7.0225014  -6.78640135 -7.12322858 -6.97335098 -6.71494954 -7.23435066
 -7.33730499 -5.87508025 -6.98342236 -6.4656317  -5.51516074 -7.29046021
 -6.52804488 -6.95432127 -6.73206805 -5.85514808 -6.79635473 -7.40361277
 -7.1398102  -7.19485539 -6.72924559 -7.36674671 -7.28205694 -7.31824144
 -5.93499556 -6.29711969 -7.48309987 -6.63412559 -7.02844915 -6.86712987
 -5.72934223 -7.25703797 -6.98308417 -5.65580921 -6.99953673 -6.38382541
 -7.25517685 -5.82517849 -6.94261855 -6.07994602 -5.96845099 -6.07471732
 -6.37684406 -6.66805326 -6.86534284 -5.86853147 -5.6539716  -6.34168977
 -6.70446574 -7.02518491 -6.1581368  -5.75508553 -7.1112495  -6.76717366
 -6.93433818 -5.51062246 -7.3339254  -6.27441286 -6.68420226 -6.20736165
 -6.16774674 -7.23336258 -5.89503494 -5.79230678 -6.77080384 -5.9655273
 -6.59660673 -6.17532871 -5.69838518 -6.62430535 -6.43349403 -5.15358993
 -5.30092792 -5.20449061 -5.18897802 -5.54650654 -5.06431308 -5.52116376
 -5.19311937 -6.73566769 -5.12448633 -5.67116889 -5.49232371 -5.60152242
 -5.22045583 -6.62967941 -5.18632516 -5.24559273 -6.1345836  -5.79487114
 -6.96043637 -6.80785086 -6.61001985 -6.13569939 -5.6801574  -6.97921952
 -4.17277332 -4.79897353 -4.8535894  -4.6486527  -5.61430752 -5.10877743
 -4.44200305 -4.65838854 -5.39468551 -4.97132171 -4.91541394 -4.66637167
 -5.09758432 -5.10297528 -4.07107135 -4.9225597  -4.72425779 -5.00342025]","[0.08629752 0.0712     0.0789073  0.05123447 0.04788219 0.09333217
 0.03229092 0.10879145 0.10453436 0.03279066 0.03123763 0.06640264
 0.02609723 0.07492998 0.0497449  0.07463159 0.03243508 0.05566786
 0.01984415 0.07338007 0.10644947 0.10242916 0.0578069  0.05775021
 0.04293864 0.07177224 0.08961339 0.0510341  0.07813316 0.05308959
 0.05621318 0.10187375 0.04629093 0.03631568 0.05354165 0.07085759
 0.05447365 0.08226308 0.09824664 0.05255717 0.05396901 0.04421574
 0.03584963 0.04844845 0.04165847 0.07696536 0.06755821 0.02973903
 0.06530025 0.06324196 0.07984773 0.05853293 0.01293724 0.06582831
 0.0615295  0.05013668 0.13515801 0.0535648  0.05499924 0.04937883
 0.02664753 0.06655706 0.06251424 0.05519282 0.04111629 0.04319325
 0.09195442 0.04030384 0.0105397  0.13282252 0.03497089 0.05493904
 0.04339831 0.05831201 0.02650081 0.04873169 0.10099966 0.10064363
 0.07666806 0.01947969 0.04484633 0.07139693 0.04305224 0.02808847
 0.07545027 0.01375595 0.03852347 0.03578443 0.07676206 0.04831902
 0.04510673 0.07061026 0.06638303 0.07832982 0.02530747 0.0636041
 0.05504649 0.1071981  0.04377459 0.03246519 0.04735877 0.06559764
 0.04031437 0.03054493 0.05276743 0.03218943 0.03945872 0.12242003
 0.03371565 0.0584752  0.08871296 0.05942921 0.0949471  0.08973272
 0.05446537 0.09641041 0.04725851 0.01199727 0.06885285 0.04927261
 0.06603233 0.03886701 0.05795491 0.09694829 0.03599787 0.09419163
 0.05339481 0.04701193 0.0545703  0.04854613 0.09013968 0.03313564
 0.03353069 0.02749911 0.06191482 0.04260967 0.04138198 0.04371417
 0.07150997 0.04774267 0.06080315 0.07107417 0.02698199 0.08126169
 0.07424433 0.05409237 0.0280634  0.06054172 0.04257999 0.08898725
 0.08489845 0.09974678 0.07911377 0.07234637 0.04013757 0.0804542
 0.10515856 0.05337643 0.05973894 0.11492825 0.08421552 0.05077181
 0.0842938  0.09397113 0.06225264 0.03291547 0.05471573 0.09159181
 0.06245267 0.05674736 0.06039497 0.03986623 0.09032915 0.08170548
 0.12035962 0.04038838 0.05916191 0.05398152 0.0714109  0.06259525
 0.07371169 0.04158358 0.0657466  0.08964632 0.06123254 0.07035652
 0.04302924 0.07724229 0.03242019 0.04343473 0.0793317  0.02384274
 0.06783876 0.09932099 0.09333762 0.12581272 0.03455708 0.0604693
 0.07633615 0.06229177 0.07676181 0.03000009 0.06540669 0.08472655
 0.08155746 0.05099892 0.08076564 0.01930466 0.06550141 0.01718155
 0.08265722 0.09857392 0.06015347 0.0820552  0.05311864 0.02429918
 0.04144121 0.03443906 0.1115466  0.06000602 0.02432157 0.04948662
 0.06447564 0.03005838 0.08203063 0.08183569 0.06182227 0.07011784
 0.0686816  0.04765384 0.0657163  0.03903439 0.08631917 0.02349711
 0.11875345 0.09291316 0.07393046 0.077859   0.0875399  0.04238148
 0.19631309 0.07856443 0.04723412 0.03786376 0.05621325 0.09192955
 0.0504714  0.07975895 0.07500093 0.07435519 0.04902539 0.05253778]"
5,XGBRegressor,"[-7.0289583, -7.257389, -5.7935343, -5.4829254, -5.777718, -5.7836576, -5.7934346, -6.0360465, -6.729346, -5.669415, -6.5512958, -6.561457, -6.887183, -6.004002, -5.822406, -6.302705, -5.992396, -5.742967, -5.694012, -5.7015834, -7.2002883, -6.2033362, -5.525636, -6.21085, -5.788645, -5.8957143, -6.0310035, -6.3009596, -7.6804028, -7.3404546, -5.8973036, -5.5400333, -6.7902904, -5.4627447, -5.8494506, -5.592858, -7.1147313, -5.918799, -6.128146, -5.844834, -6.050454, -6.9960966, -5.7955527, -6.021733, -5.820598, -5.5986757, -6.9317923, -6.371124, -6.315989, -6.1939077, -5.713659, -7.448619, -5.5673637, -5.591523, -7.435157, -6.9025044, -5.6083527, -6.0587254, -5.7697754, -5.652655, -5.800979, -5.973508, -6.0935216, -6.9781814, -6.3925247, -5.41742, -6.001318, -5.828053, -6.5164747, -5.903626, -5.6443, -5.837975, -7.335607, -7.5195217, -7.147635, -6.9650936, -5.5967345, -7.06969, -6.3938003, -5.4319634, -5.803283, -5.934573, -7.074882, -5.8784447, -5.2537208, -7.1333456, -7.288374, -5.801509, -5.8035884, -5.878853, -5.856206, -5.6940646, -5.7102866, -7.3400455, -5.835862, -7.0343766, -6.20711, -5.748751, -6.2860894, -7.035217, -6.681043, -5.4425244, -6.1827, -6.0464907, -6.462652, -7.0992455, -6.8842864, -5.820359, -6.9704223, -7.4625044, -5.865326, -6.8141427, -7.077861, -7.3286104, -6.1356044, -6.490449, -5.646747, -7.2622204, -7.1212244, -6.930315, -7.5523796, -6.6704645, -6.615152, -7.1926847, -7.2462974, -7.3542075, -6.979232, -6.936739, -7.154401, -5.52437, -6.726131, -7.375189, -6.48871, -6.765893, -7.3274264, -5.576718, -7.3743978, -7.3982816, -5.726117, -6.1465387, -7.1000023, -5.285913, -5.3616, -7.0862775, -6.1889486, -5.9953446, -6.9535503, -6.5096755, -7.1214333, -5.7876005, -5.6418567, -7.178441, -6.892348, -5.2994604, -7.2685513, -7.1456056, -6.962895, -7.1065474, -5.6891356, -7.107147, -5.6923113, -5.719723, -6.985444, -6.710615, -4.6463165, -5.3079143, -5.654901, -5.745644, -5.2894306, -6.118885, -4.978314, -6.144617, -5.6051493, -5.78626, -5.8212814, -5.0665812, -7.0775104, -6.6291604, -6.865984, -6.3568773, -6.0512323, -6.883095, -5.8217053, -6.9143677, -6.014101, -6.032505, -6.6519675, -5.5519314, -6.0630746, -6.271842, -4.2749557, -3.92567, -4.817033, -4.270703, -4.812459, -5.326529, -4.9173017, -4.993627, -4.6721325, -5.2323594, -4.6976595, -5.790345, -6.882013, -7.2881374, -5.7905927, -7.3513556, -7.432741, -7.0311975, -6.160255, -6.968688, -6.041233, -5.5201406, -6.5156813, -5.8711867, -6.2202764, -6.043906, -5.649709, -5.932644, -7.0981126, -6.8833284, -7.121637, -5.737521, -5.71945, -6.992732, -5.6866527, -6.569808, -5.816763, -5.8857193, -5.6834445, -5.5822873, -6.041065, -5.769713, -6.576211, -6.364763, -6.169058, -6.0484114, -5.8578653, -5.611847, -5.8552895, -5.5243244, -5.9544315, -6.6832347, -6.667001, -7.363141, -7.055234, -7.071198, -5.4489274, -6.9801173, -5.8049893, -5.6813216, -7.0798244, -6.7866335, -6.2991395, -5.861548, -5.785979, -5.9729767, -5.8499994, -6.7353354, -6.596319, -7.536078, -6.3037477, -5.785478, -5.9870358, -5.900002, -6.048033, -5.9818544, -6.958439, -6.3063197, -7.1729918, -6.9567013, -5.8165445, -5.650252, -6.960364, -5.93864, -6.359883, -5.832919, -5.9867635, -5.2259836, -6.6101446, -5.89038, -7.2830205, -6.7733865, -7.271429, -7.075968, -5.872146, -7.1050296, -6.9121356, -5.979962, -5.7872133, -7.147443, -7.3340945, -7.1429605, -6.5865717, -5.6432934, -5.4489055, -5.9615355, -5.3601847, -6.9615355, -6.1646037, -6.0504084, -6.4157195, -6.4961476, -6.9677515, -7.2296586, -6.9179177, -5.38093, -5.6130366, -6.884844, -6.422095, -6.788069, -7.2144413, -6.860342, -5.651132, -7.4791956, -7.0962987, -5.648281, -6.1497602, -6.7566047, -5.733332, -5.763933, -5.8413653, -7.174641, -7.2421165, -7.1253796, -7.131844, -6.495849, -5.812559, -7.150877, -6.5438433, -6.427369, -6.317438, -7.343313, -7.1207056, -7.350021, -5.3254514, -5.78694, -7.4418178, -7.2286305, -7.1800933, -7.216592, -7.037463, -6.554778, -5.8111453, -7.2166066, -6.188807, -6.340178, -6.905445, -7.20424, -6.7007694, -7.1180067, -7.318308, -5.965492, -6.8450766, -5.3532133, -6.5497804, -6.2387505, -7.285999, -7.0586085, -7.2870646, -4.8565307, -5.9031005, -7.1516604, -6.98733, -7.385427, -6.664955, -7.24833, -7.4056263, -7.1443005, -5.180799, -5.898329, -4.8581996, -5.342278, -4.904393, -5.3742414, -6.611074, -4.9201527, -5.086432, -5.5097895, -5.60096, -7.0892754, -7.1697454, -6.6878223, -5.4141135, -7.1688704, -5.4629493, -7.20764, -6.800149, -6.6919937, -5.634714, -5.492415, -5.4513946, -4.4851108, -4.2383256, -4.7686787, -5.242523, -4.9221845, -5.35685, -5.071707, -5.1059613, -5.471724, -4.9106665, -4.2317142, -5.8932843, -5.306239, -6.9880085, -5.809669, -7.3976517, -6.16457, -6.0929017, -6.986245, -5.947553, -6.016175, -5.6197467, -5.685959, -6.7520847, -7.1863236, -7.0722265, -5.7361774, -6.3804092, -6.1732483, -5.721349, -6.0703397, -6.489732, -5.8046827, -5.9329515, -6.6030126, -6.0871053, -6.7684317, -5.5714717, -6.306909, -5.7528753, -5.6979856, -6.5421987, -5.835659, -5.856316, -5.829805, -5.7825885, -5.7595224, -5.8690333, -5.747526, -6.8039784, -6.5218883, -5.819039, -5.7483144, -6.681056, -5.8286734, -6.396067, -5.6041718, -5.8523226, -6.3276587, -5.7671657, -5.494218, -7.0354943, -5.6849313, -5.761085, -6.033523, -6.2108, -6.181681, -5.406194, -5.8360605, -6.5450015, -5.891064, -7.384107, -7.3807235, -5.446504, -5.7236414, -6.4658046, -5.6861715, -7.031843, -5.890574, -5.499727, -5.601858, -5.9130635, -7.491877, -5.9418817, -7.2682667, -6.503697, -5.86744, -6.932199, -5.4898176, -6.3146415, -5.840036, -5.875035, -5.626664, -5.6676574, -5.7903786, -5.979508, -5.4971437, -7.337778, -7.300334, -5.9402742, -7.0297785, -5.8444858, -6.1819525, -7.379236, -5.544443, -5.8717637, -7.0998306, -5.8785825, -6.065067, -6.0232387, -5.6853375, -7.004156, -5.822296, -5.557156, -5.315895, -7.050757, -6.952766, -6.8067517, -5.949241, -5.7973695, -5.6760674, -7.668966, -6.289469, -7.0994797, -6.137504, -6.5239086, -5.776629, -5.7822146, -7.3533273, -7.462603, -7.2673116, -7.1281857, -6.731798, -7.24044, -7.1409855, -5.9505672, -7.1226215, -7.1343675, -5.759591, -6.1443887, -7.2534966, -6.270581, -7.045582, -7.0607033, -6.018573, -6.0796394, -7.4507103, -7.0444, -7.213662, -5.345719, -5.9487963, -5.705351, -6.626972, -7.236351, -7.402182, -6.621014, -7.335657, -5.6463146, -6.642932, -5.66107, -5.53452, -6.099979, -6.225255, -5.78467, -5.9149404, -5.57088, -5.878626, -7.3402724, -6.935551, -7.160323, -7.03297, -7.205401, -5.8682747, -7.277973, -5.4390373, -7.458068, -5.5317006, -5.7973003, -4.91768, -4.84382, -6.0929384, -5.798656, -6.3233085, -6.860886, -4.848755, -5.311647, -6.9090743, -6.364823, -5.1087856, -5.427312, -4.9261136, -6.103613, -6.7153435, -7.0123363, -5.4245605, -5.7786617, -5.671344, -5.214619, -7.0109386, -6.0947957, -4.9668403, -5.501831, -4.1098375, -3.7915895, -4.982071, -4.812278, -5.247994, -4.8514543, -4.969187, -5.5420966, -3.8985949, -5.532712, -5.1000233, -5.661203, -7.2660804, -6.15982, -6.076223, -7.2058682, -6.0018425, -5.854601, -5.711328, -6.465641, -5.6631618, -7.370968, -5.856032, -6.5437694, -7.148572, -7.010625, -5.877489, -7.162859, -5.9982767, -5.748704, -6.60886, -6.3953357, -5.747875, -5.964254, -5.7781677, -6.9749746, -5.6087914, -5.9210315, -6.309028, -6.7573094, -7.156903, -5.682723, -5.496157, -5.8542895, -6.8785067, -6.366973, -6.003751, -5.9295907, -7.2709217, -7.328861, -5.953827, -5.9200664, -6.4639792, -5.776019, -6.0362177, -6.50185, -7.0716634, -7.0867777, -6.1113963, -6.279791, -6.3137136, -7.1677866, -7.1454105, -5.5435524, -5.9238772, -5.4487314, -5.8535643, -6.2140183, -5.7779737, -7.3868327, -6.936348, -6.71618, -5.7113686, -5.884479, -6.3484416, -6.145056, -5.6420164, -5.6418886, -7.1439486, -6.889481, -5.5681252, -5.662904, -5.732892, -5.7663817, -5.775594, -5.4426594, -5.9343057, -5.675478, -6.0630713, -5.805108, -5.870441, -5.6263227, -5.5617323, -7.284898, -7.0888534, -5.8910623, -6.1372995, -6.981933, -6.402558, -5.7543807, -6.479613, -5.7270904, -7.1339383, -5.7778335, -7.2990537, -5.7987633, -7.2744823, -6.2444806, -7.4959335, -5.881523, -6.182524, -5.5023046, -7.5458965, -7.287544, -7.042443, -7.408509, -6.8260884, -6.9501405, -7.169944, -5.7941666, -5.729164, -6.4004965, -7.2448077, -7.4336042, -6.603887, -5.3632126, -7.5762696, -5.9302034, -6.969935, -7.189774, -7.4517007, -7.2926564, -7.1862803, -6.9145184, -6.255879, -6.23205, -7.309424, -6.552674, -7.099485, -6.975891, -6.248624, -5.8029017, -6.657713, -5.755919, -5.4496884, -6.9969735, -7.0017767, -6.7046123, -7.3507667, -5.0496216, -7.2914667, -7.3067737, -6.993373, -5.6151137, -5.2993937, -5.9860096, -5.376207, -5.550719, -5.670933, -5.6381364, -6.4256372, -7.284187, -4.998274, -5.3782754, -5.0974307, -6.8330207, -6.225639, -4.8367887, -6.1556735, -6.0052457, -4.8989296, -4.921299, -4.766299, -6.218199, -4.6065545, -4.786655, -5.0113873, -4.808927, -6.5951533, -4.729059, -5.2193646, -6.310622, -6.693978, -6.355894, -4.938935, -6.1122665, -6.8238506, -5.3645926, -5.824976, -6.6608796, -6.798044, -7.306939, -4.2587214, -6.073927, -4.1172166, -6.8588343, -6.685679, -4.1677017, -4.5376096, -5.484625, -4.8451724, -4.311063, -4.744586, -5.0420365, -4.463745, -4.6662717, -4.64181, -6.172552, -5.4275007, -5.3490033, -5.474983, -5.552981, -5.1000433, -6.9267898, -7.1395006, -6.01517, -6.8188777, -6.5243864, -6.7407174, -5.767981, -6.288631, -5.9103436, -6.963079, -6.9278936, -6.274835, -6.47178, -5.859774, -6.504317, -6.0794196, -5.882338, -6.5189457, -5.736053, -5.841994, -6.6809607, -5.753058, -5.835772, -5.9001503, -6.1303654, -7.1640105, -6.777602, -7.3446803, -5.6326723, -5.9357743, -6.5627975, -5.7059407, -7.086524, -6.4371033, -5.933514, -5.786389, -5.86133, -5.5406303, -5.5676227, -5.91064, -5.7322173, -5.8043885, -6.320045, -6.350519, -5.430993, -6.444533, -5.9966063, -5.7784944, -5.7274323, -5.4300947, -5.9983106, -5.6282563, -5.891348, -5.5077615, -6.377182, -5.5859327, -5.716521, -5.7552648, -5.6357737, -5.9664617, -7.082234, -5.635972, -6.2973084, -6.394845, -5.7625155, -5.565223, -5.618225, -7.5120587, -6.7138834, -5.739528, -5.742139, -7.4184017, -7.1173215, -5.8112507, -5.8374367, -5.905295, -5.5416284, -5.726209, -6.887638, -5.816969, -7.382706, -5.740854, -5.6022687, -7.40838, -6.570841, -7.1307755, -5.856509, -6.320527, -5.3275776, -5.6658883, -6.2067094, -5.281081, -5.9649663, -5.4668703, -5.826625, -5.81135, -5.9526305, -7.1990814, -5.7879543, -6.9238377, -6.674492, -5.573873, -5.8652635, -6.9178796, -6.44556, -6.9562035, -6.147141, -6.9456925, -5.8601785, -6.182351, -6.947084, -6.689405, -6.7969375, -7.61419, -7.348334, -6.3420844, -5.7957644, -5.8614383, -7.3827734, -5.9273844, -7.2791767, -5.9230375, -5.997887, -7.107151, -6.8457556, -7.3796077, -7.282283, -6.759542, -7.1983104, -5.847152, -7.214702, -7.0966415, -5.6971555, -6.146308, -7.0107703, -7.0491257, -6.023062, -6.241218, -6.179914, -6.6015983, -5.3900595, -5.709806, -5.1744843, -7.006207, -7.27297, -6.9596977, -7.0591173, -6.3606253, -5.1348014, -5.7972345, -7.115449, -5.5150013, -6.348715, -7.0290914, -7.270079, -5.3812914, -6.1625943, -5.3725896, -7.3159394, -7.266929, -6.56398, -7.0421863, -5.4578276, -5.77035, -5.393586, -6.7954507, -7.3300834, -5.2484255, -5.0712543, -5.267782, -5.5993805, -5.575648, -4.9493175, -6.5019026, -4.8657484, -5.2302756, -4.8199277, -4.967443, -6.5552063, -5.3188176, -5.4805794, -5.5269628, -5.732832, -6.932303, -5.510877, -5.446913, -6.6208324, -6.404973, -7.3118877, -3.6262844, -6.9372506, -5.0209937, -3.96777, -3.9645293, -5.137728, -5.3012686, -5.4819145, -5.305963, -4.499081, -5.7386527, -5.2912674]","0     -7.22
1     -6.21
2     -7.24
3     -5.92
4     -5.96
       ... 
247   -6.00
248   -3.99
249   -5.24
250   -4.77
251   -4.71
Name: Permeability, Length: 252, dtype: float64","[array([-6.376616 , -6.2224836, -5.889052 , -5.9116397, -5.8791466,
       -6.9658165, -5.8012886, -7.1802363, -7.3267913, -6.834511 ,
       -5.914807 , -5.6719427, -6.051882 , -5.831844 , -6.286395 ,
       -6.3861957, -6.324492 , -7.120413 , -5.9999037, -6.4272037,
       -5.9626822, -6.4788804, -5.545807 , -6.0357943, -5.8604183,
       -5.9680195, -5.7306647, -5.974719 , -6.0956955, -5.682578 ,
       -7.1302896, -6.130779 , -5.5921164, -6.5560937, -5.867836 ,
       -6.232187 , -5.8284025, -7.113607 , -6.4644475, -5.5925217,
       -6.7063212, -6.1067514, -6.06389  , -6.106354 , -5.524609 ,
       -6.0182204, -6.7392454, -6.335337 , -5.867049 , -5.723592 ,
       -7.0288215, -6.787627 , -5.8449426, -5.4610143, -6.4726095,
       -5.846262 , -6.453967 , -6.3716006, -5.625031 , -6.8161955,
       -5.713582 , -6.096626 , -5.949337 , -5.786552 , -5.7676005,
       -6.045557 , -7.0429444, -5.4607673, -5.5507593, -6.0899158,
       -5.848457 , -7.0561132, -5.701431 , -6.7538366, -5.7174463,
       -5.741153 , -5.813095 , -5.8526406, -6.0297246, -6.895698 ,
       -6.3451943, -6.3942246, -6.2421355, -5.871854 , -5.907052 ,
       -5.4469023, -6.7858   , -6.625704 , -6.8796587, -6.921639 ,
       -7.029355 , -7.204109 , -5.807087 , -5.9567876, -6.3657146,
       -7.215933 , -5.5666723, -5.881424 , -5.8481007, -5.8364644,
       -7.205045 , -6.969703 , -7.084024 , -6.5530562, -5.5382953,
       -5.7831125, -5.604741 , -7.233122 , -6.477579 , -6.771372 ,
       -6.334264 , -5.9081826, -5.9576435, -6.5363436, -5.596377 ,
       -6.9635   , -6.0622005, -6.1582794, -6.2183475, -5.6694455,
       -5.707192 , -6.49328  , -5.9020886, -6.982098 , -5.6839585,
       -5.9441395, -7.3163185, -6.3031054, -5.4654055, -6.014195 ,
       -7.3591857, -6.970331 , -5.8677335, -6.2061567, -6.6570687,
       -5.4895935, -6.1791096, -5.8459644, -6.95457  , -7.1117992,
       -7.279387 , -7.079557 , -6.6972165, -7.07854  , -7.2129893,
       -5.772026 , -7.235386 , -6.609198 , -5.3199544, -7.1143603,
       -6.60602  , -6.870869 , -6.9438643, -6.0723825, -6.9174886,
       -7.593677 , -7.210794 , -7.3548727, -6.779236 , -7.3902264,
       -7.4113903, -7.0452433, -5.7649693, -6.38815  , -7.367341 ,
       -6.6474166, -7.069772 , -6.99272  , -5.736918 , -7.238235 ,
       -7.102826 , -5.749277 , -7.3513393, -6.514547 , -7.2537694,
       -5.9924054, -6.8426294, -6.1226163, -6.3282657, -6.134369 ,
       -6.576    , -6.62918  , -6.8198757, -5.677657 , -5.6586394,
       -6.462696 , -6.6490283, -7.190585 , -6.099881 , -5.532387 ,
       -6.9678144, -6.5304937, -6.8229833, -5.5255375, -7.162322 ,
       -6.365472 , -6.766273 , -6.15918  , -6.3440113, -7.103448 ,
       -5.869235 , -5.7927155, -6.8330727, -6.145449 , -6.757685 ,
       -6.3998265, -5.972529 , -6.7434816, -6.219118 , -5.1148796,
       -5.0938783, -5.2945285, -4.898272 , -5.407046 , -5.0674376,
       -5.6979966, -5.0757427, -6.786494 , -4.8575306, -5.891833 ,
       -5.7620583, -5.793062 , -5.3467507, -6.8016906, -4.993166 ,
       -5.3917284, -6.173851 , -5.9198   , -7.0076027, -7.2046943,
       -6.6712685, -6.0696845, -6.2251735, -7.0589867, -4.2019625,
       -4.8118243, -4.595533 , -4.1732135, -5.4667354, -5.182106 ,
       -4.269455 , -4.399986 , -5.4209127, -4.959475 , -4.7085853,
       -4.3911138, -5.2565894, -5.1119113, -3.857008 , -4.7012606,
       -4.643228 , -4.72066  ], dtype=float32), array([-6.229918 , -5.7592835, -5.9500546, -5.77559  , -5.7595434,
       -6.9853272, -5.6935425, -7.0132313, -7.0921035, -6.787127 ,
       -6.327592 , -5.7291927, -6.068156 , -5.8817587, -5.754495 ,
       -6.056981 , -6.190182 , -6.876893 , -5.9059033, -6.632746 ,
       -6.4320183, -6.590708 , -5.506079 , -5.971284 , -5.716085 ,
       -6.038502 , -5.8137794, -5.907331 , -6.0437713, -5.786033 ,
       -6.5339255, -6.3705983, -5.493904 , -6.3854265, -5.8928804,
       -6.5165496, -5.8540173, -6.796074 , -6.4753304, -5.618219 ,
       -6.4691906, -5.9468093, -6.0193534, -6.041948 , -5.829354 ,
       -5.974771 , -6.5601482, -6.196043 , -5.900175 , -5.678762 ,
       -6.84029  , -6.8645964, -5.8203907, -5.250967 , -6.2209   ,
       -5.929068 , -6.3863163, -6.242853 , -5.4394813, -6.7448683,
       -5.898878 , -5.980998 , -5.974222 , -5.5901136, -5.7583427,
       -6.571376 , -6.7826643, -5.476689 , -5.831429 , -5.897459 ,
       -5.732081 , -7.013345 , -5.753963 , -6.978487 , -5.712541 ,
       -5.895436 , -5.7637653, -5.8899136, -6.1537547, -6.659223 ,
       -6.300197 , -6.523524 , -6.1151214, -5.947793 , -5.7064185,
       -5.326503 , -6.517127 , -6.622505 , -7.1983714, -7.2185636,
       -7.0876827, -7.2794514, -5.842889 , -5.9687066, -6.1481576,
       -6.8898726, -5.5004473, -5.85093  , -5.7811155, -5.8815494,
       -7.0714235, -7.126501 , -6.911016 , -6.2531433, -5.963572 ,
       -5.8038006, -5.7124367, -7.131969 , -6.520127 , -6.910016 ,
       -5.9722567, -5.883503 , -5.993158 , -6.581878 , -5.494378 ,
       -6.500939 , -6.133905 , -6.1402345, -6.4162507, -5.707316 ,
       -5.844254 , -6.511901 , -5.8345537, -6.8309083, -5.6032314,
       -5.833841 , -7.186876 , -6.2227435, -5.4588437, -6.091912 ,
       -7.1295295, -7.145254 , -6.0448895, -5.994759 , -6.7799478,
       -5.498765 , -6.130761 , -5.9169474, -7.1418805, -6.7765155,
       -7.226868 , -6.785462 , -6.790551 , -7.201092 , -7.2565193,
       -5.825989 , -6.9731026, -6.1783085, -5.571035 , -7.035751 ,
       -6.3030944, -6.725022 , -6.6416154, -5.970289 , -6.9821773,
       -7.1216726, -7.1534324, -7.3979216, -6.5082626, -7.323349 ,
       -7.3307695, -7.30023  , -5.9045444, -6.1939564, -7.3077526,
       -6.7094584, -7.055962 , -6.8281684, -5.8877206, -7.225355 ,
       -6.8200064, -5.6981845, -7.1946282, -6.421935 , -7.2076473,
       -5.7890234, -7.0421696, -6.163132 , -6.0764823, -6.1492114,
       -6.413168 , -6.3862762, -6.887616 , -5.728536 , -5.817842 ,
       -6.485903 , -6.6981435, -7.135314 , -6.347948 , -5.778448 ,
       -7.140549 , -6.473394 , -6.8860717, -5.310205 , -7.1409583,
       -6.266533 , -6.937125 , -6.189787 , -6.0543966, -7.0965075,
       -5.949781 , -5.8177376, -6.937067 , -5.961438 , -6.60383  ,
       -6.458112 , -5.5148735, -6.696863 , -6.6694193, -4.9773192,
       -5.147973 , -5.332798 , -5.077368 , -5.74673  , -5.019766 ,
       -5.7887545, -5.3142867, -6.8289356, -5.1062007, -5.6711802,
       -5.7759414, -5.6913347, -5.233373 , -6.684922 , -5.0441103,
       -5.2812085, -6.0495267, -6.0055065, -6.68194  , -6.9870324,
       -6.5683694, -6.0975266, -5.6485195, -7.102376 , -3.853588 ,
       -4.9136853, -4.5128098, -4.0810905, -5.3640575, -5.141089 ,
       -4.514701 , -4.3707657, -5.486606 , -4.937636 , -4.938924 ,
       -4.453443 , -5.217561 , -5.2434645, -3.950117 , -4.713407 ,
       -4.738699 , -4.8593707], dtype=float32), array([-6.3146257, -5.8286777, -5.978299 , -5.7202926, -5.7924666,
       -6.932506 , -5.6753745, -6.923336 , -7.1102233, -6.875774 ,
       -6.115435 , -5.8845034, -5.825539 , -5.8776145, -6.0973306,
       -6.4248843, -6.181748 , -7.1432047, -5.9895782, -6.4913654,
       -6.251741 , -6.5335474, -5.4842696, -5.9527373, -5.9071836,
       -5.9258046, -5.753517 , -5.950255 , -6.0472217, -5.8069487,
       -6.3868046, -6.236429 , -5.57737  , -6.173904 , -5.8827085,
       -6.4803457, -5.689534 , -7.0083203, -6.278776 , -5.614263 ,
       -6.543885 , -6.0856347, -5.753163 , -6.1319046, -5.859378 ,
       -6.042085 , -6.478405 , -6.254438 , -5.869965 , -5.6953673,
       -6.809758 , -6.8300867, -5.9709883, -5.4983997, -6.258843 ,
       -5.841949 , -6.4505854, -6.3623505, -5.76435  , -6.5413923,
       -5.8112254, -6.050736 , -6.163652 , -5.716732 , -5.8121743,
       -6.4704337, -6.838966 , -5.3758183, -5.7725773, -6.0919156,
       -5.485055 , -7.0162187, -5.7588115, -6.9221683, -5.602824 ,
       -5.8391323, -5.8781023, -5.7846   , -5.961073 , -7.0975266,
       -6.2091   , -6.2659698, -6.3652463, -5.821993 , -5.789356 ,
       -5.3767657, -6.8717914, -6.5674176, -7.0633173, -7.040504 ,
       -7.035668 , -7.1583157, -5.937994 , -5.990063 , -6.0527287,
       -7.1885004, -5.714767 , -5.956141 , -5.784398 , -5.7035108,
       -7.057909 , -7.177632 , -7.0446577, -6.232935 , -5.812836 ,
       -5.767177 , -5.7035737, -7.312817 , -6.6596155, -6.8477454,
       -6.2630343, -5.848308 , -6.0466423, -6.4975195, -5.672183 ,
       -6.731652 , -6.2689533, -6.1212444, -6.136458 , -5.6001024,
       -5.6358876, -6.7447267, -6.012029 , -6.890188 , -5.6612186,
       -6.1230617, -7.1934557, -6.3040223, -5.5757656, -6.1663427,
       -7.2667174, -7.0651116, -5.938784 , -6.0595007, -6.5785146,
       -5.455468 , -6.437708 , -6.007538 , -6.7605667, -6.8911295,
       -7.221524 , -7.0473046, -6.6563187, -7.123902 , -7.2267637,
       -5.858023 , -6.890221 , -6.4910173, -5.5024033, -7.3488092,
       -6.355138 , -6.915466 , -6.8847837, -5.765025 , -6.8712244,
       -7.443429 , -7.189524 , -7.189971 , -6.433519 , -7.363397 ,
       -7.4790936, -7.1845174, -5.930673 , -6.2981863, -7.565513 ,
       -6.666997 , -6.9399557, -6.8324366, -5.617895 , -7.3488684,
       -6.966157 , -5.5357513, -7.0596833, -6.393646 , -7.2076793,
       -6.0155725, -6.9984713, -6.0931334, -6.0977364, -5.8560085,
       -6.409271 , -6.290531 , -6.936266 , -5.6267138, -5.550998 ,
       -6.45191  , -6.676599 , -7.1343904, -6.420034 , -5.9152594,
       -7.3977737, -6.8133287, -7.013718 , -5.5475264, -7.2970877,
       -5.9589715, -6.798058 , -6.415813 , -6.454471 , -7.2823086,
       -6.003641 , -5.874283 , -6.665297 , -5.7906256, -6.158722 ,
       -6.219003 , -5.7773585, -6.3261256, -6.4309926, -4.922189 ,
       -5.1558447, -5.2835107, -4.9151654, -5.7353296, -5.0926642,
       -5.5212436, -5.015182 , -6.771742 , -4.8091483, -5.7700677,
       -5.57128  , -5.7609787, -5.2867274, -6.6047325, -5.002375 ,
       -5.438385 , -6.0139766, -5.704948 , -6.970363 , -6.9961853,
       -6.5034986, -6.1585875, -5.524298 , -6.94635  , -4.175107 ,
       -4.780848 , -4.853792 , -4.788712 , -5.5558553, -4.856889 ,
       -4.1747484, -4.430007 , -5.4797826, -4.790617 , -4.9705586,
       -4.491153 , -5.196909 , -4.9140472, -4.117863 , -4.873944 ,
       -4.7938304, -4.816373 ], dtype=float32), array([-6.118201 , -6.068385 , -6.0292606, -5.866042 , -5.9223843,
       -7.0443873, -5.7201066, -6.641984 , -7.134597 , -6.8643546,
       -5.9759493, -5.8230906, -6.1718025, -5.9628797, -6.267636 ,
       -6.3270054, -6.2653623, -7.118304 , -5.960425 , -6.42294  ,
       -6.1132793, -6.5969186, -5.5661664, -6.0158153, -5.925098 ,
       -5.8270245, -5.775038 , -5.894533 , -6.141653 , -5.777498 ,
       -6.275993 , -6.379668 , -5.6528964, -6.3854423, -5.855972 ,
       -6.2493014, -5.819088 , -6.999396 , -6.323186 , -5.503809 ,
       -6.459816 , -6.051382 , -6.0778995, -6.1577024, -5.852175 ,
       -6.0109982, -6.5547643, -6.30085  , -5.770869 , -5.689056 ,
       -6.6231527, -7.077532 , -5.880499 , -5.4652777, -6.3663206,
       -6.0591435, -6.3225107, -6.3534474, -5.5839553, -6.503737 ,
       -5.885159 , -6.304225 , -6.08926  , -5.720088 , -5.6535325,
       -6.4612956, -7.013585 , -5.2802725, -5.849648 , -6.0128436,
       -5.6262665, -7.2996116, -5.613522 , -7.001596 , -5.796623 ,
       -5.895804 , -5.902567 , -5.7640257, -6.3644094, -6.735742 ,
       -6.412312 , -6.3146152, -6.0873394, -5.8366747, -5.764372 ,
       -5.4717107, -6.9053965, -6.4409313, -7.0988   , -6.804449 ,
       -7.021815 , -7.2615905, -5.7494097, -5.985295 , -6.155047 ,
       -7.1899147, -5.4706616, -5.8963118, -5.8534665, -5.8242707,
       -7.1824074, -7.1735516, -7.0382376, -6.2013025, -5.8903856,
       -5.8079896, -5.561833 , -7.294599 , -6.580867 , -6.9373136,
       -6.208975 , -5.8991528, -6.166807 , -6.6496124, -5.5250444,
       -6.712159 , -6.053541 , -6.4161906, -6.4846997, -5.712636 ,
       -5.733558 , -6.545042 , -5.93657  , -6.9898443, -5.716512 ,
       -5.798684 , -7.180293 , -6.139376 , -5.388806 , -5.8565593,
       -7.43295  , -7.0607963, -5.978468 , -5.7450585, -6.6516795,
       -5.6146045, -6.351237 , -6.105256 , -6.9802   , -6.6845427,
       -7.398688 , -7.1494184, -6.8755517, -7.131005 , -7.3008285,
       -5.830173 , -6.709468 , -6.4233036, -5.2105713, -6.9460726,
       -6.370315 , -6.619714 , -6.873036 , -5.9470143, -6.867716 ,
       -7.5600734, -7.2388053, -7.415932 , -6.4712687, -7.2283   ,
       -7.5006523, -7.1979146, -5.906479 , -6.3042707, -7.50001  ,
       -6.815099 , -7.1103435, -6.795892 , -5.765009 , -7.236547 ,
       -6.733935 , -5.7314305, -7.17123  , -6.6010427, -7.2839913,
       -6.061202 , -6.8211393, -6.383503 , -6.068804 , -6.4177103,
       -6.5919523, -6.589686 , -6.7163906, -5.911657 , -5.890614 ,
       -6.545892 , -6.6184707, -7.2240195, -6.5941644, -6.0161343,
       -7.180122 , -6.756145 , -7.0557604, -5.5750494, -7.225237 ,
       -6.4498463, -6.6953726, -6.0967927, -6.5415263, -7.225555 ,
       -6.090498 , -5.953158 , -6.745014 , -5.8574753, -6.698334 ,
       -6.2739153, -5.7890263, -6.6324935, -6.398696 , -4.860072 ,
       -5.1919017, -5.142686 , -5.0842714, -5.9702053, -4.9485626,
       -5.5370784, -4.9025893, -6.6838636, -4.79339  , -5.832881 ,
       -5.525514 , -5.5012293, -5.172693 , -6.615856 , -5.2255387,
       -5.5310507, -6.1470995, -6.149823 , -6.8787327, -6.924693 ,
       -6.6694036, -6.229905 , -5.29606  , -7.0660267, -4.127714 ,
       -4.7781467, -4.8307886, -4.5936146, -5.6067963, -4.7290363,
       -4.226466 , -4.280039 , -5.4250464, -4.7824244, -5.0318713,
       -4.586557 , -5.192292 , -4.8821273, -3.8088434, -4.6128273,
       -4.613294 , -4.9323754], dtype=float32), array([-6.316361 , -6.1919045, -6.0452914, -5.8782454, -5.6964445,
       -7.0002475, -5.6842904, -6.92076  , -7.2277846, -6.7099233,
       -6.252024 , -5.826803 , -5.7810597, -5.9282885, -5.983595 ,
       -6.108464 , -6.102263 , -7.2624636, -5.9131527, -6.6248956,
       -6.2830687, -6.5481367, -5.694661 , -6.0477266, -5.7782907,
       -5.8613434, -5.7840037, -5.874473 , -6.0726395, -5.697039 ,
       -6.643501 , -6.1819425, -5.718744 , -6.520944 , -5.869995 ,
       -6.569762 , -5.863379 , -6.69016  , -6.493714 , -5.530019 ,
       -6.4579406, -6.0985823, -5.9714527, -6.1163335, -5.7004194,
       -6.1005907, -6.7872553, -6.2960787, -5.999053 , -5.715633 ,
       -6.828384 , -6.939872 , -5.950377 , -5.470666 , -6.3872566,
       -5.9236107, -6.426775 , -6.702133 , -5.577481 , -6.6261787,
       -5.7758346, -6.1226463, -6.1010017, -5.6363854, -5.80744  ,
       -6.1815267, -6.9970655, -5.490958 , -5.7142863, -5.9330783,
       -5.6573677, -7.1534905, -5.7271566, -6.834268 , -5.789151 ,
       -5.8732986, -5.8113823, -5.8457785, -6.3746376, -6.8878765,
       -6.487783 , -6.299179 , -6.1545444, -5.9445515, -5.9328794,
       -5.343146 , -6.7394543, -6.385767 , -6.6846294, -6.941834 ,
       -7.174253 , -7.231954 , -5.9255347, -6.000777 , -6.298159 ,
       -7.0354967, -5.79747  , -5.882003 , -5.812059 , -5.869439 ,
       -6.9629297, -7.139788 , -7.184438 , -6.20112  , -5.8793445,
       -5.8600326, -5.6273494, -7.1338615, -6.3751097, -6.97208  ,
       -6.186358 , -5.8926773, -6.1809306, -6.5395246, -5.362589 ,
       -6.6370916, -6.1060786, -6.219122 , -6.36117  , -5.8253384,
       -5.6642237, -6.556852 , -5.931306 , -6.968785 , -5.674424 ,
       -5.985743 , -7.0231795, -6.1345525, -5.430162 , -5.925464 ,
       -7.311868 , -7.279959 , -6.1194096, -5.987297 , -6.761142 ,
       -5.400794 , -6.265849 , -6.005896 , -6.9873996, -6.808803 ,
       -7.2521195, -6.9508157, -7.0043573, -7.1077824, -7.249868 ,
       -5.7086096, -7.0487056, -6.4238005, -5.5485787, -7.267785 ,
       -6.368613 , -7.0277524, -6.8702445, -5.636599 , -6.910783 ,
       -7.6117444, -7.1386795, -7.115859 , -6.517436 , -7.232313 ,
       -7.394219 , -7.241354 , -5.754522 , -6.569341 , -7.2691064,
       -6.7252893, -7.107742 , -6.621362 , -5.6161804, -7.496327 ,
       -6.987675 , -5.689369 , -7.0832243, -6.573699 , -7.3355665,
       -5.877169 , -6.881356 , -6.0349526, -6.0483613, -6.0286994,
       -6.526768 , -6.515182 , -7.0248303, -5.6781588, -5.56536  ,
       -6.510608 , -6.5657334, -7.1723633, -6.175362 , -5.7726607,
       -7.0950737, -6.684496 , -6.8339534, -5.2881155, -7.288875 ,
       -6.1438766, -6.863241 , -6.1407   , -6.2432313, -7.2093024,
       -5.8875837, -5.7632284, -6.9837723, -5.8421206, -6.4856796,
       -6.4101505, -5.6147256, -6.514994 , -6.599918 , -4.822032 ,
       -5.3043194, -5.2273717, -5.1434236, -5.6924644, -5.1836724,
       -5.66801  , -5.1296697, -6.749405 , -5.235259 , -5.682355 ,
       -5.7387786, -5.7977586, -5.0781984, -6.70409  , -4.954099 ,
       -5.3732834, -6.220082 , -5.941262 , -7.022092 , -6.7298136,
       -6.560773 , -6.25276  , -5.5498915, -6.973368 , -3.8747172,
       -4.830685 , -4.9454103, -4.9265494, -5.414179 , -5.149809 ,
       -4.456492 , -4.1992855, -5.350665 , -5.1283674, -5.052181 ,
       -4.213533 , -5.2696996, -5.1281276, -3.8559518, -4.81078  ,
       -4.5927973, -4.857192 ], dtype=float32)]","[-6.271144  -6.014147  -5.9783916 -5.830362  -5.8099966 -6.9856567
 -5.7149205 -6.93591   -7.1783    -6.8143377 -6.1171613 -5.7871065
 -5.9796877 -5.8964767 -6.07789   -6.260706  -6.2128096 -7.1042557
 -5.9537926 -6.51983   -6.208558  -6.549638  -5.5593963 -6.0046716
 -5.837415  -5.9241385 -5.771401  -5.9202623 -6.0801964 -5.750019
 -6.5941024 -6.259883  -5.6070065 -6.4043627 -5.8738785 -6.409629
 -5.810884  -6.921511  -6.4070907 -5.571767  -6.5274305 -6.057832
 -5.977152  -6.1108484 -5.7531867 -6.0293326 -6.6239634 -6.2765493
 -5.8814225 -5.7004824 -6.8260818 -6.899943  -5.8934393 -5.429265
 -6.3411856 -5.9200068 -6.4080305 -6.4064775 -5.5980597 -6.646474
 -5.8169355 -6.111046  -6.055495  -5.689974  -5.759818  -6.346038
 -6.9350457 -5.4169016 -5.74374   -6.0050426 -5.6698456 -7.107756
 -5.7109766 -6.8980713 -5.7237167 -5.8489647 -5.8337827 -5.8273916
 -6.1767197 -6.855213  -6.3509173 -6.3595023 -6.192878  -5.884573
 -5.820016  -5.3930054 -6.7639146 -6.5284653 -6.984955  -6.9853983
 -7.0697546 -7.227084  -5.852583  -5.9803257 -6.2039614 -7.103944
 -5.6100035 -5.8933625 -5.815828  -5.8230467 -7.0959425 -7.1174355
 -7.052474  -6.2883115 -5.816887  -5.8044224 -5.641987  -7.221274
 -6.5226603 -6.8877053 -6.1929774 -5.886365  -6.0690365 -6.5609756
 -5.530114  -6.7090683 -6.124936  -6.2110143 -6.323385  -5.7029676
 -5.7170234 -6.5703597 -5.9233093 -6.9323645 -5.6678686 -5.9370937
 -7.1800246 -6.2207594 -5.4637966 -6.010895  -7.30005   -7.104291
 -5.9898567 -5.9985547 -6.6856704 -5.491845  -6.2729325 -5.9763203
 -6.964923  -6.8545585 -7.2757173 -7.0025115 -6.804799  -7.1284637
 -7.2493944 -5.798964  -6.971377  -6.425125  -5.4305086 -7.142555
 -6.400636  -6.831764  -6.8427086 -5.878262  -6.909878  -7.4661193
 -7.1862473 -7.2949114 -6.541945  -7.307517  -7.4232244 -7.1938524
 -5.8522377 -6.350781  -7.4019446 -6.7128515 -7.056755  -6.814115
 -5.724745  -7.309067  -6.92212   -5.6808023 -7.172021  -6.500974
 -7.257731  -5.9470744 -6.9171534 -6.159467  -6.1239295 -6.1172
 -6.503432  -6.482171  -6.876996  -5.7245445 -5.6966906 -6.4914017
 -6.6415954 -7.1713347 -6.3274775 -5.8029776 -7.1562667 -6.6515718
 -6.9224977 -5.4492874 -7.2228956 -6.23694   -6.812013  -6.200454
 -6.327527  -7.1834245 -5.960148  -5.8402243 -6.8328447 -5.919422
 -6.54085   -6.3522015 -5.7337027 -6.582792  -6.4636292 -4.939299
 -5.1787834 -5.256179  -5.0236998 -5.7103553 -5.062421  -5.642617
 -5.0874944 -6.7640877 -4.9603057 -5.7696633 -5.6747146 -5.708873
 -5.223549  -6.6822586 -5.043858  -5.403131  -6.120907  -5.944268
 -6.912146  -6.968484  -6.5946627 -6.1616926 -5.6487885 -7.0294213
 -4.046618  -4.8230376 -4.7476664 -4.512636  -5.4815245 -5.0117855
 -4.3283725 -4.3360167 -5.432603  -4.9197035 -4.940424  -4.42716
 -5.2266097 -5.055936  -3.9179566 -4.7424436 -4.67637   -4.837194 ]","[0.08961115 0.18830717 0.05629887 0.07111569 0.0814366  0.03709693
 0.04570657 0.17461619 0.08771846 0.06054064 0.15707333 0.07612297
 0.15044038 0.04510244 0.19663753 0.14951877 0.07606855 0.12545832
 0.03845989 0.09226748 0.15930098 0.04287185 0.07350349 0.03676532
 0.0791224  0.07534155 0.02809717 0.03685364 0.03602326 0.05029559
 0.29587978 0.09989904 0.0754762  0.13449262 0.01273802 0.14090152
 0.06279519 0.15476473 0.08826625 0.04638029 0.09493694 0.05864184
 0.11803228 0.03856484 0.12799127 0.04165799 0.11832356 0.04774538
 0.07314176 0.01668585 0.12865241 0.10185894 0.05849996 0.09009854
 0.09085756 0.0787216  0.04910719 0.15502322 0.10406675 0.11858729
 0.06895342 0.10789847 0.08097365 0.06898402 0.05721603 0.19843818
 0.10402735 0.07916874 0.10756069 0.07945353 0.11998136 0.10849861
 0.05288915 0.0923463  0.06982297 0.05773336 0.05005533 0.04632702
 0.16913748 0.15106763 0.09509892 0.09220713 0.10078799 0.05285165
 0.08631814 0.05704681 0.13684729 0.09781729 0.18217063 0.13864228
 0.05715519 0.04292711 0.07131002 0.01566399 0.11261912 0.12457436
 0.1260281  0.0347042  0.03054565 0.06331696 0.08845305 0.07639276
 0.08795919 0.13384026 0.14727473 0.03145448 0.05793492 0.0768289
 0.09586934 0.07100443 0.1215625  0.02066834 0.09027387 0.05174353
 0.10386703 0.1508334  0.07773029 0.10771485 0.12810056 0.07320105
 0.07201182 0.09009551 0.05733913 0.06192899 0.03712209 0.11560177
 0.09317061 0.07452834 0.0621596  0.11122639 0.10147652 0.10383577
 0.08656181 0.1491405  0.07488652 0.0703369  0.11166746 0.08830798
 0.12159047 0.1446374  0.06483094 0.12594207 0.12542158 0.04055173
 0.03011288 0.05306958 0.17370437 0.14081773 0.14103311 0.14766908
 0.10555746 0.14373994 0.10403774 0.15627041 0.04137069 0.18191393
 0.03664733 0.11993726 0.12230577 0.06655075 0.0610667  0.08457059
 0.07615033 0.1254499  0.11321397 0.05831823 0.06210237 0.11825286
 0.10152199 0.10385993 0.13017854 0.07571966 0.10312264 0.0815517
 0.04853291 0.09963823 0.08751643 0.11955541 0.10338277 0.18312798
 0.07830774 0.12663527 0.10443901 0.09894229 0.13579826 0.03391725
 0.04640685 0.03408726 0.17609476 0.16296205 0.14028585 0.13007085
 0.09502651 0.12377507 0.06363351 0.17242537 0.08266713 0.11181505
 0.16963974 0.07235125 0.08064859 0.06723851 0.11783709 0.12590079
 0.21206173 0.09023717 0.15750954 0.14951776 0.15873961 0.10256246
 0.07016511 0.06602836 0.0983817  0.17988084 0.07800631 0.10093343
 0.1362135  0.04778568 0.17785212 0.08513952 0.10482316 0.11056851
 0.09271444 0.07094686 0.09524191 0.0818441  0.07727098 0.14414224
 0.12545958 0.15217616 0.06573492 0.07146835 0.31045628 0.05929457
 0.15101545 0.04938903 0.16466747 0.33332837 0.08918601 0.18369487
 0.13310853 0.08480878 0.04909141 0.12724216 0.1228916  0.12420073
 0.03129609 0.13700633 0.10996542 0.09088644 0.07712743 0.06923132]"
6,ExtraTreesRegressor,"[-6.984126458879996, -7.054699999999997, -5.723651423130005, -5.763198897689997, -5.862859043479997, -5.890503723009999, -5.884746701649998, -5.981581155739997, -6.510179924789997, -5.8196566890399986, -6.498468905639997, -6.57357645522, -6.7681342391299975, -5.9265433217300005, -5.92456598425, -6.291733762059998, -5.915078984310003, -5.74261422682, -5.631164610920003, -5.619043648049996, -7.331204633699992, -6.282231572619999, -5.741830855329999, -6.259565510260002, -5.843892014280001, -5.9030544440899995, -6.06903379281, -6.18457888267, -7.42361449283, -7.298638719639999, -5.981843648049999, -5.633554849850002, -7.085553653300001, -5.558700000000001, -5.76039450752, -5.586064610919998, -7.047087296120003, -5.82377055753, -6.222853753190001, -6.025650667930002, -5.92302976509, -6.754660195459994, -5.654700000000003, -6.184714390300001, -5.790900000000002, -5.729550000000002, -7.086635092750002, -6.403119862080001, -6.394452985890001, -6.284331203719995, -5.718449999999999, -7.230500000000003, -5.818499999999999, -5.5743618463399995, -7.180130899870003, -6.696922125179999, -5.784784880959998, -6.10373569579, -5.80334715874, -5.698504849850001, -5.7690255625399995, -5.985228082159999, -5.971769892979999, -7.12244238829, -6.352713180199998, -5.6564380933999985, -5.93611880516, -5.74267593071, -6.5482005995099986, -5.975964622440001, -5.704699999999999, -5.7343945869300015, -7.263186073150001, -7.802569100129996, -7.123209732859998, -7.0538701644499975, -5.61406547284, -7.216544873320003, -6.329452651289999, -5.606151183630001, -5.794176613880003, -5.978409586079997, -7.070163512429999, -5.83665438283, -5.26630000000001, -7.249385994589999, -7.233849019600004, -5.651996701650003, -5.78289731248, -5.9149980049799975, -5.890380022219997, -5.797794397059999, -5.721317877700001, -7.371875694639998, -5.857736109739999, -7.153753869459997, -6.161335770429999, -5.888411832430002, -6.310103284949999, -7.223354954840001, -6.537376301090001, -5.653746701650001, -6.043701899760001, -6.113705834740001, -6.429102705299998, -7.154157574910004, -6.689247824630002, -5.852002068649999, -6.928369295059998, -7.376455173280004, -5.850864169409997, -6.738040417789994, -6.947229952569999, -7.154738719640005, -5.976540025439999, -6.669941983889998, -5.792065130300002, -7.161257574909997, -7.169257574909997, -7.162031387300002, -7.438871989189998, -6.706933204299999, -6.611322878379999, -7.294943648059998, -7.121284769329999, -7.30202275344, -7.01180711388, -6.981657574909999, -7.1794493873699965, -5.779705494390002, -6.799500000000004, -7.327120599910006, -6.3433571282, -6.774190707490002, -7.236000000000008, -5.698488636520003, -7.348556180090001, -7.34260149424, -5.830035897170001, -6.042968892070003, -7.156883590669999, -5.2429, -5.420800000000001, -7.158578174820001, -6.088200000000003, -5.985843648049997, -6.988723048139999, -6.476659973359998, -7.134994333739999, -5.928531480989998, -5.673430368190003, -7.251444794770002, -7.1495000000000015, -5.3256999999999985, -7.27823871964, -7.103233269549999, -7.18618424995, -6.939188107009996, -5.537809694209999, -7.225589700039999, -5.803700000000001, -5.793600000000003, -6.681059319559998, -6.94576910013, -4.717700509089999, -5.15554053468, -5.75700333056, -6.0505113671899995, -5.185667507100002, -6.010483719219999, -5.017100000000002, -6.025753522400002, -5.399956650400001, -5.565334688780002, -5.67125, -5.127090608140004, -6.865457574910005, -6.8084000000000024, -6.838900000000001, -6.140065751120002, -5.931964684409998, -6.853567874870002, -5.83550000721, -6.860757574909999, -6.147762156250001, -5.525837774440001, -6.754964557880004, -5.517467507100001, -5.514700000000001, -6.256627338810002, -4.145706248399996, -3.894446662319997, -5.011545707739999, -4.2342, -4.180590923009996, -5.298267507100004, -4.856113591979998, -4.94330341981, -4.6855062483999985, -5.14106705042, -5.083586821349999, -5.747435014199998, -6.894957290529998, -7.17280833916, -5.67393697814, -7.22807584626, -7.351363066100006, -7.032407841429998, -6.134784637639997, -7.0208863830600015, -6.054000783609999, -5.712893648049996, -6.456083985569997, -5.779005152549997, -6.031924465149998, -5.99147891588, -5.694300000000001, -6.187119440959993, -7.274273733829998, -6.731400000000007, -6.9794486734899985, -5.859682154849999, -5.846567342810004, -6.870786383060002, -5.701794507519997, -6.493467929279999, -5.935546156430002, -5.8858999999999995, -5.73205, -5.6825, -5.9205503182599974, -5.669100000000001, -6.547084275219999, -6.2055313960000005, -6.06879857285, -6.303668897529999, -5.681064178629998, -5.520699999999998, -5.851600249079997, -5.659000000000003, -6.084149999999999, -6.598543648049994, -6.445299019600002, -7.2634033787700005, -7.157387739239998, -7.086607300390001, -5.4721, -6.929064264799998, -5.938609219079999, -5.6675, -7.0895089111, -6.954016411069998, -6.287672760069996, -5.8519, -5.680544507520004, -5.835696513000001, -5.899232418340006, -6.777068754010004, -6.910981482380002, -7.477679400080003, -6.493253339849998, -5.69425, -5.876472192659999, -5.8740137079700006, -5.9455720981399995, -5.9750999999999985, -6.937567507099999, -6.2103667081100005, -7.187800519390001, -7.095789700040001, -5.829400001910002, -5.709394507519997, -6.93628454559, -5.9125999999999985, -6.256606594509999, -5.8069822826600035, -6.057467176359999, -5.473399999999999, -6.489983004169997, -5.822233750479998, -7.225164875290004, -6.74537870786, -7.231422753430003, -7.19814494638, -5.843655810740001, -7.113502346240001, -6.8391622509699985, -5.982756107029997, -5.712164610920001, -7.2496490195900005, -7.396269619520001, -7.08910606874, -6.617062260299998, -5.660619023480001, -5.573719619510001, -5.931257123760002, -5.392449999999999, -6.8375, -6.28519645732, -6.224878707860004, -6.654196373809999, -6.4910839855699995, -7.165008187540003, -7.2209797444299975, -6.881989700039998, -5.443350000000001, -5.599900000000002, -6.613024333480001, -6.232983992769999, -7.325000000000005, -7.1450545399199985, -6.702035770429998, -5.716821391669999, -7.357918487500004, -6.963889353930003, -5.655559219079999, -6.068372430690001, -6.8223897000400004, -5.782000000000005, -5.708999999999999, -5.8840723050300054, -7.246528939070001, -7.3306205999200005, -7.029388107000002, -7.143538200260001, -6.394451387970003, -5.891773901300002, -7.012810299960002, -6.796299999999999, -6.481900000000004, -6.54744822613, -7.35117743929, -6.8703000000000065, -7.204167507100002, -5.420900000000005, -5.844324200319999, -7.266349019600009, -7.068095494810002, -7.22351760034, -7.201800000000007, -7.035549019600003, -6.241061061909999, -5.952729871309999, -7.206310299959995, -6.197277685140001, -6.3912105198299995, -6.953299653890001, -7.157486146220001, -6.636772421680002, -7.201710299960004, -7.24752841969, -5.858818117409997, -6.99210818754, -5.2517000000000005, -6.369275710449997, -6.135792910900001, -7.203797519810001, -7.145072421680003, -7.268510299960002, -5.093167507099999, -5.977363630510001, -6.9887, -7.011458800169999, -7.2608490196, -6.5359000000000025, -7.207689700040004, -7.283400000000003, -7.273179400090004, -5.216600000000001, -5.773105494390003, -4.916767507100002, -5.077000000000001, -4.927000000000001, -5.1128675071, -6.694539236610001, -4.806300000000002, -5.024494260690005, -5.855990818049999, -5.416000000000004, -7.104057207140003, -7.121477287660001, -6.873776083110005, -5.671486061689999, -7.1834411998200025, -5.285199999999999, -7.059334300300001, -6.964300000000003, -6.809410299960006, -5.536267507100002, -5.517500000000001, -5.1385820351300024, -4.746223535580002, -4.263000000000004, -4.762121301100002, -5.302160110620003, -4.884374966739997, -5.376799999999999, -5.148799999999999, -4.973294260690006, -5.213734476090002, -4.884467507100001, -4.073767507100001, -5.663273704960001, -5.328233914089999, -7.259018487489995, -5.809705074000001, -7.339188474769998, -6.0258612237300015, -6.06145137655, -6.78581568285, -5.94480172391, -6.027505810739999, -5.810026719050001, -5.578779947090003, -6.869410299960002, -7.006392452129997, -6.8993457035700025, -5.6918999999999995, -6.685549205950002, -6.316448162110001, -5.767151183630001, -5.97600581074, -6.376170417530002, -5.715933466289999, -5.9136993873699994, -6.458315156459998, -5.84990995385, -6.7020347104399995, -5.8007738622, -6.268500000000006, -5.868605810739998, -5.817031379720005, -6.615343511579996, -6.019428616219999, -5.785378646030001, -5.800960256469995, -5.88065, -5.898083250019998, -5.932760566479998, -5.695949999999997, -6.7395670268, -6.49906910012, -5.95131059428, -5.849580488509999, -6.658436469689997, -5.717648198859998, -6.136356161799998, -5.70366056648, -5.877637356660002, -6.81435212481, -5.68355, -5.698800000000002, -6.807472219989995, -5.663800000000001, -5.70954395237, -5.930519424269999, -6.070287818499999, -6.189444917459993, -5.562950000000002, -5.869399999999997, -6.485822948859999, -6.02711461092, -7.226036239459997, -7.228538719639997, -5.604295691150001, -5.7014999999999985, -6.537568980339997, -5.6825905893, -6.9220575749099975, -5.842814610919999, -5.609049999999999, -5.562199999999998, -5.858649999999998, -7.2501962945499985, -5.984989353929999, -7.219447274950004, -6.51210421453, -5.85696396914, -7.040663237889995, -5.5328700827100015, -6.413038741300003, -5.892265294739998, -5.998439654880002, -5.765800000000001, -5.72427368376, -5.810755073999998, -5.964089431170004, -5.528699999999997, -7.112786073150004, -7.217499999999998, -6.003598210409997, -7.06771311338, -6.050713866589999, -6.143455807329999, -7.139957574909999, -5.47755581074, -6.015749999999998, -6.989216941070001, -5.786733594930001, -6.100587987509999, -6.164611509089997, -5.639164610919998, -6.954075427079997, -5.710104892630002, -5.555100000000001, -5.357400000000007, -7.124149769629998, -6.991681510200001, -7.004696662319998, -6.0684499999999995, -5.628699999999998, -5.8023945075200025, -7.45924727494, -6.322637592199998, -6.984464169420002, -6.137172512500002, -6.459336855040002, -5.791634838170003, -5.832693744840004, -7.39036910012, -7.258105229090001, -7.066872435510001, -7.07241669769, -6.762289700039998, -7.2192860731500055, -7.191484112350002, -5.967137416510005, -7.203764247980001, -7.166498039199992, -5.780807819770001, -6.182609727919999, -7.242910299959999, -6.376520285459998, -7.0686418248599985, -7.049957574909997, -6.105397266699996, -6.059499999999997, -7.341399999999997, -7.159400000000005, -7.101000000000003, -5.3694500000000005, -5.90252895273, -5.76581056648, -6.604735965519999, -7.2829477943399965, -7.382299999999992, -6.65231694721, -7.296169619510003, -5.7624999999999975, -6.661462121719996, -5.65106461092, -5.590067507100001, -6.158578035789999, -6.158794810069996, -5.814824196990002, -5.729850000000002, -5.730404633990002, -5.877300000000002, -7.149853212469997, -6.997800000000004, -7.195441199820001, -7.0731860731500005, -7.123312748190004, -5.778383401770004, -7.255069619509997, -5.772512467939997, -7.253274469380002, -5.429255281540001, -5.807221471950004, -4.9598, -4.87615, -5.999192806449998, -5.837720267340001, -6.237646933409998, -6.887921441280003, -4.9567669296600005, -5.378458896429997, -6.843371930770002, -6.434039791809998, -5.167546783080001, -5.374300000000002, -4.94021725511, -6.327851183630005, -6.696199999999999, -6.99965561411, -5.377235381959997, -5.50716416942, -5.582946662320001, -5.5283462137000035, -7.118168383950004, -6.148374490070003, -5.025783819059997, -5.464363951629998, -4.09961855663, -3.7282999999999986, -5.108478827359999, -4.829472146299999, -5.3277274392799985, -5.0498287582399985, -4.93118173238, -5.615365342539999, -4.4744165504500035, -5.520629383139999, -5.115248243019998, -5.258692401010002, -7.13981363534, -6.016832872030001, -5.849408348819997, -7.3093737338399976, -5.88385950676, -5.683152766129999, -5.829104849849996, -6.267497863849997, -5.67095, -7.294899999999999, -5.837531629759996, -6.546317457039999, -7.065641246429999, -6.939796662320005, -5.792782236390001, -7.274164169419997, -5.821406225820003, -5.631197885279999, -6.505876019539999, -6.332716226859994, -5.666353234129999, -5.965182319559998, -5.842955810740002, -6.92162807357, -5.607699999999999, -5.83402173993, -6.303225715429999, -6.7122531837300015, -7.1521051996899985, -5.745893648049999, -5.637182282660002, -5.7863012091399995, -7.077017262239999, -6.4692104098100005, -5.92308800576, -6.053359717779999, -7.203730240590001, -7.290025726549999, -5.961624237309998, -5.84419800526, -6.542035396619998, -5.900530931210002, -5.9804816462999995, -6.570283121369999, -7.014577807049997, -7.142081528089999, -6.1430100513499974, -6.047205714459999, -6.14939905971, -7.058744167449999, -7.075657207140003, -5.542505455699998, -5.85507069787, -5.553300000000002, -5.806192626900001, -6.348495451899998, -5.771580185989998, -7.284886073149997, -6.7675830453899986, -6.681646514090001, -5.760599999999999, -5.911355163840001, -6.357182590010001, -6.158388754309995, -5.724849999999996, -5.637250000000002, -7.156839087419997, -6.6883118328399975, -5.437933594930002, -5.811899999999998, -5.736139405069992, -5.8470241808099965, -5.86095, -5.496546701650001, -5.897795867479998, -5.713050000000002, -6.11538638306, -5.785666483339997, -5.982937953809999, -5.52465, -5.676299999999999, -7.286008187540005, -7.060490240859998, -6.078801694170002, -5.984923889499999, -6.923299488139996, -6.248665820599997, -6.139767239209999, -6.3629022044, -5.834122964179999, -7.022449041259997, -5.700180185990002, -7.161582026320001, -5.902105810740002, -7.224358266810004, -6.206240995799998, -7.2702099538499985, -5.837157528250006, -6.011065412369998, -5.635113267560001, -7.439810299960011, -7.258910299959999, -7.385370704880002, -7.386457574909994, -6.7957770931700034, -6.793047112329999, -7.194808187539994, -5.7354578197700015, -5.769100000000001, -6.288251543149998, -7.2456685139199974, -7.237747794340002, -6.505141174030001, -5.411500000000001, -7.41639514785, -6.087745871139999, -6.989450242569997, -7.143949041259999, -7.315145233300004, -7.2265593195600015, -7.125400000000002, -6.953239087409998, -6.047114445249999, -6.073333622299999, -7.063435092750002, -6.798244886159999, -7.193115149819999, -7.15505757491, -6.29069373768, -5.7557922156500005, -6.563757827559995, -5.676028646030004, -5.297177242980004, -6.934699999999998, -7.243790706860006, -6.558738741299999, -7.2535980392, -5.088399999999998, -7.106733348100002, -7.250549019599999, -7.156170323100002, -5.644133594930002, -5.276099999999999, -5.890751725600001, -5.327732881050001, -5.68245, -5.821051183630003, -5.5525, -6.4542786975499995, -7.280049019599999, -5.025706171379999, -5.47535, -5.254099999999998, -6.665968407899999, -6.109842719759997, -4.983925231989998, -5.988361826970001, -5.827276083109997, -4.847555482950003, -4.856382782069999, -4.9853795878500025, -6.1671807953699975, -4.76339709439, -4.877539760019998, -5.020861176770004, -4.861149748009999, -6.379113848689999, -4.91420139141, -5.274350000000002, -6.368244362820003, -6.736188107009997, -6.267748464020001, -5.0791, -6.12278419603, -6.909239087410004, -5.447513431070003, -5.910919713450004, -6.465886857609999, -6.640765437040004, -6.926678174820004, -4.2423000000000055, -5.925358374350001, -4.227200000000008, -6.801000000000003, -6.94037817482, -4.180200000000002, -4.686926515739995, -5.39594131948, -4.94641457386, -4.649686674329999, -4.8523884898699965, -4.93392308484, -4.660491318460002, -4.728598097239998, -4.77236666234, -5.3927958501500015, -5.357967985130002, -5.1999652353800005, -5.484520100150002, -5.47737303542, -4.992544725260002, -6.7943999999999996, -7.078778662260003, -5.956185243049999, -7.091025160559999, -6.6028451832299995, -6.875514860599999, -5.813918905810002, -6.351030696799999, -5.795378489680003, -7.014275590049998, -7.086145760480001, -6.1540916817000015, -6.437115353120001, -5.875309468109998, -6.33309375595, -6.055122641150002, -5.83627292364, -6.669078810370004, -5.920712453209994, -5.963547158189999, -6.770949019599998, -5.822260957770001, -5.791627666399998, -6.008901222960002, -5.9630120692999995, -7.1453724821200035, -6.592942568830001, -7.086198774739997, -5.710373614319998, -5.811753211059999, -6.84567695621, -5.848024142890003, -7.014996662319996, -6.207894524599998, -5.878649999999999, -5.8828, -5.701517834610005, -5.620051551500001, -5.703994260690003, -5.842293648049999, -5.643944507519997, -5.833096040820001, -6.417143648049997, -6.404782798589997, -5.5783000000000005, -6.37304802932, -5.917323201270001, -5.722294260690004, -5.68464585333, -5.48423871964, -5.960955398160001, -5.572650000000001, -5.843493648049999, -5.681253203479997, -6.303923672919999, -5.5347500000000025, -6.0045825604299985, -5.799067692480003, -5.6432910034800035, -5.848646393939999, -7.3077000000000005, -5.750023692680002, -6.322819144850002, -6.297768119729998, -5.82859670165, -5.651549999999999, -5.544445691149999, -7.3142980392, -6.999700000000001, -5.952128759009998, -5.7843456911499995, -7.316167507099997, -7.21991029996, -6.004036369379999, -5.650564435930001, -5.88565911844, -5.532150000000001, -5.772014610919997, -6.788357070170001, -5.883845691149999, -7.149478174829999, -5.84255124153, -5.773161846339999, -7.3054, -6.50486798276, -7.041002330649998, -5.983554568569998, -6.2165145196900005, -5.485550000000003, -5.556699999999999, -5.983464610919998, -5.496896701650001, -6.057183399089997, -5.783311846339999, -5.788493648050002, -5.837800000000003, -6.2824808264500005, -7.118331110399998, -5.693250000000001, -7.072486073149999, -6.43034091427, -5.834949999999997, -5.763641003479998, -6.848199999999999, -6.404649218189999, -7.159800000000001, -6.295484052489997, -7.0455102999599974, -5.8407018918700055, -6.339165234519995, -7.013028787449998, -6.901600000000007, -6.853675737, -7.310339087410001, -7.317057574909999, -6.408399932879997, -5.809309057069999, -5.831886910609998, -7.366808339159999, -5.914504699490001, -7.246756839369996, -5.932733401770004, -5.834600000000002, -7.152659728429995, -6.600850696100001, -7.17393908741, -7.221873293010001, -6.56292566556, -7.182265914070004, -5.813424197000001, -7.224838719640003, -7.230788474790002, -5.806868119729996, -6.008690283640002, -7.030623337360003, -7.161200000000004, -5.981812453209998, -6.32272843427, -6.136696635589999, -6.646475773189999, -5.48785118363, -5.834822927740001, -5.1313387196399995, -7.0750593195599984, -7.212220599920004, -6.9017390874099975, -7.098109396679998, -6.2519866786700025, -5.292199999999999, -5.737800000000001, -6.94129666232, -5.680654923609999, -6.563184864720001, -7.199149019600003, -7.267045314150005, -5.606841003480003, -6.009936055579999, -5.31145, -7.152395926780002, -7.215238719640001, -6.524445265450002, -7.154225449780004, -5.498049999999997, -5.718460956880002, -5.300499999999999, -7.057318119729997, -7.228098039200001, -5.414654849849999, -5.076403846769999, -5.65848973707, -5.350049999999998, -5.58055933409, -4.96385068655, -6.822576570540004, -5.132031905360001, -5.4259646568500015, -4.8827942606900026, -4.845516014559999, -6.393641459229998, -5.355002671269999, -5.493096701650002, -5.378296733740002, -5.89985897624, -6.719652717930002, -5.444144946379998, -5.51390308569, -6.6822390874099975, -6.7309214551100025, -7.0565543591900015, -3.8243999999999985, -6.898704503750002, -5.1051268200900015, -4.09600291072, -4.244068843150006, -5.232361767789996, -5.1387392287299996, -5.471388719640001, -5.5326292023100025, -4.65804013327, -5.30939974801, -5.43071868022]","0     -7.22
1     -6.21
2     -7.24
3     -5.92
4     -5.96
       ... 
247   -6.00
248   -3.99
249   -5.24
250   -4.77
251   -4.71
Name: Permeability, Length: 252, dtype: float64","[array([-6.36759068, -5.99680893, -5.87781327, -5.83330121, -5.81530048,
       -7.04056185, -5.80609365, -6.95118834, -7.25886089, -6.78940937,
       -6.04071693, -5.82839909, -5.87464891, -5.83405   , -6.05478097,
       -6.10974329, -6.15328167, -7.0901303 , -5.98888688, -6.5261439 ,
       -6.10512164, -6.43093479, -5.54418872, -5.9427494 , -5.88520121,
       -5.90058572, -5.74173359, -5.913241  , -6.14629583, -5.75605054,
       -6.71887908, -6.42571735, -5.7087    , -6.6921045 , -5.8207    ,
       -6.24623167, -5.72942593, -6.99723909, -6.21180568, -5.58473542,
       -6.47465251, -5.86853359, -5.93853734, -6.01165267, -5.74811178,
       -5.92232906, -6.82124765, -6.20142942, -5.97961768, -5.65595   ,
       -6.93658607, -6.87445251, -5.8936    , -5.4892    , -6.34857505,
       -5.8959    , -6.24863641, -6.3428421 , -5.56454451, -6.65798567,
       -5.72283307, -6.07997796, -5.92109668, -5.7496485 , -5.76443891,
       -6.22274593, -7.07902153, -5.44403872, -5.70315581, -6.03753668,
       -5.737     , -6.961     , -5.646041  , -6.83745757, -5.76775   ,
       -5.82025645, -5.90401112, -5.88611962, -6.0611695 , -6.77278048,
       -6.3763746 , -6.31483882, -6.0594552 , -5.81450118, -5.7849    ,
       -5.457091  , -6.74501798, -6.60902974, -6.92240871, -6.94960922,
       -7.1374241 , -7.10052707, -5.95133051, -6.00928038, -6.23027415,
       -7.18711461, -5.72570702, -6.03536891, -5.88817759, -5.79909482,
       -7.05648607, -7.04839637, -7.05104842, -6.18329458, -5.78605581,
       -5.85622724, -5.589891  , -7.1044    , -6.54542614, -6.7064    ,
       -6.23300616, -5.89392577, -5.97490959, -6.48990022, -5.5768    ,
       -6.87784656, -6.19946402, -6.18529939, -6.30105878, -5.698     ,
       -5.720941  , -6.47760799, -5.87493359, -7.0458    , -5.63058872,
       -5.89749547, -7.1510103 , -6.34284455, -5.44312145, -6.04436778,
       -7.30092382, -7.17567466, -6.02269221, -5.9646967 , -6.7014    ,
       -5.5486467 , -6.14297689, -5.8552    , -7.0273    , -6.91407236,
       -7.16849637, -7.01044661, -6.85344961, -7.09649612, -7.21794365,
       -5.78716185, -7.1234    , -6.40747745, -5.4559    , -7.20734727,
       -6.52422238, -6.74927817, -6.791     , -5.85982749, -6.84503909,
       -7.52955199, -7.13265932, -7.2175026 , -6.75703899, -7.32046539,
       -7.32198774, -7.19385757, -5.85551631, -6.35090321, -7.30904365,
       -6.67148339, -7.19472479, -6.8803    , -5.79690922, -7.29696022,
       -7.1140794 , -5.5981    , -7.1367    , -6.35586994, -7.23274487,
       -5.88691116, -6.9403    , -6.13930922, -6.06972405, -6.12436669,
       -6.31187612, -6.68291812, -6.9788103 , -5.80083597, -5.67255549,
       -6.3102    , -6.63301219, -7.14532668, -6.26972407, -5.82074101,
       -7.20573366, -6.74101465, -7.01820819, -5.44528416, -7.2756    ,
       -6.13609659, -6.73968059, -6.21572058, -6.29658638, -7.17333509,
       -5.83      , -5.9255    , -6.80985217, -5.93402272, -6.65779125,
       -6.23758273, -5.81539255, -6.57730974, -6.4864993 , -4.92469666,
       -5.24673877, -5.19766485, -4.97289136, -5.45913998, -5.03499666,
       -5.70881267, -5.08939426, -6.76935186, -4.84325   , -5.74399134,
       -5.69095899, -5.68681319, -5.28079666, -6.8042    , -5.19077542,
       -5.39688388, -6.12347149, -5.79385291, -7.0457897 , -6.90105321,
       -6.7850001 , -6.02263199, -5.57159471, -7.08727207, -4.16944666,
       -4.79580172, -4.74473886, -4.45950682, -5.51885   , -5.11165291,
       -4.4098    , -4.51798999, -5.49299666, -4.90980856, -4.97464604,
       -4.52689332, -5.0873685 , -5.20317515, -4.00514307, -4.96362876,
       -4.62316182, -4.98456487]), array([-6.37011549, -5.92200978, -5.86798228, -5.8170729 , -5.86844285,
       -7.0142    , -5.7678    , -6.93538218, -7.11354691, -6.81356751,
       -6.03874271, -5.84267113, -6.00526768, -5.8612    , -5.97733063,
       -6.02803026, -6.14251581, -6.95224619, -5.91723576, -6.48597869,
       -6.17022822, -6.41710434, -5.55256751, -5.98576025, -5.6788    ,
       -5.95605933, -5.81267284, -5.86049833, -6.09154163, -5.78766542,
       -6.80364049, -6.52067025, -5.70005   , -6.65336366, -5.82882369,
       -6.28764748, -5.71901962, -6.95533751, -6.30837605, -5.61339914,
       -6.4421758 , -5.86997452, -6.00989612, -6.00224662, -5.86300306,
       -6.00542451, -6.72803168, -6.18892222, -5.96852865, -5.6201    ,
       -6.90347556, -6.87175341, -5.87575424, -5.4963    , -6.26564426,
       -5.86292161, -6.27109762, -6.31208852, -5.5693    , -6.71209717,
       -5.81909057, -6.06160922, -5.96365788, -5.71649939, -5.72193131,
       -6.32965211, -7.04403755, -5.4717    , -5.8106    , -5.86727633,
       -5.69056057, -6.9517103 , -5.6482    , -6.9454    , -5.72281413,
       -5.89974922, -5.94287881, -5.85637866, -6.15561687, -6.76194608,
       -6.39196962, -6.38693871, -6.04612699, -5.88118228, -5.7835    ,
       -5.4642    , -6.6902794 , -6.6470876 , -6.9813    , -7.00538638,
       -7.11519142, -7.24437843, -5.93728455, -5.97855623, -6.19512297,
       -7.15480938, -5.67737284, -6.00519038, -5.91826477, -5.8391723 ,
       -7.06012842, -7.2144    , -6.8696935 , -6.20241695, -5.82811185,
       -5.8668967 , -5.61265   , -7.272     , -6.53261941, -6.66190333,
       -6.27153357, -5.90804939, -6.03059117, -6.51833312, -5.5803    ,
       -6.7637897 , -6.14689877, -6.14565774, -6.24924365, -5.71980549,
       -5.74330581, -6.5027934 , -5.82639451, -6.9666    , -5.65293558,
       -5.87942214, -7.09250819, -6.29983836, -5.44825   , -6.02204143,
       -7.3410485 , -7.0902206 , -6.03143862, -6.00218993, -6.7717    ,
       -5.49974702, -6.15870995, -6.03686673, -7.0385    , -6.84067865,
       -7.1346588 , -6.94136893, -6.77934043, -7.13029095, -7.30344902,
       -5.8294949 , -6.91481812, -6.35259453, -5.45695   , -7.2071103 ,
       -6.4536367 , -6.7395206 , -6.70180959, -5.80662901, -6.874     ,
       -7.35592842, -7.1007103 , -7.1315206 , -6.66478516, -7.31427744,
       -7.3962    , -7.2214    , -5.83923754, -6.30700417, -7.36783872,
       -6.64584939, -7.03364639, -6.8829    , -5.75807113, -7.33838526,
       -7.0650691 , -5.60916185, -7.0756691 , -6.29645515, -7.18875932,
       -5.92509762, -6.9777103 , -6.08101162, -5.95125   , -6.11799311,
       -6.31275693, -6.6698897 , -6.9046    , -5.83052771, -5.70765959,
       -6.3295346 , -6.61188521, -7.15829752, -6.31725861, -5.79561333,
       -7.31713872, -6.7479897 , -6.92502596, -5.43067242, -7.2097    ,
       -6.21724868, -6.7407897 , -6.26979718, -6.16348066, -7.20638774,
       -5.94993881, -5.93522386, -6.8100897 , -5.84091123, -6.57009836,
       -6.08034365, -5.78263708, -6.60456163, -6.4175618 , -4.9389    ,
       -5.30252927, -5.28556067, -5.09449426, -5.49323965, -5.00699241,
       -5.71573921, -5.08916751, -6.7262897 , -4.9317    , -5.84535849,
       -5.67408704, -5.78336878, -5.2057    , -6.64348935, -5.1176    ,
       -5.3371    , -6.10630016, -5.89232117, -6.94216699, -6.9986691 ,
       -6.5709045 , -6.10028638, -5.57253501, -7.01566999, -4.0074    ,
       -4.74237   , -4.75441453, -4.42278667, -5.48634939, -4.97517215,
       -4.3126    , -4.5371    , -5.50698147, -4.92982244, -4.98366641,
       -4.5544    , -5.11710447, -5.1925438 , -4.0005    , -4.90916796,
       -4.57666751, -4.94192027]), array([-6.37855897, -6.00264902, -5.89161461, -5.77430507, -5.86163192,
       -6.94769029, -5.82082485, -6.98167897, -7.24124088, -6.77760528,
       -6.01747899, -5.83150324, -5.9855892 , -5.9178    , -6.00768843,
       -6.09032864, -6.13057718, -7.03064545, -5.8989976 , -6.5167801 ,
       -6.12360659, -6.44779372, -5.53355   , -5.93514524, -5.8743    ,
       -5.97481505, -5.73757795, -5.95017232, -6.0573193 , -5.80135   ,
       -6.74153056, -6.30643455, -5.7462    , -6.64165155, -5.82940237,
       -6.37595991, -5.70948952, -6.85581442, -6.31834908, -5.55645   ,
       -6.4605345 , -6.01940995, -5.8241564 , -6.05306057, -5.77392298,
       -5.96476792, -6.71608737, -6.2424    , -5.9528    , -5.63295643,
       -6.86841587, -6.84960265, -5.95105581, -5.51565   , -6.21124501,
       -5.87237242, -6.39330733, -6.34431814, -5.61024451, -6.5958794 ,
       -5.77995002, -6.09795   , -5.96540581, -5.70715959, -5.71993359,
       -6.26275013, -7.08004006, -5.5008    , -5.8221    , -6.07515   ,
       -5.7001    , -6.955     , -5.65545   , -6.94715969, -5.77175   ,
       -5.88105967, -5.87649726, -5.87270699, -6.23751242, -6.75886516,
       -6.35964278, -6.38546178, -6.13075721, -5.85352865, -5.80303874,
       -5.54795   , -6.77745723, -6.62769774, -7.00646787, -6.92161482,
       -7.12973599, -7.25291294, -5.95095797, -5.98812284, -6.21548295,
       -7.20787046, -5.79365   , -6.03369424, -5.90592563, -5.8541155 ,
       -7.0375    , -7.19905757, -7.05382114, -6.24537577, -5.80036962,
       -5.83585   , -5.66710121, -7.21269965, -6.53316407, -6.66620319,
       -6.20675602, -6.06358799, -6.07868742, -6.5082447 , -5.65133047,
       -6.85130456, -6.22356576, -6.18520816, -6.2554902 , -5.6994781 ,
       -5.81191674, -6.50737455, -5.9749669 , -7.01025757, -5.67068478,
       -5.8520781 , -7.08146425, -6.35868638, -5.59115   , -6.10335995,
       -7.33872349, -7.14905785, -6.03512645, -6.0096108 , -6.70243   ,
       -5.51243359, -6.158964  , -6.01026162, -7.06128607, -6.82060521,
       -7.12607569, -6.96275449, -6.77976841, -7.1297232 , -7.1597    ,
       -5.8064904 , -7.0252    , -6.4338933 , -5.5065    , -7.13626751,
       -6.41888504, -6.7720103 , -6.75996939, -5.82803733, -6.82197577,
       -7.51295721, -7.13986787, -7.16640122, -6.68529087, -7.29450142,
       -7.38086962, -7.1711    , -5.86001588, -6.28354939, -7.40312842,
       -6.65577577, -6.96632479, -6.8668    , -5.72422042, -7.41516951,
       -6.94236417, -5.58503872, -7.0166535 , -6.40747577, -7.22229804,
       -5.93946582, -7.05007817, -6.08515   , -6.00210768, -6.073311  ,
       -6.28642178, -6.6084897 , -6.943     , -5.8001598 , -5.66653019,
       -6.36043075, -6.62448935, -7.02092668, -6.31905   , -5.81269451,
       -7.33684902, -6.8217    , -6.95233436, -5.43308501, -7.2717    ,
       -6.15267901, -6.74793577, -6.2952015 , -6.31964819, -7.10714568,
       -5.93225739, -5.98675581, -6.80175757, -5.85533176, -6.70108935,
       -6.17555118, -5.81149788, -6.5827    , -6.46015897, -4.9396    ,
       -5.30792373, -5.31496616, -5.15613204, -5.54444149, -5.02677215,
       -5.7260292 , -5.06747985, -6.82215969, -4.77986751, -5.73357525,
       -5.64557768, -5.75883478, -5.30571751, -6.61047574, -5.13562985,
       -5.38862744, -6.22268374, -5.83515887, -7.0415897 , -6.934682  ,
       -6.60038935, -6.12381705, -5.56545686, -7.0678897 , -4.0929    ,
       -4.77685331, -4.72576551, -4.55788306, -5.57457018, -5.00646285,
       -4.32447215, -4.60202045, -5.33906751, -4.93990511, -4.96097509,
       -4.6301    , -5.11068574, -5.17915392, -4.08429666, -4.90043313,
       -4.65383482, -4.92523561]), array([-6.40391407, -5.91761832, -5.86252843, -5.86952569, -5.88558078,
       -6.98275843, -5.84735   , -6.89745746, -7.17935264, -6.82658638,
       -6.04762416, -5.85711821, -6.04779014, -5.78739365, -6.01974085,
       -6.00450979, -6.17161377, -7.03108417, -5.98539159, -6.52996313,
       -6.17866539, -6.45271812, -5.5302    , -5.94458742, -5.89936185,
       -5.90398496, -5.73119413, -5.88704192, -6.08572279, -5.79811962,
       -6.68157376, -6.36521388, -5.74305   , -6.63301831, -5.8548    ,
       -6.24832464, -5.74409205, -6.9039717 , -6.28709138, -5.59877382,
       -6.46465621, -5.85310782, -5.94007642, -6.02002544, -5.81407801,
       -5.99376542, -6.77300555, -6.18686989, -5.95153228, -5.6526355 ,
       -6.75364675, -6.90243716, -5.87648966, -5.4633    , -6.24749673,
       -5.93483066, -6.30118496, -6.29738321, -5.57950818, -6.69610121,
       -5.77272994, -6.09044312, -5.97104495, -5.76023189, -5.76450121,
       -6.28474189, -7.07729806, -5.49270959, -5.80541057, -5.98200721,
       -5.6977467 , -6.9492    , -5.70509968, -6.92572844, -5.7401    ,
       -5.91144958, -5.94322379, -5.89938089, -6.20828105, -6.67238757,
       -6.30593999, -6.38611426, -6.04154141, -5.89541954, -5.796691  ,
       -5.51765   , -6.78646863, -6.50983646, -7.04552719, -6.9175206 ,
       -7.13750742, -7.25968562, -5.92488695, -6.00983491, -6.16359501,
       -7.17400795, -5.70315251, -5.99937823, -5.91898821, -5.76616001,
       -7.07944867, -7.17496787, -7.03702114, -6.23254367, -5.85685485,
       -5.83300738, -5.6323    , -7.25548607, -6.54224396, -6.62004561,
       -6.21357742, -5.89284365, -6.057959  , -6.53392445, -5.55825   ,
       -6.81099384, -6.13317741, -6.13599939, -6.26325721, -5.71160731,
       -5.73880581, -6.49258653, -5.96180709, -7.01246787, -5.66157524,
       -5.94923911, -7.0773    , -6.32277216, -5.5289    , -5.97937463,
       -7.29058782, -7.09217621, -5.99395916, -6.00706244, -6.70838935,
       -5.4795    , -6.1353324 , -6.02270022, -7.10720696, -6.87598973,
       -7.2747438 , -6.96968745, -6.84470661, -7.13333133, -7.2577103 ,
       -5.90205148, -6.96608607, -6.4396498 , -5.5586    , -7.27964539,
       -6.42761834, -6.73677781, -6.71632923, -5.80557807, -6.85      ,
       -7.55943872, -7.1098897 , -7.1956    , -6.61837701, -7.34094784,
       -7.37740659, -7.2152    , -5.87945385, -6.24531005, -7.3607    ,
       -6.67436247, -7.06855757, -6.88122516, -5.76843359, -7.35007141,
       -7.0652206 , -5.65476185, -7.05514939, -6.42747295, -7.16222471,
       -5.88292724, -7.01885721, -6.09742496, -5.9261    , -6.15065811,
       -6.46299489, -6.6412897 , -6.9252    , -5.88951017, -5.70046025,
       -6.4329818 , -6.61892058, -7.10676054, -6.31785148, -5.81985782,
       -7.3429206 , -6.7782    , -6.94599632, -5.44270782, -7.2449691 ,
       -6.24579596, -6.73715318, -6.30426416, -6.30372251, -7.1393    ,
       -5.928379  , -5.95149232, -6.81671451, -5.91626427, -6.62325143,
       -6.27351689, -5.84319062, -6.56703087, -6.46638499, -4.9551    ,
       -5.27708494, -5.36500566, -5.09088908, -5.51287215, -5.07937385,
       -5.73772476, -5.0907    , -6.748167  , -4.83857215, -5.72802837,
       -5.71094834, -5.72376219, -5.18912215, -6.663     , -5.04994975,
       -5.40338872, -6.10854306, -5.81554569, -6.99828935, -6.93573909,
       -6.62156265, -6.02663228, -5.5156399 , -6.9868    , -3.9997    ,
       -4.81135395, -4.76323952, -4.53912627, -5.5276967 , -5.00625493,
       -4.2921    , -4.60228574, -5.40159241, -4.80683425, -4.90649077,
       -4.54861453, -5.09980437, -5.07648173, -3.98969666, -4.80523934,
       -4.63866639, -4.95823213]), array([-6.38701333, -5.99870087, -5.85644035, -5.83708742, -5.84863229,
       -7.0039176 , -5.81956648, -6.96934037, -7.20927412, -6.81531517,
       -6.05262682, -5.79960049, -5.95934567, -5.90883359, -6.03850839,
       -6.09353929, -6.11486122, -7.06961397, -5.91137434, -6.46028535,
       -6.1625    , -6.40648935, -5.56025   , -5.96141044, -5.87321185,
       -5.91084365, -5.76944365, -5.87117255, -6.14303919, -5.79162284,
       -6.69419955, -6.31425935, -5.70872581, -6.63669261, -5.79490485,
       -6.29609246, -5.70941626, -6.95969296, -6.28673662, -5.50649451,
       -6.42147081, -5.85690071, -5.90058864, -6.02285   , -5.77596473,
       -5.93040239, -6.76078636, -6.1528223 , -5.94099357, -5.66027101,
       -6.89405155, -6.85744206, -5.90862284, -5.48588872, -6.27770596,
       -5.92652284, -6.28845722, -6.34238935, -5.55235092, -6.66526998,
       -5.76911624, -6.09257949, -6.00018003, -5.67550922, -5.74249544,
       -6.17736742, -7.13325385, -5.4445    , -5.80562284, -5.99550485,
       -5.68121461, -6.93636787, -5.6638281 , -6.86951517, -5.76425118,
       -5.87730294, -5.93435346, -5.8493967 , -6.16524468, -6.68847223,
       -6.30065749, -6.37671745, -6.15705   , -5.8634    , -5.91459451,
       -5.590741  , -6.71726578, -6.53152402, -7.0185897 , -6.9579    ,
       -7.12806104, -7.28516318, -5.99343235, -6.0205355 , -6.19636891,
       -7.16633719, -5.72869585, -5.98433704, -5.89303278, -5.81730237,
       -7.0252388 , -7.19345757, -7.04936659, -6.20058469, -5.83660912,
       -5.8786463 , -5.633141  , -7.1856    , -6.5901054 , -6.65151482,
       -6.29797856, -5.91342284, -6.04700778, -6.53581864, -5.55015392,
       -6.73835517, -6.14196555, -6.18350768, -6.30084365, -5.71340121,
       -5.82910118, -6.48130747, -5.84701454, -7.0821    , -5.70842316,
       -5.80711846, -7.03670819, -6.21293521, -5.45045   , -6.05817367,
       -7.36298351, -7.18013623, -5.98601351, -5.98175861, -6.71368935,
       -5.52158359, -6.11540216, -6.04145549, -7.1333    , -6.83175684,
       -7.12875387, -6.98877316, -6.77739433, -7.16109733, -7.26852668,
       -5.83133148, -7.06103909, -6.38751841, -5.52745   , -7.29028935,
       -6.42789967, -7.10922708, -6.72777577, -5.71773478, -6.77820502,
       -7.50823698, -7.0361206 , -7.15622479, -6.60853576, -7.34991079,
       -7.3116    , -7.25853872, -5.7964905 , -6.2961408 , -7.36443697,
       -6.62620319, -7.09291275, -7.0054    , -5.82310378, -7.34079935,
       -7.04021515, -5.66888786, -7.01970659, -6.39683909, -7.24238607,
       -5.90659896, -7.00266454, -6.14398888, -5.92320338, -6.13946487,
       -6.37696997, -6.66782445, -6.99875757, -5.84751144, -5.59711178,
       -6.33144453, -6.62283423, -7.13613713, -6.27292908, -5.82140312,
       -7.3456206 , -6.74627242, -7.02127484, -5.4059    , -7.2501    ,
       -6.15637688, -6.7498    , -6.27513033, -6.16286053, -7.13551515,
       -5.93741714, -5.98403499, -6.91245387, -5.91709092, -6.72905757,
       -6.1284    , -5.85996856, -6.681     , -6.38663475, -4.96507215,
       -5.43738538, -5.37324157, -5.25850049, -5.66001751, -4.98635824,
       -5.66398965, -5.10544975, -6.73906841, -4.7891    , -5.78926025,
       -5.72102313, -5.72781984, -5.16886751, -6.6668    , -5.11521881,
       -5.29099332, -6.12352365, -5.90963656, -6.99464939, -6.9235    ,
       -6.59684867, -6.09650622, -5.57785   , -6.95263427, -4.03676641,
       -4.8165964 , -4.65963915, -4.6197957 , -5.55674666, -5.19955309,
       -4.36250959, -4.45920625, -5.36456417, -4.90741386, -4.9577288 ,
       -4.53772523, -5.04452459, -5.37903538, -4.12330625, -4.88650959,
       -4.76533148, -4.95272215])]","[-6.38143851 -5.96755738 -5.87127579 -5.82625846 -5.85591766 -6.99782563
 -5.812327   -6.94700946 -7.20045509 -6.80449674 -6.03943792 -5.83185843
 -5.97452832 -5.86185545 -6.01960985 -6.06523026 -6.14256993 -7.03474402
 -5.94037723 -6.50383023 -6.14802437 -6.43100806 -5.54415125 -5.95393055
 -5.84217498 -5.92925774 -5.75852443 -5.89642522 -6.10478375 -5.78696168
 -6.72796469 -6.38645908 -5.72134516 -6.65136612 -5.82572618 -6.29085123
 -5.72228868 -6.93441113 -6.28247176 -5.57197058 -6.45269797 -5.89358532
 -5.92265098 -6.02196706 -5.79501611 -5.96333786 -6.75983172 -6.19448876
 -5.95869444 -5.64438259 -6.87123516 -6.87113755 -5.90110451 -5.49006774
 -6.2701334  -5.8985095  -6.30053671 -6.32780427 -5.57518962 -6.66546669
 -5.77274397 -6.08451196 -5.96427707 -5.72180972 -5.74266009 -6.2554515
 -7.08273021 -5.47074966 -5.78937784 -5.99149501 -5.70132438 -6.95065563
 -5.66372376 -6.90505217 -5.75333306 -5.87796357 -5.92019289 -5.87279657
 -6.1655649  -6.73089031 -6.3469169  -6.3700142  -6.08698616 -5.86160633
 -5.81654485 -5.5155264  -6.74329781 -6.58503511 -6.9948587  -6.95040621
 -7.12958399 -7.22853345 -5.95157846 -6.00126597 -6.2001688  -7.17802792
 -5.72571564 -6.01159376 -5.9048778  -5.815169   -7.05176039 -7.16605588
 -7.01219016 -6.21284313 -5.82160025 -5.85412552 -5.62701664 -7.20603715
 -6.54871179 -6.66121339 -6.24457034 -5.93436593 -6.03783099 -6.51724423
 -5.58336688 -6.80845797 -6.16901431 -6.16713447 -6.2739787  -5.70845842
 -5.76881411 -6.49233399 -5.89702333 -7.02344509 -5.6648415  -5.87707066
 -7.08779818 -6.30741533 -5.49237429 -6.04146349 -7.32685343 -7.13745311
 -6.01384599 -5.9930637  -6.71952174 -5.51238218 -6.14227708 -5.99329681
 -7.07351861 -6.85662056 -7.16654571 -6.97460613 -6.80693188 -7.13018779
 -7.24146593 -5.83130602 -7.01810866 -6.4042267  -5.50108    -7.22413197
 -6.45045242 -6.82136279 -6.7393768  -5.80356134 -6.83384398 -7.49322266
 -7.10384956 -7.17344984 -6.66680556 -7.32402058 -7.35761279 -7.21201926
 -5.84614282 -6.29658152 -7.36102955 -6.65473484 -7.07123326 -6.90332503
 -5.77414763 -7.34827715 -7.04538968 -5.62319005 -7.06077572 -6.37682258
 -7.2096826  -5.90820016 -6.99792204 -6.10937694 -5.97447702 -6.12115876
 -6.35020394 -6.65408233 -6.95007357 -5.83370902 -5.66886346 -6.35291833
 -6.62222831 -7.11348971 -6.29936265 -5.81406196 -7.30965252 -6.76703535
 -6.97256793 -5.43152988 -7.25041382 -6.18163942 -6.74307185 -6.27202275
 -6.24925965 -7.15233673 -5.91559847 -5.9566014  -6.83017357 -5.89272418
 -6.6562576  -6.17907889 -5.82253734 -6.60252045 -6.44344796 -4.94467376
 -5.31433242 -5.30728778 -5.11458144 -5.53394215 -5.02689866 -5.7104591
 -5.08843827 -6.76100733 -4.83649793 -5.76804274 -5.68851904 -5.73611976
 -5.23004076 -6.67759302 -5.12183477 -5.36339867 -6.13690442 -5.84930304
 -7.00449703 -6.93872868 -6.63494106 -6.07397478 -5.5606153  -7.0220532
 -4.06124261 -4.78859508 -4.72955951 -4.5198197  -5.53284259 -5.05981918
 -4.34029635 -4.54372049 -5.42104044 -4.89875684 -4.95670142 -4.55954662
 -5.09189753 -5.206078   -4.04058853 -4.89299576 -4.6515324  -4.952535  ]","[0.0131491  0.03905249 0.0123601  0.03105623 0.02354683 0.03121599
 0.02597207 0.02935541 0.05128516 0.01809999 0.01204388 0.01901389
 0.05769047 0.04828016 0.02654744 0.04119115 0.0193385  0.04715854
 0.03864828 0.02669592 0.02855976 0.01759301 0.01128741 0.01807915
 0.08222929 0.03031063 0.03006297 0.03221182 0.03457826 0.01618174
 0.04309434 0.07952602 0.01929505 0.02149387 0.01920215 0.04707576
 0.01316459 0.04925127 0.03739369 0.03775099 0.01882692 0.06324727
 0.06058988 0.01712681 0.03998368 0.03306247 0.03707071 0.02887486
 0.01366642 0.01532683 0.06271484 0.01812375 0.0277723  0.01689984
 0.04519038 0.02849711 0.04962464 0.01941131 0.01958115 0.04002817
 0.03067309 0.01285253 0.02530229 0.03045595 0.01948104 0.05212237
 0.02863655 0.02361645 0.0435346  0.07022018 0.01901216 0.00816395
 0.02160602 0.04395545 0.01882953 0.03141993 0.02614097 0.01844635
 0.05999764 0.04177009 0.03709041 0.02783356 0.04757625 0.02761852
 0.04956548 0.05052154 0.03611693 0.05434083 0.04170868 0.0315912
 0.0081699  0.06543461 0.02310388 0.01547544 0.0224428  0.01824872
 0.0386525  0.01993409 0.01263815 0.03084737 0.01879229 0.06016694
 0.07148016 0.02270936 0.02539567 0.01759977 0.02552218 0.05931015
 0.02129204 0.02777068 0.034939   0.06509842 0.03512867 0.01704764
 0.03579256 0.05208972 0.03579961 0.02170414 0.02246621 0.0084039
 0.04320966 0.01161138 0.06041424 0.03864172 0.02553107 0.0472206
 0.03681976 0.05119314 0.05868766 0.04086828 0.02696413 0.03923854
 0.02005366 0.01723688 0.02646145 0.02298116 0.01624483 0.06991522
 0.04054829 0.0341916  0.05620223 0.02347173 0.03453241 0.02049701
 0.04914678 0.03891715 0.07260146 0.03190774 0.04005494 0.05612516
 0.03867471 0.14446486 0.03214368 0.0472115  0.03235862 0.07094925
 0.03677192 0.03011884 0.05334521 0.0196763  0.03408216 0.02921098
 0.02793916 0.03422944 0.03010958 0.01766266 0.07502783 0.05135974
 0.03375981 0.03811824 0.05681523 0.03276246 0.04393497 0.04648371
 0.02983478 0.02171438 0.03717485 0.02693813 0.05539723 0.02651432
 0.06383993 0.02650495 0.03444563 0.03322825 0.03916855 0.04312627
 0.00692376 0.04928983 0.02292105 0.00973978 0.05290613 0.030278
 0.03957545 0.0139583  0.0235576  0.04227323 0.00491254 0.03085873
 0.07068722 0.03422746 0.04341261 0.02494911 0.04141252 0.03724572
 0.05625815 0.0702434  0.02680523 0.0411124  0.0362122  0.01402116
 0.06523602 0.06360734 0.0932524  0.06884945 0.03117378 0.02520255
 0.01212606 0.03364743 0.05397573 0.0442618  0.02689902 0.03286694
 0.0535016  0.06637253 0.04510494 0.0431071  0.04349383 0.04450849
 0.03768686 0.03246389 0.07673621 0.04138022 0.02282932 0.04991394
 0.06323909 0.0269392  0.03711005 0.07052633 0.03064796 0.08377762
 0.04162828 0.05417992 0.06760313 0.04755018 0.02679384 0.03651353
 0.02575117 0.09759709 0.05330305 0.05108647 0.06249913 0.0195772 ]"
7,LinearRegression,"[-5.890614712906214, -6.693288257706414, -7.7409224170449, -5.647537127665388, -4.732179593590232, -6.44706005554032, -6.728846188549839, -6.004454146361938, -5.662184726240199, -6.33648644201891, -8.60816011115891, -5.021031362984346, -8.25395368051774, -5.830389132509269, -5.744911060490964, -6.899634736609884, -5.83937632259837, -5.516333682001247, -5.603111355380649, -5.2072635805204905, -5.7998407697348435, -6.573914436060265, -4.484454374662861, -6.990050353907251, -6.107282453173654, -6.788408730867347, -6.743551979588362, -8.53558057334591, -7.574921525400684, -9.058963900683707, -5.349334369810792, -5.087548109343303, -8.126116401185541, -6.208828346451598, -6.499345081397011, -7.3746495970379025, -6.532754779375652, -4.997140755153638, -5.7835891640177275, -6.334413106946855, -6.678206276181997, -8.828050507629783, -5.346077650993508, -8.723473026137768, -5.463445076519535, -4.60724493132581, -6.850541591503103, -8.634346829655229, -5.38093428113713, -7.438131688065156, -4.854294096356868, -7.524806683858302, -4.599032562303152, -3.904004215383581, -8.60676159174615, -7.224891799273579, -4.68476402406374, -6.868350559005891, -6.682711452613845, -5.684576875068857, -6.520656608900723, -6.25061033219096, -4.549178937541698, -6.640283780664292, -6.954711189701599, -6.434485281021595, -7.026117434465747, -6.089625838180624, -9.22682940889787, -6.185308573386252, -5.263285197722113, -5.160936698598349, -6.8302504971986915, -7.7971706281575885, -6.462646218814158, -7.004390559476421, -5.434325153681827, -7.735821226528757, -7.187661240187269, -7.062937858285992, -6.33316170961031, -5.799281683863925, -7.659614804437994, -6.574597451665583, -5.657026601115619, -8.492549178660525, -6.4981832726087, -5.76551788628855, -4.4324736010719485, -7.691776801236089, -7.660426834013166, -5.793623860333143, -6.019573781076148, -6.51626069186456, -3.551745298875873, -7.74046420763331, -8.017562854742906, -6.992447256202255, -6.975570885403401, -8.17921509604345, -6.460802967140595, -6.301679663699148, -6.321784591045586, -5.561970380646714, -6.440279003906441, -7.265608390826643, -3.9819871383267733, -5.609602624372898, -7.558164267965155, -8.814587002158774, -6.043215543152443, -6.738080776228132, -5.23732324490699, -6.867743034560378, -6.397215049203411, -6.628823036958026, -6.990394905766849, -7.03200936862119, -6.823767151164035, -6.548376524999882, -6.97954860653114, -5.889352782905704, -5.106038757954381, -7.124995857594301, -7.633567561676288, -7.611161344616236, -7.272832765917671, -6.683631755881621, -7.212729114366781, -6.312771744326498, -6.6022995588762265, -7.455076794217136, -6.108333727596588, -6.982519693560577, -6.947623458593413, -5.973271183892181, -6.813512272511404, -7.480265903829392, -5.0714024443484655, -6.427931328279343, -8.537390596121227, -3.6584458680633967, -5.223138897684081, -8.161315201960647, -6.055924833159922, -5.150717760033118, -7.914004921655548, -6.499022191103692, -9.276746859152595, -6.5838674937483725, -4.772735642404556, -6.6209671593139925, -7.96310411278752, -5.612729552409989, -6.462491308110445, -7.626157683964963, -7.185146698004943, -5.640333817999605, -7.4544166547027695, -6.411912661777721, -3.4, -7.572293008245439, -6.407723971319471, -8.122672574075082, -3.4, -7.349891699607512, -3.4, -4.637989630695999, -3.954042338392143, -10.0, -5.761011785686393, -9.967727327039725, -5.474670895339629, -3.547980720036109, -3.574837901582911, -3.4, -3.806389726167951, -5.309382912750849, -6.549335481879795, -6.677383945560693, -4.956807391926092, -3.4, -3.9555583543449453, -3.4, -6.916956454170546, -5.913266764448751, -8.526071782069963, -3.5921784268619072, -6.490132801646511, -10.0, -3.4, -5.310856072498397, -7.532536851275624, -5.2675145102591765, -10.0, -3.4, -5.996916131455479, -6.514789293699111, -3.4, -3.7913322318907072, -6.413716888554306, -7.27944005795213, -5.7622761273786445, -7.496682805733943, -3.751330109819609, -7.977704477740989, -7.948697835655256, -5.807212532342309, -6.363983663174512, -5.521737970505345, -5.4697129113673135, -5.700978765010294, -6.273705533317187, -7.132191715657317, -6.255073498160417, -6.0045966516744365, -5.69064226653143, -6.621732330641752, -7.656430011212141, -6.777917898644663, -7.09112128560162, -5.7046451440663795, -6.767842544480008, -6.987315378782004, -5.8741226534592705, -7.180969323519893, -5.744133666525958, -5.570928530360906, -5.762890152794061, -6.340794245971555, -6.116812791590636, -5.786775446519531, -6.500902053038661, -5.850688995608724, -7.160692265312608, -6.79361328521907, -6.33759904454644, -5.043335917490257, -5.995097284531656, -5.148239387371067, -6.364360470820319, -6.29374633014675, -6.973475385388955, -6.368901550068475, -7.663960107184611, -7.722262212043351, -5.144632051696025, -7.147846132957856, -6.326810848277891, -5.021448055483123, -5.967950597962844, -4.921079795186305, -5.942438047449176, -6.004678932956157, -6.463923845895696, -4.588728172126938, -5.874299023806888, -7.55286237907865, -7.149839354850773, -7.245088559470677, -4.993327656947148, -3.945164803951119, -5.577523544718932, -5.9482737065235405, -6.393011692210056, -5.737815012337595, -6.7937944693447925, -5.1456606816335615, -6.0895194512530715, -6.911038088332933, -5.718759704945914, -7.5330753201823235, -6.899571767081287, -5.941176211538622, -6.981353842261232, -5.677198070142257, -5.170528861982238, -5.269579047072401, -6.416057959836397, -5.50481592622862, -6.372602266882385, -6.083351605689021, -6.048193020394027, -7.444614661709128, -6.2259767279218785, -6.7193017788494025, -6.745882350195533, -6.27775764062142, -5.583139612880476, -6.70627956260876, -7.334015176926986, -6.748712242578112, -7.587642918701821, -5.437561226736651, -5.520427646505485, -5.3639766648365175, -5.523938411756607, -6.641635705292064, -6.039466869035895, -5.95326057301725, -5.617005103352202, -7.652945514336242, -7.682226849149519, -6.654836146942106, -6.060567185861945, -5.731136235980447, -5.705083163837916, -5.186832390457202, -7.355080268928649, -7.169470085144784, -6.413315517344817, -7.442801753841994, -4.328560983853894, -7.102298634254911, -7.505372983883607, -5.508027145025043, -4.510353696809833, -6.829389852192325, -5.465128029548286, -5.544332282411123, -5.641596951242608, -6.147292652411924, -7.525459987399589, -6.594564915922891, -7.417304009127182, -6.234395461325111, -5.963432836285282, -7.262413427672872, -6.11303859454063, -6.3917859833717365, -4.2389487849840215, -7.997124402329863, -6.438090272012122, -7.373118126329135, -5.4431032826804575, -5.381974558522305, -6.877823007726764, -7.481413480640985, -6.506431401704393, -7.014503870564003, -6.561986411591423, -6.117357868189064, -5.2294233647888895, -6.9119236616505795, -6.587696974039208, -4.40332155946351, -6.412803193507788, -7.905992265940657, -6.265374828287239, -7.4473127867285065, -5.326908995671037, -5.427112398200624, -5.5005268869252895, -4.587381638438163, -7.431027485462327, -4.927869184601949, -7.762890358103395, -8.488064411988379, -6.621090326600896, -4.163939070608539, -5.7791314232171125, -6.087423011846912, -6.357108137858521, -7.19140471252911, -5.54675177046818, -7.896850539892402, -9.098050940429747, -9.205766373078294, -4.647110318398408, -5.0949591919205695, -3.898857681296139, -4.915175414117474, -5.453155390246028, -4.1428644732485544, -6.021866256790307, -6.1868678166691815, -4.122067713554205, -4.235488448391042, -4.40164947784513, -7.692770901176917, -10.0, -6.891254606137299, -5.873335725646829, -10.0, -3.4, -10.0, -5.277464815092461, -8.641937235170989, -9.245083325874365, -3.64251088454046, -6.67151297235694, -3.4, -4.19722561503011, -3.4, -4.540316201219756, -4.258377239308974, -3.820506583729074, -4.836882674663574, -7.508439324858845, -7.005837089495689, -3.4, -3.4, -10.0, -6.381267508823729, -7.665115698914975, -8.787573486866108, -8.058751600006303, -3.535162857438423, -4.225922770643025, -6.704081775613646, -7.250599178563221, -5.859887245015103, -6.6025965005959515, -3.7594815311143757, -7.15320638575247, -6.858966575768478, -6.357445791750593, -5.265600527099537, -4.4193491879044595, -6.827677892571388, -3.8399393967596334, -5.480103494687115, -5.643778438579262, -5.774408978589578, -6.973940601281698, -3.4, -6.845779165677755, -4.32017153552738, -7.760066675596023, -5.741107523442566, -5.782395818232431, -5.531513644698294, -7.237276742631253, -7.293487759568394, -6.092181365051943, -5.472775889321725, -5.327683070395438, -5.655916080806379, -5.58986577871599, -4.359493908590026, -8.710279899833722, -6.464078188641339, -5.76867802019649, -7.756891318978178, -7.527049714567853, -6.364350629002161, -5.167625587234739, -4.544676846251037, -6.735585569304363, -8.867108332296425, -4.962494724864315, -7.237428074729338, -7.190061508659142, -5.410203053575402, -4.451711111941564, -8.809793384372483, -6.770546118651851, -6.575131316035709, -6.8541385005349875, -8.21589304192878, -6.125791068148261, -7.28039936396715, -5.4733123181043775, -8.725378772197814, -4.6966090676554595, -5.023738028473759, -7.359787422734713, -3.4, -5.950208148472371, -5.2364777351780285, -5.618830494642112, -5.695135180039302, -4.817107496411496, -6.505892578761064, -5.9106932845689935, -6.67634340372149, -7.91841828156737, -10.0, -7.132988944072509, -5.233539554218965, -4.127780815963434, -6.2621585902755905, -6.620722067934026, -6.638682129484438, -6.375947450354375, -4.818051164847362, -4.330906363583723, -5.7007769049645285, -8.01372758362993, -5.0067805741613265, -7.924451252623272, -6.573604168095131, -6.459257704324387, -8.587165897371392, -6.99529183494758, -3.9923506772878463, -7.317931084736643, -6.174003862322366, -5.00806910285337, -5.965180534182196, -6.296358653227686, -6.754606161192329, -6.5978036711661625, -6.118764411466487, -5.40020787044648, -4.983682247347475, -7.559354434964349, -7.743383752402566, -6.041146447457664, -3.587364893157088, -4.7848462636060285, -7.4375637903518745, -7.881372417233593, -8.953359209729001, -8.723985960355435, -5.285987830734826, -8.946088288190708, -6.5993120019433045, -6.497393040545263, -6.273363797373691, -4.413790915572805, -8.295282386943086, -6.732279750291469, -5.335321519636978, -7.2225236248117435, -5.857396168102583, -7.007852588245783, -7.715359905055608, -6.9219532068303815, -3.4, -3.7638529314923526, -7.121972517961127, -4.7821217674624, -6.686534290275973, -10.0, -4.324631645185151, -10.0, -3.4, -5.546566480051639, -6.371192433274133, -3.4, -7.234223314131101, -3.9281071964672956, -5.489103101168099, -8.4757977590383, -7.853879450002183, -7.6700467401900605, -10.0, -6.605495536388276, -6.966201588141645, -4.289295239337094, -6.793410176714475, -4.383613986567412, -3.4, -3.9123811318344233, -3.6333466507361445, -6.67331443530145, -3.920882076507838, -4.52009285688962, -9.162329315438342, -5.704678131217748, -7.361806683792907, -3.4, -6.398648537464738, -10.0, -4.912863479978456, -4.546099903510709, -9.476219117835512, -6.464254381518345, -3.4, -6.5461381153030525, -3.4, -8.59509495889904, -3.4, -10.0, -3.4, -3.4, -10.0, -7.0364825926311605, -6.132811415075936, -10.0, -3.4, -3.4, -6.178229541415363, -3.4, -3.4585971672471496, -3.4, -3.4, -3.4, -3.4, -3.4, -4.654167296406173, -5.458306700589106, -3.4, -3.4, -3.4, -3.4, -3.4, -4.651172313053736, -4.892285248256827, -4.730428684120285, -3.4, -3.4, -6.253266618668364, -3.4932380883741425, -7.006783208572736, -6.880227881617751, -4.620705825214239, -7.327862973604491, -5.552596339808, -6.443463910425047, -6.673353014436865, -5.878960155732196, -3.868500154664938, -8.877803459177224, -6.209141116425011, -5.6481545606542145, -7.721516769964504, -7.287652311871492, -3.8304382552808907, -5.045184414276585, -5.778830079814819, -5.1921296742178615, -7.702503497715364, -5.319107860533544, -4.827316918959108, -6.220256885749544, -5.073403155403279, -7.347734335352792, -5.354919118642423, -6.596759471150429, -7.616081722505763, -6.127741219540761, -7.6082307207792415, -6.0292919853485305, -4.563423249156907, -5.608738360980491, -5.973613305376924, -9.030254090440716, -3.852776504095667, -7.496262475094548, -7.5749939596383715, -8.757106876571337, -6.3495550599139765, -6.059272393172572, -7.7822654879194975, -6.120924398415221, -6.266916455456661, -5.446254480665951, -8.732413509179745, -6.908617026430287, -6.622943527533929, -6.032501865223233, -6.541814714040223, -7.5125126094893435, -7.723166231789358, -4.956140277466469, -6.313562113573292, -6.731287006801134, -6.137782064218621, -6.25655256225887, -5.549509912550414, -7.305150581548654, -7.852393923977937, -7.031754858114576, -5.197696254031465, -7.109689239488356, -5.328650678167245, -7.164826499959739, -6.435594709996943, -5.687099901096511, -7.480579928548972, -7.417261032325181, -5.712604711890302, -6.227152131209872, -5.506036895826904, -7.5691921621577, -6.582909649608476, -5.525586325205362, -5.611393803024251, -5.902937585094472, -7.384425428924581, -5.8210769146129255, -5.032222738019621, -5.649034525467281, -4.287485548295175, -7.650138727297739, -5.338744872929377, -7.521266720995621, -3.4, -6.421416534033918, -5.004507597276964, -4.936977863045607, -5.212726705972594, -6.189847695567872, -9.163260801516438, -5.993136254971754, -6.949914442669391, -6.205821274746407, -5.380865471578867, -6.606885770950024, -5.903854671293951, -9.556269730888156, -5.725044217909593, -9.474763990841305, -7.428553608241922, -6.041134589987772, -5.764974658547866, -6.942126154560677, -7.880255907500535, -6.877924526913697, -7.214454445059667, -8.775049957236982, -6.935150174026925, -5.705579418949904, -7.499879306265351, -8.445723604028311, -6.9235727238122795, -4.1406390248988405, -8.832615409049462, -6.948074491701258, -7.92862702725993, -4.948114064343239, -6.413016166461015, -5.664181540614075, -7.1743939370092935, -6.4262340575909125, -3.4, -4.934682617028878, -6.187194175417384, -7.106785516847006, -7.409175520380225, -5.57979794061553, -6.577805296557338, -6.51044917456907, -6.5054242010331595, -3.4, -6.341488519009866, -3.4, -5.401229460923199, -6.205153533377009, -7.832047946746892, -6.521401466084493, -8.765497069830738, -5.419563820173929, -8.702555678111233, -6.010836257696932, -4.677484616589348, -7.472198604787403, -7.556219628644024, -5.3460023079536345, -7.516495302493562, -3.4, -3.4, -3.96815648041534, -3.4, -6.550379569157807, -3.4, -3.4, -10.0, -3.801050734367303, -3.4, -7.235069233032258, -6.463993442211498, -3.4, -3.4, -9.79439989047692, -6.760053252884385, -9.101577953285735, -5.597678702786064, -3.9299995009308564, -5.7542580302500514, -4.929766179553875, -6.684538157652563, -10.0, -10.0, -9.6777188118243, -3.4, -6.928940566252416, -9.394729963019339, -10.0, -10.0, -10.0, -9.058442087417783, -7.516234559672151, -5.7850606300593, -10.0, -5.746305698961217, -10.0, -5.251221011730516, -3.4, -3.4, -4.807692547893888, -3.4, -5.486877009465255, -4.101827775997075, -3.4, -6.201955898102236, -3.4, -3.4, -3.4, -5.5796668148935655, -4.05774207747468, -5.10672192614525, -9.53089743473843, -4.586257738115231, -8.152803479208629, -5.503347128712007, -4.4905268063107675, -3.675666323508735, -5.222344749652179, -5.878198363491278, -4.959248793022666, -8.749265212731657, -6.601162907153152, -6.166141456786604, -8.261409754605225, -5.28173037871285, -9.233897603555775, -5.673025333608634, -6.046237114397186, -7.300765637870895, -3.951649066164932, -8.5786423166942, -6.252841975556762, -6.072623122827749, -9.795916324228997, -3.4, -5.127124647081032, -3.762642786363826, -4.578166870584496, -6.685908199130167, -8.483874547013798, -4.255590515380859, -5.334951898012618, -4.7128729126839195, -8.87000415962622, -3.4, -7.161710753093316, -8.112033138439543, -5.376969421448407, -6.7557000800975535, -6.6381937741484895, -7.70489762958688, -4.840654888279928, -6.52807480771527, -4.051503226679883, -4.646920663205051, -6.796266798782667, -5.4606482772092155, -5.810088113993074, -6.457616964088188, -4.590632658335848, -6.00358058441499, -5.173541614897217, -4.876260899846343, -6.03601485798255, -7.291504154122335, -4.75399444852384, -5.368002197518321, -6.152771031164334, -7.441389980109775, -3.4, -4.489093889710161, -6.180195787581865, -8.148572603701282, -7.920451529566448, -5.1880022615173536, -7.909170552927676, -8.745347557613528, -6.35128058056081, -5.735685493273663, -5.0160991768884875, -4.484646240971883, -7.34338960820834, -4.144203570291679, -7.124339322510891, -5.990521171489049, -7.963048513522621, -6.4712687480246265, -4.438644912866507, -6.2448361751335275, -4.976368510712304, -6.272526448427484, -6.386607427788944, -4.181829833558836, -6.581145213853701, -5.96029696797133, -6.654289308784896, -7.113404040554555, -6.361769504534563, -6.023093933569284, -6.762232528870768, -5.796953579515061, -4.604115135176939, -5.33021017755756, -3.867568550495448, -6.017938839885132, -6.965636450435809, -6.627179251847806, -5.559458383921551, -5.883979424216263, -3.4, -9.030741809353017, -6.346505490243103, -4.165238941214297, -7.150814222694421, -7.210095716518949, -3.4, -8.403783595009841, -6.605373844164673, -7.443564085124776, -6.981522973363567, -7.16455586323947, -6.143871757349657, -5.281303103447512, -7.035105287419824, -6.618586732477083, -3.4, -8.253988552164188, -5.374033497132145, -7.631822345627838, -5.861395209266006, -6.388406682478048, -9.890524282173388, -3.8548340485745163, -6.131392117933969, -8.266623726242429, -6.303205660271046, -5.67689794515401, -6.7783796702956485, -6.203631582104676, -10.0, -6.335741971765414, -7.162990958410332, -4.579303512344736, -7.786695551267726, -9.893561717830849, -4.202334680953313, -5.487806525527517, -7.77773184340414, -10.0, -7.584676300148671, -5.133805453561322, -8.13331901478388, -3.4, -7.026108287837373, -5.450277309161279, -7.354047313996957, -4.843854522473079, -8.321460359186418, -6.631589968902076, -7.836748035930682, -5.91973104604996, -9.01391004790868, -7.556950963151862, -10.0, -3.4, -8.717411513922812, -7.675989713980484, -5.898000994168355, -6.886274008861178, -9.316164612415847, -4.482803240558964, -10.0, -10.0, -4.944449446824833, -4.144867697783879, -3.4, -3.4, -5.05577308474541, -10.0, -9.36573645838736, -9.497930722189736, -4.9627050904623635, -5.157881512578128, -10.0, -10.0, -3.4, -7.82357415687376, -10.0, -3.4, -5.570366905356891, -3.4, -10.0, -4.513242979194287, -5.237946892297727, -8.679288530135196, -3.5770343946155796, -3.4, -5.50709530253745, -3.4, -4.790602743162267, -3.863072471895534, -6.455573622132319, -5.6698548002409686, -3.4, -3.4, -7.439725100843602, -3.4, -3.4, -3.498456374860793, -9.086388898096189, -4.411244681740313, -6.342250187774439, -5.590144642478221, -8.508015674661252]","0     -7.22
1     -6.21
2     -7.24
3     -5.92
4     -5.96
       ... 
247   -6.00
248   -3.99
249   -5.24
250   -4.77
251   -4.71
Name: Permeability, Length: 252, dtype: float64","[array([ -4.74593716,  -9.57782861,  -6.75116358,  -5.65887981,
        -6.54150381,  -6.85609365,  -4.98725249,  -7.22322344,
        -8.00448256,  -5.60628405,  -7.57057529,  -6.96040504,
        -7.57888096,  -6.84203054,  -8.02123983,  -8.58950852,
        -9.64084893,  -7.35387967,  -6.38645891,  -6.09830481,
        -4.32815981,  -6.16049845,  -6.09282056,  -5.80690135,
        -5.78540003,  -5.77806793,  -5.94890092,  -6.16899616,
        -8.61350305,  -5.33911814,  -6.70823774,  -7.72278913,
        -5.677367  ,  -5.25528447,  -6.14047016,  -6.24168925,
        -4.53993777,  -5.21317628,  -6.4290673 ,  -6.89533841,
        -6.52055928,  -5.102691  ,  -5.98081287,  -7.22536354,
        -7.06987072,  -5.53661673,  -6.05496693,  -6.08277617,
        -5.99703228,  -6.28832755,  -5.78536198,  -7.67876082,
        -5.47341712,  -6.36803303,  -7.58169191,  -4.70822258,
        -5.93709911,  -9.41448797,  -7.81941906,  -7.03641014,
        -5.081607  ,  -7.24828423,  -7.36671985,  -4.35423669,
        -3.91780826,  -6.98291813,  -5.70259042,  -4.8260835 ,
        -5.98256336,  -5.09894473,  -6.3121525 ,  -8.37774776,
        -6.34752834,  -6.10252368,  -5.28784765,  -5.72784778,
        -5.45651696,  -6.22073655,  -6.08431978,  -6.7948209 ,
        -5.71251286,  -6.19965931,  -7.31901542,  -5.80527417,
        -5.2966446 ,  -5.78586522,  -6.41836364,  -5.29797261,
        -5.04622929,  -6.91881594,  -7.60252667,  -6.71741895,
        -5.52637573,  -5.68021874,  -9.11980517,  -8.81598514,
        -7.84065541,  -7.19593474,  -7.63124247,  -5.82997518,
        -7.75782276,  -6.67020351,  -7.02069288,  -5.28140244,
        -5.88239624,  -6.09851398,  -4.99508734,  -6.65118044,
        -6.0707766 ,  -7.59692518,  -4.86775569,  -5.9182992 ,
        -6.45860306,  -8.39606545,  -6.96916953,  -7.321978  ,
        -5.64241891,  -5.89838483,  -5.74238299,  -5.6383797 ,
        -3.780592  ,  -6.59970531,  -4.05760986,  -5.82498273,
        -4.4309609 ,  -5.81965058,  -6.93883879,  -7.45027399,
        -6.57707363,  -6.93191811,  -8.7187378 ,  -6.12233197,
        -4.46027011,  -5.99962954,  -6.86564276,  -7.63153266,
        -4.59794516,  -4.76281541,  -6.72543458,  -6.73221029,
        -6.1480067 ,  -7.42113025,  -7.81963284,  -7.22312998,
        -6.66798962,  -5.7076306 ,  -6.79979682,  -6.01606088,
        -6.05562812,  -8.13983416,  -4.54240424,  -5.77222563,
        -7.46404463,  -6.18282037,  -7.55512167,  -7.26528963,
        -8.30023721,  -8.63081383,  -7.93332624,  -8.87667995,
        -7.36029974,  -7.51407744,  -6.55286494,  -6.81480672,
        -8.66477857,  -5.51111834,  -4.43382784,  -5.82786264,
        -4.13732305,  -7.80742495,  -4.45124358,  -4.6397402 ,
        -7.00467923,  -5.8556175 ,  -7.29624232,  -6.48482164,
        -7.69233202,  -8.80766498,  -5.34616696,  -3.88163622,
        -7.81629177,  -8.14567694,  -6.69689021,  -4.98737308,
        -6.03692431,  -5.71391989,  -6.03133621,  -5.68884177,
        -7.9386141 ,  -8.03987716,  -6.79226338,  -6.47515724,
        -5.17494177,  -6.96112632,  -7.56908112,  -8.8171485 ,
        -6.60070549,  -3.78150683,  -7.45173928,  -5.25308114,
        -4.81518991,  -4.99374097,  -3.92036362,  -8.73081443,
        -3.4       ,  -3.4       ,  -6.2407213 ,  -3.4       ,
        -3.48557547,  -3.4       ,  -5.01810717,  -5.48534924,
        -7.382667  ,  -7.85070963,  -6.67007522,  -4.48338366,
        -4.75280212, -10.        ,  -6.15089394,  -4.637372  ,
       -10.        ,  -6.14160058,  -7.55008147,  -6.50217236,
        -3.4       ,  -6.76016308,  -9.1133972 ,  -3.4       ,
       -10.        , -10.        ,  -6.9525893 ,  -6.73841683,
        -5.93598504,  -4.68763987,  -3.4       ,  -4.82842032,
        -3.73431692,  -3.4       ,  -6.26175726,  -3.4       ,
        -4.37366232,  -3.4       ,  -8.75935509,  -4.92013529,
        -6.21876025,  -3.4       ,  -5.57503483,  -3.92075294,
        -3.4       ,  -4.31948667,  -3.4       ,  -6.56093198]), array([ -5.3552135 ,  -6.05540422,  -6.39440234,  -5.91415124,
        -5.02077484,  -6.93476554,  -5.39820946,  -7.89218698,
        -7.07446866,  -6.56491332,  -6.0879145 ,  -4.59288084,
        -5.30587706,  -6.27687599,  -8.61469739,  -8.29962484,
        -8.06244309,  -6.87138775,  -6.28404481,  -5.74241305,
        -7.41895836,  -6.7991685 ,  -7.10937017,  -7.36269096,
        -6.02924161,  -5.45615374,  -5.99842465,  -5.44705831,
        -6.05481094,  -5.53912293,  -6.60771991,  -6.48404551,
        -5.54489978,  -6.00954359,  -6.1838823 ,  -7.44517683,
        -5.73268191,  -6.19019992,  -5.66651004,  -7.76316137,
        -6.51978481,  -5.24082121,  -5.90359796,  -5.29704524,
        -5.87264035,  -5.83618928,  -5.77907403,  -6.29365747,
        -5.46945699,  -5.61868659,  -6.51150781,  -7.24126507,
        -6.05571128,  -5.53564152,  -5.82480254,  -5.41999879,
        -6.97083566,  -6.6684105 ,  -6.85891957,  -6.7081103 ,
        -5.43040394,  -6.43637668,  -5.40732388,  -4.8782155 ,
        -5.91143333,  -6.65779186,  -6.44004063,  -5.58085647,
        -5.64538826,  -5.79460622,  -5.16667066,  -7.17476638,
        -5.16061634,  -6.33432   ,  -7.05268056,  -5.58595208,
        -5.80255867,  -5.98015798,  -5.30527517,  -6.72149843,
        -7.28852798,  -6.97981231,  -5.27302841,  -6.07328785,
        -5.18871408,  -5.05414565,  -6.64608187,  -7.1823525 ,
        -6.04335451,  -7.08961337,  -7.24811214,  -7.1051826 ,
        -5.67231866,  -6.16273863,  -6.56497971,  -7.30062896,
        -4.49767553,  -5.55619895,  -6.66656936,  -6.24401219,
        -6.45555112,  -6.77035599,  -6.66626979,  -6.7509233 ,
        -5.36845532,  -6.38512327,  -5.58291379,  -7.85300363,
        -6.07895613,  -6.32983927,  -5.86304554,  -5.95987359,
        -4.99839288,  -4.62889884,  -6.85376861,  -6.7271679 ,
        -5.49314903,  -5.75369998,  -5.41751984,  -5.25332088,
        -6.4702716 ,  -6.12137822,  -5.58108521,  -8.20377767,
        -6.45303604,  -7.04143975,  -7.41579141,  -6.00920993,
        -5.59171052,  -5.48576802,  -7.37014799,  -7.22663587,
        -6.25791139,  -5.98020332,  -5.78343965,  -4.01309299,
        -6.75585663,  -5.25823059,  -6.51983846,  -6.23649872,
        -7.5250034 ,  -5.92103759,  -8.09059201,  -7.12149476,
        -7.14089018,  -5.50492559,  -5.77949644,  -5.66911014,
        -5.92616841,  -8.49256496,  -5.03597123,  -6.28926418,
        -7.16846299,  -7.15125141,  -6.68730924,  -7.85634058,
        -6.30685529,  -7.88054258,  -6.55154448,  -7.06390328,
        -7.46333249,  -7.19488637,  -5.57550985,  -6.72025273,
        -7.28705561,  -5.8337772 ,  -6.35906085,  -7.09475657,
        -5.15382442,  -6.19016473,  -7.61947633,  -7.54407831,
        -6.87761714,  -7.05850469,  -6.03916219,  -5.4556447 ,
        -5.27594582,  -5.31266606,  -5.29422556,  -6.26220678,
        -6.24480603,  -5.9384205 ,  -6.39052701,  -5.07482373,
        -8.45531612,  -7.83318519,  -6.18686247,  -4.56046534,
        -7.27660114,  -7.72050019,  -7.16760725,  -6.28100434,
        -8.51187368,  -6.43065908,  -8.4445908 ,  -3.46602641,
        -8.10137181,  -6.35200887,  -5.91064342,  -8.98841716,
        -5.36390083,  -6.35146606,  -6.74969   ,  -6.98239438,
        -3.4       ,  -6.16366016, -10.        ,  -3.4       ,
       -10.        ,  -4.04072497,  -6.12113308,  -3.4       ,
        -3.40660263,  -7.05632042,  -4.2389505 ,  -8.63058093,
        -4.43797935,  -8.05536278,  -5.96036389,  -3.4       ,
        -5.57715248,  -7.63890759,  -5.75493173,  -5.72735555,
        -3.4       ,  -6.07539009,  -5.34283715,  -4.32629138,
        -8.45731225,  -9.64093743,  -7.52528344,  -6.6761181 ,
        -6.96783049,  -5.32514665,  -3.4       ,  -3.4       ,
        -5.57390716,  -4.27651252,  -5.92944512,  -3.4       ,
        -4.40731713,  -5.26616669,  -6.94119286,  -5.29652549,
        -6.98351687,  -3.72304809,  -6.51586855,  -7.28158748,
        -6.61857722,  -3.4       ,  -3.4       ,  -3.5056535 ]), array([ -5.26733942,  -8.18243058,  -5.68813666, -10.        ,
        -9.83142106,  -7.67656451,  -7.2408405 ,  -9.30877889,
        -7.84912304,  -7.17528598,  -5.95040407,  -5.16892146,
        -6.71629273,  -8.37050488,  -4.03831593,  -5.05236766,
        -6.5692585 ,  -6.92628196,  -3.43726132,  -9.67645264,
        -5.71713857,  -4.59025228,  -6.0657375 ,  -8.12022832,
        -5.37828147,  -6.64636302,  -4.55226189,  -6.46423136,
        -5.88078461,  -4.39350396,  -6.540369  ,  -5.64310643,
        -5.61357205,  -6.97736042,  -5.91294869,  -5.91984517,
        -5.84831368,  -4.07783162,  -6.20160423,  -5.94190087,
        -5.94308673,  -3.95381145,  -5.76424122,  -6.90463572,
        -7.72656578,  -4.0485472 , -10.        ,  -5.25199935,
        -6.46009841,  -5.63548861,  -7.52793383,  -6.12147381,
        -5.37361113,  -5.77973515,  -5.98526144,  -5.44890446,
        -4.37850229,  -5.90221275,  -5.54216087,  -5.90370921,
        -5.83522174,  -5.23128354,  -7.86220039,  -3.75539177,
        -5.51939336,  -5.3159389 ,  -7.27503356,  -5.91314085,
        -5.87141319,  -7.50436148,  -5.66496159,  -7.80097727,
        -5.4525928 ,  -6.89612845,  -4.57066925,  -5.52962936,
        -7.25626273,  -4.12497261,  -7.88421423,  -4.33075638,
        -9.84866076,  -7.86629333,  -6.43834846,  -5.81761106,
        -6.6991609 ,  -5.33928809,  -6.79672728,  -5.89811253,
        -7.29371805,  -9.57621054,  -7.42041452,  -7.31779549,
        -5.21419153,  -5.43238157,  -6.30637744,  -5.66113391,
        -3.50174212,  -5.84645   ,  -3.77297562,  -5.9661339 ,
        -8.7604838 ,  -8.0745852 ,  -7.27855448,  -6.2917841 ,
        -5.94017005,  -6.16235924,  -3.80089347,  -7.17622424,
        -6.01624382,  -6.19879916,  -5.17185888,  -5.72537512,
        -7.66846237,  -8.92476345,  -9.37917246,  -5.39021524,
        -5.98012486,  -5.07008395,  -4.48681705,  -8.99592065,
        -3.4       ,  -6.0118811 ,  -4.83603467,  -8.56935353,
        -5.66912859,  -6.40377075, -10.        ,  -5.30369088,
        -4.02636511,  -5.34694752,  -8.48413749,  -8.48591017,
        -3.59436753,  -6.05365325,  -6.6435513 ,  -4.34015924,
        -3.4       ,  -4.17411244,  -7.03700067,  -7.87595113,
        -7.42394331,  -6.78801797,  -8.10613561,  -6.31606084,
        -7.75684823,  -4.60404074,  -7.78505511,  -5.63411952,
        -8.02944422,  -8.30864242,  -5.93295702,  -6.62374317,
        -6.92374764,  -5.60160599,  -8.90687218,  -7.53437758,
        -7.82013539,  -8.45051854,  -3.4       ,  -7.85088869,
        -6.76485045,  -7.78234386,  -7.06908136,  -5.15908618,
        -7.49161974,  -6.55952191,  -4.31574205,  -4.54539366,
        -6.20761441,  -6.52285991, -10.        ,  -8.29436535,
        -3.44240597,  -6.08744133,  -3.4       ,  -6.15813696,
        -5.27643763,  -7.19651374,  -4.11353486,  -3.42027222,
        -6.13983207, -10.        ,  -7.0234294 ,  -6.2004918 ,
        -8.52305725,  -9.00541342,  -5.19684582,  -6.03638744,
        -4.99658081,  -5.17410377,  -6.79936991,  -5.14927421,
        -6.05279401,  -7.30663114, -10.        ,  -7.36519407,
        -6.45826301,  -8.50244754,  -7.735069  ,  -6.3663656 ,
        -6.63137069,  -6.06676106,  -4.69715484,  -6.44264295,
        -3.4       ,  -8.69841774,  -3.4       ,  -4.4097264 ,
       -10.        ,  -4.14160136,  -3.4       , -10.        ,
        -3.4       ,  -3.4       ,  -3.81262985,  -8.08288158,
        -3.4       ,  -6.70640246,  -7.12030575,  -3.4       ,
        -7.37678514,  -3.4       ,  -5.89070776,  -5.07282049,
        -7.40598334,  -3.4       ,  -4.79205927,  -3.4       ,
       -10.        ,  -7.74817532,  -6.07628455,  -4.97727627,
        -6.33641246, -10.        ,  -5.30412933, -10.        ,
        -3.4       ,  -3.4       ,  -7.38036941,  -3.4       ,
        -5.86053672,  -3.4       ,  -3.4       ,  -7.42368286,
        -6.5625845 ,  -4.31448395,  -3.75998491,  -5.10838455,
        -3.4       ,  -7.31988458,  -3.4       ,  -6.03103504]), array([ -5.61021932,  -4.21405022,  -7.24562834,  -5.98257261,
        -6.56270635,  -5.66868751,  -5.88503744,  -8.1148171 ,
        -9.40050251,  -7.84285249,  -6.6503368 ,  -4.89629339,
        -6.06988282,  -5.61783753,  -8.79131876,  -9.68522448,
        -6.62738546,  -6.6352272 ,  -3.89285793,  -7.53882672,
        -4.00154022,  -5.53942791,  -6.77618115,  -6.75595472,
        -6.26733138,  -6.41924205,  -5.73964964,  -4.16951062,
        -6.34947369,  -5.46794775,  -6.88085299,  -7.43948383,
        -6.31368182,  -5.75200945,  -5.72903997,  -6.46872566,
        -6.01271524,  -5.95135429,  -8.21721923,  -7.66732348,
        -6.66983931,  -7.8065691 ,  -6.5053526 ,  -5.54399653,
        -5.45863395,  -6.67710968,  -9.03111708,  -5.67003129,
        -6.44326535,  -3.77934396,  -7.62128127,  -7.47755907,
        -4.34442455,  -5.22555175,  -6.1108988 ,  -5.76651555,
        -5.02842142,  -7.18313774,  -3.4       ,  -7.22780003,
        -5.44969324,  -6.30632602,  -6.63819499,  -5.13051007,
        -4.70148721,  -7.82833946,  -9.01620392,  -5.07263588,
        -5.88591886,  -6.14475539,  -5.71035778,  -6.82353777,
        -3.4       ,  -7.13015153,  -6.14692192,  -6.21641129,
        -4.94719668,  -6.63323286,  -6.75307482,  -9.51753954,
        -5.04792144,  -5.26215309,  -7.27743924,  -5.18706813,
        -5.70119626,  -5.29221057,  -8.44231189,  -6.03703347,
        -6.08208241,  -5.46505956,  -7.46793089,  -7.31725205,
        -7.26383501,  -5.52483999,  -8.19910942,  -7.5843209 ,
        -5.02838628,  -5.88438002,  -7.63285846,  -5.18987849,
        -7.66332934,  -5.90823955,  -7.10885444,  -5.29752059,
        -6.13504654,  -6.71712965,  -5.6650969 ,  -7.60940692,
        -5.32827788,  -5.08386391,  -7.37028898,  -5.78610886,
        -5.03134527,  -5.56506791,  -7.54589537, -10.        ,
        -6.568631  ,  -6.06957975,  -5.93812713,  -5.13734038,
        -4.38428189,  -5.92276441,  -5.82230163,  -9.15324571,
        -6.28635301,  -7.8690059 ,  -6.96085663,  -7.10788019,
        -5.39353276,  -6.44028725,  -7.58428453,  -7.63510172,
        -5.58415779,  -6.02942927,  -8.38987169,  -3.52315932,
        -7.83390403,  -7.97055801,  -7.6981831 ,  -5.12330753,
        -8.37618281,  -7.58148525,  -4.36310152,  -6.58055232,
        -7.17860855,  -6.68186882,  -6.23649627,  -4.70544494,
        -6.80309067,  -5.58134201,  -6.14894141,  -6.75533928,
        -9.16525967,  -7.32184966,  -5.91842113,  -8.08605567,
        -8.98431111,  -7.71166746,  -5.86925294,  -8.56762734,
        -3.74108037,  -6.92458058,  -5.85764557,  -6.3832092 ,
        -8.51154742,  -6.23191299,  -7.15135052,  -6.20153427,
        -5.20043994,  -5.15175881, -10.        ,  -3.75094348,
        -6.89855837,  -6.95783838,  -5.25942337,  -4.69491182,
        -8.5235177 ,  -6.62939452,  -4.77079775,  -5.6442485 ,
        -7.36034169,  -8.23522228,  -6.06265225,  -6.51375454,
        -6.62410334,  -9.08484412,  -4.97869661,  -6.9165399 ,
        -7.46461527,  -7.60720627,  -7.5515891 ,  -4.58713312,
        -9.68305597,  -4.48788057,  -6.78585196,  -3.87505943,
        -5.36096156,  -5.8748194 ,  -7.23042942,  -8.79558657,
        -6.89401211,  -3.99493543,  -9.56867133,  -8.68699362,
        -3.4       ,  -5.39216466,  -6.7804944 ,  -3.4       ,
        -3.4       ,  -5.46081223,  -3.4       ,  -3.4       ,
        -3.4       ,  -4.02401709,  -3.4       ,  -8.80762241,
        -7.46014201,  -9.60099252,  -6.49681595,  -5.1301089 ,
       -10.        ,  -3.79079195,  -3.4       ,  -6.36983149,
        -8.94769752,  -5.16866484, -10.        ,  -5.23811906,
        -3.4       ,  -6.74118911,  -6.06296835, -10.        ,
        -8.80489235, -10.        ,  -8.57106062,  -3.47526575,
       -10.        ,  -5.32667852,  -5.12328868,  -8.9707752 ,
        -3.4       ,  -3.88895453,  -3.4       ,  -5.05274199,
        -3.71986999,  -3.51953218,  -3.4       ,  -3.67641964,
        -3.4       , -10.        ,  -3.4       ,  -4.13113837]), array([ -4.65103589,  -7.74193962,  -6.05431536,  -6.79197267,
        -4.00367178,  -4.91084758,  -5.50264743,  -6.76228647,
        -9.62056203,  -6.94403302,  -3.4       ,  -4.53624022,
        -5.88416281,  -7.38413714,  -4.82754969,  -4.53828239,
        -7.91388619,  -6.9913219 ,  -4.73298288,  -6.98645988,
        -5.67917127,  -5.12607207,  -6.70274203,  -8.12112216,
        -6.31083718,  -4.37023909,  -7.02535182,  -5.28094006,
        -6.47127698,  -5.68990175,  -7.00013151,  -5.43182052,
        -6.63675761,  -8.32431515,  -5.96356524,  -4.90948911,
        -4.59777784,  -3.4       ,  -4.63360115,  -5.44853177,
        -6.72896498,  -5.44297529,  -5.19054161,  -5.93508293,
        -7.32899218,  -5.16753607,  -9.42657497,  -6.77614881,
        -3.68262761,  -4.64607029,  -5.11656249,  -3.4       ,
        -6.06790164,  -4.65222806,  -6.4304484 ,  -4.63359679,
        -4.30632223,  -8.10730988,  -5.17045483,  -5.84710631,
        -5.25259872,  -7.03837918,  -5.26718899,  -4.64439319,
        -4.95209024,  -4.29921141,  -7.17439957,  -5.61091509,
        -5.40575186,  -6.30410402,  -6.05072741,  -8.75119968,
        -4.13282151,  -5.98857766,  -6.32195269,  -5.4665646 ,
        -6.3111133 ,  -4.00703407,  -7.32239152,  -7.25776034,
        -5.86834141,  -6.34516673,  -7.6260942 ,  -5.96233559,
        -3.98635809,  -4.29421092,  -5.3715089 ,  -8.67334847,
        -7.0790388 ,  -9.8913886 ,  -5.66892239,  -7.1734014 ,
        -4.21501196,  -5.11035267,  -6.75745663,  -6.09182204,
        -6.56808285,  -3.85085131,  -6.14029612,  -5.74019007,
        -7.25526677,  -6.90465889,  -7.12255847,  -7.28478003,
        -5.05018723,  -6.70337136,  -3.71399185,  -9.3064135 ,
        -6.35920125,  -4.72233816,  -4.57378467,  -6.00665207,
        -5.59132803,  -3.98044964,  -6.48823643,  -8.50303575,
        -5.54084301,  -6.12316286,  -5.48119433,  -4.68650685,
        -3.4       ,  -6.70726624,  -5.38406286,  -9.02004433,
        -5.62500759,  -7.24986846,  -6.92931317,  -7.56290535,
        -5.00794034,  -6.56551865,  -5.11804467,  -7.99831043,
        -3.56427827,  -6.81110893,  -7.63845717,  -3.4       ,
        -5.7050291 ,  -7.24855254,  -6.24166749,  -7.10375737,
        -5.65844259,  -7.15456964,  -6.13734066,  -7.31481447,
        -7.0946705 ,  -4.40176601,  -6.26041124,  -5.5006844 ,
        -7.52811295,  -5.20234579,  -7.84516803,  -5.400232  ,
        -8.08677638,  -6.3400554 , -10.        ,  -7.66238924,
        -5.94216466,  -9.22432347,  -3.5953636 ,  -6.32808247,
        -5.02948772,  -6.07909613,  -6.69320247,  -4.29810515,
        -8.44313692,  -6.0537652 ,  -4.60706021,  -8.81228109,
        -6.98687957,  -7.25197338,  -7.01001653,  -4.77701801,
        -5.07397095, -10.        ,  -8.4793193 ,  -4.90377251,
        -4.19315496,  -5.78749803,  -5.27461766,  -3.79882552,
        -7.58758089,  -7.6295678 , -10.        ,  -5.19560149,
        -4.82040244,  -7.89718645,  -6.29073795,  -8.21283533,
        -8.39027262,  -4.01458195,  -6.57270474,  -7.30829056,
       -10.        ,  -4.85678262,  -9.97090229,  -6.52737344,
        -8.73209625,  -8.15557961,  -9.76907899,  -8.49868123,
        -5.56785564,  -9.44918038, -10.        ,  -6.04084318,
        -3.4       ,  -6.2239529 ,  -3.4       ,  -5.15881984,
       -10.        , -10.        ,  -9.49718228,  -6.03773624,
        -5.29336102,  -3.4       ,  -4.60672712,  -5.59882986,
        -5.11041346,  -7.9728811 ,  -7.07889701,  -3.4       ,
       -10.        ,  -5.54496305,  -4.12822505,  -5.88605395,
        -9.82265374,  -7.19978723,  -3.67778879,  -3.4       ,
       -10.        ,  -8.25643291,  -7.51566282,  -3.88125056,
        -3.4       , -10.        ,  -4.36512426,  -3.4       ,
        -3.4       , -10.        ,  -5.58515309, -10.        ,
        -3.40399965,  -3.4       , -10.        ,  -3.4       ,
        -6.4926947 ,  -4.08553036,  -4.18678036,  -4.52670432,
        -3.4       , -10.        ,  -3.4       ,  -8.02229224])]","[-5.12594906 -7.15433065 -6.42672926 -6.86951527 -6.39201557 -6.40939176
 -5.80279746 -7.86025858 -8.38982776 -6.82667377 -5.93184613 -5.23094819
 -6.31101928 -6.89827721 -6.85862432 -7.23300158 -7.76276443 -6.9556197
 -4.94672117 -7.20849142 -5.42899364 -5.64308384 -6.54937028 -7.2333795
 -5.95421834 -5.73401317 -5.85291779 -5.5061473  -6.67396985 -5.2859189
 -6.74746223 -6.54424909 -5.95725565 -6.46370262 -5.98598127 -6.1969852
 -5.34628529 -4.96651242 -6.22960039 -6.74325118 -6.47644702 -5.50937361
 -5.86890925 -6.18122479 -6.6913406  -5.45319979 -8.0583466  -6.01492262
 -5.61049613 -5.1935834  -6.51252947 -6.38381175 -5.46301314 -5.5122379
 -6.38662062 -5.19544763 -5.32423614 -7.45511177 -5.75819087 -6.5446272
 -5.40990493 -6.45212993 -6.50832562 -4.55254944 -5.00044248 -6.21683995
 -7.12165362 -5.40072636 -5.75820711 -6.16935437 -5.78097399 -7.78564577
 -4.8987118  -6.49034026 -5.87601441 -5.70528102 -5.95472967 -5.39322681
 -6.6698551  -6.92447512 -6.75319289 -6.53061695 -6.78678515 -5.76911536
 -5.37441479 -5.15314409 -6.73499872 -6.61776391 -6.30888461 -7.7882176
 -7.08158132 -7.1262101  -5.57834658 -5.58210632 -7.38954567 -7.09077819
 -5.48730844 -5.666763   -6.36878841 -5.79403797 -7.57849076 -6.86560863
 -7.03938601 -6.18128209 -5.67525108 -6.4132995  -4.75159667 -7.71924574
 -5.97069114 -5.98635313 -5.56934675 -5.87926177 -5.94962632 -6.29904906
 -7.44724848 -7.58847938 -5.84503336 -5.78298227 -5.41320827 -5.94229369
 -4.2870291  -6.27259906 -5.13621885 -8.15428079 -5.69289723 -6.87674709
 -7.64896    -6.68679207 -5.31932447 -6.15408791 -7.45507049 -7.49365803
 -4.69219702 -6.17480486 -7.06419251 -4.58158884 -5.65854699 -5.8828538
 -6.84442486 -6.61434501 -7.02631576 -6.97324814 -6.90336053 -6.91121047
 -7.16780141 -5.38004635 -6.57225118 -5.50508398 -6.86848887 -7.14494587
 -5.90108839 -6.16816085 -7.76165826 -6.51951657 -7.81354484 -7.68089054
 -7.47074073 -8.37957318 -5.46989745 -7.73743634 -6.07181016 -7.09899688
 -6.34966084 -5.875092   -8.07962765 -6.03801913 -5.37340829 -6.49636565
 -5.53721628 -6.58483635 -7.81614729 -5.80122907 -5.85944633 -7.19188038
 -6.09482944 -5.53945753 -6.19227763 -6.74674747 -4.95986856 -4.60143785
 -7.02977049 -7.98977751 -7.23469977 -5.59440893 -6.89196069 -7.90690981
 -5.73689581 -6.28301395 -7.21333679 -6.51125387 -6.97670687 -5.96017189
 -7.88453309 -6.00861595 -8.55408523 -6.01016037 -7.05067962 -6.53327245
 -7.61939202 -7.58042634 -5.85446584 -6.17121678 -6.98717596 -7.37673771
 -3.4        -5.97563909 -5.96424314 -3.95370925 -7.37711509 -5.40862771
 -5.4872845  -5.6646171  -4.57652613 -5.14620943 -4.54567654 -7.12065969
 -5.03226739 -8.46712777 -6.56145531 -3.99349618 -8.59078752 -5.30325263
 -5.3447892  -5.91164677 -6.59526692 -5.72080105 -6.58521648 -3.95288209
 -8.37146245 -8.47734695 -6.82655769 -6.45461235 -6.28902407 -8.0025573
 -5.00806284 -5.02073721 -5.22164482 -5.28063821 -6.05600271 -5.83415504
 -4.28910316 -3.87102424 -6.50010959 -5.21861712 -5.99548526 -3.80851892
 -4.68753373 -4.90276979 -4.04371544 -7.00787425 -3.4        -5.65021023]","[0.36797355 1.8508649  0.54057553 1.61065039 1.97309297 0.98747804
 0.77377339 0.86895191 0.97027752 0.73834849 1.38828013 0.89404824
 0.77748105 0.94152463 2.01247007 2.04977409 1.12724339 0.23259094
 1.20797848 1.38788703 1.21285072 0.77340153 0.40765286 0.87796169
 0.34381628 0.80510214 0.78860916 0.7997626  0.99203546 0.46036584
 0.17063935 0.92125803 0.43709403 1.08616439 0.1642478  0.82076506
 0.64123684 1.07441913 1.17093841 0.920404   0.27909251 1.26006354
 0.42188243 0.75656702 0.8730878  0.86095847 1.77746802 0.52206599
 1.02969004 0.88026149 0.97343454 1.58621286 0.62873247 0.57031459
 0.62974082 0.44583557 1.01044135 1.21399189 1.51085619 0.57142166
 0.25116627 0.70562351 1.03337395 0.47398744 0.68746249 1.25436573
 1.10398959 0.3942214  0.20804539 0.78577599 0.38748719 0.71860137
 1.03025944 0.44733259 0.86100652 0.26975613 0.78835173 1.10425311
 0.90689882 1.65048167 1.71128214 0.86472345 0.85338359 0.30734125
 0.87509688 0.490284   0.98853398 1.19508855 0.80984916 1.68885863
 0.71537343 0.22044562 0.98424521 0.34496619 1.08645206 1.12300997
 1.53875091 1.0703056  1.41921032 0.34678338 0.74858965 0.69670095
 0.20421078 0.79312386 0.40232611 0.26050308 0.84443104 0.89271419
 0.34276766 1.016787   0.99709803 0.10640399 1.00895168 1.99979435
 1.02396713 1.56825321 0.39981251 0.37954188 0.49934701 1.55670391
 1.14944558 0.31911125 0.62984922 1.21225758 0.71100746 0.7059859
 1.18974002 0.88316259 0.82829197 0.62519313 1.27604324 0.80138389
 1.07501404 0.31913972 0.88813221 1.56205367 1.55976524 1.46888251
 0.49976395 0.91771752 0.98706047 0.59074284 1.46529476 0.39190493
 0.34726852 0.82181082 0.68718352 0.43453287 0.81681193 1.44073743
 1.13457857 0.51253862 0.80229015 0.63733159 1.47666069 0.27909638
 1.16552224 0.54348648 1.74334615 0.94232581 1.45571852 0.58635627
 0.55104762 0.985403   0.57184246 0.35472444 1.15942643 1.41856614
 0.97683837 0.91138496 2.07603124 1.78072949 1.40620338 1.48077579
 1.73737116 0.69294373 1.63461077 1.21985174 0.47161776 1.13164135
 0.69960061 1.3010272  1.4189491  0.63404124 1.42819778 1.21728995
 0.54081906 1.22528402 1.17408309 1.61377933 0.34514288 0.97245646
 1.93910259 1.1322187  1.2811644  2.05007716 1.21158551 1.70576446
 1.24368455 1.49617671 0.78576479 1.83908107 2.4676775  1.12809115
 0.         1.70205137 2.45685675 0.71833488 3.21247882 2.39142308
 2.25453697 2.41759719 1.58274618 1.91419203 1.13673304 1.7505866
 1.34136184 1.19577007 0.47204015 0.74339461 1.81732977 1.55733382
 1.4554581  0.50929392 2.72127462 1.34791534 2.5005799  0.73597614
 2.55652939 1.20558313 0.65191195 2.07384166 1.74720998 2.45465018
 1.91664868 2.54841535 2.52212969 2.46399529 0.76209629 2.99893256
 0.90160312 0.72281885 2.71180149 1.28781666 1.16389878 0.34364
 1.1746753  1.28924536 1.28743089 2.76576094 0.         1.64364945]"
8,KNeighborsRegressor,"[-7.14, -7.066666666666666, -5.8933333333333335, -5.9799999999999995, -5.859999999999999, -5.923333333333333, -5.87, -5.9799999999999995, -6.289451892333333, -5.633333333333333, -6.6066666666666665, -6.159999999999999, -6.7700000000000005, -6.476666666666667, -6.0633333333333335, -6.233333333333334, -5.846666666666667, -5.71, -5.723333333333333, -5.683333333333334, -7.09, -6.391666666666667, -5.5, -6.47, -5.830000000000001, -5.87, -6.006666666666667, -5.898430793333333, -7.46, -7.183333333333334, -5.6066666666666665, -5.4799999999999995, -7.136666666666667, -5.283333333333333, -5.8066666666666675, -5.95, -7.0566666666666675, -5.737590797666666, -5.946666666666666, -5.951666666666665, -6.3133333333333335, -6.883333333333333, -5.543333333333334, -6.216666666666666, -5.843333333333334, -5.586666666666666, -7.096666666666667, -6.796666666666667, -6.253333333333334, -6.2866576756666674, -5.59, -7.6933333333333325, -5.773333333333333, -5.546666666666667, -7.03, -6.859999999999999, -5.866666666666667, -5.830000000000001, -5.613333333333333, -5.656666666666666, -5.533333333333334, -6.016666666666667, -5.734636310666666, -6.989127079666666, -6.2866576756666674, -5.59, -5.823333333333333, -5.77, -6.366666666666667, -6.226666666666667, -5.666666666666667, -5.593333333333334, -7.46, -7.583333333333333, -7.070139762666667, -7.089470411666667, -5.533333333333334, -7.263333333333333, -6.2866576756666674, -5.543333333333333, -5.736666666666667, -5.95, -6.953333333333333, -6.066666666666667, -5.496666666666667, -7.146666666666666, -7.213333333333334, -5.863333333333333, -5.54, -5.78, -5.78, -5.593333333333333, -5.676666666666667, -7.346666666666667, -5.7799999999999985, -7.19, -6.053333333333334, -6.266666666666667, -5.873333333333334, -7.276666666666666, -6.183333333333334, -5.829999999999999, -5.993333333333333, -5.813333333333333, -6.2, -7.140000000000001, -6.383333333333333, -5.87, -6.663333333333334, -7.516666666666666, -5.903333333333333, -6.75, -6.896666666666667, -7.140000000000001, -5.884990234666667, -6.6433333333333335, -5.903333333333332, -6.923333333333333, -7.126666666666668, -7.046666666666667, -7.489999999999999, -6.415712511, -6.496666666666667, -7.23, -6.976666666666667, -7.21, -6.84, -6.953333333333333, -7.25, -5.886666666666667, -7.253333333333334, -7.609999999999999, -6.003333333333334, -6.81, -7.283333333333334, -5.91, -7.2700000000000005, -7.43, -6.140000000000001, -5.91, -7.12, -5.296666666666666, -5.1933333333333325, -7.253333333333333, -6.1066666666666665, -6.16, -7.016666666666667, -6.59, -7.146666666666667, -5.7299999999999995, -5.773333333333333, -7.093333333333334, -7.06, -5.32, -7.226666666666667, -7.026666666666667, -7.093333333333334, -6.973333333333334, -5.546666666666667, -7.406666666666666, -5.873333333333334, -5.906666666666666, -6.783333333333334, -6.94, -4.736666666666666, -5.236666666666667, -6.506666666666667, -5.823333333333333, -4.8933333333333335, -5.823333333333333, -4.9799999999999995, -5.94, -5.41, -5.900000000000001, -5.56, -4.953333333333333, -6.7, -6.883333333333333, -6.883333333333333, -6.366666666666667, -5.993333333333333, -6.7, -6.093333333333334, -6.826666666666667, -6.1000000000000005, -5.4433333333333325, -6.916666666666667, -5.4433333333333325, -5.4433333333333325, -5.823333333333333, -3.603333333333333, -3.603333333333333, -4.8908038036666674, -4.236666666666666, -4.036555410666666, -5.413333333333334, -4.94, -5.096666666666667, -4.640000000000001, -5.413333333333334, -4.933333333333333, -5.546666666666667, -7.116666666666667, -7.246666666666666, -5.579999999999999, -7.246666666666666, -7.32, -7.146666666666666, -6.093333333333334, -6.75, -6.006666666666667, -5.716666666666666, -6.403333333333333, -5.713333333333334, -5.97, -6.116666666666667, -5.72, -5.876666666666666, -7.45, -6.863333333333333, -6.896666666666666, -5.881666666666667, -5.8, -7.176666666666667, -5.706666666666667, -6.359999999999999, -5.829999999999999, -5.986666666666667, -5.78, -5.773333333333333, -5.816666666666666, -5.68, -6.6066666666666665, -5.956666666666667, -6.006666666666667, -6.163333333333334, -5.736666666666667, -5.663333333333333, -5.716666666666666, -5.7700000000000005, -6.113333333333333, -6.2, -6.510000000000001, -7.3500000000000005, -7.216666666666666, -7.1066666666666665, -5.676666666666666, -6.813333333333333, -5.97, -5.786666666666666, -7.132646669666666, -6.386130096, -6.213333333333334, -5.916666666666667, -5.306666666666666, -5.853333333333333, -5.946860669666667, -7.093333333333334, -7.239999999999999, -7.503333333333333, -6.636666666666667, -5.836666666666666, -5.82, -5.905637149, -5.923333333333333, -5.75, -6.919999999999999, -6.423333333333333, -7.28, -7.113333333333333, -5.776666666666666, -5.843333333333334, -6.976530892666666, -5.923333333333333, -6.023333333333333, -5.813333333333333, -5.973333333333334, -5.5200000000000005, -6.626666666666668, -5.75, -7.233333333333333, -6.62, -7.599999999999999, -7.196666666666666, -5.859999999999999, -7.184280656333333, -7.046666666666667, -5.866666666666667, -5.913333333333334, -7.206666666666667, -7.57, -6.951290654666667, -6.8500000000000005, -5.513333333333333, -5.753333333333334, -5.909999999999999, -5.326666666666667, -6.573333333333333, -6.260000000000001, -5.91, -6.38, -6.303333333333334, -7.246666666666667, -7.166666666666667, -6.75, -5.513333333333333, -5.513333333333333, -6.803333333333334, -6.006666666666667, -7.456666666666666, -7.103267973333334, -6.72, -5.6499999999999995, -7.483333333333333, -7.3566666666666665, -5.93, -6.123333333333334, -6.836666666666666, -5.721666666666667, -5.863333333333333, -5.850603913666666, -7.036666666666666, -7.053333333333334, -7.07, -6.963333333333334, -6.332831869, -5.850603913666666, -7.0, -7.2, -6.640000000000001, -6.89, -7.286666666666666, -7.003333333333334, -7.330000000000001, -5.403333333333333, -5.913333333333333, -7.5, -7.0, -7.113333333333333, -7.293333333333334, -7.013333333333333, -5.996666666666667, -6.400000000000001, -7.27, -6.336666666666666, -6.2, -7.32, -7.246666666666666, -6.82, -7.203333333333333, -7.21, -5.75, -6.996666666666667, -5.353333333333334, -6.326666666666667, -6.0, -7.29, -7.036666666666666, -7.243333333333332, -5.226666666666667, -5.96, -7.396666666666666, -6.93, -7.13, -6.3933333333333335, -7.173333333333333, -7.336666666666666, -7.086666666666666, -5.18, -5.986666666666667, -4.9433333333333325, -4.9433333333333325, -4.826666666666667, -4.9433333333333325, -6.703333333333333, -4.666666666666667, -4.966666666666666, -5.79, -5.54, -7.23, -7.12, -6.8999999999999995, -6.026666666666666, -7.193333333333334, -4.886666666666667, -7.12, -6.646666666666666, -6.646666666666666, -5.44, -5.6499999999999995, -5.086666666666667, -4.433333333333334, -4.263333333333333, -5.057797136333334, -5.0027345043333336, -5.057797136333334, -5.286666666666667, -5.153333333333333, -4.796666666666667, -5.25, -5.013333333333334, -4.05, -4.956666666666667, -5.166666666666667, -7.3066666666666675, -5.573333333333333, -7.38, -5.743333333333332, -5.853333333333334, -6.890000000000001, -5.918333333333333, -5.960000000000001, -5.553333333333334, -5.63, -6.963333333333334, -7.146666666666667, -6.9799999999999995, -5.706666666666667, -6.463333333333334, -6.603333333333333, -5.803333333333332, -5.9366666666666665, -6.580000000000001, -5.696666666666666, -5.953333333333333, -6.616666666666667, -5.886666666666667, -6.603333333333333, -5.723333333333334, -6.156666666666666, -5.960000000000001, -5.782599127, -6.513234557666666, -5.846666666666667, -5.6499999999999995, -5.803333333333334, -5.793333333333333, -5.9316666666666675, -6.256666666666668, -5.716666666666666, -6.7, -6.346666666666667, -5.816666666666666, -5.9433333333333325, -6.383333333333333, -5.742955631, -5.97, -5.736666666666667, -5.733333333333333, -6.985252497, -5.716666666666666, -6.023333333333333, -6.836666666666666, -5.623333333333332, -5.533333333333334, -5.973333333333333, -6.13, -6.282240619666666, -5.646666666666666, -5.9433333333333325, -6.4433333333333325, -6.093333333333334, -7.44, -7.34, -5.4799999999999995, -5.623333333333334, -6.513234557666667, -5.670000000000001, -6.886666666666666, -5.836666666666666, -5.43, -5.536666666666666, -5.61, -7.136666666666667, -5.6933333333333325, -7.609999999999999, -6.59, -5.74889989, -7.089470411666667, -5.686666666666667, -6.54, -5.989999999999999, -5.726666666666667, -5.9366666666666665, -5.4433333333333325, -5.836666666666666, -6.03, -5.510000000000001, -7.206666666666667, -7.173333333333333, -5.773333333333333, -7.011442676333334, -6.203333333333333, -5.8066666666666675, -7.376666666666666, -5.34, -5.796666666666667, -7.170000000000001, -5.826666666666665, -5.836666666666666, -5.836666666666666, -5.739999999999999, -7.260000000000001, -5.766666666666667, -5.510000000000001, -5.34, -7.053088922000001, -7.053333333333334, -7.2, -5.859999999999999, -5.503333333333334, -5.87, -7.57, -6.1499999999999995, -6.923333333333333, -5.97, -6.263333333333333, -5.807061071, -5.807061071000001, -7.163333333333334, -7.3566666666666665, -7.123333333333334, -7.096666666666667, -7.296666666666667, -7.006666666666667, -7.353333333333334, -5.93, -7.183333333333334, -7.266666666666666, -5.88, -6.525050339333333, -7.373333333333334, -6.314499718, -6.883333333333333, -6.833333333333333, -5.933333333333333, -6.349999999999999, -7.3500000000000005, -6.796666666666667, -7.263333333333333, -5.243333333333333, -5.55, -5.489999999999999, -6.79, -7.3566666666666665, -7.373333333333332, -6.736666666666667, -7.303333333333334, -5.8, -6.7, -5.510000000000001, -5.486666666666667, -6.316666666666666, -6.416666666666667, -6.036666666666666, -5.683333333333333, -5.516666666666667, -5.789999999999999, -7.05, -7.03, -7.286666666666666, -7.09, -7.073333333333333, -5.81, -7.266666666666667, -5.9366666666666665, -7.28, -5.403333333333332, -5.55, -5.283333333333333, -4.846666666666667, -5.933333333333334, -5.580000000000001, -6.1000000000000005, -6.916666666666667, -4.933333333333334, -5.063333333333333, -6.873333333333332, -6.546666666666667, -5.026666666666666, -5.183333333333334, -4.989999999999999, -5.901666666666666, -6.6933333333333325, -7.043333333333333, -5.14, -5.296666666666667, -5.496666666666667, -5.543333333333334, -7.383333333333334, -6.006666666666668, -5.270681734, -5.413333333333334, -4.06, -3.8166666666666664, -5.11, -4.693333333333334, -5.31, -5.03, -5.023333333333333, -5.413333333333334, -4.826666666666667, -5.413333333333334, -5.25, -5.25, -7.436666666666667, -6.080000000000001, -5.783333333333334, -7.076666666666667, -5.973333333333334, -5.633333333333333, -5.8999999999999995, -6.293333333333333, -5.840000000000001, -7.006666666666667, -5.934338931333333, -6.73, -7.343333333333334, -6.913333333333333, -5.546666666666667, -7.489999999999999, -5.843333333333334, -5.636666666666667, -6.239999999999999, -6.289451892333333, -5.573333333333333, -5.881666666666667, -5.776666666666667, -6.94, -5.746666666666667, -5.923333333333333, -6.140000000000001, -7.023333333333333, -7.036666666666666, -5.816666666666666, -5.73, -5.516666666666666, -6.846666666666667, -6.513333333333333, -5.71, -6.076666666666667, -7.16, -7.390000000000001, -5.9343389313333335, -5.923333333333333, -6.46, -5.829999999999999, -5.571666666666668, -6.53, -6.953333333333333, -7.138179757, -6.146666666666666, -6.053333333333334, -6.41, -7.046666666666667, -6.9433333333333325, -5.613333333333333, -5.716666666666666, -5.510000000000001, -5.696666666666666, -6.397659797999999, -5.623333333333334, -7.32, -6.713333333333334, -6.885310652, -5.510000000000001, -5.776666666666666, -6.05, -6.026666666666666, -5.7700000000000005, -5.579999999999999, -7.253333333333333, -6.716666666666666, -5.323333333333333, -5.571666666666668, -5.816666666666666, -5.75, -5.536666666666666, -5.476666666666667, -5.91, -5.723333333333334, -5.826666666666667, -5.72, -5.873333333333334, -5.420000000000001, -5.710000000000001, -7.3, -7.070139762666667, -6.3933333333333335, -6.013333333333333, -7.006666666666667, -5.88, -5.786666666666666, -5.88, -5.873333333333334, -6.966666666666666, -5.91, -7.053088922000001, -5.91, -7.365310652000001, -5.93, -7.43, -6.1433333333333335, -6.183333333333334, -5.510000000000001, -7.29, -7.353333333333334, -7.420000000000001, -7.366666666666667, -6.640000000000001, -6.543333333333334, -7.21, -5.706666666666666, -5.72, -5.986666666666667, -7.21, -7.2700000000000005, -6.72, -5.5, -7.583333333333333, -6.113333333333333, -6.996666666666667, -7.136666666666667, -7.343333333333334, -7.28, -6.95, -6.833333333333333, -5.843333333333334, -6.1000000000000005, -6.926666666666666, -6.766666666666667, -7.166666666666667, -7.093333333333334, -6.336666666666666, -6.2, -6.32, -5.803333333333332, -5.216666666666666, -7.093333333333334, -7.19, -6.383333333333333, -7.163333333333334, -5.153333333333333, -7.18, -7.28, -6.913333333333334, -5.6000000000000005, -5.29, -5.711666666666666, -5.473333333333334, -5.663333333333333, -5.826666666666667, -5.516666666666667, -6.876666666666666, -7.173333333333333, -5.003333333333333, -5.33, -5.623333333333334, -6.43, -5.983333333333333, -4.923333333333333, -6.026666666666666, -5.536666666666666, -4.79, -4.953333333333334, -5.023333333333333, -6.113333333333333, -4.753333333333333, -4.966666666666666, -5.023333333333333, -4.796666666666667, -6.78, -5.265, -5.026666666666666, -6.36, -6.69, -5.913333333333334, -5.04, -6.6000000000000005, -6.916666666666667, -5.415, -5.57, -6.626666666666666, -6.713333333333334, -6.796666666666667, -4.069999999999999, -6.096666666666667, -4.069999999999999, -6.646666666666666, -6.916666666666667, -4.1066666666666665, -4.566666666666667, -5.533333333333334, -5.11, -4.566666666666667, -4.86, -5.293333333333334, -4.566666666666667, -4.93, -5.1066666666666665, -5.403333333333333, -5.215619102000001, -5.133333333333333, -5.146666666666667, -5.133333333333334, -5.036666666666667, -6.866666666666667, -7.123333333333332, -6.066666666666666, -7.273333333333333, -6.573333333333333, -6.963333333333334, -5.736666666666667, -6.616666666666667, -5.886666666666667, -6.96, -7.073333333333333, -5.996666666666666, -6.163333333333334, -5.613333333333333, -6.176666666666667, -6.02, -5.786666666666666, -6.903333333333333, -5.773333333333333, -5.946860669666666, -6.84, -5.98, -5.75, -6.02, -5.94, -7.096666666666667, -6.743333333333332, -7.19, -5.59, -5.956666666666667, -6.976666666666667, -5.656666666666666, -7.0566666666666675, -5.872719264, -5.859999999999999, -5.859999999999999, -5.746666666666666, -5.8133333333333335, -5.756666666666667, -5.823333333333333, -5.803333333333334, -5.6933333333333325, -6.53, -6.4608600843333335, -5.576666666666665, -6.310233996, -6.255254417, -5.703333333333333, -5.736666666666667, -5.3133333333333335, -6.166666666666667, -5.613333333333333, -5.78, -5.62, -6.336666666666667, -5.5633333333333335, -5.913333333333333, -5.613333333333333, -5.553333333333334, -5.739999999999999, -7.359999999999999, -5.816666666666666, -6.453333333333333, -5.933333333333333, -5.81, -5.705000000000001, -5.6066666666666665, -7.296666666666667, -7.206666666666667, -6.086666666666666, -5.890000000000001, -7.28, -7.256666666666667, -5.653333333333333, -5.739999999999999, -5.9799999999999995, -5.503333333333334, -5.836666666666666, -6.82, -6.086666666666666, -7.493333333333333, -5.813333333333333, -5.6933333333333325, -7.29, -6.456666666666667, -7.035227978999999, -6.126666666666666, -6.126666666666666, -5.5633333333333335, -5.640000000000001, -5.903333333333333, -5.533333333333334, -5.896666666666666, -5.6933333333333325, -5.886666666666667, -5.6933333333333325, -6.2, -7.070139762666667, -5.903333333333333, -6.803333333333334, -6.513333333333333, -5.614999999999999, -5.493333333333332, -6.976666666666667, -5.614999999999999, -7.506666666666667, -6.336666666666666, -7.326666666666667, -5.889528689, -6.433333333333334, -7.043333333333333, -6.866666666666667, -7.013333333333333, -7.263333333333333, -7.136666666666667, -6.330103733333332, -5.913333333333334, -5.8, -7.336666666666666, -5.960000000000001, -7.23, -6.123333333333334, -5.996666666666666, -7.223333333333334, -6.286666666666666, -7.296666666666667, -7.1933333333333325, -6.736666666666667, -7.183333333333334, -5.836666666666666, -7.0, -7.246666666666667, -6.223333333333334, -6.236666666666667, -6.963333333333334, -7.263333333333333, -6.126666666666666, -6.3933333333333335, -6.326666666666667, -6.4799999999999995, -5.6499999999999995, -5.803333333333332, -5.156666666666666, -7.043333333333333, -6.973333333333334, -6.94, -6.95, -6.109999999999999, -5.323333333333333, -5.756666666666667, -7.203333333333333, -5.706666666666666, -6.580000000000001, -7.266666666666666, -7.206666666666667, -5.513333333333333, -5.646666666666667, -5.163333333333333, -7.053333333333334, -7.09, -6.533333333333334, -7.239999999999999, -5.363333333333333, -5.919999999999999, -5.3566666666666665, -7.253333333333333, -7.296666666666667, -5.3566666666666665, -5.023333333333333, -5.933333333333334, -5.4433333333333325, -5.566666666666666, -4.8999999999999995, -7.273333333333333, -4.983333333333333, -5.47, -4.966666666666666, -4.8933333333333335, -6.25, -5.208333333333333, -5.1816666666666675, -4.989999999999999, -5.22, -6.849999999999999, -5.483333333333333, -5.4750000000000005, -6.613333333333333, -7.133333333333333, -7.156666666666666, -3.813333333333334, -6.81, -4.84, -3.813333333333333, -4.1000000000000005, -5.23, -4.93, -5.07, -5.382612434666666, -4.216666666666666, -5.396666666666667, -5.383333333333333]","0     -7.22
1     -6.21
2     -7.24
3     -5.92
4     -5.96
       ... 
247   -6.00
248   -3.99
249   -5.24
250   -4.77
251   -4.71
Name: Permeability, Length: 252, dtype: float64","[array([-6.38666667, -6.00333333, -5.93666667, -5.86      , -5.84666667,
       -7.01333333, -6.12      , -7.08      , -7.29      , -6.79      ,
       -5.98      , -5.80333333, -5.86333333, -5.84333333, -6.03      ,
       -6.02      , -6.31333333, -7.05191916, -5.98666667, -6.41      ,
       -6.00333333, -6.59666667, -5.62333333, -5.92333333, -5.80333333,
       -5.78333333, -5.75      , -5.84333333, -5.82101628, -5.80333333,
       -6.91666667, -6.1       , -5.41      , -6.87333333, -5.82      ,
       -6.42333333, -5.81666667, -7.23333333, -6.01666667, -5.54666667,
       -6.28665768, -5.88      , -6.03145317, -6.00333333, -5.73463631,
       -6.02      , -6.55333333, -6.14833333, -5.88333333, -5.66      ,
       -7.06666667, -7.05666667, -6.03      , -5.57      , -6.28665768,
       -6.14333333, -6.5       , -6.08666667, -5.48666667, -6.37666667,
       -5.73463631, -6.02      , -5.89      , -5.51666667, -5.62333333,
       -5.78      , -7.00470821, -5.52      , -5.59      , -6.09333333,
       -5.80666667, -6.98666667, -5.65333333, -6.83666667, -5.78      ,
       -5.7       , -5.87333333, -5.88333333, -6.08666667, -7.10333333,
       -6.26951633, -5.84666667, -6.16      , -6.06      , -5.91      ,
       -5.38      , -6.75      , -6.25666667, -6.72333333, -6.80666667,
       -7.05455863, -7.07013976, -5.63333333, -5.92666667, -6.37      ,
       -7.05455863, -5.58666667, -6.01333333, -5.94      , -5.72333333,
       -7.17666667, -6.94333333, -7.05191916, -5.65666667, -5.58666667,
       -5.83333333, -5.81      , -7.19      , -6.45333333, -6.38333333,
       -6.19333333, -6.08666667, -5.86      , -6.46666667, -6.01333333,
       -6.97      , -6.37      , -6.26333333, -6.26333333, -5.76      ,
       -5.64666667, -6.26333333, -5.71      , -6.99      , -5.65333333,
       -5.87      , -6.89666667, -6.33333333, -5.41333333, -5.80666667,
       -7.43      , -7.0352525 , -6.12333333, -5.65666667, -6.83666667,
       -5.28333333, -5.93666667, -5.86333333, -7.26666667, -7.17666667,
       -7.06333333, -7.02831291, -6.90666667, -7.09918982, -7.07      ,
       -5.78      , -7.14      , -6.34211218, -5.52666667, -6.92666667,
       -6.49666667, -7.00666667, -6.97333333, -5.4       , -7.04      ,
       -7.48      , -7.11666667, -7.57666667, -6.54071586, -7.51      ,
       -7.29666667, -7.15      , -5.77666667, -6.07333333, -7.23      ,
       -6.63666667, -7.16333333, -6.89      , -5.60666667, -7.37496732,
       -6.8       , -5.48666667, -7.13666667, -6.31333333, -7.48666667,
       -5.66333333, -6.97      , -6.07      , -6.12666667, -6.27      ,
       -6.52666667, -6.34333333, -6.82666667, -5.72      , -5.52      ,
       -6.36333333, -6.31      , -7.05      , -6.41333333, -5.84      ,
       -7.09333333, -6.72      , -6.83666667, -5.37666667, -7.47666667,
       -5.89364064, -6.77      , -6.22666667, -6.25      , -7.26666667,
       -5.66333333, -5.91      , -6.79666667, -5.73333333, -6.57333333,
       -6.26333333, -5.81666667, -6.58333333, -6.68666667, -4.99      ,
       -4.91      , -4.87666667, -4.74666667, -5.37666667, -5.01333333,
       -5.53833333, -5.02666667, -6.62666667, -4.62333333, -5.82333333,
       -6.20666667, -5.82333333, -5.15333333, -6.88333333, -5.23333333,
       -5.57833333, -6.32      , -5.71      , -7.04      , -6.75333333,
       -6.91666667, -5.82333333, -5.44333333, -6.96333333, -3.60333333,
       -4.91189775, -4.61666667, -4.07322208, -5.47333333, -4.99      ,
       -4.21666667, -4.62333333, -5.43      , -4.82666667, -4.90666667,
       -4.48666667, -4.90666667, -5.47      , -4.17      , -4.83      ,
       -4.21666667, -4.99      ]), array([-6.46      , -5.96666667, -5.93666667, -5.76666667, -5.84666667,
       -7.04666667, -5.79333333, -7.02      , -7.27      , -6.79      ,
       -6.09333333, -5.77666667, -5.99      , -5.86333333, -6.02      ,
       -6.02      , -6.25666667, -7.23333333, -5.71666667, -6.5       ,
       -6.00333333, -6.59666667, -5.61666667, -5.92333333, -5.68      ,
       -5.88333333, -5.85      , -5.88      , -5.99519343, -5.86      ,
       -7.04      , -5.99666667, -5.73      , -6.73333333, -5.83666667,
       -6.43333333, -5.81666667, -7.17333333, -5.91      , -5.54      ,
       -6.41252051, -5.88      , -6.03145317, -5.98      , -5.83553536,
       -5.93666667, -6.7       , -6.01333333, -5.95      , -5.66      ,
       -6.92      , -7.05666667, -5.93666667, -5.66333333, -6.3417527 ,
       -5.87      , -6.12666667, -6.1       , -5.46333333, -6.37666667,
       -5.83553536, -6.24      , -5.98666667, -5.58166667, -5.67333333,
       -5.93666667, -7.05754358, -5.56333333, -5.77      , -5.88666667,
       -5.78666667, -7.18666667, -5.65333333, -7.10666667, -5.84333333,
       -5.84      , -5.99666667, -5.95      , -5.91      , -7.10333333,
       -6.26951633, -5.65833333, -6.03333333, -6.08666667, -5.91      ,
       -5.36      , -6.70333333, -6.20333333, -6.72333333, -7.14      ,
       -7.05455863, -7.18428066, -5.74      , -5.86666667, -6.37      ,
       -7.05455863, -5.73333333, -6.08333333, -5.84      , -5.76      ,
       -7.30333333, -7.15666667, -7.04666667, -5.83      , -5.75      ,
       -5.81666667, -5.73666667, -7.42333333, -6.38      , -6.25333333,
       -6.38333333, -5.91      , -5.86      , -6.55      , -5.64666667,
       -6.73      , -6.37      , -5.97666667, -5.97666667, -5.81666667,
       -5.48333333, -6.43333333, -5.78      , -6.96      , -5.81333333,
       -5.92      , -6.88      , -6.33666667, -5.41333333, -5.57666667,
       -7.33333333, -7.28333333, -6.15333333, -5.72166667, -6.75      ,
       -5.28333333, -6.00166667, -6.25      , -7.26666667, -7.17666667,
       -6.76333333, -7.09034333, -6.90666667, -7.13264667, -6.96333333,
       -5.78      , -6.46333333, -6.08998835, -5.70666667, -7.14666667,
       -6.38333333, -6.96333333, -7.24666667, -5.4       , -6.85333333,
       -7.28666667, -7.32      , -7.27      , -6.45783522, -7.33333333,
       -7.29666667, -7.23666667, -5.73      , -5.88666667, -7.27      ,
       -6.93333333, -6.79      , -6.96      , -5.7       , -7.44333333,
       -7.03333333, -5.48666667, -7.03666667, -6.31333333, -7.4       ,
       -5.73      , -6.83333333, -6.07      , -6.23      , -6.27      ,
       -6.52666667, -6.55333333, -6.82666667, -5.57      , -5.52      ,
       -6.12333333, -6.27666667, -7.16666667, -6.28      , -5.81333333,
       -7.27      , -6.57666667, -6.83666667, -5.37666667, -7.47666667,
       -5.89364064, -6.63666667, -6.23666667, -6.03666667, -7.33666667,
       -5.92      , -5.92      , -7.28      , -5.73333333, -6.54      ,
       -6.24      , -5.93333333, -6.38      , -6.68666667, -4.86333333,
       -5.52      , -4.87666667, -4.90333333, -6.02      , -4.87666667,
       -5.54      , -4.94333333, -6.57666667, -4.96      , -6.02666667,
       -6.05333333, -6.02666667, -5.15333333, -6.69      , -5.23333333,
       -5.43333333, -6.53333333, -5.71      , -7.02333333, -7.12      ,
       -6.64666667, -5.69      , -5.44      , -6.89666667, -3.81666667,
       -4.7255469 , -4.61666667, -3.85      , -5.62666667, -4.99      ,
       -4.26333333, -4.62333333, -5.43      , -4.82666667, -4.90666667,
       -4.54      , -4.90666667, -5.47      , -4.24      , -4.86666667,
       -4.26333333, -4.99      ]), array([-6.38666667, -5.98      , -6.04333333, -5.80333333, -5.51666667,
       -6.98666667, -6.03333333, -7.08      , -7.35666667, -6.77666667,
       -6.09333333, -5.80333333, -5.86333333, -5.86333333, -6.13666667,
       -6.05      , -6.25666667, -7.27191916, -5.71666667, -6.62      ,
       -5.92333333, -6.71      , -5.59      , -5.86666667, -5.80333333,
       -5.78333333, -5.85      , -5.84333333, -5.99519343, -5.79333333,
       -7.02      , -6.1       , -5.65      , -6.79333333, -5.83      ,
       -6.19      , -5.81666667, -7.17333333, -5.83666667, -5.59      ,
       -6.41252051, -5.81      , -5.81826924, -6.00333333, -5.77862574,
       -5.99333333, -6.79333333, -5.995     , -5.90666667, -5.63      ,
       -6.87333333, -7.05333333, -6.06666667, -5.64666667, -6.3417527 ,
       -6.00666667, -6.36666667, -6.02666667, -5.51333333, -6.27      ,
       -5.6815115 , -6.24      , -5.98666667, -5.43166667, -5.67333333,
       -5.78      , -6.94601113, -5.56333333, -5.79333333, -6.08333333,
       -5.69333333, -7.11333333, -5.63      , -6.9       , -5.78      ,
       -5.86      , -5.92666667, -5.90666667, -5.83666667, -7.10333333,
       -6.3218908 , -5.805     , -6.16      , -5.85333333, -5.83666667,
       -5.37      , -6.75      , -6.38666667, -6.74      , -6.97666667,
       -7.05308892, -7.13817976, -5.74      , -5.97333333, -6.37      ,
       -7.16722982, -5.77      , -6.08333333, -5.94      , -5.76      ,
       -7.13333333, -7.31333333, -7.06858583, -5.65666667, -5.67      ,
       -5.83333333, -5.83333333, -7.24666667, -6.52666667, -6.25      ,
       -6.11333333, -5.83666667, -5.83666667, -6.64333333, -5.78      ,
       -6.73      , -6.37      , -6.26333333, -6.26333333, -5.81666667,
       -5.69333333, -6.29333333, -5.94333333, -7.05333333, -5.63666667,
       -6.04      , -6.89666667, -6.33333333, -5.63666667, -6.01666667,
       -7.35      , -6.96191916, -5.98      , -5.65666667, -6.86333333,
       -5.38333333, -6.00166667, -6.17      , -7.05333333, -7.18333333,
       -7.01333333, -6.93130291, -7.05333333, -7.09918982, -6.97      ,
       -5.80333333, -6.46333333, -6.34211218, -5.70666667, -6.92666667,
       -6.48333333, -6.96      , -7.18333333, -5.41333333, -6.85333333,
       -7.48      , -7.06      , -7.28      , -6.52505034, -7.54333333,
       -7.38      , -6.95333333, -5.71666667, -6.04666667, -7.37333333,
       -6.85666667, -6.79      , -6.89      , -5.7       , -7.44333333,
       -6.8       , -5.48666667, -7.03666667, -6.31333333, -7.29333333,
       -5.88666667, -6.83333333, -6.07      , -6.11666667, -6.10666667,
       -6.12333333, -6.34333333, -7.09333333, -5.81333333, -5.48666667,
       -6.31333333, -6.27666667, -7.00333333, -6.28      , -5.81333333,
       -7.27      , -6.57666667, -6.83666667, -5.37666667, -7.47666667,
       -5.79242784, -6.64666667, -6.22666667, -6.03666667, -7.26666667,
       -5.81      , -6.05666667, -6.79666667, -5.71333333, -6.54      ,
       -6.13666667, -5.93333333, -6.31666667, -6.56      , -4.99      ,
       -5.52      , -4.87666667, -4.90333333, -6.02      , -5.01333333,
       -5.53833333, -5.06333333, -6.82333333, -4.62333333, -5.93333333,
       -6.        , -5.77333333, -5.37333333, -6.69333333, -5.23333333,
       -5.57833333, -6.53333333, -6.32666667, -6.91666667, -6.75333333,
       -6.64666667, -5.88      , -5.49666667, -7.2       , -3.81666667,
       -4.92449394, -4.61666667, -4.21322208, -5.67      , -4.99      ,
       -4.21666667, -4.69333333, -5.38333333, -4.82666667, -4.90666667,
       -4.55666667, -4.90666667, -5.25      , -4.24      , -4.86666667,
       -4.21666667, -5.25      ]), array([-6.38666667, -6.00333333, -6.03333333, -5.83      , -5.94666667,
       -6.88666667, -6.09666667, -6.98      , -7.29      , -6.79      ,
       -6.09333333, -5.75      , -5.99      , -5.90666667, -6.03      ,
       -6.02      , -6.25666667, -7.05191916, -5.71666667, -6.62      ,
       -6.00333333, -6.53333333, -5.59      , -5.92333333, -5.77666667,
       -5.83      , -5.79      , -5.84333333, -5.99519343, -5.86      ,
       -6.82333333, -6.1       , -5.73      , -6.79333333, -5.83666667,
       -6.43333333, -5.83666667, -7.17333333, -6.01666667, -5.54      ,
       -6.41252051, -5.88      , -5.93433893, -6.00333333, -5.73463631,
       -5.99333333, -6.79333333, -5.995     , -5.90666667, -5.66      ,
       -6.87333333, -6.90666667, -5.93666667, -5.6       , -6.3417527 ,
       -6.00666667, -6.5       , -6.20666667, -5.46333333, -6.37666667,
       -5.69520026, -6.24      , -5.99666667, -5.57166667, -5.54666667,
       -5.78      , -6.99211203, -5.56333333, -5.78666667, -6.09333333,
       -5.79333333, -7.06      , -5.65333333, -6.83666667, -5.78      ,
       -5.86      , -5.92      , -5.90666667, -6.08666667, -7.10333333,
       -6.26189537, -5.805     , -6.01666667, -6.08666667, -5.91      ,
       -5.36      , -6.75      , -6.38666667, -6.75333333, -6.80666667,
       -7.05455863, -7.11884911, -5.85333333, -5.97333333, -6.50333333,
       -7.05455863, -5.73333333, -6.15666667, -6.06166667, -5.64666667,
       -7.32666667, -7.15666667, -7.05191916, -5.78666667, -5.64333333,
       -5.75333333, -5.81      , -7.42333333, -6.45333333, -6.49      ,
       -6.19333333, -6.08666667, -5.86      , -6.55333333, -5.77333333,
       -6.73      , -6.16      , -6.26333333, -6.26333333, -5.73666667,
       -5.69333333, -6.29333333, -5.78      , -6.96      , -5.82666667,
       -5.92      , -6.89666667, -6.32      , -5.49333333, -5.80666667,
       -7.54333333, -6.96191916, -6.00333333, -5.57166667, -6.83666667,
       -5.46333333, -5.62833333, -6.25      , -7.26666667, -7.04666667,
       -7.05      , -7.04497958, -6.90666667, -7.05308892, -7.07      ,
       -5.91      , -6.46333333, -6.34211218, -5.57333333, -6.95666667,
       -6.48333333, -7.00666667, -7.24666667, -5.4       , -6.85333333,
       -7.54333333, -7.06      , -7.45333333, -6.50748156, -7.54333333,
       -7.42333333, -7.26      , -5.73      , -5.93333333, -7.36666667,
       -6.63666667, -6.79      , -6.89      , -5.7       , -7.44333333,
       -6.8       , -5.51666667, -6.69666667, -6.31333333, -7.48666667,
       -5.73      , -6.75333333, -5.91      , -6.13666667, -6.29      ,
       -6.81      , -6.34333333, -6.50666667, -5.77      , -5.51666667,
       -6.12333333, -6.66      , -7.15666667, -6.4       , -5.80333333,
       -7.18      , -6.57666667, -7.12      , -5.45      , -7.47666667,
       -5.84606848, -6.64666667, -6.69666667, -6.03666667, -7.26666667,
       -5.92      , -5.92      , -6.93333333, -5.68666667, -6.54      ,
       -5.97      , -6.02666667, -6.28      , -6.68666667, -5.08333333,
       -5.52      , -5.02333333, -4.90333333, -5.52      , -5.23333333,
       -5.53833333, -5.06333333, -6.62666667, -4.79333333, -6.02666667,
       -5.79      , -5.77333333, -5.31333333, -6.69      , -5.23333333,
       -5.57833333, -6.6       , -5.73666667, -7.04      , -6.9       ,
       -6.71333333, -5.69      , -5.47      , -6.96333333, -3.81666667,
       -4.91189775, -4.40333333, -4.28322208, -5.42333333, -4.99666667,
       -4.29      , -4.56666667, -5.53      , -5.11      , -5.32666667,
       -4.56666667, -5.26      , -5.13333333, -4.25      , -4.86666667,
       -4.47      , -5.03666667]), array([-6.36666667, -5.905     , -5.92333333, -5.83      , -5.84666667,
       -6.98666667, -6.09666667, -7.08      , -7.24      , -6.74666667,
       -6.03666667, -5.78      , -5.99      , -5.86333333, -6.03      ,
       -6.03      , -6.17666667, -7.05191916, -6.23666667, -6.62      ,
       -6.00333333, -6.55      , -5.66333333, -5.85666667, -5.74333333,
       -5.81333333, -5.8       , -5.75      , -5.99519343, -5.86      ,
       -6.82333333, -5.93666667, -5.73      , -6.9       , -5.73666667,
       -6.43333333, -5.60666667, -7.08      , -6.08666667, -5.56333333,
       -6.310234  , -5.66      , -5.88541654, -6.11333333, -5.73463631,
       -5.99333333, -6.58      , -5.995     , -5.97333333, -5.66      ,
       -6.87333333, -6.94333333, -5.93666667, -5.64666667, -6.310234  ,
       -6.21666667, -6.5       , -6.20666667, -5.46333333, -6.53333333,
       -5.69520026, -6.09333333, -5.94      , -5.43166667, -5.67333333,
       -6.1       , -6.99211203, -5.56333333, -5.79333333, -6.10666667,
       -5.69333333, -7.11333333, -5.66      , -6.83666667, -5.82333333,
       -5.86      , -5.92666667, -5.64      , -6.08666667, -6.66666667,
       -6.15363126, -5.86833333, -6.16      , -6.08666667, -6.08666667,
       -5.53333333, -6.94      , -6.38666667, -6.72333333, -6.79333333,
       -7.03522798, -7.11884911, -5.63333333, -5.97333333, -6.22666667,
       -7.10326797, -5.73333333, -6.00333333, -5.94      , -5.81      ,
       -7.13333333, -7.15666667, -7.05191916, -5.72333333, -5.64333333,
       -5.86      , -5.8       , -7.34666667, -6.42      , -6.25      ,
       -6.19333333, -6.08666667, -6.08666667, -6.46666667, -5.77333333,
       -6.70333333, -6.22      , -6.29333333, -6.18333333, -5.81666667,
       -5.69333333, -6.29333333, -5.78      , -7.23666667, -5.82666667,
       -5.76      , -6.89666667, -6.34      , -5.39      , -6.11333333,
       -7.35      , -6.96191916, -6.15333333, -5.615     , -6.83666667,
       -5.39      , -6.00166667, -6.25      , -7.43333333, -7.12666667,
       -7.05      , -7.09034333, -6.94333333, -7.09918982, -7.23333333,
       -5.78      , -6.93      , -6.17402101, -5.66333333, -7.20666667,
       -6.43333333, -7.22333333, -7.19666667, -5.39666667, -6.77333333,
       -7.48      , -7.06      , -7.27      , -6.50748156, -7.54333333,
       -7.51      , -7.26      , -5.64      , -5.88666667, -7.36666667,
       -6.99333333, -6.79      , -7.09333333, -5.85      , -7.44333333,
       -7.13333333, -5.49      , -7.03666667, -6.23      , -7.48666667,
       -5.63      , -6.83333333, -5.93333333, -6.12666667, -6.28      ,
       -6.52666667, -6.55      , -6.94      , -5.57      , -5.48      ,
       -6.25      , -6.27666667, -7.05      , -6.28      , -5.81333333,
       -7.27      , -6.90333333, -7.25666667, -5.13333333, -7.24      ,
       -5.92606848, -6.64666667, -6.22666667, -6.22333333, -7.05333333,
       -5.98666667, -6.08333333, -6.79666667, -5.65666667, -6.64      ,
       -6.13666667, -5.93333333, -6.38      , -6.28666667, -5.02666667,
       -5.44666667, -4.85333333, -5.15333333, -6.02      , -4.9       ,
       -5.785     , -5.06333333, -6.62666667, -4.62333333, -6.02666667,
       -5.79      , -5.77333333, -5.2       , -6.69      , -5.23333333,
       -5.41166667, -6.53333333, -5.71      , -7.04      , -6.75333333,
       -6.64666667, -5.69      , -5.47      , -6.96333333, -3.78      ,
       -4.91189775, -4.1       , -4.28322208, -5.47333333, -5.03666667,
       -4.21666667, -4.62333333, -5.4       , -4.82666667, -4.90666667,
       -4.54      , -4.90666667, -5.64333333, -4.54      , -4.88      ,
       -4.21666667, -5.39666667])]","[-6.39733333 -5.97166667 -5.97466667 -5.818      -5.80066667 -6.984
 -6.028      -7.048      -7.28933333 -6.77866667 -6.05933333 -5.78266667
 -5.93933333 -5.868      -6.04933333 -6.028      -6.252      -7.132202
 -5.87466667 -6.554      -5.98733333 -6.59733333 -5.61666667 -5.89866667
 -5.76133333 -5.81866667 -5.808      -5.832      -5.960358   -5.83533333
 -6.92466667 -6.04666667 -5.65       -6.81866667 -5.812      -6.38266667
 -5.77866667 -7.16666667 -5.97333333 -5.556      -6.36689064 -5.822
 -5.94018621 -6.02066667 -5.76361401 -5.98733333 -6.684      -6.02933333
 -5.924      -5.654      -6.92133333 -7.00333333 -5.98133333 -5.62533333
 -6.32442995 -6.04866667 -6.39866667 -6.12533333 -5.478      -6.38666667
 -5.72841674 -6.16666667 -5.96       -5.50666667 -5.638      -5.87533333
 -6.99849739 -5.55466667 -5.74666667 -6.05266667 -5.75466667 -7.092
 -5.65       -6.90333333 -5.80133333 -5.824      -5.92866667 -5.85733333
 -6.00133333 -7.016      -6.25529002 -5.79666667 -6.106      -6.03466667
 -5.93066667 -5.40066667 -6.77866667 -6.324      -6.73266667 -6.90466667
 -7.05039856 -7.12605968 -5.72       -5.94266667 -6.368      -7.08683473
 -5.71133333 -6.068      -5.94433333 -5.74       -7.21466667 -7.14533333
 -7.054202   -5.73066667 -5.65866667 -5.81933333 -5.798      -7.326
 -6.44666667 -6.32533333 -6.21533333 -6.00133333 -5.90066667 -6.536
 -5.79733333 -6.77266667 -6.298      -6.212      -6.19       -5.78933333
 -5.642      -6.31533333 -5.79866667 -7.04       -5.75133333 -5.902
 -6.89333333 -6.33266667 -5.46933333 -5.864      -7.40133333 -7.04086866
 -6.08266667 -5.64433333 -6.82466667 -5.36066667 -5.914      -6.15666667
 -7.25733333 -7.142      -6.988      -7.03705641 -6.94333333 -7.09666101
 -7.06133333 -5.81066667 -6.692      -6.25806918 -5.63533333 -7.03266667
 -6.456      -7.032      -7.16933333 -5.402      -6.87466667 -7.454
 -7.12333333 -7.37       -6.50771291 -7.49466667 -7.38133333 -7.172
 -5.71866667 -5.96533333 -7.32133333 -6.81133333 -6.86466667 -6.94466667
 -5.71133333 -7.42966013 -6.91333333 -5.49333333 -6.98866667 -6.29666667
 -7.43066667 -5.728      -6.84466667 -6.01066667 -6.14733333 -6.24333333
 -6.50266667 -6.42666667 -6.83866667 -5.68866667 -5.50466667 -6.23466667
 -6.36       -7.08533333 -6.33066667 -5.81666667 -7.21666667 -6.67066667
 -6.97733333 -5.34266667 -7.42933333 -5.87036921 -6.66933333 -6.32266667
 -6.11666667 -7.238      -5.86       -5.978      -6.92066667 -5.70466667
 -6.56666667 -6.14933333 -5.92866667 -6.388      -6.58133333 -4.99066667
 -5.38333333 -4.90133333 -4.922      -5.79133333 -5.00733333 -5.588
 -5.032      -6.656      -4.72466667 -5.96733333 -5.968      -5.834
 -5.23866667 -6.72933333 -5.23333333 -5.516      -6.504      -5.83866667
 -7.012      -6.856      -6.714      -5.75466667 -5.464      -6.99733333
 -3.76666667 -4.87714682 -4.47066667 -4.14057766 -5.53333333 -5.00066667
 -4.24066667 -4.626      -5.43466667 -4.88333333 -4.99066667 -4.538
 -4.97733333 -5.39333333 -4.288      -4.862      -4.27666667 -5.13266667]","[0.03227658 0.03617857 0.05230679 0.03131205 0.14718696 0.05343324
 0.1208231  0.04118252 0.03832029 0.01681269 0.04533333 0.01982142
 0.06205374 0.02082733 0.04383809 0.0116619  0.04359409 0.0990802
 0.20903588 0.08569714 0.032      0.06169459 0.02699794 0.03037543
 0.04626494 0.03697447 0.03815757 0.04338971 0.06967086 0.03037543
 0.0927266  0.06801961 0.12393547 0.06028082 0.03815757 0.09641116
 0.08634813 0.0491709  0.08864411 0.01902046 0.05638007 0.08541663
 0.0831348  0.0472064  0.03979235 0.02735771 0.10203267 0.05992217
 0.03275498 0.012      0.07488065 0.06501282 0.05592058 0.03480741
 0.02248779 0.12052847 0.14547394 0.07085509 0.01984383 0.08416914
 0.05642668 0.09276014 0.04016632 0.06511528 0.04960287 0.12767319
 0.03566898 0.01733333 0.0787965  0.08333067 0.05049092 0.06631909
 0.01032796 0.10458383 0.02688246 0.062482   0.03941799 0.11078307
 0.10705347 0.17466667 0.05516987 0.07336363 0.06634589 0.09125301
 0.08301004 0.06674662 0.08266667 0.07858188 0.01218378 0.13577105
 0.00760662 0.03679022 0.08197561 0.04207929 0.08752396 0.04440419
 0.06393052 0.05568163 0.07029778 0.05420127 0.08376157 0.11782473
 0.00747409 0.06929486 0.05314968 0.03580192 0.03256447 0.09398345
 0.04825856 0.09696735 0.08953212 0.10705347 0.09343804 0.06577402
 0.11900327 0.09920573 0.09019978 0.11823893 0.11107555 0.03427989
 0.08136611 0.06013319 0.07724708 0.10407262 0.08711678 0.09042124
 0.00666667 0.00679869 0.09071077 0.18687369 0.07858753 0.12451484
 0.07546596 0.04985089 0.03873557 0.06910218 0.14503486 0.14990367
 0.12070902 0.05183735 0.11356056 0.05831298 0.05680376 0.02534829
 0.09765244 0.05048212 0.28782402 0.1063061  0.07295661 0.11959933
 0.04229    0.09776616 0.1013114  0.00581187 0.08828238 0.08718817
 0.10075272 0.12470409 0.02784842 0.08169319 0.08081804 0.11659236
 0.04430199 0.07959899 0.05965084 0.14905033 0.14933333 0.07912297
 0.07819065 0.02734641 0.14236104 0.01173788 0.15104966 0.03333333
 0.07643152 0.08828238 0.06990788 0.07304184 0.0418144  0.06873459
 0.21912351 0.10206752 0.19268397 0.10129385 0.01758787 0.09774343
 0.15055453 0.06469072 0.06219682 0.01229273 0.07083627 0.12889962
 0.17761882 0.10845173 0.09466667 0.04658521 0.05048212 0.1870401
 0.09834181 0.0962312  0.11350967 0.07567768 0.1873013  0.02948446
 0.03887301 0.10363183 0.06665333 0.10491478 0.15528612 0.07224649
 0.2383648  0.06166577 0.13061564 0.2837025  0.12628715 0.09850212
 0.04655224 0.08587847 0.13483488 0.08056467 0.16039673 0.09826042
 0.08918395 0.07701082 0.         0.07664927 0.09555452 0.24421848
 0.04810174 0.1437034  0.10457108 0.08120208 0.0206989  0.10457108
 0.08289217 0.07595679 0.20291651 0.16428282 0.09663218 0.01818424
 0.03057959 0.04018844 0.05092914 0.11333333 0.168      0.02761642
 0.14133333 0.18022209 0.129213   0.01681269 0.09834181 0.16333197]"
9,SVR,"[-6.927401713553152, -7.120729871864434, -5.840608556915006, -5.786879088827081, -5.9262861571080085, -5.830363377931525, -5.916562946129684, -6.09129016130611, -6.446607129295052, -5.6837376623151075, -6.5427701152826785, -6.680624962308816, -6.7048348976144085, -5.994815778254702, -5.884748554206566, -6.514983327255996, -5.988138784950663, -5.706831987962142, -5.694008304076412, -5.617043461207856, -7.142016931903203, -6.47694579198706, -5.636646287893625, -6.36209062115984, -5.812174337400771, -5.9321831799942695, -6.485737390406054, -6.0927163308121095, -7.6541782473355635, -7.151115835832172, -6.09459846235268, -5.597141107152892, -6.873247963729089, -5.537464398281294, -5.767276064465361, -5.72833098267466, -7.073799544856294, -5.841692144264798, -6.138479869639829, -6.191048404086644, -6.044776834518239, -6.697487974488305, -5.686091729455298, -6.333519930212245, -5.802386099753197, -5.66814695074654, -6.975033555667039, -6.538341607431505, -6.5859954381532475, -6.235709788245567, -5.6058137381278215, -7.295592528731115, -5.653243351877238, -5.579303413297007, -7.252844465304213, -6.89807272419997, -5.7565622244536145, -6.0404050209480555, -5.788092282470198, -5.691847962278247, -5.684737289298661, -6.092967971554839, -5.9259711662817365, -7.0318548225506365, -6.389576523334162, -5.543820500143135, -5.885461408431799, -5.733361656916324, -6.762693858335346, -6.06662292151456, -5.759469021005145, -5.815611489664491, -7.329174510688379, -7.466730490364734, -7.260458051871677, -7.002135771766085, -5.611974587219473, -7.249819823315503, -6.334307792546057, -5.373894724766887, -5.858015037413885, -5.931318269227264, -7.1567812751865105, -5.860065693984967, -5.353398831346687, -7.126731785262536, -7.2582236256323664, -5.611137777814747, -5.671532026235823, -5.942624468609578, -5.900437033061124, -5.709214814447493, -5.857047458488817, -7.3285175719410285, -5.840029377425696, -7.070542441251324, -6.343032474336744, -6.0718246286628155, -6.25857134780908, -7.3420752135768765, -6.716255124159063, -5.662304127186025, -6.020911514363256, -6.029557386102363, -6.3589096919417285, -7.274877006564881, -6.683241149554188, -5.914463701953941, -6.809271269321686, -7.33941919424255, -6.008789806592228, -6.5945464891541175, -6.888187460022154, -7.1454917784838266, -6.042915233479866, -6.762095748585135, -5.976842499116732, -7.227384224823181, -7.380394623548506, -7.165928337085582, -7.593913755039006, -6.511044110751032, -6.380052291154541, -7.33846726843173, -7.193651749359987, -7.359745218707964, -6.638001235857902, -7.023653242815774, -7.288257773348555, -5.693720733300537, -7.006953816997481, -7.256108088730684, -6.196452909685351, -6.723504372114451, -7.139695094577988, -5.6670484558081435, -7.418827115658448, -7.55844031651813, -5.739080593811594, -5.97196181869922, -7.112752775453172, -5.166492548141361, -5.453986200876918, -7.182023692283817, -6.139620818920212, -5.811681926663545, -7.014581167752811, -6.858846265107437, -6.88221686264435, -5.967391443108607, -5.669180722991086, -7.273528852104827, -6.89408285489585, -5.36680070604983, -7.164471155112444, -7.175965462016214, -7.274474659558714, -6.882350991645595, -5.544715799834812, -7.169708013780138, -5.76526359362042, -5.8880591526944475, -6.719454054754225, -6.905396485189835, -4.645196226633526, -5.145209425161538, -5.856277731560604, -6.03106893821402, -5.056673078195074, -5.7743990607418745, -4.995966814906348, -5.989674759197513, -5.580804445207261, -5.705342371937018, -5.480928780186857, -5.154149799694204, -6.589891473540176, -6.57121799927126, -6.6948372071714815, -6.355919561065111, -5.8510415467172, -6.528543475640242, -5.894724518087196, -6.36375961422786, -6.0179961253541485, -5.495186789510157, -6.649869285236381, -5.532668721921377, -5.495949128959054, -5.749886634684626, -4.131076875677628, -4.383981662317851, -4.894847419949117, -4.605354128817884, -4.55854986972543, -5.356486263826114, -4.86777743134782, -4.990633018538635, -4.586127222457206, -5.3156932372762205, -5.162771948389322, -5.43269804624296, -6.640158753409101, -7.1938370427349545, -5.5096101623582605, -7.300142819053931, -7.452463694566617, -6.911380498040228, -6.066127624708262, -6.9826361226427105, -5.9441561237986065, -5.770341779790611, -6.44631915467867, -5.9068947300491805, -6.021021692061145, -6.109961101716113, -5.670901914747973, -6.074502469350805, -7.578490457996292, -6.691888172715558, -6.998054455847312, -5.913631531792549, -6.079032133947299, -6.940208752925239, -5.697565571564077, -6.56472146260565, -5.883324892425892, -5.831785148919779, -5.7421745197452, -5.60291228123268, -6.012560716390517, -5.66658408704445, -6.481732460603169, -6.198364515147146, -5.992880747785251, -6.1465461476877294, -5.547907615643866, -5.5227737552001654, -5.686218149528716, -5.590265119457564, -6.0208598161854585, -6.39139255105645, -6.440809222510821, -7.35659280257613, -7.41379214187422, -7.023993703612189, -5.501285181228482, -7.061549741926394, -6.074974166245088, -5.587721465425083, -7.078475280093684, -6.81512758948856, -6.40576301843937, -6.0368217557154304, -5.710725694719378, -5.846178180409138, -5.8497505565939365, -6.970853098059793, -6.866546274894514, -7.447465827528852, -6.383481263837295, -5.741816888290896, -5.934492133474294, -5.851654670586049, -6.036428525660258, -6.019153744391228, -7.024305030011283, -6.356702637145439, -7.3139601074956335, -7.257614794415846, -5.9481473806566365, -5.622791833767909, -6.994667304666081, -5.901445951978453, -6.412999924716807, -5.825448487505, -6.186289929660871, -5.394244500019927, -6.4643937192411025, -5.665236673997512, -7.210029708390514, -6.779554971026792, -7.108770391852332, -7.247437583036996, -5.864619064628278, -7.08922750602135, -6.8524800517187, -6.121667822503857, -5.78080824174996, -7.210802891375546, -7.555400573507853, -6.990647692333171, -6.532108584513548, -5.58606771383396, -5.566293147401222, -5.639577099030754, -5.332935630772172, -6.7407914678121745, -6.3905883470846625, -6.117229902262499, -6.611504292648336, -6.706491453831503, -7.085537282480454, -7.2056683882488715, -6.98030508215002, -5.468762642249995, -5.513213642799471, -6.687256196137277, -6.367914924473919, -7.17102266835506, -7.267406415750239, -6.796761746794034, -5.672342641409316, -7.417264007330056, -7.23541467451097, -5.71139902362875, -6.211868474762773, -6.841826221025853, -5.7487967581482655, -5.791445147118111, -5.89243566421287, -6.9880093509893895, -7.284884200118826, -7.088975502262416, -7.145885841870706, -6.368088924354602, -5.881659728555329, -7.096870507668274, -6.540416800808338, -6.959149792222935, -6.441036658283782, -7.353940050263634, -6.882998713693004, -7.271562203807312, -5.2213479922445085, -5.757051596757414, -7.435512952372264, -7.055116306713467, -6.975967695578084, -7.175781264613479, -6.833467486704924, -6.44410685746794, -6.065406097898422, -7.265618863206478, -6.192521969772472, -6.200570734739708, -7.015243946308582, -7.276121538725455, -6.4963727403561276, -7.284334950456269, -7.06558473417569, -5.9735698406887385, -6.871567099092128, -5.243828823742695, -6.6562997081821855, -6.353343262275465, -7.338143116862647, -6.986559449669679, -7.306762216104886, -5.065719116567251, -6.036163714468313, -7.18907305702681, -6.536366165896424, -7.323414878507407, -6.56695798940916, -6.977847453364697, -7.4468832567681655, -7.082565998948435, -5.266164284050312, -5.941852174574582, -4.92606642139795, -5.088935990514325, -4.963078222401642, -5.19732624030534, -6.610050000868573, -4.8645992868855545, -5.109351327495402, -5.7649069850127, -5.513911980546676, -6.3184150389974665, -6.388686924573246, -6.951825742694866, -5.443879002724005, -6.833327884666742, -5.416561894001887, -5.969178971143121, -6.783724629328967, -6.741364742708032, -5.510025468475822, -5.463182985658347, -5.19927331840466, -4.841346924299868, -4.231383849365189, -5.147198249738433, -5.267748136094711, -4.984533943238494, -5.4699756474679635, -5.162659202593179, -4.9446882281796825, -5.228193880264961, -4.951795802130298, -4.194390916832014, -5.43001413063143, -5.204397588524584, -6.997342849965129, -5.903840370320645, -7.481098270314542, -6.077223066135718, -5.8655280412852795, -6.634370204896238, -5.893193596444933, -6.097783380335698, -5.702804445332277, -5.3992555086645835, -6.829754009109223, -6.849824885896579, -6.893903416949025, -5.709135421968547, -6.55125510317162, -6.279801475449618, -5.72742645760555, -5.955258907340962, -6.327669870788367, -5.713268541821942, -5.78153162876762, -6.694035034606904, -5.7329828092427695, -6.679377713612572, -5.497505332069414, -6.345257743097981, -5.673119172476647, -5.718152271208166, -6.449746071243911, -5.858110824128593, -5.8902555532054786, -5.8552995749000765, -5.988684917214138, -5.7847424235066045, -5.93063022542344, -5.607892719627848, -6.8051271257144315, -6.697775520096264, -5.727341128687248, -5.7458288315405435, -6.761278076859646, -5.757917645081105, -6.031494049859423, -5.528722971366993, -6.005698691208261, -6.883598581464516, -5.585349478918405, -5.540563704404099, -6.791207530865819, -5.651367885215722, -5.626475617947588, -5.9437074293216146, -6.116924162243248, -6.199532164689703, -5.473139357907945, -5.8210918386031345, -6.376640236154639, -6.017686183455747, -7.2466714940056, -7.39448025483195, -5.544803153839799, -5.641085081664196, -6.4186464529575655, -5.3826697618568025, -6.76682947809839, -5.865476310532032, -5.456740845750068, -5.520054002976513, -5.596726957623291, -7.271151865626667, -5.613158891214015, -7.17656542532337, -6.323981653799855, -5.872425499243557, -7.0127898104949455, -5.514012365178095, -6.454418713411739, -5.855992478430842, -6.099565123261733, -5.5968232513235305, -5.5951276336677385, -5.731655430904245, -6.150864196320444, -5.526588788124366, -7.141338739746419, -7.168341023056701, -6.075622569417052, -6.956623742284028, -6.07076792057183, -5.9896218736096145, -7.451569651155985, -5.474152234188077, -6.020990695751892, -6.889076373835616, -5.742499928472324, -5.950113614836944, -6.066286818698018, -5.5544687171453555, -7.059534497702618, -5.6732935679478675, -5.483011792798871, -5.360277510822766, -7.135615174567003, -6.909129342666877, -7.17228080904909, -6.140971032027446, -5.643006408175383, -5.810124525275946, -7.309540917255648, -6.2263265612339485, -6.993334498006171, -6.022680262415196, -6.313583352493946, -5.69218781489355, -5.780656158460898, -7.341944837669649, -7.245735438231757, -7.067786490084191, -7.148442759351811, -6.990270615526509, -7.1166670964549485, -7.14760512222299, -6.098826627298892, -7.220030197854128, -7.106805799647152, -5.670514000077892, -6.160407043037333, -7.330841926401075, -6.440054151979741, -7.098642839878112, -7.147703542475426, -6.103017066848908, -6.100087117402913, -7.568216692605059, -7.142989169442913, -7.583426735997589, -5.306254922963625, -5.959816904171991, -5.622524236994054, -6.776303860037709, -7.323891226282799, -7.388221380893704, -6.726148712764447, -7.595993376839771, -5.593996162892167, -6.8322900055516955, -5.668661882023392, -5.839261456110713, -6.2423807207135535, -6.125103805165361, -5.776625118310575, -5.604027489421955, -5.672628248774648, -5.799274210508494, -6.9290638869362144, -6.61025717483942, -7.21801975344793, -7.301931514620545, -7.107920519316289, -5.847632034284118, -7.14307470481651, -5.909919931417472, -7.246719391358473, -5.401203159110045, -6.044484498425087, -4.857407433704905, -4.886574942847742, -6.08153365589343, -5.952678120579718, -6.189458906892691, -6.849963918670116, -4.9343492179773305, -5.437834680956891, -6.568039294900984, -6.332946800312581, -5.235069718219482, -5.2774092267959825, -5.023506911587812, -6.320380174764961, -6.7068306294386995, -7.192126076789874, -5.436340448792579, -5.575393612703911, -5.543790581018295, -5.545004796695467, -6.969974151459092, -5.750525483459049, -5.24769879896786, -5.408506260490039, -4.137764144301706, -4.055378040962786, -5.059894045626532, -4.80197552131424, -5.430423508293889, -5.008292363312345, -4.8644110297788306, -5.66466518792741, -5.149746023582615, -5.504147069896875, -5.179739194667029, -5.3058025382882, -7.271832164962655, -6.236061973303937, -5.9374110930044415, -7.172442951801786, -5.904905377772776, -5.661194417949214, -5.7947211880039795, -6.12287808524225, -5.739045647860192, -7.394860486121715, -5.694013008281462, -6.643156498928315, -7.092221428458475, -6.950469050647388, -5.851424979468836, -7.096745415551607, -5.848099258900034, -5.629239785097664, -6.65237465905148, -6.298068315100618, -5.458912051227984, -5.905684871437227, -5.618266464723432, -6.925634013881198, -5.615240714043505, -5.770718015647523, -6.0254557552254076, -7.010557213419725, -6.97133793635598, -5.656488063719386, -5.59560655515389, -5.778740774514155, -6.8958012530579404, -6.271499973588227, -5.898391162438994, -5.916113451401941, -7.351598593036146, -7.40524328478914, -5.777910900336226, -5.78824573823557, -6.559350184095484, -5.949612787411005, -5.867277052684703, -6.4260594580007755, -6.90952155551828, -7.073286203499904, -6.343623434595468, -6.271253561189542, -6.185890470202063, -7.080296010091576, -6.98480455780741, -5.535171127906127, -5.915640298296788, -5.5589736662151905, -5.832150558864209, -6.242991612488233, -5.7433181623974185, -7.265221599894177, -6.866677784995977, -6.848549432803799, -5.8424557089517135, -5.9662140593022235, -6.380569427167524, -6.131514455230803, -5.78958027988849, -5.655123620202674, -7.238440514721967, -6.716555515594193, -5.435381054503822, -5.791846157245174, -5.746389870676894, -5.757993355237268, -5.838607167577077, -5.423966855413813, -6.014732692768397, -5.759837108961749, -6.086400195347836, -5.732705475077009, -6.075725790068371, -5.3097228104382, -5.420456712813829, -7.22370653832308, -7.023153361803139, -6.130461277066776, -5.871514345804956, -6.630722772682582, -6.185734871515087, -5.929851995679525, -6.262605751953864, -5.878783459407124, -7.156121086361726, -5.667344332749573, -7.127519027622048, -5.919066576637743, -7.23743825025362, -6.234300916221719, -7.5656935511877705, -5.660920344944878, -5.9396306998155275, -5.492488667760939, -7.164852076039473, -7.313867249525691, -7.401348161590029, -7.399872971828151, -6.657702379867025, -6.941189586890021, -7.232242601154738, -5.718464559455508, -5.7249060680306805, -6.314572663481902, -7.155474296528899, -7.347009702574451, -6.563196641616077, -5.355300283834399, -7.55061228164319, -6.046238782104609, -6.892221451176715, -7.052654377043799, -7.325787561043489, -7.173996659071502, -7.124062318509817, -6.865128919197226, -5.8983486712742135, -6.029279137609674, -7.234685681532886, -6.588537500175744, -7.189347849838528, -7.008615958985062, -6.2653415136772574, -5.682048989284388, -6.501159388841385, -5.483358422172726, -5.26479736548057, -6.981170723254811, -7.023260845886662, -6.699608650329774, -7.3312631009202915, -5.029651470351057, -7.199300874448066, -7.235141792899291, -7.184816264489946, -5.378304331946965, -5.096994680599079, -5.878992232387044, -5.3294861629002295, -5.535354950481244, -5.70269647099437, -5.550442113741728, -6.305935382302774, -7.4022372258039475, -4.945092040992938, -5.342843553263366, -5.2086641182959434, -6.269829677447097, -6.004009871856876, -4.904414548053691, -5.826726058405878, -5.60058717755528, -4.880853538159042, -4.874556822295582, -4.986320277185911, -6.26329557055852, -4.849944086312769, -4.975149054900405, -4.960078109576986, -4.8672445229930705, -6.257205775352164, -5.017878739311625, -5.2453874678291115, -6.38930694483608, -6.7088471301270935, -6.174961607336284, -5.005918469035121, -5.886428140749925, -7.02068385366603, -5.420209657882065, -5.738167445334791, -6.061503424328069, -6.471455202958818, -6.906663644890159, -4.334441039376394, -5.838924405864253, -4.313589478299263, -6.3796231833419945, -6.5713176428730495, -4.195996994182328, -4.744501864292911, -5.514406269388328, -5.123546594941425, -4.6771790963029085, -4.902135683320238, -5.116031399988459, -4.63959690736465, -5.041056249699601, -5.031552315456821, -5.281374767432083, -5.4202821148062155, -4.967228317804516, -5.291931428528544, -5.252355536981102, -4.96833617083208, -6.740704506991038, -7.092993028776528, -6.0887701790230615, -6.799445295465513, -6.632578775594819, -6.979973145075389, -5.819746324312555, -6.39599357086508, -5.725546117803241, -7.261992548101739, -7.1315495188298215, -6.25787281617814, -6.437599143029353, -5.8179111107881765, -6.548576146508937, -6.207879266369555, -5.907557683284371, -6.90378730572788, -5.758978528304712, -5.779092558511305, -6.911280467269728, -5.899497266566206, -5.777172994130825, -5.921295952093902, -6.103423732920282, -7.381988265421229, -6.681099568790016, -7.271315810723866, -5.66224567952804, -5.6676107543017915, -6.650001833783859, -5.757225126297692, -7.05727553017926, -6.227177438898221, -5.9342731104004764, -5.947463903338187, -5.6736890804549995, -5.506997344594927, -5.604534664689812, -5.842869182021068, -5.676884194941442, -5.8977606706781565, -6.400355615892307, -6.347925598102888, -5.475934241298088, -6.43032729901311, -6.094533633776914, -5.658545407551644, -5.707060392252258, -5.560384578833938, -6.140032409999538, -5.609128526212168, -5.954828162480621, -5.703894793677951, -6.603575821414439, -5.4946711983200665, -5.8020132262796285, -5.651175442346736, -5.5279654656727315, -5.942219719602229, -7.270477673910766, -5.766987882135847, -6.386324610157903, -6.252315479970617, -5.923976547073057, -5.53959118125596, -5.458485539147776, -7.423441752377813, -7.045174675038465, -5.805317247791505, -5.677323144229303, -7.272834469923841, -7.223383609924468, -5.865814124334696, -5.65307359373025, -5.826626822739974, -5.498938475955018, -5.7298625294512, -6.812126679498768, -5.734112296526729, -7.331728691061011, -5.803574947900984, -5.695452251033783, -7.49169359651478, -6.577691259376194, -7.128044919957165, -6.332445295644605, -6.5591426417439, -5.498469962712322, -5.44696306032493, -6.033462646585262, -5.205892013454349, -6.02370622990409, -5.686006247844395, -5.864676832002182, -5.758124472406945, -6.126979362743229, -6.881049515019811, -5.550501239929926, -7.115908166558465, -6.6937439803002725, -5.753167516466193, -5.7012219086784075, -6.814985605511986, -6.262652093631226, -7.291099382185132, -6.302232327463815, -7.149815244954531, -5.877180381238793, -6.232856258413395, -7.238703739024236, -7.180768755322263, -7.069921666661252, -7.255103804060596, -7.395906236688759, -6.462364309993611, -5.973719367417555, -6.045670181264235, -7.260100659153138, -6.0763125332078, -7.278110067518756, -6.154320875145789, -5.939206460922202, -6.931000079913364, -6.509959761708741, -7.293526964436433, -7.236638260549745, -6.648506442412383, -7.292467923640546, -5.789253055109275, -7.381461198411376, -7.131079779367534, -5.76790430242673, -6.104429428944579, -6.9333780309607835, -7.033603798357753, -5.890743412193471, -6.45394610248648, -6.225071936231617, -6.7333944948218445, -5.425728014868175, -5.881579902324558, -5.125562735038029, -6.984845367425628, -7.125460261087196, -6.961072149594673, -6.815521346301289, -6.15368015571762, -5.287785406232042, -5.592466100885139, -7.286025207759931, -5.534811841337941, -6.389534956842806, -7.242979542787944, -7.214898944769736, -5.483422200730714, -5.841672065866488, -5.225657311210233, -7.1850435560689405, -7.22113923115357, -6.4390526886537485, -7.278346637927687, -5.484377778396729, -5.711415567024638, -5.291391438132807, -7.270599312063265, -7.309058124799651, -5.438405307907247, -5.053169838019482, -5.697559662706576, -5.31221639740977, -5.351665713190724, -5.124617951605851, -6.501527350359883, -5.0571421224926025, -5.620819617447639, -4.829181515903555, -4.963759210146882, -6.443450810359097, -5.39512333879079, -5.316646360056004, -5.39537034954022, -5.634039407183538, -6.924332760733558, -5.474423212634628, -5.671141094314203, -6.0542757282483795, -6.824431881474453, -7.2593709560437345, -3.9956486676530845, -6.530891432128666, -4.9632753989279985, -4.676803394970778, -4.545400690209645, -5.131057793932545, -5.012717276207304, -5.267257036927437, -5.384869783839622, -4.928987090593877, -5.503019414470205, -5.361089853765349]","0     -7.22
1     -6.21
2     -7.24
3     -5.92
4     -5.96
       ... 
247   -6.00
248   -3.99
249   -5.24
250   -4.77
251   -4.71
Name: Permeability, Length: 252, dtype: float64","[array([-6.31536977, -6.03926943, -5.98967758, -5.93247274, -5.86913131,
       -7.00465571, -5.9139369 , -7.01981547, -7.08101062, -6.85422189,
       -6.21444686, -5.73194563, -6.08702153, -5.79037197, -6.11728702,
       -6.18226236, -6.38601659, -7.05465188, -6.02421647, -6.55566926,
       -6.22672186, -6.61785591, -5.49605923, -5.9603293 , -5.73175227,
       -5.97448945, -5.83794742, -6.04735045, -6.01020215, -5.61132564,
       -6.6830634 , -6.18406455, -5.616421  , -6.65804053, -5.83798057,
       -6.4417282 , -5.79422283, -6.89943637, -6.149729  , -5.5999209 ,
       -6.46245716, -5.88973609, -5.80705847, -6.14575778, -5.71890717,
       -6.04520859, -6.60158917, -6.18557318, -5.958201  , -5.59935094,
       -6.83077437, -6.6737844 , -5.85460455, -5.4852617 , -6.29999226,
       -5.70473886, -6.39092515, -6.34662794, -5.5327321 , -6.60858768,
       -5.78176153, -6.21237991, -6.12349114, -5.65436254, -5.74965553,
       -6.26027026, -6.73032832, -5.43656231, -5.57957901, -6.11454351,
       -5.68932972, -7.08249987, -5.69370704, -6.88134877, -5.69021081,
       -5.81713204, -5.88161902, -5.82803879, -6.06907511, -6.76430831,
       -6.42107378, -6.23405053, -5.97821297, -5.90325853, -5.75800067,
       -5.3586256 , -6.57101847, -6.46822775, -6.9989082 , -6.91240279,
       -7.11032145, -7.21820471, -5.77314261, -5.9584934 , -6.50107361,
       -7.30403532, -5.74726229, -6.04748958, -5.80896713, -5.82023415,
       -7.13702178, -7.05353434, -6.96008307, -6.02288321, -5.65675178,
       -5.91988509, -5.6184803 , -7.17945738, -6.60394055, -6.74105396,
       -6.10684359, -5.96397924, -6.0017963 , -6.59563627, -5.62299214,
       -6.69242498, -6.06920215, -6.1597887 , -6.22697239, -5.73938142,
       -5.69859021, -6.56022823, -5.87375149, -6.89493999, -5.70584373,
       -6.02582216, -7.18167599, -6.41682113, -5.41572586, -6.13788995,
       -7.34602487, -6.84959687, -6.14248094, -5.83082214, -6.64674962,
       -5.474319  , -6.20034508, -6.03159897, -6.98998215, -6.7696316 ,
       -7.20984451, -6.98964599, -6.63621709, -7.16586869, -7.23797866,
       -5.84119132, -7.09033086, -6.29307279, -5.39971007, -7.10320368,
       -6.27752391, -6.76489688, -6.7293699 , -5.79889736, -6.82735219,
       -7.60705353, -7.16902877, -7.3837894 , -6.59390685, -7.24814596,
       -7.46771155, -7.25632335, -5.77805208, -6.28463492, -7.33272722,
       -6.68592808, -6.95141555, -6.83891824, -5.66189537, -7.36462935,
       -7.08187518, -5.86827514, -7.19494345, -6.28428086, -7.05607504,
       -5.81324492, -6.93014009, -6.13497079, -6.01302547, -6.20290862,
       -6.53584598, -6.46223706, -6.91020361, -5.72496032, -5.72126122,
       -6.35723238, -6.49646846, -7.09727532, -6.30680084, -5.85639349,
       -7.24975515, -6.62502415, -6.69165058, -5.41459017, -7.10958191,
       -6.15723309, -6.77089509, -6.36484943, -6.2665152 , -7.07785797,
       -5.94183712, -5.97792757, -6.87546754, -5.84363887, -6.13270504,
       -6.17477217, -5.61162796, -6.57010014, -6.54697556, -4.94114292,
       -5.38069661, -5.11402612, -5.07165177, -5.56397928, -4.9702291 ,
       -5.74162799, -5.14696107, -6.71686178, -4.84907374, -5.61056551,
       -5.79674385, -5.64324955, -5.23957763, -6.60655741, -5.22890122,
       -5.33509097, -5.86644144, -5.89688111, -6.80877141, -6.7242739 ,
       -6.68758568, -5.94537184, -5.50433866, -6.47642939, -4.31617314,
       -4.92066492, -4.80452207, -4.61625097, -5.49304635, -5.11201061,
       -4.31403487, -4.50650734, -5.50207523, -4.89052733, -5.01743355,
       -4.36174396, -4.99514199, -5.39433803, -4.37959274, -5.02925959,
       -4.55254966, -5.02432947]), array([-6.27312536, -6.04284459, -5.98219982, -5.90489516, -5.88043687,
       -7.02182979, -5.83541095, -7.06060125, -7.04024422, -6.90253038,
       -6.17813061, -5.71844223, -6.11324147, -5.71814476, -6.14313652,
       -6.19531862, -6.29078916, -7.02227251, -5.96487747, -6.45100001,
       -6.40543827, -6.6862953 , -5.45567808, -6.01898637, -5.68560931,
       -5.96477796, -5.86452583, -6.07940966, -6.04640428, -5.67100164,
       -6.73390718, -6.49967535, -5.6652666 , -6.53566397, -5.85275296,
       -6.42771435, -5.75591423, -6.88804475, -6.1892812 , -5.57931531,
       -6.4385332 , -5.8992671 , -5.88909018, -6.160496  , -5.76703059,
       -6.12094514, -6.57156895, -6.25291575, -5.96135354, -5.6273088 ,
       -6.8811154 , -6.72338784, -5.88809837, -5.4767655 , -6.28828084,
       -5.66002347, -6.39308828, -6.30566998, -5.50113275, -6.6328682 ,
       -5.85756125, -6.14157435, -6.17328482, -5.71324589, -5.74230793,
       -6.38700758, -6.71957709, -5.44007115, -5.6860194 , -5.96258541,
       -5.70564271, -7.14555281, -5.68231777, -6.98042605, -5.67512541,
       -5.87564665, -5.91850672, -5.82134865, -6.11122874, -6.78563336,
       -6.41926251, -6.17740367, -5.98084606, -5.91153238, -5.81137761,
       -5.33780881, -6.47680965, -6.56974376, -7.02062919, -6.95434251,
       -7.06740367, -7.25974278, -5.85179787, -6.12840713, -6.52142854,
       -7.26875031, -5.77042844, -6.06587651, -5.86526607, -5.8532795 ,
       -7.13511785, -7.14389111, -6.86646367, -6.11692464, -5.73061543,
       -5.92209436, -5.69932489, -7.27146356, -6.53280762, -6.79897152,
       -6.15695864, -5.96276439, -6.01376485, -6.68566744, -5.58995958,
       -6.80678471, -6.03281018, -6.15855457, -6.22069532, -5.74158799,
       -5.72675788, -6.64677842, -5.87116508, -6.89129121, -5.75252081,
       -5.94899855, -7.06981108, -6.464543  , -5.44777443, -6.17770635,
       -7.30297063, -6.81361223, -6.09920834, -5.91303503, -6.69156431,
       -5.47245371, -6.22384771, -6.08497879, -6.99593673, -6.83269736,
       -7.14343833, -6.91383642, -6.64095736, -7.20425694, -7.24585762,
       -5.89557802, -6.96320024, -6.12646491, -5.37032622, -7.13201359,
       -6.30255965, -6.70517291, -6.83281342, -5.88059654, -6.85363371,
       -7.38324978, -7.15263117, -7.32141452, -6.46003606, -7.19525701,
       -7.42371555, -7.25898475, -5.8074705 , -6.2655856 , -7.30069874,
       -6.74298791, -6.94581856, -6.76649968, -5.72853325, -7.28953718,
       -7.05274053, -5.85952614, -7.03125272, -6.3267181 , -6.98509629,
       -5.81823011, -6.89710776, -6.15489168, -6.00858105, -6.20673309,
       -6.44348016, -6.51389766, -6.88968418, -5.7890861 , -5.76202187,
       -6.40791009, -6.4923026 , -7.08249646, -6.41090657, -5.86826603,
       -7.27155242, -6.65102491, -6.65508656, -5.42460998, -7.13551101,
       -6.13171744, -6.71057163, -6.39943837, -6.30284565, -7.06443373,
       -5.99791704, -6.07499462, -6.88389623, -5.87006337, -6.0670526 ,
       -6.14005563, -5.58156326, -6.54127613, -6.5139602 , -4.98107235,
       -5.39057176, -5.143081  , -5.08695591, -5.61030839, -4.97009378,
       -5.77851199, -5.16967585, -6.72567675, -4.91122532, -5.61420908,
       -5.69487609, -5.61751803, -5.24531131, -6.60349386, -5.2354322 ,
       -5.33085389, -5.88121495, -5.90762215, -6.71641762, -6.53177105,
       -6.48034269, -6.01598845, -5.48932933, -6.40668104, -4.08707343,
       -5.07588136, -4.73767291, -4.65451162, -5.44780701, -5.08354997,
       -4.32501581, -4.54356496, -5.50856055, -4.90904934, -5.05475656,
       -4.51521879, -5.0640189 , -5.34652976, -4.40045861, -4.93963396,
       -4.5755752 , -4.98790212]), array([-6.28304861, -6.0014089 , -5.96713453, -5.96018036, -5.86058565,
       -7.0044454 , -5.90356029, -7.07094591, -7.05077139, -6.87740293,
       -6.16261262, -5.67774207, -6.00778816, -5.78007463, -6.12278582,
       -6.16138978, -6.32044611, -7.04223293, -6.01752307, -6.47538574,
       -6.27042181, -6.68194158, -5.45841743, -6.01781764, -5.74144206,
       -5.94227828, -5.84832299, -6.03440267, -5.98684884, -5.6434149 ,
       -6.69006101, -6.25977291, -5.66162579, -6.60715188, -5.82633976,
       -6.37200736, -5.76082875, -6.81038687, -6.15031291, -5.56116776,
       -6.42893813, -5.83238962, -5.75316835, -6.14392527, -5.72100739,
       -6.06267718, -6.62571951, -6.18986469, -5.98788227, -5.5730805 ,
       -6.79667442, -6.68007003, -5.92558678, -5.51103477, -6.25290835,
       -5.67497411, -6.32220666, -6.30024759, -5.54349586, -6.66022497,
       -5.81779189, -6.13641104, -6.14024633, -5.67691839, -5.80370649,
       -6.28051099, -6.70274257, -5.43976391, -5.69913518, -6.09400342,
       -5.73711141, -7.16044396, -5.70151179, -6.99508143, -5.6846309 ,
       -5.88506086, -5.89991476, -5.88246634, -6.07112192, -6.80161493,
       -6.45719301, -6.16781285, -5.97459787, -5.88616432, -5.79891606,
       -5.38029024, -6.57911325, -6.48472979, -7.04985461, -6.74113667,
       -7.02705621, -7.22648222, -5.79410665, -6.06200834, -6.49243744,
       -7.25540158, -5.77611249, -6.05506508, -5.83442058, -5.87393926,
       -7.06702498, -7.21074831, -6.96306268, -6.0218975 , -5.72697323,
       -5.91871012, -5.65152904, -7.21705046, -6.53764848, -6.72993477,
       -6.1365792 , -5.94810434, -5.97736473, -6.64688942, -5.60643032,
       -6.63417328, -6.05870616, -6.11786355, -6.19658446, -5.74975101,
       -5.73025707, -6.65185245, -5.81422675, -6.85302982, -5.69123528,
       -5.93048996, -7.15019318, -6.42998383, -5.56103896, -6.16236672,
       -7.32326114, -6.93985559, -6.10074883, -5.84431076, -6.60056444,
       -5.51795323, -6.21406684, -6.08852577, -6.94448129, -6.81444452,
       -7.11993967, -6.93868105, -6.57839012, -7.13000922, -7.09429543,
       -5.85646879, -6.97096041, -6.22995089, -5.40170494, -7.15688871,
       -6.27696656, -6.68273501, -6.73130676, -5.88739969, -6.79833069,
       -7.54124631, -7.12811696, -7.28578853, -6.54343948, -7.21054758,
       -7.47692118, -7.16262949, -5.78183373, -6.2701295 , -7.44044701,
       -6.80012533, -6.92782645, -6.71610147, -5.70406108, -7.4494431 ,
       -7.06796258, -5.94965676, -7.02913047, -6.31020415, -7.07300006,
       -5.91140283, -6.83425301, -6.14487718, -6.07153447, -6.20778357,
       -6.42713025, -6.44700306, -6.92898771, -5.76547937, -5.80315828,
       -6.36387404, -6.49435863, -7.07379848, -6.33684162, -5.86514852,
       -7.2666657 , -6.58702141, -6.72048518, -5.44761825, -7.16147242,
       -6.06733736, -6.77693379, -6.39466095, -6.27030282, -7.06998711,
       -5.97236445, -6.0084715 , -6.87298693, -5.90729488, -6.11273549,
       -6.15815121, -5.65715802, -6.57178422, -6.57919017, -4.94288416,
       -5.39862363, -5.196042  , -5.1061366 , -5.65481105, -4.96176831,
       -5.7584727 , -5.15024879, -6.71729711, -4.85080191, -5.68036097,
       -5.73359101, -5.68904225, -5.24888236, -6.57209453, -5.25693927,
       -5.34766856, -5.90659729, -5.89451048, -6.814803  , -6.73471772,
       -6.52807615, -6.01452959, -5.51010851, -6.46732823, -4.05479758,
       -5.01595318, -4.73356915, -4.70565326, -5.48629545, -5.05209366,
       -4.3248607 , -4.59889972, -5.45450901, -4.92662039, -5.03562903,
       -4.47218368, -5.05155444, -5.31171014, -4.43567209, -4.93703261,
       -4.56622528, -4.94587818]), array([-6.33581449, -6.03818037, -5.92147074, -5.9605073 , -5.88407133,
       -6.99813069, -5.87268153, -6.98631386, -7.02328433, -6.85185326,
       -6.24172879, -5.76098797, -6.12434414, -5.718688  , -6.12405699,
       -6.15853147, -6.22806451, -7.0446586 , -5.96779579, -6.47650174,
       -6.32691103, -6.60782744, -5.52460204, -6.00464774, -5.80109076,
       -5.97894055, -5.82872382, -5.96222078, -6.04109113, -5.64508856,
       -6.63532876, -6.2224512 , -5.59095908, -6.58253258, -5.84529764,
       -6.41050576, -5.76549369, -6.8467674 , -6.1866347 , -5.63066508,
       -6.43648639, -5.84906976, -5.75829135, -6.18201988, -5.71766748,
       -6.08608176, -6.60279828, -6.18716242, -5.97669224, -5.59018878,
       -6.67788409, -6.67633294, -5.87698908, -5.43491252, -6.27341763,
       -5.62992903, -6.3462306 , -6.36117089, -5.50922537, -6.6809417 ,
       -5.76391889, -6.20075008, -6.16469514, -5.72371814, -5.78496175,
       -6.24949358, -6.74216187, -5.45227133, -5.68083455, -6.12949715,
       -5.70007846, -7.1385969 , -5.62236266, -6.93146271, -5.68590066,
       -5.90557665, -5.89862005, -5.86392822, -6.07826001, -6.81743897,
       -6.35835183, -6.18671763, -5.9849588 , -5.91380495, -5.80884209,
       -5.34391441, -6.62340861, -6.44391032, -7.12263833, -6.91016329,
       -7.02652707, -7.17523395, -5.88025565, -6.03728461, -6.47939565,
       -7.23225016, -5.72201378, -6.09210621, -5.78707082, -5.71395422,
       -7.0622179 , -7.17911824, -6.96045041, -6.05998337, -5.75674462,
       -5.98245352, -5.6646614 , -7.26229745, -6.58452928, -6.73951327,
       -6.12880008, -5.96463242, -6.01646556, -6.6088739 , -5.53928243,
       -6.71121958, -5.99435572, -6.14868339, -6.22234372, -5.72476943,
       -5.67723654, -6.63201315, -5.73916737, -6.88233537, -5.70098024,
       -5.94467588, -7.14092843, -6.41755962, -5.42052543, -6.11613747,
       -7.35270807, -6.79878926, -6.08368664, -5.86998784, -6.60901505,
       -5.47728273, -6.21177316, -6.11968319, -7.01386808, -6.7996553 ,
       -7.29172356, -7.02489411, -6.60806867, -7.11978448, -7.24236701,
       -5.95148632, -7.0771276 , -6.29712026, -5.38932104, -7.1619456 ,
       -6.29519712, -6.69631312, -6.79015622, -5.79596378, -6.87497861,
       -7.62222636, -7.12399788, -7.39445736, -6.55840647, -7.24742589,
       -7.49855916, -7.26258288, -5.84561387, -6.21083411, -7.42540619,
       -6.67859424, -6.97736526, -6.81786266, -5.75574295, -7.28109323,
       -7.02088011, -5.84472497, -7.04488892, -6.3173823 , -7.10803035,
       -5.80572142, -6.94175079, -6.16177244, -5.99907045, -6.26941079,
       -6.5131907 , -6.50605045, -6.89938542, -5.821674  , -5.77805184,
       -6.41402934, -6.51298106, -7.13666183, -6.38935691, -5.85790759,
       -7.27252323, -6.60942253, -6.6858976 , -5.4658932 , -7.10162759,
       -6.1802376 , -6.78119315, -6.37791148, -6.27494414, -7.04057716,
       -6.00720468, -6.05686753, -6.8734228 , -5.86555009, -6.03628415,
       -6.01384167, -5.55106268, -6.292241  , -6.45452412, -4.96695029,
       -5.3889235 , -5.25719482, -5.05228304, -5.58239481, -5.03881619,
       -5.77677961, -5.07814843, -6.72200894, -4.84625573, -5.62163947,
       -5.70752276, -5.59316848, -5.20111828, -6.58278458, -5.07706136,
       -5.32647906, -5.73811697, -5.819278  , -6.79577875, -6.75812424,
       -6.44441329, -5.97955768, -5.49289305, -6.44600044, -4.10160192,
       -4.93592544, -4.71255304, -4.67930833, -5.4422002 , -4.9232869 ,
       -4.36145409, -4.71321126, -5.47396396, -5.1262405 , -5.13013307,
       -4.53190344, -5.13517251, -4.92655119, -4.43603294, -4.86099718,
       -4.54829714, -4.77865147]), array([-6.23330835, -6.06504862, -5.97023664, -5.93795985, -5.87055035,
       -6.98404901, -5.91695053, -6.96335781, -7.01623101, -6.91238405,
       -6.18975663, -5.76136189, -6.07021448, -5.82110992, -6.15805693,
       -6.18897006, -6.3047226 , -7.05214036, -6.02934419, -6.4916814 ,
       -6.3898033 , -6.63739568, -5.49846062, -6.01362612, -5.70704753,
       -5.95596298, -5.83693115, -6.01661167, -6.00746885, -5.70503726,
       -6.63521963, -6.24202399, -5.65345225, -6.60220676, -5.80369281,
       -6.4137555 , -5.71831302, -6.86099675, -6.19745597, -5.56326225,
       -6.46028768, -5.86941877, -5.74900026, -6.17434078, -5.71608228,
       -6.06333319, -6.59277292, -6.18287604, -5.8968541 , -5.61270527,
       -6.78674365, -6.74557109, -5.89280634, -5.46305673, -6.28912167,
       -5.69737958, -6.36216841, -6.31747387, -5.50860441, -6.6713155 ,
       -5.77977818, -6.20655746, -6.17085933, -5.68358052, -5.75745808,
       -6.27199291, -6.78023512, -5.45501841, -5.75790049, -6.09965353,
       -5.69579076, -7.15362515, -5.66156108, -6.95083985, -5.72306465,
       -5.88907208, -5.95135002, -5.77131399, -6.09259439, -6.73512823,
       -6.37290181, -6.27889794, -5.98921935, -5.92311787, -5.79757922,
       -5.42703039, -6.58346932, -6.44479152, -7.04427672, -6.92351943,
       -7.10525618, -7.22413088, -5.81167724, -6.08101632, -6.43263577,
       -7.24900763, -5.69394111, -6.0738649 , -5.84383477, -5.81016098,
       -7.08452369, -7.16993303, -6.96197669, -6.04518276, -5.71140446,
       -5.94876488, -5.67147809, -7.30858631, -6.61199418, -6.73974315,
       -6.15650972, -5.95804562, -6.00115746, -6.63397046, -5.59332161,
       -6.72460881, -6.00682581, -6.11998057, -6.1901374 , -5.75114293,
       -5.8097093 , -6.56578642, -5.82393256, -6.97369705, -5.71724732,
       -5.93184338, -7.16684594, -6.44919428, -5.4433969 , -6.1518714 ,
       -7.30278248, -6.87468957, -6.15741764, -5.85763469, -6.6415389 ,
       -5.48225813, -6.14423074, -6.08238556, -7.05156931, -6.7701094 ,
       -7.15997699, -6.95813757, -6.65570347, -7.1149548 , -7.24108946,
       -5.84825548, -7.10222906, -6.28980096, -5.3931206 , -7.25462402,
       -6.32297774, -6.88994473, -6.86666589, -5.76797477, -6.89689935,
       -7.49634664, -7.11425443, -7.31587116, -6.53519355, -7.305519  ,
       -7.47809594, -7.32109901, -5.84523975, -6.27058246, -7.42425521,
       -6.7574509 , -6.97245098, -6.90115523, -5.72392901, -7.30374015,
       -7.11014288, -5.82316567, -7.0679311 , -6.3275703 , -7.10906339,
       -5.80557439, -6.96049378, -6.12985954, -5.97131937, -6.21702439,
       -6.48575875, -6.47652898, -7.09000431, -5.81394268, -5.71049478,
       -6.33437572, -6.52590816, -7.05493372, -6.32829573, -5.84992199,
       -7.28211769, -6.62633366, -6.73862696, -5.35609695, -7.03741773,
       -6.15398403, -6.73101683, -6.3857649 , -6.28709148, -7.05074949,
       -5.95255266, -5.95337417, -6.82147898, -5.87243849, -6.02933124,
       -6.09021197, -5.59740942, -6.53021324, -6.54633927, -4.94742293,
       -5.51478114, -5.27007429, -5.27481748, -5.69207017, -5.0559726 ,
       -5.75746976, -5.10952299, -6.73945958, -4.84767149, -5.59451677,
       -5.7331188 , -5.64161047, -5.22249367, -6.60717929, -5.2360861 ,
       -5.28724636, -5.91938293, -5.90492559, -6.83658782, -6.77315657,
       -6.53079568, -6.01446406, -5.50597654, -6.49965575, -4.14863709,
       -4.92022894, -4.80556238, -4.73665151, -5.48725922, -5.19148627,
       -4.30766419, -4.49621835, -5.39188926, -4.88242479, -4.99418864,
       -4.44322528, -4.97364537, -5.54660655, -4.69883401, -4.94106218,
       -4.58832896, -5.0737444 ])]","[-6.28813332 -6.03735038 -5.96614386 -5.93920308 -5.8729551  -7.00262212
 -5.88850804 -7.02020686 -7.04230831 -6.8796785  -6.1973351  -5.73009596
 -6.08052196 -5.76567786 -6.13306465 -6.17729446 -6.30600779 -7.04319126
 -6.0007514  -6.49004763 -6.32385925 -6.64626318 -5.48664348 -6.00308143
 -5.73338838 -5.96328984 -5.84329024 -6.02799905 -6.01840305 -5.6551736
 -6.67551599 -6.2815976  -5.63754494 -6.59711914 -5.83321275 -6.41314224
 -5.7589545  -6.86112643 -6.17468275 -5.58686626 -6.44534051 -5.86797627
 -5.79132172 -6.16130794 -5.72813898 -6.07564917 -6.59888976 -6.19967842
 -5.95619663 -5.60052686 -6.79463838 -6.69982926 -5.88761702 -5.47420624
 -6.28074415 -5.67340901 -6.36292382 -6.32623805 -5.5190381  -6.65078761
 -5.80016235 -6.17953457 -6.15451535 -5.6903651  -5.76761796 -6.28985506
 -6.73500899 -5.44473742 -5.68069373 -6.0800566  -5.70559061 -7.13614374
 -5.67229207 -6.94783176 -5.69178649 -5.87449765 -5.91000212 -5.8334192
 -6.08445603 -6.78082476 -6.40575659 -6.20897652 -5.98156701 -5.90757561
 -5.79494313 -5.36953389 -6.56676386 -6.48228063 -7.04726141 -6.88831294
 -7.06731292 -7.22075891 -5.822196   -6.05344196 -6.4853942  -7.261889
 -5.74195162 -6.06688046 -5.82791188 -5.81431362 -7.09718124 -7.15144501
 -6.9424073  -6.0533743  -5.7164979  -5.93838159 -5.66109474 -7.24777103
 -6.57418402 -6.74984334 -6.13713825 -5.9595052  -6.00210978 -6.6342075
 -5.59039722 -6.71384227 -6.03238    -6.14097416 -6.21134666 -5.74132656
 -5.7285102  -6.61133174 -5.82444865 -6.89905869 -5.71356548 -5.95636599
 -7.14189092 -6.43562037 -5.45769232 -6.14919438 -7.32554944 -6.8553087
 -6.11670848 -5.86315809 -6.63788646 -5.48485336 -6.19885271 -6.08143445
 -6.99916751 -6.79730764 -7.18498461 -6.96503903 -6.62386734 -7.14697483
 -7.21231764 -5.87859599 -7.04076963 -6.24728196 -5.39083657 -7.16173512
 -6.295045   -6.74781253 -6.79006244 -5.82616643 -6.85023891 -7.53002453
 -7.13760584 -7.34026419 -6.53819648 -7.24137909 -7.46900068 -7.2523239
 -5.81164199 -6.26035332 -7.38470687 -6.73301729 -6.95497536 -6.80810746
 -5.71483233 -7.3376886  -7.06672026 -5.86906974 -7.07362933 -6.31323114
 -7.06625303 -5.83083473 -6.91274909 -6.14527433 -6.01270616 -6.22077209
 -6.48108117 -6.48114344 -6.94365304 -5.78302849 -5.7549976  -6.37548431
 -6.50440378 -7.08903316 -6.35444033 -5.85952752 -7.26852284 -6.61976533
 -6.69834938 -5.42176171 -7.10912213 -6.1381019  -6.7541221  -6.38452503
 -6.28033986 -7.06072109 -5.97437519 -6.01432708 -6.8654505  -5.87179714
 -6.0756217  -6.11540653 -5.59976427 -6.50112295 -6.52819787 -4.95589453
 -5.41471933 -5.19608365 -5.11836896 -5.62071274 -4.999376   -5.76257241
 -5.13091143 -6.72426083 -4.86100564 -5.62425836 -5.7331705  -5.63691775
 -5.23147665 -6.59442193 -5.20688403 -5.32546777 -5.86235072 -5.88464347
 -6.79447172 -6.70440869 -6.5342427  -5.99398232 -5.50052922 -6.45921897
 -4.14165663 -4.97373077 -4.75877591 -4.67847514 -5.47132165 -5.07248548
 -4.32660593 -4.57168033 -5.4661996  -4.94697247 -5.04642817 -4.46485503
 -5.04390664 -5.30514714 -4.47011808 -4.94159711 -4.56619525 -4.96210113]","[0.03541804 0.02046236 0.02376994 0.02058054 0.00840184 0.01217808
 0.0308284  0.04144119 0.02287221 0.02457365 0.02791239 0.03102269
 0.04106006 0.0408833  0.01524324 0.01477077 0.05082969 0.01142014
 0.02836356 0.03530452 0.06827049 0.03236798 0.02617143 0.02196138
 0.0390585  0.01317391 0.01230807 0.03876851 0.02227688 0.03130345
 0.03719372 0.11190289 0.02904439 0.0395663  0.01714212 0.02336197
 0.02429445 0.03153712 0.02045073 0.02593584 0.013492   0.02481351
 0.05318667 0.01512259 0.01951235 0.02610421 0.01747135 0.02671498
 0.03154741 0.01858573 0.06705538 0.02921698 0.02311553 0.02511343
 0.01628486 0.026938   0.02694843 0.02371249 0.01619544 0.02653928
 0.0336842  0.03334597 0.01943787 0.02513557 0.02310696 0.04969766
 0.02606814 0.00742699 0.05753875 0.06001958 0.01663972 0.0278148
 0.02835845 0.03997975 0.0163966  0.03027221 0.02374398 0.03838783
 0.01572115 0.02883373 0.03574739 0.041724   0.00510687 0.01243466
 0.01923929 0.0322595  0.04847694 0.04632709 0.04182014 0.07525691
 0.03625885 0.02699227 0.03886666 0.05608885 0.02970979 0.02412413
 0.03068754 0.01550315 0.02726952 0.05513232 0.03261443 0.05341921
 0.03798691 0.03484228 0.03323967 0.02467594 0.02641807 0.04490292
 0.03307246 0.02488336 0.01873876 0.00614878 0.0138221  0.03142783
 0.02807474 0.05579775 0.02880273 0.01842456 0.01496831 0.00943741
 0.04499691 0.04003014 0.0489711  0.0401161  0.02120248 0.03545709
 0.03865479 0.01861259 0.05315226 0.02104357 0.02092944 0.04997892
 0.02818816 0.02816273 0.0322481  0.01687824 0.02831588 0.02832065
 0.03477771 0.02472781 0.06098121 0.03886441 0.02748054 0.03373618
 0.05906512 0.0410138  0.06073848 0.06524668 0.01118077 0.050914
 0.01714963 0.07641838 0.05446385 0.0484855  0.03469594 0.08629902
 0.02016762 0.04183126 0.04394917 0.03814213 0.02478535 0.05087379
 0.02938406 0.02557082 0.05672163 0.04556131 0.01811236 0.06308512
 0.03118489 0.06306974 0.02971024 0.04309485 0.06221177 0.01582418
 0.04541718 0.04056664 0.04433822 0.01190477 0.03279234 0.02475749
 0.04093073 0.02544606 0.07433019 0.03511621 0.03469563 0.0306431
 0.01301016 0.02747369 0.03916728 0.0065218  0.01063651 0.02110496
 0.02892704 0.0373833  0.04155677 0.0385799  0.02816041 0.01230894
 0.01321417 0.01340542 0.02518327 0.04596675 0.02233578 0.02047154
 0.04098688 0.0581535  0.03505269 0.10567976 0.04221957 0.01558717
 0.05035378 0.06124036 0.08020274 0.04701016 0.03969895 0.01369254
 0.03278904 0.00826217 0.02515497 0.02941906 0.035117   0.03184156
 0.01767658 0.01432662 0.06559263 0.02037837 0.06483371 0.03304284
 0.0411965  0.08800983 0.08311259 0.02791777 0.0079962  0.03140718
 0.09233952 0.06216936 0.03872714 0.04140032 0.02168493 0.08777459
 0.01863754 0.07937809 0.04195353 0.09093058 0.04639429 0.06030828
 0.05675753 0.20559579 0.11636716 0.05330297 0.01472705 0.10091505]"
10,MLPRegressor,"[-6.4022661136291275, -7.196427082399748, -5.936959241772296, -5.805801602905725, -6.11220937132694, -5.944155674627868, -4.992401925991357, -6.4060162387193955, -7.082661890424127, -5.81686323927073, -5.225213685146621, -6.633167062848943, -7.061402892392196, -5.6869481534984105, -5.866594252504106, -5.182075143442723, -6.280686658588688, -5.695055031119295, -5.5428665982644665, -6.11644870403572, -7.41115803668682, -6.827912837662807, -6.558476595197816, -6.133864630420359, -5.205716340263305, -5.447236644700867, -5.981909626256267, -6.7826084628051495, -7.56693417371027, -7.363774363406723, -5.6306395415343, -5.554936478270231, -6.989439799913419, -5.439324774432756, -5.382409068059169, -6.0078023732535035, -6.850822918220797, -5.851161715128726, -6.218393843318789, -6.112245295022068, -6.752332362805206, -7.265374777932138, -6.008286261248781, -5.892063811731689, -5.942552290245268, -4.99717990872736, -7.1145204247767815, -4.734694832742922, -6.945630622786331, -6.680670517074991, -5.218257253376568, -7.214766644404674, -5.844227937263615, -6.11611006062789, -7.333665527538777, -7.56923373397011, -6.2782897377882625, -6.79678841048818, -6.42457313799793, -5.720022845143415, -6.015674635776901, -4.616563045623329, -5.965238371139439, -7.465803049302521, -6.451168597266379, -5.351285906990559, -5.487719496052831, -5.255852163557555, -6.184747325582692, -5.688462127018156, -6.084316209922986, -5.673043784645053, -6.762396694184173, -7.9734843657068, -7.81242970098443, -7.473740742410081, -6.150675846348882, -7.162172215719096, -6.516857571826024, -5.599297464291461, -6.062666062734089, -5.953311049840277, -7.105553290704312, -5.798951483040573, -5.396483405149028, -7.151797271822198, -7.429947141388571, -6.106118843932759, -5.700494111183624, -6.1787816830567515, -6.103458924420079, -5.416318751633974, -6.392464570624063, -7.846212182640051, -6.2727163142464155, -7.3748285628658, -6.470558821000972, -6.554376151487472, -6.6581326348691325, -7.32291811556273, -5.847708364016488, -5.877815684662271, -6.1508623241247244, -5.916692934223895, -6.592048196999319, -7.136297975195122, -6.648576821440922, -6.391802709351679, -7.37489713396613, -7.456238595370422, -5.799683727599931, -6.8717367192231675, -7.225564774155937, -7.2925049741333305, -5.688350044939381, -7.075429040086644, -5.859653435563618, -6.875817868623069, -7.911647840207686, -6.9594149038606945, -7.532036692967901, -7.229864132434561, -6.267442613424799, -7.9002373904624745, -7.207562807544162, -7.897188463803418, -6.961641359482489, -7.055414576458847, -7.84359412318211, -5.865973750328838, -7.557823172532813, -7.735771638403992, -6.163711834712609, -6.044508275255599, -7.31728648437976, -5.633737251745158, -8.112255371892145, -7.888096675911243, -5.844632517658012, -5.945254792088739, -7.448680555963158, -4.752789795137626, -5.6918819712823785, -7.665058740859841, -5.6074409271024015, -6.3131072283553635, -7.139489226360005, -4.785066300433875, -7.162924880067804, -5.859325802218893, -5.162481804346574, -7.153996910916757, -7.6713993337905135, -6.116705569589006, -6.63849679193194, -7.43552796144749, -6.68814803688078, -7.290680150945091, -4.3989467182046855, -7.671401451092419, -5.3075808941110285, -6.29638479519796, -6.326025328353831, -6.922645233512072, -4.374741870310472, -4.892797315073257, -4.676092359377785, -5.619396282786927, -5.649791132730548, -6.625067671010764, -4.847799160194492, -6.241151486862784, -5.056689095802716, -5.1985339144114215, -5.614700674044836, -5.178829315987476, -7.01959411456512, -7.335680835493348, -6.907983995630937, -5.889363468530996, -5.596532885441318, -6.959008689731513, -5.746635978692436, -7.213689124248519, -6.332149396979232, -3.5989020414833037, -6.454778559814501, -4.392503936669746, -3.6759829429523565, -5.136850277216121, -3.9449686241709, -3.4, -5.126845594223228, -4.49672618423959, -5.161830390877614, -5.194902567776191, -4.68335232820107, -4.781714156764444, -4.701497943225728, -4.611886000201691, -5.1573530620835, -5.005600630058153, -7.130798527674122, -7.154609394146672, -4.889214949506353, -7.256513407788525, -7.7703042179923925, -5.968742797664055, -5.278469317686939, -8.063297394821733, -5.5910443698445755, -5.7916971851845895, -5.172030091522638, -5.9012284137960735, -5.848485015226158, -6.0266202111748175, -5.733780198159772, -6.13877240510767, -8.365315537787428, -6.422598592387249, -7.352755686257958, -5.564825353323371, -5.777528393282625, -6.811962086710741, -5.5814485715145805, -5.798111813145095, -5.5701372596113705, -5.9253692389621735, -5.86925483225211, -5.923187754349734, -5.705451607239482, -5.3652446578042134, -6.7256440713175785, -5.263168818633362, -5.595442947384003, -4.888278926509434, -5.561149421813509, -5.738268981925528, -4.726354527494012, -5.535692585518547, -6.052923956587139, -5.835247132482603, -6.95418139215993, -7.49890726392311, -7.005628164861849, -7.188086160304642, -5.444863453922256, -6.947538638264082, -5.610139560469924, -5.73158507316999, -7.662587481504655, -6.456049087402233, -6.322493790831769, -5.940090999222338, -6.156028602817994, -5.78692782027122, -5.944232638017461, -7.069433714489786, -6.1331824568671545, -7.587488977926545, -5.753986663710087, -5.335919849808187, -6.380445721890252, -5.539255620694413, -5.756759322222613, -5.895017230467742, -6.767646924396727, -6.520795032510948, -7.765800587006589, -7.793784724363228, -5.9557531573821745, -5.488937411062643, -7.171541552008108, -5.698341686417387, -6.41922737855502, -5.634278085211905, -5.850330134781695, -4.704171045840548, -6.0912876388624895, -5.911996503914827, -8.310185501672992, -6.569400296720422, -7.437533476248712, -7.9980948829455905, -5.77681648649422, -7.582497330882704, -7.202962694745111, -6.2269484618213475, -5.823660738020806, -8.258158373261713, -6.844252732138508, -7.23526494279478, -6.262452820030518, -5.57390407068448, -5.760701869751915, -5.100994548297743, -5.568040133071361, -7.259113736149727, -6.490877559925025, -5.89847065548852, -6.397018257603467, -5.859181773651496, -6.799376833365743, -7.620037096080153, -7.096299188971136, -5.235216650391015, -5.613878695769957, -5.406353291103827, -6.221146005658161, -7.028888427015213, -7.845335216076647, -7.31665912848006, -5.145843382247405, -8.21173220425844, -7.635301698654839, -6.096992222223255, -5.623242737245755, -6.489019914413676, -5.11977470845264, -6.073767478495068, -5.978025092646035, -6.958739223352627, -7.691752456035577, -7.5033118762578175, -7.852428017857218, -6.171385929381441, -5.845786922138697, -6.3298146684862, -6.210245389963385, -7.167340524042656, -6.535449123116979, -8.430275628598698, -7.938306956639719, -8.360244080273754, -4.9767955668629735, -5.978036949097046, -7.737284689413048, -7.361837892086804, -6.8738848700955435, -7.521227442991478, -7.6152693390936985, -6.224706368796042, -6.1562766841229735, -7.498850436990667, -6.288531872305629, -5.162175763698692, -6.703995567478749, -7.136588910513509, -5.472751647365515, -7.252562168642252, -6.831782742880106, -6.601368927302824, -7.424281270221802, -5.451394221723939, -6.370065072774085, -5.186944829738904, -8.157249762573938, -7.807094058525054, -8.226104461561247, -4.785738299781425, -4.850469148371252, -6.8543545521792595, -6.183831858256864, -7.841434500587864, -6.163995853140999, -7.681859694159742, -8.224610146679124, -7.708976991880699, -6.127628279505383, -5.655244659521051, -5.264105455614783, -5.951709293344321, -5.833488486684414, -6.431011679985758, -7.07630475384677, -6.325239234266546, -5.316704336315287, -6.396334851690796, -5.958699163970673, -7.284454890297655, -7.758358593231132, -7.581836566997877, -5.883251114871783, -8.608373461644964, -6.985616674821948, -6.853086814959584, -7.740570037054411, -7.85219310778538, -6.874149642893514, -6.386145170728584, -6.430306920913667, -5.056427161063671, -5.466615580299925, -3.6652779216666582, -6.7596855150707285, -5.88613699491425, -6.05830865521415, -6.011253817613884, -5.914671632104088, -5.433907534740078, -5.491391515152302, -6.129812223618691, -4.072646694463229, -4.875899395086634, -7.133464055688849, -5.221841413197279, -7.096427760144736, -6.320275814302421, -6.237086691772586, -5.987432728921355, -5.7031082001611635, -5.684093450398934, -5.612910573931614, -5.144905324030691, -7.286872430203441, -6.052893734682094, -6.267091113008478, -5.5335492094525565, -7.179420151781155, -6.295098364288109, -5.071377317476734, -6.223539127775169, -5.32190390352673, -5.921930934991051, -6.095153021562844, -6.387126586852713, -6.175502600200682, -7.310385857783977, -5.083747238300427, -6.074893052462297, -5.253233110252901, -5.383981815723354, -6.179294178686783, -5.688497838001371, -5.886676563782663, -6.5569823628267, -5.581515877570972, -5.764894617444257, -5.807253448898688, -5.549212515694636, -6.57386034854478, -6.201195039108792, -5.829853370437848, -5.271237816659754, -7.1838201155037265, -5.205141153239744, -5.699586155036688, -5.71074642254018, -5.8929781632840825, -6.074419948246305, -5.582695419498625, -6.069491635400729, -7.798157683973763, -5.912266831137219, -4.905141255617825, -6.4464462845343755, -6.0353556451342065, -5.568604632841102, -4.573462846955673, -5.278404356293562, -7.11995736201372, -5.842264312186332, -7.02032919128939, -7.648749644979023, -5.652718850100349, -6.116035625060016, -5.776020546211986, -4.54319344851614, -7.808369719211733, -5.8115262232327, -5.526476594559119, -5.206835248045989, -5.481691433540938, -8.045638925950513, -5.918551706211728, -8.21022390017938, -6.599884493871034, -5.443627006973182, -5.889404233437017, -4.990164159205182, -6.386490584763923, -5.429866110536647, -5.840765590807736, -6.160432374783074, -5.120815926840446, -5.474007194185164, -5.795335754218927, -4.914444699379125, -7.597785502597825, -7.732272171732236, -5.3083345937557205, -6.307679623349812, -5.175388116269122, -5.839627349653326, -6.535709455859925, -5.207640788358788, -6.151591234327078, -7.453999646481596, -6.127313201705759, -6.185495202239193, -6.083886176807878, -4.7370128358368255, -6.643038616895733, -5.59732776875661, -5.028317115183569, -4.644397612181996, -6.156063746786874, -6.116819739943124, -6.598686762499314, -5.304746631973782, -5.052749849050632, -5.729416463152961, -7.433452323124465, -6.489229640013036, -7.446084799971099, -5.637906783505086, -6.349780540134849, -5.491240451392113, -5.590037229784123, -6.33141300022986, -7.071926899129682, -6.720370842542733, -5.752190016134952, -7.146067111597607, -6.937847434606521, -6.2776726450863976, -6.4693766739704355, -8.136110721164135, -7.904948159518881, -5.35521259644343, -6.420290442858797, -6.493581362073831, -6.399476421367635, -7.116115453042044, -6.804976488179291, -6.361065901493074, -5.769789681484495, -7.050537231472978, -7.163292264584538, -5.3140184511877715, -4.77801444510057, -5.558337158460311, -5.840708884887091, -6.033397539600142, -6.481168139313553, -6.684798026954072, -6.4691700812535995, -6.890525771145263, -6.102015652251749, -6.918392534286127, -5.641894080186782, -5.258855400187323, -6.371012410009245, -5.8978933371166145, -5.412568576277659, -5.777255262745222, -6.094363804030871, -6.319935157600957, -6.2986793076035825, -6.154523607516011, -6.939057460009815, -7.116371181527599, -6.749313168515882, -6.311347930815444, -6.334024524143956, -3.931168032357642, -6.15883087011709, -5.538416752674401, -5.391773844805098, -3.9115175127254136, -5.259459760162001, -6.301308130344756, -5.192792670338862, -5.3687016180023495, -4.565625462610586, -5.334983576482465, -4.840701591230413, -5.059713627119944, -5.929500710650176, -6.578254274204496, -5.660084419435741, -4.788754176476086, -4.934005574533973, -6.933398863390337, -5.681731397776334, -6.4500800862664125, -5.951241726679636, -4.775899720288877, -4.900456036787108, -3.4, -5.191842053505824, -5.654334551877812, -5.071631738561091, -3.8139704659762352, -3.4, -4.670663992996944, -5.403793352130773, -6.0380128870667455, -5.248433040494618, -5.102523999823429, -6.0771645962439385, -4.719435200251198, -6.832260681732846, -6.221356385253467, -5.961033109953951, -6.776374207043453, -6.20127515472084, -5.835975973723629, -6.342069701637684, -6.410647274797664, -5.210456757212379, -5.52744175457767, -6.164187628341118, -6.355996226158398, -6.943890130070268, -6.081370901731612, -6.91048132731228, -6.380757032910461, -6.871294157070221, -6.2672193621306, -6.626998296922027, -5.9372993208313085, -6.274042538062331, -5.914795257846242, -6.1320817884628935, -5.946340807594172, -5.325051559148035, -5.733734142559733, -6.665480509617917, -5.987628488493748, -5.492410654904148, -5.749752604272513, -5.8954112707752655, -6.97776934257327, -6.073589763996132, -5.693749198844348, -6.065954537285317, -6.685764159804053, -6.184293369902707, -6.039368197620128, -5.916987233266369, -6.811715438554318, -6.790880821962679, -6.026367125264985, -5.533884109894215, -6.627745730549847, -6.089783523380506, -5.060349253884809, -6.422243169886476, -5.7615107791264535, -6.022538170513709, -6.732953920893105, -5.94280570338947, -6.299625157315983, -5.127373506727849, -7.0661083841405326, -5.412812336267236, -5.910250321068991, -6.000971436309946, -6.384245850992723, -5.717821308784115, -6.031548555471447, -6.251565452733183, -6.8449732207691785, -6.0819520438699195, -5.584811099875068, -6.348510657388802, -6.681301032498956, -6.417325416978681, -5.700884873961008, -6.337601798021222, -6.6314968325067625, -6.501456053238645, -5.706389401879914, -5.444311704039048, -5.699530614980749, -5.364923035961547, -6.355340991395487, -5.430162446424647, -6.47887082181172, -5.685019014824485, -5.8038254585342655, -5.981998310476463, -6.157716410507405, -5.63717782201511, -5.782763367738092, -5.558013264906754, -6.120123454426446, -6.512076668522937, -4.552831434866129, -6.172372726090805, -5.2978668020608115, -5.872330069486944, -5.312472321623977, -6.032250405477635, -6.401861246496261, -6.309761018341009, -6.614076824521588, -5.821696335511444, -6.53616514060387, -6.618620747051324, -6.101523897640884, -5.629581409169906, -5.7799111688958575, -5.553361123943023, -7.207605699221057, -6.686609076802845, -6.163740772551885, -6.687451448854201, -6.391496503708304, -6.929062830768759, -5.975470910778068, -4.837158646684408, -5.5620731560095855, -3.840639190314001, -6.105084553141559, -7.056550286754098, -6.381442423565053, -5.908423115659125, -7.523967478308535, -6.494733466805397, -5.460333246537865, -6.80425456589126, -6.71860942439905, -6.442150076115604, -7.04673222533679, -6.16677892642617, -5.148087704776286, -5.182840594474396, -7.009727872237508, -5.3377110942614525, -6.7203511089503625, -6.0300735139346475, -6.464978213640761, -6.1074422513007525, -5.578379935807142, -4.349482623563111, -5.888312774724636, -6.775207399838402, -5.5917715976480045, -5.978962539433409, -6.16791982973445, -5.219800714146996, -7.3504401194305995, -6.083616674124369, -7.812551845424087, -5.592565499580708, -5.575125458301197, -3.8745800730251845, -5.4113788135862695, -4.313207942105827, -4.488635228324972, -6.471770245580784, -5.840098115789651, -7.7510711630442, -6.048410017922826, -5.718695452761528, -4.74736651533393, -6.395549470960206, -4.854990944122594, -5.416676629367808, -5.209684565085787, -5.586840913269253, -5.621527630469736, -5.368778898170746, -5.304730832438446, -5.228911589382085, -3.877753268529163, -4.6534558376983135, -4.751063437463053, -5.554151236921627, -4.703965500868746, -3.831950884050975, -5.799236995759289, -6.919083149429207, -6.404367290255268, -6.403114198765775, -6.702578670096475, -4.705664337047912, -6.261428898484976, -4.915599029726579, -6.433583801838651, -5.256543918721782, -6.480904434288555, -6.708517974622941, -4.2059063425003815, -4.909650733902782, -4.250993929245544, -6.36346916399287, -5.893234241791761, -4.004367189383739, -4.808505741509477, -5.148386987003064, -4.886862602862373, -4.799919838237281, -5.634769861971065, -6.448599639262526, -4.937168152472316, -4.313961608478198, -4.79345945077946, -4.777708900560767, -6.385214260214701, -4.548407066959513, -5.360803001324437, -5.547465091652439, -4.818517525520044, -7.2498129420839295, -6.383370323554608, -6.117806876907549, -6.086886517288109, -5.355959990423749, -7.374262593652295, -6.202969342428165, -7.568241090065806, -5.720854124335098, -7.117564481430919, -6.875517789862416, -6.50830374622158, -6.873165811772772, -5.572848269988857, -6.752289217078328, -6.2081256651546575, -6.023241478829654, -6.133138124169989, -5.090127376191836, -5.856180290520658, -6.61757136273955, -6.2004319170378475, -5.871395249142966, -6.887635145495774, -6.133170853173519, -7.547215821730501, -6.7582938154543974, -7.961756969716436, -5.712748467585971, -6.073966556123706, -5.947338472519029, -5.88398958812286, -6.905055528511087, -5.632774709962668, -5.536095242173052, -5.246754079697406, -5.941643403179301, -5.013540019503971, -5.530000068209526, -5.657327740391029, -5.155451608655844, -5.6540410554292695, -5.720055406366053, -6.607769241298458, -5.355701484242448, -6.5134716980446274, -5.512875567465407, -5.770844231237082, -5.3838773993893865, -4.960266403260609, -6.309517545378659, -5.288261752271291, -5.851273072496564, -5.709465181808152, -6.950699930619945, -4.870206316485075, -6.627294723517503, -6.352743436673798, -5.351323113634009, -5.827938850509172, -7.067858338054489, -4.965220973380374, -7.063035861504698, -7.504383441143709, -5.850607441012793, -5.669672623998718, -5.115626778260527, -6.5020889185518245, -5.92613121584569, -5.41051173141524, -5.182933129117316, -7.591635623206493, -7.122323276744092, -5.623621845033096, -6.459777181352448, -5.641341754541234, -5.332533771841516, -5.70720546605046, -6.678185715506883, -5.616184158887494, -6.332319014089997, -6.017846242047295, -5.3325859538538545, -7.000268787885574, -6.633299354329054, -5.7513912194352415, -5.442334410915939, -5.291156529855669, -5.481092876425246, -4.986207951632995, -5.521911121106916, -5.298814075686877, -6.312499528195925, -5.394855788870843, -5.6154557675843595, -5.450262401242009, -6.091061884435357, -5.960684993368122, -5.560525612326247, -7.368171402647604, -6.340475415388278, -5.976252865013032, -5.418000484926825, -6.270205025868187, -6.852921363939953, -6.01896890018418, -6.74325296734308, -5.73094201812199, -6.1299636248706, -6.525774209689175, -6.738804509220488, -6.454825998545493, -6.1068985834208025, -5.9460728988298275, -6.51172843199989, -6.262251474482135, -5.397670196886475, -5.160967986997381, -6.426058845275913, -5.367551137956574, -5.917523915863956, -5.784242650768411, -5.284157267982393, -6.26927799495685, -6.237471954424054, -6.279127200137239, -6.982331761049262, -6.819995269471202, -6.3655382443042345, -6.504146609576194, -6.7658732792899245, -6.274601914846175, -5.948451159485241, -6.0759299373737985, -6.439023554509911, -6.775971254541295, -6.149398511760265, -5.913509479236769, -5.992222532592709, -5.791171388121603, -4.908222164704255, -6.251502339449127, -4.3325360123579575, -5.955041827031469, -5.908215528534251, -6.3335122098283865, -6.875264509798416, -6.473018637131187, -5.392390177528468, -5.622851019160919, -6.832895911198614, -5.843641404203652, -5.532066247742589, -6.179369295884793, -7.151534511998129, -5.105677834103432, -6.155971383604937, -5.2328233846312475, -6.552583299735103, -6.485158771417521, -5.93278799120055, -7.02358561536622, -5.438402541581098, -6.0987665460053995, -5.292633325709716, -5.980234190657957, -6.616190953904526, -5.967108398179783, -5.002223049751512, -6.000847908658123, -5.435898436305804, -6.303947656826434, -5.240547330731676, -6.492991543193007, -4.503111911400368, -5.958737802530135, -3.652370262870749, -6.391250382767597, -4.710545497962484, -5.151401986458293, -5.558659956190476, -5.274588538061512, -5.504083587571415, -6.3744908525642, -5.3286353592446085, -5.8661504327127645, -6.061385466940761, -6.005025462013862, -5.277687947698597, -4.512394401050915, -6.3888308185811855, -6.097668427668253, -4.208851311534369, -3.4, -4.974699364731979, -5.0916426802622485, -4.953747167659059, -5.287922851774913, -3.8759238073324314, -5.463760886664333, -5.65607813914706]","0     -7.22
1     -6.21
2     -7.24
3     -5.92
4     -5.96
       ... 
247   -6.00
248   -3.99
249   -5.24
250   -4.77
251   -4.71
Name: Permeability, Length: 252, dtype: float64","[array([-6.76077961, -6.68787504, -5.85422702, -5.10048778, -6.30840924,
       -7.25579013, -6.18566969, -7.02749511, -7.54464509, -7.43393904,
       -7.18606148, -5.82492541, -6.44788517, -6.31469105, -6.66283098,
       -6.26607429, -6.46996499, -7.45841381, -6.35165077, -6.25844404,
       -6.11846886, -5.31961627, -5.67588189, -5.79074093, -5.78486893,
       -6.23447065, -5.27730025, -5.94278151, -6.90666518, -5.90852704,
       -6.99497919, -7.26186963, -5.64762915, -6.85586766, -6.27130721,
       -5.94379162, -6.20342281, -7.30390454, -6.32199065, -6.18872443,
       -6.69889933, -6.91281366, -6.18933702, -5.98618806, -5.89963704,
       -5.94817388, -6.50380613, -5.87695922, -5.93406002, -6.294866  ,
       -7.28587359, -7.26235539, -5.51125772, -5.00412475, -6.74948773,
       -5.67247067, -7.26473863, -6.31168253, -5.89746991, -6.54107698,
       -5.83638841, -6.07563181, -6.01368148, -6.08402795, -5.08154107,
       -6.03922016, -8.28107131, -6.08516704, -5.49804117, -6.54155471,
       -5.39995532, -6.68341213, -5.83983211, -5.915375  , -5.98948042,
       -6.4200556 , -6.2511002 , -5.49641088, -5.99635882, -6.12508606,
       -6.04333191, -5.7684551 , -5.87912504, -5.61708401, -5.48790976,
       -5.92132652, -6.32318467, -6.89390228, -7.50968319, -6.47486384,
       -7.75271266, -7.73399241, -5.53600222, -6.35851332, -5.73666952,
       -7.26957838, -5.40133241, -6.06866801, -6.10130851, -6.01428099,
       -6.77255127, -7.7537533 , -7.25383793, -5.78841165, -6.0903556 ,
       -5.54643781, -5.93312074, -7.41557416, -6.44173384, -7.3532556 ,
       -6.17641732, -5.9138496 , -5.4178503 , -6.35586016, -5.93808167,
       -6.45585053, -6.10363567, -6.43086598, -6.39488565, -5.73988408,
       -5.64352335, -6.05232367, -6.56605999, -7.34877471, -5.86930862,
       -6.20217352, -7.25589477, -6.29664661, -5.6100928 , -5.67747408,
       -7.70532782, -7.65202859, -6.46813865, -5.64400238, -6.34799598,
       -5.63604114, -6.42044743, -5.85165562, -6.7033869 , -5.88337783,
       -7.84570576, -6.40256308, -7.08460662, -7.65050577, -7.43769919,
       -5.88658414, -8.012414  , -6.4190124 , -5.31276642, -7.17010412,
       -6.01968738, -6.86135341, -6.49473154, -6.24132544, -6.38474142,
       -7.91985546, -7.69438976, -7.44404502, -6.89902391, -7.6157641 ,
       -7.53205923, -7.82876422, -6.38101918, -6.62970851, -7.86009351,
       -5.69058638, -7.56678899, -6.57587209, -5.27804201, -7.50014914,
       -7.48566329, -5.66347583, -7.65800625, -5.54950171, -7.33714449,
       -6.14786171, -7.5096964 , -5.86083993, -6.03651074, -5.64570777,
       -6.12772881, -6.07102316, -7.17495676, -5.48159622, -5.28962471,
       -5.57624234, -6.03555003, -6.87350465, -5.36854716, -4.64528934,
       -6.77182515, -6.0346268 , -7.63548297, -5.43852939, -7.37763345,
       -4.45751026, -6.19812609, -5.1692327 , -6.66528586, -7.04493176,
       -4.78617753, -4.7543678 , -6.14033817, -5.63457954, -6.03074306,
       -5.98314816, -6.36639671, -6.95988359, -6.16707779, -5.05166977,
       -5.7854035 , -4.95570462, -6.28154444, -4.86507698, -4.9098399 ,
       -3.88197155, -5.48544182, -7.15280023, -5.05111859, -5.18878282,
       -5.5515369 , -5.56334434, -5.35102604, -6.53609775, -5.10800062,
       -5.59124541, -6.01703233, -5.6433272 , -7.43907794, -7.57063287,
       -6.25146958, -6.75321487, -4.86350478, -7.36957083, -3.4       ,
       -4.54368578, -5.23834665, -3.6602955 , -6.13687042, -6.81185921,
       -4.45686121, -4.95163836, -5.88482382, -5.01649338, -5.50050274,
       -4.78155584, -5.19683316, -5.66193419, -3.4       , -4.83096857,
       -4.53280665, -5.21960434]), array([-6.65390735, -6.49961528, -5.96021661, -5.28741186, -5.49905742,
       -6.95312968, -5.73984439, -7.39935358, -7.00007029, -7.20947759,
       -6.64635046, -5.83829544, -5.99353987, -5.85966765, -6.48715792,
       -6.20085208, -6.65740111, -6.92023774, -5.82346719, -5.09487667,
       -6.35639487, -5.57695998, -5.7115653 , -5.72447571, -5.48089198,
       -6.16600193, -5.68975025, -6.19351971, -6.11855841, -6.07507041,
       -6.84669525, -7.34699586, -5.88773742, -6.29835304, -6.54585836,
       -5.99652797, -6.45173964, -7.09570048, -6.26666848, -6.09644962,
       -6.43495401, -6.62979596, -5.90721042, -6.09669915, -5.42352175,
       -6.24426774, -6.45728586, -6.27757012, -5.82513214, -6.31077975,
       -7.29110804, -7.16467893, -5.59325867, -4.89815895, -6.18543458,
       -5.47342385, -7.14835832, -5.6884292 , -5.58841917, -6.53598499,
       -5.53959452, -5.79059763, -6.06380187, -5.54722634, -5.12078343,
       -5.79023401, -7.6147415 , -6.03385619, -5.78694196, -5.81745969,
       -5.46180357, -7.18176834, -6.06756594, -6.137319  , -5.7185807 ,
       -6.20599652, -5.77435017, -5.5079267 , -5.89013215, -6.40358661,
       -5.71928289, -5.46138298, -6.00900049, -5.84873716, -5.34625205,
       -6.03410268, -6.39357677, -6.29235253, -7.5199237 , -6.49790038,
       -7.52053692, -7.47255795, -5.45276714, -6.36853442, -5.73115123,
       -7.18789846, -5.66853791, -6.10788295, -6.31023104, -6.11094679,
       -6.85319906, -8.07339193, -7.15878349, -5.70101906, -6.15830718,
       -5.45670891, -5.76321731, -8.12746456, -6.32493993, -7.60990078,
       -5.51232262, -5.69483897, -5.36159572, -6.42947091, -5.43323141,
       -6.7718066 , -6.01508801, -6.30140628, -6.21671861, -5.51709941,
       -5.37861986, -5.53364511, -6.12271596, -7.7328415 , -6.04557737,
       -5.90554852, -7.38620554, -6.37519455, -5.72178074, -5.36883986,
       -7.77225396, -8.61333582, -6.32304148, -5.61472711, -6.43878002,
       -5.56004139, -6.16550659, -6.07511735, -6.56260785, -6.23228755,
       -8.19751357, -6.16360188, -6.85283102, -7.53377363, -7.55366111,
       -5.79396607, -7.85335435, -5.78463321, -5.23328966, -7.39883066,
       -6.1675733 , -6.688939  , -6.73007167, -6.71559261, -7.15621017,
       -8.40775618, -7.65040232, -7.86631201, -5.57290826, -7.41320722,
       -8.16158298, -8.06406248, -6.25161197, -6.43878936, -8.06907445,
       -6.18630879, -8.28085436, -6.86764512, -5.44660079, -7.59059758,
       -7.62782456, -5.77402016, -8.29908971, -5.20863391, -7.45485152,
       -6.23322289, -7.62801733, -5.83798665, -6.11849836, -5.7981245 ,
       -6.52944205, -6.27018902, -7.86541659, -5.36838806, -5.66378401,
       -5.61692825, -6.2265307 , -6.95028944, -5.80514059, -5.09670709,
       -7.46105557, -6.34493108, -7.48679526, -5.59477196, -8.02857763,
       -4.70494079, -6.3267243 , -5.59685351, -6.78907804, -7.40196034,
       -5.15493552, -4.94789717, -6.92660822, -6.06595159, -5.6229639 ,
       -6.68510304, -5.28001196, -7.08799558, -6.7601549 , -5.21777937,
       -5.79666189, -5.63270459, -6.40071777, -4.94334679, -5.38524302,
       -4.4262169 , -6.08986876, -7.21929799, -6.77821195, -5.64978859,
       -5.94716554, -4.8219694 , -5.94275297, -6.92497682, -5.81135979,
       -6.63510232, -8.06824141, -5.42703023, -8.31725638, -7.48111942,
       -7.41628908, -7.91309546, -6.26377227, -7.95960665, -5.02005386,
       -3.92294113, -5.7683036 , -4.45068006, -6.62557801, -6.30272132,
       -5.35220783, -5.11617514, -5.39699643, -4.4707943 , -5.25329824,
       -4.84212939, -5.60286815, -5.41965668, -4.17133718, -5.1859177 ,
       -4.97984575, -5.36144926]), array([-6.80705714, -6.77246995, -5.9728835 , -4.97323985, -5.77832767,
       -7.26249966, -5.57352049, -6.58176813, -6.15597192, -7.09559696,
       -6.96622705, -6.00426094, -6.27425816, -5.90298397, -6.39383024,
       -6.11557319, -6.13735863, -6.19598175, -6.11941933, -6.1015557 ,
       -6.19144196, -5.40462463, -4.93636176, -5.91140469, -5.52949397,
       -6.25415139, -5.51821674, -5.91833072, -6.35193616, -6.1180729 ,
       -6.77792883, -7.33590897, -5.55061314, -6.52674719, -6.53702088,
       -5.78692939, -6.21542592, -6.88168585, -6.01778536, -5.11201764,
       -6.07394984, -6.6077171 , -5.49570137, -6.27042704, -5.23909877,
       -5.87554545, -5.92359711, -6.2218806 , -6.13827413, -6.00307391,
       -7.24800393, -6.09774508, -5.63591065, -5.25674022, -5.76751184,
       -5.56183713, -6.83907344, -6.34341364, -4.87309433, -6.77231296,
       -5.20394802, -6.24609759, -6.24446043, -5.47609607, -5.37381264,
       -5.97495882, -6.2464069 , -5.36646588, -5.68274844, -6.25180647,
       -5.58888853, -6.65542751, -5.98655294, -6.99816301, -6.1101237 ,
       -5.85144876, -5.88718264, -5.9721021 , -5.9997457 , -6.38338741,
       -5.8216446 , -5.92961732, -6.1320139 , -5.77507408, -5.69337486,
       -5.43239324, -6.92351423, -7.36401692, -7.61142946, -6.18811365,
       -6.35304471, -6.32001533, -5.51544109, -6.31780572, -5.88886087,
       -6.48946571, -5.38755809, -6.21813766, -6.35598099, -5.94169793,
       -6.43580297, -7.17586631, -6.34068757, -6.27236065, -6.34426131,
       -5.6317031 , -5.79420833, -7.46778461, -6.39335128, -7.62070246,
       -5.76242503, -6.11885942, -5.59282699, -6.79782225, -5.13914015,
       -6.75248399, -6.1695134 , -6.58839815, -6.66853004, -5.38713556,
       -5.24958261, -6.46977905, -5.97750342, -7.94367626, -5.48771838,
       -5.58524167, -7.38616835, -6.19654255, -5.30768827, -5.31506912,
       -6.84469612, -6.74403041, -6.23712147, -6.078882  , -6.63977922,
       -5.61322034, -6.11048484, -5.87612428, -7.45214117, -5.28008046,
       -7.63740328, -5.33516504, -6.01820114, -6.4004239 , -7.01426229,
       -5.94260902, -7.01379545, -6.08962362, -5.11316222, -6.43901865,
       -6.04076745, -5.61857643, -6.86407785, -6.63276187, -6.11245443,
       -7.1015982 , -7.45060791, -6.95951915, -6.01796528, -6.27271596,
       -6.34673743, -8.42539662, -6.4034159 , -6.7380028 , -6.93987457,
       -5.87729208, -6.95018887, -6.37904955, -5.71825546, -6.26522337,
       -6.36867455, -6.03593614, -6.99379377, -6.0151555 , -6.09061093,
       -6.25938913, -6.90169599, -6.18333401, -5.77694629, -5.58925344,
       -6.14292773, -6.3606234 , -6.13394507, -5.80726131, -6.01089549,
       -5.9313715 , -6.61607788, -6.33793351, -5.77384962, -5.10775311,
       -6.33861008, -6.58735365, -6.0941202 , -5.64681318, -7.41282177,
       -4.11173255, -6.72946309, -5.69243851, -7.0507133 , -6.65663063,
       -5.53375842, -5.42397388, -5.87398962, -6.37149218, -4.90014531,
       -5.81047291, -5.89196456, -6.13736302, -5.17849871, -4.29208181,
       -6.10670915, -5.60876979, -6.60319179, -5.71698909, -5.05434509,
       -3.97720993, -4.57733455, -5.37497594, -5.20986138, -5.36136521,
       -5.80567945, -5.2650126 , -5.4344531 , -7.1715409 , -5.69235293,
       -5.97588607, -5.80134343, -5.56794329, -4.78356741, -4.35484623,
       -4.43030121, -5.87468971, -5.15597209, -3.60318312, -4.60923033,
       -4.88313297, -5.91884935, -4.12207961, -5.44958523, -7.12615786,
       -5.41758795, -4.98471306, -5.42118671, -4.83505111, -5.83706112,
       -5.01526965, -5.92346561, -6.21067834, -4.3505577 , -5.41792516,
       -5.56157914, -5.81126883]), array([-6.81399188, -6.57973433, -6.21237085, -5.56935077, -5.76065284,
       -6.73489373, -6.02140418, -6.81684543, -6.40483053, -7.27685784,
       -7.3744446 , -6.02817253, -6.49631725, -6.13937648, -6.63405866,
       -6.33716036, -6.8177431 , -7.02380569, -6.07909581, -6.0768002 ,
       -6.18248551, -5.94088818, -6.17134103, -5.89910539, -5.69830102,
       -6.39038998, -5.85390982, -6.27040268, -6.73112623, -6.04003334,
       -6.20331461, -6.70225095, -5.47031799, -6.06548786, -6.55093575,
       -6.27408847, -6.45002229, -6.70175536, -6.16841951, -6.6792361 ,
       -6.60334241, -6.89130842, -5.95041098, -6.34070405, -6.04063537,
       -6.51071615, -6.0119344 , -6.27493831, -6.04948851, -6.304619  ,
       -6.52540017, -6.77990859, -5.678399  , -5.29371453, -6.34576055,
       -5.86721282, -7.0485483 , -5.90307989, -5.66724852, -6.59089888,
       -5.87970774, -6.09374216, -6.12406346, -5.77256697, -5.45359274,
       -5.87523033, -6.54034259, -6.23141198, -5.75911098, -6.63668431,
       -5.80047877, -6.20916175, -6.20497025, -5.46997529, -6.21269409,
       -6.31104784, -6.07799165, -5.62305165, -5.89471762, -5.85677003,
       -5.78453784, -5.17972199, -5.99261176, -5.6789892 , -5.47371727,
       -5.97547838, -6.16070049, -5.82476034, -6.7144498 , -5.83749856,
       -6.47220001, -6.25350129, -5.74306929, -6.16437728, -5.8499404 ,
       -6.1177948 , -5.4876662 , -6.24157602, -6.16682284, -6.33521512,
       -6.17487006, -6.56533035, -6.6530372 , -5.46564917, -6.42873841,
       -5.75435305, -6.04455981, -6.92813782, -6.51839524, -6.88910534,
       -5.74805439, -5.79068684, -5.46934076, -6.57886579, -5.70021612,
       -6.33830033, -6.22165355, -6.38713647, -6.36072328, -5.96988005,
       -5.48932522, -5.91430775, -6.34432499, -6.41071893, -6.05859754,
       -6.29992413, -6.45122376, -6.30609466, -5.7160486 , -5.72917414,
       -6.68479932, -7.47667861, -6.29413309, -5.24896324, -5.6473486 ,
       -5.47254795, -6.38646362, -6.28453131, -5.52128785, -5.46196857,
       -7.65521138, -6.04027489, -6.50253747, -6.35219967, -6.49104114,
       -6.20456284, -7.13918771, -6.38627556, -5.38591539, -6.88358138,
       -5.80338981, -6.08774715, -6.21456401, -7.43749748, -6.17958139,
       -7.03320251, -6.83208148, -6.97764014, -6.13502716, -6.24362201,
       -7.26059579, -7.51893771, -6.660288  , -6.6398995 , -6.92232527,
       -6.30543476, -7.21578723, -6.16952585, -5.53935315, -6.34397365,
       -6.84204838, -6.50313128, -6.84635285, -5.14279656, -6.48102943,
       -6.32286447, -7.23237201, -5.89704678, -6.08096337, -5.82444273,
       -6.03662342, -5.91305405, -7.23330644, -5.93642362, -6.23174074,
       -5.71369359, -5.52174379, -6.56242706, -5.07450785, -4.47719464,
       -6.83147397, -5.56935021, -6.62287551, -6.21311835, -6.95673717,
       -4.05698771, -5.80185925, -5.1333382 , -6.77370906, -6.42563649,
       -5.07564841, -4.8743267 , -5.83123401, -6.65153383, -5.00447681,
       -6.48987919, -5.37280306, -7.07872335, -6.00449472, -4.98087995,
       -6.19334134, -5.97106708, -6.04530128, -5.80887846, -5.48231728,
       -4.56235072, -5.41870454, -6.52907954, -5.7258439 , -5.25147749,
       -6.0143379 , -5.26581274, -6.264177  , -5.85599048, -5.64127556,
       -6.47024187, -4.74863795, -5.35799436, -6.67686442, -6.16409819,
       -6.42883524, -6.92162071, -5.51653471, -6.44003116, -4.24252916,
       -4.75528904, -5.16875763, -4.12577562, -5.83260035, -5.96575011,
       -4.20318065, -4.9866394 , -6.11637633, -4.53635176, -6.16234733,
       -4.47484598, -4.76870014, -4.58392146, -3.50384581, -4.09177093,
       -3.75135921, -4.7305341 ]), array([-7.59538442, -6.61993149, -5.57796007, -5.47882879, -6.29897501,
       -6.25351681, -6.14659939, -6.73925873, -6.34213389, -7.2933903 ,
       -6.99154067, -5.78021863, -6.25970905, -6.49922831, -6.83799523,
       -6.50357558, -6.56552678, -6.95632727, -6.59200647, -6.52285407,
       -6.88379453, -5.58374535, -5.03943189, -6.11848753, -5.54605226,
       -6.09879609, -5.2555806 , -5.93300753, -6.53089306, -5.97526739,
       -6.71175893, -7.16643943, -5.39369897, -6.71994664, -5.98077087,
       -6.37629152, -5.62734636, -6.45198103, -6.50248473, -5.60345491,
       -6.63236568, -6.22777971, -5.91564638, -5.65771814, -5.58004645,
       -5.87567925, -6.79995097, -6.32756493, -6.04916356, -5.57487132,
       -6.86524845, -7.22482543, -5.51898123, -4.78896628, -6.4740323 ,
       -5.87002909, -7.7091913 , -6.76486712, -5.26881707, -6.73603214,
       -5.73610682, -6.32250272, -6.08861275, -5.73881011, -5.4260548 ,
       -6.67261717, -6.23407612, -5.4791717 , -5.69077485, -6.55146675,
       -5.39636215, -6.44946556, -5.4989551 , -5.53300884, -5.88067007,
       -5.72489908, -5.75157197, -5.83571912, -6.29711743, -5.74922598,
       -5.96845691, -5.83223946, -6.11619225, -5.8680249 , -5.64034998,
       -5.90825886, -5.90194514, -6.19048693, -6.34389141, -5.39426949,
       -6.14313466, -6.27640733, -5.82976255, -6.09188218, -5.73702673,
       -6.30611468, -5.36455117, -6.42851229, -5.85055092, -5.64285834,
       -6.00632628, -6.64599163, -6.72878348, -5.81019545, -6.33813828,
       -5.6315294 , -5.65346594, -7.43809437, -6.0078524 , -7.19581417,
       -5.76604157, -6.07097827, -5.68088259, -6.49414851, -4.88011762,
       -6.52565201, -6.17513526, -6.63168246, -6.60216312, -4.97181189,
       -5.72289235, -5.72404746, -5.92844302, -6.58882057, -5.73615306,
       -5.46690976, -6.41432755, -6.59515124, -5.7509939 , -5.35570802,
       -5.94686698, -7.68216948, -6.44293827, -5.77864662, -5.97779072,
       -5.31428465, -6.57720872, -6.13944748, -5.74773191, -5.56985096,
       -6.47979668, -6.4162043 , -6.48800289, -5.89455074, -6.6452825 ,
       -5.9251277 , -6.49964134, -6.57810388, -5.27897194, -6.91479221,
       -6.4876516 , -5.95817085, -6.48491358, -6.96311716, -6.35943328,
       -6.67415344, -6.72076131, -6.62387254, -6.15493228, -5.99307786,
       -7.12125984, -7.40771113, -5.95278953, -6.39073479, -7.12104266,
       -6.28178816, -6.56279312, -6.11956671, -5.61994293, -5.78387425,
       -6.33953309, -5.43221462, -6.60606713, -5.6526798 , -6.45074783,
       -5.91440193, -7.19771329, -6.08026025, -6.07420674, -6.14808128,
       -6.68623526, -5.96009509, -6.85560436, -5.35713934, -5.60298809,
       -6.03752668, -5.90683839, -5.8462647 , -5.521118  , -5.18054338,
       -6.09865737, -5.14131455, -6.30688497, -5.17150088, -6.99991083,
       -4.93042331, -5.69365047, -5.57998923, -7.02885096, -6.26819304,
       -5.24598694, -5.03357559, -5.85842476, -6.12134493, -5.11013573,
       -6.42459474, -6.26888089, -6.74725494, -6.379083  , -3.8501988 ,
       -5.51070234, -5.01786481, -6.89056661, -5.41078277, -4.75954971,
       -4.40813494, -4.7781812 , -6.26093764, -5.48156166, -5.39487944,
       -6.46062201, -5.20441751, -5.46437562, -6.06461892, -4.82523794,
       -6.14312131, -7.34703539, -5.96521632, -6.69977296, -5.90048088,
       -6.11967907, -9.10629779, -8.76588569, -5.94705646, -3.48776606,
       -4.07913519, -4.68930016, -4.14958585, -6.10130254, -5.81229061,
       -4.11428834, -4.85106501, -5.7535213 , -5.13818681, -5.41535107,
       -4.43511432, -5.59308368, -5.38322962, -3.4       , -4.5275485 ,
       -4.45486883, -5.22881353])]","[-6.92622408 -6.63192522 -5.91553161 -5.28186381 -5.92908444 -6.891966
 -5.93340763 -6.9129442  -6.68953035 -7.26185235 -7.03292485 -5.89517459
 -6.2943419  -6.14318949 -6.60317461 -6.2846471  -6.52959892 -6.91095325
 -6.19312792 -6.01090614 -6.34651715 -5.56516688 -5.50691638 -5.88884285
 -5.60792163 -6.22876201 -5.51895153 -6.05160843 -6.52783581 -6.02339422
 -6.70693536 -7.16269297 -5.58999933 -6.49328048 -6.37717861 -6.07552579
 -6.18959141 -6.88700545 -6.25546975 -5.93597654 -6.48870225 -6.65388297
 -5.89166123 -6.07034729 -5.63658788 -6.0908765  -6.3393149  -6.19578263
 -5.99922367 -6.097642   -7.04312684 -6.90590268 -5.58756145 -5.04834094
 -6.3044454  -5.68899471 -7.201982   -6.20229448 -5.4590098  -6.63526119
 -5.6391491  -6.10571438 -6.106924   -5.72374549 -5.29115694 -6.0704521
 -6.98332768 -5.83921456 -5.68352348 -6.35979439 -5.52949767 -6.63584706
 -5.91957527 -6.01076823 -5.9823098  -6.10268956 -5.94843933 -5.68704209
 -6.01561434 -6.10361122 -5.86745083 -5.63428337 -6.02578869 -5.75758187
 -5.52832078 -5.85431194 -6.34058426 -6.5131038  -7.13987551 -6.07852918
 -6.84832579 -6.81129486 -5.61540846 -6.26022259 -5.78872975 -6.67417041
 -5.46192915 -6.21295539 -6.15697886 -6.00899983 -6.44854993 -7.2428667
 -6.82702593 -5.8075272  -6.27196015 -5.60414645 -5.83771443 -7.4754111
 -6.33725454 -7.33375567 -5.79305219 -5.91784262 -5.50449927 -6.53123353
 -5.41815739 -6.56881869 -6.13700518 -6.46789787 -6.44860414 -5.5171622
 -5.49678868 -5.93882061 -6.18780948 -7.20496639 -5.83947099 -5.89195952
 -6.97876399 -6.35392592 -5.62132086 -5.48925304 -6.99078884 -7.63364858
 -6.35307459 -5.67304427 -6.21033891 -5.5192271  -6.33202224 -6.04537521
 -6.39743114 -5.68551307 -7.56312613 -6.07156184 -6.58923583 -6.76629074
 -7.02838925 -5.95056995 -7.30367857 -6.25152973 -5.26482113 -6.9612654
 -6.10381391 -6.24295737 -6.55767173 -6.79805891 -6.43848414 -7.42731316
 -7.26964856 -7.17427777 -6.15597138 -6.70767743 -7.28444705 -7.84897443
 -6.32982491 -6.56742699 -7.38248209 -6.06828203 -7.31528251 -6.42233186
 -5.52043887 -6.6967636  -6.93274877 -5.88175561 -7.28066194 -5.5137535
 -6.76287684 -6.17554803 -7.293899   -5.97189353 -6.0174251  -5.80112195
 -6.30459145 -6.11499694 -7.05264584 -5.59016171 -5.75980661 -5.77515247
 -6.06134816 -6.51408387 -5.50863264 -4.90149751 -6.70032443 -5.93551526
 -6.82923178 -5.61294675 -7.35513617 -4.45231893 -6.14996464 -5.43437043
 -6.86152744 -6.75947046 -5.15930136 -5.00682823 -6.12611896 -6.16898041
 -5.33369296 -6.27863961 -5.83601144 -6.8022441  -6.09786182 -4.67852194
 -5.87856365 -5.43722218 -6.44426438 -5.34901482 -5.118259   -4.25117681
 -5.26990618 -6.50741827 -5.6493195  -5.36925871 -5.95586836 -5.22411132
 -5.69135695 -6.51064497 -5.41564537 -6.1631194  -6.3964581  -5.59230228
 -6.78330782 -6.29423552 -6.12931484 -7.31378371 -6.11313391 -6.26388964
 -4.15191588 -4.43683682 -5.35671148 -4.10168333 -6.02918731 -6.40375582
 -4.7088252  -4.97804619 -5.71458092 -4.79937547 -5.6337121  -4.70978304
 -5.41699015 -5.45188406 -3.76514814 -4.81082617 -4.65609191 -5.27033401]","[0.33944091 0.09301275 0.20548105 0.22343713 0.3214736  0.37568425
 0.23825018 0.28241643 0.51265566 0.11065045 0.24318206 0.10096865
 0.17689219 0.2426002  0.15293029 0.13163576 0.22718271 0.4063934
 0.26050678 0.48477522 0.27990186 0.21341024 0.45955739 0.1341578
 0.11453736 0.09760202 0.23200404 0.14945378 0.27687423 0.07405674
 0.26877473 0.23909339 0.17110108 0.28459454 0.22474065 0.21760955
 0.30117243 0.29696822 0.16102078 0.53507883 0.22488788 0.24806911
 0.22345634 0.24131502 0.29632446 0.25013419 0.32654536 0.16288085
 0.10854468 0.28614569 0.30399898 0.43925587 0.06503394 0.19769845
 0.32588052 0.15965465 0.28959271 0.37468793 0.35547929 0.09963174
 0.24717755 0.18278484 0.07758739 0.21208639 0.15772174 0.31283571
 0.8226163  0.34794223 0.10086201 0.3007429  0.15234619 0.32170617
 0.2412956  0.55150239 0.17282847 0.26857189 0.19036994 0.18755342
 0.14847786 0.26654853 0.1200524  0.27601862 0.09203192 0.09667408
 0.12454478 0.2156027  0.33695126 0.54693512 0.51344624 0.41743723
 0.656331   0.65226276 0.144911   0.11156447 0.0670399  0.46852147
 0.11138677 0.1258331  0.17898729 0.22602063 0.32843346 0.59507675
 0.33724775 0.2625518  0.12655721 0.09913559 0.13658513 0.38202432
 0.17637015 0.27412282 0.214229   0.16110459 0.11668629 0.15220061
 0.3787989  0.1689384  0.0716287  0.12406363 0.16512261 0.33730472
 0.17192111 0.31802371 0.23803669 0.60917812 0.21250462 0.3279011
 0.4484809  0.13340186 0.16393419 0.17644429 0.6820556  0.59641248
 0.08847195 0.26830772 0.35400298 0.11689859 0.17187529 0.1631582
 0.69613816 0.336404   0.57790971 0.39498626 0.36296556 0.6980153
 0.4193229  0.13699783 0.55893018 0.28180259 0.09072759 0.32125168
 0.22481255 0.4639738  0.22386807 0.39501946 0.37352215 0.63757814
 0.41252078 0.43345572 0.42698363 0.66896713 0.5894366  0.36947839
 0.230441   0.13114506 0.48487483 0.24285295 0.58395504 0.27543764
 0.15073056 0.71950291 0.54169289 0.36639308 0.61734589 0.3170771
 0.53617464 0.14214195 0.25497609 0.13587966 0.12302145 0.1949233
 0.25512044 0.17385405 0.56409768 0.2376127  0.32883152 0.17978985
 0.36075532 0.39970165 0.27074016 0.28432035 0.46773175 0.52290903
 0.62261527 0.34263073 0.38529572 0.33606976 0.37384005 0.23457329
 0.15182898 0.41416327 0.24247505 0.22781208 0.4154929  0.33833037
 0.42799093 0.32791244 0.44620907 0.35441093 0.52468167 0.52094403
 0.24570064 0.38996207 0.28705025 0.38715818 0.27568633 0.26961991
 0.54081126 0.67334065 0.60981384 0.15865668 0.29809774 0.23689531
 0.35345948 0.49731557 0.38139014 0.36867009 1.175746   0.21188527
 1.16621633 1.18077033 0.96412417 1.10555887 1.4066589  1.50391192
 0.62888525 0.37524605 0.44275994 0.25294784 0.38653929 0.49805645
 0.56372373 0.08487578 0.27527391 0.26090348 0.32586715 0.22209335
 0.39769988 0.52516682 0.41052141 0.4705221  0.59982579 0.34542549]"
