,Feature,Importance
0,MaxAbsEStateIndex,8.62204352190086e-05
1,MaxEStateIndex,0.0003068677763610623
2,MinAbsEStateIndex,0.0002072906320932598
3,MinEStateIndex,7.158671627703815e-05
4,qed,0.0005086458530852358
5,SPS,0.00032102049847905614
6,MolWt,2.7284691423813655e-06
7,HeavyAtomMolWt,1.4745915043942099e-05
8,ExactMolWt,7.344289090948778e-06
9,NumValenceElectrons,7.656252307698386e-05
10,NumRadicalElectrons,0.0
11,MaxPartialCharge,0.0002104620602728171
12,MinPartialCharge,0.0005851714735816078
13,MaxAbsPartialCharge,0.0003442711288106734
14,MinAbsPartialCharge,0.0003356843183860408
15,FpDensityMorgan1,0.00013813550519270316
16,FpDensityMorgan2,8.222239037942415e-05
17,FpDensityMorgan3,0.0003313446069605248
18,BCUT2D_MWHI,2.1419245660536885e-05
19,BCUT2D_MWLOW,0.0004913395705032855
20,BCUT2D_CHGHI,0.0004066027472845697
21,BCUT2D_CHGLO,0.000482621011619399
22,BCUT2D_LOGPHI,0.00014332512079036241
23,BCUT2D_LOGPLOW,0.0003014033854978909
24,BCUT2D_MRHI,0.00026090049805755966
25,BCUT2D_MRLOW,0.00042786728243236153
26,AvgIpc,6.606533744638297e-05
27,BalabanJ_x,0.00015578819319014617
28,BertzCT_x,0.00012947862281449552
29,Chi0,4.380607294097394e-05
30,Chi0n,4.512420979910861e-06
31,Chi0v,1.2572517077333775e-05
32,Chi1,1.1664085027093002e-05
33,Chi1n,6.903239422578898e-06
34,Chi1v,5.138055736576982e-06
35,Chi2n,2.5418253747158644e-05
36,Chi2v,6.331881409455613e-06
37,Chi3n,3.19622334958985e-05
38,Chi3v,4.122638292724689e-05
39,Chi4n,6.310292240179446e-05
40,Chi4v,1.348461207438426e-05
41,HallKierAlpha,8.716696842194321e-05
42,Ipc,2.4564395204417003e-05
43,Kappa1,3.7671297236301055e-05
44,Kappa2,0.0001307390732520108
45,Kappa3,0.00036318624131382763
46,LabuteASA_x,2.9996156677019402e-06
47,PEOE_VSA1,3.0196025425152167e-05
48,PEOE_VSA10,0.00015787006147193887
49,PEOE_VSA11,6.409973671185302e-05
50,PEOE_VSA12,3.952877974685108e-06
51,PEOE_VSA13,4.850267646375526e-07
52,PEOE_VSA14,1.7431910346896803e-09
53,PEOE_VSA2,0.0008223161545594208
54,PEOE_VSA3,7.882694075772882e-05
55,PEOE_VSA4,9.918342918123867e-07
56,PEOE_VSA5,0.0
57,PEOE_VSA6,5.3127219621040736e-05
58,PEOE_VSA7,0.0007006446591783888
59,PEOE_VSA8,0.0007323038600657816
60,PEOE_VSA9,0.00013466407835390339
61,SMR_VSA1,1.0818088668732538e-06
62,SMR_VSA10,7.582769559856375e-05
63,SMR_VSA2,0.0
64,SMR_VSA3,0.002117967194891956
65,SMR_VSA4,8.000014599504154e-05
66,SMR_VSA5,8.126567129172645e-05
67,SMR_VSA6,0.0002768307668247924
68,SMR_VSA7,1.703269226270171e-05
69,SMR_VSA8,0.0
70,SMR_VSA9,3.5891876096227526e-05
71,SlogP_VSA1,5.898937579056223e-05
72,SlogP_VSA10,8.773557130422538e-05
73,SlogP_VSA11,4.144346346904022e-05
74,SlogP_VSA12,3.617564508195475e-05
75,SlogP_VSA2,1.86446049601167e-05
76,SlogP_VSA3,0.002839367085958149
77,SlogP_VSA4,0.00046453732154466915
78,SlogP_VSA5,7.575579088018056e-05
79,SlogP_VSA6,0.00029550521715239063
80,SlogP_VSA7,1.0499949788548394e-05
81,SlogP_VSA8,6.486413838637065e-07
82,SlogP_VSA9,0.0
83,TPSA_x,0.0002955638338353427
84,EState_VSA1,0.0005049321298466536
85,EState_VSA10,0.0012792138508800428
86,EState_VSA11,4.254076820654282e-05
87,EState_VSA2,0.00016446862083077793
88,EState_VSA3,8.451576431931354e-05
89,EState_VSA4,0.0003922112079472136
90,EState_VSA5,0.0007123252868878528
91,EState_VSA6,0.000197392477262311
92,EState_VSA7,0.0002064885801259668
93,EState_VSA8,0.0014385683798367084
94,EState_VSA9,0.000587029281221277
95,VSA_EState1,0.00048365533863639225
96,VSA_EState10,1.5211534737045956e-05
97,VSA_EState2,0.0005732554748666531
98,VSA_EState3,0.00044664388412483274
99,VSA_EState4,0.00027660138823094204
100,VSA_EState5,0.0006962267553806518
101,VSA_EState6,6.506357434814223e-05
102,VSA_EState7,0.00015315929441637254
103,VSA_EState8,0.00017850760041419447
104,VSA_EState9,0.0005663124930343932
105,FractionCSP3_x,0.00010938343493170698
106,HeavyAtomCount,3.209243809542694e-05
107,NHOHCount,0.0001518671801570353
108,NOCount,4.319415426122201e-06
109,NumAliphaticCarbocycles,2.082043965183736e-06
110,NumAliphaticHeterocycles,0.0005489233396964521
111,NumAliphaticRings,0.0004963461747596427
112,NumAmideBonds,0.0008685647424184303
113,NumAromaticCarbocycles,6.325065229337009e-06
114,NumAromaticHeterocycles,0.0
115,NumAromaticRings,9.880720161765839e-06
116,NumAtomStereoCenters,0.0001197658008468067
117,NumBridgeheadAtoms,3.9997702739562445e-07
118,NumHAcceptors,1.3932411598261303e-05
119,NumHDonors,0.000459042650564218
120,NumHeteroatoms,0.00016414528732264472
121,NumHeterocycles,0.0004656220686328231
122,NumRotatableBonds,0.00035593524274033693
123,NumSaturatedCarbocycles,3.9047819539553815e-05
124,NumSaturatedHeterocycles,0.00031142328074061957
125,NumSaturatedRings,0.00011165771325470919
126,NumSpiroAtoms,1.694533175630405e-11
127,NumUnspecifiedAtomStereoCenters,9.131002205155659e-06
128,Phi,3.253216654637583e-05
129,RingCount_x,3.17724486754417e-05
130,MolLogP,0.01615315601097993
131,MolMR,1.4909014959024439e-05
132,fr_Al_COO,0.0
133,fr_Al_OH,5.366699421662582e-05
134,fr_Al_OH_noTert,0.001760736460231769
135,fr_ArN,0.0
136,fr_Ar_COO,0.0
137,fr_Ar_N,6.742785602197164e-05
138,fr_Ar_NH,0.00017947950745585915
139,fr_Ar_OH,0.0009894832491275675
140,fr_COO,0.0
141,fr_COO2,0.0
142,fr_C_O,0.00039329376080630935
143,fr_C_O_noCOO,1.7069186174714967e-06
144,fr_C_S,0.0
145,fr_HOCCN,0.0
146,fr_Imine,0.0
147,fr_NH0,1.690974516478521e-05
148,fr_NH1,9.659593541993044e-06
149,fr_NH2,0.0
150,fr_N_O,0.0
151,fr_Ndealkylation1,0.00015074975742004215
152,fr_Ndealkylation2,0.01647410317050583
153,fr_Nhpyrrole,0.0005784907951859758
154,fr_SH,0.0
155,fr_aldehyde,0.0
156,fr_alkyl_carbamate,0.0
157,fr_alkyl_halide,3.0739376093193205e-07
158,fr_allylic_oxid,0.0
159,fr_amide,0.0003984835679042376
160,fr_amidine,0.0
161,fr_aniline,0.0
162,fr_aryl_methyl,0.00019746354001903794
163,fr_azide,0.0
164,fr_azo,0.0
165,fr_barbitur,0.0
166,fr_benzene,3.7356940074533544e-05
167,fr_benzodiazepine,0.0
168,fr_bicyclic,0.00014694778117674056
169,fr_diazo,0.0
170,fr_dihydropyridine,0.0
171,fr_epoxide,0.0
172,fr_ester,0.0
173,fr_ether,0.0005020695408861929
174,fr_furan,6.561308895345182e-08
175,fr_guanido,0.0
176,fr_halogen,1.39135801705613e-06
177,fr_hdrzine,0.0
178,fr_hdrzone,0.0
179,fr_imidazole,0.0
180,fr_imide,0.0
181,fr_isocyan,0.0
182,fr_isothiocyan,0.0
183,fr_ketone,0.0
184,fr_ketone_Topliss,0.0
185,fr_lactam,0.0
186,fr_lactone,0.0
187,fr_methoxy,5.466409087991643e-06
188,fr_morpholine,0.00014513473194848261
189,fr_nitrile,0.0
190,fr_nitro,0.0
191,fr_nitro_arom,0.0
192,fr_nitro_arom_nonortho,0.0
193,fr_nitroso,0.0
194,fr_oxazole,0.0
195,fr_oxime,0.0
196,fr_para_hydroxylation,0.0
197,fr_phenol,0.001189111651293769
198,fr_phenol_noOrthoHbond,0.0005591462940939204
199,fr_phos_acid,0.0
200,fr_phos_ester,0.0
201,fr_piperdine,0.001046533330543108
202,fr_piperzine,0.0
203,fr_priamide,0.0
204,fr_prisulfonamd,0.0
205,fr_pyridine,2.7891056549199672e-08
206,fr_quatN,0.0
207,fr_sulfide,0.0
208,fr_sulfonamd,1.9368789270109376e-08
209,fr_sulfone,0.0
210,fr_term_acetylene,0.0
211,fr_tetrazole,9.322843901947346e-08
212,fr_thiazole,2.6615092158480854e-05
213,fr_thiocyan,0.0
214,fr_thiophene,0.0
215,fr_unbrch_alkane,0.003830924592630099
216,fr_urea,0.0
217,AcidicGroupCount,3.8897555707338424e-07
218,BasicGroupCount,0.004496802521577198
219,AdjacencyMatrix,8.234337805202316e-06
220,AdjacencyMatrix.1,7.626750119454479e-05
221,AdjacencyMatrix.2,0.00011781310732219144
222,AdjacencyMatrix.3,1.753263330360854e-05
223,AdjacencyMatrix.4,0.00010564808199077782
224,AdjacencyMatrix.5,1.1824690491017452e-05
225,AdjacencyMatrix.6,0.0007137813540374058
226,AdjacencyMatrix.7,0.0004047645309742309
227,AdjacencyMatrix.8,0.0003560702170324715
228,AdjacencyMatrix.9,0.00043884191840301107
229,AdjacencyMatrix.10,0.0009596968850262896
230,AdjacencyMatrix.11,0.00021737798272016874
231,AromaticAtomsCount,7.46083928335133e-05
232,AromaticBondsCount,3.330787733413185e-05
233,AtomCount,7.780913106104715e-06
234,AtomCount.1,1.0941274924168555e-05
235,AtomCount.2,3.10688517784458e-06
236,AtomCount.3,1.530441241781984e-06
237,AtomCount.4,1.3753917256552472e-05
238,AtomCount.5,3.8437640167965836e-05
239,AtomCount.6,0.0
240,AtomCount.7,3.362100648635391e-05
241,AtomCount.8,0.0010834859045814858
242,AtomCount.9,9.391194207217708e-06
243,AtomCount.10,0.0
244,AtomCount.11,0.0
245,AtomCount.12,0.00012932222981443996
246,AtomCount.13,3.206121952525339e-06
247,AtomCount.14,0.0
248,AtomCount.15,0.0
249,AtomCount.16,3.3605423113399986e-07
250,ATS,8.28740852208774e-06
251,ATS.1,7.471048664825405e-05
252,ATS.2,1.6495525533206983e-06
253,ATS.3,1.380499263695037e-05
254,ATS.4,1.7329234666010758e-05
255,ATS.5,5.3029998376971986e-05
256,ATS.6,5.653437075492783e-06
257,ATS.7,5.023039056839511e-05
258,ATS.8,8.80895175142032e-05
259,ATS.9,1.850096918893819e-05
260,ATS.10,6.266514714249089e-06
261,ATS.11,9.980320865568115e-06
262,ATS.12,5.667499532820557e-05
263,ATS.13,0.0003677336119121636
264,ATS.14,0.00014596401312326176
265,ATS.15,2.665383605071117e-05
266,ATS.16,7.41767443222422e-05
267,ATS.17,1.9042829834215868e-05
268,ATS.18,4.137002229752286e-05
269,ATS.19,1.5419416621615563e-05
270,ATS.20,1.3655148520908168e-05
271,ATS.21,7.166290398520591e-05
272,ATS.22,5.843626818496264e-05
273,ATS.23,3.21531730818889e-05
274,ATS.24,5.819162024796225e-05
275,ATS.25,3.285148333731839e-05
276,ATS.26,0.00015034121573579115
277,ATS.27,4.157163402244989e-05
278,ATS.28,5.3127127194080124e-06
279,ATS.29,2.701753774463648e-06
280,ATS.30,4.344766749754633e-05
281,ATS.31,3.001258416145234e-05
282,ATS.32,0.00010995255686899728
283,ATS.33,1.4432572159779196e-05
284,ATS.34,1.0210457699855086e-05
285,ATS.35,8.620154514129006e-05
286,ATS.36,3.884368889006091e-05
287,ATS.37,3.819228562265662e-05
288,ATS.38,7.819522334655462e-06
289,ATS.39,3.3158888234543897e-05
290,ATS.40,7.354486793874537e-06
291,ATS.41,0.00041222865809004264
292,ATS.42,4.7641583721867093e-05
293,ATS.43,3.81020829015212e-05
294,ATS.44,3.4848731042294986e-05
295,ATS.45,1.837040466594586e-06
296,ATS.46,5.915320519457481e-06
297,ATS.47,2.898647843420259e-05
298,ATS.48,8.46543993872654e-06
299,ATS.49,0.00021017266300549787
300,ATS.50,0.00024283984233804796
301,ATS.51,6.548644303747604e-05
302,ATS.52,0.0001885855151957446
303,ATS.53,0.00014411321645524692
304,ATS.54,6.9873019205529e-06
305,ATS.55,2.181789828289524e-05
306,ATS.56,4.4304101322214434e-05
307,ATS.57,1.9717342523251967e-05
308,ATS.58,3.9267797925961146e-05
309,ATS.59,3.1940374455498885e-05
310,ATS.60,0.0001426051478153705
311,ATS.61,0.00027684299827380386
312,ATS.62,2.7673354398746438e-05
313,ATS.63,2.0233636841544523e-05
314,ATS.64,3.197378554385111e-05
315,ATS.65,6.148066234470592e-05
316,ATS.66,2.1609364199209463e-06
317,ATS.67,6.273716858514672e-05
318,ATS.68,2.8304566493561894e-05
319,ATS.69,5.148668070538115e-06
320,ATS.70,8.84649219808006e-05
321,ATS.71,6.806041477734155e-05
322,ATS.72,1.7926151765941493e-05
323,ATS.73,1.6256223509702745e-06
324,ATS.74,3.635097014944687e-05
325,ATS.75,9.17455545803713e-06
326,ATS.76,2.940440461714267e-06
327,ATS.77,5.267066244741046e-06
328,ATS.78,0.0002650197186549473
329,ATS.79,0.00012541239501522613
330,ATS.80,5.771229125640934e-05
331,ATS.81,1.3400869552875802e-05
332,ATS.82,1.6630433532315538e-05
333,ATS.83,1.2878233213211676e-05
334,ATS.84,1.8319330080296666e-06
335,ATS.85,5.139373207541137e-05
336,ATS.86,3.3933015491379665e-05
337,ATS.87,5.988108325904923e-05
338,ATS.88,0.0001811788668174658
339,ATS.89,0.0007430221966473572
340,ATS.90,4.967870481914992e-06
341,ATS.91,5.113572079375026e-06
342,ATS.92,2.0523378287887776e-05
343,ATS.93,1.2503715601153848e-05
344,ATS.94,5.953358074153312e-06
345,ATS.95,0.0004313388903617725
346,ATS.96,1.0552237289608735e-05
347,ATS.97,6.241999544440768e-05
348,ATS.98,2.482702646889794e-05
349,AATS,9.216986563715113e-05
350,AATS.1,3.686668299263661e-05
351,AATS.2,6.882390544533641e-05
352,AATS.3,5.586007736095104e-05
353,AATS.4,0.0003434021854220442
354,AATS.5,6.451422027613065e-05
355,AATS.6,0.0006280597805618471
356,AATS.7,0.00022885386066198436
357,AATS.8,0.0004003784787386832
358,AATS.9,7.110073674328913e-05
359,AATS.10,4.482991952436766e-05
360,AATS.11,0.00010599652069989822
361,AATS.12,4.597276849645306e-05
362,AATS.13,0.00010296821027415954
363,AATS.14,0.0003366590298507368
364,AATS.15,0.00025083239088168047
365,AATS.16,0.0004338098433777631
366,AATS.17,0.00017333306710124753
367,AATS.18,0.002297159398402419
368,AATS.19,0.0001432896174367364
369,AATS.20,4.616372186165882e-05
370,AATS.21,0.00018905209128671852
371,AATS.22,3.8969121173612965e-05
372,AATS.23,0.0008688215682965837
373,AATS.24,0.0004221403072871115
374,AATS.25,5.8946479309321936e-05
375,AATS.26,0.00028714858583636627
376,AATS.27,1.2222705212569524e-05
377,AATS.28,3.559893102635282e-05
378,AATS.29,4.5806801543974255e-05
379,AATS.30,5.0432899793329215e-05
380,AATS.31,6.14234806654635e-05
381,AATS.32,0.00022034050043355874
382,AATS.33,0.0006311255355384744
383,AATS.34,0.00011403366767461315
384,AATS.35,0.0001441364462339112
385,AATS.36,0.00025031438387106115
386,AATS.37,0.00011185825651284518
387,AATS.38,0.0001915429489481612
388,AATS.39,2.6395539322587167e-05
389,AATS.40,3.6975577490511795e-05
390,AATS.41,0.0005336293640450105
391,AATS.42,0.0006681382523833544
392,AATS.43,4.446398799512096e-05
393,AATS.44,0.00020616927733520515
394,AATS.45,0.00020201047318609214
395,AATS.46,0.00020004950238482514
396,AATS.47,5.849675898372952e-05
397,AATS.48,5.729239456731341e-05
398,AATS.49,0.00015999213383202922
399,AATS.50,0.00015519117825381562
400,AATS.51,0.00016099036848570266
401,AATS.52,3.050721631932942e-05
402,AATS.53,0.00016482484025670126
403,AATS.54,0.0007969230541501047
404,AATS.55,0.0009335313489571014
405,AATS.56,0.00020379444692311717
406,AATS.57,0.0001796526026621139
407,AATS.58,0.00028088798433648055
408,AATS.59,0.0001219996816384342
409,AATS.60,0.0009391291704184075
410,AATS.61,0.0004484089563465188
411,AATS.62,0.004838498632085722
412,AATS.63,0.00149140177449553
413,AATS.64,0.00011906720929126932
414,AATS.65,5.66646649413432e-05
415,AATS.66,4.217720224863623e-05
416,AATS.67,0.00020886636703334067
417,AATS.68,0.0002910531411682374
418,AATS.69,0.0008518259616728872
419,AATS.70,0.00012848266105437822
420,AATS.71,0.004007425484511721
421,AATS.72,0.0004032809270518997
422,AATS.73,0.00040673521471264775
423,AATS.74,7.687686516114982e-05
424,AATS.75,0.00026824996462947057
425,AATS.76,0.00013348386712110162
426,AATS.77,0.00017677155205534606
427,AATS.78,0.001086579416445249
428,AATS.79,0.00011631906487207358
429,AATS.80,0.006085323158617469
430,AATS.81,0.0002185303123198051
431,AATS.82,0.0007834761637133962
432,AATS.83,4.5681235665537424e-05
433,AATS.84,9.21678024459768e-05
434,AATS.85,8.22863334340367e-05
435,AATS.86,0.00014310576097444186
436,AATS.87,0.0001668666392472497
437,AATS.88,0.0001159781342419311
438,AATS.89,0.00018101205021186695
439,AATS.90,6.788982916232588e-05
440,AATS.91,8.274523792554624e-05
441,AATS.92,8.487298823326884e-05
442,AATS.93,0.00022191571136510933
443,AATS.94,3.232821273340878e-05
444,AATS.95,6.809584665825996e-05
445,AATS.96,0.0001447395531341787
446,AATS.97,0.00010129515510319228
447,AATS.98,0.00024158348930977872
448,ATSC,1.3499443337588218e-05
449,ATSC.1,0.00027788679273555545
450,ATSC.2,0.00011030153977427969
451,ATSC.3,0.0005848598409931112
452,ATSC.4,0.0006630622572957776
453,ATSC.5,0.00014369331878636647
454,ATSC.6,0.00011968893510642816
455,ATSC.7,0.00015597955352522093
456,ATSC.8,5.155681117473872e-05
457,ATSC.9,3.254475558512561e-05
458,ATSC.10,4.6233201140686226e-06
459,ATSC.11,9.364459528216284e-05
460,ATSC.12,0.0001421840450670664
461,ATSC.13,0.00016262914039954972
462,ATSC.14,0.0001226275281140138
463,ATSC.15,0.00020968369712913925
464,ATSC.16,0.00032212913695162934
465,ATSC.17,7.747970903760931e-05
466,ATSC.18,4.3345248172040785e-05
467,ATSC.19,0.00027813744852809007
468,ATSC.20,0.00034685312781047243
469,ATSC.21,0.00010295999975955902
470,ATSC.22,0.00044224115101847725
471,ATSC.23,0.00020157489906107
472,ATSC.24,0.00010446036189384085
473,ATSC.25,0.0002598022390043695
474,ATSC.26,0.00039419088962548357
475,ATSC.27,1.667535487691977e-05
476,ATSC.28,0.0008794800621518533
477,ATSC.29,9.958640246339252e-06
478,ATSC.30,0.00046095783797297417
479,ATSC.31,0.000202082819623566
480,ATSC.32,0.00021836992322344054
481,ATSC.33,0.00028618441339022687
482,ATSC.34,0.00021228021719025379
483,ATSC.35,9.105688753801636e-05
484,ATSC.36,5.131661421924124e-05
485,ATSC.37,6.326409065637563e-05
486,ATSC.38,7.293030278805939e-05
487,ATSC.39,0.00013365506257997098
488,ATSC.40,0.0009261745634916599
489,ATSC.41,0.0001772722398296086
490,ATSC.42,0.00011633366079974179
491,ATSC.43,0.00018514033931026533
492,ATSC.44,6.827547253299734e-05
493,ATSC.45,3.9527296568137015e-05
494,ATSC.46,9.576239261888582e-05
495,ATSC.47,0.00019049320010724565
496,ATSC.48,0.00019937619917335394
497,ATSC.49,0.001763508460698321
498,ATSC.50,0.000180628094406598
499,ATSC.51,2.4567952195833978e-05
500,ATSC.52,7.813851482676202e-05
501,ATSC.53,0.00016383678721767136
502,ATSC.54,1.0336660555489646e-05
503,ATSC.55,0.00012356646888520736
504,ATSC.56,5.368455868763825e-05
505,ATSC.57,8.04350761396393e-05
506,ATSC.58,0.0002566757673395598
507,ATSC.59,0.00035708031736475
508,ATSC.60,8.215778493899823e-05
509,ATSC.61,0.0003168917345916164
510,ATSC.62,0.00014246683573624743
511,ATSC.63,5.860465239755536e-05
512,ATSC.64,0.0006313661910732212
513,ATSC.65,6.712397600249157e-05
514,ATSC.66,4.4246571288156636e-05
515,ATSC.67,4.541048430322647e-05
516,ATSC.68,7.667877121183678e-05
517,ATSC.69,8.401975193727462e-05
518,ATSC.70,0.0003024885720771484
519,ATSC.71,0.00013843238979468328
520,ATSC.72,9.598917942144122e-06
521,ATSC.73,0.00023271935644804252
522,ATSC.74,0.00025271547512057107
523,ATSC.75,0.00021334817333554606
524,ATSC.76,0.0001315227417299539
525,ATSC.77,0.00012924371017691787
526,ATSC.78,0.00020238256197922496
527,ATSC.79,0.0002509912581240153
528,ATSC.80,6.876775377954825e-05
529,ATSC.81,4.510041761895611e-05
530,ATSC.82,0.00013716434958628367
531,ATSC.83,6.802010642651531e-05
532,ATSC.84,2.5771240083844957e-05
533,ATSC.85,0.00016039246400435727
534,ATSC.86,0.00024225561850500446
535,ATSC.87,8.988467015127331e-05
536,ATSC.88,0.00036310752522875273
537,ATSC.89,0.0001634090359330903
538,ATSC.90,1.3080582022115944e-05
539,ATSC.91,0.00014636247448905835
540,ATSC.92,3.999535382842187e-05
541,ATSC.93,1.6903626050032725e-05
542,ATSC.94,8.100171934356459e-05
543,ATSC.95,0.00011082245468629941
544,ATSC.96,8.479811155101525e-05
545,ATSC.97,0.0002275640974263914
546,ATSC.98,4.947579789562665e-05
547,ATSC.99,4.983271822891877e-05
548,ATSC.100,0.00011762203036707032
549,ATSC.101,0.0002293098263552476
550,ATSC.102,0.00015361176287668698
551,ATSC.103,8.532885147957923e-05
552,ATSC.104,0.0001898727369299212
553,ATSC.105,0.00021553299311389849
554,ATSC.106,5.886643271810561e-05
555,ATSC.107,0.00014044256846903547
556,AATSC,0.001576091519486528
557,AATSC.1,0.0005493204514652091
558,AATSC.2,0.00018090526919680024
559,AATSC.3,0.0002373986063519606
560,AATSC.4,0.0014043247847434462
561,AATSC.5,3.7464654729972934e-05
562,AATSC.6,0.00020481833788269492
563,AATSC.7,0.0005924443660946739
564,AATSC.8,8.929107263649614e-05
565,AATSC.9,0.00017734048923329646
566,AATSC.10,0.002011144960164412
567,AATSC.11,0.00018081455446638446
568,AATSC.12,0.000934774567670205
569,AATSC.13,0.00013772317789478703
570,AATSC.14,7.39590650629345e-05
571,AATSC.15,5.339433340942524e-05
572,AATSC.16,0.0002581949687620329
573,AATSC.17,0.0002002420674611741
574,AATSC.18,0.00015441605883125816
575,AATSC.19,0.00018758860935057811
576,AATSC.20,0.0004005926738432366
577,AATSC.21,7.54788198807773e-05
578,AATSC.22,0.00030227372151570567
579,AATSC.23,0.0001607134244867007
580,AATSC.24,9.078124470689752e-05
581,AATSC.25,0.00018160311801704106
582,AATSC.26,0.00027069674104852654
583,AATSC.27,0.003735095437842153
584,AATSC.28,0.0006316266032962635
585,AATSC.29,0.0002444838608583504
586,AATSC.30,3.400044929462483e-05
587,AATSC.31,0.00013651851087285717
588,AATSC.32,0.00023175094855715805
589,AATSC.33,6.264872110637774e-05
590,AATSC.34,0.00018398054914061792
591,AATSC.35,0.00018410190071028266
592,AATSC.36,6.764396308744069e-05
593,AATSC.37,0.0001225534519298527
594,AATSC.38,0.0008489726665684597
595,AATSC.39,0.000143462151837437
596,AATSC.40,0.000622170291986297
597,AATSC.41,4.554120430266731e-05
598,AATSC.42,0.00011506949788426868
599,AATSC.43,0.00014286787391225633
600,AATSC.44,0.0002295727745393189
601,AATSC.45,0.00038895231403059816
602,AATSC.46,0.000167929896688881
603,AATSC.47,0.00029658269233377623
604,AATSC.48,0.00020385215503962464
605,AATSC.49,0.00011756693181310726
606,AATSC.50,0.0001383812928637952
607,AATSC.51,0.00019627277599849858
608,AATSC.52,9.469582938473258e-05
609,AATSC.53,0.00010125158862959675
610,AATSC.54,7.184591551297159e-05
611,AATSC.55,0.00013737174572895456
612,AATSC.56,7.92777346334213e-05
613,AATSC.57,0.00017737731770827567
614,AATSC.58,0.0009289874535060236
615,AATSC.59,0.00013408122937837958
616,AATSC.60,0.00010253261956148606
617,AATSC.61,0.00025532584974901463
618,AATSC.62,0.00013594204256027486
619,AATSC.63,0.0013291633479016794
620,AATSC.64,0.00029516767505672226
621,AATSC.65,0.00013467578749358202
622,AATSC.66,0.000534165362138857
623,AATSC.67,2.638092302275217e-05
624,AATSC.68,1.1371628918601161e-05
625,AATSC.69,6.0911071255093954e-05
626,AATSC.70,0.0001975496186006589
627,AATSC.71,0.00013971781342305702
628,AATSC.72,0.001396485437809956
629,AATSC.73,0.00012729653441165384
630,AATSC.74,5.694184765113325e-05
631,AATSC.75,0.00019069048185078467
632,AATSC.76,0.00011315281673715415
633,AATSC.77,8.160908276289621e-05
634,AATSC.78,0.00014655979026124614
635,AATSC.79,0.00024513759809537415
636,AATSC.80,9.132967893688429e-05
637,AATSC.81,0.0009488025131949987
638,AATSC.82,0.00011092649003097047
639,AATSC.83,0.0002694686265939271
640,AATSC.84,2.0862482907840903e-05
641,AATSC.85,3.687028264278275e-05
642,AATSC.86,8.29452543097931e-05
643,AATSC.87,0.00017540071991474336
644,AATSC.88,9.508573645466613e-05
645,AATSC.89,0.00019434349687379892
646,AATSC.90,7.720195470653138e-05
647,AATSC.91,0.00011672365489449103
648,AATSC.92,0.00028770470960926854
649,AATSC.93,0.00015941299280138472
650,AATSC.94,0.00024064158314177498
651,AATSC.95,0.00019572803780613156
652,AATSC.96,0.000247745833496765
653,AATSC.97,0.0001271027371227131
654,AATSC.98,0.00017964223236152934
655,AATSC.99,0.0012968859745815262
656,AATSC.100,0.00017841058001260714
657,AATSC.101,0.0002819209727561571
658,AATSC.102,0.00024017059163686542
659,AATSC.103,2.0320986196470355e-05
660,AATSC.104,0.00020626725584615326
661,AATSC.105,6.075851519333707e-05
662,AATSC.106,0.00041436200874300343
663,AATSC.107,0.00020991884444933204
664,MATS,0.00021209606123001967
665,MATS.1,0.00011497159659173083
666,MATS.2,0.00018346469903261878
667,MATS.3,0.00023697932719073713
668,MATS.4,0.00010841709374834896
669,MATS.5,0.00010660974001285005
670,MATS.6,0.00010547563319800461
671,MATS.7,0.00027489548880330603
672,MATS.8,0.0009060334373580729
673,MATS.9,0.00033476689496445683
674,MATS.10,0.0002621656197468278
675,MATS.11,0.0002518925721838334
676,MATS.12,0.0002658661585614359
677,MATS.13,0.00021213326218211116
678,MATS.14,0.0002185398034397541
679,MATS.15,0.00020051906580377716
680,MATS.16,0.000202463095363354
681,MATS.17,0.00017950398938747675
682,MATS.18,7.883527733648832e-05
683,MATS.19,0.0002450052831997062
684,MATS.20,0.00032043991027696725
685,MATS.21,0.0002477176861408633
686,MATS.22,0.0003608260273043189
687,MATS.23,0.0001944618586339276
688,MATS.24,0.0002172494642380111
689,MATS.25,0.00025374457261673384
690,MATS.26,0.00023200560077205417
691,MATS.27,0.00015911175511512242
692,MATS.28,0.0001570128501345585
693,MATS.29,6.815918503124428e-05
694,MATS.30,0.00015571022990062017
695,MATS.31,5.7817444227964755e-05
696,MATS.32,0.00044390197505234444
697,MATS.33,0.00127440892999396
698,MATS.34,2.5301903058818057e-05
699,MATS.35,0.0007225574820095619
700,MATS.36,4.006135048968936e-05
701,MATS.37,0.0001561269175572528
702,MATS.38,0.0003092805705450438
703,MATS.39,0.0002917562519915463
704,MATS.40,0.00013905458566373195
705,MATS.41,0.001816441881583354
706,MATS.42,5.148426854245771e-05
707,MATS.43,7.633235722827754e-05
708,MATS.44,6.762905796027448e-05
709,MATS.45,0.00013978255115982259
710,MATS.46,0.00022634197719778666
711,MATS.47,0.0003322531291211732
712,MATS.48,9.207152682204559e-05
713,MATS.49,5.238992215408454e-05
714,MATS.50,0.00011061364262934731
715,MATS.51,8.344416436646736e-05
716,MATS.52,0.00010010456808038117
717,MATS.53,0.00012314025118601642
718,MATS.54,0.00019116136200528634
719,MATS.55,0.00016598363273494454
720,MATS.56,0.00022468828102789278
721,MATS.57,8.972474182799088e-05
722,MATS.58,0.0010787909169423743
723,MATS.59,0.00013298737017140117
724,MATS.60,3.599905252731318e-05
725,MATS.61,9.605553374343456e-05
726,MATS.62,0.00023782867929063385
727,MATS.63,0.00016934309876945832
728,MATS.64,8.06937639275412e-05
729,MATS.65,0.0003965514277749508
730,MATS.66,0.000781144919558638
731,MATS.67,4.632606697274841e-05
732,MATS.68,0.00012965967171262388
733,MATS.69,8.845035152419535e-05
734,MATS.70,0.00011368619886135561
735,MATS.71,6.189944059673093e-05
736,MATS.72,9.387993799252577e-05
737,MATS.73,7.770655456406877e-05
738,MATS.74,0.000356450167531278
739,MATS.75,0.00014105075703522445
740,MATS.76,6.18369237653424e-05
741,MATS.77,0.00011665362358873417
742,MATS.78,0.00024089829922246036
743,MATS.79,0.0001246330875788012
744,MATS.80,0.00027153247716920216
745,MATS.81,0.0002673281251524761
746,MATS.82,7.696392893596801e-05
747,MATS.83,0.0002234147037748789
748,MATS.84,0.00013592482125492555
749,MATS.85,7.169752553805863e-05
750,MATS.86,0.00011131750490500827
751,MATS.87,0.00013604239110034553
752,MATS.88,0.00021852569832359165
753,MATS.89,2.0277339583494075e-05
754,MATS.90,0.00020026425260861634
755,MATS.91,8.550489485514152e-05
756,MATS.92,9.04808662781186e-05
757,MATS.93,0.00012127749673935565
758,MATS.94,0.00019483017732525548
759,MATS.95,0.0002108417678552659
760,GATS,4.101145655004157e-05
761,GATS.1,0.00010215417206807356
762,GATS.2,0.00016431164457465702
763,GATS.3,0.0002754917693563598
764,GATS.4,0.0004945167373283002
765,GATS.5,0.00019927468822635814
766,GATS.6,0.00024526495807584097
767,GATS.7,0.0007453509798554557
768,GATS.8,0.0007371758303207698
769,GATS.9,2.4982194108045598e-05
770,GATS.10,0.00011753541150231491
771,GATS.11,0.00010698038862786967
772,GATS.12,0.00010618999418630538
773,GATS.13,6.782802482091689e-05
774,GATS.14,0.00010082523572293982
775,GATS.15,0.0002778876844099558
776,GATS.16,0.0002169036394798818
777,GATS.17,0.00020282095438123066
778,GATS.18,7.732338782491192e-05
779,GATS.19,0.00015316811158952635
780,GATS.20,8.915339156899315e-05
781,GATS.21,0.00030534073743122906
782,GATS.22,0.0009957992458816554
783,GATS.23,0.000340748040645069
784,GATS.24,0.0001366295402671838
785,GATS.25,9.293084671842044e-05
786,GATS.26,0.0002490579989503466
787,GATS.27,0.0001912722556424916
788,GATS.28,9.686181871089353e-05
789,GATS.29,0.0002355684988200284
790,GATS.30,0.00014248458356162333
791,GATS.31,0.00047881767736368514
792,GATS.32,3.393528863596794e-05
793,GATS.33,0.0003151096288973914
794,GATS.34,0.00025807502886444477
795,GATS.35,0.0002640341011579159
796,GATS.36,0.0002891746077720313
797,GATS.37,0.00011830682440706847
798,GATS.38,0.00010631973079931852
799,GATS.39,0.00024198373601365647
800,GATS.40,1.1382885635377098e-05
801,GATS.41,0.00019154755213240143
802,GATS.42,0.0003410055810596451
803,GATS.43,3.3724173046125156e-05
804,GATS.44,0.0002613313694874193
805,GATS.45,0.00013219082137416104
806,GATS.46,0.00015787997012575865
807,GATS.47,0.0002864522069848622
808,GATS.48,2.6517171111471696e-05
809,GATS.49,6.58818771915406e-05
810,GATS.50,0.0002391744570751608
811,GATS.51,0.0001682167762249777
812,GATS.52,0.0003603345747686829
813,GATS.53,2.7654872782733448e-05
814,GATS.54,0.00018816139194375572
815,GATS.55,0.00012396998051823817
816,GATS.56,0.0001894748332050221
817,GATS.57,8.397681710034418e-05
818,GATS.58,0.0001931528523973286
819,GATS.59,0.0002728364709687668
820,GATS.60,0.00021337774901582162
821,GATS.61,0.0001577918534051087
822,GATS.62,0.00023544632436409566
823,GATS.63,0.00014140635277729886
824,GATS.64,3.0081768194559995e-05
825,GATS.65,0.00012332762381263773
826,GATS.66,8.253793549929463e-05
827,GATS.67,0.00010629750049916538
828,GATS.68,4.871361943339327e-05
829,GATS.69,0.00022555172013092947
830,GATS.70,0.0001027636586740708
831,GATS.71,0.00023010305625836892
832,GATS.72,5.9295910534056547e-05
833,GATS.73,0.0001749757038730457
834,GATS.74,4.769477578486994e-05
835,GATS.75,0.0001148102610924505
836,GATS.76,0.00011123677534757464
837,GATS.77,0.00015384059815251458
838,GATS.78,9.669510232142252e-05
839,GATS.79,0.0005136876168402273
840,GATS.80,6.0918560750823415e-05
841,GATS.81,0.00017680647799808542
842,GATS.82,0.0002607555476108032
843,GATS.83,0.00016772717584284978
844,GATS.84,0.00012505181302176354
845,GATS.85,5.9635159582275455e-05
846,GATS.86,0.00015157853299645316
847,GATS.87,0.00017734600799578697
848,GATS.88,0.00011769470522975521
849,GATS.89,0.00017744146141311426
850,GATS.90,0.00011122248641857217
851,GATS.91,5.051724253630849e-05
852,GATS.92,0.00014327894849002824
853,GATS.93,4.042904508827855e-05
854,GATS.94,0.00019356048411726728
855,GATS.95,8.493945689589775e-05
856,BCUT,3.295912244194402e-05
857,BCUT.1,0.0005321574750115842
858,BCUT.2,3.0138691073217784e-05
859,BCUT.3,4.712923216781288e-05
860,BCUT.4,0.00020139889095932852
861,BCUT.5,0.0008729430147389578
862,BCUT.6,0.00042111574355809396
863,BCUT.7,0.00013436693600213674
864,BCUT.8,7.454117288145694e-06
865,BCUT.9,1.532800110740866e-06
866,BCUT.10,1.7819926499473726e-05
867,BCUT.11,3.0868150200751755e-05
868,BCUT.12,4.2158023374424594e-05
869,BCUT.13,7.071564430448395e-05
870,BCUT.14,0.00014048244495971755
871,BCUT.15,7.776439766645701e-06
872,BCUT.16,3.76625878818608e-05
873,BCUT.17,5.4249687349540236e-05
874,BCUT.18,2.4797920088653824e-06
875,BCUT.19,9.541062503219467e-05
876,BCUT.20,0.0001291015231527327
877,BCUT.21,0.0002595031111622494
878,BCUT.22,3.671996911641667e-05
879,BCUT.23,4.334058035552716e-05
880,BalabanJ_y,0.0001702561875953022
881,BaryszMatrix,1.5728268218734026e-05
882,BaryszMatrix.1,1.417391946209924e-05
883,BaryszMatrix.2,1.1606527464723366e-06
884,BaryszMatrix.3,0.00010660120458677656
885,BaryszMatrix.4,7.35510464618661e-05
886,BaryszMatrix.5,2.278182404009151e-05
887,BaryszMatrix.6,2.603001118481116e-05
888,BaryszMatrix.7,0.00018042851970887598
889,BaryszMatrix.8,2.516402868486059e-05
890,BaryszMatrix.9,4.593198971603361e-06
891,BaryszMatrix.10,1.1714725560865432e-05
892,BaryszMatrix.11,2.139929718352894e-05
893,BaryszMatrix.12,4.42091743736368e-06
894,BaryszMatrix.13,1.3036452980364708e-05
895,BaryszMatrix.14,2.7122103122003896e-05
896,BaryszMatrix.15,0.0002380063359966552
897,BaryszMatrix.16,6.987800118830918e-06
898,BaryszMatrix.17,0.00016847657225267459
899,BaryszMatrix.18,5.039518472733517e-06
900,BaryszMatrix.19,7.158354738780766e-05
901,BaryszMatrix.20,4.4048611778330844e-05
902,BaryszMatrix.21,3.4973515246385636e-05
903,BaryszMatrix.22,2.4654225473569654e-06
904,BaryszMatrix.23,3.63716621566877e-06
905,BaryszMatrix.24,4.7386931839933344e-05
906,BaryszMatrix.25,1.5739410484038334e-05
907,BaryszMatrix.26,2.1671497559890905e-05
908,BaryszMatrix.27,8.889252785708153e-07
909,BaryszMatrix.28,6.801993166330781e-05
910,BaryszMatrix.29,4.7637954512336614e-05
911,BaryszMatrix.30,9.393554401151055e-06
912,BaryszMatrix.31,2.676040104093777e-05
913,BaryszMatrix.32,4.264522298900401e-05
914,BaryszMatrix.33,4.596190965693556e-06
915,BaryszMatrix.34,6.562505801870664e-05
916,BaryszMatrix.35,1.0582516380410885e-05
917,BaryszMatrix.36,0.00011141913189211481
918,BaryszMatrix.37,3.950129555179928e-05
919,BaryszMatrix.38,2.302622790933886e-05
920,BaryszMatrix.39,1.2716026017191898e-05
921,BaryszMatrix.40,1.6498538498623995e-05
922,BaryszMatrix.41,2.6134433252494747e-05
923,BaryszMatrix.42,1.9727177940766904e-05
924,BaryszMatrix.43,2.4807262475510044e-05
925,BaryszMatrix.44,4.8755622419988166e-05
926,BaryszMatrix.45,6.322192219017177e-06
927,BaryszMatrix.46,1.3498211731867955e-05
928,BaryszMatrix.47,2.4547554672782396e-05
929,BaryszMatrix.48,5.529727560163407e-06
930,BaryszMatrix.49,1.7713710387236332e-06
931,BaryszMatrix.50,4.5044095348270794e-05
932,BaryszMatrix.51,3.4040476764698636e-05
933,BaryszMatrix.52,8.791299932664907e-06
934,BaryszMatrix.53,1.7027288544099128e-05
935,BaryszMatrix.54,7.65433950758904e-05
936,BaryszMatrix.55,2.406493550134114e-05
937,BaryszMatrix.56,0.00012108198896668466
938,BaryszMatrix.57,4.9224792164896927e-05
939,BaryszMatrix.58,2.1546586597919483e-05
940,BaryszMatrix.59,8.092769099127646e-06
941,BaryszMatrix.60,7.513891315314069e-06
942,BaryszMatrix.61,2.3824652763965745e-05
943,BaryszMatrix.62,2.6852564018245323e-05
944,BaryszMatrix.63,1.0912659046523897e-05
945,BaryszMatrix.64,5.934321253119289e-06
946,BaryszMatrix.65,1.1469874508934297e-05
947,BaryszMatrix.66,4.825909088052512e-06
948,BaryszMatrix.67,1.217233859292918e-05
949,BaryszMatrix.68,3.041573643134064e-05
950,BaryszMatrix.69,8.903779175729587e-05
951,BaryszMatrix.70,4.377118938226702e-05
952,BaryszMatrix.71,3.557993612759533e-06
953,BaryszMatrix.72,1.457110307897278e-05
954,BaryszMatrix.73,6.131764026811333e-05
955,BaryszMatrix.74,2.228391794243765e-05
956,BaryszMatrix.75,1.4221451104612272e-05
957,BaryszMatrix.76,6.933901611347902e-05
958,BaryszMatrix.77,2.6166728834237937e-06
959,BaryszMatrix.78,1.2969780321092575e-05
960,BaryszMatrix.79,9.0171974363245e-06
961,BaryszMatrix.80,2.2703856682363414e-05
962,BaryszMatrix.81,3.291345927097944e-05
963,BaryszMatrix.82,7.615860475523231e-06
964,BaryszMatrix.83,1.721709662796476e-05
965,BaryszMatrix.84,0.0005583210206847428
966,BaryszMatrix.85,5.363872150661624e-06
967,BaryszMatrix.86,2.250210364343105e-05
968,BaryszMatrix.87,1.30213269455747e-05
969,BaryszMatrix.88,4.62367877774088e-06
970,BaryszMatrix.89,5.933866512709423e-06
971,BaryszMatrix.90,9.990874437153933e-06
972,BaryszMatrix.91,4.475968586326189e-06
973,BaryszMatrix.92,1.515244729348841e-06
974,BaryszMatrix.93,2.131153445526211e-05
975,BaryszMatrix.94,1.2218733224500413e-05
976,BaryszMatrix.95,0.000386168049745631
977,BaryszMatrix.96,1.0150359078991162e-05
978,BaryszMatrix.97,8.49387297057237e-06
979,BaryszMatrix.98,3.925032881422058e-06
980,BaryszMatrix.99,2.3891026771422368e-05
981,BaryszMatrix.100,1.3560473045760484e-05
982,BaryszMatrix.101,1.3645318401777407e-05
983,BaryszMatrix.102,4.420658207669551e-06
984,BaryszMatrix.103,6.887129089064931e-06
985,BertzCT_y,0.00010275174249383324
986,BondCount,1.7118029127419157e-05
987,BondCount.1,0.00022653144731134948
988,BondCount.2,3.6023242617640153e-06
989,BondCount.3,7.471896026733459e-05
990,BondCount.4,0.0
991,BondCount.5,1.186489621037111e-05
992,BondCount.6,0.0003482040282207025
993,BondCount.7,1.2221190660924835e-05
994,BondCount.8,7.232490378085754e-07
995,RNCG_x,0.00042936359742034593
996,RPCG_x,0.0005951775134618964
997,CarbonTypes,0.0
998,CarbonTypes.1,0.0
999,CarbonTypes.2,0.00016038242659362006
1000,CarbonTypes.3,0.00016194250696994808
1001,CarbonTypes.4,0.00021181433481723758
1002,CarbonTypes.5,0.000192922635695516
1003,CarbonTypes.6,0.000496720436178045
1004,CarbonTypes.7,0.0006246229391582897
1005,CarbonTypes.8,0.0
1006,HybridizationRatio,0.0001952209350360511
1007,FractionCSP3_y,0.0005488144289947062
1008,Chi,1.387874203047056e-05
1009,Chi.1,1.2504952181408685e-08
1010,Chi.2,0.00048295272266704245
1011,Chi.3,0.00032159964954522327
1012,Chi.4,0.00019531117385125123
1013,Chi.5,0.0
1014,Chi.6,6.921114032418525e-08
1015,Chi.7,0.00013218456432183555
1016,Chi.8,0.00026261674106153095
1017,Chi.9,7.243052298479659e-05
1018,Chi.10,0.0001656696338106622
1019,Chi.11,0.0001401657532950775
1020,Chi.12,2.224353373749628e-05
1021,Chi.13,7.34554743339779e-07
1022,Chi.14,5.250829856531872e-05
1023,Chi.15,0.00040914137544652117
1024,Chi.16,5.927234440787158e-05
1025,Chi.17,1.8528556715309396e-06
1026,Chi.18,7.006555356111072e-06
1027,Chi.19,7.66821606298015e-05
1028,Chi.20,6.727834229691603e-05
1029,Chi.21,4.5082283988335174e-05
1030,Chi.22,0.0002503210592581453
1031,Chi.23,0.0002452645666704018
1032,Chi.24,4.6858495746489515e-06
1033,Chi.25,1.1361074973893223e-05
1034,Chi.26,2.2801281647419797e-05
1035,Chi.27,5.4800248730614895e-06
1036,Chi.28,5.079902140278653e-05
1037,Chi.29,4.435038267705435e-05
1038,Chi.30,4.6043106007569814e-05
1039,Chi.31,4.83807380557781e-05
1040,Chi.32,0.00010678252256359047
1041,Chi.33,0.0006556985196739516
1042,Chi.34,0.0001115171712240822
1043,Chi.35,0.0012679291310485263
1044,Chi.36,0.0006542127490592704
1045,Chi.37,0.00022323067705110847
1046,Chi.38,0.00019289507411486144
1047,Chi.39,0.00026302603516517386
1048,Chi.40,4.5490221441538324e-05
1049,Chi.41,5.815501314685918e-06
1050,Chi.42,1.9864450614700262e-05
1051,Chi.43,7.515965690933001e-06
1052,Chi.44,0.00013013336570219015
1053,Chi.45,6.815744971831786e-05
1054,Chi.46,1.9690696571223726e-05
1055,Chi.47,1.4186870070981684e-05
1056,Chi.48,0.00019809029194515742
1057,Chi.49,7.3171589423157e-05
1058,Chi.50,8.507794525202375e-05
1059,Chi.51,0.00019674724127202156
1060,Chi.52,0.00013151613631377107
1061,Chi.53,0.00014942436715454431
1062,Chi.54,0.00011898463943639513
1063,Chi.55,0.0004662456102237545
1064,ConstitutionalSum,1.1915937013056503e-05
1065,ConstitutionalSum.1,1.2304209973836022e-05
1066,ConstitutionalSum.2,2.3431415576441074e-05
1067,ConstitutionalSum.3,1.0411056793556475e-05
1068,ConstitutionalSum.4,1.083334642417299e-05
1069,ConstitutionalSum.5,1.822774955230521e-05
1070,ConstitutionalSum.6,7.275951331222821e-05
1071,ConstitutionalSum.7,9.292969053568985e-06
1072,ConstitutionalMean,5.822907118643444e-05
1073,ConstitutionalMean.1,8.082395196982604e-05
1074,ConstitutionalMean.2,0.00010572867609529875
1075,ConstitutionalMean.3,0.00013364674202716352
1076,ConstitutionalMean.4,0.0006274788922296071
1077,ConstitutionalMean.5,0.0019632011055444854
1078,ConstitutionalMean.6,7.79169463640974e-06
1079,ConstitutionalMean.7,0.0002451557018828671
1080,DistanceMatrix,4.3086387807670775e-06
1081,DistanceMatrix.1,1.0302290678153575e-05
1082,DistanceMatrix.2,5.0402517961390454e-06
1083,DistanceMatrix.3,8.229980663190705e-06
1084,DistanceMatrix.4,8.396705257628552e-05
1085,DistanceMatrix.5,2.7829458908751797e-06
1086,DistanceMatrix.6,1.2114833554694848e-06
1087,DistanceMatrix.7,1.2813033386240345e-05
1088,DistanceMatrix.8,5.690453720950232e-06
1089,DistanceMatrix.9,3.235637994190748e-05
1090,DistanceMatrix.10,3.53205673491167e-05
1091,DistanceMatrix.11,2.102425362926872e-06
1092,AtomTypeEState,0.0
1093,AtomTypeEState.1,0.0
1094,AtomTypeEState.2,0.0
1095,AtomTypeEState.3,0.0
1096,AtomTypeEState.4,0.0
1097,AtomTypeEState.5,0.0
1098,AtomTypeEState.6,0.00020503338244425817
1099,AtomTypeEState.7,0.0
1100,AtomTypeEState.8,0.00028773005264200895
1101,AtomTypeEState.9,0.0
1102,AtomTypeEState.10,0.0
1103,AtomTypeEState.11,2.0374674884033642e-05
1104,AtomTypeEState.12,0.00017887176913457085
1105,AtomTypeEState.13,0.0
1106,AtomTypeEState.14,0.0
1107,AtomTypeEState.15,1.1020066343054567e-06
1108,AtomTypeEState.16,0.0007736684096501153
1109,AtomTypeEState.17,8.137351821504953e-07
1110,AtomTypeEState.18,0.00014122108895482665
1111,AtomTypeEState.19,0.0
1112,AtomTypeEState.20,0.0
1113,AtomTypeEState.21,0.0
1114,AtomTypeEState.22,0.0
1115,AtomTypeEState.23,8.828406636346381e-05
1116,AtomTypeEState.24,0.0005876352522452465
1117,AtomTypeEState.25,0.0
1118,AtomTypeEState.26,0.0
1119,AtomTypeEState.27,0.0
1120,AtomTypeEState.28,0.0
1121,AtomTypeEState.29,2.247785477137892e-05
1122,AtomTypeEState.30,0.0
1123,AtomTypeEState.31,0.0
1124,AtomTypeEState.32,0.0
1125,AtomTypeEState.33,0.0004846470175339141
1126,AtomTypeEState.34,4.739231982382462e-06
1127,AtomTypeEState.35,0.00047296220735724704
1128,AtomTypeEState.36,3.4688522591522195e-07
1129,AtomTypeEState.37,2.390980744831715e-05
1130,AtomTypeEState.38,0.0
1131,AtomTypeEState.39,0.0
1132,AtomTypeEState.40,0.0
1133,AtomTypeEState.41,0.0
1134,AtomTypeEState.42,0.0
1135,AtomTypeEState.43,0.0
1136,AtomTypeEState.44,0.0
1137,AtomTypeEState.45,0.0
1138,AtomTypeEState.46,0.0
1139,AtomTypeEState.47,0.0
1140,AtomTypeEState.48,0.0
1141,AtomTypeEState.49,0.0
1142,AtomTypeEState.50,0.0
1143,AtomTypeEState.51,0.0
1144,AtomTypeEState.52,0.0
1145,AtomTypeEState.53,4.447081416947613e-06
1146,AtomTypeEState.54,0.0
1147,AtomTypeEState.55,0.0
1148,AtomTypeEState.56,0.0
1149,AtomTypeEState.57,0.0
1150,AtomTypeEState.58,0.0
1151,AtomTypeEState.59,0.0
1152,AtomTypeEState.60,0.0
1153,AtomTypeEState.61,0.0
1154,AtomTypeEState.62,0.0
1155,AtomTypeEState.63,0.0
1156,AtomTypeEState.64,0.0
1157,AtomTypeEState.65,0.0
1158,AtomTypeEState.66,0.0
1159,AtomTypeEState.67,0.0
1160,AtomTypeEState.68,0.0
1161,AtomTypeEState.69,0.0
1162,AtomTypeEState.70,0.0
1163,AtomTypeEState.71,0.0
1164,AtomTypeEState.72,0.0
1165,AtomTypeEState.73,0.0
1166,AtomTypeEState.74,0.0
1167,AtomTypeEState.75,0.0
1168,AtomTypeEState.76,0.0
1169,AtomTypeEState.77,0.0
1170,AtomTypeEState.78,0.0
1171,AtomTypeEState.79,0.0
1172,AtomTypeEState.80,0.0
1173,AtomTypeEState.81,0.0
1174,AtomTypeEState.82,0.0
1175,AtomTypeEState.83,0.0
1176,AtomTypeEState.84,0.0
1177,AtomTypeEState.85,6.916383501371033e-05
1178,AtomTypeEState.86,0.0
1179,AtomTypeEState.87,0.0003109864656269045
1180,AtomTypeEState.88,0.0
1181,AtomTypeEState.89,7.747515708010672e-08
1182,AtomTypeEState.90,7.874641548231646e-05
1183,AtomTypeEState.91,0.00013444308886824128
1184,AtomTypeEState.92,0.0
1185,AtomTypeEState.93,0.0
1186,AtomTypeEState.94,0.01018244301176204
1187,AtomTypeEState.95,0.0002733128022130161
1188,AtomTypeEState.96,7.790454161734492e-06
1189,AtomTypeEState.97,0.0002839647983158136
1190,AtomTypeEState.98,0.0
1191,AtomTypeEState.99,5.7012205502885964e-05
1192,AtomTypeEState.100,0.0
1193,AtomTypeEState.101,0.0
1194,AtomTypeEState.102,0.0003019218622642639
1195,AtomTypeEState.103,0.00037283074048440664
1196,AtomTypeEState.104,0.0
1197,AtomTypeEState.105,0.0
1198,AtomTypeEState.106,0.0
1199,AtomTypeEState.107,2.7197275125527203e-05
1200,AtomTypeEState.108,0.00014020888530586958
1201,AtomTypeEState.109,0.0
1202,AtomTypeEState.110,0.0
1203,AtomTypeEState.111,0.0
1204,AtomTypeEState.112,0.00021630164829059332
1205,AtomTypeEState.113,0.0001675356898031894
1206,AtomTypeEState.114,2.9458017597076297e-05
1207,AtomTypeEState.115,3.48797167912242e-05
1208,AtomTypeEState.116,7.463440132162137e-08
1209,AtomTypeEState.117,0.0
1210,AtomTypeEState.118,0.0
1211,AtomTypeEState.119,0.0
1212,AtomTypeEState.120,0.0
1213,AtomTypeEState.121,0.0
1214,AtomTypeEState.122,0.0
1215,AtomTypeEState.123,0.0
1216,AtomTypeEState.124,0.0
1217,AtomTypeEState.125,0.0
1218,AtomTypeEState.126,0.0
1219,AtomTypeEState.127,0.0
1220,AtomTypeEState.128,0.0
1221,AtomTypeEState.129,4.9584100531237645e-08
1222,AtomTypeEState.130,0.0
1223,AtomTypeEState.131,0.0
1224,AtomTypeEState.132,3.1735075749359917e-06
1225,AtomTypeEState.133,0.0
1226,AtomTypeEState.134,0.0
1227,AtomTypeEState.135,0.0
1228,AtomTypeEState.136,0.0
1229,AtomTypeEState.137,0.0
1230,AtomTypeEState.138,0.0
1231,AtomTypeEState.139,0.0
1232,AtomTypeEState.140,0.0
1233,AtomTypeEState.141,0.0
1234,AtomTypeEState.142,0.0
1235,AtomTypeEState.143,0.0
1236,AtomTypeEState.144,0.0
1237,AtomTypeEState.145,0.0
1238,AtomTypeEState.146,0.0
1239,AtomTypeEState.147,0.0
1240,AtomTypeEState.148,0.0
1241,AtomTypeEState.149,0.0
1242,AtomTypeEState.150,0.0
1243,AtomTypeEState.151,0.0
1244,AtomTypeEState.152,0.0
1245,AtomTypeEState.153,0.0
1246,AtomTypeEState.154,0.0
1247,AtomTypeEState.155,0.0
1248,AtomTypeEState.156,0.0
1249,AtomTypeEState.157,0.0
1250,AtomTypeEState.170,0.0002595865994412832
1251,AtomTypeEState.173,0.00014060017110009885
1252,AtomTypeEState.181,0.00011654132442312956
1253,AtomTypeEState.192,5.801904341236403e-05
1254,AtomTypeEState.249,0.00225686741346936
1255,AtomTypeEState.252,0.01830484946298689
1256,AtomTypeEState.260,0.0017035980177153179
1257,AtomTypeEState.271,0.0025451639121378366
1258,EccentricConnectivityIndex,3.837995584814067e-05
1259,EtaCoreCount,1.6963880637113864e-05
1260,EtaCoreCount.1,0.0002787966648306539
1261,EtaShapeIndex,0.00025879787674716603
1262,EtaShapeIndex.1,0.00010785251581870156
1263,EtaShapeIndex.2,7.181744721150983e-06
1264,EtaVEMCount,2.7799119665192895e-05
1265,EtaVEMCount.1,5.932046999286667e-05
1266,EtaVEMCount.2,3.3518235292085767e-06
1267,EtaVEMCount.3,0.0001416049067008122
1268,EtaVEMCount.4,3.696165359147421e-05
1269,EtaVEMCount.5,0.0006870115659290579
1270,EtaVEMCount.6,8.1082507870861e-05
1271,EtaVEMCount.7,9.699266795205023e-05
1272,EtaCompositeIndex,2.4279851626369847e-05
1273,EtaCompositeIndex.1,0.00012232644455393326
1274,EtaCompositeIndex.2,8.110825214502065e-05
1275,EtaCompositeIndex.3,4.0616095904663346e-05
1276,EtaCompositeIndex.4,7.306696238499679e-06
1277,EtaCompositeIndex.5,6.900200086523375e-06
1278,EtaCompositeIndex.6,2.9576141215311262e-06
1279,EtaCompositeIndex.7,0.0002559075145686027
1280,EtaFunctionalityIndex,5.133966093700651e-05
1281,EtaFunctionalityIndex.1,0.002165247277374761
1282,EtaFunctionalityIndex.2,0.0003951879732157916
1283,EtaFunctionalityIndex.3,0.00032018975447604275
1284,EtaBranchingIndex,4.6554156467099506e-05
1285,EtaBranchingIndex.1,0.00035579605056856173
1286,EtaBranchingIndex.2,0.00036418659604014157
1287,EtaBranchingIndex.3,0.00035043620241042195
1288,EtaDeltaAlpha,0.0
1289,EtaDeltaAlpha.1,0.000448535033607825
1290,EtaEpsilon,0.0009861127673778808
1291,EtaEpsilon.1,0.0005432231357777595
1292,EtaEpsilon.2,6.079674377642989e-06
1293,EtaEpsilon.3,0.000777634920653967
1294,EtaEpsilon.4,0.00012947362118778089
1295,EtaDeltaEpsilon,0.0005371620580663312
1296,EtaDeltaEpsilon.1,0.0009602272392773285
1297,EtaDeltaEpsilon.2,0.0005945157331141983
1298,EtaDeltaEpsilon.3,0.00019539705299129745
1299,EtaDeltaBeta,8.950155394767024e-05
1300,EtaDeltaBeta.1,0.0005204712497556388
1301,EtaPsi,0.00013083533409962366
1302,EtaDeltaPsi,0.00046484217473145227
1303,EtaDeltaPsi.1,0.0
1304,FragmentComplexity,9.405068927623924e-05
1305,Framework,7.265158777222598e-05
1306,HBondAcceptor,0.00012497944610265834
1307,HBondDonor,4.68357398050596e-05
1308,InformationContent,0.0007056048795764531
1309,InformationContent.1,9.311189721540078e-05
1310,InformationContent.2,5.643477734183381e-05
1311,InformationContent.3,0.00014024676295513262
1312,InformationContent.4,0.0001765293182301205
1313,InformationContent.5,0.00017405347670227395
1314,TotalIC,1.4309595515424567e-05
1315,TotalIC.1,3.0285353814525623e-05
1316,TotalIC.2,3.016271897964013e-06
1317,TotalIC.3,0.00010943689299890205
1318,TotalIC.4,6.856088995498554e-06
1319,TotalIC.5,8.09633433577943e-05
1320,StructuralIC,0.00017320370932602188
1321,StructuralIC.1,7.059985799720245e-05
1322,StructuralIC.2,8.684013355778204e-05
1323,StructuralIC.3,5.180499260811909e-05
1324,StructuralIC.4,0.00012482845582825877
1325,StructuralIC.5,0.00010688186107922232
1326,BondingIC,8.981188296079692e-05
1327,BondingIC.1,7.495150560530267e-05
1328,BondingIC.2,0.0002754424305115371
1329,BondingIC.3,0.0001798439166827286
1330,BondingIC.4,0.0001414077264546966
1331,BondingIC.5,0.00010267304172240394
1332,ComplementaryIC,3.164914080808276e-05
1333,ComplementaryIC.1,2.386314430568113e-05
1334,ComplementaryIC.2,4.7275418635030264e-05
1335,ComplementaryIC.3,0.00010783467676071717
1336,ComplementaryIC.4,0.00012749354136805762
1337,ComplementaryIC.5,0.00011365217005031355
1338,ModifiedIC,0.00010378991955589724
1339,ModifiedIC.1,4.7458868960871024e-05
1340,ModifiedIC.2,1.9800581991478163e-05
1341,ModifiedIC.3,4.560781947577883e-05
1342,ModifiedIC.4,0.00010183312258803166
1343,ModifiedIC.5,0.00034187571525407055
1344,ZModifiedIC,5.513521659604387e-05
1345,ZModifiedIC.1,4.287026699269549e-05
1346,ZModifiedIC.2,9.286513650565274e-05
1347,ZModifiedIC.3,0.0001704799529411975
1348,ZModifiedIC.4,0.00013953318390300243
1349,ZModifiedIC.5,0.00027477203459603524
1350,KappaShapeIndex1,0.00010350217217040609
1351,KappaShapeIndex2,0.0002329780380439351
1352,KappaShapeIndex3,0.0003393412706087215
1353,LogS,0.0006246136043610018
1354,McGowanVolume,2.4570691902697127e-05
1355,LabuteASA_y,1.5579814660717745e-05
1356,PEOE_VSA,6.609158467861292e-06
1357,PEOE_VSA.1,0.0004047125872949493
1358,PEOE_VSA.2,3.5737799135695106e-08
1359,PEOE_VSA.3,1.2194560746608594e-07
1360,PEOE_VSA.4,0.0001311974750438149
1361,PEOE_VSA.5,0.0002655975181165657
1362,PEOE_VSA.6,0.0005739827258324126
1363,PEOE_VSA.7,0.0003973938842015761
1364,PEOE_VSA.8,0.0009265132567711475
1365,PEOE_VSA.9,4.8160868360844574e-05
1366,PEOE_VSA.10,0.00010632196013277641
1367,PEOE_VSA.11,7.191070355877954e-06
1368,PEOE_VSA.12,3.341136677797876e-06
1369,SMR_VSA,0.0005637759100356757
1370,SMR_VSA.1,0.0
1371,SMR_VSA.2,0.0028323011912730956
1372,SMR_VSA.3,0.00010155321942945274
1373,SMR_VSA.4,4.696802886807982e-05
1374,SMR_VSA.5,0.00031589953506451604
1375,SMR_VSA.6,3.5936333334149944e-05
1376,SMR_VSA.7,0.0
1377,SMR_VSA.8,0.0003268513610782958
1378,SlogP_VSA,0.00022196120468495457
1379,SlogP_VSA.1,8.422572220630018e-05
1380,SlogP_VSA.2,0.0009098128049390495
1381,SlogP_VSA.3,0.00028944028580152553
1382,SlogP_VSA.4,4.554219885602237e-05
1383,SlogP_VSA.5,1.4804403794891896e-05
1384,SlogP_VSA.6,5.955697932285986e-06
1385,SlogP_VSA.7,0.0
1386,SlogP_VSA.8,0.0
1387,SlogP_VSA.9,0.0010634489208065862
1388,SlogP_VSA.10,1.6166788008255444e-05
1389,EState_VSA,9.1036659880676e-05
1390,EState_VSA.1,0.00010831446497526018
1391,EState_VSA.2,0.0001796581160897686
1392,EState_VSA.3,0.00011534390853238707
1393,EState_VSA.4,0.00018817663651204912
1394,EState_VSA.5,0.0001473516687913685
1395,EState_VSA.6,0.0002717599176888228
1396,EState_VSA.7,0.0009366777518260187
1397,EState_VSA.8,0.0007185813941831872
1398,EState_VSA.9,0.0006231178934007161
1399,VSA_EState,2.1996894429652757e-06
1400,VSA_EState.1,3.4958220118090814e-05
1401,VSA_EState.2,0.00044969367839955656
1402,VSA_EState.3,0.0007899904170851988
1403,VSA_EState.4,0.003021051589425531
1404,VSA_EState.5,6.142177211335439e-05
1405,VSA_EState.6,0.00029341799989473784
1406,VSA_EState.7,0.00020670867290795971
1407,VSA_EState.8,0.0016392631668300846
1408,MolecularDistanceEdge.7,0.0001711360362469719
1409,MolecularDistanceEdge.10,0.0012751175221554134
1410,MolecularDistanceEdge.16,0.00045810483718437426
1411,MolecularId,5.620420848591439e-06
1412,MolecularId.1,0.0002472548921479191
1413,MolecularId.2,4.236577597895365e-05
1414,MolecularId.3,0.000412686042198069
1415,MolecularId.4,2.3209322689790468e-05
1416,MolecularId.5,0.0001223132642280446
1417,MolecularId.6,0.0011318953700399576
1418,MolecularId.7,0.0067039031937013846
1419,MolecularId.8,1.1987775576929028e-05
1420,MolecularId.9,0.0010541255498849843
1421,MolecularId.10,4.610092546427568e-07
1422,MolecularId.11,5.498426645061575e-06
1423,PathCount,1.327523128327473e-05
1424,PathCount.1,3.723931829188658e-05
1425,PathCount.2,2.24100319077317e-05
1426,PathCount.3,2.3844077227742902e-05
1427,PathCount.4,0.0003022790317060267
1428,PathCount.5,4.169560166136562e-05
1429,PathCount.6,0.00018618394658855345
1430,PathCount.7,0.00016346788084388653
1431,PathCount.8,0.00010785855504417114
1432,PathCount.9,0.00020838344774579717
1433,PathCount.10,0.0003230048312742715
1434,PathCount.11,6.332464738193515e-05
1435,PathCount.12,0.0001858787451654955
1436,PathCount.13,5.908179132935779e-05
1437,PathCount.14,0.0008537071138230808
1438,PathCount.15,4.3297813090329836e-05
1439,PathCount.16,1.5010803075081272e-05
1440,PathCount.17,0.00013584010356850786
1441,PathCount.18,0.00019836584049256315
1442,PathCount.19,2.961284532442366e-05
1443,PathCount.20,9.132082836840185e-05
1444,APol,5.310989939679068e-06
1445,BPol,1.372540988472193e-05
1446,RingCount_y,1.5465566775352296e-05
1447,RingCount.1,0.0
1448,RingCount.2,0.0
1449,RingCount.3,2.803555115052875e-05
1450,RingCount.4,0.0045631189268842106
1451,RingCount.5,0.0
1452,RingCount.6,0.0
1453,RingCount.7,0.0
1454,RingCount.8,0.0
1455,RingCount.9,0.0
1456,RingCount.10,0.0
1457,RingCount.11,0.0
1458,RingCount.12,3.7602952304387606e-05
1459,RingCount.13,0.0
1460,RingCount.14,0.0
1461,RingCount.15,2.7935137398244386e-05
1462,RingCount.16,0.0034992327077638195
1463,RingCount.17,0.0
1464,RingCount.18,0.0
1465,RingCount.19,0.0
1466,RingCount.20,0.0
1467,RingCount.21,0.0
1468,RingCount.22,0.0
1469,RingCount.23,0.0
1470,RingCount.24,5.954642233238138e-06
1471,RingCount.25,0.0
1472,RingCount.26,0.0
1473,RingCount.27,1.1514924792448601e-06
1474,RingCount.28,2.1101908533913566e-06
1475,RingCount.29,0.0
1476,RingCount.30,0.0
1477,RingCount.31,0.0
1478,RingCount.32,0.0
1479,RingCount.33,0.0
1480,RingCount.34,0.0
1481,RingCount.35,0.0
1482,RingCount.36,5.285644336193209e-06
1483,RingCount.37,0.0
1484,RingCount.38,0.0
1485,RingCount.39,0.0004518515501970867
1486,RingCount.40,0.0
1487,RingCount.41,0.0
1488,RingCount.42,0.0
1489,RingCount.43,0.0
1490,RingCount.44,0.0
1491,RingCount.45,0.0
1492,RingCount.46,0.0
1493,RingCount.47,0.0
1494,RingCount.48,0.00031640984270044114
1495,RingCount.49,0.0
1496,RingCount.50,4.7121167931793096e-07
1497,RingCount.51,5.7486552708528506e-05
1498,RingCount.52,0.0007269452392327297
1499,RingCount.53,0.0
1500,RingCount.54,0.0
1501,RingCount.55,0.0
1502,RingCount.56,0.0
1503,RingCount.57,0.0
1504,RingCount.58,0.0
1505,RingCount.59,0.0
1506,RingCount.60,0.00030897919158927247
1507,RingCount.61,0.0
1508,RingCount.62,6.765335092868247e-06
1509,RingCount.63,1.2305637449750032e-07
1510,RingCount.64,0.0005700202142525199
1511,RingCount.65,0.0
1512,RingCount.66,0.0
1513,RingCount.67,0.0
1514,RingCount.68,0.0
1515,RingCount.69,0.0
1516,RingCount.70,0.0
1517,RingCount.71,0.0
1518,RingCount.72,6.600709607020413e-06
1519,RingCount.73,0.0
1520,RingCount.74,0.0
1521,RingCount.75,0.0
1522,RingCount.76,0.0
1523,RingCount.77,0.0
1524,RingCount.78,0.0
1525,RingCount.79,0.0
1526,RingCount.80,0.0
1527,RingCount.81,0.0
1528,RingCount.82,5.451341260519369e-05
1529,RingCount.83,1.9788429835214256e-06
1530,RingCount.84,0.0
1531,RingCount.85,0.0
1532,RingCount.86,0.0
1533,RingCount.87,0.0
1534,RingCount.88,0.0
1535,RingCount.89,1.3666617708922874e-06
1536,RingCount.90,0.0
1537,RingCount.91,0.0
1538,RingCount.92,0.0
1539,RingCount.93,6.624296952859481e-06
1540,RingCount.94,0.0
1541,RingCount.95,0.0
1542,RingCount.96,0.0
1543,RingCount.97,0.0
1544,RingCount.98,0.0
1545,RingCount.99,0.0
1546,RingCount.100,0.0
1547,RingCount.101,0.0
1548,RingCount.102,0.0
1549,RingCount.103,0.0
1550,RingCount.104,0.0
1551,RingCount.105,3.564938351512774e-07
1552,RingCount.106,0.0
1553,RingCount.107,0.0
1554,RingCount.108,0.0
1555,RingCount.109,0.0
1556,RingCount.110,0.0
1557,RingCount.111,1.1506352079013466e-06
1558,RingCount.112,0.0
1559,RingCount.113,0.0
1560,RingCount.114,0.0
1561,RingCount.115,0.0
1562,RingCount.116,2.203866711442048e-05
1563,RingCount.117,0.0
1564,RingCount.118,0.0
1565,RingCount.119,0.0
1566,RingCount.120,0.0
1567,RingCount.121,0.0
1568,RingCount.122,0.0
1569,RingCount.123,0.0
1570,RingCount.124,0.0
1571,RingCount.125,0.0
1572,RingCount.126,5.265250109012914e-07
1573,RingCount.127,7.329971578618381e-06
1574,RingCount.128,0.0
1575,RingCount.129,0.0
1576,RingCount.130,0.0
1577,RingCount.131,0.0
1578,RingCount.132,0.0
1579,RingCount.133,0.0
1580,RingCount.134,0.0
1581,RingCount.135,0.0
1582,RingCount.136,0.0
1583,RingCount.137,2.8538870440357926e-06
1584,RotatableBondsCount,0.0007162700139988484
1585,RotatableBondsRatio,0.005184701279731665
1586,SLogP,0.00796836412364942
1587,SMR,3.7748774522842698e-06
1588,TopoPSA_x,0.00020873159641313384
1589,TopoPSA.1,0.00020208784335009917
1590,TopologicalCharge,0.00048665660268283167
1591,TopologicalCharge.1,0.00063751465046978
1592,TopologicalCharge.2,9.830616228598652e-05
1593,TopologicalCharge.3,9.014097261455198e-05
1594,TopologicalCharge.4,0.00010598178350007942
1595,TopologicalCharge.5,0.0007843035612547159
1596,TopologicalCharge.6,3.398615464093344e-05
1597,TopologicalCharge.7,0.00035479956905599475
1598,TopologicalCharge.8,0.00016180236354257883
1599,TopologicalCharge.9,0.000218869668097867
1600,TopologicalCharge.10,0.00010723526067650263
1601,TopologicalCharge.11,0.00011664625817742483
1602,TopologicalCharge.12,0.0001986139521282042
1603,TopologicalCharge.13,0.00022278630131485275
1604,TopologicalCharge.14,0.00013167048233026193
1605,TopologicalCharge.15,0.0007647937505713941
1606,TopologicalCharge.16,9.683968839797046e-05
1607,TopologicalCharge.17,0.0005772314608591762
1608,TopologicalCharge.18,0.0003717436341930114
1609,TopologicalCharge.19,0.00023180750196551673
1610,TopologicalCharge.20,0.00021508529102861343
1611,Diameter,0.00010232579187840032
1612,Radius,0.00010864255059193956
1613,TopologicalShapeIndex,0.00038954011706176264
1614,PetitjeanIndex,0.00028632979544207255
1615,VdwVolumeABC,3.992019148338758e-06
1616,VertexAdjacencyInformation,2.6281981788708286e-05
1617,WalkCount,9.755134687299637e-06
1618,WalkCount.1,1.6507268234396262e-05
1619,WalkCount.2,6.010926300438516e-06
1620,WalkCount.3,6.274048316140314e-06
1621,WalkCount.4,3.0142982693923594e-05
1622,WalkCount.5,4.053827582674215e-05
1623,WalkCount.6,1.5866253589301634e-05
1624,WalkCount.7,1.1887243417512045e-05
1625,WalkCount.8,2.8718371567758917e-05
1626,WalkCount.9,7.748576037245851e-05
1627,WalkCount.10,1.8937577401604086e-06
1628,WalkCount.11,6.34781587258634e-06
1629,WalkCount.12,2.858326171247609e-05
1630,WalkCount.13,1.3094808007921092e-05
1631,WalkCount.14,0.00013110202184676885
1632,WalkCount.15,7.692092788680555e-06
1633,WalkCount.16,0.00019618404531186016
1634,WalkCount.17,3.4606238406564605e-05
1635,WalkCount.18,0.00010455067259764284
1636,WalkCount.19,5.179821139531973e-06
1637,WalkCount.20,0.0009288655681167674
1638,Weight,0.00023762658716791718
1639,Weight.1,5.452831645437771e-05
1640,WienerIndex,3.823746441164166e-05
1641,WienerIndex.1,9.936966675419883e-06
1642,ZagrebIndex,7.830243713871292e-07
1643,ZagrebIndex.1,3.0751126058985227e-06
1644,ZagrebIndex.2,3.076098769732399e-05
1645,ZagrebIndex.3,7.21629065056487e-06
1646,nAcid,0.0
1647,ALogP,0.0008736003273910682
1648,ALogp2,0.0007454015659831738
1649,AMR,1.3055421617372523e-05
1650,apol,7.055253554938394e-06
1651,naAromAtom,0.0
1652,nAromBond,0.0
1653,nAtom,8.499157635907421e-07
1654,nHeavyAtom,1.6578044219473955e-05
1655,nH,1.748761457601021e-05
1656,nB,0.0
1657,nC,4.9504860680382894e-06
1658,nN,0.0009519276893721609
1659,nO,9.962584461444331e-05
1660,nS,0.0
1661,nP,0.0
1662,nF,0.0009497656099855168
1663,nCl,1.7475812932029904e-06
1664,nBr,0.0
1665,nI,0.0
1666,nX,4.294593022353778e-07
1667,ATS0m,2.1357005965171413e-05
1668,ATS1m,2.669183344594088e-06
1669,ATS2m,1.0901193627054575e-05
1670,ATS3m,3.094243709414412e-05
1671,ATS4m,2.579292425005891e-05
1672,ATS5m,0.0001000896829829397
1673,ATS6m,8.870830203752117e-06
1674,ATS7m,1.2783694917643038e-05
1675,ATS8m,0.0001971938184197265
1676,ATS0v,9.304767482505726e-06
1677,ATS1v,9.951167425888801e-06
1678,ATS2v,1.360386269204725e-05
1679,ATS3v,4.712707887753644e-06
1680,ATS4v,0.000391069508687381
1681,ATS5v,0.0004455968455735948
1682,ATS6v,2.594146876297683e-05
1683,ATS7v,3.513186998971941e-05
1684,ATS8v,8.844273260118938e-05
1685,ATS0e,5.655440094468502e-05
1686,ATS1e,4.824676794914871e-06
1687,ATS2e,2.333759904320579e-05
1688,ATS3e,2.2516175405623422e-05
1689,ATS4e,4.731633921871331e-06
1690,ATS5e,0.00015392292163074828
1691,ATS6e,4.49914472778232e-05
1692,ATS7e,4.991548605674462e-05
1693,ATS8e,1.3574650937170906e-05
1694,ATS0p,9.922476913008378e-05
1695,ATS1p,1.602584523913308e-05
1696,ATS2p,5.8779154122665735e-05
1697,ATS3p,6.017047128848123e-05
1698,ATS4p,5.616989644942358e-05
1699,ATS5p,3.6248542244359646e-05
1700,ATS6p,8.415046194813511e-06
1701,ATS7p,2.4681562269232475e-05
1702,ATS8p,0.0002944667831087893
1703,ATS0i,1.686638528626794e-05
1704,ATS1i,2.186882060100903e-05
1705,ATS2i,0.00011262832176906795
1706,ATS3i,1.1288377334981716e-05
1707,ATS4i,6.581748910144406e-05
1708,ATS5i,0.00010825714830753339
1709,ATS6i,2.6079962198713686e-05
1710,ATS7i,0.0015085511051918287
1711,ATS8i,3.1901356814449384e-05
1712,ATS0s,2.5411891472059795e-05
1713,ATS1s,0.00012493265874650517
1714,ATS2s,2.7252305884409815e-05
1715,ATS3s,8.148183107294632e-05
1716,ATS4s,7.093953233761876e-06
1717,ATS5s,1.7691950979636534e-05
1718,ATS6s,7.907405940422118e-05
1719,ATS7s,5.1287100141771115e-05
1720,ATS8s,0.0001447308268440445
1721,AATS0m,0.00010539300464375123
1722,AATS1m,7.887360971144484e-05
1723,AATS2m,1.614407662254825e-05
1724,AATS3m,1.044464551208796e-05
1725,AATS4m,0.00013897498461408283
1726,AATS5m,0.0005015613091477596
1727,AATS6m,0.0006830551823182839
1728,AATS7m,0.00014478427073530195
1729,AATS8m,0.0007042974755108756
1730,AATS0v,6.708011422064579e-05
1731,AATS1v,9.535119090694817e-05
1732,AATS2v,4.448707039697676e-05
1733,AATS3v,4.8405595598298737e-05
1734,AATS4v,6.767782418794559e-05
1735,AATS5v,0.00017619827944175744
1736,AATS6v,0.00015639915780932555
1737,AATS7v,8.487311718926023e-05
1738,AATS8v,0.0002545518186766228
1739,AATS0e,0.0010801918904327548
1740,AATS1e,0.0006314490426633757
1741,AATS2e,0.00026704996962080395
1742,AATS3e,9.964195213861158e-05
1743,AATS4e,0.00015402153785052443
1744,AATS5e,0.00011695110831196804
1745,AATS6e,0.0007396705490522897
1746,AATS7e,0.0001273441907846633
1747,AATS8e,0.011179898585572993
1748,AATS0p,2.6746638985106897e-05
1749,AATS1p,9.4067337952987e-05
1750,AATS2p,0.0003814749193697415
1751,AATS3p,0.00011256619607867275
1752,AATS4p,0.0001329258244348559
1753,AATS5p,0.00025878799129298917
1754,AATS6p,6.187423378890573e-05
1755,AATS7p,0.00011413875033742354
1756,AATS8p,6.561779828729234e-05
1757,AATS0i,0.00013173631741217375
1758,AATS1i,0.00016181125459770792
1759,AATS2i,0.00022068122181666752
1760,AATS3i,0.0003691876368660412
1761,AATS4i,0.0001014401731253583
1762,AATS5i,0.00012426979484212106
1763,AATS6i,0.00022999523383497947
1764,AATS7i,0.00024370189829980732
1765,AATS8i,0.0001952861949781615
1766,AATS0s,0.005849583125498418
1767,AATS1s,8.03752657101216e-05
1768,AATS2s,0.00040488935954714593
1769,AATS3s,0.00011742471549046541
1770,AATS4s,9.986373524301228e-05
1771,AATS5s,0.0014555284239572315
1772,AATS6s,0.00011955317467226653
1773,AATS7s,5.667923316831869e-05
1774,AATS8s,0.0001293522284164173
1775,ATSC0c,6.136874009288021e-05
1776,ATSC1c,0.00014697151060384458
1777,ATSC2c,0.00016701097861921723
1778,ATSC3c,0.00010051073750485491
1779,ATSC4c,0.002989375190552237
1780,ATSC5c,0.0002889897757160861
1781,ATSC6c,0.00010739223679712087
1782,ATSC7c,0.00022434118538074935
1783,ATSC8c,0.0002129567066402145
1784,ATSC0m,9.494907543807102e-05
1785,ATSC1m,4.707890520076812e-05
1786,ATSC2m,0.000696153064034463
1787,ATSC3m,0.000198223159157396
1788,ATSC4m,0.00045377970939311274
1789,ATSC5m,0.00012505929387629787
1790,ATSC6m,0.0005002022289883687
1791,ATSC7m,0.00018596040019247658
1792,ATSC8m,0.00013015800438623558
1793,ATSC0v,6.3319647564693775e-06
1794,ATSC1v,0.0005572473862247882
1795,ATSC2v,0.00014479213497413197
1796,ATSC3v,0.00029054851267149283
1797,ATSC4v,4.792488967017423e-05
1798,ATSC5v,0.00017524032690353604
1799,ATSC6v,0.0001263441258497623
1800,ATSC7v,0.00021514264816046048
1801,ATSC8v,0.00011639107799362288
1802,ATSC0e,0.00016359703986582977
1803,ATSC1e,0.0003663122688574424
1804,ATSC2e,0.00012673649269982502
1805,ATSC3e,0.00015474204953830039
1806,ATSC4e,4.799177935613567e-05
1807,ATSC5e,0.0003014484068385284
1808,ATSC6e,6.964039872566653e-05
1809,ATSC7e,0.00035205939794310815
1810,ATSC8e,0.00013331093677128677
1811,ATSC0p,5.3461572068419825e-05
1812,ATSC1p,0.0001981228221454373
1813,ATSC2p,0.00024857967367821203
1814,ATSC3p,0.00015597466808114764
1815,ATSC4p,9.837342545448385e-05
1816,ATSC5p,7.470494054657021e-05
1817,ATSC6p,0.00017828480997795235
1818,ATSC7p,0.00014504292644941787
1819,ATSC8p,7.232326097561344e-05
1820,ATSC0i,4.120937056542162e-05
1821,ATSC1i,0.00010876774440190734
1822,ATSC2i,6.153586636657006e-05
1823,ATSC3i,0.00020674070665072835
1824,ATSC4i,0.00012565879357770445
1825,ATSC5i,7.624988271606376e-05
1826,ATSC6i,0.00018923979372071874
1827,ATSC7i,6.909016043234667e-05
1828,ATSC8i,0.00010563523064539502
1829,ATSC0s,7.327133256751631e-06
1830,ATSC1s,0.0005781939589562424
1831,ATSC2s,2.144558374359346e-05
1832,ATSC3s,0.000339237564196477
1833,ATSC4s,0.0006599102981575668
1834,ATSC5s,0.00012056059520516556
1835,ATSC6s,0.000129064479937391
1836,ATSC7s,0.00041330535491242284
1837,ATSC8s,0.00021175730810854296
1838,AATSC0c,0.0022886275442152004
1839,AATSC1c,0.0004803948165951673
1840,AATSC2c,0.0006880853233735244
1841,AATSC3c,0.00033942457483324097
1842,AATSC4c,0.0026911199663006524
1843,AATSC5c,5.9580274208569325e-05
1844,AATSC6c,0.0002981985654428042
1845,AATSC7c,0.0002008693352754711
1846,AATSC8c,0.00023640589352945843
1847,AATSC0m,0.00022033715027780385
1848,AATSC1m,3.7073864646783834e-05
1849,AATSC2m,0.0005409469675912781
1850,AATSC3m,7.675460658577167e-05
1851,AATSC4m,0.00010222308911969046
1852,AATSC5m,7.488799985187274e-05
1853,AATSC6m,0.0002628975584358638
1854,AATSC7m,0.0002149408208425147
1855,AATSC8m,0.00011636703332918656
1856,AATSC0v,0.00011153860217602806
1857,AATSC1v,5.777829257989792e-05
1858,AATSC2v,6.150035017995143e-05
1859,AATSC3v,0.00022983200583904224
1860,AATSC4v,0.0002923893122732939
1861,AATSC5v,0.0002893007965998893
1862,AATSC6v,9.228986690425079e-05
1863,AATSC7v,0.0002388468080558471
1864,AATSC8v,0.00010053962647354442
1865,AATSC0e,0.00019353696159660373
1866,AATSC1e,0.00015374418537462178
1867,AATSC2e,0.0001376233276470637
1868,AATSC3e,0.0002774006459382322
1869,AATSC4e,0.0001669278311193236
1870,AATSC5e,1.7584533881383838e-05
1871,AATSC6e,0.00018234947539896238
1872,AATSC7e,0.00037171990046290206
1873,AATSC8e,0.00016281027189019864
1874,AATSC0p,0.0004204745037439652
1875,AATSC1p,9.04801613331433e-05
1876,AATSC2p,1.755756682090417e-05
1877,AATSC3p,0.00026136443000364596
1878,AATSC4p,0.0001263320467924507
1879,AATSC5p,0.0002723950010393731
1880,AATSC6p,0.0001564271929085313
1881,AATSC7p,8.923577191552203e-05
1882,AATSC8p,0.00011523650758693793
1883,AATSC0i,0.00018743266759263996
1884,AATSC1i,0.00019349341628979502
1885,AATSC2i,8.524915328657482e-05
1886,AATSC3i,0.00022138672244255062
1887,AATSC4i,0.00013944809237033764
1888,AATSC5i,0.00012786178655193863
1889,AATSC6i,5.107212755912445e-05
1890,AATSC7i,0.0003260226554405349
1891,AATSC8i,0.00034958025427125113
1892,AATSC0s,0.004320492755731084
1893,AATSC1s,0.00017364682238981953
1894,AATSC2s,0.00017114139958360688
1895,AATSC3s,0.00021532511836093356
1896,AATSC4s,0.00024751369910785466
1897,AATSC5s,6.835797363197726e-05
1898,AATSC6s,0.0001913866268792241
1899,AATSC7s,0.00010875255185709677
1900,AATSC8s,0.00013604471199368652
1901,MATS1c,2.6050742598305374e-05
1902,MATS2c,0.00020722413299417892
1903,MATS3c,0.00036158469290077785
1904,MATS4c,5.259215218963536e-05
1905,MATS5c,0.000125369268693858
1906,MATS6c,4.635976657605488e-05
1907,MATS7c,0.0001555136597994128
1908,MATS8c,0.00012819312037025337
1909,MATS1m,0.00017172327319356465
1910,MATS2m,0.0012122140415475112
1911,MATS3m,8.743193450661025e-05
1912,MATS4m,0.00011814242501955425
1913,MATS5m,9.21331548390948e-05
1914,MATS6m,5.844326458488468e-05
1915,MATS7m,0.0001850086690590478
1916,MATS8m,7.937328307239467e-05
1917,MATS1v,5.60539110884993e-05
1918,MATS2v,4.560389609516338e-05
1919,MATS3v,0.00019126471292585964
1920,MATS4v,0.00021866346783268198
1921,MATS5v,0.00025504669288565443
1922,MATS6v,6.0111470242888886e-05
1923,MATS7v,0.00027229478065532903
1924,MATS8v,0.00015396941183593125
1925,MATS1e,6.453893610571993e-05
1926,MATS2e,0.000343031511702171
1927,MATS3e,0.0011410468317346362
1928,MATS4e,0.00022564993915110193
1929,MATS5e,0.00013529754987152596
1930,MATS6e,5.9089561316960357e-05
1931,MATS7e,0.00017713255946163081
1932,MATS8e,4.797692682094894e-05
1933,MATS1p,0.0002283397235573055
1934,MATS2p,0.00017693631137996878
1935,MATS3p,0.0002350727862299822
1936,MATS4p,8.888024931747364e-05
1937,MATS5p,7.740213910570786e-05
1938,MATS6p,9.137788953141728e-05
1939,MATS7p,0.00017522171528732946
1940,MATS8p,0.0003686527588590191
1941,MATS1i,0.0001121885538064698
1942,MATS2i,6.414053339407872e-05
1943,MATS3i,0.00020915795556530556
1944,MATS4i,0.00014887829114301437
1945,MATS5i,0.00012498933546208727
1946,MATS6i,0.00015168390741424303
1947,MATS7i,0.00017090793422438292
1948,MATS8i,0.0001714348114882427
1949,MATS1s,0.00030573023994295455
1950,MATS2s,4.7967416885830005e-05
1951,MATS3s,8.544668510676599e-05
1952,MATS4s,0.0001590300766141773
1953,MATS5s,0.00018560057224052535
1954,MATS6s,0.00015789868064712925
1955,MATS7s,0.00012507986539973188
1956,MATS8s,5.887198934555706e-05
1957,GATS1c,0.00018389193036921317
1958,GATS2c,0.00014965294756908625
1959,GATS3c,0.0002693997457122065
1960,GATS4c,0.0001320454731570815
1961,GATS5c,0.00015655018988501183
1962,GATS6c,9.354537233150196e-05
1963,GATS7c,0.00018705411122881747
1964,GATS8c,0.0004564119216578866
1965,GATS1m,4.8968933998729916e-05
1966,GATS2m,0.00021014877037734715
1967,GATS3m,9.817190855094958e-05
1968,GATS4m,0.0001244495449157021
1969,GATS5m,0.0004345522693636175
1970,GATS6m,6.732303893597838e-05
1971,GATS7m,6.43870857756743e-05
1972,GATS8m,0.00041932160869632897
1973,GATS1v,0.0007310476426816486
1974,GATS2v,0.0002760599965881902
1975,GATS3v,4.6833176417003866e-05
1976,GATS4v,0.00011791826131007768
1977,GATS5v,7.403971440561676e-05
1978,GATS6v,8.36512171203457e-05
1979,GATS7v,0.00011535103155311345
1980,GATS8v,0.00019684535991593044
1981,GATS1e,9.82852766597286e-05
1982,GATS2e,1.9359156823971204e-05
1983,GATS3e,0.00031410510025096716
1984,GATS4e,0.00011433549709934175
1985,GATS5e,5.311457285412572e-05
1986,GATS6e,8.236861000694136e-05
1987,GATS7e,9.491447478560094e-05
1988,GATS8e,0.0003132853844407328
1989,GATS1p,0.00011549238472323459
1990,GATS2p,0.00012261698219265686
1991,GATS3p,0.00016957412229844107
1992,GATS4p,9.38904335339538e-05
1993,GATS5p,0.00018268507878487335
1994,GATS6p,2.90342971718105e-05
1995,GATS7p,0.0002867652167163431
1996,GATS8p,0.00017288499470193878
1997,GATS1i,0.00012158024699713551
1998,GATS2i,3.5296129894658705e-05
1999,GATS3i,0.00014678076625247177
2000,GATS4i,0.00010637108396831048
2001,GATS5i,0.00023919687089626624
2002,GATS6i,0.00021560261776155148
2003,GATS7i,0.0009520023570275632
2004,GATS8i,0.00020209485401063887
2005,GATS1s,0.00038522764469679885
2006,GATS2s,0.0001688615329869097
2007,GATS3s,0.0003212998834708925
2008,GATS4s,9.211914514008588e-05
2009,GATS5s,0.0006536036105649229
2010,GATS6s,0.00012701190193229673
2011,GATS7s,0.0004603579117170951
2012,GATS8s,0.0003602707266165974
2013,SpAbs_DzZ,2.5779238602108847e-05
2014,SpMax_DzZ,8.920804444256652e-06
2015,SpDiam_DzZ,8.686073755230804e-06
2016,SpAD_DzZ,1.6813815685882214e-05
2017,SpMAD_DzZ,4.42884380085686e-05
2018,EE_DzZ,3.5370260727601777e-06
2019,SM1_DzZ,5.882409671586382e-05
2020,VE1_DzZ,0.00020693875609243786
2021,VE2_DzZ,0.0003789867414449695
2022,VE3_DzZ,6.226579451212462e-05
2023,VR1_DzZ,0.00017662355859521787
2024,VR2_DzZ,0.00028966263625435513
2025,VR3_DzZ,6.451001912352024e-05
2026,SpAbs_Dzm,3.977818646135815e-05
2027,SpMax_Dzm,1.39986649097509e-05
2028,SpDiam_Dzm,5.8691435804857206e-05
2029,SpAD_Dzm,2.0742439285685504e-05
2030,SpMAD_Dzm,0.0001627055795217451
2031,EE_Dzm,9.673524681137244e-06
2032,SM1_Dzm,4.041781296086513e-05
2033,VE1_Dzm,0.00016196167628700496
2034,VE2_Dzm,0.00022912675032760405
2035,VE3_Dzm,0.0001522553896721704
2036,VR1_Dzm,0.00010261091688780427
2037,VR2_Dzm,9.309088771759418e-05
2038,VR3_Dzm,0.00022136060909061587
2039,SpAbs_Dzv,4.555500298046131e-06
2040,SpMax_Dzv,6.442596021848419e-06
2041,SpDiam_Dzv,5.432103987930878e-05
2042,SpAD_Dzv,2.867819154287752e-06
2043,SpMAD_Dzv,7.267101774615644e-05
2044,EE_Dzv,1.2893648802402198e-06
2045,SM1_Dzv,4.625271071114938e-05
2046,VE1_Dzv,0.00011815630489657946
2047,VE2_Dzv,0.0001799372923353425
2048,VE3_Dzv,0.00025803673882946897
2049,VR1_Dzv,0.00047441282027081846
2050,VR2_Dzv,0.0006996164873519567
2051,VR3_Dzv,0.00011219875613010169
2052,SpAbs_Dze,2.0868578668267544e-05
2053,SpMax_Dze,1.570654371360618e-05
2054,SpDiam_Dze,4.534562274200185e-05
2055,SpAD_Dze,8.98568173398759e-06
2056,SpMAD_Dze,0.00027553089270628293
2057,EE_Dze,1.1010522278042693e-05
2058,SM1_Dze,3.939300761784136e-05
2059,VE1_Dze,0.00016199035571381727
2060,VE2_Dze,0.00026287880904131915
2061,VE3_Dze,0.00019069461868484783
2062,VR1_Dze,0.0001556683572855128
2063,VR2_Dze,7.200354856276521e-05
2064,VR3_Dze,0.0001530242636993924
2065,SpAbs_Dzp,1.0324389124342638e-05
2066,SpMax_Dzp,1.0451460357190096e-05
2067,SpDiam_Dzp,5.6755130170972045e-05
2068,SpAD_Dzp,7.678740052100655e-05
2069,SpMAD_Dzp,2.943781263741594e-05
2070,EE_Dzp,8.311388080292312e-06
2071,SM1_Dzp,0.00045790342980043196
2072,VE1_Dzp,0.00012763917276153932
2073,VE2_Dzp,0.00012106402511056694
2074,VE3_Dzp,0.00018203518651875033
2075,VR1_Dzp,0.00019541360143375286
2076,VR2_Dzp,0.00013036330096530467
2077,VR3_Dzp,1.0329076498185672e-05
2078,SpAbs_Dzi,0.0001577605869801105
2079,SpMax_Dzi,1.0810686041774957e-05
2080,SpDiam_Dzi,1.7528742991690398e-05
2081,SpAD_Dzi,4.362320770514002e-06
2082,SpMAD_Dzi,9.882869471898149e-05
2083,EE_Dzi,6.684656332225971e-06
2084,SM1_Dzi,0.00048721961368792887
2085,VE1_Dzi,0.00020162973600513785
2086,VE2_Dzi,0.000163148952805393
2087,VE3_Dzi,7.688512744836514e-05
2088,VR1_Dzi,0.00038744580886162567
2089,VR2_Dzi,0.0004558634122414641
2090,VR3_Dzi,0.00012616679896256948
2091,SpAbs_Dzs,6.977040598977633e-05
2092,SpMax_Dzs,3.747103962133086e-05
2093,SpDiam_Dzs,1.5980543333928724e-05
2094,SpAD_Dzs,0.00035280496301297494
2095,SpMAD_Dzs,0.0003114567534973347
2096,EE_Dzs,8.061338985913155e-06
2097,SM1_Dzs,0.001214424284995443
2098,VE1_Dzs,0.00011848083457189311
2099,VE2_Dzs,0.0003347944243746362
2100,VE3_Dzs,0.00012854690109238162
2101,VR1_Dzs,0.000187337593952575
2102,VR2_Dzs,0.00022551804905608622
2103,VR3_Dzs,4.588782296729607e-05
2104,nBase,0.005247465127844049
2105,BCUTw-1l,0.00048656014932419383
2106,BCUTw-1h,9.42866921487795e-05
2107,BCUTc-1l,3.092761853327038e-05
2108,BCUTc-1h,0.00031749748324446845
2109,BCUTp-1l,0.0036022619281780837
2110,BCUTp-1h,0.00040177052123254445
2111,nBonds,1.1042036792480079e-05
2112,nBonds2,5.8845073036167124e-05
2113,nBondsS,5.820586935371778e-06
2114,nBondsS2,2.6123707281172686e-06
2115,nBondsS3,6.3413390938643344e-06
2116,nBondsD,1.3269245649016298e-06
2117,nBondsD2,6.060200550766547e-07
2118,nBondsT,0.0
2119,nBondsQ,0.0
2120,nBondsM,6.98994198415402e-05
2121,bpol,4.0695153567171675e-06
2122,SpMax1_Bhm,8.14333354853213e-05
2123,SpMax2_Bhm,0.0003830551299178196
2124,SpMax3_Bhm,0.00017443855679619356
2125,SpMax4_Bhm,0.0005699895222931557
2126,SpMax5_Bhm,7.412685684344002e-05
2127,SpMax6_Bhm,0.0003252821372885175
2128,SpMax7_Bhm,5.0680906224834136e-05
2129,SpMax8_Bhm,9.803813407582993e-05
2130,SpMin1_Bhm,6.83127048258192e-05
2131,SpMin2_Bhm,4.046326255416234e-05
2132,SpMin3_Bhm,0.00027477201540604683
2133,SpMin4_Bhm,0.0002393015233717072
2134,SpMin5_Bhm,0.00015672203464324407
2135,SpMin6_Bhm,0.0002108511149309479
2136,SpMin7_Bhm,0.00017349364793759525
2137,SpMin8_Bhm,0.00010182018216640597
2138,SpMax1_Bhv,9.010187225241117e-05
2139,SpMax2_Bhv,0.00028646466517854744
2140,SpMax3_Bhv,0.00013523865794076207
2141,SpMax4_Bhv,4.083939759240545e-05
2142,SpMax5_Bhv,0.0001493071101742277
2143,SpMax6_Bhv,0.00016673917905038986
2144,SpMax7_Bhv,0.00016542862708356188
2145,SpMax8_Bhv,0.00010774258884771488
2146,SpMin1_Bhv,0.00014802219686970214
2147,SpMin2_Bhv,0.000223369535521904
2148,SpMin3_Bhv,0.0005005286501831641
2149,SpMin4_Bhv,0.000128567135036788
2150,SpMin5_Bhv,0.0002391489205914319
2151,SpMin6_Bhv,0.00046249717335175876
2152,SpMin7_Bhv,5.3128881362651254e-05
2153,SpMin8_Bhv,5.451280859008657e-05
2154,SpMax1_Bhe,5.6493726970743914e-05
2155,SpMax2_Bhe,0.0001518471410739772
2156,SpMax3_Bhe,0.00010416948955640306
2157,SpMax4_Bhe,0.00029657680965186254
2158,SpMax5_Bhe,5.0468765522221336e-05
2159,SpMax6_Bhe,0.00011001199307393282
2160,SpMax7_Bhe,1.6253619594832267e-05
2161,SpMax8_Bhe,9.140811412419458e-05
2162,SpMin1_Bhe,5.223767340679874e-05
2163,SpMin2_Bhe,2.6724687147545224e-05
2164,SpMin3_Bhe,8.907738175415836e-05
2165,SpMin4_Bhe,0.00015409826856547352
2166,SpMin5_Bhe,0.00017022207595831362
2167,SpMin6_Bhe,0.000137593727789713
2168,SpMin7_Bhe,5.010943085152794e-05
2169,SpMin8_Bhe,4.925589747252588e-05
2170,SpMax1_Bhp,0.0005623693426966982
2171,SpMax2_Bhp,0.00022574160608358879
2172,SpMax3_Bhp,0.00058746959694055
2173,SpMax4_Bhp,6.835115105573412e-05
2174,SpMax5_Bhp,9.70670688156713e-05
2175,SpMax6_Bhp,0.0001633162456836193
2176,SpMax7_Bhp,1.568622856831554e-05
2177,SpMax8_Bhp,8.374939975978552e-05
2178,SpMin1_Bhp,7.042700315800814e-05
2179,SpMin2_Bhp,0.0002112060318356782
2180,SpMin3_Bhp,0.00015942068912783622
2181,SpMin4_Bhp,0.00019799918586141434
2182,SpMin5_Bhp,0.00011494459854668872
2183,SpMin6_Bhp,0.0006701309150009585
2184,SpMin7_Bhp,0.00011487737480895249
2185,SpMin8_Bhp,0.00011992694625708352
2186,SpMax1_Bhi,0.0001455423639753459
2187,SpMax2_Bhi,0.00013275215786820913
2188,SpMax3_Bhi,9.884415838328433e-05
2189,SpMax4_Bhi,0.00018444811802873355
2190,SpMax5_Bhi,2.7758647862962016e-05
2191,SpMax6_Bhi,5.533186440285161e-05
2192,SpMax7_Bhi,3.260584024311696e-05
2193,SpMax8_Bhi,6.214861398542809e-06
2194,SpMin1_Bhi,7.517777026532418e-05
2195,SpMin2_Bhi,0.00010199403152203478
2196,SpMin3_Bhi,5.654217157379895e-05
2197,SpMin4_Bhi,5.6090455757966245e-05
2198,SpMin5_Bhi,0.0001115429167718985
2199,SpMin6_Bhi,0.00017149927886058372
2200,SpMin7_Bhi,6.269581384489746e-05
2201,SpMin8_Bhi,0.0001064416046725531
2202,SpMax1_Bhs,0.00016949443004636274
2203,SpMax2_Bhs,1.2226102457658593e-05
2204,SpMax3_Bhs,0.00039882395192655036
2205,SpMax4_Bhs,0.00015089697923338606
2206,SpMax5_Bhs,0.0002022491612607525
2207,SpMax6_Bhs,0.0013944151569047051
2208,SpMax7_Bhs,3.8003805140199834e-05
2209,SpMax8_Bhs,0.00024875322647533387
2210,SpMin1_Bhs,0.0001714955597064089
2211,SpMin2_Bhs,0.0002514809643404757
2212,SpMin3_Bhs,0.00020938511584985955
2213,SpMin4_Bhs,7.053428683307652e-05
2214,SpMin5_Bhs,0.00011399624555014808
2215,SpMin6_Bhs,5.159943827262627e-05
2216,SpMin7_Bhs,0.00012908023520222494
2217,SpMin8_Bhs,0.0001314009759798652
2218,C1SP1,0.0
2219,C2SP1,0.0
2220,C1SP2,9.579568945236377e-05
2221,C2SP2,2.4396046631558833e-06
2222,C3SP2,0.00010205693083609433
2223,C1SP3,0.00012050077009494551
2224,C2SP3,0.00011217682108051208
2225,C3SP3,5.0385997299603624e-05
2226,C4SP3,1.4963105683702856e-08
2227,SCH-3,0.0
2228,SCH-4,2.2316727106129605e-06
2229,SCH-5,0.00019266619118798122
2230,SCH-6,0.0002461465686380921
2231,SCH-7,0.00014586501306295153
2232,VCH-3,0.0
2233,VCH-4,7.419628862847891e-07
2234,VCH-5,0.00019215563903519667
2235,VCH-6,5.5565461436110595e-05
2236,VCH-7,0.00015964911920645394
2237,SC-3,0.000614677330848649
2238,SC-4,2.547116075927197e-06
2239,SC-5,2.670172606098278e-05
2240,SC-6,1.373137661022978e-05
2241,VC-3,0.00021343882776275066
2242,VC-4,2.734930936758079e-05
2243,VC-5,8.054252379962934e-05
2244,VC-6,1.932305982733323e-06
2245,SPC-4,0.00019952110129578407
2246,SPC-5,3.2380702731874426e-05
2247,SPC-6,2.4865983582423394e-05
2248,VPC-4,7.385094312730028e-05
2249,VPC-5,3.176756963898731e-05
2250,VPC-6,0.0002454019730473468
2251,SP-0,0.00011366998434399734
2252,SP-1,8.669987636567113e-06
2253,SP-2,3.0888647284558237e-06
2254,SP-3,4.4190049455427635e-06
2255,SP-4,9.047756778910215e-06
2256,SP-5,2.388031017034744e-05
2257,SP-6,9.175085622374634e-06
2258,SP-7,7.372990378587952e-05
2259,ASP-0,0.0003480853827468198
2260,ASP-1,0.0010778648726666113
2261,ASP-2,7.409523956227776e-05
2262,ASP-3,0.0015051348631730018
2263,ASP-4,0.00023041463004255623
2264,ASP-5,7.399367461748714e-05
2265,ASP-6,0.0002652814343683083
2266,ASP-7,9.532645908949694e-05
2267,VP-0,1.2152091406489062e-05
2268,VP-1,4.164733150406807e-05
2269,VP-2,1.8373172193713906e-05
2270,VP-3,1.8472712146656727e-05
2271,VP-4,4.733710243340453e-05
2272,VP-5,2.0760156440347253e-05
2273,VP-6,0.00014285116607025842
2274,VP-7,3.494226280038935e-05
2275,AVP-0,4.357803809407167e-05
2276,AVP-1,0.00011498648521655
2277,AVP-2,7.743999060847261e-05
2278,AVP-3,0.00021419965720503555
2279,AVP-4,0.0001544328798571463
2280,AVP-5,8.080244552074736e-05
2281,AVP-6,0.00030074246389600023
2282,AVP-7,0.00014031060685301266
2283,Sv,3.495120253726583e-06
2284,Sse,2.8967200810977616e-06
2285,Spe,8.243033386845863e-06
2286,Sare,3.091541868594539e-06
2287,Sp,9.690298385895006e-06
2288,Si,6.702910629369377e-05
2289,Mv,0.00016693564987813232
2290,Mse,0.00046050194293860403
2291,Mpe,0.0004222381669030585
2292,Mare,0.00012438253835799618
2293,Mp,0.00019588569836029982
2294,Mi,2.3975410413791202e-05
2295,CrippenLogP,0.013842538216064574
2296,CrippenMR,9.002839399110611e-05
2297,SpMax_Dt,8.135571661827443e-05
2298,SpDiam_Dt,0.00016128146572308178
2299,SpAD_Dt,0.00023805793958852866
2300,SpMAD_Dt,0.00011275762874442995
2301,EE_Dt,4.83444980179045e-07
2302,VE1_Dt,0.00034252562367114033
2303,VE2_Dt,0.0003774529717754255
2304,VE3_Dt,0.00025431372454519
2305,VR1_Dt,0.00019861913763252376
2306,VR2_Dt,0.00022657069255454504
2307,VR3_Dt,3.3177087732629874e-05
2308,ECCEN,0.00020873288400009512
2309,nHBd,0.0008563734530405977
2310,nwHBd,1.1388848090883651e-07
2311,nHBa,4.5519290085544265e-05
2312,nwHBa,7.719292153899305e-05
2313,nHBint2,0.0019708918060615753
2314,nHBint3,0.000326320626938064
2315,nHBint4,0.0012019008045850205
2316,nHBint5,1.5532477876244177e-05
2317,nHBint6,0.00017425072836569017
2318,nHBint7,0.0003340300618963084
2319,nHBint8,0.0005930509346310874
2320,nHBint9,0.000437063005678348
2321,nHBint10,0.011829559761614273
2322,nHsOH,0.00011249249941129207
2323,nHdNH,0.0
2324,nHsSH,0.0
2325,nHsNH2,4.254671234707871e-08
2326,nHssNH,2.0705880751471933e-05
2327,nHaaNH,0.0
2328,nHsNH3p,0.0
2329,nHssNH2p,0.0
2330,nHsssNHp,0.0
2331,nHtCH,0.0
2332,nHdCH2,0.0
2333,nHdsCH,1.0453791758877943e-05
2334,nHaaCH,0.0
2335,nHCHnX,3.3585480594432076e-07
2336,nHCsats,5.5596408360689164e-05
2337,nHCsatu,0.00024287200988160925
2338,nHAvin,0.0
2339,nHother,0.00016946709239771217
2340,nHmisc,0.0
2341,nsLi,0.0
2342,nssBe,0.0
2343,nssssBem,0.0
2344,nsBH2,0.0
2345,nssBH,0.0
2346,nsssB,0.0
2347,nssssBm,0.0
2348,nsCH3,4.62795054193583e-06
2349,ndCH2,2.1988055237095548e-05
2350,nssCH2,0.00016133296429729821
2351,ntCH,0.0
2352,ndsCH,0.0007754858273401471
2353,naaCH,0.0
2354,nsssCH,7.430982557901396e-05
2355,nddC,0.0
2356,ntsC,0.0
2357,ndssC,0.0006006175432373789
2358,naasC,0.0
2359,naaaC,0.0
2360,nssssC,0.00017987775502101847
2361,nsNH3p,0.0
2362,nsNH2,0.0001766969305288603
2363,nssNH2p,0.0
2364,ndNH,0.0
2365,nssNH,0.0002219204023979884
2366,naaNH,0.0
2367,ntN,0.0
2368,nsssNHp,0.0
2369,ndsN,1.8926074086696902e-06
2370,naaN,0.0
2371,nsssN,1.3743051725056063e-06
2372,nddsN,0.0
2373,naasN,0.0
2374,nssssNp,0.0
2375,nsOH,0.00012527795668467885
2376,ndO,1.102850815739588e-07
2377,nssO,0.0002602863189831884
2378,naaO,0.0
2379,naOm,0.0
2380,nsOm,0.0
2381,nsF,0.0009073005548439944
2382,nsSiH3,0.0
2383,nssSiH2,0.0
2384,nsssSiH,0.0
2385,nssssSi,0.0
2386,nsPH2,0.0
2387,nssPH,0.0
2388,nsssP,0.0
2389,ndsssP,0.0
2390,nddsP,0.0
2391,nsssssP,0.0
2392,nsSH,0.0
2393,ndS,0.0
2394,nssS,1.3762170402651482e-06
2395,naaS,0.0
2396,ndssS,0.0
2397,nddssS,0.0
2398,nssssssS,0.0
2399,nSm,0.0
2400,nsCl,1.1141563988565001e-05
2401,nsGeH3,0.0
2402,nssGeH2,0.0
2403,nsssGeH,0.0
2404,nssssGe,0.0
2405,nsAsH2,0.0
2406,nssAsH,0.0
2407,nsssAs,0.0
2408,ndsssAs,0.0
2409,nddsAs,0.0
2410,nsssssAs,0.0
2411,nsSeH,0.0
2412,ndSe,0.0
2413,nssSe,0.0
2414,naaSe,0.0
2415,ndssSe,0.0
2416,nssssssSe,0.0
2417,nddssSe,0.0
2418,nsBr,0.0
2419,nsSnH3,0.0
2420,nssSnH2,0.0
2421,nsssSnH,0.0
2422,nssssSn,0.0
2423,nsI,0.0
2424,nsPbH3,0.0
2425,nssPbH2,0.0
2426,nsssPbH,0.0
2427,nssssPb,0.0
2428,SHBd,0.006952780096588231
2429,SwHBd,3.822107749300112e-08
2430,SHBa,0.00012500507871398428
2431,SwHBa,6.536447355832327e-05
2432,SHBint2,0.004360655626807265
2433,SHBint3,0.0023438033779511628
2434,SHBint4,0.0020544059270371715
2435,SHBint5,0.00046122977908132155
2436,SHBint6,0.00017126643379874757
2437,SHBint7,0.0007686769048849279
2438,SHBint8,0.0002413931881295882
2439,SHBint9,0.0003631673876130397
2440,SHBint10,0.004765188915820491
2441,SHsOH,0.0008078057796350814
2442,SHdNH,0.0
2443,SHsSH,0.0
2444,SHsNH2,4.699835353631091e-05
2445,SHssNH,0.002844291800997668
2446,SHaaNH,0.0
2447,SHsNH3p,0.0
2448,SHssNH2p,0.0
2449,SHsssNHp,0.0
2450,SHtCH,0.0
2451,SHdCH2,0.0
2452,SHdsCH,1.0494644785641285e-05
2453,SHaaCH,0.0
2454,SHCHnX,0.0
2455,SHCsats,0.00011282012219570324
2456,SHCsatu,0.00013208346378407022
2457,SHAvin,0.0
2458,SHother,3.329839883466225e-05
2459,SHmisc,0.0
2460,SsLi,0.0
2461,SssBe,0.0
2462,SssssBem,0.0
2463,SsBH2,0.0
2464,SssBH,0.0
2465,SsssB,0.0
2466,SssssBm,0.0
2467,SsCH3,0.00021779290799421944
2468,SdCH2,0.0
2469,SssCH2,0.00034300197144399274
2470,StCH,0.0
2471,SdsCH,2.4969781127772752e-05
2472,SaaCH,0.0
2473,SsssCH,9.042725513325773e-05
2474,SddC,0.0
2475,StsC,0.0
2476,SdssC,0.00010258511468627145
2477,SaasC,0.0
2478,SaaaC,0.0
2479,SssssC,0.00014798451825496524
2480,SsNH3p,0.0
2481,SsNH2,0.00015175471112661697
2482,SssNH2p,0.0
2483,SdNH,0.0
2484,SssNH,0.000587675061892099
2485,SaaNH,0.0
2486,StN,0.0
2487,SsssNHp,0.0
2488,SdsN,7.747515708010704e-08
2489,SaaN,0.0
2490,SsssN,4.589243134114185e-05
2491,SddsN,0.0
2492,SaasN,0.0
2493,SssssNp,0.0
2494,SsOH,1.4296549826928732e-05
2495,SdO,1.3633873557861899e-05
2496,SssO,0.0005399060448323239
2497,SaaO,0.0
2498,SaOm,0.0
2499,SsOm,0.0
2500,SsF,1.3584435837453902e-08
2501,SsSiH3,0.0
2502,SssSiH2,0.0
2503,SsssSiH,0.0
2504,SssssSi,0.0
2505,SsPH2,0.0
2506,SssPH,0.0
2507,SsssP,0.0
2508,SdsssP,0.0
2509,SddsP,0.0
2510,SsssssP,0.0
2511,SsSH,0.0
2512,SdS,9.718483704125142e-07
2513,SssS,2.50180194737694e-06
2514,SaaS,0.0
2515,SdssS,0.0
2516,SddssS,0.0
2517,SssssssS,0.0
2518,SSm,0.0
2519,SsCl,3.2435947806045734e-06
2520,SsGeH3,0.0
2521,SssGeH2,0.0
2522,SsssGeH,0.0
2523,SssssGe,0.0
2524,SsAsH2,0.0
2525,SssAsH,0.0
2526,SsssAs,0.0
2527,SdsssAs,0.0
2528,SddsAs,0.0
2529,SsssssAs,0.0
2530,SsSeH,0.0
2531,SdSe,0.0
2532,SssSe,0.0
2533,SaaSe,0.0
2534,SdssSe,0.0
2535,SssssssSe,0.0
2536,SddssSe,0.0
2537,SsBr,0.0
2538,SsSnH3,0.0
2539,SssSnH2,0.0
2540,SsssSnH,0.0
2541,SssssSn,0.0
2542,SsI,0.0
2543,SsPbH3,0.0
2544,SssPbH2,0.0
2545,SsssPbH,0.0
2546,SssssPb,0.0
2547,minHBd,0.00027502079744930115
2548,minwHBd,2.3815658593045915e-05
2549,minHBa,7.299494891235474e-05
2550,minwHBa,0.009724032598177026
2551,minHBint2,0.0001674634786039687
2552,minHBint3,0.00013771388051319366
2553,minHBint4,0.0031990197529613343
2554,minHBint5,0.0005920321300891624
2555,minHBint6,0.00025409997425898396
2556,minHBint7,0.000224468964011066
2557,minHBint8,0.0021904544142519445
2558,minHBint9,0.0001468685451187262
2559,minHBint10,0.00021575740846024307
2560,minHsOH,0.0006213967086581345
2561,minHdNH,0.0
2562,minHsSH,0.0
2563,minHsNH2,5.7915293692364926e-05
2564,minHssNH,6.816579217111124e-05
2565,minHaaNH,0.0
2566,minHsNH3p,0.0
2567,minHssNH2p,0.0
2568,minHsssNHp,0.0
2569,minHtCH,0.0
2570,minHdCH2,3.150796281580455e-05
2571,minHdsCH,0.00010007400941815016
2572,minHaaCH,0.0
2573,minHCHnX,1.0870208946778505e-05
2574,minHCsats,0.00021884113392524695
2575,minHCsatu,0.0002667076147372776
2576,minHAvin,0.0
2577,minHother,6.686549551511385e-05
2578,minHmisc,0.0
2579,minsLi,0.0
2580,minssBe,0.0
2581,minssssBem,0.0
2582,minsBH2,0.0
2583,minssBH,0.0
2584,minsssB,0.0
2585,minssssBm,0.0
2586,minsCH3,0.009629563728548209
2587,mindCH2,0.0
2588,minssCH2,0.018896300978451623
2589,mintCH,0.0
2590,mindsCH,0.00024180676384372507
2591,minaaCH,0.0
2592,minsssCH,0.0025520093980210515
2593,minddC,0.0
2594,mintsC,0.0
2595,mindssC,0.004257374338917607
2596,minaasC,0.0
2597,minaaaC,0.0
2598,minssssC,7.538837850983231e-05
2599,minsNH3p,0.0
2600,minsNH2,6.288417852556442e-05
2601,minssNH2p,0.0
2602,mindNH,0.0
2603,minssNH,0.0007753961184165223
2604,minaaNH,0.0
2605,mintN,0.0
2606,minsssNHp,0.0
2607,mindsN,3.369007205614385e-07
2608,minaaN,0.0
2609,minsssN,0.0002305573156581196
2610,minddsN,0.0
2611,minaasN,0.0
2612,minssssNp,0.0
2613,minsOH,3.809896106897303e-05
2614,mindO,0.002307437149688164
2615,minssO,0.00047087811732466744
2616,minaaO,0.0
2617,minaOm,0.0
2618,minsOm,0.0
2619,minsF,8.830520865806189e-07
2620,minsSiH3,0.0
2621,minssSiH2,0.0
2622,minsssSiH,0.0
2623,minssssSi,0.0
2624,minsPH2,0.0
2625,minssPH,0.0
2626,minsssP,0.0
2627,mindsssP,0.0
2628,minddsP,0.0
2629,minsssssP,0.0
2630,minsSH,0.0
2631,mindS,0.0
2632,minssS,1.9445489675549405e-06
2633,minaaS,0.0
2634,mindssS,0.0
2635,minddssS,0.0
2636,minssssssS,0.0
2637,minSm,0.0
2638,minsCl,5.944547358879614e-07
2639,minsGeH3,0.0
2640,minssGeH2,0.0
2641,minsssGeH,0.0
2642,minssssGe,0.0
2643,minsAsH2,0.0
2644,minssAsH,0.0
2645,minsssAs,0.0
2646,mindsssAs,0.0
2647,minddsAs,0.0
2648,minsssssAs,0.0
2649,minsSeH,0.0
2650,mindSe,0.0
2651,minssSe,0.0
2652,minaaSe,0.0
2653,mindssSe,0.0
2654,minssssssSe,0.0
2655,minddssSe,0.0
2656,minsBr,0.0
2657,minsSnH3,0.0
2658,minssSnH2,0.0
2659,minsssSnH,0.0
2660,minssssSn,0.0
2661,minsI,0.0
2662,minsPbH3,0.0
2663,minssPbH2,0.0
2664,minsssPbH,0.0
2665,minssssPb,0.0
2666,maxHBd,0.007159971952544515
2667,maxwHBd,0.0
2668,maxHBa,5.247999923197739e-05
2669,maxwHBa,8.845299940271422e-05
2670,maxHBint2,0.006615328019751997
2671,maxHBint3,0.004072193263535465
2672,maxHBint4,0.0002731553963256563
2673,maxHBint5,0.006811718480065403
2674,maxHBint6,0.015267501421593273
2675,maxHBint7,0.0006252794144540808
2676,maxHBint8,0.00034516420188932483
2677,maxHBint9,0.006979112535976936
2678,maxHBint10,0.010444394968978563
2679,maxHsOH,0.0008062496895693958
2680,maxHdNH,0.0
2681,maxHsSH,0.0
2682,maxHsNH2,6.0724580575417355e-05
2683,maxHssNH,0.018019821671309624
2684,maxHaaNH,0.0
2685,maxHsNH3p,0.0
2686,maxHssNH2p,0.0
2687,maxHsssNHp,0.0
2688,maxHtCH,0.0
2689,maxHdCH2,0.0
2690,maxHdsCH,0.0006174724909085907
2691,maxHaaCH,0.0
2692,maxHCHnX,4.9132162116573874e-08
2693,maxHCsats,0.002648800208806856
2694,maxHCsatu,0.004789810462931859
2695,maxHAvin,0.0
2696,maxHother,7.740228339713966e-05
2697,maxHmisc,0.0
2698,maxsLi,0.0
2699,maxssBe,0.0
2700,maxssssBem,0.0
2701,maxsBH2,0.0
2702,maxssBH,0.0
2703,maxsssB,0.0
2704,maxssssBm,0.0
2705,maxsCH3,0.00013335159354762428
2706,maxdCH2,0.0
2707,maxssCH2,4.3895376327348406e-05
2708,maxtCH,0.0
2709,maxdsCH,4.943019713777532e-05
2710,maxaaCH,0.0
2711,maxsssCH,0.00031504366054548017
2712,maxddC,0.0
2713,maxtsC,0.0
2714,maxdssC,9.313055180862372e-05
2715,maxaasC,0.0
2716,maxaaaC,0.0
2717,maxssssC,0.0
2718,maxsNH3p,0.0
2719,maxsNH2,4.12523039979807e-05
2720,maxssNH2p,0.0
2721,maxdNH,0.0
2722,maxssNH,0.00022311514812454257
2723,maxaaNH,0.0
2724,maxtN,0.0
2725,maxsssNHp,0.0
2726,maxdsN,3.7188075398565883e-08
2727,maxaaN,0.0
2728,maxsssN,0.0015213669959997262
2729,maxddsN,0.0
2730,maxaasN,0.0
2731,maxssssNp,0.0
2732,maxsOH,0.00021586756721040374
2733,maxdO,5.2758822659355295e-05
2734,maxssO,0.0007874019250232546
2735,maxaaO,0.0
2736,maxaOm,0.0
2737,maxsOm,0.0
2738,maxsF,1.5804157292768797e-06
2739,maxsSiH3,0.0
2740,maxssSiH2,0.0
2741,maxsssSiH,0.0
2742,maxssssSi,0.0
2743,maxsPH2,0.0
2744,maxssPH,0.0
2745,maxsssP,0.0
2746,maxdsssP,0.0
2747,maxddsP,0.0
2748,maxsssssP,0.0
2749,maxsSH,0.0
2750,maxdS,0.0
2751,maxssS,0.0
2752,maxaaS,0.0
2753,maxdssS,0.0
2754,maxddssS,0.0
2755,maxssssssS,0.0
2756,maxSm,0.0
2757,maxsCl,4.695443931146915e-05
2758,maxsGeH3,0.0
2759,maxssGeH2,0.0
2760,maxsssGeH,0.0
2761,maxssssGe,0.0
2762,maxsAsH2,0.0
2763,maxssAsH,0.0
2764,maxsssAs,0.0
2765,maxdsssAs,0.0
2766,maxddsAs,0.0
2767,maxsssssAs,0.0
2768,maxsSeH,0.0
2769,maxdSe,0.0
2770,maxssSe,0.0
2771,maxaaSe,0.0
2772,maxdssSe,0.0
2773,maxssssssSe,0.0
2774,maxddssSe,0.0
2775,maxsBr,0.0
2776,maxsSnH3,0.0
2777,maxssSnH2,0.0
2778,maxsssSnH,0.0
2779,maxssssSn,0.0
2780,maxsI,0.0
2781,maxsPbH3,0.0
2782,maxssPbH2,0.0
2783,maxsssPbH,0.0
2784,maxssssPb,0.0
2785,sumI,1.1273426289155599e-05
2786,meanI,0.00014541384676997377
2787,hmax,0.00011533534025787967
2788,gmax,4.5574379549854234e-05
2789,hmin,0.00024174948324445382
2790,gmin,0.0001819798226801074
2791,LipoaffinityIndex,0.0008189105348984495
2792,MAXDN,0.00022816872259565784
2793,MAXDP,0.00017717098587231972
2794,DELS,7.02178160737535e-05
2795,MAXDN2,0.0001235579653677825
2796,MAXDP2,0.00020294996183236892
2797,DELS2,1.0985469782113454e-05
2798,ETA_Alpha,4.3023104484991925e-05
2799,ETA_AlphaP,0.00010540892412766105
2800,ETA_dAlpha_A,0.0
2801,ETA_dAlpha_B,0.00010021345047752214
2802,ETA_Epsilon_1,0.00031899216342064663
2803,ETA_Epsilon_2,0.0010923900498847543
2804,ETA_Epsilon_3,6.456098042991344e-05
2805,ETA_Epsilon_4,0.0005128324281934445
2806,ETA_Epsilon_5,0.00021633983720738866
2807,ETA_dEpsilon_A,9.180836512175978e-05
2808,ETA_dEpsilon_B,0.0007687333927491629
2809,ETA_dEpsilon_C,9.746975579053149e-05
2810,ETA_dEpsilon_D,0.00013964288284407927
2811,ETA_Psi_1,0.0012911229763094589
2812,ETA_dPsi_A,0.00018788967791425043
2813,ETA_dPsi_B,0.0
2814,ETA_Shape_P,0.00016748616805070473
2815,ETA_Shape_Y,0.00013971764290729332
2816,ETA_Shape_X,9.239174159077002e-06
2817,ETA_Beta,0.0002498649701747468
2818,ETA_BetaP,6.542605292182277e-05
2819,ETA_Beta_s,2.2414685383771567e-06
2820,ETA_BetaP_s,0.000250145266484304
2821,ETA_Beta_ns,2.8411283087063276e-06
2822,ETA_BetaP_ns,0.0007208055848172048
2823,ETA_dBeta,1.9116866705508443e-05
2824,ETA_dBetaP,4.306561583043857e-05
2825,ETA_Beta_ns_d,0.0
2826,ETA_BetaP_ns_d,0.0
2827,ETA_Eta,1.7208953581259306e-05
2828,ETA_EtaP,0.0005273738604250551
2829,ETA_Eta_R,2.5511412299948804e-05
2830,ETA_Eta_F,1.258099389530518e-05
2831,ETA_EtaP_F,5.7506295394209955e-05
2832,ETA_Eta_L,2.473140356913708e-05
2833,ETA_EtaP_L,0.00032783050536270127
2834,ETA_Eta_R_L,8.490409969880784e-06
2835,ETA_Eta_F_L,3.558030385391213e-05
2836,ETA_EtaP_F_L,0.00032306079592637045
2837,ETA_Eta_B,3.3844001925526744e-05
2838,ETA_EtaP_B,0.00016868625801604354
2839,ETA_Eta_B_RC,5.258304137993612e-05
2840,ETA_EtaP_B_RC,7.004635387845841e-05
2841,FMF,0.00021199178668047906
2842,fragC,0.00010625254500877922
2843,nHBAcc,1.764397885864657e-05
2844,nHBAcc2,2.0195804984771386e-06
2845,nHBAcc3,4.4568944382712044e-05
2846,nHBAcc_Lipinski,2.3815635822514697e-06
2847,nHBDon,3.2964380435008764e-05
2848,nHBDon_Lipinski,0.000301490155373022
2849,HybRatio,0.0002884313683399431
2850,IC0,0.0006447753553547861
2851,IC1,6.961528171852823e-05
2852,IC2,6.196974615625525e-05
2853,IC3,0.00016111506639457637
2854,IC4,0.00033074770638887637
2855,IC5,0.000162915836861326
2856,TIC0,3.165769715128874e-06
2857,TIC1,3.8783148506941124e-05
2858,TIC2,8.993716465289112e-06
2859,TIC3,1.843372953852844e-05
2860,TIC4,9.438427109911304e-05
2861,TIC5,1.4382745813796508e-05
2862,SIC0,1.9657865812740508e-05
2863,SIC1,2.5387054409742563e-05
2864,SIC2,6.679466498662991e-05
2865,SIC3,6.90030270649208e-05
2866,SIC4,0.00028726384809304534
2867,SIC5,0.00026262184281334336
2868,CIC0,3.3576338755942126e-05
2869,CIC1,2.4173946020677377e-05
2870,CIC2,7.089749585471217e-05
2871,CIC3,9.918367652886836e-05
2872,CIC4,0.00022764512854838855
2873,CIC5,0.00023245700109327148
2874,BIC0,8.502264631927493e-05
2875,BIC1,1.590744990289783e-05
2876,BIC2,8.154826513696169e-05
2877,BIC3,8.214539528767875e-05
2878,BIC4,0.0002549309914062165
2879,BIC5,0.00025811133964500645
2880,MIC0,0.0004394399668020029
2881,MIC1,7.41780145230066e-05
2882,MIC2,3.8672485165581224e-05
2883,MIC3,5.851140229932757e-05
2884,MIC4,9.323537155454022e-05
2885,MIC5,0.00013756796666020734
2886,ZMIC0,1.11795647923216e-05
2887,ZMIC1,2.5554773612472595e-05
2888,ZMIC2,0.00018670166169351988
2889,ZMIC3,0.00010398137300398122
2890,ZMIC4,0.00010914125299654834
2891,ZMIC5,0.00023490852405902936
2892,Kier1,2.368273801829161e-05
2893,Kier2,0.00014960532864280248
2894,Kier3,0.0003178907303094824
2895,nAtomLC,0.0006609895107405069
2896,nAtomP,8.555459472768705e-05
2897,nAtomLAC,0.0003306594646715611
2898,MLogP,1.2545407820218728e-05
2899,McGowan_Volume,2.9752802542344784e-05
2900,MDEC-11,0.00039193895850605186
2901,MDEC-12,0.0005878516204076877
2902,MDEC-13,8.970609694833483e-05
2903,MDEC-14,0.0002125414668642607
2904,MDEC-22,1.8743268256799254e-05
2905,MDEC-23,0.0001357014798810412
2906,MDEC-24,0.00038802811078934147
2907,MDEC-33,0.0003687367723701783
2908,MDEC-34,0.0001518534814350007
2909,MDEC-44,0.0
2910,MDEO-11,0.0005596851647685778
2911,MDEO-12,0.00022541609061807997
2912,MDEO-22,0.0
2913,MDEN-11,0.0
2914,MDEN-12,4.906759948787385e-09
2915,MDEN-13,0.00019627345752170724
2916,MDEN-22,0.0006984386135986271
2917,MDEN-23,0.0002469415375583446
2918,MDEN-33,0.00018154341860565428
2919,MLFER_A,0.0010826339783244973
2920,MLFER_BH,0.0009232185044781924
2921,MLFER_BO,0.000348312876785376
2922,MLFER_S,0.0004298768546333162
2923,MLFER_E,0.00021045380038065443
2924,MLFER_L,5.8468784948563766e-05
2925,MPC2,1.4116897666072086e-06
2926,MPC3,0.00027688029249702385
2927,MPC4,3.037707494676507e-05
2928,MPC5,1.594257993629713e-05
2929,MPC6,5.9749579174767214e-05
2930,MPC7,9.511269054087189e-06
2931,MPC8,5.076711835130514e-06
2932,MPC9,0.00014266511906198598
2933,MPC10,0.00011395150621319565
2934,TPC,1.4865608943888513e-05
2935,piPC1,3.870680819408202e-05
2936,piPC2,0.00016318218177538093
2937,piPC3,8.697228497653244e-05
2938,piPC4,6.050629120188702e-05
2939,piPC5,3.581832100498736e-05
2940,piPC6,0.00018750717474560411
2941,piPC7,0.00022899383043965257
2942,piPC8,0.00014247208923377108
2943,piPC9,0.00012104744039468652
2944,piPC10,0.00020009903725354503
2945,TpiPC,0.00015551215111362035
2946,R_TpiPCTPC,0.0006132282102593703
2947,PetitjeanNumber,0.000377641695915464
2948,nRing,7.83375238400647e-05
2949,n3Ring,0.0
2950,n4Ring,0.0
2951,n5Ring,1.4600564591398695e-05
2952,n6Ring,0.0067318595281629584
2953,n7Ring,0.0
2954,n8Ring,0.0
2955,n9Ring,0.0
2956,n10Ring,0.0
2957,n11Ring,0.0
2958,n12Ring,0.0
2959,nG12Ring,0.0
2960,nFRing,2.0692068901534666e-05
2961,nF4Ring,0.0
2962,nF5Ring,0.0
2963,nF6Ring,0.0
2964,nF7Ring,0.0
2965,nF8Ring,0.0
2966,nF9Ring,7.541930425065331e-06
2967,nF10Ring,0.0
2968,nF11Ring,0.0
2969,nF12Ring,0.0
2970,nFG12Ring,0.0002576148875393246
2971,nTRing,0.00018278994517576284
2972,nT4Ring,0.0
2973,nT5Ring,0.00011471625130669958
2974,nT6Ring,0.0023549128769647077
2975,nT7Ring,0.0
2976,nT8Ring,0.0
2977,nT9Ring,4.958410053167818e-08
2978,nT10Ring,0.0
2979,nT11Ring,0.0
2980,nT12Ring,0.0
2981,nTG12Ring,5.164329047456973e-06
2982,nHeteroRing,0.0003544419295595927
2983,n3HeteroRing,0.0
2984,n4HeteroRing,0.0
2985,n5HeteroRing,8.530014794500784e-07
2986,n6HeteroRing,0.0024281526421182096
2987,n7HeteroRing,0.0
2988,n8HeteroRing,0.0
2989,n9HeteroRing,0.0
2990,n10HeteroRing,0.0
2991,n11HeteroRing,0.0
2992,n12HeteroRing,0.0
2993,nG12HeteroRing,0.0
2994,nFHeteroRing,0.0
2995,nF4HeteroRing,0.0
2996,nF5HeteroRing,0.0
2997,nF6HeteroRing,0.0
2998,nF7HeteroRing,0.0
2999,nF8HeteroRing,0.0
3000,nF9HeteroRing,0.0
3001,nF10HeteroRing,0.0
3002,nF11HeteroRing,0.0
3003,nF12HeteroRing,0.0
3004,nFG12HeteroRing,3.1218923139244044e-06
3005,nTHeteroRing,0.0
3006,nT4HeteroRing,7.719108150404918e-07
3007,nT5HeteroRing,3.548558558218455e-07
3008,nT6HeteroRing,0.0022384357795473186
3009,nT7HeteroRing,0.0
3010,nT8HeteroRing,0.0
3011,nT9HeteroRing,0.0
3012,nT10HeteroRing,0.0
3013,nT11HeteroRing,0.0
3014,nT12HeteroRing,0.0
3015,nTG12HeteroRing,0.00011457796845034823
3016,nRotB,0.000730142340299619
3017,RotBFrac,0.005195907064572725
3018,nRotBt,0.00383917989667158
3019,RotBtFrac,0.0018605354810656552
3020,LipinskiFailures,0.0002878324357505973
3021,topoRadius,5.601894791364953e-05
3022,topoDiameter,0.00017292866192704088
3023,topoShape,0.00031931395948794704
3024,GGI1,6.65940647383945e-05
3025,GGI2,1.2538528196232372e-05
3026,GGI3,0.0010223571422051433
3027,GGI4,0.00012612574364509813
3028,GGI5,0.00014350588734232743
3029,GGI6,0.00017049376251283884
3030,GGI7,8.783763148698086e-05
3031,GGI8,0.0014448733848610497
3032,GGI9,0.0005679988163645228
3033,GGI10,0.00013179925470842554
3034,JGI1,4.359049675045985e-05
3035,JGI2,0.00017140954312976525
3036,JGI3,0.00014811025829474675
3037,JGI4,0.00024430021409387265
3038,JGI5,0.0002520896486749686
3039,JGI6,9.871888314056139e-05
3040,JGI7,0.00019284741806883355
3041,JGI8,0.0004861665676773748
3042,JGI9,0.00020014706201654654
3043,JGI10,0.0001595852284634374
3044,JGT,0.00028319004629811313
3045,SpMax_D,2.3310984116414603e-05
3046,SpDiam_D,5.916439155656065e-05
3047,SpAD_D,1.1473385168498748e-05
3048,SpMAD_D,0.00010931280192182739
3049,EE_D,1.3070589488808206e-06
3050,VE1_D,0.0002132911535342102
3051,VE2_D,0.00032504342705478646
3052,VE3_D,0.00014581433936337686
3053,VR1_D,0.00011372969579793326
3054,VR2_D,0.00025942918357100696
3055,VR3_D,9.157602869892337e-05
3056,TopoPSA_y,7.964478336570706e-05
3057,VABC,3.586582705668754e-05
3058,VAdjMat,1.0222085792517158e-06
3059,MWC2,5.556761928223442e-06
3060,MWC3,4.8408411215617216e-05
3061,MWC4,2.8930062058335533e-06
3062,MWC5,0.00012379742362850378
3063,MWC6,5.992605548641134e-06
3064,MWC7,1.3171919252550499e-05
3065,MWC8,3.778717087102399e-05
3066,MWC9,1.5777781711855255e-05
3067,MWC10,2.2445258474113575e-05
3068,TWC,2.53962237744927e-05
3069,SRW2,1.2730895163622554e-05
3070,SRW3,2.4038837565429792e-05
3071,SRW4,1.1254280655265433e-06
3072,SRW5,0.00011623163844748878
3073,SRW6,5.9847252946972895e-05
3074,SRW7,0.0001920088026281944
3075,SRW8,4.214580293232526e-06
3076,SRW9,4.361958454541665e-05
3077,SRW10,1.3492944231789463e-05
3078,TSRW,1.1130572970366328e-05
3079,MW,0.0003408405102957327
3080,AMW,5.215951541582672e-05
3081,WTPT-1,2.6888486613519267e-06
3082,WTPT-2,6.352973090141336e-05
3083,WTPT-3,7.753867920564867e-06
3084,WTPT-4,0.00010783211762122521
3085,WTPT-5,0.0011218935149122694
3086,WPATH,1.769413978365085e-05
3087,WPOL,1.9413724751373555e-05
3088,XLogP,0.0016638053274823678
3089,Zagreb,2.8369249317319244e-06
3090,3d_rdkit_1,0.00013517194850508135
3091,3d_rdkit_2,7.793466132106473e-05
3092,3d_rdkit_3,0.00010984170638076471
3093,3d_rdkit_4,0.0003481087862604402
3094,3d_rdkit_5,0.00035981135764498294
3095,3d_rdkit_6,0.00019189423999020584
3096,3d_rdkit_7,0.00018988496996993085
3097,3d_rdkit_8,0.00031838365558395815
3098,3d_rdkit_9,0.0004329527374647665
3099,3d_rdkit_10,0.0009721972447075932
3100,3d_rdkit_11,0.0006071493869247641
3101,TDB1u,0.00021244745393678266
3102,TDB2u,0.00016761053064660145
3103,TDB3u,0.00019517452235872612
3104,TDB4u,0.00014543935887783134
3105,TDB5u,0.00018778515973135837
3106,TDB6u,0.00037565336665743563
3107,TDB7u,0.00022171606357728618
3108,TDB8u,0.00030010897871259767
3109,TDB9u,0.00033987489032995797
3110,TDB10u,0.00028979666402682315
3111,TDB1m,0.0005291872908179109
3112,TDB2m,7.902229648173471e-05
3113,TDB3m,0.00014221450249781104
3114,TDB4m,0.0001632238148682539
3115,TDB5m,0.0003475110017285209
3116,TDB6m,0.00112156438526833
3117,TDB7m,0.0003094633098311467
3118,TDB8m,0.0004222321092441972
3119,TDB9m,0.00018135212662935676
3120,TDB10m,0.00015703426733974793
3121,TDB1v,7.99029884947325e-05
3122,TDB2v,8.922363006551431e-05
3123,TDB3v,0.00014989769390080624
3124,TDB4v,0.00012937177247728207
3125,TDB5v,0.0003101236231351893
3126,TDB6v,0.00020436050142478323
3127,TDB7v,6.38712154439424e-05
3128,TDB8v,8.718135553278423e-05
3129,TDB9v,0.00021330542063305617
3130,TDB10v,0.0002092601829781803
3131,TDB1e,0.00011082137231442369
3132,TDB2e,7.69267756183462e-05
3133,TDB3e,6.527586046036956e-05
3134,TDB4e,0.0002603223072003357
3135,TDB5e,0.0002639786180159897
3136,TDB6e,0.00021646374349762606
3137,TDB7e,0.00035104367558768827
3138,TDB8e,0.00011930010400403767
3139,TDB9e,0.0003264657022686786
3140,TDB10e,0.000154325434768213
3141,TDB1p,0.00013311257267500375
3142,TDB2p,2.4165581538955063e-05
3143,TDB3p,0.00013424459594463942
3144,TDB4p,0.000339807339224926
3145,TDB5p,0.0002986002269257034
3146,TDB6p,0.00023552675077287652
3147,TDB7p,8.573372281690613e-05
3148,TDB8p,0.00021274903544391254
3149,TDB9p,0.00018053028876066046
3150,TDB10p,0.00017229220031003358
3151,TDB1i,0.0005423902571078538
3152,TDB2i,0.00040430976996007844
3153,TDB3i,0.000262500852160979
3154,TDB4i,0.00025546927205940824
3155,TDB5i,0.0002606116965592044
3156,TDB6i,0.00020391329022554253
3157,TDB7i,0.0005284510968992185
3158,TDB8i,0.0002924889178902799
3159,TDB9i,0.0005424234088041267
3160,TDB10i,0.00033001523766086106
3161,TDB1s,0.0004329077465377902
3162,TDB2s,0.00010178447010605409
3163,TDB3s,0.0002940172760502651
3164,TDB4s,0.00017023822902160405
3165,TDB5s,0.0001266331463463823
3166,TDB6s,0.00019303555322951906
3167,TDB7s,0.0002594740926828973
3168,TDB8s,0.01155831012826747
3169,TDB9s,0.03792035969529276
3170,TDB10s,0.012913843078974691
3171,TDB1r,0.00013408643444794572
3172,TDB2r,0.00011617276286537184
3173,TDB3r,0.00014288040143728377
3174,TDB4r,8.971424987203868e-05
3175,TDB5r,0.00019882948239836637
3176,TDB6r,0.00018295757575556077
3177,TDB7r,9.727870563127922e-05
3178,TDB8r,0.00012665021400763013
3179,TDB9r,9.61415874275732e-05
3180,TDB10r,0.00026190357453002334
3181,PPSA-1,0.00023666200652470016
3182,PPSA-2,5.69178189500114e-05
3183,PPSA-3,0.0003008514377355974
3184,PNSA-1,0.009367680070202526
3185,PNSA-2,4.430916962607065e-05
3186,PNSA-3,0.007128644802375788
3187,DPSA-1,0.0001216574825426076
3188,DPSA-2,0.0001250223275243856
3189,DPSA-3,0.007547368327725139
3190,FPSA-1,0.00023908208210383314
3191,FPSA-2,5.6966407991924116e-05
3192,FPSA-3,0.00042097979011846695
3193,FNSA-1,0.00020699998736396034
3194,FNSA-2,0.00941572354095004
3195,FNSA-3,0.00022880955711053783
3196,WPSA-1,8.034171089242648e-05
3197,WPSA-2,7.214565406252458e-05
3198,WPSA-3,0.00026425380494407
3199,WNSA-1,0.00018065752819918255
3200,WNSA-2,0.0003785503986047332
3201,WNSA-3,0.00016989472183671626
3202,RPCG_y,0.001612630750071264
3203,RNCG_y,3.237135168924909e-05
3204,RPCS,0.0002114372161192461
3205,RNCS,0.0001859452625696771
3206,THSA,0.00010364169636970588
3207,TPSA_y,0.0048319012491570635
3208,RHSA,0.000535871897525958
3209,RPSA,0.00044226086640608667
3210,GRAV-1,4.4326741982736484e-05
3211,GRAV-2,3.799998941436837e-05
3212,GRAV-3,2.1818535712490475e-05
3213,GRAVH-1,3.394036092596314e-05
3214,GRAVH-2,2.8036730847283778e-05
3215,GRAVH-3,3.134628623373782e-05
3216,GRAV-4,0.0003494257068405881
3217,GRAV-5,5.0039210156826694e-05
3218,GRAV-6,4.1009779157638636e-05
3219,LOBMAX,0.0004446436438363346
3220,LOBMIN,0.0003455094591057862
3221,MOMI-X,0.0002607446931533128
3222,MOMI-Y,0.00014339962570231052
3223,MOMI-Z,4.756577748721091e-05
3224,MOMI-XY,0.0005214647458678516
3225,MOMI-XZ,0.00023291513445635625
3226,MOMI-YZ,0.00019816651399976872
3227,MOMI-R,0.0002155147039312826
3228,geomRadius,0.00026266716798906625
3229,geomDiameter,0.0004451321133990472
3230,geomShape,0.00018588641869446716
3231,RDF10u,3.099498621974551e-05
3232,RDF15u,8.375401830945947e-05
3233,RDF20u,0.00010181647569540673
3234,RDF25u,0.00019284326798730896
3235,RDF30u,0.0002583301097360215
3236,RDF35u,0.0006367064947849378
3237,RDF40u,0.00032973977669475155
3238,RDF45u,0.00013871702547885173
3239,RDF50u,9.468806223211875e-05
3240,RDF55u,0.00010487537938305789
3241,RDF60u,0.00014854122355896474
3242,RDF65u,0.00019754287245470558
3243,RDF70u,0.00017212377062965776
3244,RDF75u,0.00013829703233013052
3245,RDF80u,0.0003020345475023364
3246,RDF85u,0.00014884200119740185
3247,RDF90u,9.045028009727213e-05
3248,RDF95u,8.297100256778456e-05
3249,RDF100u,0.00014519276733165605
3250,RDF105u,0.00011289518863814122
3251,RDF110u,0.0001389833006553951
3252,RDF115u,0.0001758067171804239
3253,RDF120u,0.0001637624429953855
3254,RDF125u,0.00015351016383375934
3255,RDF130u,7.052478265395883e-05
3256,RDF135u,6.635608888274434e-05
3257,RDF140u,9.864292816728242e-05
3258,RDF145u,0.00011549906069940367
3259,RDF150u,9.263869178695644e-05
3260,RDF155u,8.669333447142085e-05
3261,RDF10m,0.0001302964821231979
3262,RDF15m,5.91513155546757e-05
3263,RDF20m,0.00013266767079102784
3264,RDF25m,0.00030386033880567127
3265,RDF30m,0.0001938651411907336
3266,RDF35m,0.00033838457961519786
3267,RDF40m,0.0003698701324087458
3268,RDF45m,0.0002591644408721271
3269,RDF50m,0.00022818000317197386
3270,RDF55m,0.0003601010752734832
3271,RDF60m,0.00019205990539602273
3272,RDF65m,0.0002360662311588461
3273,RDF70m,0.00012657589691742358
3274,RDF75m,0.0002634563571848165
3275,RDF80m,0.00031546943390190434
3276,RDF85m,0.00027606200546471824
3277,RDF90m,0.00013983420784853163
3278,RDF95m,0.00012678316322021032
3279,RDF100m,0.00017590400943544255
3280,RDF105m,0.0001506487511629369
3281,RDF110m,0.000128579160556883
3282,RDF115m,9.798861806220924e-05
3283,RDF120m,0.0001829910830847306
3284,RDF125m,0.00022573187836012992
3285,RDF130m,0.00011185706434506551
3286,RDF135m,0.0001677499387123541
3287,RDF140m,0.0003703054197784783
3288,RDF145m,0.00012972158746508763
3289,RDF150m,0.00021689560072769016
3290,RDF155m,0.0002978252167118355
3291,RDF10v,5.2247514056719544e-05
3292,RDF15v,1.3452926399797577e-05
3293,RDF20v,0.00013180855490831642
3294,RDF25v,0.0004161858122893823
3295,RDF30v,0.0002032452893090153
3296,RDF35v,0.00010774590996142607
3297,RDF40v,0.00018857145934998807
3298,RDF45v,0.00032298434380059304
3299,RDF50v,0.00029968713419450136
3300,RDF55v,0.00021281276726575795
3301,RDF60v,0.00019819222444780098
3302,RDF65v,0.0001415691351336374
3303,RDF70v,0.00016153018637036327
3304,RDF75v,0.00021426363057575165
3305,RDF80v,0.00018070548787892506
3306,RDF85v,8.132483320418145e-05
3307,RDF90v,0.00010039503615636606
3308,RDF95v,0.00010142663812795068
3309,RDF100v,0.0004139659908967144
3310,RDF105v,0.00022794583328852305
3311,RDF110v,0.00018546311041138077
3312,RDF115v,8.584788851823961e-05
3313,RDF120v,5.4034383604417076e-05
3314,RDF125v,8.673696070984655e-05
3315,RDF130v,4.102253378896632e-05
3316,RDF135v,0.00017372863181721847
3317,RDF140v,7.348693761067024e-05
3318,RDF145v,6.364904114486635e-05
3319,RDF150v,0.0001901090851770401
3320,RDF155v,0.00011126935253822998
3321,RDF10e,5.184301609262396e-05
3322,RDF15e,0.0001109318007447774
3323,RDF20e,0.00013076924610680159
3324,RDF25e,0.0003129981740600989
3325,RDF30e,0.00019224143983762455
3326,RDF35e,0.0007368378689024013
3327,RDF40e,0.00029376643725121786
3328,RDF45e,0.00023183615997537945
3329,RDF50e,9.055559874592738e-05
3330,RDF55e,0.00021012651648850202
3331,RDF60e,0.0003564012070849676
3332,RDF65e,8.16561485817765e-05
3333,RDF70e,0.00013857471421296173
3334,RDF75e,0.00014941065828639506
3335,RDF80e,0.00023104825076382626
3336,RDF85e,0.00013675986470032788
3337,RDF90e,1.4733717111855928e-05
3338,RDF95e,0.00010936009237240201
3339,RDF100e,0.00017367026414729796
3340,RDF105e,0.0001319371548047467
3341,RDF110e,6.633510718995064e-05
3342,RDF115e,0.00025239809034111364
3343,RDF120e,9.749340113466506e-05
3344,RDF125e,0.00012210488620175214
3345,RDF130e,0.00011621394861869444
3346,RDF135e,0.00014379944676508536
3347,RDF140e,8.051085505498755e-05
3348,RDF145e,8.397680777572925e-05
3349,RDF150e,7.079055375096317e-05
3350,RDF155e,4.583197305224464e-05
3351,RDF10p,0.00011771382790488891
3352,RDF15p,7.551236771377297e-05
3353,RDF20p,0.00014370695187813662
3354,RDF25p,0.00010141775291145866
3355,RDF30p,0.0001409438907267141
3356,RDF35p,0.00011514255979447595
3357,RDF40p,0.0002849388953571967
3358,RDF45p,0.00024161513097814425
3359,RDF50p,0.00024695091369933013
3360,RDF55p,0.00019251569543825297
3361,RDF60p,0.0001973450169204433
3362,RDF65p,0.00015917994332262513
3363,RDF70p,0.00016546405331059453
3364,RDF75p,0.0002696828974607711
3365,RDF80p,0.00011411826140016571
3366,RDF85p,0.0001012903084794482
3367,RDF90p,5.4622017604171653e-05
3368,RDF95p,0.00013239895561331115
3369,RDF100p,0.00035670445418045356
3370,RDF105p,0.00017366992212327782
3371,RDF110p,0.00012585935692346
3372,RDF115p,0.00020522437055575435
3373,RDF120p,9.535569431726331e-05
3374,RDF125p,0.00016955202567476313
3375,RDF130p,7.022687326149973e-05
3376,RDF135p,0.00020461681722909442
3377,RDF140p,0.00011857996758416842
3378,RDF145p,4.8011640928864084e-05
3379,RDF150p,5.839338308226395e-05
3380,RDF155p,0.0001001830644948499
3381,RDF10i,0.0002129784808977606
3382,RDF15i,9.51233939118122e-05
3383,RDF20i,8.657251637991322e-05
3384,RDF25i,0.0001645942414149537
3385,RDF30i,0.00016060076635389666
3386,RDF35i,0.0006474785993872377
3387,RDF40i,0.00017075657174138475
3388,RDF45i,0.0002022012906182756
3389,RDF50i,0.00019062775810372285
3390,RDF55i,0.0001186979822961767
3391,RDF60i,0.0007182336977816056
3392,RDF65i,9.451600745246142e-05
3393,RDF70i,0.0001780329512938413
3394,RDF75i,7.66955324644041e-05
3395,RDF80i,0.00013382701625167453
3396,RDF85i,0.00014661963563134014
3397,RDF90i,0.00032738900809840013
3398,RDF95i,2.985638535252929e-05
3399,RDF100i,0.00016873495565721203
3400,RDF105i,0.00013921443853321031
3401,RDF110i,0.000107772013822609
3402,RDF115i,0.00026679763481961814
3403,RDF120i,6.466654410746193e-05
3404,RDF125i,0.00016866332515100285
3405,RDF130i,8.723567864126039e-05
3406,RDF135i,0.00013805877471482575
3407,RDF140i,3.7274783197040495e-05
3408,RDF145i,5.4613958735006315e-05
3409,RDF150i,0.00016758556568660248
3410,RDF155i,6.813285004445532e-05
3411,RDF10s,0.00013266036761870893
3412,RDF15s,6.05207888065141e-05
3413,RDF20s,0.0004019608750032617
3414,RDF25s,0.0003711324286820797
3415,RDF30s,0.0003291506516235538
3416,RDF35s,0.0005188208473300719
3417,RDF40s,0.0001428216207883267
3418,RDF45s,0.00030724570959718043
3419,RDF50s,0.00022877471285943945
3420,RDF55s,0.00031554333147303993
3421,RDF60s,0.00065385343372571
3422,RDF65s,0.00016592109658999352
3423,RDF70s,0.0002815653617204956
3424,RDF75s,0.00014020808478635755
3425,RDF80s,0.00018746414303234747
3426,RDF85s,0.00019200856186282089
3427,RDF90s,0.0002731822028880988
3428,RDF95s,0.0001975678330439074
3429,RDF100s,0.0001751646988877913
3430,RDF105s,0.0004571079508448181
3431,RDF110s,0.00011681505212207419
3432,RDF115s,0.00020174156419503704
3433,RDF120s,6.973689558232779e-05
3434,RDF125s,0.00014984784404115337
3435,RDF130s,0.00015867953082518687
3436,RDF135s,0.0002536824138806839
3437,RDF140s,0.00010076603137325258
3438,RDF145s,0.00011902435547961013
3439,RDF150s,9.17414726609881e-05
3440,RDF155s,0.0002214093147081132
3441,L1u,0.00023067678334720185
3442,L2u,0.0001538599335900718
3443,L3u,0.00018081261595958653
3444,P1u,0.00022258861676723672
3445,P2u,0.0004117181196558182
3446,E1u,0.00022016585024376998
3447,E2u,0.00040492412466688253
3448,E3u,0.0006714144233201317
3449,Tu,0.00015363156696506693
3450,Au,0.00013157778067253849
3451,Vu,0.00012000199082889253
3452,Ku,0.000250171483398663
3453,Du,0.00025779121502603284
3454,L1m,0.00015357258289060838
3455,L2m,0.00010031162589049339
3456,L3m,0.00020642629844969592
3457,P1m,0.00010579393181735595
3458,P2m,0.0005423602451681393
3459,E1m,0.0005362342323678998
3460,E2m,0.00037705586138217566
3461,E3m,0.00028540047522896046
3462,Tm,0.00010350204793420584
3463,Am,0.0001622217665303406
3464,Vm,0.00019417122326822347
3465,Km,0.00024387669092164286
3466,Dm,0.00031171096511620503
3467,L1v,0.0002348751948095452
3468,L2v,0.00016629781528704302
3469,L3v,0.0002888973114734256
3470,P1v,0.00018233373444921915
3471,P2v,0.0003664607288996597
3472,E1v,0.0005496868626670308
3473,E2v,0.00039898971577977674
3474,E3v,0.0002977019387887106
3475,Tv,0.00012723105705781697
3476,Av,4.6513400488985345e-05
3477,Vv,8.242402668493636e-05
3478,Kv,0.00039443009458526164
3479,Dv,0.000391181227428968
3480,L1e,9.348872420418956e-05
3481,L2e,0.00022500100156859723
3482,L3e,0.00016849151721498498
3483,P1e,0.00034288929365646007
3484,P2e,0.00025045091830693797
3485,E1e,0.0004981993001529229
3486,E2e,0.0005356370245802745
3487,E3e,0.00044405106056721514
3488,Te,0.00021600733621713388
3489,Ae,8.966435061481365e-05
3490,Ve,0.00010711229766625856
3491,Ke,0.0005228852653360518
3492,De,0.00039123720028332265
3493,L1p,0.00027610829584583216
3494,L2p,0.00011442498536484887
3495,L3p,0.00018870752593306824
3496,P1p,0.0002018792875582666
3497,P2p,0.000240796875062831
3498,E1p,0.000438057130767796
3499,E2p,0.0004922212687507437
3500,E3p,0.0004224918187446595
3501,Tp,3.4032522212759426e-05
3502,Ap,9.08872454696072e-05
3503,Vp,4.4283875937201844e-05
3504,Kp,0.00016006584282827848
3505,Dp,0.0003938316224427495
3506,L1i,5.548423829206145e-05
3507,L2i,0.0001740833930835643
3508,L3i,0.000203213870359369
3509,P1i,0.00012437444548304893
3510,P2i,0.0003337769520168382
3511,E1i,0.00047919130725195756
3512,E2i,0.0003842113701700644
3513,E3i,0.0007010899499053673
3514,Ti,8.398857635685205e-05
3515,Ai,7.226955343728296e-05
3516,Vi,0.0001467606018249471
3517,Ki,0.0002441321355429496
3518,Di,0.0002159431041972381
3519,L1s,0.00021573624155442396
3520,L2s,0.00012768150973702474
3521,L3s,0.00016718972200643144
3522,P1s,0.0002009922350921721
3523,P2s,0.00042627442516292107
3524,E1s,0.0008082714200424243
3525,E2s,0.000298776038595272
3526,E3s,0.0006322932959195033
3527,Ts,0.00012121833635232313
3528,As,0.00016660933669748726
3529,Vs,0.0001120369318694718
3530,Ks,0.0003189677588699445
3531,Ds,0.00041552795196589143
