,Model,Y Train pred,Y Test actual,Test prediction folds,Test Predictions Mean,Test Predictions Std
0,LGBMRegressor,"[-5.743614881182878, -6.356095544178884, -6.87272450695592, -5.973219333998032, -6.76633216463506, -5.894195232978286, -5.386134464256504, -6.617497499249164, -6.605982862875355, -5.710975547627655, -5.565976475547485, -4.928005822598435, -5.274315580190325, -5.182402630041931, -6.8430728702232155, -7.090807852583438, -5.441102182900559, -5.477321264765319, -5.435667665184055, -6.80902163345379, -6.326917687451996, -7.280996261845431, -7.133106770226945, -7.49475846868082, -7.104868271270656, -6.504415177335897, -6.688241109145024, -6.177256232413847, -6.706706508215219, -6.805244316024605, -6.591485684690257, -6.217548219318429, -6.537045720636275, -5.691497532578072, -5.757559462486256, -5.549761588482269, -6.0101905288486615, -5.839531230061739, -5.964942670290634, -7.159590018391183, -5.793744658915466, -6.364918428432677, -5.899305957090303, -6.706776734595322, -6.940239053644078, -7.260021936320963, -7.3310545870762445, -5.753689545870357, -5.826934842262369, -5.488251841452584, -5.58670362155565, -5.536973913337219, -5.734435710420002, -5.6619481474597135, -5.6387401651629, -5.985306773577225, -5.682050536091056, -6.017200795475852, -5.797223421351023, -5.849117159531095, -5.693891269794058, -5.79552681594902, -6.032409634820028, -5.665765393871335, -5.63294702847875, -5.920842273181354, -6.137537015491576, -5.661684753955405, -5.77498633855902, -6.065386166587784, -6.070482227317412, -5.893830413949647, -5.954317199513558, -5.680664073638026, -5.351364184060685, -5.519811546335254, -5.3883508513190845, -4.337152253926061, -4.514507041450781, -4.3922976865468355, -4.558125865564496, -4.519873464910769, -4.994187853310008, -4.9180416965067915, -5.004024536032569, -5.411156577588232, -5.0866868974705834, -5.338417408226442, -5.571325846849131, -6.314933244524337, -6.237778327955129, -4.699922405014312, -6.0375143201747195, -5.909529432431316, -5.722198274429339, -6.547617548538472, -7.255528886335819, -7.289139792322041, -7.4876100436760185, -6.764233310316338, -7.233477973193365, -7.162651898810985, -5.659784371592759, -7.3101967724951, -6.611971993875692, -7.171916705672209, -7.366764307085334, -6.084038208319235, -6.961833679719075, -7.2303841098868284, -6.518586098860922, -7.059381770227027, -6.5891653647783075, -6.668237839319358, -7.177273375637837, -7.452283960826319, -7.069631907255489, -6.497415915820126, -7.0010706927878905, -6.170160637980721, -6.285770240201732, -7.150791940368186, -7.485921353954451, -7.245388411658026, -7.288077368402008, -7.226242255197045, -7.2746359497365525, -7.324330352513262, -6.0365370808181495, -7.010919579945042, -7.407698850638361, -5.9485124983656705, -7.589859704633973, -6.0020768302108145, -6.728379540294192, -7.1862201560326024, -7.258734286866711, -6.752964370039249, -7.305571309942541, -5.511389970428772, -6.427752399143247, -6.345061491183507, -7.214875254434247, -6.090220470092509, -6.621567049689309, -7.135028142982223, -6.52170670206881, -5.902514116971054, -6.3445900933989865, -5.7483941066421815, -5.707232210638662, -6.913416326734136, -5.943954543650848, -6.358978719354515, -5.994840821728124, -5.719350788187397, -5.750619839063128, -7.005516779460219, -6.886090099788631, -7.115219237203743, -6.084138352502491, -6.472161161250919, -5.929422513846865, -5.972726874906214, -6.489064645590556, -6.273348382619793, -6.283565010816857, -6.648262341411005, -6.69486391465285, -6.177309212809701, -5.820884531513577, -6.260663865794386, -5.709471019391486, -7.2047825204158125, -6.0304819202769595, -6.1461840033152155, -6.917670977663659, -7.0397259461671915, -5.747648629432718, -6.168287486969951, -6.021285304912735, -6.895023308377643, -6.215747200723838, -6.158880165815911, -5.740488451643398, -7.4010027117399675, -7.112567268923517, -6.4579901148830166, -5.894231517100634, -6.200818904443507, -5.920344980708407, -6.025970018739437, -6.557034828811245, -6.4179099142592335, -6.300142369756056, -5.749333573830714, -6.125972965041312, -6.132510682579785, -5.683613214568698, -5.828072143388008, -6.100018777723022, -7.185367686128935, -5.715538221019453, -6.406265976446956, -5.299165555865907, -5.0472719178978025, -5.685452223390769, -5.555789120188323, -5.825007267193436, -5.614497448088322, -6.744972956420766, -6.0764533892210775, -5.393864519460216, -5.4473681116613415, -6.812603505007005, -6.063702626651272, -5.8278956309092305, -5.419623677875857, -6.908684538596226, -5.759706465674621, -5.69657527948534, -6.0420936190633325, -5.9372032948403355, -6.819291192444918, -7.013613777035797, -6.52928267071434, -6.899378079018643, -7.02940653792706, -6.289970394495906, -6.544666055441977, -5.852567066728502, -5.8599868120923295, -5.746017748076174, -5.821169257683364, -5.839160459194591, -5.720957186566409, -5.90712799736758, -5.559539184673512, -5.611347111184253, -5.8612311207845655, -5.828575102453517, -5.678347570545576, -6.328770002296987, -5.707863484492536, -5.961570631871849, -6.059908473103846, -5.829694547018979, -6.906981872142124, -6.212142160066805, -5.8871880360819375, -5.779913557785416, -5.726294230526441, -5.954415760200767, -5.5135363511808775, -5.961030430284478, -5.693457616194165, -5.842853271757295, -5.61592803988873, -5.728048187718077, -5.622774294227793, -5.73496579921092, -5.7047798494555195, -5.671100029341067, -5.792979809946436, -5.8897775823053236, -5.730950043503308, -5.702473816943516, -5.4830957975167545, -6.2992392998767945, -5.771070071997348, -5.618696226909134, -5.989814876766944, -6.529916476723516, -5.779462288111309, -5.858197601136741, -4.320656398177982, -4.6579060248505115, -5.1498325862363545, -4.930026745298962, -4.889966559626791, -4.551791937941207, -4.836697320143532, -5.178133318912402, -5.508327686182543, -5.5534696498015155, -5.788221711663593, -5.218522109085751, -5.236674470037082, -5.955835645416481, -4.875327861955359, -6.692113309005705, -7.1531533428642815, -7.182389368923803, -7.291150727622363, -7.175248396587264, -6.238543655155908, -6.242335723095719, -6.230646381750991, -7.222476101364268, -7.008261399246481, -7.2220697161399325, -6.933386322805632, -7.13917432034616, -6.153185248366168, -7.174526586879842, -6.185046816966601, -6.44029500468994, -6.976100963864537, -6.664497274327957, -6.510949305586155, -6.461995508528354, -6.156348595030073, -6.338214873656907, -7.246428969868579, -6.65005989831425, -7.256671588593424, -7.177514492981981, -7.006062015603529, -7.175912045601798, -6.873664952675473, -7.168744903384687, -7.2256271120614635, -5.784344905130404, -7.08824819188274, -7.2241693816033425, -6.94948575966141, -6.926372058737723, -7.090219209753482, -6.575020010666587, -7.193260283336958, -7.197088487172834, -6.8404579104083645, -6.714039916215903, -6.915881336336687, -7.42847497244094, -6.393823302936897, -6.216943064739684, -5.532449477726327, -6.108934630580252, -6.201777405984587, -6.66626534917886, -6.906649801836455, -6.637820095585367, -6.24229153532507, -5.7193760910950555, -6.162566053702997, -5.879989581537306, -6.984595012450954, -7.014541761291981, -7.183746012171445, -6.089338130836595, -6.361387099296885, -5.968791930873208, -7.1007798931357415, -6.627728916874645, -5.722149094032455, -6.619555154272601, -6.6793312779285845, -6.100875171959777, -5.695244651786916, -5.725477552901692, -6.200127649208525, -6.394754612990054, -6.173480548419349, -5.96107873599123, -5.926299573597521, -5.933693258191043, -6.415201322710115, -5.980436027803338, -5.76640455839378, -6.295004103437818, -6.024984277448049, -6.947905524987901, -6.658491679016528, -5.919801240734177, -6.146768812958411, -7.020779973016527, -5.864588197027325, -6.833684131471731, -6.011868287175265, -5.714697648116135, -5.785175482245762, -5.6898375531833345, -6.226297839097058, -6.4191770088204825, -6.172459245298101, -5.8677466477565465, -4.9590163552498625, -5.227086719428268, -4.764799561375802, -6.01608277884194, -5.880234225342093, -6.136118010385735, -5.972808821515682, -5.856490817182445, -5.850555930422422, -5.589955151530381, -5.918957987942092, -5.871340375959361, -5.587469936346236, -7.068801081415155, -5.849986839150086, -6.433701171991053, -5.73486990587595, -4.997062066458457, -5.192333832050497, -6.587635782801849, -5.949016152942671, -5.2191002252794725, -5.180255923062135, -6.218425798318707, -5.588359414690538, -6.585397656496225, -6.8785111942143615, -6.25990614862254, -6.18268064820444, -6.865706529890818, -6.758711849513155, -7.009187948892818, -5.499209243480062, -6.976030577613145, -5.565739032302241, -6.1097904772023135, -5.8546324820281095, -7.393585934843387, -7.457576730101694, -7.2391010829105475, -7.198009651799599, -6.854449784624689, -5.9724219303750665, -6.187549854400165, -5.68858458460349, -5.865463861676245, -5.937393712658855, -5.9548135438151775, -5.69794089541564, -5.637507331894073, -5.898645074081012, -5.572321077995537, -5.652160372297469, -6.0217940920329545, -6.1084654957489475, -5.866669607394531, -5.913659671213417, -6.6979882262732415, -5.801396453254361, -6.98361471493565, -6.556961707447225, -7.034038813483852, -7.024513053290962, -5.437349053271796, -5.805297614196346, -5.871021314645966, -5.931324632036282, -5.757699233111271, -5.752402280485688, -5.52864629316899, -5.563102903868374, -5.557567448545807, -6.074370000509573, -5.797854302656822, -6.048663857277853, -5.608477005230361, -5.657724429085201, -5.955914529508938, -5.839922924718375, -5.7652377137265995, -5.7261182458482, -5.694454904344141, -5.82901440349395, -6.520834695036788, -5.828771811334035, -6.007507322249055, -5.55032065673809, -5.726725823159354, -5.563197838241395, -6.0033539041334025, -6.625072489047774, -5.734969951940077, -5.632675888992789, -5.818669304939695, -6.0317491031598935, -4.184400896465026, -4.547170308934448, -5.259536602471967, -5.211807949010016, -4.365983573201869, -3.9853055968814988, -4.834268290934532, -4.720271531034619, -4.856397563372599, -5.088197465529955, -5.296394813966991, -5.9673508282466665, -4.9710275512958795, -5.665523012109231, -5.650426685858306, -4.963917050894676, -5.515893563136073, -5.15530430991031, -5.118065256786316, -5.467485276701361, -6.451475320058836, -5.352162616675986, -7.052054344339117, -6.313087975416142, -6.756302401220716, -6.308652762452763, -6.752957441778265, -6.994815309933786, -6.861171508567354, -6.277289169310041, -7.071166001000403, -7.055438325105696, -6.000498942966639, -7.240160877455037, -7.297505748586346, -5.783097350195016, -6.039188943883184, -7.34510965353929, -6.929102362720354, -7.04310547769482, -7.096112793411645, -7.279604177567642, -7.236430418224366, -6.072183735610264, -7.076729306731217, -7.3433596802433865, -7.21048393827355, -6.888824821456341, -6.120318500797119, -7.159126774745403, -6.602111849914285, -7.091696481027306, -6.06672116846069, -7.047522867598888, -6.234570857658182, -6.901636319822387, -7.294690866916894, -6.312254824550596, -6.1055447951538175, -7.15944404056022, -5.802662641237019, -7.175766612775921, -5.586799487795196, -7.40256057168962, -7.119214726894017, -7.3309535306742974, -6.2890908171466595, -6.163543586109702, -6.5205246480296415, -7.211188973861926, -6.876218703612198, -7.2147844741798695, -7.033735214910191, -6.324532023495658, -6.332525806325899, -6.859592060546692, -6.023108450309227, -6.953283051774316, -7.1611512283850836, -5.774330909751534, -5.714523929655222, -5.5744584378517406, -6.613083675641173, -6.894993956116722, -6.144515167356746, -6.621311121431371, -5.607789679311134, -5.816570401641704, -6.60128795178662, -6.405518948788811, -6.298997766862747, -6.754168436946526, -6.4319378324387015, -6.163311425523432, -5.935055116956963, -6.110682029431731, -6.894116474165919, -6.995736600992413, -5.756911931904993, -6.23109978367565, -6.4414379290434995, -6.32508078625417, -5.967027793414061, -7.168165224974105, -7.106993084418361, -7.034242042235378, -6.97842709135136, -6.087652656562424, -5.9808000523650495, -5.675257832126856, -5.836471698670811, -6.5284624751417955, -6.2236048518977825, -6.382527965317455, -6.321700024576024, -5.271098503790053, -5.377540342333239, -6.5953657674801, -5.763756341997586, -5.829195355082254, -5.824566525123023, -5.776458500210525, -6.132092199162899, -5.926562989125642, -4.981431949811104, -4.9135781405743035, -4.816104230956204, -6.607123741431706, -5.429711096235138, -5.2497946874140204, -4.93250965293304, -5.057524904178995, -6.480193300430676, -4.877874910655321, -5.3100527728352915, -5.067251120994419, -5.707317741726467, -6.906811567498501, -5.776538356889739, -6.240523568874102, -5.836986852753995, -5.6807083694396505, -5.377899220347045, -6.418128568000537, -6.917794439112282, -6.096348622923493, -7.499806718748594, -6.876572120633983, -7.064725367716927, -6.652340432599385, -6.577719206127272, -6.347291603289541, -5.926253267634463, -5.909910997405523, -6.006754201580639, -5.684153138195656, -5.995264509345392, -5.784654717956897, -5.7707582370001065, -5.70210919845127, -5.935417604392152, -5.738105637506547, -5.643967621714941, -5.81320621506246, -6.3945170796650235, -6.2201740263665055, -6.467169257633296, -5.762448809756708, -6.2244821951369635, -6.270545392665448, -5.757912648343503, -5.884001830895954, -5.528431645576935, -5.80552360889047, -5.716421847181596, -5.877023799730753, -5.713408066257006, -5.972757808999112, -5.803524847782971, -5.605616054301422, -5.959610897513396, -5.809928016786986, -5.935492225968464, -6.4774365669466505, -5.654744629402144, -5.768441164390223, -5.77850634824056, -6.082920802520488, -5.901304013974581, -5.227060719271239, -4.58840245641734, -4.602014308822535, -4.283981983979836, -3.907636170873694, -5.07471849763722, -5.452742227801037, -5.103264679746178, -5.004543496787271, -5.199843216019634, -5.113127661434296, -5.302852524996431, -5.081893795785137, -5.2807650969305815, -5.004539786720678, -5.770670409886213, -5.2862838724840495, -5.311988521441063, -5.339674423327363, -6.073497222066869, -5.340566025808555, -5.506046312970098, -5.237000566050472, -5.231721284260619, -7.021947626071281, -6.99298857576401, -6.753582802531577, -6.470152678334818, -7.225859813907107, -5.9996299793327825, -5.998353426865552, -7.054809481730012, -7.200949527875248, -5.401881195086616, -7.119729758360923, -5.666886617381565, -6.130401196325009, -6.3515702864010555, -6.537326698823461, -6.699272816514007, -5.725231766752582, -5.718365764670443, -7.112011646028137, -6.464835095081656, -6.8204455081590245, -7.1820993867548735, -7.225790671337078, -6.190112367391093, -6.161588940822161, -7.1339115926406125, -7.254483905901048, -7.132726572620164, -6.268273972602479, -7.235835011480929, -5.739830415043579, -7.129981808278479, -6.153395279876084, -6.958499959827934, -6.036349412785586, -7.252808427280032, -7.2383028786926085, -7.20145378617886, -7.091001685716113, -7.363870941632921, -6.898801653333166, -7.02082293804458, -6.845591537465697, -5.8244907263488805, -6.857904178967151, -7.2349772159792884, -5.955021004626899, -7.234711717787114, -7.095573026596147, -5.914735692184729, -6.354596410434632, -6.650998969315368, -6.523668108620676, -7.13502240766903, -5.924952891817218, -5.776069506752352, -6.1933977238849405, -5.824835155060598, -5.647931554351738, -5.76793999019974, -5.505080319286096, -5.568571367488597, -6.714683542458618, -6.781543124170306, -6.517338808484998, -6.541092102002442, -5.581177010584252, -6.120634452992966, -6.004494053805412, -6.2832020791367995, -6.343412284434548, -5.242322594496883, -5.946095571569545, -6.161232052218825, -6.007073550735803, -6.122801728498978, -5.986891508661961, -5.867632757146789, -6.033566268524039, -6.1954092654901265, -6.5566334359974325, -6.146163650612372, -6.9766982571621545, -6.943935949595515, -5.92491240650194, -6.92172592202523, -6.683854480809408, -6.230183327152649, -6.286822214663874, -5.894186533591551, -6.035780078978976, -6.68712527411041, -6.951819764173626, -7.005082483693006, -7.00142109762738, -5.96269959206423, -6.08342771448149, -5.894237545577793, -6.311792565872281, -6.3910245730954705, -6.905240706226459, -7.069887816803427, -5.398621790299175, -6.165742364172702, -5.339895926777727, -5.866659466614174, -5.833700877837462, -5.687367647035116, -7.121987464673665, -5.683444327377548, -6.554421977300031, -5.858540336180458, -5.61257073727756, -5.234351967892017, -6.748213959526687, -5.338025477218925, -4.815639770498591, -4.939818921863921, -5.224887120092642, -5.7584048995072195, -6.67029837416017, -6.7706768762224865, -6.846486905297343, -6.465844566119114, -7.121995648099781, -6.97779487138659, -7.112493515339347, -5.911259095238257, -6.250367847416513, -6.506301543944739, -5.909147351700345, -5.44779107431742, -7.037938331950616, -6.549435734547008, -7.374836162847858, -7.035074083592354, -7.359386580221472, -6.0252203509429645, -6.077398311549864, -6.474074645244293, -6.205008032797014, -6.026768581393657, -5.809844843746873, -6.819361624674305, -7.167267766787783, -7.4341216533070975, -7.184402054462856, -6.062637465460732, -5.7698131376980415, -5.791092361103932, -6.156226572802058, -5.5094243715538465, -5.696641449777516, -5.751815949688785, -5.834602337815777, -5.783688075126382, -5.651883922337812, -5.693759256117388, -5.56073993441119, -5.61414608969314, -5.828272524013092, -5.708245975839553, -5.709172184081565, -5.8525382125835135, -6.5079305502685045, -5.766454938680245, -5.506502022427128, -5.953242977279365, -5.818474249069764, -5.856583610614613, -6.021941401592143, -6.002560440591441, -5.989937618852987, -5.890595871310605, -5.810237979888619, -6.216232694411069, -6.114558424451854, -5.609851126241369, -5.480698099823329, -4.447257933757368, -5.182666204115511, -4.72542564314058, -5.427082210110858, -5.052276293962556, -4.151054137326813, -4.2392074313644255, -4.808735160677045, -5.021550559441151, -5.050243018267531, -4.876037379333538, -5.336405237658066, -4.82926439636558, -5.134251562361313, -6.071112464719251, -5.877695959134098, -5.095538542863043, -5.634156865707509, -5.645054293298771, -6.250293193491184, -5.004639176185161, -7.291682934233953, -7.354309509703481, -7.051032127716415, -7.323429197395685, -7.098120199391792, -5.554677386402789, -6.794514407177375, -5.703188721638084, -6.699498911761036, -6.285532759189936, -6.677203510493674, -7.184967584621319, -7.059629396966488, -5.528649130452179, -7.31544930626195, -7.468038827695503, -7.324959781217622, -6.710953940617298, -7.016840801745178, -7.43126094114109, -6.898407554420156, -5.81734963702918, -6.1535705146535005, -6.915420975292301, -7.123208499307219, -5.569593862419546, -6.768460786898408, -7.148342284899305, -6.380628837172172, -7.317789434526803, -7.155850227605853, -6.880047805542137, -6.399141001582126, -7.059362320781284, -7.470168528494536, -7.427786113353423, -7.25440276496874, -6.813879818319593, -7.162025742299048, -5.942313067447436, -6.631517938544699, -7.292999155709039, -6.909953849962912, -6.913161854018112, -6.964236887741545, -7.236043332899079, -7.041850095920532, -5.840125594702917, -6.114937988818473, -7.454322481959057, -7.213584199537633, -6.930266226604776, -7.079001985569471, -7.295500310315391, -6.156477906247001, -5.552156299281163, -6.549554356740225, -5.900227709371115, -5.973678013971735, -5.921816730359381, -6.4290082874367345, -5.550157664165418, -6.653838543824123, -6.041497448853776, -6.516928729227464, -6.2630078199046215, -5.747829266316713, -6.768531705958879, -6.758578632879437, -5.738436194857436, -5.912319280068646, -5.954684577287519, -6.117403959145736, -6.032638067714785, -6.454779245610736, -5.965349667017887, -6.058268545204292, -6.148762979711312, -6.845354770159813, -7.206820041305659, -6.345706592553702, -7.102534435380329, -7.106915801683214, -6.5603949459935, -6.571434832615321, -6.9235375890065995, -6.498956233493054, -6.410552307565213, -5.977639283206161, -7.205406397403425, -7.077431643926888, -7.101452885469082, -6.698178733976201, -5.923465566594994, -5.865515142802531, -5.825624413170172, -5.943789289652167, -6.161879324464184, -6.522213725935859, -6.125230493179687, -6.257695777032126, -7.129458212375805, -5.739779017540671, -5.6491932683501425, -5.107004023244291, -5.643153463204839, -5.968648514296871, -5.750014679642532, -5.904636404077549, -5.635095472008712, -6.352055693903136, -5.922197649661717]","0     -6.440000
1     -6.400000
2     -5.660000
3     -6.700000
4     -4.670000
         ...   
247   -4.844664
248   -5.800000
249   -5.960000
250   -5.520000
251   -5.740000
Name: Permeability, Length: 252, dtype: float64","[array([-5.7799552 , -6.86436763, -5.49391614, -5.29611618, -4.74735895,
       -5.67531921, -6.75506829, -6.13142169, -5.72307922, -6.00754492,
       -5.45256715, -5.74869566, -5.13301494, -5.31157863, -4.9704878 ,
       -5.23956145, -6.62776831, -6.79890126, -6.801386  , -5.92583629,
       -5.7820826 , -6.71325557, -6.41100956, -5.44343902, -6.48451582,
       -5.75507756, -6.41682166, -6.35699362, -5.4429315 , -6.97254187,
       -7.16510474, -6.95935667, -6.06749048, -5.99053101, -6.08126203,
       -5.8754419 , -5.905585  , -5.7506599 , -5.72223914, -5.66213573,
       -5.82861807, -6.11115956, -5.82654457, -5.67491669, -5.52332633,
       -5.88261919, -5.61711916, -6.19474356, -5.75506838, -6.02109555,
       -6.30188419, -6.88344194, -6.35892321, -6.04908173, -5.74662069,
       -5.82998585, -5.61531233, -5.73825769, -5.74383021, -5.99745925,
       -5.88662378, -5.85036284, -5.59855101, -5.80550681, -5.73756519,
       -5.6385384 , -5.95524223, -6.32115771, -5.895987  , -5.74310681,
       -6.02537974, -5.5161185 , -6.15544849, -6.21201521, -5.71181315,
       -6.12112131, -5.85730621, -5.69941011, -5.91077448, -5.63316543,
       -6.30215727, -6.03027024, -5.58121794, -5.9506428 , -5.7721205 ,
       -6.34874987, -5.74713817, -5.54470042, -5.57877293, -5.77313209,
       -5.59006706, -5.40804447, -4.56522114, -4.88795246, -4.83552544,
       -5.25627757, -4.41328072, -5.08857377, -4.22858164, -4.73563428,
       -4.97835165, -5.27015637, -4.97242364, -4.65682419, -4.67883554,
       -5.21187189, -5.82865105, -5.99223438, -5.33215294, -5.25437513,
       -5.35497077, -5.91622422, -6.20090209, -4.93151873, -7.15764179,
       -6.85748512, -6.96572081, -7.31762887, -6.91346616, -6.7057469 ,
       -6.56734059, -6.90555835, -6.11171872, -7.19271051, -5.69998222,
       -5.45880641, -7.32127798, -6.19072147, -7.15164606, -7.32600372,
       -5.9208172 , -6.62265705, -5.7995497 , -7.33715452, -6.59649148,
       -6.1184316 , -6.41091274, -7.41329167, -6.42351629, -6.9893234 ,
       -5.66233481, -6.7015348 , -7.29784572, -5.96804174, -7.28174391,
       -5.73954644, -6.31047573, -6.75871747, -5.76843903, -7.41776785,
       -5.77420344, -6.89635671, -7.45990856, -7.43752845, -7.1167513 ,
       -7.22927027, -6.60460849, -6.45649325, -7.21630406, -7.19585871,
       -7.09039673, -7.38817028, -6.80023835, -6.54823025, -6.96160756,
       -7.27909307, -6.69925562, -6.85663323, -7.27876368, -7.07939254,
       -6.27023098, -6.25666888, -5.93198756, -6.31663277, -7.07152925,
       -6.06452113, -5.80953428, -5.79606365, -6.46481971, -5.73751479,
       -6.0347223 , -6.45668801, -5.46499002, -6.37830818, -6.15870803,
       -6.14895507, -6.56403443, -6.37488724, -5.99360324, -6.12815475,
       -6.92630555, -6.21262255, -6.50081986, -6.19487329, -6.77578488,
       -6.78447591, -6.43558857, -6.74917444, -5.70762184, -5.46857728,
       -5.85774364, -6.17461673, -6.19618422, -5.63936156, -6.49470047,
       -6.65574074, -6.38041204, -6.14779539, -5.78220568, -5.5386893 ,
       -5.8211747 , -5.9535647 , -6.88566487, -7.28734675, -6.9036133 ,
       -7.02746518, -6.47469729, -6.78505595, -6.55546645, -6.54196655,
       -6.05322929, -6.13399333, -6.06512366, -6.31629583, -6.31285366,
       -6.26917763, -5.82100642, -6.17549358, -6.74366462, -7.26674823,
       -7.1296434 , -6.89561819, -7.10830639, -7.14547501, -7.01293073,
       -6.33533327, -6.85773029, -5.8145817 , -6.1899157 , -6.25198315,
       -6.41955167, -6.40776012, -7.10289915, -7.04807416, -5.89197593,
       -6.61950721, -5.02493744, -4.70044582, -6.16489713, -5.82841282,
       -5.89497678, -6.42068275]), array([-5.69754481, -6.43209073, -5.35756654, -5.44286098, -4.7685331 ,
       -5.62473789, -6.72953343, -5.80830443, -5.84458267, -6.02589941,
       -5.6207818 , -5.69665243, -5.21975146, -4.96747517, -5.17787607,
       -5.36706211, -6.54704643, -6.65703221, -6.76166373, -6.05033247,
       -5.55803566, -6.61466474, -6.15880322, -5.51680251, -6.41493397,
       -5.83410375, -6.09503955, -6.12883647, -5.46902382, -6.80902609,
       -7.26877728, -6.91357532, -5.98360984, -6.07881278, -6.30217682,
       -6.0082399 , -5.8833731 , -5.69031584, -5.78731589, -5.67263907,
       -5.88741028, -5.97698561, -5.80568847, -5.72256089, -5.76321228,
       -5.79360267, -5.62037904, -6.11527865, -5.81473299, -6.11395972,
       -6.16594575, -7.00787805, -6.53924935, -6.07749216, -5.90100044,
       -5.7720673 , -5.68562117, -5.78950883, -5.71630807, -6.13957572,
       -5.94458347, -5.55764905, -5.70406062, -5.94414252, -5.66608833,
       -5.71347437, -6.20040305, -6.09451896, -6.08365443, -5.74637346,
       -5.90968787, -5.62063992, -6.59867889, -6.27937357, -5.65181084,
       -6.18285499, -5.97716818, -5.77073651, -5.99028371, -5.84111948,
       -6.22090297, -6.15514743, -5.62731117, -5.82572538, -5.71282098,
       -6.25554313, -5.71508203, -5.48778227, -5.66331112, -5.7886359 ,
       -5.65888331, -5.3714285 , -4.30647215, -4.6800749 , -4.5555291 ,
       -4.95279119, -4.16930034, -4.91614494, -3.91494861, -4.60116606,
       -4.94892255, -5.23155857, -4.96765544, -4.72916938, -4.57559602,
       -5.21492037, -5.65293911, -6.01987733, -5.3275303 , -5.27392341,
       -5.34215363, -6.11122615, -6.34813909, -4.82064718, -7.2232599 ,
       -6.93721503, -7.22346024, -7.27437257, -6.89897538, -6.73940017,
       -6.61868647, -6.97370103, -6.05984737, -7.04608338, -5.65609218,
       -5.52240003, -7.2183422 , -6.20389546, -7.33804713, -7.18301607,
       -5.87361446, -6.76585989, -5.934632  , -7.27472902, -6.54217002,
       -6.06716859, -6.35753069, -7.13578945, -6.1715078 , -7.03455145,
       -5.81575343, -6.70690299, -6.90607523, -6.11823304, -7.29908093,
       -5.76092459, -6.19206982, -6.90804782, -5.79001747, -7.30215053,
       -5.77978314, -6.98735162, -7.40289103, -7.37868093, -6.8082395 ,
       -7.31467609, -6.36129377, -6.39682413, -7.18365226, -7.20277792,
       -6.67594871, -7.21248807, -6.59745651, -6.36942576, -7.14039582,
       -7.30061282, -6.82457433, -6.88053765, -7.28899356, -7.15073246,
       -6.02386097, -6.1667034 , -5.88056935, -6.25748826, -7.02237361,
       -6.15027923, -5.74784136, -5.66001138, -6.20881339, -6.10137504,
       -6.12442652, -6.41949196, -5.45229097, -6.6213655 , -6.23229703,
       -6.18730074, -6.60991173, -6.22885662, -5.89077314, -6.20134011,
       -6.43425181, -6.27778019, -6.25431447, -6.27843299, -6.94447202,
       -6.65826854, -6.48370365, -6.59088496, -5.73911279, -5.47788235,
       -5.93948038, -6.07897953, -6.16876514, -5.90465732, -6.4961666 ,
       -6.39515059, -6.4511039 , -6.08627493, -5.84754381, -5.72244   ,
       -6.14147034, -5.94701643, -6.88476737, -7.17672781, -6.6228854 ,
       -7.16061401, -6.51700405, -6.81648308, -6.70031181, -6.47845014,
       -5.74177861, -6.07344268, -6.31110807, -6.52927883, -6.52443124,
       -6.33496904, -5.80525525, -6.05705316, -6.93793263, -7.04859959,
       -6.96352569, -6.95326266, -7.09336947, -7.05060795, -6.84780481,
       -6.28273246, -6.63975859, -5.64524301, -6.0787416 , -6.19916313,
       -6.32830014, -6.3225569 , -7.09797665, -7.14438674, -5.87310418,
       -6.49625201, -4.80349006, -4.84538034, -6.02418829, -5.79998715,
       -6.03427941, -6.34771425]), array([-5.86149118, -6.57885854, -5.56558556, -5.39742527, -4.93978135,
       -5.42955845, -6.72220997, -6.03636395, -5.4930856 , -5.96709587,
       -5.36306146, -5.57851086, -5.11683862, -5.09758113, -5.18510337,
       -5.33424989, -6.60746436, -6.89390807, -6.86445893, -5.84827364,
       -5.63247906, -6.81030564, -6.20652316, -5.73122188, -6.37545697,
       -5.81953509, -6.42256889, -6.50833781, -5.44858029, -6.87300369,
       -7.3414635 , -6.69814755, -6.01221169, -6.05769231, -6.18075373,
       -6.01862786, -5.96036989, -5.78260148, -5.82170535, -5.62926424,
       -5.8302083 , -6.0516757 , -5.80288008, -5.65554025, -5.51140896,
       -5.92435855, -5.56708328, -6.33389594, -5.77432203, -5.98376567,
       -6.21156852, -6.84501727, -6.51000075, -5.95351312, -5.72677965,
       -5.76927656, -5.63789663, -5.77820425, -5.65270221, -5.97935919,
       -6.05807762, -5.91194448, -5.70708774, -5.81384381, -5.76558815,
       -5.70561121, -6.04356388, -6.32441412, -5.83061856, -5.8534775 ,
       -5.96677521, -5.60302144, -6.29342877, -6.03353542, -5.7032827 ,
       -6.01118969, -5.97436048, -5.74860205, -5.81216391, -5.77691949,
       -6.19398169, -6.0831117 , -5.65647077, -5.96004841, -5.76033528,
       -6.27676749, -5.93995737, -5.57883175, -5.72219255, -5.89573477,
       -5.65432677, -5.40497046, -4.40823616, -4.77233859, -4.40105451,
       -4.85321377, -4.07570261, -4.78947388, -3.94094852, -4.36480975,
       -4.94192036, -5.36486621, -4.91717623, -4.5605031 , -4.47433909,
       -5.30119121, -5.76013337, -5.73700884, -5.21135967, -5.22997035,
       -5.30595502, -5.97415662, -6.23553258, -5.09066791, -7.31542103,
       -6.97041794, -7.04976902, -7.33367599, -6.99805104, -6.72255585,
       -6.79884898, -7.05751623, -6.13032067, -7.25710835, -5.71122336,
       -5.50060588, -7.26319179, -6.25261278, -7.36708757, -7.27424153,
       -6.19422089, -6.66248438, -5.85861847, -7.12930776, -6.62125417,
       -5.99697334, -6.65600163, -7.17558812, -6.3077195 , -7.11743565,
       -5.80699324, -6.58939537, -7.23821088, -5.93027879, -7.25682346,
       -5.85133787, -6.2306768 , -6.95303346, -6.00927471, -7.39916049,
       -6.05211784, -6.99398867, -7.5289696 , -7.35506534, -6.81140112,
       -7.34616119, -6.55349065, -6.62888676, -7.26278887, -7.25443922,
       -7.03138498, -7.35841442, -6.71121873, -6.5194951 , -7.1929222 ,
       -7.45053466, -6.81121918, -7.00881984, -7.20606427, -7.11202905,
       -6.04446896, -6.16051517, -5.87488117, -6.39409166, -6.91049203,
       -6.17843998, -5.97905759, -5.56050188, -6.24673252, -5.95446096,
       -6.07596163, -6.21481397, -5.52597859, -6.48110294, -6.5784008 ,
       -6.19677487, -6.59188952, -6.13840541, -6.02229872, -6.18365797,
       -6.52706482, -6.28708463, -6.30862856, -6.18349153, -6.94763933,
       -6.69754646, -6.5979765 , -6.66153716, -5.72607662, -5.45472769,
       -5.85161449, -6.02287997, -6.13321466, -5.66845833, -6.74215279,
       -6.63475301, -6.54485545, -6.17420393, -5.7310111 , -5.69762872,
       -5.89614992, -6.05702507, -6.93896164, -7.17123258, -6.78067643,
       -7.015862  , -6.66268202, -6.8024351 , -6.63247853, -6.5273194 ,
       -5.88006192, -6.1815596 , -6.24945283, -6.43216546, -6.38677584,
       -6.30449961, -5.81183626, -6.1268284 , -6.52920114, -7.16479231,
       -7.09385189, -7.06857494, -7.03941763, -7.0941328 , -6.84455312,
       -6.02136145, -6.77569521, -5.66552454, -6.02108204, -6.11557716,
       -6.42894052, -6.27049226, -7.09192474, -7.03410146, -5.97347082,
       -6.38728166, -5.0556312 , -4.67704481, -6.0981534 , -5.83164753,
       -6.00628836, -6.55403287]), array([-5.94607114, -6.75164868, -5.48748417, -5.41023726, -4.94792289,
       -5.61173486, -6.69598325, -5.99508135, -5.95675634, -6.47915304,
       -4.98912979, -5.66828293, -5.40475081, -5.20522296, -5.03410121,
       -5.25791804, -6.68995646, -6.72876024, -6.79380666, -6.11500355,
       -5.40586213, -6.6640252 , -6.42145988, -5.69056791, -6.4089795 ,
       -5.97950874, -6.37725848, -6.14319164, -5.51827767, -7.11257632,
       -7.42070094, -6.74719964, -5.95605277, -5.99059592, -6.36840681,
       -5.9787155 , -5.87196627, -5.70814731, -5.71551441, -5.69934782,
       -5.85118914, -5.9129294 , -5.80827169, -5.58440493, -5.52030303,
       -5.85210757, -5.70900976, -6.44904896, -5.87658738, -5.88104655,
       -6.48707092, -6.93734694, -6.52916028, -5.95038806, -5.97441659,
       -5.68404326, -5.61775414, -5.74788677, -5.79558748, -5.98589585,
       -6.08314925, -5.89315805, -5.60743027, -5.79932583, -5.94373697,
       -5.76720887, -6.17313479, -6.31969144, -5.87679543, -5.81738889,
       -6.0149113 , -5.48775528, -6.37868502, -6.09607534, -5.69368242,
       -5.9618488 , -6.12288777, -5.73017408, -6.02214592, -5.81238266,
       -6.16688099, -6.1211914 , -5.59293801, -5.76428643, -5.83144294,
       -6.20125323, -5.64666685, -5.51594872, -5.74960199, -5.85357083,
       -5.72011435, -5.40943969, -4.51070251, -4.60253946, -4.54318341,
       -4.4268643 , -4.24815342, -4.94899477, -3.9222137 , -4.87093475,
       -5.11266004, -5.01381321, -5.03478301, -4.39982459, -4.58360388,
       -5.18829698, -5.76963794, -5.74339136, -5.3959851 , -5.1708415 ,
       -5.31068826, -5.84516053, -6.34055804, -4.79007901, -7.24529885,
       -7.09258103, -7.19487   , -7.22862865, -7.00145657, -6.68235336,
       -6.95771287, -6.84124198, -5.97360388, -7.16281756, -5.62163124,
       -5.48087019, -7.27114983, -6.04566045, -7.20274796, -7.17016127,
       -5.79554482, -6.65575983, -5.69860243, -7.39312757, -6.5129213 ,
       -5.96623204, -6.25236112, -7.28361045, -6.36126873, -7.04931313,
       -5.63554279, -6.43854344, -6.89660152, -6.18352346, -7.37163339,
       -5.80561864, -6.27058357, -6.94322598, -5.80819341, -7.25893421,
       -5.64805611, -6.87295234, -7.41655852, -7.39349196, -7.13185481,
       -7.27526877, -6.97872276, -6.59825934, -7.24722879, -7.12840075,
       -6.94619537, -7.41582246, -6.52453251, -6.80607745, -6.99966459,
       -7.19934658, -6.59347031, -7.03253989, -7.23342301, -7.1633118 ,
       -6.22971847, -6.1439987 , -5.86858078, -6.2921606 , -7.18341357,
       -6.00012339, -5.76671764, -5.63683526, -6.3006907 , -5.92027725,
       -5.95270952, -6.39550506, -5.63166951, -6.48039818, -6.28395144,
       -5.92567686, -6.3991377 , -6.15749312, -6.03675582, -6.15153877,
       -6.45823184, -6.04844931, -6.3565388 , -6.12601005, -7.16183525,
       -6.39747294, -6.40918499, -6.56609751, -5.6596738 , -5.59397176,
       -5.71788008, -5.9534849 , -6.20083754, -5.68021606, -6.62555288,
       -6.25163873, -6.26804169, -6.10852216, -5.76826528, -5.70371801,
       -5.76200608, -5.9932069 , -6.82425948, -7.22709038, -6.76830288,
       -6.94096228, -6.35847382, -6.79262141, -6.90206141, -6.41448319,
       -5.86610985, -5.7927546 , -6.03573663, -6.42905937, -6.61679328,
       -6.08795145, -5.77156385, -5.91439431, -6.69404136, -7.20716762,
       -7.12318723, -6.96757207, -7.01354161, -7.10976685, -6.67582248,
       -6.34413555, -6.80901939, -5.86256354, -5.82136817, -6.20849358,
       -6.37351812, -6.19642659, -7.10874066, -6.92848684, -5.99968161,
       -6.44630445, -4.81759379, -4.84805251, -6.19762673, -5.89747688,
       -6.22530876, -6.43305941]), array([-6.17086889, -6.34684346, -5.50255087, -5.55057954, -4.78592778,
       -5.56848225, -6.75008158, -5.96618429, -5.5678178 , -6.03126064,
       -5.41053806, -5.86360492, -5.20009763, -5.24625701, -4.88096915,
       -5.11028985, -6.62617065, -6.66791537, -6.8828924 , -6.10901891,
       -5.42374505, -6.68436117, -6.0348194 , -5.7472225 , -6.50948274,
       -6.04985659, -5.96358741, -6.42514264, -5.45332087, -6.86365426,
       -6.99808886, -6.73180816, -5.88610584, -6.03157596, -5.97504699,
       -5.86503722, -5.90326281, -5.73197783, -5.75746364, -5.6674449 ,
       -5.87161056, -5.87443768, -5.80400589, -5.66358153, -5.54882941,
       -5.79148436, -5.65107488, -6.26132863, -5.9330339 , -6.01150371,
       -6.21723989, -6.92220494, -6.37480315, -6.23339085, -5.97062869,
       -5.72425974, -5.65225007, -5.90602046, -5.81125891, -6.05203436,
       -6.1238691 , -5.89764617, -5.58694132, -5.74138832, -5.67038079,
       -5.74089009, -6.06072887, -6.25188062, -6.07599165, -5.80327742,
       -5.94613567, -5.53564372, -6.44261977, -6.0881283 , -5.64598377,
       -6.03529183, -5.92162051, -5.79556527, -5.84640019, -5.79056751,
       -6.12054864, -6.24006108, -5.63004373, -5.82338384, -5.78253853,
       -6.40759667, -5.78651702, -5.5639455 , -5.65066041, -5.99944757,
       -5.6452654 , -5.19216425, -4.40097787, -4.8060204 , -4.82711203,
       -4.65508591, -4.52931679, -4.79614164, -4.12829589, -4.73709859,
       -4.99439565, -5.13466343, -5.18560816, -4.58914276, -4.50993557,
       -5.32172003, -5.67955086, -5.81333687, -5.51797563, -5.35808542,
       -5.39142307, -5.86645235, -6.14932156, -4.75231196, -7.18399698,
       -6.98662704, -7.0981568 , -7.41591169, -6.93950387, -6.76266716,
       -7.02259334, -7.11260988, -5.95030842, -7.18649022, -5.69731285,
       -5.51926518, -7.35914124, -6.12768001, -7.19907495, -7.26127472,
       -6.29736469, -6.59548489, -5.85854729, -7.25331314, -6.42516962,
       -6.24811317, -6.43131963, -7.04901925, -6.46031883, -7.03100935,
       -5.72374144, -6.5069169 , -7.33439086, -6.18791594, -7.13975837,
       -5.55114806, -6.34419338, -7.00043967, -5.93113087, -7.35137711,
       -5.81675734, -6.88451323, -7.4985804 , -7.43889116, -6.78998518,
       -7.29473616, -6.66712005, -6.5628966 , -7.16655585, -7.23017925,
       -6.79845518, -7.40134593, -6.86170014, -6.52203893, -7.06894233,
       -7.37931225, -6.64805652, -7.0673712 , -7.36021486, -6.93621084,
       -6.23180748, -6.39773378, -5.91084232, -6.38892624, -7.19789798,
       -5.9556025 , -5.87143447, -5.65591922, -6.35544946, -5.99199142,
       -6.02618128, -6.33602746, -5.51513471, -6.42112832, -6.28379415,
       -6.1849996 , -6.51432411, -6.03478312, -6.07566175, -6.09251879,
       -6.49516639, -6.29163373, -6.33074536, -6.01041668, -6.96064287,
       -6.56199048, -6.29505113, -6.48207508, -5.67196948, -5.45062062,
       -5.87717066, -6.17017229, -6.20072419, -5.61209686, -6.79228222,
       -6.47704965, -6.62746828, -6.04039663, -5.72583498, -5.70700769,
       -5.92245761, -5.98819148, -6.61977436, -7.12509185, -6.6468671 ,
       -7.07749548, -6.29834021, -6.64496902, -6.82163034, -6.41695824,
       -5.7829125 , -6.11149418, -6.06706211, -6.45512264, -6.22858955,
       -6.32063896, -5.94114985, -6.08240599, -6.79648154, -7.21509682,
       -7.10545418, -7.09433949, -7.11141644, -7.13916918, -6.6229667 ,
       -6.25730567, -6.77243377, -5.72032243, -6.06702795, -6.17094548,
       -6.38213467, -6.4010778 , -7.13116822, -7.17017764, -5.94076396,
       -6.52315699, -5.13281922, -4.75768811, -5.98948374, -5.83985395,
       -6.07559376, -6.34214177])]","[-5.89118624 -6.59476181 -5.48142066 -5.41944384 -4.83790481 -5.58196653
 -6.7305753  -5.98747114 -5.71706433 -6.10219078 -5.36721565 -5.71114936
 -5.21489069 -5.16562298 -5.04970752 -5.26181627 -6.61968124 -6.74930343
 -6.82084154 -6.00969297 -5.5604409  -6.69732246 -6.24652304 -5.62585076
 -6.4386738  -5.88761635 -6.2550552  -6.31250044 -5.46642683 -6.92616045
 -7.23882706 -6.81001747 -5.98109412 -6.0298416  -6.18152928 -5.94921248
 -5.90491141 -5.73274047 -5.76084768 -5.66616635 -5.85380727 -5.98543759
 -5.80947814 -5.66020086 -5.573416   -5.84883447 -5.63293322 -6.27085915
 -5.83074894 -6.00227424 -6.27674185 -6.91917783 -6.46242735 -6.05277318
 -5.86388921 -5.75592654 -5.64176687 -5.7919756  -5.74393738 -6.03086487
 -6.01926064 -5.82215212 -5.64081419 -5.82084146 -5.75667189 -5.71314459
 -6.08661456 -6.26233257 -5.95260941 -5.79272482 -5.97257796 -5.55263577
 -6.37377219 -6.14182557 -5.68131457 -6.06246133 -5.97066863 -5.7488976
 -5.91635364 -5.77083091 -6.20089431 -6.12595637 -5.61759632 -5.86481737
 -5.77185165 -6.29798208 -5.76707229 -5.53824173 -5.6729078  -5.86210423
 -5.65373138 -5.35720947 -4.43832196 -4.74978516 -4.6324809  -4.82884655
 -4.28715078 -4.9078658  -4.02699767 -4.66192869 -4.99525005 -5.20301156
 -5.0155293  -4.5870928  -4.56446202 -5.2476001  -5.73818247 -5.86116976
 -5.35700073 -5.25743916 -5.34103815 -5.94264397 -6.25489067 -4.87704496
 -7.22512371 -6.96886523 -7.10639538 -7.31404356 -6.95029061 -6.72254468
 -6.79303645 -6.9781255  -6.04515981 -7.169042   -5.67724837 -5.49638954
 -7.28662061 -6.16411403 -7.25172073 -7.24293946 -6.01631241 -6.66044921
 -5.82998998 -7.2775264  -6.53960132 -6.07938375 -6.42162516 -7.21145979
 -6.34486623 -7.0443266  -5.72887314 -6.5886587  -7.13462484 -6.07759859
 -7.26980801 -5.74171512 -6.26959986 -6.91269288 -5.8614111  -7.34587804
 -5.81418357 -6.92703252 -7.46138162 -7.40073157 -6.93164638 -7.29202249
 -6.63304714 -6.52867202 -7.21530597 -7.20233117 -6.90847619 -7.35524823
 -6.69902925 -6.5530535  -7.0727065  -7.32177988 -6.71531519 -6.96918036
 -7.27349187 -7.08833534 -6.16001737 -6.22512399 -5.89337224 -6.32985991
 -7.07714129 -6.06979325 -5.83491707 -5.66186628 -6.31530116 -5.94112389
 -6.04280025 -6.36450529 -5.51801276 -6.47646062 -6.30743029 -6.12874143
 -6.5358595  -6.1868851  -6.00381854 -6.15144208 -6.56820408 -6.22351408
 -6.35020941 -6.15864491 -6.95807487 -6.61995087 -6.44430097 -6.60995383
 -5.70089091 -5.48915594 -5.84877785 -6.08002668 -6.17994515 -5.70095803
 -6.63017099 -6.48286655 -6.45437627 -6.11143861 -5.77097217 -5.67389674
 -5.90865173 -5.98780091 -6.83068554 -7.19749787 -6.74446902 -7.04447979
 -6.46223948 -6.76831291 -6.72238971 -6.4758355  -5.86481843 -6.05864888
 -6.14569666 -6.43238443 -6.41388871 -6.26344734 -5.83016233 -6.07123509
 -6.74026426 -7.18048091 -7.08313248 -6.99587347 -7.07321031 -7.10783036
 -6.80081557 -6.24817368 -6.77092745 -5.74164705 -6.03562709 -6.1892325
 -6.38648903 -6.31966273 -7.10654188 -7.06504537 -5.9357993  -6.49450046
 -4.96689434 -4.76572232 -6.09486986 -5.83947567 -6.04728941 -6.41952621]","[0.16247208 0.19260275 0.06791607 0.08188312 0.08740183 0.08347492
 0.02120413 0.10556895 0.17099144 0.18982122 0.20804984 0.09412022
 0.10257404 0.12104983 0.11811111 0.08921216 0.04576284 0.08823884
 0.04552846 0.1055421  0.13921255 0.06500471 0.14951381 0.12262793
 0.05011406 0.1093904  0.18958974 0.15193295 0.02734063 0.10710297
 0.1469008  0.10545528 0.06014783 0.03539037 0.14294621 0.06587979
 0.03042399 0.03228771 0.03990338 0.02246131 0.02299731 0.08699811
 0.00872422 0.0444601  0.09570994 0.05137236 0.04660615 0.11473008
 0.06592637 0.0747687  0.11395989 0.05474277 0.07875181 0.10352069
 0.10727329 0.04918032 0.02578577 0.06005232 0.05707393 0.06009522
 0.08910742 0.1338369  0.05328272 0.06672779 0.10108358 0.04316411
 0.08968355 0.08817619 0.10604867 0.04247577 0.04305385 0.05098039
 0.14796449 0.09005473 0.02714576 0.07927859 0.08773061 0.03302871
 0.08054536 0.07217398 0.06052214 0.07054957 0.02717336 0.07718335
 0.03816451 0.07238829 0.09784189 0.0328423  0.05959765 0.08170761
 0.04137249 0.08370831 0.09058306 0.09929962 0.17120874 0.2794408
 0.16411763 0.11037612 0.12793479 0.1713116  0.06174412 0.11998981
 0.09286642 0.11029852 0.0702381  0.05334248 0.06381214 0.12160732
 0.10012985 0.06109743 0.03126002 0.09530917 0.07806216 0.12239629
 0.05442304 0.0761981  0.09444119 0.06268157 0.04243739 0.02753699
 0.17954666 0.09839878 0.07213213 0.0689607  0.03350988 0.0239623
 0.04880691 0.071388   0.08478986 0.05848615 0.19435132 0.05794162
 0.078453   0.08886171 0.06887193 0.09973801 0.1325892  0.12596946
 0.10120988 0.04163665 0.07323274 0.10577295 0.1929599  0.10839463
 0.07543114 0.10275244 0.05433582 0.08244894 0.0930564  0.05917555
 0.13190866 0.05252634 0.04771648 0.03296729 0.15754576 0.03916651
 0.20081857 0.08792082 0.036478   0.04242302 0.15218281 0.07384929
 0.1245952  0.14131638 0.08570405 0.086195   0.09029169 0.0845595
 0.05280334 0.08160649 0.10397029 0.09482384 0.02415283 0.05375574
 0.10646966 0.08509209 0.08365123 0.07609078 0.08969108 0.11860612
 0.05695667 0.08449929 0.06343557 0.08213409 0.14303724 0.10282659
 0.07559569 0.11265486 0.06240424 0.03883797 0.18182448 0.09207889
 0.08249512 0.08867432 0.12251406 0.13222227 0.09874542 0.09020331
 0.03058051 0.05330517 0.07246483 0.08526802 0.02623242 0.10456605
 0.1225975  0.15109548 0.12517932 0.04679739 0.04388847 0.0680975
 0.12938978 0.03913273 0.11153126 0.05533973 0.10150334 0.07266573
 0.12724924 0.06256139 0.12535187 0.05340671 0.10731268 0.13747369
 0.11215426 0.06840061 0.14047696 0.09044685 0.05795179 0.08818775
 0.13336336 0.07347286 0.06113362 0.0743624  0.03949718 0.03424914
 0.13882888 0.11792113 0.07240994 0.08424177 0.12063855 0.04509274
 0.03596782 0.08000353 0.01350248 0.08630368 0.04769886 0.07780704
 0.13248842 0.07115185 0.07946785 0.03196027 0.10727675 0.07670963]"
1,DecisionTreeRegressor,"[-4.7, -5.43, -7.52, -5.41, -6.84, -6.080921908, -6.26, -6.1, -5.82, -5.57, -4.94, -4.92, -4.94, -4.45, -6.96, -6.43, -5.42, -5.42, -5.42, -7.14, -5.72, -6.74, -7.52, -7.045757491, -6.34, -6.34, -6.34, -5.85, -7.24, -6.27, -6.38, -6.77, -6.337242168, -5.77, -5.4, -5.6, -6.48, -5.96, -5.96, -6.66, -5.74, -6.0, -5.860120914, -6.77, -6.44, -6.77, -6.44, -5.89, -5.51, -5.42, -5.72, -5.4, -5.48, -5.51, -5.4, -5.96, -6.2, -6.26, -5.72, -5.74, -5.38, -5.34, -5.72, -5.48, -5.4, -5.835, -6.16, -5.583359493, -5.41, -5.950781977, -6.0, -5.72, -5.96, -5.3, -5.85, -4.92, -5.89, -4.41, -4.36, -4.08, -5.11, -4.2, -4.96, -4.67, -4.92, -5.51, -5.22, -5.23, -6.03, -6.42, -6.02, -4.94, -5.96, -5.46, -5.55, -5.89, -7.68, -7.17, -7.54, -6.89, -6.92, -7.46, -5.7, -7.045757491, -7.139999999999999, -7.22, -7.6, -7.05, -7.12, -7.29, -6.74, -7.51, -6.59, -6.89, -7.25, -7.6, -7.24, -5.85, -7.04, -6.24, -5.96, -7.24, -7.72, -7.24, -7.03, -7.19, -6.85, -7.29, -6.64, -7.01, -7.49, -6.0, -7.47, -5.96, -6.92, -6.85, -6.7, -6.96, -7.21, -5.4, -5.96, -6.2, -7.08, -5.74, -7.08, -7.34, -5.96, -5.42, -7.05, -5.66, -5.89, -6.698970004, -6.48, -6.52, -5.96, -5.77, -5.72, -6.07, -6.54, -6.74, -5.8, -5.92, -5.3, -5.64, -6.77, -5.72, -6.51, -6.77, -6.8, -5.4, -5.64, -6.11, -5.68, -6.31, -5.68, -6.57, -7.06, -7.74, -5.66, -6.0, -5.89, -7.39, -7.2, -5.96, -5.835, -7.74, -7.52, -6.698970004, -5.575118363, -6.59, -6.124938737, -6.013228266, -6.698970004, -6.823908741, -6.431798276, -5.583359493, -6.02, -5.82, -5.27, -5.77, -6.06, -7.045757491, -6.2, -6.4, -5.42, -5.45, -5.04, -5.69, -6.13, -6.36, -7.14, -5.44, -5.11, -4.89, -6.849999999999999, -5.11, -5.57, -5.04, -6.77, -5.03, -7.11, -5.66, -5.98, -6.51, -6.24, -5.92, -6.34, -7.72, -6.17, -6.64, -5.82, -5.82, -5.82, -7.54, -5.28, -5.54, -5.92, -5.42, -5.62, -5.28, -5.77, -5.82, -6.52, -5.39, -5.96, -5.96, -5.96, -7.045757491, -6.0, -5.8100000000000005, -5.7, -5.54, -5.68, -5.66, -5.66, -5.74, -5.66, -5.64, -5.42, -5.74, -5.85, -4.83, -5.96, -5.74, -5.96, -5.8, -5.96, -5.8, -6.28, -5.96, -5.85, -5.96, -6.48, -5.96, -6.2, -3.78, -4.22, -4.93, -5.12, -4.48, -4.67, -4.93, -5.55, -5.43, -5.32, -6.52, -5.37675071, -4.67, -6.42, -4.41, -6.62, -7.41, -7.25, -7.22, -7.169999999999999, -6.21, -6.24, -6.35, -7.28, -6.89, -6.96, -6.85, -7.24, -5.46, -7.49, -6.2, -6.48, -6.72, -7.03, -7.01, -6.54, -6.2, -6.28, -7.49, -7.04, -7.19, -7.19, -7.34, -6.8, -6.49, -7.35, -6.82, -5.54, -7.14, -6.96, -7.35, -7.07, -7.44, -6.7, -6.85, -7.4, -7.24, -6.37, -7.09, -8.06, -5.96, -6.52, -5.55, -5.68, -7.13, -6.82, -7.24, -6.27, -5.96, -5.55, -6.68, -5.28, -7.24, -6.84, -7.21, -7.02, -7.05, -5.92, -7.22, -6.54, -5.8, -7.04, -6.698970004, -6.207608311, -5.54, -5.85, -5.82, -6.849999999999999, -5.89, -5.85, -5.96, -5.85, -5.72, -6.64, -5.96, -5.85, -6.24, -7.25, -6.66, -5.7, -6.54, -7.39, -6.19, -6.96, -5.804100348, -5.616184634, -5.040958608, -5.866461092, -6.55, -5.68, -5.804100348, -6.214670165, -5.853871964, -4.752026734, -5.85, -5.74, -5.92, -6.040958608, -5.545, -5.28, -5.82, -5.55, -6.09, -6.0, -5.7, -6.89, -5.96, -6.51, -5.74, -4.96, -6.23, -6.85, -5.64, -5.46, -5.41, -6.43, -6.43, -7.05, -6.85, -6.84, -6.21, -6.85, -6.77, -6.85, -4.79, -7.7, -5.58, -5.72, -5.63, -8.06, -7.72, -7.6, -7.18, -7.08, -6.35, -5.96, -5.59, -5.77, -6.02, -5.68, -5.47, -5.64, -7.05, -5.49, -5.64, -5.77, -6.0, -5.72, -6.43, -6.43, -5.39, -7.0, -7.29, -7.6, -7.39, -4.79, -5.92, -5.68, -5.92, -5.72, -5.96, -5.545, -5.66, -5.68, -6.54, -5.84, -6.18, -5.57, -5.82, -5.64, -6.14, -6.0, -5.96, -5.28, -5.82, -5.8100000000000005, -5.8, -5.96, -5.92, -5.59, -5.6, -5.82, -7.12, -5.62, -5.82, -5.64, -5.92, -4.08, -4.92, -5.77, -5.89, -3.72, -3.57, -4.71, -5.05, -5.32, -4.66, -5.13, -6.7, -4.95, -6.01, -6.03, -4.95, -5.77, -4.63, -5.1, -5.96, -6.4, -5.55, -7.41, -4.85, -7.08, -6.74, -7.08, -7.54, -6.92, -6.849999999999999, -6.59, -7.17, -5.92, -7.15, -7.24, -5.66, -5.74, -7.22, -7.15, -7.24, -6.72, -7.16, -7.38, -6.18, -7.04, -6.96, -7.25, -6.4, -6.1, -6.59, -7.74, -7.0, -6.59, -7.06, -6.48, -7.49, -8.06, -7.11, -6.62, -7.49, -5.77, -7.11, -5.8, -7.57, -7.045757491, -7.59, -6.59, -6.0, -6.82, -7.47, -7.0, -7.23, -7.47, -5.44, -5.96, -7.03, -6.7, -7.01, -7.14, -5.59, -5.68, -5.77, -6.0, -7.15, -6.2, -7.54, -6.23, -6.05, -6.47, -6.2, -6.6, -6.47, -6.32, -5.72, -4.85, -5.89, -6.54, -7.301029996, -5.62, -6.508638306, -6.77, -6.55, -6.44, -7.08, -7.08, -7.05, -7.05, -6.455931956, -6.38, -5.03, -5.583359493, -6.920818754, -6.148741651, -6.468521083, -6.387216143, -4.95, -5.11, -6.44, -5.835, -6.27, -5.1, -5.6, -6.05, -7.0, -5.37675071, -5.31, -4.74, -6.72, -5.1, -4.63, -4.63, -4.63, -6.77, -4.97, -5.89, -4.83, -5.545, -6.34, -5.64, -6.24, -5.92, -5.92, -5.58, -6.85, -6.85, -5.94, -7.77, -6.85, -6.85, -7.18, -5.59, -6.21, -5.48, -5.4, -5.583359493, -5.59, -6.124938737, -6.004364805, -6.0, -5.64, -6.18, -5.68, -5.89, -5.54, -6.337242168, -5.8, -7.14, -6.7, -6.19, -6.28, -5.85, -6.13, -5.57, -5.22, -5.66, -5.74, -5.96, -6.2, -5.475, -5.6, -5.72, -5.03, -5.94, -6.32, -5.8, -5.64, -5.8, -5.96, -5.89, -4.27, -4.67, -5.33, -5.11, -3.78, -4.94, -5.04, -5.54, -4.94, -5.15, -5.11, -5.55, -4.92, -5.24, -4.72, -6.05, -5.48, -5.31, -5.32, -5.41, -5.32, -5.32, -5.32, -5.37675071, -7.03, -6.49, -6.68, -6.77, -7.24, -7.21, -6.0, -7.15, -7.08, -5.28, -7.07, -5.74, -6.17, -6.28, -6.14, -5.72, -5.74, -5.64, -7.34, -6.51, -6.72, -7.57, -7.7, -6.28, -5.6, -6.96, -7.57, -6.96, -6.59, -6.68, -5.72, -7.47, -5.89, -7.1, -5.96, -7.21, -7.21, -7.42, -7.14, -7.59, -6.34, -7.06, -6.14, -5.72, -6.14, -7.14, -5.77, -7.19, -6.96, -5.96, -6.02, -7.24, -7.2, -7.57, -5.66, -5.22, -6.25, -6.0, -5.74, -5.82, -5.51, -5.74, -5.74, -6.6, -6.21, -5.59, -5.28, -5.92, -6.25, -6.17, -7.1, -5.1, -6.25, -6.28, -6.14, -5.92, -5.47, -5.92, -5.68, -6.17, -6.48, -5.8, -6.77, -7.17, -6.54, -7.1, -6.6, -6.0, -5.64, -6.0, -6.19, -7.04, -7.096910013, -7.15490196, -7.19, -5.68, -5.756961951, -5.886056648, -6.040958608, -6.431798276, -6.72, -7.096910013, -6.44, -6.17, -5.04, -6.01, -6.0, -5.8, -7.24, -5.22, -7.03, -6.0, -6.0, -5.55, -6.84, -4.79, -4.72, -4.7, -4.92, -5.23, -6.62, -7.05, -6.85, -6.24, -7.22, -7.22, -7.0, -5.25, -5.89, -7.22, -6.08, -5.58, -5.92, -7.66, -7.6, -7.19, -8.0, -5.68, -5.7, -6.337242168, -7.41, -6.96, -6.96, -6.28, -6.68, -7.59, -6.24, -6.38, -5.42, -5.96, -6.18, -4.85, -5.77, -6.39, -5.96, -5.55, -5.77, -5.6, -4.88, -6.0, -5.96, -6.0, -5.96, -5.82, -5.64, -5.89, -5.6, -6.05, -5.96, -7.14, -6.14, -5.55, -6.18, -5.7, -5.47, -5.82, -7.1, -5.19, -5.19, -4.22, -5.1, -4.88, -5.68, -4.84, -4.2, -3.72, -4.71, -5.54, -5.54, -4.84, -5.55, -5.12, -4.74, -5.25, -6.43, -4.66, -5.55, -5.32, -6.23, -5.1, -6.27, -7.19, -7.68, -7.14, -7.19, -5.28, -6.77, -5.42, -6.24, -6.8, -5.25, -7.55, -7.77, -5.55, -8.06, -7.14, -7.59, -7.07, -6.8, -6.85, -6.27, -5.96, -6.8, -7.24, -7.38, -5.48, -6.43, -6.59, -5.8, -6.96, -6.7, -6.96, -7.25, -7.21, -7.14, -7.599999999999999, -7.38, -6.68, -7.6, -5.96, -6.7, -7.24, -7.57, -6.74, -7.06, -7.21, -6.31, -4.85, -5.97, -7.51, -7.045757491, -6.28, -7.52, -7.17, -5.62, -5.41, -6.32, -6.77, -6.19, -6.47, -6.85, -5.35, -6.68, -6.02, -6.28, -6.92, -5.6, -6.51, -6.59, -5.96, -6.85, -6.19, -5.8, -6.64, -5.55, -5.85, -5.6, -5.55, -6.92, -7.0, -6.8, -6.05, -7.6, -6.43, -7.25, -7.6, -6.47, -5.55, -6.64, -7.21, -6.958607315, -6.958607315, -5.92, -6.64, -5.860120914, -5.55, -5.55, -6.013228266, -6.251811973, -6.38, -6.040958608, -7.21, -5.66, -6.96, -4.815308569, -6.0, -5.77, -5.82, -5.66, -5.6, -6.28, -7.1]","0     -6.440000
1     -6.400000
2     -5.660000
3     -6.700000
4     -4.670000
         ...   
247   -4.844664
248   -5.800000
249   -5.960000
250   -5.520000
251   -5.740000
Name: Permeability, Length: 252, dtype: float64","[array([-6.17      , -6.96      , -5.1       , -5.46      , -4.41      ,
       -6.92      , -6.85      , -5.95      , -5.8       , -6.16      ,
       -6.2       , -6.43      , -4.89      , -4.89      , -5.05      ,
       -5.58      , -6.7       , -7.05      , -6.96      , -6.2       ,
       -5.49      , -7.02      , -6.66      , -5.25      , -6.02      ,
       -5.64      , -6.24      , -6.82390874, -5.42      , -7.24      ,
       -7.49      , -6.72      , -6.89      , -5.96      , -5.89      ,
       -5.58335949, -5.77      , -6.08092191, -6.57      , -6.16      ,
       -6.28      , -6.17      , -5.3       , -5.82      , -5.4       ,
       -5.03      , -5.74      , -6.72      , -5.85      , -5.8       ,
       -5.82      , -7.04575749, -7.19      , -6.17      , -5.51      ,
       -6.08      , -5.66      , -5.96      , -5.6       , -6.59      ,
       -5.92      , -5.89      , -5.85      , -6.39      , -5.475     ,
       -5.72      , -5.74      , -6.06      , -6.33724217, -5.03      ,
       -6.35      , -5.89      , -5.85      , -6.26      , -5.8       ,
       -6.02      , -6.        , -5.7       , -6.        , -5.4       ,
       -6.        , -5.92      , -5.03      , -5.51      , -5.85      ,
       -6.96      , -5.77      , -6.16      , -5.51      , -5.3       ,
       -5.28      , -4.92      , -5.85      , -3.58      , -4.2       ,
       -5.85      , -3.57      , -5.85387196, -4.2       , -6.36      ,
       -4.67      , -4.48      , -5.05      , -4.45      , -4.45      ,
       -5.24      , -5.81      , -5.74      , -6.03      , -5.42      ,
       -5.4       , -5.55      , -6.7       , -4.7       , -7.43      ,
       -6.89      , -6.92      , -7.29      , -6.96      , -6.68      ,
       -6.77      , -6.92      , -5.96      , -7.04      , -5.74      ,
       -5.4       , -7.03      , -6.51      , -6.64      , -6.68      ,
       -6.06      , -6.48      , -5.51      , -5.96      , -6.24      ,
       -5.96      , -6.51      , -7.47      , -6.31      , -7.23      ,
       -5.72      , -6.59      , -7.34      , -5.27      , -7.24      ,
       -5.35      , -6.55      , -5.8       , -5.82      , -7.59      ,
       -5.35      , -6.77      , -7.25      , -7.24      , -6.85      ,
       -7.59      , -6.28      , -6.64      , -7.19      , -7.49      ,
       -6.82      , -5.96      , -6.96      , -7.03      , -7.21      ,
       -7.12      , -7.22      , -6.62      , -7.17      , -7.24      ,
       -5.64      , -5.55      , -5.77      , -7.02      , -6.59      ,
       -5.72      , -5.55      , -5.35      , -5.72      , -6.2       ,
       -5.85      , -6.31      , -5.54      , -6.31      , -6.39      ,
       -5.80410035, -7.77      , -5.92      , -5.41      , -6.43      ,
       -6.69897   , -6.96      , -6.77      , -5.64      , -6.68      ,
       -6.3       , -6.92      , -6.62      , -5.55      , -5.37      ,
       -6.06      , -5.96      , -6.2       , -5.54      , -7.15      ,
       -6.8       , -5.82      , -5.81      , -5.77      , -5.85      ,
       -6.39      , -5.72      , -7.21      , -7.39      , -6.07      ,
       -6.89      , -6.62      , -7.06      , -6.85      , -6.7       ,
       -5.3       , -6.38      , -6.38      , -6.68      , -5.8       ,
       -6.57      , -5.62      , -6.74      , -6.92      , -6.85      ,
       -7.09691001, -6.66      , -7.66      , -7.01      , -6.8       ,
       -5.58335949, -6.16      , -5.57511836, -5.85      , -6.14874165,
       -6.12493874, -6.43179828, -7.        , -7.04575749, -6.14874165,
       -6.96      , -4.69      , -5.05      , -5.85      , -5.89      ,
       -5.96      , -5.64      ]), array([-5.57      , -6.96      , -5.55      , -5.41      , -5.45      ,
       -6.43      , -6.84      , -5.06      , -5.44      , -5.82      ,
       -4.63      , -5.46      , -5.04      , -4.89      , -5.19      ,
       -5.23      , -6.7       , -6.24      , -6.96      , -5.97      ,
       -5.85      , -7.2       , -6.62      , -5.97      , -6.21      ,
       -7.11      , -6.26      , -6.24      , -5.41      , -7.85      ,
       -7.4       , -6.89      , -6.89      , -6.8       , -5.68      ,
       -5.72      , -6.82      , -5.48      , -5.92      , -5.74      ,
       -5.96      , -5.89      , -5.64      , -5.92      , -5.77      ,
       -5.89      , -5.64      , -6.        , -5.96      , -6.24      ,
       -5.77      , -7.06      , -5.57      , -5.85      , -6.        ,
       -5.64      , -5.77      , -5.96      , -5.74      , -5.74      ,
       -5.96      , -5.82      , -5.55      , -6.54      , -5.96      ,
       -5.64      , -7.54      , -6.        , -6.24      , -5.85      ,
       -6.54      , -5.96      , -6.51      , -5.87      , -5.64      ,
       -6.62      , -5.4       , -5.6       , -5.57      , -5.62      ,
       -6.        , -6.89      , -5.48      , -5.68      , -5.82      ,
       -6.48      , -5.28      , -5.4       , -5.27      , -5.85      ,
       -5.28      , -5.19      , -4.27      , -5.58      , -4.94      ,
       -4.27      , -4.27      , -4.41      , -3.57      , -3.57      ,
       -5.05      , -4.93      , -4.74      , -4.48      , -4.67      ,
       -5.24      , -5.11      , -5.55      , -4.79      , -5.11      ,
       -5.11      , -5.55      , -5.44      , -4.41      , -7.21      ,
       -7.04      , -7.        , -7.27      , -7.06      , -6.27      ,
       -5.96      , -7.1       , -7.08      , -6.43      , -5.68      ,
       -5.4       , -6.96      , -6.19      , -7.6       , -7.6       ,
       -7.11      , -6.48      , -6.64      , -7.24      , -6.64      ,
       -5.96      , -6.19      , -7.06      , -6.31      , -7.25      ,
       -6.19      , -6.48      , -6.89      , -5.4       , -7.49      ,
       -5.66      , -6.17      , -6.77      , -5.54      , -7.51      ,
       -5.66      , -6.85      , -7.27      , -7.14      , -6.17      ,
       -6.72      , -5.82      , -6.84      , -7.1       , -7.35      ,
       -7.06      , -7.74      , -5.64      , -6.37      , -7.46      ,
       -7.02      , -7.42      , -7.02      , -7.43      , -6.38      ,
       -5.44      , -6.29      , -5.92      , -6.6       , -7.38      ,
       -6.92      , -5.96      , -5.8       , -6.31      , -5.7       ,
       -6.19      , -6.92081875, -5.28      , -7.49      , -7.04      ,
       -6.        , -6.48      , -6.19      , -5.6       , -6.52      ,
       -6.4       , -6.85      , -6.28      , -6.14      , -6.92      ,
       -6.85      , -5.68      , -6.62      , -5.47      , -5.37      ,
       -6.64      , -5.96      , -5.96      , -6.09      , -5.85      ,
       -6.28      , -6.96      , -6.64      , -5.6       , -5.89      ,
       -6.        , -5.89      , -7.4       , -7.11      , -6.37      ,
       -6.89      , -6.92      , -6.89      , -6.54      , -6.62      ,
       -5.57      , -6.14      , -6.54      , -6.14      , -6.32      ,
       -6.24      , -5.28      , -5.87      , -6.68      , -6.96      ,
       -7.09691001, -7.09      , -7.30103   , -7.04575749, -7.25      ,
       -5.80410035, -7.33      , -5.55      , -5.47      , -6.14874165,
       -6.46852108, -6.43179828, -6.85387196, -7.04575749, -5.46      ,
       -6.96      , -5.35      , -5.04095861, -6.42      , -5.8       ,
       -5.96      , -6.51      ]), array([-5.41      , -6.43      , -4.82      , -5.41      , -4.97      ,
       -5.8       , -6.84      , -6.42      , -5.44      , -5.82      ,
       -4.79      , -5.74      , -5.89      , -4.86      , -4.81530857,
       -6.23      , -7.05      , -6.85      , -6.85      , -6.21      ,
       -5.95      , -7.        , -6.62      , -6.7       , -5.82      ,
       -6.7       , -5.82      , -6.24      , -5.51      , -7.29      ,
       -8.06      , -6.68      , -4.85      , -5.92      , -5.82      ,
       -5.89      , -5.8       , -5.49      , -6.21467017, -5.62      ,
       -5.68      , -6.66      , -5.96      , -5.59      , -5.72      ,
       -6.19      , -5.96      , -6.42      , -5.68      , -5.4       ,
       -4.85      , -7.29      , -6.96      , -4.85      , -5.96      ,
       -5.39      , -5.77      , -5.6       , -5.77      , -6.54      ,
       -5.64      , -6.        , -5.545     , -6.74      , -4.85      ,
       -5.1       , -5.77      , -5.64      , -6.7       , -5.28      ,
       -6.        , -5.475     , -4.85      , -5.72      , -5.68      ,
       -5.64      , -5.96      , -5.66      , -6.8       , -5.85      ,
       -5.96      , -6.02      , -6.7       , -5.8       , -5.92      ,
       -7.05      , -5.68      , -5.66      , -5.59      , -5.64      ,
       -5.74      , -5.85      , -4.13      , -5.45      , -4.67      ,
       -4.67      , -3.57      , -4.08      , -3.72      , -3.68      ,
       -4.74      , -5.55      , -5.05      , -4.45      , -4.25      ,
       -5.24      , -6.7       , -6.2       , -5.34      , -5.64      ,
       -5.42      , -6.7       , -6.41      , -4.7       , -6.82      ,
       -6.64      , -6.4       , -7.59      , -7.08      , -6.68      ,
       -7.54      , -6.64      , -7.17      , -7.22      , -5.38      ,
       -5.4       , -7.47      , -6.26      , -7.29      , -7.04      ,
       -5.89      , -7.11      , -5.96      , -7.68      , -6.64      ,
       -5.96      , -7.03      , -7.29      , -7.12      , -6.96      ,
       -5.64      , -6.64      , -7.29      , -4.85      , -7.11      ,
       -4.85      , -6.64      , -7.18      , -7.11      , -8.06      ,
       -5.62      , -7.        , -7.38      , -8.06      , -7.30103   ,
       -7.22      , -6.55      , -7.15      , -7.21      , -7.47      ,
       -6.96      , -8.06      , -7.17      , -6.37      , -7.59      ,
       -7.34      , -6.8       , -7.34      , -7.14      , -7.59      ,
       -6.7       , -6.7       , -6.23      , -5.63      , -6.74      ,
       -6.62      , -5.74      , -5.66      , -6.82      , -5.82      ,
       -5.66      , -5.6       , -5.28      , -6.59      , -6.28      ,
       -6.17      , -6.55      , -6.48      , -5.77      , -6.2       ,
       -7.11      , -7.08      , -6.28      , -5.89      , -6.89      ,
       -6.        , -6.55      , -6.62      , -6.05      , -5.475     ,
       -5.96      , -6.        , -6.26      , -5.6       , -7.08      ,
       -6.77      , -5.82      , -4.85      , -5.62      , -5.835     ,
       -5.1       , -5.89      , -6.92      , -6.21      , -6.66      ,
       -7.14      , -7.33      , -6.85      , -6.54      , -6.44      ,
       -6.44      , -6.38      , -6.66      , -6.51      , -6.48      ,
       -5.6       , -5.8       , -5.41      , -6.51      , -6.77      ,
       -7.04      , -7.25      , -6.82      , -7.15490196, -7.33      ,
       -5.92      , -6.0043648 , -5.61618463, -5.82      , -6.14874165,
       -6.12493874, -6.8       , -6.82      , -7.        , -5.38      ,
       -6.14      , -4.87942607, -4.86966623, -5.85      , -5.74      ,
       -5.92      , -6.96      ]), array([-5.72      , -6.96      , -5.89      , -5.13      , -5.45      ,
       -5.1       , -6.44      , -6.42      , -7.21      , -6.62      ,
       -5.14      , -5.77      , -5.04      , -4.63      , -4.92      ,
       -5.23      , -6.62      , -6.85      , -6.59      , -6.2       ,
       -5.58      , -6.59      , -7.05      , -6.2       , -7.        ,
       -6.2       , -7.34      , -7.        , -5.42      , -7.62      ,
       -7.22      , -7.08      , -6.28      , -6.19      , -6.36      ,
       -6.05      , -6.05      , -6.0043648 , -6.0043648 , -5.92      ,
       -5.66      , -5.96      , -6.        , -5.4       , -5.4       ,
       -5.96      , -6.43      , -6.96      , -5.72      , -5.49      ,
       -7.03      , -8.06      , -6.8       , -5.82      , -5.85      ,
       -5.38      , -5.66      , -5.59      , -5.85      , -5.64      ,
       -5.77      , -5.64      , -5.24      , -5.55      , -5.82      ,
       -5.48      , -5.59      , -6.64      , -6.28      , -6.17      ,
       -7.18      , -5.51      , -6.21      , -5.85      , -5.89      ,
       -5.72      , -5.38      , -5.8       , -5.62      , -5.85      ,
       -6.05      , -5.82      , -5.59      , -5.89      , -5.77      ,
       -6.96      , -5.64      , -5.64      , -5.64      , -5.54      ,
       -5.96      , -4.27      , -4.2       , -4.67      , -4.82      ,
       -4.67      , -4.67      , -3.72      , -3.68      , -3.72      ,
       -5.05      , -4.94      , -5.33      , -4.45      , -4.69      ,
       -5.24      , -6.28      , -5.39      , -5.95      , -5.32      ,
       -5.32      , -5.66      , -5.1       , -4.82      , -7.49      ,
       -7.06      , -7.57      , -7.49      , -6.85      , -6.68      ,
       -8.04      , -7.21      , -5.54      , -7.04      , -5.24      ,
       -5.64      , -7.19      , -5.92      , -7.6       , -7.59      ,
       -5.96      , -7.29      , -5.59      , -7.22      , -6.77      ,
       -5.96      , -5.72      , -7.59      , -6.51      , -6.47      ,
       -5.59      , -6.28      , -5.25      , -6.51      , -6.96      ,
       -5.82      , -6.51      , -6.51      , -5.96      , -8.06      ,
       -4.85      , -6.72      , -7.31      , -7.51      , -7.72      ,
       -7.59      , -6.82      , -5.92      , -7.06      , -7.54      ,
       -7.03      , -7.47      , -6.51      , -7.04      , -7.64      ,
       -7.17      , -6.68      , -7.        , -7.14      , -7.23      ,
       -5.25      , -5.25      , -5.49      , -5.54      , -7.38      ,
       -7.06      , -5.96      , -6.42      , -7.04      , -5.96      ,
       -5.96      , -5.82      , -5.74      , -6.6       , -5.64      ,
       -6.64      , -6.28      , -5.46      , -5.8       , -6.89      ,
       -6.4       , -6.07      , -6.28      , -6.28      , -7.        ,
       -5.92      , -5.72      , -6.8       , -5.96      , -5.28      ,
       -5.59      , -5.96      , -5.6       , -5.6       , -6.2       ,
       -5.8       , -6.36      , -6.54      , -6.54      , -5.92      ,
       -6.        , -6.11      , -5.82      , -7.46      , -6.7       ,
       -7.1       , -6.        , -6.92      , -7.        , -6.17      ,
       -6.19      , -5.92      , -5.92      , -6.33724217, -6.72      ,
       -6.07      , -5.74      , -6.64      , -7.        , -7.59      ,
       -7.09691001, -6.6       , -7.35      , -7.09691001, -6.23      ,
       -6.64      , -7.1       , -6.12493874, -6.0043648 , -6.01322827,
       -6.43179828, -6.69897   , -6.96      , -6.82      , -6.12493874,
       -6.40893539, -4.71      , -5.22      , -5.8       , -5.66      ,
       -7.18      , -7.18      ]), array([-7.07      , -6.82      , -5.55      , -5.72      , -4.85      ,
       -5.44      , -6.84      , -5.64      , -5.44      , -5.82      ,
       -5.96      , -6.03      , -5.04      , -5.11      , -5.1       ,
       -5.23      , -6.7       , -6.62      , -6.96      , -6.2       ,
       -5.49      , -6.62      , -5.74      , -5.42      , -6.28      ,
       -5.3       , -6.24      , -7.22      , -5.44      , -6.31      ,
       -6.96      , -8.        , -6.37      , -5.905     , -5.38      ,
       -6.69897   , -5.72      , -5.68      , -5.85      , -5.68      ,
       -5.96      , -5.92      , -5.77      , -5.74      , -5.55      ,
       -5.96      , -5.82      , -5.7       , -5.87      , -5.92      ,
       -7.24      , -7.04      , -7.19      , -5.4       , -5.77      ,
       -5.68      , -5.55      , -5.7       , -5.92      , -7.14      ,
       -6.47      , -5.58335949, -5.35      , -5.72      , -6.38      ,
       -6.21467017, -5.72      , -6.28      , -6.        , -6.        ,
       -5.92      , -5.3       , -7.14      , -5.96      , -5.82      ,
       -5.82      , -5.74      , -6.        , -5.85      , -5.85      ,
       -6.        , -6.51      , -5.51      , -5.68      , -5.28      ,
       -5.92      , -5.74      , -5.51      , -5.61618463, -6.2       ,
       -5.61618463, -5.19      , -4.35      , -4.74      , -4.67      ,
       -5.85      , -3.72      , -4.38      , -3.72      , -3.68      ,
       -4.71      , -4.82      , -5.        , -5.54      , -4.41      ,
       -4.74      , -6.17      , -6.14      , -5.54      , -5.22      ,
       -5.55      , -5.31      , -6.23      , -4.7       , -7.54      ,
       -6.68      , -7.        , -7.14      , -6.85      , -5.25      ,
       -6.68      , -7.24      , -6.38721614, -7.23      , -5.43      ,
       -5.55      , -7.64      , -6.19      , -6.96      , -7.6       ,
       -5.68      , -7.25      , -6.14      , -7.41      , -7.25      ,
       -6.8       , -7.25      , -8.        , -6.66      , -7.05      ,
       -5.66      , -5.92      , -6.96      , -6.14      , -6.72      ,
       -5.38      , -7.54      , -6.28      , -6.7       , -7.59      ,
       -5.62      , -7.85      , -7.4       , -7.6       , -7.24      ,
       -7.55      , -6.24      , -6.77      , -7.22      , -7.01      ,
       -6.77      , -7.6       , -6.64      , -6.82      , -7.69897   ,
       -7.72      , -6.8       , -6.48      , -8.06      , -7.85      ,
       -5.54      , -5.77      , -5.89      , -6.8       , -7.54      ,
       -6.2       , -5.72      , -5.34      , -6.82      , -6.82      ,
       -5.96      , -6.6       , -5.38      , -6.24      , -6.26      ,
       -6.51      , -6.33724217, -5.3       , -5.85      , -5.96      ,
       -6.4       , -7.14      , -6.28      , -5.92      , -6.31      ,
       -5.55      , -6.47      , -6.85      , -5.55      , -5.37      ,
       -6.14      , -6.8       , -6.2       , -5.595     , -6.92      ,
       -7.14      , -6.66      , -6.54      , -5.49      , -5.8       ,
       -5.92      , -5.8       , -6.32      , -7.11      , -6.77      ,
       -7.38      , -6.82      , -6.05      , -6.77      , -6.65757732,
       -6.27      , -6.6       , -6.77      , -7.1       , -6.7       ,
       -6.59      , -5.72      , -5.835     , -6.6       , -7.24      ,
       -7.21      , -7.41      , -7.30103   , -7.09691001, -5.66      ,
       -5.55      , -7.15      , -5.66      , -5.545     , -6.01322827,
       -6.05      , -6.69897   , -6.92081875, -7.04575749, -6.04      ,
       -7.54      , -4.84      , -4.81      , -6.19      , -5.74      ,
       -6.66      , -5.59      ])]","[-5.988      -6.826      -5.382      -5.426      -5.026      -5.938
 -6.762      -5.898      -5.866      -6.048      -5.344      -5.886
 -5.18       -4.876      -5.01506171 -5.5        -6.754      -6.722
 -6.864      -6.156      -5.672      -6.886      -6.538      -5.908
 -6.266      -6.19       -6.38       -6.70478175 -5.44       -7.262
 -7.426      -7.074      -6.256      -6.155      -5.826      -5.9884659
 -6.032      -5.74705734 -6.11180699 -5.824      -5.908      -6.12
 -5.734      -5.694      -5.568      -5.806      -5.918      -6.36
 -5.816      -5.77       -6.142      -7.2991515  -6.742      -5.618
 -5.818      -5.634      -5.682      -5.762      -5.776      -6.33
 -5.952      -5.7866719  -5.507      -6.188      -5.697      -5.63093403
 -6.072      -6.124      -6.31144843 -5.666      -6.398      -5.627
 -6.112      -5.932      -5.766      -5.964      -5.696      -5.752
 -5.968      -5.714      -6.002      -6.232      -5.662      -5.712
 -5.728      -6.674      -5.622      -5.674      -5.52523693 -5.706
 -5.57523693 -5.084      -4.56       -4.804      -4.66       -5.062
 -3.96       -4.48877439 -3.778      -4.202      -4.844      -4.944
 -5.034      -4.674      -4.494      -5.14       -6.014      -5.804
 -5.53       -5.342      -5.36       -5.754      -5.976      -4.666
 -7.298      -6.862      -6.978      -7.356      -6.96       -6.312
 -6.998      -7.022      -6.42744323 -6.992      -5.494      -5.478
 -7.258      -6.214      -7.218      -7.302      -6.14       -6.922
 -5.968      -7.102      -6.708      -6.128      -6.54       -7.482
 -6.582      -6.992      -5.76       -6.382      -6.746      -5.634
 -7.104      -5.412      -6.682      -6.508      -6.226      -7.762
 -5.42       -7.038      -7.322      -7.51       -7.056206   -7.334
 -6.342      -6.664      -7.156      -7.372      -6.928      -7.366
 -6.584      -6.726      -7.519794   -7.274      -6.984      -6.892
 -7.388      -7.258      -5.714      -5.912      -5.86       -6.318
 -7.126      -6.504      -5.786      -5.714      -6.542      -6.1
 -5.924      -6.25016375 -5.444      -6.646      -6.322      -6.22482007
 -6.68344843 -5.87       -5.686      -6.4        -6.601794   -6.82
 -6.378      -5.974      -6.76       -6.124      -6.268      -6.702
 -5.716      -5.373      -6.078      -6.136      -6.044      -5.685
 -6.64       -6.558      -6.324      -6.076      -5.804      -5.859
 -5.882      -5.882      -6.734      -7.056      -6.514      -7.08
 -6.738      -6.754      -6.74       -6.51751546 -5.954      -6.284
 -6.454      -6.55344843 -6.404      -6.214      -5.632      -6.099
 -6.742      -7.082      -7.10814601 -7.002      -7.286412   -7.0808959
 -6.654      -5.89949197 -6.74887296 -5.70524835 -5.73787296 -6.0945363
 -6.24003937 -6.61230731 -6.91093814 -6.99145449 -5.83073608 -6.80178708
 -4.89388521 -4.99812497 -6.022      -5.766      -6.336      -6.376     ]","[0.59740773 0.20529004 0.37679703 0.18746733 0.39322258 0.65964839
 0.16104658 0.51312377 0.68631188 0.3148587  0.62777703 0.32647205
 0.35972211 0.15226293 0.13264739 0.38935845 0.15120847 0.27679595
 0.14347125 0.09308061 0.19166638 0.23996666 0.43064603 0.52677889
 0.40037982 0.66350584 0.5077007  0.39970966 0.0363318  0.52563866
 0.36505342 0.48413221 0.74757207 0.33852622 0.31922406 0.38845417
 0.41014144 0.25281118 0.25976848 0.19571408 0.22683915 0.28726295
 0.25310867 0.18238421 0.15535765 0.40102868 0.2765791  0.46008695
 0.10248902 0.30318311 0.88379636 0.39179986 0.60429794 0.45534163
 0.17405746 0.25499804 0.08231646 0.16618062 0.10818503 0.56426944
 0.28280028 0.15501285 0.20826906 0.46807692 0.51331861 0.36150653
 0.73657043 0.32994545 0.22571294 0.43655927 0.45185838 0.254472
 0.75974733 0.18104143 0.09243376 0.35177265 0.26514901 0.14005713
 0.44422517 0.18051039 0.02856571 0.40553175 0.55466747 0.12828094
 0.22920733 0.42687703 0.17690676 0.26058396 0.13491802 0.30381573
 0.26502675 0.50965086 0.64912248 0.7127019  0.25131653 0.65976966
 0.43863424 0.72658643 0.21802752 1.08015554 0.16965848 0.34586703
 0.18746733 0.43315586 0.16608432 0.2        0.53376399 0.31928671
 0.4494886  0.18115187 0.14518953 0.48664566 0.60526358 0.13617636
 0.26422717 0.17554487 0.3711819  0.16193826 0.09859006 0.55423461
 0.72250675 0.22148589 0.63006314 0.29294368 0.188      0.09967949
 0.25933762 0.18831888 0.37354518 0.3784389  0.50075942 0.36580869
 0.40838217 0.59431978 0.3243085  0.336      0.55497748 0.31466808
 0.29955968 0.282871   0.21899772 0.2620229  0.76854668 0.60420526
 0.25912159 0.33126424 0.45761993 0.463353   0.58520424 0.24506326
 0.30574499 0.41691246 0.05912698 0.32261432 0.52196235 0.33696291
 0.33420952 0.40804902 0.06406247 0.19145757 0.11443776 0.72992054
 0.52621669 0.30110463 0.17379876 0.24589429 0.28492806 0.30740202
 0.35323646 0.49652392 0.50957237 0.5202461  0.2393324  0.61372306
 0.38385414 0.49045285 0.15666525 0.39525182 0.4758319  0.39658543
 0.17234848 0.48651776 0.17590907 0.44616589 0.44516963 0.31120937
 0.55180132 0.44045431 0.16156732 0.31272992 0.27924146 0.38807216
 0.196      0.22032703 0.24859606 0.43463088 0.48815571 0.10166612
 0.23946607 0.06177378 0.33825434 0.33236125 0.24475294 0.20376457
 0.51957675 0.46777772 0.45314898 0.6815453  0.3786608  0.042
 0.424      0.13044539 0.58506752 0.44638996 0.2605072  0.1823184
 0.43563287 0.35903203 0.17922053 0.19503674 0.43975448 0.23303219
 0.29675579 0.32689645 0.33619042 0.3651082  0.18529976 0.50998431
 0.18765927 0.29969318 0.05549208 0.32071171 0.26891595 0.04949896
 0.63266421 0.39495738 0.55189954 0.21314579 0.19964525 0.06638773
 0.17411872 0.15193184 0.06627669 0.08753984 0.33825505 0.48730187
 0.23938936 0.1453595  0.24293209 0.07631514 0.50460281 0.6580152 ]"
2,RandomForestRegressor,"[-5.869713145659998, -6.147215929310001, -6.6978261361500016, -5.876826726179997, -6.613239087410001, -5.767601512169998, -5.591759334090001, -6.764949019590006, -6.741373741250003, -6.0828221463000025, -5.586251209140001, -5.058973353030003, -5.230059312430001, -5.0719206994100015, -6.768797135910006, -7.07840781977, -5.488300000000004, -5.554000000000002, -5.487800000000005, -6.777957331299997, -6.250558775169999, -7.0373453141499995, -6.8784597587499965, -7.25155487857, -7.198720489399998, -6.502295946660001, -6.741040296549998, -6.203114040300002, -6.672149644630001, -6.770870861319999, -6.534781380510001, -6.296705703989999, -6.306190081389997, -5.732721041140004, -5.819109620500002, -5.616772835290008, -6.122558841649999, -5.890289531560003, -5.956643648049999, -6.9861868120800015, -5.809243648050001, -6.317129471529998, -5.8747512091399985, -6.724726610820003, -6.885749538989999, -7.098233660479996, -7.0326458047800005, -5.657614610920001, -5.86458228266, -5.544050000000001, -5.646222835290002, -5.553249999999999, -5.751833594929996, -5.590899387370001, -5.700449999999997, -6.023985210829998, -5.687479035169999, -5.938922835289998, -5.707650000000004, -5.8004, -5.69059585333, -5.677332282660001, -6.2425006640000005, -5.7825574334900045, -5.70370236726, -5.98171073463, -6.180062650109999, -5.777370315960001, -5.777519619509999, -6.06980203158, -6.152396500630002, -5.955539353929998, -6.042382314660001, -5.732414610919999, -5.444700000000001, -5.3699983057199985, -5.3367741016000005, -4.374596662320003, -4.7856909230100015, -4.353793324640002, -4.6374000000000075, -4.354789986960001, -5.071891750530002, -4.946998587430001, -5.066700000000001, -5.348667507099998, -5.0596124903400055, -5.278499999999999, -5.594767507099997, -6.135399999999999, -6.245386383059998, -4.9151676137199996, -6.06269158677, -5.791243732069998, -5.715199999999999, -6.377037959520002, -7.317879400080003, -7.360247274949996, -7.406388474780003, -6.7534479657599995, -7.233357574909999, -7.063100000000005, -5.692849387369998, -7.33790585897, -6.723133727039999, -7.08971798276, -7.21294690718, -6.08191461092, -6.8735425600300015, -7.126273812390005, -6.584999999999999, -7.14926713933, -6.5979282665899985, -6.538117507099998, -7.186469100129999, -7.210299110550003, -7.104353501689999, -6.589778174820002, -6.912883792249999, -6.166055810740002, -6.398934571070002, -7.1637065945100025, -7.429089700029998, -7.164242344240003, -7.2266490196, -7.0900580943000024, -7.183515301430003, -7.219285994599997, -6.153529478260001, -6.993143353359999, -7.40341029995, -5.8647502225600014, -7.324335014189997, -6.199001047019999, -6.794451565860002, -7.18196875402, -7.294900000000004, -6.7604387196400015, -7.158857574910001, -5.6709, -6.476534509449998, -6.33011150909, -7.199406378349995, -6.120519157750003, -6.629654294829997, -7.114962057000005, -6.667242934170002, -5.8488194607700015, -6.338234934820001, -5.647050000000002, -5.8067936480499975, -6.741718551029997, -6.071220333000001, -6.2902707948900005, -5.99231964052, -5.772914610919998, -5.823483594929996, -6.751089070099998, -6.882333269549998, -7.050683098409998, -5.976026041350001, -6.423715348460002, -5.8941359876999995, -6.0807436480499995, -6.386955394069998, -6.112178232420002, -6.192987416509996, -6.484049999999996, -6.657622375040001, -5.922550000000001, -5.931949999999998, -6.249702350160001, -5.709599999999999, -7.071916667990001, -6.086582031850002, -6.0541648606, -6.7974355368899975, -6.9211021052999975, -5.67614507902, -6.036722220580003, -5.922184992270001, -6.668496885369999, -6.093649999999998, -6.309444607509999, -5.967632704689999, -7.191020489380003, -7.060810972330004, -6.46433485784, -5.860032259479999, -6.050438719639999, -5.964667530899996, -5.982790183510002, -6.528965697119997, -6.367271694810003, -6.376105684449999, -5.768190192720001, -6.099565022399999, -6.05803125032, -5.799500000000003, -5.876449999999998, -5.997750041469999, -7.105616801089997, -5.8516425734399995, -6.367999999999995, -5.50582682666, -5.1473270931799995, -5.690500000000002, -5.6203038467700015, -5.597194260689998, -5.512486383060002, -6.830042076390004, -6.121099521660001, -5.364050000000004, -5.184670267340003, -6.658493892920009, -6.040375773190002, -5.917999999999999, -5.299382782070003, -6.9466284196800006, -5.85686547323, -5.858143106839999, -6.041128597310001, -5.999350000000001, -6.607954759670003, -7.009363880200001, -6.577036401689997, -7.003089700040002, -6.871950263919997, -6.273965457099995, -6.499872161430001, -5.912862821749999, -6.105693241470002, -5.72243425916, -5.8704157877800025, -5.9744969495400015, -5.833660566479998, -5.85877039541, -5.570500000000001, -5.689832154849999, -5.861422412820002, -5.80927113296, -5.82143205437, -6.282989353930003, -5.8075320543699975, -5.927667342809998, -5.971977687649999, -5.834945716659997, -6.937164446189997, -6.281410299950002, -5.9657981594799985, -5.838999999999999, -5.719900000000003, -5.879954464510002, -5.61808619783, -6.012213069289999, -5.73162768514, -5.931647972419999, -5.681499999999996, -5.79005, -5.777999999999999, -5.8307948316800005, -5.638541639730001, -5.679567342810002, -5.808865098150003, -5.733411846339999, -5.78477283529, -5.669449999999997, -5.6315000000000035, -6.3054831029899985, -5.8179967016499985, -5.707264610919999, -5.957860566479999, -6.474197963959998, -5.82441211286, -5.9899999999999975, -4.23, -4.717874234870001, -4.93098810701, -5.082509586080002, -4.667009586080001, -4.807807693539998, -5.006920267339996, -5.1079675071, -5.512630111280001, -5.519990266329999, -5.785633348090004, -5.249967507099998, -5.116800000000003, -5.938399357370002, -5.036088719640003, -6.64848165349, -7.227106594509995, -7.061606248400002, -7.230518119730002, -7.07180585897, -6.368496832310001, -6.195405810740001, -5.9464416560399975, -7.28001274819, -6.985099999999999, -7.2286836660199985, -6.83312807357, -7.154444871030002, -6.13678881415, -7.1829138949, -6.280981426009999, -6.28128607315, -7.026533348099998, -6.7086559040100004, -6.6299362892900024, -6.3856221614300015, -6.279270452019996, -6.204135533870001, -7.082804482089996, -6.560600381350001, -7.203225449780006, -7.155787219860003, -7.047546688739996, -7.20924457861, -6.772462380849996, -7.215284769329998, -7.220163360820002, -5.85933468163, -7.157779368140001, -7.123404983540002, -6.93062130478, -7.014735014200003, -7.12552029491, -6.507932271800001, -7.227998039200006, -7.12269245214, -6.935575773189999, -6.650272031539998, -6.8727102999600005, -7.279549019599998, -6.2375418917899985, -6.007204558550001, -5.567300000000002, -6.0646267510400005, -6.158022637, -6.47836756735, -6.855973812390001, -6.58308638306, -6.221090748880003, -5.71619685421, -6.331462808799999, -5.934160402710002, -7.011606781309999, -6.765883246850004, -7.171947058799999, -6.171153442619999, -6.392610193729996, -5.97920120914, -6.759526751410002, -6.576186077979998, -5.7702666254700015, -6.503893957970003, -6.630934126329999, -6.114934447489998, -5.699400000000001, -5.749354849849996, -6.239943615320002, -6.484049600719999, -6.180671834490002, -5.902500000000006, -6.070310566479999, -5.974450000000001, -6.313634598200001, -6.046000000000004, -5.882350000000003, -6.37394376952, -6.087319363390001, -6.862015170519998, -6.609277269799999, -5.93435370847, -6.1175593195600015, -7.001477958659999, -6.001804214529999, -6.931494353260002, -5.995453721170001, -5.788598198649998, -5.98441796699, -5.8157523300800005, -6.39830548348, -6.417901357760001, -5.9843278369399995, -5.822187816310004, -5.260534421229998, -5.389202578170005, -5.02219821957, -5.922119043750001, -6.005049999999998, -6.402852250779996, -6.026568083559999, -5.803522412819997, -5.836541003480002, -5.615451183630003, -5.851691003480002, -5.851649999999999, -5.589949999999999, -7.049421673540001, -5.830592621219999, -6.37679054141, -5.8025490526900025, -5.058625420560002, -5.646801209140002, -6.5028777058100005, -6.017149999999999, -5.49699769309, -5.337843396060001, -6.168000000000001, -5.6961539826299985, -6.721440475640004, -6.884000000000007, -6.141794011019997, -6.158026377369998, -6.8893760624100056, -6.756908187540002, -6.953900855200001, -5.905268847950001, -6.9860975414699995, -5.786011767780001, -6.179486475540002, -5.96178429648, -7.324502001909995, -7.3136844015700015, -7.20384002117, -7.2117263072699975, -6.892663801649999, -6.007243648050002, -6.172375926879999, -5.757388883399998, -5.8796752447, -5.95501862896, -6.075291397359998, -5.7945335949300025, -5.759783594930003, -5.995500149149994, -5.586114610920001, -5.719949999999996, -5.923500000000001, -6.144489721770001, -5.97654544127, -5.855449999999998, -6.634706962280002, -5.765992454799994, -6.9488584301, -6.726013556800001, -7.07296787486, -7.084183622640004, -5.5810774392799996, -5.9164942037799975, -5.883103204050001, -6.009699999999998, -5.766856107030001, -5.8406618463400015, -5.700355494390003, -5.583193595230001, -5.6661671898599995, -6.1481132611400025, -6.090157819770003, -6.202604997010002, -5.644561846340002, -5.6773500000000015, -5.9490764169800014, -5.825858706930003, -5.773699653890003, -5.6986686657200005, -5.715537542939997, -5.77475610703, -6.476384419100001, -5.909427899900002, -6.051173568220001, -5.68758700892, -5.74550097751, -5.703007897399999, -5.9578319469, -6.543300235009997, -5.747000000000003, -5.676966483339999, -5.83260781977, -6.095759218349997, -4.267309586080003, -4.6016, -4.844948305719999, -5.0795999999999975, -4.346472146300005, -3.7510999999999965, -4.940299999999996, -4.803472146300001, -4.7286483057199975, -5.212596662320001, -5.36945, -5.920084804069998, -5.152831480389999, -5.71325120914, -5.577920544969996, -5.03249375671, -5.49608228266, -5.22614830572, -5.161199999999999, -5.5082499999999985, -6.380326139380002, -5.268143569490002, -7.1121675071000015, -6.2273204778399975, -6.65159397048, -6.189325601680001, -6.6805500364, -7.093764492840002, -6.793886016250001, -6.364878858880002, -7.126338719650001, -7.137020303580001, -5.924943648050001, -7.197636239460003, -7.2932000000000015, -5.702999999999996, -6.110199307779997, -7.179303046160002, -7.02307005873, -6.963919006879999, -7.027238719640001, -7.260157574910002, -7.227926675040003, -6.204406033569998, -7.209151546389997, -7.2319, -7.222308339160003, -6.968349019600005, -6.058190284830002, -7.184643569520001, -6.597458454059997, -7.035157574910004, -6.323735770429997, -6.968606594509997, -6.266659123210001, -6.803406594510001, -7.2157787408099985, -6.12017393048, -6.1847671046100015, -7.19720847447, -5.882451209139999, -7.058018119730004, -5.6562, -7.245855614110001, -7.071649019600001, -7.303449019600001, -6.28809100348, -6.098451000779996, -6.34580257616, -7.2163572071400015, -6.84412118103, -7.168567874860002, -7.037996373110004, -6.203099999999998, -6.452523026590001, -6.9141211810300005, -5.955850938870003, -6.943122396289998, -7.131307449710004, -5.80904364805, -5.718449999999998, -5.626429030010001, -6.50582531945, -6.903347274950002, -6.0853919822700036, -6.36898821318, -5.76006930306, -5.777073692679997, -6.585373755010003, -6.3743231212, -6.144342125460001, -6.76938407711, -6.400124410489997, -6.31589303542, -5.857894128999999, -5.9880999999999975, -6.907557574909999, -7.047018999759997, -5.6137, -6.18094863785, -6.344115809480001, -6.377758973449999, -5.88164952117, -7.12132108178, -7.125567650850001, -7.036448978399999, -7.055653523479999, -6.23599571679, -6.157111012959998, -5.649894260689998, -5.872294144830001, -6.462309102089994, -6.26914108334, -6.375331754589994, -6.276017476009994, -5.200256356650001, -5.436149206489998, -6.382128174819999, -5.804843894889998, -5.888699999999996, -5.773649999999998, -5.814006025620001, -6.067453457289998, -5.849609586079998, -5.09920308569, -5.092796662319999, -4.930409953849999, -6.559618119729995, -5.742081693920005, -5.2339252319900025, -5.08270308569, -5.073353085690001, -6.531558140890001, -4.938291805330001, -5.39302153367, -5.12909666232, -5.728349999999999, -6.985920599909997, -5.894728098169999, -6.333476227669999, -5.90317283261, -5.785766744519998, -5.5152, -6.28795, -6.676407819769997, -6.152893648049999, -7.415847762379997, -6.8666802769399995, -6.813940309129999, -6.666847522079999, -6.38217427798, -6.2627247131999955, -5.898659219080002, -6.1089907534400005, -6.138244458750003, -5.72988683358, -6.062059955810002, -5.76431382003, -5.73560450565, -5.737250000000006, -5.960038922870002, -5.791631064559999, -5.671450000000004, -5.773737381169999, -6.325005675100001, -6.248022835290002, -6.540887818500005, -5.75978296668, -6.200566220690002, -6.260253006100002, -5.6667999999999985, -5.885810765460002, -5.649100000000002, -5.77354938737, -5.676722835289999, -5.795908547989998, -5.767435899860001, -5.91169528914, -5.86323264536, -5.593086680620001, -6.0495109403299985, -5.94966352932, -5.887249999999997, -6.376930846779995, -5.724339087409998, -5.80153741651, -5.865323477710002, -6.207428707859998, -5.89424364805, -5.180427028740001, -4.802967507100003, -4.758302407839999, -4.241268808620005, -3.8049387196399977, -5.17603718136, -5.222236882690001, -5.114618321070002, -4.955883264559999, -5.158846783079996, -4.971792413639999, -5.199176736939997, -5.117300000000004, -5.23225077166, -5.141868905640003, -5.7483654163299995, -5.391133594929999, -5.2438499999999975, -5.323850000000001, -6.037999999999999, -5.3699709462400005, -5.477150000000003, -5.310906171380002, -5.1309221463000005, -7.114999999999996, -7.079305153079999, -6.7098999999999975, -6.3267055136300065, -7.265427194420003, -6.242763624080004, -6.03933167003, -7.1248556141099995, -7.221607819769999, -5.457499999999993, -7.136338719639998, -5.6571335949299995, -6.1452322826599985, -6.442128282719999, -6.516575655809999, -6.547876083110001, -5.655519731159997, -5.804544507520001, -7.133267874869998, -6.503999999999998, -6.93928970004001, -7.1481472749499995, -7.297075694629999, -6.23437491087, -6.0893903496999995, -7.1478181197299975, -7.16995517328, -7.158718119729997, -6.129422682340001, -7.186675773190005, -5.707216377220001, -7.133949019599999, -6.122525177400003, -6.98340007143, -6.01103370873, -7.1399980392000035, -7.229506594510002, -7.2318999999999996, -7.005056360640002, -7.35818970004, -6.880023556979999, -7.045398039199996, -6.887003054329998, -5.867915884060003, -6.833078232419996, -7.305499999999996, -5.992161981270002, -7.046727936599999, -7.293338719639999, -6.045861846340001, -6.357699999999997, -6.741550928940004, -6.52815757491, -7.137136239459995, -5.92599711621, -5.795350000000002, -6.119777837509999, -5.840850000000002, -5.643000000000001, -5.783432154849997, -5.531359319559998, -5.5675835949299985, -6.798379966070001, -6.7231687615399975, -6.345699739030002, -6.592683864050002, -5.696665416330002, -6.100507819770002, -6.11553560811, -6.22023106456, -6.16782485528, -5.394360566480003, -5.86958109426, -6.298307999469997, -5.88804511587, -6.098664684409999, -5.925926083109997, -5.8734011836299995, -6.156992737670004, -6.418139974609999, -6.573740694029998, -6.207574852240001, -6.8877816754699985, -6.73754496805, -5.921567035810003, -6.93227950965, -6.70490335222, -6.410165783149997, -6.193266901160002, -5.91341184634, -5.998134804469998, -6.746216894459999, -6.997928539990002, -6.926065104330002, -6.963582485099998, -6.209365557830001, -6.095583595489999, -5.910385542860002, -6.292542256489997, -6.301328031409998, -7.049251581990002, -7.102257537200001, -5.429389005210001, -6.103720599909999, -5.240399748010005, -6.008543425920001, -5.858059219080001, -5.752194507519997, -7.1632752893100005, -5.71529364805, -6.733936758830001, -5.848707268129999, -5.602435264169995, -5.473596410329998, -6.649500000000001, -5.258050071430001, -4.991900000000004, -5.029900000000005, -5.332400000000002, -5.728549999999999, -6.650603112000003, -6.71024545854, -6.906528073570006, -6.241704502789999, -7.052394333749998, -7.0892081875400015, -7.120761500229998, -5.732503046969998, -6.270275404420002, -6.454699653890002, -5.947513649800003, -5.515595164670002, -6.855198039199998, -6.623458187539995, -7.094967874869999, -6.920273949990001, -7.224640310380003, -6.166280357409999, -6.21417608311, -6.48505417531, -6.24454249979, -6.054908775180003, -5.927749999999998, -6.8207107873899995, -7.086589700039997, -7.40525125168, -7.091313060150004, -6.115732243530004, -5.712149999999998, -5.899427386540001, -6.367232727910002, -5.759305068160001, -5.6959105664799985, -5.776393123509999, -5.9240355110000005, -5.794775973369999, -5.690284778559999, -5.896272421679999, -5.605393403299998, -5.75147227496, -5.905255800650004, -5.860895315060002, -5.720855263930002, -6.082880137259999, -6.393395510779999, -5.800160566479998, -5.6167936480500025, -6.038898305719999, -5.9427499999999975, -5.8853910034800005, -5.846996701649998, -6.1432745984100015, -5.928624804099999, -6.00737418309, -5.855818250449999, -6.225504063040001, -5.98498228266, -5.286694118559996, -5.36138443676, -4.358100000000006, -4.9347071604999995, -5.02291485348, -5.366493324640001, -4.98953973497, -4.138399999999999, -4.205499999999999, -5.000228675630002, -4.8560777614, -4.919577761400001, -4.886133914089994, -5.364149542230001, -5.0123675070999925, -5.00112687079, -6.145708192109997, -6.02075, -5.167553085689998, -5.728099033409999, -5.599510566480001, -6.1339197311600016, -4.930611190350003, -7.2063234956199995, -7.098949019600002, -7.067053133920001, -7.338982367700002, -6.952889919910002, -5.63875, -6.794594041909997, -5.833222072930003, -6.713234494810004, -6.448347274950001, -6.6990955107799985, -7.009583745210001, -7.065349507030003, -5.72145118363, -7.390638719639997, -7.300460463970004, -7.2575490196000025, -6.618037393129999, -7.045328073570005, -7.361333316150003, -6.8078675071, -5.9865533219900025, -6.279207788979996, -6.75238564848, -7.1458683054, -5.638561846339999, -6.973338719639998, -6.934245314150002, -6.30005279142, -7.184485280710006, -7.0134000000000025, -6.911324273409998, -6.647925961150003, -7.1581653946799975, -7.402657574910002, -7.3298000000000005, -7.164141246429999, -6.845300000000001, -7.2114069443400055, -6.007411233710001, -6.80400781977, -7.20459206972, -7.034684737379998, -6.91175720714, -6.8418196680799985, -7.211858973450002, -6.89729874278, -5.944415437039997, -6.10646186147, -7.416249019599999, -7.120132497249999, -6.958043648060002, -7.064449019599998, -7.188986383060001, -6.192509780959999, -5.681011775619998, -6.503376083099999, -6.087037858720001, -6.037255892820003, -5.903996701650001, -6.558005819450001, -5.583650000000001, -6.627795102059997, -6.04572844134, -6.592804135979999, -6.024120244519997, -5.778190421229998, -6.639855524470001, -6.466438741300003, -5.73336113246, -5.925859219080003, -6.0149681197300024, -6.1383695953799995, -6.158501933170003, -6.526300000000001, -6.264819006880003, -6.086239620449998, -6.1729109478199975, -6.697508651889995, -6.976023488979998, -6.294956396219996, -6.910759989479999, -6.87525419288, -6.55123337958, -6.512349387369997, -6.926904633709998, -6.657391953779999, -6.282746107289996, -5.934874080880002, -7.192713903340003, -7.0859103775999985, -7.172042437159998, -6.778978237489998, -6.088044901649999, -5.981842674380004, -5.879757034800001, -5.91390201852, -6.23718796233, -6.459608294589995, -6.01795180145, -6.221671172799996, -7.101454396939996, -5.890098735110001, -5.337692932480001, -5.026754344000001, -5.810796015310002, -5.767439653400003, -5.7803499999999985, -6.0511260831100016, -5.6770499999999995, -6.430938719639999, -6.079480004620001]","0     -6.440000
1     -6.400000
2     -5.660000
3     -6.700000
4     -4.670000
         ...   
247   -4.844664
248   -5.800000
249   -5.960000
250   -5.520000
251   -5.740000
Name: Permeability, Length: 252, dtype: float64","[array([-6.04497207, -6.52774794, -5.3558826 , -5.34107621, -5.01733457,
       -5.6831314 , -6.58123909, -5.90062266, -6.16924429, -6.26616751,
       -5.30657164, -5.68468139, -5.39365   , -5.22919092, -5.15010713,
       -5.31276998, -6.7145    , -6.69327242, -6.73182879, -5.98926751,
       -5.71049158, -6.76838638, -6.29028182, -5.55599508, -6.43700554,
       -6.05182222, -6.26260121, -6.33757668, -5.5095    , -6.93786937,
       -7.05567425, -6.81013501, -5.97600739, -6.04771643, -6.28667871,
       -5.92819843, -5.88571952, -5.8321189 , -5.84281214, -5.73501648,
       -5.8614376 , -6.07507337, -5.86833359, -5.67895782, -5.63108359,
       -5.88052577, -5.75184939, -6.37337216, -5.87229539, -6.00878932,
       -6.37891849, -6.93332228, -6.56364431, -6.03391705, -5.92199054,
       -5.82853478, -5.6618    , -5.7947287 , -5.73268106, -6.11780932,
       -6.04551844, -5.83027714, -5.75152284, -5.85107796, -5.74087523,
       -5.7634    , -6.14067284, -6.17355819, -5.96818185, -5.83295704,
       -5.98140424, -5.56494939, -6.26695032, -6.13954393, -5.67775   ,
       -6.14971579, -6.05359578, -5.77285   , -6.10153529, -5.71105237,
       -6.17443015, -6.27836042, -5.6062    , -5.86570485, -5.80995   ,
       -6.3924506 , -5.76643638, -5.60355   , -5.68356941, -5.82510542,
       -5.68535485, -5.48691616, -4.713     , -4.72515325, -4.6006    ,
       -5.25095899, -4.42296693, -5.14991776, -4.16973538, -4.73962523,
       -5.09135629, -5.28006751, -5.07050491, -4.67669028, -4.83366428,
       -5.12313776, -5.823     , -5.90285303, -5.36987335, -5.24339262,
       -5.29165485, -5.81556658, -6.19878448, -4.92288113, -7.2507    ,
       -6.92230659, -7.01072807, -7.33226962, -6.82860283, -6.7295    ,
       -6.70328092, -6.92859426, -6.07774284, -7.11924706, -5.75393586,
       -5.57415   , -7.29686962, -6.15101178, -7.28605561, -7.25282646,
       -6.0680254 , -6.5710272 , -5.83633866, -7.2084897 , -6.66268652,
       -6.13027216, -6.42587216, -7.19426591, -6.41487851, -6.97139637,
       -5.8029    , -6.55947216, -7.12376787, -6.12090164, -7.23663698,
       -5.80265386, -6.35436515, -6.91782807, -5.91264365, -7.30971638,
       -5.76207719, -6.8955    , -7.33851864, -7.36763872, -6.79764902,
       -7.2390206 , -6.75855853, -6.45270125, -7.14969593, -7.04942668,
       -6.92266908, -7.13030314, -6.73782025, -6.5039449 , -7.1006    ,
       -7.13519666, -6.79471611, -6.89499994, -7.26881689, -6.95918847,
       -6.1925627 , -6.20909365, -5.88480268, -6.52682155, -6.9953    ,
       -6.07388136, -5.99137447, -5.75720485, -6.46955   , -5.93350922,
       -6.16389102, -6.52357845, -5.54845   , -6.52445483, -6.38632974,
       -6.26335378, -6.61641134, -6.237     , -5.99344213, -6.15432701,
       -6.74251855, -6.25616637, -6.41759629, -6.13990099, -6.83882116,
       -6.48221811, -6.40804848, -6.43949939, -5.69015   , -5.57784365,
       -5.852341  , -6.11630576, -6.1576    , -5.73094365, -6.55888801,
       -6.5699785 , -6.56917236, -6.00640143, -5.80223106, -5.68563106,
       -5.9664904 , -5.98296971, -6.73034086, -7.04143717, -6.66202191,
       -7.0278108 , -6.35179242, -6.76242096, -6.68050319, -6.56676136,
       -6.00692083, -6.06152516, -6.09625   , -6.46850046, -6.39168872,
       -6.31101993, -5.85322718, -6.04238661, -6.72604245, -7.27251853,
       -7.16060951, -7.07427847, -7.13190849, -7.11359602, -6.82806676,
       -6.27073484, -6.7535004 , -5.8427497 , -6.11968438, -6.1949282 ,
       -6.3401617 , -6.33386761, -7.1923981 , -7.09263999, -6.03049506,
       -6.4278233 , -5.11092768, -5.07553817, -6.10661384, -5.8948    ,
       -6.07282254, -6.62256152]), array([-5.924     , -6.47500447, -5.40915   , -5.5229078 , -5.04780325,
       -5.7774045 , -6.5348    , -5.53148852, -6.00432027, -6.17402476,
       -5.30675   , -5.66938942, -5.26955   , -5.08910385, -5.14632027,
       -5.43730959, -6.5831412 , -6.6220103 , -6.77465389, -6.10756751,
       -5.70762577, -6.69139389, -6.28988872, -5.52845059, -6.19618495,
       -5.92150285, -6.28143212, -6.23822608, -5.5273897 , -6.93211376,
       -7.10194902, -6.98071689, -6.02297974, -6.13473755, -6.26706541,
       -6.12739643, -5.86375351, -5.78757857, -5.84043477, -5.72620782,
       -5.94180747, -6.03022393, -5.82727175, -5.70417764, -5.81822113,
       -5.79581461, -5.75996946, -6.3134    , -5.86136057, -6.03038551,
       -6.33504902, -6.91550438, -6.63007542, -6.03370408, -5.9747772 ,
       -5.72461057, -5.66895   , -5.8097647 , -5.73493911, -6.03799221,
       -6.11233   , -5.71500452, -5.75986766, -5.98682797, -5.74782117,
       -5.76842407, -6.09955383, -6.20534365, -6.15022242, -5.85349451,
       -5.9815967 , -5.6609    , -6.34513397, -6.1338371 , -5.71995485,
       -6.0751897 , -5.92195092, -5.7297873 , -6.03519999, -5.80522145,
       -6.24838216, -6.11516264, -5.6196    , -5.84025899, -5.81395699,
       -6.4697854 , -5.72999192, -5.64991185, -5.67237262, -5.82498372,
       -5.661259  , -5.31846751, -4.3972    , -4.88665488, -4.59682027,
       -4.91666751, -4.20852027, -4.67667423, -3.908     , -4.30746857,
       -4.99282985, -5.28936751, -4.91275861, -4.65042027, -4.83631343,
       -5.12490959, -5.73567189, -5.88025055, -5.55473134, -5.38269426,
       -5.3555687 , -5.9249932 , -6.25682282, -4.94890623, -7.17929629,
       -6.84089389, -7.00891864, -7.27081812, -6.7629    , -6.81208638,
       -6.69186754, -6.89029405, -6.08717284, -7.0027251 , -5.764891  ,
       -5.54      , -7.20854902, -6.20785   , -7.21593909, -7.19224907,
       -6.09865008, -6.57629045, -5.88806013, -7.22810659, -6.61127248,
       -6.0755    , -6.42292361, -7.15028359, -6.33335059, -6.96819138,
       -5.86757242, -6.57798428, -7.02730932, -6.02292949, -7.17260782,
       -5.81211057, -6.3089813 , -6.82264939, -5.88379798, -7.31621812,
       -5.95507404, -7.02034902, -7.3799103 , -7.3913    , -6.75027242,
       -7.1792103 , -6.67623148, -6.4211    , -7.13493676, -7.13984495,
       -6.85196576, -7.09026751, -6.6665197 , -6.3872442 , -7.1840897 ,
       -7.1481485 , -6.77585932, -6.80555828, -7.28483509, -7.04531812,
       -5.99512727, -6.06571043, -5.82342274, -6.36081315, -6.95219844,
       -6.15715389, -5.94342822, -5.72885922, -6.31482547, -6.04038935,
       -6.21060782, -6.50949595, -5.54701185, -6.78008774, -6.35024941,
       -6.05918986, -6.62178952, -6.16020959, -5.93175089, -6.11701242,
       -6.44710254, -6.20253799, -6.39766592, -6.21856806, -6.95766582,
       -6.57655982, -6.47557695, -6.39815695, -5.7399    , -5.4896    ,
       -5.91956013, -6.08750959, -6.12098742, -5.8534    , -6.50768742,
       -6.39610922, -6.44325925, -6.12116159, -5.86041599, -5.7105    ,
       -6.06135932, -5.95370868, -6.85659059, -7.13442972, -6.50477889,
       -7.09364248, -6.28337119, -6.56749217, -6.75060216, -6.50953811,
       -5.77658038, -6.08846384, -6.27980959, -6.41149758, -6.38009048,
       -6.25617203, -5.88075928, -6.02780819, -6.96102479, -7.16263986,
       -7.08869148, -7.03226325, -7.13834532, -7.13115197, -6.70808061,
       -6.32304224, -6.61229844, -5.84279225, -6.12259119, -6.16536748,
       -6.38630718, -6.35368816, -7.12795843, -7.01499688, -5.88850676,
       -6.50883641, -5.17282887, -5.07926282, -6.0489    , -5.90525118,
       -6.0727    , -6.53015791]), array([-5.9019    , -6.60941689, -5.39218298, -5.3968    , -5.06440046,
       -5.63525   , -6.64920757, -5.97009296, -5.84033173, -6.09605684,
       -5.3368    , -5.74304426, -5.41060247, -5.28052654, -5.1570568 ,
       -5.3877    , -6.73509683, -6.8417    , -6.81726169, -6.02129484,
       -5.7490307 , -6.74366927, -6.18391616, -5.70177582, -6.32383961,
       -5.95595861, -6.26221048, -6.39982807, -5.4675    , -7.01683697,
       -7.1008813 , -6.67795517, -6.03474578, -6.00092284, -6.33704009,
       -5.92027644, -5.81294249, -5.79068286, -5.73918387, -5.7537    ,
       -5.91523359, -6.05187965, -5.83634365, -5.69305   , -5.59989585,
       -5.89925959, -5.80371212, -6.3925    , -5.85905   , -6.07323181,
       -6.39812458, -6.9737    , -6.43172149, -6.07194285, -5.87879754,
       -5.8108067 , -5.6774    , -5.79657983, -5.731191  , -6.09001552,
       -6.09357654, -5.89791869, -5.80220408, -5.84307681, -5.65592284,
       -5.75506099, -6.1133    , -6.2785467 , -5.9386012 , -5.82017259,
       -6.03953997, -5.61455   , -6.1946346 , -6.18984359, -5.69696083,
       -6.06675175, -6.11155099, -5.78379736, -6.07809877, -5.81715654,
       -6.17805323, -6.11937859, -5.7621    , -5.78938909, -5.75762749,
       -6.49165323, -5.79158094, -5.62762284, -5.67206321, -5.86063605,
       -5.69173365, -5.22755576, -4.5468    , -4.64215309, -4.73759332,
       -4.91594489, -4.40925309, -4.73437599, -3.87599426, -4.19059426,
       -5.01095932, -5.30040959, -5.07655309, -4.53146881, -4.64875309,
       -5.13309181, -5.7943597 , -5.85269717, -5.40809136, -5.34950718,
       -5.3397853 , -5.77415381, -6.13973228, -5.09999426, -7.23574169,
       -6.8883691 , -7.02614902, -7.29932719, -6.91081204, -6.72125757,
       -6.71009886, -6.94470362, -6.10819538, -7.16231632, -5.71484365,
       -5.54985   , -7.25694365, -6.15517608, -7.29216417, -7.2717206 ,
       -6.14734939, -6.6764537 , -5.85727769, -7.15614693, -6.7090706 ,
       -6.1362    , -6.56338607, -7.10594365, -6.3793    , -7.09899637,
       -5.7739    , -6.55221764, -7.08932349, -6.11123058, -7.16533872,
       -5.85982672, -6.34598521, -6.88104288, -5.78640248, -7.37448607,
       -6.04174365, -6.93162153, -7.4337    , -7.3452    , -6.71951123,
       -7.3062    , -6.58656849, -6.65765   , -7.14796425, -7.0505103 ,
       -7.10069405, -7.21630819, -6.70796912, -6.49094194, -7.18627781,
       -7.22572534, -6.7784    , -6.96708268, -7.27824902, -7.08742111,
       -6.1145161 , -6.24233453, -5.93619461, -6.38156812, -6.90341812,
       -6.07999483, -5.97694265, -5.63279365, -6.3314967 , -6.0814354 ,
       -6.11865   , -6.42804813, -5.50715   , -6.62030072, -6.49296591,
       -6.15617522, -6.59665196, -6.19988521, -5.9002501 , -6.19842258,
       -6.57535395, -6.14670235, -6.33984891, -6.23171722, -6.96057483,
       -6.61862354, -6.38266382, -6.43578872, -5.61535   , -5.51519451,
       -5.8660473 , -6.14228521, -6.15898442, -5.746     , -6.56788514,
       -6.4333092 , -6.57215281, -6.0306876 , -5.87322649, -5.70056461,
       -5.90534939, -5.94256901, -6.82655569, -7.10708563, -6.84608812,
       -7.01711883, -6.36209912, -6.81141378, -6.77377533, -6.4859934 ,
       -5.79062769, -6.05907648, -6.15900483, -6.31883909, -6.26382547,
       -6.23669533, -5.88770767, -6.05068681, -6.66153837, -7.08341064,
       -7.12339609, -6.94304833, -7.11360966, -7.06583832, -6.76805055,
       -6.12255478, -6.75852277, -5.84320091, -6.04924985, -6.10476288,
       -6.36975374, -6.23272987, -7.12920392, -7.00307133, -5.99313296,
       -6.39485423, -5.08455588, -5.04131022, -6.15775   , -5.8345    ,
       -6.0301    , -6.64493327]), array([-5.83468872, -6.6981897 , -5.4185417 , -5.37770959, -5.10270959,
       -5.6643967 , -6.56586812, -5.94408359, -5.82900997, -6.51017927,
       -5.03545309, -5.74730789, -5.44359497, -5.43464666, -5.20114178,
       -5.36180837, -6.71739648, -6.75140782, -6.82173541, -5.93950333,
       -5.77266271, -6.76358636, -6.19573929, -5.80145986, -6.35472413,
       -6.00465288, -6.40693039, -6.30343309, -5.49756185, -6.94211449,
       -7.19940659, -6.84296591, -5.89506461, -6.01461974, -6.2694623 ,
       -6.05493456, -5.80104284, -5.75590219, -5.74120188, -5.7341    ,
       -5.90864512, -5.92232608, -5.86661738, -5.66216303, -5.58704365,
       -5.8667    , -5.75364302, -6.3087948 , -5.8188    , -5.96143435,
       -6.402     , -6.95855149, -6.46056814, -5.99731809, -6.07980233,
       -5.86087284, -5.68436185, -5.7538268 , -5.71955   , -5.95154828,
       -6.04069378, -5.91522833, -5.7262265 , -5.83141185, -5.73713989,
       -5.73213094, -6.01022283, -6.25630122, -5.86991461, -5.79491461,
       -5.93072577, -5.5956485 , -6.24885383, -6.11266353, -5.74765357,
       -6.0856738 , -6.07306808, -5.80774166, -6.03038761, -5.81636808,
       -6.13017644, -6.05987407, -5.62400932, -5.88202999, -5.79396057,
       -6.43101934, -5.7047    , -5.5825    , -5.75756057, -5.86483111,
       -5.7121281 , -5.2046802 , -4.54551693, -4.82997592, -4.71402652,
       -4.66938444, -4.35130328, -4.72264161, -3.96155933, -4.49930753,
       -5.09256267, -5.09589971, -5.15675309, -4.59153018, -4.88717747,
       -5.11608996, -5.66010321, -5.76117894, -5.41655721, -5.32702282,
       -5.33745   , -5.79670922, -6.18833069, -5.0217693 , -7.25274654,
       -6.95229433, -7.13817744, -7.3125    , -6.8859897 , -6.7419    ,
       -6.91740581, -6.91857455, -6.06127366, -7.12320782, -5.75135826,
       -5.55505   , -7.22255561, -6.03885   , -7.24734902, -7.18105973,
       -5.98485875, -6.6236154 , -5.75865   , -7.2197206 , -6.68103909,
       -6.13406461, -6.3363    , -7.09771754, -6.32326798, -6.94349929,
       -5.71871461, -6.5566    , -6.98052382, -6.04056249, -7.1727    ,
       -5.83519453, -6.2687451 , -6.97157455, -5.81428244, -7.32954902,
       -5.75934035, -6.9709    , -7.36620659, -7.3843897 , -6.75300089,
       -7.30000659, -6.71344539, -6.50676185, -7.14645736, -7.06170659,
       -7.0199206 , -7.27671689, -6.74493837, -6.6758512 , -7.07478811,
       -7.05368774, -6.816     , -7.04682109, -7.27781275, -7.03638607,
       -5.99718742, -6.25149451, -5.9090509 , -6.3931281 , -7.10580782,
       -6.12128451, -5.87373014, -5.661     , -6.40665   , -5.99846751,
       -6.07585   , -6.41675528, -5.61662608, -6.66202144, -6.26332839,
       -6.09906979, -6.5423386 , -6.10663359, -5.8831204 , -6.09453616,
       -6.52574706, -6.14161798, -6.29361516, -6.19210959, -7.00749616,
       -6.54147242, -6.3679374 , -6.4495691 , -5.60615   , -5.69050485,
       -5.7441    , -6.12603227, -6.08104365, -5.6985    , -6.49364315,
       -6.33617779, -6.52959764, -6.12478148, -5.85140421, -5.64871057,
       -5.79233237, -5.97054245, -6.65472114, -7.09100823, -6.73361706,
       -6.98425038, -6.22994252, -6.8159692 , -6.72983284, -6.4366829 ,
       -5.88885736, -5.96770581, -6.01938702, -6.32377242, -6.28569041,
       -6.08414594, -5.85406451, -6.0091902 , -6.89895932, -7.17329752,
       -7.109358  , -6.96490539, -7.07083307, -7.09979995, -6.76170933,
       -6.40896051, -6.81550516, -5.76791371, -5.95870947, -6.19539534,
       -6.32223622, -6.28852943, -7.17329157, -7.03847218, -5.95307631,
       -6.46473028, -5.14691356, -5.01345611, -6.1473    , -5.85485   ,
       -6.17027232, -6.590281  ]), array([-5.92848217, -6.45399345, -5.41849426, -5.47487215, -4.95761453,
       -5.64670121, -6.6207    , -5.93804353, -5.80907216, -6.1153    ,
       -5.47120309, -5.81350581, -5.26956547, -5.31253638, -5.01360857,
       -5.33528499, -6.6813942 , -6.65083624, -6.86972631, -6.0399    ,
       -5.65759359, -6.75956376, -6.08345692, -5.70158497, -6.32731214,
       -5.9671    , -6.13219259, -6.4523    , -5.48030581, -7.0055155 ,
       -7.02829455, -6.71679966, -5.91669561, -6.01835728, -6.29726928,
       -6.16710758, -5.92992329, -5.76358085, -5.8090244 , -5.69985   ,
       -5.94563359, -5.95253567, -5.8602682 , -5.7272    , -5.64806185,
       -5.85503119, -5.6843    , -6.37188871, -5.89128228, -6.00335727,
       -6.38754258, -6.87027302, -6.49531477, -6.0178    , -5.861541  ,
       -5.76541327, -5.67465118, -5.78411229, -5.80226057, -6.05105143,
       -6.10938793, -5.86906057, -5.74452792, -5.95152242, -5.70694143,
       -5.77221429, -6.12992329, -6.19458427, -5.91558427, -5.84216413,
       -5.9835    , -5.64149451, -6.27633847, -6.05602373, -5.7176    ,
       -6.02668077, -5.98315706, -5.774541  , -6.03691689, -5.7927681 ,
       -6.10243478, -6.17336343, -5.67678359, -5.81071307, -5.84474451,
       -6.43798673, -5.72883213, -5.58186057, -5.71189571, -5.91623819,
       -5.74412237, -5.28424975, -4.4647    , -4.9170118 , -4.61828777,
       -4.80939666, -4.57312724, -4.64337379, -4.1128    , -4.40356083,
       -5.07434982, -5.22444735, -4.98379248, -4.60839666, -4.76299666,
       -5.01680514, -5.74605   , -5.82921689, -5.60766697, -5.3547    ,
       -5.3385    , -5.86542342, -6.02151963, -4.78489426, -7.29396875,
       -6.84827606, -7.14201515, -7.3681    , -6.85344824, -6.71043909,
       -6.73103425, -6.98202051, -6.03883359, -7.12095395, -5.715     ,
       -5.73546057, -7.27539441, -6.20280727, -7.29683415, -7.2081691 ,
       -6.08404288, -6.47075113, -5.8382746 , -7.1669602 , -6.65192596,
       -6.2882136 , -6.50765548, -6.99681748, -6.41907998, -7.06768   ,
       -5.85671185, -6.46355651, -7.17062479, -6.15756442, -7.26384693,
       -5.7928    , -6.21850013, -6.85573872, -5.88129785, -7.41939804,
       -5.89574939, -6.84285757, -7.38014902, -7.3769    , -6.60000581,
       -7.20909752, -6.62989696, -6.39154902, -7.18326787, -7.0872    ,
       -6.98614902, -7.20385757, -6.75401456, -6.62109902, -7.11981486,
       -7.27305436, -6.72578607, -6.98005299, -7.40886714, -7.01506417,
       -5.99063169, -6.24049549, -5.84659326, -6.46707029, -7.1152    ,
       -6.00815959, -5.93258874, -5.7102    , -6.53151517, -6.17279365,
       -6.24330437, -6.29174516, -5.58510995, -6.37205757, -6.411524  ,
       -6.07609437, -6.59833108, -6.18235313, -5.98725537, -6.09768935,
       -6.56299088, -6.20645467, -6.2714409 , -6.14118427, -6.95643337,
       -6.45231689, -6.4112    , -6.56687697, -5.69368047, -5.51395   ,
       -5.834141  , -6.27352722, -6.18845   , -5.70792394, -6.62207216,
       -6.40339363, -6.53986826, -6.09051708, -5.79814365, -5.7963021 ,
       -5.9712    , -5.99243282, -6.6038476 , -7.08119808, -6.65156136,
       -7.03473301, -6.39172501, -6.76545375, -6.80967577, -6.52530959,
       -5.95281123, -6.00634195, -6.20386912, -6.32074516, -6.37377395,
       -6.25853968, -5.92019961, -6.07449807, -6.75269902, -7.2184891 ,
       -7.12539803, -6.98276723, -7.13112052, -7.10397972, -6.69475773,
       -6.15678675, -6.61024359, -5.78295196, -6.08726701, -6.21304102,
       -6.39337749, -6.27606664, -7.12897402, -7.01797334, -5.9214501 ,
       -6.51790085, -5.11230735, -4.9690205 , -6.00420121, -5.9007897 ,
       -6.04667216, -6.61679666])]","[-5.92680859 -6.55287049 -5.39885031 -5.42267315 -5.03797248 -5.68137676
 -6.59036296 -5.85686625 -5.93039568 -6.23234568 -5.29135556 -5.73158576
 -5.35739258 -5.26920087 -5.13364691 -5.36697459 -6.68630574 -6.71184536
 -6.80304122 -6.01950664 -5.71948087 -6.74531993 -6.20865658 -5.65785327
 -6.32781327 -5.98020731 -6.26907336 -6.34627279 -5.49645147 -6.96689002
 -7.09724114 -6.80571453 -5.96909863 -6.04327077 -6.29150316 -6.03958269
 -5.85867633 -5.78597267 -5.79453141 -5.72977486 -5.91455148 -6.00640774
 -5.85176691 -5.6931097  -5.65686122 -5.85946623 -5.7506948  -6.35199113
 -5.86055765 -6.01543965 -6.38032693 -6.93027023 -6.51626483 -6.03093641
 -5.94338172 -5.79804763 -5.67343261 -5.78780246 -5.74412435 -6.04968335
 -6.08030134 -5.84549785 -5.7568698  -5.8927834  -5.71774011 -5.75824606
 -6.09873456 -6.22166681 -5.96850087 -5.82874057 -5.98335334 -5.61550848
 -6.26638224 -6.12638238 -5.71198385 -6.08080236 -6.02866456 -5.77374346
 -6.05642771 -5.78851331 -6.16669535 -6.14922783 -5.65773858 -5.8376192
 -5.80404791 -6.44457906 -5.74430827 -5.60908905 -5.6994923  -5.8583589
 -5.6989196  -5.30437387 -4.53344339 -4.80018979 -4.65346558 -4.9124705
 -4.39303416 -4.78539668 -4.0056178  -4.42811129 -5.05241159 -5.23803833
 -5.04007243 -4.61170124 -4.79378099 -5.10280685 -5.75183696 -5.84523932
 -5.47138405 -5.33146338 -5.33259177 -5.83536925 -6.16103798 -4.95568904
 -7.24249066 -6.890428   -7.06519766 -7.31660299 -6.84835056 -6.74303661
 -6.75073748 -6.9328374  -6.07464366 -7.10569005 -5.74000575 -5.59090211
 -7.25206246 -6.15113903 -7.26766841 -7.22120499 -6.0765853  -6.58362757
 -5.83572021 -7.1958848  -6.66319893 -6.15285007 -6.45122746 -7.10900563
 -6.37397541 -7.00995268 -5.80395978 -6.54196612 -7.07830986 -6.09063772
 -7.20222609 -5.82051714 -6.29931538 -6.88976672 -5.85568488 -7.34987353
 -5.88279692 -6.93224563 -7.37969691 -7.37308568 -6.72408788 -7.246707
 -6.67294017 -6.48595242 -7.15246443 -7.0777377  -6.9762797  -7.18349066
 -6.7222524  -6.53581625 -7.13311409 -7.16716252 -6.7781523  -6.93890299
 -7.30371618 -7.02867559 -6.05800504 -6.20182572 -5.88001284 -6.42588024
 -7.01438488 -6.08809483 -5.94361284 -5.69801154 -6.41080747 -6.04531903
 -6.16246064 -6.43392459 -5.56086958 -6.59178446 -6.38087949 -6.1307766
 -6.5951045  -6.1772163  -5.93916378 -6.1323975  -6.5707426  -6.19069587
 -6.34403343 -6.18469603 -6.94419827 -6.53423816 -6.40908533 -6.45797823
 -5.66904609 -5.5574186  -5.84323789 -6.14913201 -6.1414131  -5.74735352
 -6.55003517 -6.42779367 -6.53081006 -6.07470984 -5.83708428 -5.70834167
 -5.9393463  -5.96844454 -6.73441118 -7.09103177 -6.67961347 -7.0315111
 -6.32378605 -6.74454997 -6.74887786 -6.50485707 -5.8831595  -6.03662265
 -6.15166411 -6.36867094 -6.33901381 -6.22931458 -5.87919165 -6.04091397
 -6.80005279 -7.18207113 -7.12149062 -6.99945253 -7.11716341 -7.10287319
 -6.75213299 -6.25641583 -6.71001407 -5.81592171 -6.06750038 -6.17469898
 -6.36236727 -6.29697634 -7.15036521 -7.03343074 -5.95733224 -6.46282901
 -5.12550667 -5.03571756 -6.09295301 -5.87803818 -6.0785134  -6.60094607]","[0.06794086 0.09031733 0.02353889 0.06651454 0.04872227 0.05068096
 0.04038195 0.16419634 0.13829207 0.15100403 0.14167916 0.0512987
 0.07349376 0.11261819 0.06315748 0.04323335 0.05442273 0.07818545
 0.04663828 0.05565741 0.03937737 0.02821118 0.07709117 0.10157229
 0.07744573 0.04456971 0.08715805 0.07442431 0.02110707 0.03647476
 0.05823166 0.10607671 0.05565531 0.04820964 0.0253501  0.10084638
 0.04742667 0.02668283 0.04594689 0.01747464 0.03021728 0.05885881
 0.01676397 0.0221026  0.08354458 0.0350729  0.03824957 0.03420301
 0.02378401 0.03652423 0.0240442  0.03609151 0.07195313 0.02449828
 0.07864205 0.04795262 0.0076431  0.01884313 0.029551   0.0566337
 0.03106993 0.07131012 0.02523533 0.06367293 0.03392475 0.01426471
 0.04642996 0.03936804 0.09637036 0.02014117 0.03444853 0.03372602
 0.0484897  0.04334667 0.02351618 0.03982678 0.06770839 0.02526079
 0.02833268 0.03973358 0.04964799 0.07388269 0.05744991 0.03411209
 0.02844591 0.03404714 0.03078195 0.0264161  0.03245655 0.03351652
 0.02782702 0.09976487 0.10569074 0.10258352 0.05997673 0.19199958
 0.11779591 0.18515291 0.11549481 0.18637681 0.04213872 0.07573561
 0.08396141 0.05015531 0.08258736 0.04334003 0.05582516 0.04883362
 0.09255936 0.04746851 0.02151291 0.05398107 0.0790743  0.10534118
 0.03704496 0.04261066 0.06145899 0.03258505 0.05106055 0.0360259
 0.08430402 0.03030233 0.02346666 0.05391098 0.02097914 0.07312928
 0.03268015 0.06084551 0.03123323 0.03513336 0.05298501 0.06807262
 0.04278064 0.02891714 0.03239191 0.07133891 0.07799487 0.06587285
 0.0398935  0.06149451 0.05477372 0.04017731 0.0676357  0.05081552
 0.04022672 0.02416061 0.05053242 0.05141733 0.04733896 0.04146759
 0.10997326 0.06098725 0.03096521 0.01600857 0.06685827 0.04981892
 0.06048933 0.09395379 0.01624852 0.03390188 0.08462732 0.06588232
 0.03186218 0.10196674 0.04485722 0.07602968 0.02984744 0.08227031
 0.05282186 0.04195519 0.08184232 0.06954638 0.04084569 0.0618963
 0.08374587 0.05005594 0.04098099 0.04522657 0.08190368 0.08034298
 0.06045937 0.08281685 0.03722488 0.13712601 0.07521784 0.07394853
 0.02815357 0.04332552 0.04465205 0.03928117 0.09685019 0.04247124
 0.05677522 0.03824431 0.05605394 0.06063255 0.03692676 0.05717006
 0.05081671 0.07266483 0.05716519 0.06469858 0.03699977 0.05560275
 0.04595588 0.07776848 0.04675372 0.0479975  0.03094126 0.04873155
 0.08877784 0.0183167  0.09678051 0.03065105 0.11161874 0.0355671
 0.05883523 0.09129872 0.0432598  0.04307183 0.08957895 0.04353911
 0.08918348 0.06098528 0.05322946 0.07665455 0.02474736 0.02192591
 0.11189338 0.06276216 0.02354642 0.04760001 0.0245765  0.02143324
 0.04763097 0.10560182 0.08351649 0.03339968 0.06052674 0.03817279
 0.02717684 0.04292638 0.02720231 0.0317225  0.05035291 0.04690239
 0.03085898 0.04112717 0.05857715 0.02818653 0.0486695  0.03944122]"
3,GradientBoostingRegressor,"[-5.94356279770438, -6.349954398071256, -6.760351430233793, -5.782160507514632, -6.698650638661925, -5.6997637477530825, -5.3315934921438055, -6.777545980022977, -6.54915522772692, -5.922551556643181, -5.606646252211633, -4.977898233368901, -5.402117028828773, -4.947729751221187, -6.888544797483855, -7.121745133928781, -5.600391128171621, -5.6043454497041125, -5.564011139324573, -6.7260355858982495, -6.241740194033945, -7.161880983009032, -7.04408599937973, -7.23724458107961, -7.1290715018839625, -6.483649965360798, -6.63192107157073, -6.040799212462174, -6.797704926894555, -6.6601781317448605, -6.27137939321051, -6.322072571899259, -6.450073338838011, -5.645165362024239, -5.780937622146021, -5.606191377071806, -6.1583487507413, -5.78836716473311, -5.901690563337217, -7.1248003164752784, -5.914061351307023, -6.466879585041218, -6.010965164253823, -6.549060489559501, -7.092987672619161, -7.041848565973747, -7.181549752618379, -5.706649645153135, -5.882707492750506, -5.340037279010355, -5.745368961876589, -5.534925466127682, -5.737911370734912, -5.676578446080158, -5.593943153809002, -6.0451865524909865, -5.813256867737177, -5.88351727111375, -5.742524901851241, -5.837589985226776, -5.695999005052443, -5.9112813931133665, -6.055215432494355, -5.569223675318714, -5.430420925870023, -5.947755512381962, -6.28268354188345, -5.616712908279707, -5.709496327683757, -6.081332738384148, -6.091813567289041, -5.8664503196379485, -6.110336982464125, -5.674777979618877, -5.339899617207655, -5.344806897840683, -5.236605543041207, -4.318680778924049, -4.656315020458513, -4.189830499750039, -4.490660707644252, -4.402016328181445, -5.142098785279114, -4.983765678896215, -4.904530709889825, -5.273594368906817, -5.032871338494381, -5.243137006261276, -5.658264152920996, -6.193114844001661, -6.2104667201328505, -4.67174680417221, -5.947113616103137, -5.87346248645568, -5.921981818920352, -6.461417739430235, -7.284152324042392, -7.352601229196062, -7.3873809724641735, -6.6737800512430265, -7.176398453029065, -7.123602178457378, -5.683870539012962, -7.327498473571858, -6.838873557135162, -7.184935918798739, -7.220837906933874, -6.1662614205126545, -6.861658571373969, -7.199269241181638, -6.553717275434728, -7.179606785609421, -6.562779346180048, -6.5088697330619745, -7.2245201229264415, -7.311259604766217, -7.246921387953467, -6.242042625231861, -6.86327561886806, -6.321401542565039, -6.297014816681038, -7.225858989312356, -7.472246764492021, -7.171383432635402, -7.30311143303514, -7.209549685363446, -7.142864988045555, -7.232076812588853, -6.118255883396434, -6.920251906766483, -7.507400091601061, -5.854842230278292, -7.5183464650290635, -6.050901457995864, -6.703865331833459, -7.165142190431913, -7.166178137848644, -6.799537836105007, -7.019214611416801, -5.5463435490496895, -6.401475340434789, -6.436189575464136, -7.163256060960137, -6.069735251510413, -6.762734936082403, -7.1346014703285325, -6.609143750234053, -5.9046037279845365, -6.25474684366084, -5.719641902134265, -5.697301868208889, -6.620250116393093, -6.067101395867817, -6.349751124443212, -6.08461809992967, -5.726506641169802, -6.006302708082569, -6.93316399326287, -7.124589238839064, -7.289094905710627, -6.141324127405916, -6.505721807265613, -6.019664955066618, -6.198619367683435, -6.486603974405901, -6.140355679587245, -6.282685824314449, -6.468118054523962, -6.482834981018695, -6.229010696414622, -5.828958285380498, -6.454104652758614, -5.675597734489144, -7.148561695590688, -6.380859466581631, -6.223812126506039, -6.939892381666622, -6.980690298003509, -5.599556929167771, -6.042979867907906, -6.056314814625504, -7.054460023361102, -6.12685216273519, -6.290685321786775, -5.799188344569347, -7.307528662755419, -7.065566169496636, -6.564586464716891, -5.658068271506536, -6.099573814861834, -5.905355780904268, -5.9987473975366035, -6.550264728833356, -6.431688310350748, -6.277414673436768, -5.742361713278924, -6.052195796125368, -6.065261734142329, -5.900432422061074, -5.748723449384321, -6.217638948948793, -7.139216810014414, -5.847127154340016, -6.328072325402895, -5.417352151022168, -5.125945802928764, -5.823449887004291, -5.549644315067576, -5.765865601429982, -5.366944296339771, -6.793143672739054, -5.732003896033858, -5.551412999117653, -5.5254678762316525, -6.740605301902009, -6.150814598655747, -5.8914383424465795, -5.2709068843739315, -7.000926618465932, -5.864759465755291, -5.568913557745755, -5.985163182898753, -5.864341616165942, -6.652126803019021, -6.936591845322868, -6.503633084010789, -6.866102802969036, -7.158196109102631, -6.203219278535297, -6.623351202443148, -5.848192818972807, -6.078220686170953, -5.733707416705592, -5.935628728600239, -5.8149916690936205, -5.678676233107824, -5.865162205307727, -5.590470499126838, -5.682580068704858, -5.912444933146542, -5.6947880389140355, -5.652751031696843, -6.2883551371170014, -5.652751031696843, -5.917048529923498, -6.012213808754682, -5.886494383792963, -6.895385971471684, -6.41260107944105, -5.925854849676642, -5.784096167670446, -5.557505043975557, -5.90126511668741, -5.4217906837735725, -5.840546477796281, -5.702209561855782, -5.785388560566281, -5.62743771701067, -5.812441422289382, -5.619021717267327, -5.837897080763757, -5.623506641240383, -5.528192293425989, -5.850917426288819, -5.814037502617953, -6.055438299594409, -5.4960737251560765, -5.686077239608061, -6.328134391892509, -5.814387652419862, -5.71693688853484, -5.9666582057878585, -6.736693437105157, -5.815780583307875, -6.010123428692365, -4.221245008207426, -5.009609503732408, -5.180315992704757, -5.02964811392138, -4.5419433302384284, -4.677040018090386, -5.012374027735116, -5.11237154852203, -5.483978501008989, -5.744676565167884, -5.862342024225887, -5.370215238118825, -5.022874431684336, -6.033541915960269, -4.905083550823401, -6.821196334251099, -7.176282931871439, -7.253034338379128, -7.281321181248353, -7.229935843822194, -6.245991006216334, -6.264215316452183, -5.95010743906433, -7.322744836320348, -7.132926072198255, -7.21052671500117, -6.774494154124039, -7.106898093065599, -6.161987522204143, -7.063915872104276, -6.344040541497861, -6.463338355055623, -7.0479444363294315, -6.624329624903189, -6.457094350974556, -6.389277475276856, -6.388842908027834, -6.299479807291199, -7.2784884768839975, -6.506388265191633, -7.179748741503892, -7.179721640015795, -7.102633125569323, -7.219800606534146, -6.861866592005928, -7.209670647192624, -7.1811496781217095, -5.7594960715101395, -7.139681156838674, -7.169306404799585, -6.8203820760152984, -7.174162368232195, -7.043939842959244, -6.811785712137774, -7.2750943073353636, -7.215619564146728, -6.712397906563176, -6.739539386382786, -6.809805248327258, -7.2698536520922215, -6.403045675820362, -6.186055100352814, -5.661624175310874, -6.055558961707432, -6.275169171013575, -6.4385015729417745, -6.911609450051278, -6.76754386762966, -6.214165784516757, -5.8079745304781145, -6.263998152128929, -5.942231329589456, -6.965457470991928, -6.696779208064417, -7.244679249906808, -6.182249813950844, -6.376542737595714, -6.130155013169232, -7.020055284345763, -6.356660632235361, -5.717834710176708, -6.698340320752068, -6.7706553139719166, -6.029556024227413, -5.722683777768771, -5.786990686862766, -6.35399097257515, -6.571623383077542, -6.223301904837791, -5.825466410453539, -5.885280732970516, -5.893628640160179, -6.488635384776039, -6.027005076427901, -5.832317588466772, -6.359238215892176, -5.986269355474758, -6.876175672414933, -6.66376480363024, -5.939506305742606, -6.0445032349691905, -6.948094826274296, -5.920075291599617, -6.98454700495466, -6.097149350264853, -5.698828225465461, -5.832457513292317, -5.851351854109867, -6.381097026519123, -6.5473796564101825, -6.081077578416679, -5.86290606364062, -5.09347064535707, -5.029149196821708, -4.947960447726533, -6.002200442111284, -5.905839650474256, -6.267803332912767, -6.049313263459456, -5.887844304816292, -5.894210305346012, -5.661085472464511, -5.981545558070851, -5.80806983512117, -5.485924962988649, -7.18843925126411, -5.78549994529167, -6.212537783090943, -5.65773893325379, -4.887050789436184, -5.403710786220497, -6.446457705097494, -5.8081117785248875, -5.4358152207889265, -5.270570969064193, -6.167254355888462, -5.58060971246063, -6.744721322502815, -6.955658648543363, -6.349000700433502, -6.22785099203901, -6.715257069499488, -6.671164692630461, -7.155137732942334, -5.4748122199927725, -7.103747936153791, -5.530681077169599, -6.095705481343804, -6.019782334510509, -7.3478533434135835, -7.450345546872415, -7.367702399482943, -7.232212902140032, -6.868183214535913, -5.949415908570066, -6.426334448106671, -5.708588320507666, -5.872841382851384, -5.966028267998374, -5.9779168317945155, -5.643650846795165, -5.708576166943665, -5.978080330363809, -5.661255190389889, -5.615916515452494, -5.871480961571341, -6.126358235560512, -5.764434895865766, -5.867537555471354, -6.6864324459815725, -5.827695041348217, -6.992919014575053, -6.727116617983926, -7.067847144287262, -7.230076600927563, -5.319807064397447, -5.887236105123358, -6.02243651734326, -6.010704683376487, -5.683734174892642, -5.689575157232739, -5.570398579826159, -5.3633665489962805, -5.657307836592624, -6.283836207261945, -5.8297493180731905, -6.154927375202357, -5.595890496416328, -5.779425146797766, -6.091695137821352, -5.684355988461374, -5.758080923273376, -5.701246144988189, -5.675019798521486, -5.751819785709457, -6.5193822630687155, -6.020219912389321, -5.890456269583857, -5.624071057331314, -5.716020776192635, -5.631296227705508, -5.854767648220185, -6.621226445868701, -5.671504570692145, -5.661011354996735, -5.839026964622775, -6.050910032157565, -4.235656810803039, -4.886761246166281, -5.0951535604581055, -5.0805840054703015, -4.286468709429091, -3.6668502519458914, -4.85569030305771, -4.958931775793625, -4.827361400430669, -4.992033711401403, -5.203194033986845, -5.897570328528922, -5.037339560355151, -5.740092072698182, -5.57303927588196, -4.950815212169126, -5.547908849030538, -5.067351388285126, -5.1456540681407255, -5.439664671843466, -6.487994673557445, -5.3697182260037675, -7.167915347031514, -6.330205676310652, -6.77273070165027, -6.266227808360799, -6.574228424854339, -7.007198486947887, -6.754528418169932, -6.427892609543269, -7.156001711993514, -7.110565832586099, -5.908476730788091, -7.210349745200374, -7.402038400979244, -5.771846906274047, -5.9865531148212865, -7.074610695044064, -6.961882950356854, -7.014661504365825, -7.046046723249927, -7.269511350796593, -7.2293231538424525, -6.285698649423459, -7.1599221576897865, -7.301140872484343, -7.185024030333524, -6.938402575025845, -5.967464228415448, -7.1478566165213335, -6.625284932984806, -7.074207528381058, -6.424952332164814, -7.017088970131174, -6.177857108594651, -6.738535886821363, -7.285543178757028, -6.27983791337905, -6.213379671150468, -7.056121499634323, -5.796013158525511, -7.095516071887127, -5.719907069050839, -7.4642843531377014, -7.050145886207383, -7.330052331509559, -6.4396884507091, -6.1719401173463515, -6.433409953527449, -7.1629389559616925, -6.909827199658534, -7.261374859740603, -7.084037256544115, -6.183686953207716, -6.42151393000014, -6.899987425387248, -5.860679949095167, -7.076040532887815, -7.173916766300664, -5.65447274954373, -5.723381413560913, -5.517932905311629, -6.723506332994014, -6.857327454195063, -5.993859654830787, -6.518154569776343, -5.779445192858988, -5.760326843742294, -6.613215166339776, -6.433242973663566, -6.282915321622445, -6.662613847327551, -6.568713775827039, -6.253059076552584, -5.836283279580146, -6.079174448917377, -6.953751643104811, -6.924025650908015, -5.6210826190092655, -6.01051173658546, -6.132147277750134, -6.383845038152789, -6.031630000660392, -7.090828123319093, -7.199540833858322, -7.027480019097664, -7.058273056886736, -6.178691637445844, -6.257943735181219, -5.525673878759024, -5.876905534791274, -6.546395492023098, -6.197424282227668, -6.474610210700695, -6.368889769214027, -5.26400195560567, -5.36383000692353, -6.480791984426982, -5.750519545898317, -5.898242998001659, -5.735198302537091, -5.816665868260947, -6.164163724584209, -5.876435937404766, -5.004156726807203, -4.871111070346185, -4.7009988345691935, -6.641463839848869, -5.617062918677829, -5.306919350125349, -5.006784578627216, -4.942463180747992, -6.454451187439519, -5.034089336226939, -5.574652503554309, -5.0068086749523815, -5.643930539983726, -7.038134302573464, -5.84985699120952, -6.284968585392807, -5.811055436526964, -5.652158318013423, -5.418329168629029, -6.309585220454517, -6.925118159585423, -6.173877907872543, -7.6194536900043595, -6.808944857987228, -6.847215392009743, -6.571048726457655, -6.684754810879687, -6.3418500177423045, -5.94486003558224, -6.028736348129374, -5.859200149972342, -5.611425740721509, -5.762547341718043, -5.717256630417124, -5.676049612202209, -5.682344164297045, -5.726301844784321, -5.7996117498134705, -5.57261390814427, -5.77426316891221, -6.418308435552429, -6.174780461265282, -6.490148543153669, -5.891678793041471, -6.1439390113186265, -6.375633944416013, -5.791430206774441, -5.945141638882133, -5.523543911732702, -5.643126374962978, -5.703590806199169, -5.645336492383052, -5.713734013194395, -5.72230190016636, -5.737708163016247, -5.707466469516903, -6.047334051964883, -5.96078269050979, -6.0474026751739745, -6.394901185505582, -5.672944376301403, -5.98422934733895, -5.876829742700256, -6.047790207510727, -5.854417100710296, -5.036648024760993, -4.871254781007371, -5.064987460143694, -4.168427690948429, -3.7851635877015206, -5.259739830673133, -5.184848270940238, -5.0846452756255, -4.9191483333256425, -5.089702693719352, -4.971669739916353, -5.069189296806691, -5.100593494313239, -5.112540622502584, -5.236537724981146, -5.744558834869772, -5.457468696924517, -5.340785840184328, -5.2641010383533535, -6.000050272190655, -5.40567542691389, -5.3146267759829975, -5.269782765884057, -5.2860498596977505, -7.088808155509739, -7.132352351597517, -6.811850578159411, -6.464207983733293, -7.2792579154185075, -6.04440692268251, -6.079855968213856, -7.001230375352034, -7.1060904071842295, -5.4926325955889705, -7.373510068301943, -5.6814181101273915, -6.013434045949287, -6.367951106645629, -6.669197088867069, -6.530197606742616, -5.6271986397878955, -5.70662030635046, -6.982801918327782, -6.494182716186244, -6.9705594122549295, -7.154320762632341, -7.274427321239964, -6.31311527505242, -6.085035075930822, -7.170222667234365, -7.2704712420212685, -7.170222667234365, -6.169055318478977, -7.2321101168715725, -5.8470032492041195, -7.20434743211935, -6.000165597003842, -6.866418164610755, -6.039912655375236, -7.131741796059745, -7.17373100435724, -7.023066689609253, -6.929921803485078, -7.37105908135341, -6.900465158122804, -7.099043196669975, -6.945009863980069, -5.816960821469102, -6.799426545248631, -7.387336021262176, -6.004632511613564, -7.125657711930552, -7.224238856303493, -5.905477631883987, -6.295144246523175, -6.824024949720888, -6.472391947419094, -7.0344427785600665, -5.701840959281321, -5.693764202967339, -5.989034063552708, -5.967220163421896, -5.619127364713907, -5.688576907550427, -5.495301071619612, -5.5619460729175945, -6.597850394164138, -6.606185454522379, -6.199090087250043, -6.358196759749068, -5.687077314330748, -6.071715651506006, -6.109768714011279, -6.197262928210365, -6.3558085902116614, -5.495883807150295, -6.022702045428426, -6.19937065410101, -5.99583871478469, -5.989909883735793, -5.86452045350723, -5.783007154725641, -6.042984258390749, -6.274602917645266, -6.682370138446044, -6.085570868354581, -7.026597767992995, -6.759290308692473, -5.892280521338193, -6.912873803501169, -6.8992394364256935, -6.4400555401638355, -6.252804505602887, -5.8786707039142225, -6.115018658099065, -6.902128727522461, -6.993600135908512, -6.807320113439033, -6.790684661496127, -6.292173008794725, -6.150425997034044, -5.977097677250699, -6.403838146510481, -6.465525307548288, -6.813079497303084, -7.1438602849373725, -5.423750687491324, -6.022024079212275, -5.256330534128748, -6.058410140676498, -5.953391226604159, -5.682027264274554, -7.149911651900647, -5.5086652825347775, -6.727888359916729, -5.925123405487137, -5.65692701877405, -5.542744962431842, -6.730690101762748, -5.2689388111357065, -4.812225025625318, -4.965075754128006, -5.224426213120155, -5.575966349412407, -6.673457462313914, -6.7050706829508115, -6.8653025690596685, -6.401892467160506, -7.122375377912622, -7.07812384947229, -7.206419195329124, -5.638068558210812, -6.164621541078771, -6.318427067929456, -5.785217389034016, -5.472809654122651, -6.928125986663198, -6.607003921054426, -7.282580455866044, -7.091789330120745, -7.338812701647991, -6.033960677070828, -6.21673164844699, -6.5253322342867355, -6.602738580555888, -6.0496163248410895, -5.852858414938919, -6.8983508384441565, -7.130459960217149, -7.408787466743862, -7.017865674049488, -6.0290777179519965, -5.794804736348794, -5.943731393568773, -6.198790422155991, -5.659171714169161, -5.59967210261374, -5.673056208437357, -5.8336544627951135, -5.764864831649742, -5.661382099077774, -5.679604272315982, -5.5778482108681215, -5.689418071676358, -5.8562029515768526, -5.871230439613375, -5.696233823867322, -5.930925329842262, -6.237832030959361, -5.753192232453515, -5.606870841342165, -5.987469329831826, -5.991676762804284, -5.995222709570887, -5.842425383607994, -6.092364093349104, -6.004587142113042, -5.927583153106751, -5.8940929353508595, -6.347264259009323, -6.02364953429621, -5.495631594997343, -5.334150237019029, -4.350785730751132, -4.992310406584886, -4.881200033677072, -5.309002458169428, -5.322554563514139, -4.0974814553573955, -3.9798976513697055, -5.2143779794258105, -4.7802922769763425, -4.874150340502708, -5.017734495023244, -5.351559634199337, -4.930680592794622, -5.080115273602739, -5.77047436313018, -5.750347043763913, -5.065460789072193, -5.465041961515489, -5.585641650265929, -6.218668759287071, -4.997446792727954, -7.358475908554285, -7.213637320244233, -7.231262267979247, -7.26382930451417, -6.929767231335798, -5.489110409968312, -6.740175381388815, -5.967990944846759, -6.553480103725441, -6.178803164453667, -6.640825036750477, -7.098904630893198, -7.136967082449191, -5.6176462957445095, -7.280027221414102, -7.399827840231806, -7.242522225893403, -6.468722610258251, -7.053501772000417, -7.33225824487709, -6.8466836615679485, -5.882113873537184, -6.252847889235644, -6.825245121394251, -7.043435674420489, -5.625991737351946, -6.898420264179944, -7.201709998065641, -6.299604661280085, -7.234735034101272, -7.0522318994095, -6.916193249522396, -6.510762650874527, -7.185578651666544, -7.366607073578842, -7.424004814170736, -7.2031614019842545, -6.999211161675149, -7.263955916147964, -6.205332701831627, -6.688688771216742, -7.086318661161251, -7.042248747440259, -6.886926865324391, -7.073500236860552, -7.2622702198586895, -7.1820439574261705, -6.087480755964877, -5.998826547875356, -7.42759359591593, -7.172674824229312, -6.920115333129183, -7.187852641632099, -7.281937162229641, -6.228151202812655, -5.596905097330414, -6.571756481252648, -6.20072823956568, -6.063476363424446, -5.9225286935473305, -6.611023553557767, -5.524589228860622, -6.759888001579452, -6.353332587247127, -6.702670408145937, -6.238201785528832, -5.785490600746631, -6.836043918212468, -6.9069922687352046, -5.788574300837615, -6.051940180773089, -5.999002745142544, -6.00721461595807, -6.059163859765722, -6.383546178426524, -5.990670978636423, -6.052596614718966, -6.34432795974529, -6.782002536908817, -7.1460018764057915, -6.309344654731043, -6.996095164757172, -7.114928633455182, -6.731798884601456, -6.520798780874788, -6.933011089527794, -6.342839394287304, -6.330792238628883, -5.866941642444481, -7.1756560736122355, -7.092666058603354, -7.201319512836848, -6.674619402940281, -6.119031926775071, -6.064870488022677, -5.797813751964617, -5.996654391282527, -6.031146305566295, -6.49386365785416, -6.0549816211519705, -6.191031474866135, -7.091854097335988, -5.786641952110431, -5.524797564264625, -4.942836037022706, -5.794091496695232, -5.9130522448242395, -5.730446852806724, -5.8199097451520405, -5.498841369979494, -6.229272549620897, -6.002315505429131]","0     -6.440000
1     -6.400000
2     -5.660000
3     -6.700000
4     -4.670000
         ...   
247   -4.844664
248   -5.800000
249   -5.960000
250   -5.520000
251   -5.740000
Name: Permeability, Length: 252, dtype: float64","[array([-6.09233161, -6.40073467, -5.28277815, -5.30153287, -4.86239828,
       -5.72457277, -6.714532  , -5.78711925, -5.79326153, -6.03292921,
       -5.13849497, -5.6595907 , -5.14900816, -5.27553972, -4.99776336,
       -5.51405679, -6.69148271, -6.59648708, -6.83224747, -6.10849784,
       -5.55657656, -6.69846296, -6.46021595, -5.3891679 , -6.50652006,
       -5.78497707, -6.03989709, -6.20024946, -5.58029945, -6.96239807,
       -6.97629385, -6.70022852, -5.87609618, -6.04674013, -6.13899978,
       -6.03600408, -5.92566053, -5.74668732, -5.70495864, -5.64649416,
       -5.73581983, -6.05791038, -5.71696907, -5.79756863, -5.60100316,
       -5.9219778 , -5.61076238, -6.21322664, -5.83864175, -6.06060637,
       -6.28073364, -6.87234265, -6.22900611, -6.00325215, -5.84707181,
       -5.86204911, -5.71007209, -5.79764469, -5.69386953, -6.0809435 ,
       -6.04092728, -5.76960524, -5.74093555, -5.81192149, -5.75559526,
       -5.68680143, -5.98841403, -6.35447677, -5.85625684, -5.85717955,
       -5.98792341, -5.65477231, -6.29532634, -6.24921807, -5.70269681,
       -6.28606066, -5.94841715, -5.90306758, -5.78995826, -5.43042093,
       -6.11344661, -6.05981114, -5.78460339, -5.85608207, -5.85344334,
       -6.48241267, -5.82449214, -5.62561494, -5.64973634, -5.75516384,
       -5.65932726, -5.26346694, -4.87534696, -4.82265945, -4.78138701,
       -5.33152324, -4.4467874 , -5.14550338, -4.21318135, -4.97028686,
       -4.98275263, -5.17693444, -4.95671902, -4.64968091, -4.80530562,
       -5.21562887, -5.66693794, -5.76881407, -5.41816386, -5.24999742,
       -5.27517234, -5.86913659, -6.1927212 , -5.00681233, -7.19229289,
       -7.16947986, -7.09740255, -7.34318774, -6.8649887 , -6.71428161,
       -6.67093453, -7.13247022, -5.82727749, -7.24754521, -5.69704794,
       -5.58953268, -7.35819306, -6.11786153, -7.16945666, -7.15440683,
       -6.09050977, -6.53932329, -5.93386191, -7.18135015, -6.58564224,
       -6.04714473, -6.44685822, -7.16619243, -6.49738992, -7.2069907 ,
       -5.76965206, -6.58266931, -7.21637379, -6.29764835, -7.14491897,
       -5.8314653 , -6.31375169, -6.93092503, -5.72450517, -7.38726147,
       -5.7403811 , -6.89937669, -7.40302458, -7.50375482, -7.08294439,
       -7.25857115, -6.53118934, -6.25773306, -7.16962251, -7.12027663,
       -6.94005103, -7.2296889 , -6.91143524, -6.30188919, -6.96703966,
       -7.12936894, -6.68938795, -6.88156375, -7.3036012 , -7.07117838,
       -6.21292612, -6.3433086 , -5.90351899, -6.24356242, -6.97894182,
       -6.1720827 , -5.84547375, -5.64807475, -6.31226752, -5.95107912,
       -6.13909061, -6.52209506, -5.50874209, -6.36884582, -6.23511112,
       -6.22619788, -6.68058049, -6.07448241, -6.06892491, -5.94205486,
       -6.70213153, -6.10812445, -6.53337456, -6.17353373, -6.81829638,
       -6.73137074, -6.40056038, -6.56759969, -5.63595495, -5.5877876 ,
       -5.92771292, -6.03956394, -6.25468766, -5.76869319, -6.59270304,
       -6.55151273, -6.48541844, -6.16222088, -5.77493726, -5.70663579,
       -5.92331617, -6.01926201, -6.89682471, -7.1754423 , -6.64280091,
       -7.07802958, -6.23819906, -6.75807413, -6.5064354 , -6.39730031,
       -6.05040766, -6.09967578, -6.02063489, -6.32135902, -6.41262629,
       -6.22303047, -5.87598512, -5.95805   , -6.66421616, -7.26537003,
       -7.21965862, -6.90738548, -7.0879251 , -7.14684575, -6.9185042 ,
       -6.31347573, -6.8518695 , -5.63667842, -6.03287768, -6.25433119,
       -6.34914133, -6.37201606, -7.18229648, -6.8557629 , -5.94436901,
       -6.66468811, -5.22751455, -5.20191637, -6.10912953, -5.90649802,
       -6.12824964, -6.31682249]), array([-5.87274513, -6.18600839, -5.43399704, -5.45905956, -5.00082311,
       -5.86804004, -6.69928009, -5.70883827, -5.78684738, -6.07844108,
       -5.40771588, -5.42900995, -5.12642198, -5.13681728, -5.1452449 ,
       -5.25443552, -6.55214556, -6.66672275, -6.70194306, -6.09367455,
       -5.71076635, -6.53916546, -6.13083957, -5.42418525, -6.41061589,
       -5.96135034, -6.07345896, -6.32127581, -5.49369684, -6.84091186,
       -7.1097535 , -6.78526871, -5.77158412, -5.91608576, -6.19345433,
       -5.91703558, -5.95671101, -5.78094656, -5.74497322, -5.73979989,
       -5.83315907, -5.8999087 , -5.732513  , -5.72809472, -5.71828472,
       -5.75213072, -5.61852299, -6.05293003, -5.79756615, -5.86606062,
       -6.45917757, -7.03697583, -6.65467076, -6.22628671, -5.99763639,
       -5.82950682, -5.57361856, -5.80034215, -5.73319887, -6.03234936,
       -6.03649936, -5.55841758, -5.78477057, -5.90994087, -5.67955942,
       -5.76153442, -6.18180061, -6.14633672, -6.09329607, -5.87544883,
       -5.95366591, -5.78962397, -6.64699443, -6.23157159, -5.69285209,
       -6.24970376, -6.09027665, -5.76546429, -6.00349842, -5.68511079,
       -6.18107199, -6.22304302, -5.8314709 , -5.80658056, -5.6658752 ,
       -6.1829623 , -5.81761608, -5.54445838, -5.69484414, -5.78320555,
       -5.63560984, -5.09016639, -4.49396027, -4.87614133, -4.56093472,
       -4.6826366 , -4.29938006, -4.64897478, -3.70239585, -4.57264174,
       -4.96135781, -5.12544663, -4.76800904, -4.53198007, -4.65279914,
       -5.18848706, -5.87985655, -5.9658332 , -5.35743872, -5.33601827,
       -5.35510414, -5.99951152, -6.54905935, -5.2360136 , -7.34125483,
       -6.97881237, -7.12213999, -7.35649201, -6.80502469, -6.632333  ,
       -6.75977507, -6.92130543, -5.96082839, -7.01019895, -5.6589399 ,
       -5.57275462, -7.34250076, -6.20181864, -7.19857303, -7.17792805,
       -5.8641006 , -6.75349226, -5.84360758, -7.22783303, -6.70308815,
       -6.18325289, -6.48242661, -7.12036682, -6.31379874, -7.05726052,
       -5.88592074, -6.63543244, -6.96576124, -6.03622813, -7.20657908,
       -5.76127581, -6.52287728, -6.84709473, -5.74448191, -7.30723866,
       -5.78359093, -6.99682278, -7.5016381 , -7.46686835, -6.76150234,
       -7.33587671, -6.50781404, -6.15648667, -7.21742678, -7.0576162 ,
       -6.91547961, -7.27179366, -6.68292619, -6.27910372, -7.08642983,
       -7.10464725, -6.6175257 , -6.88133643, -7.29248704, -7.07465997,
       -6.08097824, -6.01532418, -6.0538646 , -6.23735165, -6.85304159,
       -6.15204549, -5.75251238, -5.71166821, -6.11026301, -6.13721358,
       -6.14670636, -6.38280689, -5.49943879, -6.62264069, -6.27993486,
       -6.05749112, -6.56034443, -6.06006335, -6.00901308, -6.09845423,
       -6.4546802 , -6.19838761, -6.39939411, -6.24114349, -7.04082726,
       -6.78805402, -6.60494388, -6.63798712, -5.65072668, -5.68276948,
       -5.87571344, -6.15962491, -6.22018927, -5.99460722, -6.719386  ,
       -6.3648909 , -6.33324593, -6.30830288, -5.85065477, -5.83946576,
       -5.9819464 , -6.091617  , -6.939284  , -7.04464808, -6.58498471,
       -7.01825051, -6.33816759, -6.86247179, -6.75099611, -6.37696841,
       -5.79353371, -6.11922019, -6.37051675, -6.3679974 , -6.53219574,
       -6.25118023, -6.04724744, -6.11660409, -6.82638435, -7.28415477,
       -7.15494891, -7.00245282, -7.03468012, -7.12218532, -6.86816828,
       -6.24890385, -6.64628667, -5.78859102, -5.98401702, -6.18294292,
       -6.50709863, -6.38162606, -7.02298721, -7.06213671, -5.87497133,
       -6.50110878, -5.03908978, -5.05895584, -6.09823025, -5.97873822,
       -5.98393272, -6.37899359]), array([-5.76642803, -6.7670148 , -5.13217091, -5.28663019, -4.98138215,
       -5.61936495, -6.58592969, -5.75754867, -5.50408953, -5.95615008,
       -5.22054971, -5.69110363, -5.32379121, -5.08764237, -5.06466498,
       -5.39919614, -6.71452851, -6.94140836, -6.91251441, -5.78065657,
       -5.42021351, -6.89634202, -6.16503708, -5.54985071, -6.56538593,
       -5.85069478, -5.94118577, -6.59122414, -5.40741535, -7.30649781,
       -7.27519539, -6.65398934, -5.89075548, -6.09715238, -6.22766562,
       -5.92723142, -5.89133505, -5.79709145, -5.72250526, -5.68340032,
       -5.79665734, -5.87186181, -5.72720152, -5.66335793, -5.58137567,
       -5.92024781, -5.53231561, -6.22235975, -5.75128573, -5.97589281,
       -6.39389793, -6.91230609, -6.3378524 , -6.06396054, -5.72821501,
       -5.81436976, -5.70570723, -5.74399284, -5.65917277, -5.89467434,
       -5.97556313, -5.78269862, -5.82785233, -5.92994494, -5.66894963,
       -5.67630625, -6.13615252, -6.33770048, -5.8043981 , -5.79875372,
       -5.89253654, -5.55858361, -6.37921163, -6.1080111 , -5.67753489,
       -6.20441449, -6.14594259, -5.70345076, -6.00215028, -5.68199543,
       -6.47988473, -6.06963561, -5.69080176, -5.84976551, -5.80454903,
       -6.44321619, -5.70663109, -5.61578822, -5.6518084 , -5.89429602,
       -5.70209198, -5.16511902, -4.3481492 , -4.92474644, -4.65930823,
       -4.74007475, -4.29027574, -4.57697023, -3.71095515, -4.1790115 ,
       -4.92738914, -5.32609131, -4.94257685, -4.44264826, -4.724869  ,
       -5.15454599, -5.70441735, -5.969806  , -5.30015677, -5.29782787,
       -5.24939347, -5.90169368, -6.23790327, -5.00588181, -7.34250098,
       -7.01828088, -7.05589913, -7.22471736, -6.91079366, -6.70522551,
       -6.94886884, -7.16059769, -5.94277784, -7.20948883, -5.67880037,
       -5.57262738, -7.24712341, -6.08560183, -7.20532977, -7.27277964,
       -6.20573725, -6.70494247, -6.04923756, -7.17723568, -6.73067354,
       -6.04076281, -6.74821508, -7.10077931, -6.1110091 , -7.18763567,
       -5.80772864, -6.48380243, -7.22820746, -5.99793312, -7.1773369 ,
       -5.76733302, -6.33422964, -6.94584202, -5.8114939 , -7.43496387,
       -6.00958237, -6.88612659, -7.4979952 , -7.43492665, -7.14208263,
       -7.37155378, -6.61249583, -6.3372543 , -7.23173887, -7.0835963 ,
       -7.02172895, -7.17570338, -6.75582817, -6.34812824, -7.34634849,
       -7.18169359, -6.59439705, -7.01492302, -7.37074384, -7.20737891,
       -5.9864026 , -6.5401506 , -5.85316975, -6.36785908, -6.91783061,
       -6.37740384, -5.93123848, -5.59549227, -6.29076848, -6.03433686,
       -5.96440528, -6.39232393, -5.5567437 , -6.4241209 , -6.50328082,
       -6.19499626, -6.5192257 , -5.97046812, -5.93069018, -6.12703725,
       -6.60614384, -6.24078773, -6.4144061 , -6.32458994, -6.8671179 ,
       -6.78734444, -6.60709059, -6.36647209, -5.63914905, -5.65853788,
       -6.02697692, -6.03210735, -6.10931359, -5.81741501, -6.65766356,
       -6.53467477, -6.58124667, -6.16470419, -5.61143738, -5.77513069,
       -5.88296509, -6.15565181, -6.92091172, -7.0430063 , -6.8771909 ,
       -7.10984802, -6.39164228, -7.02100621, -6.67065384, -6.45616919,
       -5.99761078, -6.12237452, -6.25989418, -6.36628586, -6.29964012,
       -6.26243847, -5.69780561, -5.81400907, -6.76394519, -7.12986683,
       -7.08653148, -7.0938942 , -7.07213746, -7.04832097, -6.71397746,
       -6.15252357, -6.75026874, -5.68661779, -6.02388191, -6.09729927,
       -6.45675972, -6.39640021, -7.04308643, -7.0381267 , -6.03684033,
       -6.38446137, -5.208594  , -4.86720799, -6.06071641, -5.84929807,
       -6.02206166, -6.62608289]), array([-5.94860969, -6.54497358, -5.35920548, -5.34552685, -4.9454823 ,
       -5.74718933, -6.6375717 , -5.97124   , -5.63061084, -6.35033802,
       -5.03810485, -5.45260816, -5.25721829, -5.28716173, -4.9462866 ,
       -5.42562649, -6.76048158, -6.85203786, -6.8826262 , -6.1355024 ,
       -5.53404598, -6.73639215, -6.14339856, -5.53311557, -6.39565974,
       -5.84734992, -6.07830177, -6.15333469, -5.43707938, -6.92106306,
       -7.17177558, -6.58358586, -5.81962541, -6.05678053, -6.31466056,
       -6.07567589, -5.83933885, -5.61072625, -5.70331027, -5.71127455,
       -5.74767562, -5.75435499, -5.74201266, -5.69949337, -5.49767723,
       -5.74380255, -5.608344  , -6.33990323, -5.84747891, -5.84472667,
       -6.64438198, -6.92994548, -6.3635274 , -6.24612298, -5.6758909 ,
       -5.66670152, -5.71982788, -5.72686759, -5.70955218, -5.7841471 ,
       -6.09121197, -5.7123919 , -5.64116685, -5.71148077, -5.63715716,
       -5.63261139, -6.25488817, -6.06225634, -5.95815173, -5.96777546,
       -6.01735516, -5.62974208, -6.34096562, -6.06171655, -5.56580698,
       -6.1186376 , -5.99550751, -5.70419204, -5.96057955, -5.6023794 ,
       -6.14601362, -6.31974003, -5.60545874, -5.76914217, -5.62125562,
       -6.22081155, -5.51047912, -5.50602992, -5.63486402, -5.92031834,
       -5.63019093, -5.12958797, -4.46262271, -4.76067293, -4.70681713,
       -4.71821732, -4.37718319, -4.74049968, -3.77490021, -4.7188626 ,
       -5.03848275, -5.02893773, -5.03152833, -4.43537042, -4.69072908,
       -4.99310174, -5.65238166, -5.78754445, -5.23295172, -5.23589532,
       -5.33706874, -5.83218739, -6.12214594, -4.88920552, -7.32456851,
       -7.12735615, -7.27002631, -7.29202749, -7.19068449, -6.72490318,
       -6.91486242, -6.76909742, -5.99184639, -7.1130936 , -5.68664841,
       -5.55895757, -7.34415217, -6.03764877, -7.18222928, -7.30026673,
       -6.03600019, -6.6019045 , -5.82076606, -7.26856849, -6.57185795,
       -6.06477687, -6.30207556, -7.15718121, -6.27341351, -6.94071859,
       -5.78089739, -6.56782187, -7.06936013, -6.36178114, -7.26942936,
       -5.68355129, -6.17348944, -7.00429683, -5.80251095, -7.30782985,
       -5.6835474 , -6.63360295, -7.39075577, -7.37822279, -6.81459415,
       -7.4108165 , -6.75459421, -6.31361223, -7.25028128, -7.04344456,
       -7.06796605, -7.23875069, -6.90751689, -6.50375164, -6.91217011,
       -7.16029412, -6.58353567, -7.1696485 , -7.28392157, -7.18436896,
       -6.16761645, -6.24204096, -5.7800531 , -6.4011278 , -6.98812639,
       -6.15053828, -5.81565211, -5.71176295, -6.26744538, -5.84525506,
       -5.92959943, -6.37504336, -5.65341598, -6.50264525, -6.09110529,
       -6.08364618, -6.33025696, -5.82764634, -6.05283159, -6.21785111,
       -6.735214  , -6.0201581 , -6.39255728, -6.21989911, -7.05404863,
       -6.70641577, -6.40447157, -6.57486709, -5.75242135, -5.76332874,
       -5.8360782 , -6.04796669, -6.0572611 , -5.68245912, -6.71451498,
       -6.11942355, -6.21569489, -6.16871119, -5.65408537, -5.63220446,
       -5.80618578, -6.18580994, -6.70849917, -7.10040849, -6.72739374,
       -7.10113079, -6.31213365, -6.82188428, -6.81140109, -6.2298416 ,
       -5.81131223, -5.91675179, -5.9400954 , -6.41234524, -6.41900565,
       -6.06921209, -6.0280664 , -5.72128907, -6.80500951, -7.2719804 ,
       -7.14750553, -7.01446875, -6.99629961, -7.1712223 , -6.9700017 ,
       -6.41783869, -6.84870569, -5.83731936, -5.82599025, -6.08127515,
       -6.46969363, -6.35840032, -7.24995781, -7.01312633, -5.94449859,
       -6.47908001, -5.00114649, -4.89177824, -6.05559222, -5.7661173 ,
       -6.07972385, -6.39133112]), array([-5.94038435, -6.35079076, -5.36705279, -5.36929118, -4.75934182,
       -5.60775901, -6.7685072 , -5.94330809, -5.76289357, -5.91943269,
       -5.82111813, -5.62556714, -5.0738018 , -5.23624377, -4.67958611,
       -5.29814937, -6.57548679, -6.6791407 , -6.84166559, -6.07926067,
       -5.35912957, -6.7184183 , -6.09370691, -5.45399375, -6.18490469,
       -5.76499434, -5.90299723, -6.44031578, -5.4941779 , -7.05063601,
       -7.26890623, -6.54593291, -5.83556983, -6.20775638, -6.12364236,
       -5.90109302, -5.85420477, -5.60217222, -5.58781063, -5.69074622,
       -5.85497295, -5.88104797, -5.66209927, -5.7340499 , -5.52305209,
       -5.80525027, -5.66358355, -6.29696502, -5.93069597, -5.92259201,
       -6.44497359, -6.90504513, -6.62692075, -6.2330393 , -5.84538461,
       -5.72395791, -5.7856714 , -5.86227439, -5.71227828, -5.94473959,
       -6.04871103, -5.86304811, -5.67659004, -5.77962425, -5.66545438,
       -5.72304685, -6.21016428, -6.0596012 , -5.80011025, -5.93077014,
       -5.82319487, -5.56989364, -6.32626011, -6.13577726, -5.72503687,
       -6.01804573, -6.1777412 , -5.78893181, -5.96378381, -5.69742649,
       -6.29014257, -6.23891596, -5.72365816, -5.71976467, -5.74738381,
       -6.30171424, -5.73237714, -5.58844337, -5.48130502, -5.95808387,
       -5.56134428, -5.25594478, -4.53127508, -4.64853474, -4.81726092,
       -4.93035867, -4.1919689 , -4.8180337 , -4.01515668, -4.78015625,
       -5.22948115, -5.33687268, -4.97289647, -4.39858565, -4.64474526,
       -5.11104268, -5.6694873 , -5.76568186, -5.54565652, -5.15940136,
       -5.44824519, -5.89542262, -6.18664248, -4.80120725, -7.28385712,
       -7.06357941, -7.13519183, -7.4170056 , -6.9822661 , -6.62400038,
       -6.94061536, -7.04761394, -5.97254   , -7.18944542, -5.6191655 ,
       -5.61203916, -7.36454098, -6.06270749, -7.09432722, -7.19851273,
       -6.03949965, -6.59883133, -5.83141225, -7.13400195, -6.50589893,
       -6.21526281, -6.4556405 , -7.05750173, -6.36706689, -7.17121394,
       -5.74212145, -6.48969537, -7.29643288, -6.09272056, -7.19098431,
       -5.78863788, -6.38648955, -6.99643964, -5.75926087, -7.32402735,
       -5.84278645, -6.89726765, -7.38168038, -7.32372331, -6.92694201,
       -7.25322999, -6.66919244, -6.72221479, -7.19271587, -7.20932586,
       -6.90257001, -7.30730235, -6.63678656, -6.32622786, -7.24832902,
       -7.10906368, -6.62856779, -7.01771776, -7.28620893, -7.00239392,
       -6.1466661 , -6.27713872, -5.94695343, -6.18486015, -7.08311548,
       -6.09725831, -5.89638478, -5.56169826, -6.27706113, -6.0702668 ,
       -6.06797915, -6.2370945 , -5.5452231 , -6.65078115, -6.29287443,
       -6.27686497, -6.48306008, -5.81957931, -6.16048789, -5.98751482,
       -6.51413665, -6.32179087, -6.34702262, -6.16531757, -6.87168549,
       -6.65856804, -6.36856821, -6.70564271, -5.78217872, -5.59136609,
       -5.83141225, -6.30778402, -6.2602158 , -5.77132577, -6.58472154,
       -6.38504778, -6.39236681, -6.26775598, -5.77437127, -5.90300015,
       -5.83963616, -6.0196952 , -6.76802799, -7.15092095, -6.51291082,
       -7.06376073, -6.37182727, -6.77003797, -6.67983986, -6.18689262,
       -5.82523332, -6.03635267, -6.20023679, -6.48202494, -6.32283818,
       -6.30155868, -5.89925528, -5.89932982, -6.68490495, -7.32156884,
       -7.2574846 , -7.05614448, -7.12227854, -7.11710085, -6.6505086 ,
       -6.25548712, -6.7486506 , -5.74196207, -6.12175123, -5.92107236,
       -6.33487895, -6.3244775 , -7.15535206, -7.04430632, -5.95048286,
       -6.52662702, -5.31750796, -4.86855982, -5.98962229, -5.88019707,
       -6.12632651, -6.57999048])]","[-5.92409976 -6.44990444 -5.31504087 -5.35240813 -4.90988553 -5.71338522
 -6.68116414 -5.83361085 -5.69554057 -6.06745821 -5.32519671 -5.57157591
 -5.18604829 -5.20468098 -4.96670919 -5.37829286 -6.65882503 -6.74715935
 -6.83419935 -6.03951841 -5.51614639 -6.71775618 -6.19863962 -5.47006264
 -6.41261726 -5.84187329 -6.00716816 -6.34127998 -5.48253378 -7.01630136
 -7.16038491 -6.65380107 -5.83872621 -6.06490304 -6.19968453 -5.971408
 -5.89345004 -5.70752476 -5.6927116  -5.69434303 -5.79365696 -5.89301677
 -5.7161591  -5.72451291 -5.58427857 -5.82868183 -5.60670571 -6.22507693
 -5.8331337  -5.9339757  -6.44463294 -6.93132304 -6.44239549 -6.15453234
 -5.81883974 -5.77931702 -5.69897943 -5.78622433 -5.70161433 -5.94737078
 -6.03858255 -5.73723229 -5.73426307 -5.82858246 -5.68134317 -5.69606007
 -6.15428392 -6.1920743  -5.9024426  -5.88598554 -5.93493517 -5.64052312
 -6.39775162 -6.15725892 -5.67278553 -6.17537245 -6.07157702 -5.7730213
 -5.94399406 -5.61946661 -6.2421119  -6.18222915 -5.72719859 -5.800267
 -5.7385014  -6.32622339 -5.71831911 -5.57606697 -5.62251158 -5.86221352
 -5.63771286 -5.18085702 -4.54227084 -4.80655098 -4.7051416  -4.88056212
 -4.32111906 -4.78599635 -3.88331785 -4.64419179 -5.0278927  -5.19885656
 -4.93434594 -4.49165306 -4.70368962 -5.13256127 -5.71461616 -5.85153592
 -5.37087352 -5.25582805 -5.33299678 -5.89959036 -6.25769445 -4.9878241
 -7.29689487 -7.07150173 -7.13613196 -7.32668604 -6.95075153 -6.68014874
 -6.84701124 -7.00621694 -5.93905402 -7.1539544  -5.66812042 -5.58118228
 -7.33130208 -6.10112765 -7.16998319 -7.2207788  -6.04716949 -6.63969877
 -5.89577707 -7.19779786 -6.61943216 -6.11024002 -6.48704319 -7.1204043
 -6.31253563 -7.11276388 -5.79726406 -6.55188429 -7.1552271  -6.15726226
 -7.19784972 -5.76645266 -6.34616752 -6.94491965 -5.76845056 -7.35226424
 -5.81197765 -6.86263933 -7.43501881 -7.42149919 -6.94561311 -7.32600963
 -6.61505717 -6.35746021 -7.21235706 -7.10285191 -6.96955913 -7.24464779
 -6.77889861 -6.35182013 -7.11206342 -7.13701352 -6.62268283 -6.99303789
 -7.30739252 -7.10799603 -6.1189179  -6.28359261 -5.90751197 -6.28695222
 -6.96421118 -6.18986573 -5.8482523  -5.64573929 -6.2515611  -6.00763029
 -6.04955616 -6.38187275 -5.55271273 -6.51380677 -6.2804613  -6.16783928
 -6.51469353 -5.9504479  -6.04438953 -6.07458245 -6.60246124 -6.17784975
 -6.41735093 -6.22489677 -6.93039513 -6.7343506  -6.47712692 -6.57051374
 -5.69208615 -5.65675796 -5.89957875 -6.11740938 -6.18033348 -5.80690006
 -6.65379782 -6.39110995 -6.40159455 -6.21433903 -5.73309721 -5.77128737
 -5.88680992 -6.09440719 -6.84670952 -7.10288522 -6.66905622 -7.07420393
 -6.33039397 -6.84669488 -6.68386526 -6.32943442 -5.89561954 -6.05887499
 -6.1582756  -6.39000249 -6.3972612  -6.22148399 -5.90967197 -5.90185641
 -6.74889203 -7.25458817 -7.17322583 -7.01486915 -7.06266417 -7.12113504
 -6.82423205 -6.27764579 -6.76915624 -5.73823373 -5.99770362 -6.10738418
 -6.42351445 -6.36658403 -7.130736   -7.00269179 -5.95023242 -6.51119306
 -5.15877056 -4.97768365 -6.06265814 -5.87616974 -6.06805888 -6.45864411]","[0.10645708 0.19569335 0.10323626 0.06102777 0.08895728 0.09506072
 0.06330926 0.10439386 0.11250966 0.15207558 0.27603541 0.1090201
 0.09117546 0.0788971  0.1582981  0.09259901 0.0810299  0.12847638
 0.07215219 0.13076152 0.12139961 0.11358478 0.13282364 0.06204629
 0.12984651 0.06860048 0.07173688 0.15993335 0.05920677 0.16008137
 0.11094244 0.08485871 0.04239439 0.09379717 0.06856573 0.07056426
 0.04361686 0.08416147 0.05456276 0.03090371 0.04645102 0.09701059
 0.02821671 0.04428732 0.07680399 0.07836079 0.0422558  0.09811763
 0.05952926 0.07810225 0.11793927 0.05602726 0.1684012  0.10078673
 0.11146043 0.07257987 0.06904175 0.04779136 0.02463973 0.10439237
 0.03702358 0.10152494 0.06833383 0.08158535 0.0396863  0.04362762
 0.09147958 0.12967289 0.11112724 0.05872895 0.06962067 0.08276828
 0.12750869 0.07210272 0.0556678  0.09653083 0.08729911 0.07321177
 0.07914121 0.10032646 0.13293485 0.10144149 0.07787924 0.05109729
 0.08564342 0.11859047 0.11372273 0.0449227  0.07338033 0.07911823
 0.0458367  0.06864919 0.17743819 0.09606913 0.09086609 0.24129346
 0.08606901 0.19738717 0.20019364 0.26529688 0.1070659  0.11830396
 0.0885063  0.09036572 0.05832089 0.07800418 0.08436986 0.09524748
 0.10676071 0.05987299 0.06945602 0.05563565 0.15028539 0.14617533
 0.056436   0.06957869 0.07219644 0.06467944 0.13322853 0.04297869
 0.11167242 0.14486038 0.05812113 0.08418807 0.02747732 0.01822101
 0.04290579 0.05686023 0.0398518  0.056142   0.11019974 0.07794805
 0.08659297 0.04620356 0.08446044 0.07380469 0.14494554 0.03947396
 0.12592843 0.10057941 0.04907242 0.05776611 0.12022859 0.14542138
 0.04115682 0.04820589 0.11301613 0.05647366 0.03347531 0.05072095
 0.11173451 0.12129573 0.05335164 0.06393374 0.14756118 0.0619817
 0.09049052 0.192724   0.02846619 0.05930701 0.06432492 0.0439872
 0.11317898 0.07941354 0.16438012 0.02975064 0.03699564 0.1069421
 0.03240237 0.07658775 0.07871312 0.16918874 0.09185805 0.08288265
 0.07672939 0.09699478 0.06235393 0.06049605 0.072236   0.10098728
 0.08880796 0.09031033 0.05474489 0.10935137 0.13245017 0.08401788
 0.11370185 0.10955156 0.07527432 0.09898648 0.10696868 0.10471897
 0.06221479 0.05729835 0.09747041 0.0494462  0.10597543 0.11355433
 0.06232281 0.06491549 0.07248499 0.10600311 0.08208392 0.10349433
 0.05745856 0.15548479 0.12539274 0.06155387 0.08754188 0.09543082
 0.06184506 0.06832544 0.09152094 0.05395395 0.12558826 0.03240382
 0.05359448 0.09484602 0.10241488 0.10311533 0.10662555 0.07751735
 0.15727743 0.05426962 0.0824438  0.08020002 0.12575764 0.13386739
 0.06425757 0.06532189 0.05961046 0.06269876 0.04351803 0.04120447
 0.12198552 0.08707527 0.07621515 0.07119748 0.09693619 0.11206965
 0.06871927 0.02443239 0.08575607 0.075124   0.05144411 0.0905459
 0.1196449  0.13294969 0.04198309 0.06969927 0.05717879 0.121449  ]"
4,AdaBoostRegressor,"[-5.795995711530908, -6.458749156804877, -6.621429634643826, -5.786587000906248, -6.425491790446425, -5.5673571428571424, -5.264862934113207, -6.736579840907568, -6.770735217956522, -5.976329453454546, -5.587090776703417, -5.198137236638656, -5.727428571428569, -5.20352000194231, -6.736579840907568, -7.199962075742274, -5.763043595333331, -5.747710370982457, -5.837783024946667, -6.621429634643826, -6.419531249999997, -7.136308119657531, -6.658176795580121, -7.351857715515867, -7.288910404940298, -6.449058075330182, -6.632907801821431, -6.380078740157489, -6.619512404899598, -6.539239339883272, -6.440631578947364, -6.449058075330182, -6.449058075330182, -5.713432432432427, -5.99070025181609, -5.75030380443333, -6.2933652533307995, -5.8824453449863014, -6.039535652566171, -7.163858317239577, -6.28198214285716, -6.406732026143793, -6.084195236865669, -6.677462724217952, -6.6711000000000045, -7.199962075742274, -7.058287882768123, -5.8824453449863014, -6.17610687022901, -5.535458428213673, -5.812001129597605, -5.731804123711339, -5.825893666283945, -5.679027756728977, -5.679027756728977, -6.17610687022901, -5.837783024946667, -5.923136363636367, -5.797257420148147, -5.930912429666661, -5.825893666283945, -5.8824453449863014, -6.419531249999997, -5.797257420148147, -5.64000253076973, -6.344828327931829, -6.229017558070177, -5.75030380443333, -5.795995711530908, -6.074572315607949, -6.422823602906249, -5.953704686338459, -6.240089515000004, -5.775845400671949, -5.192472297039374, -5.20352000194231, -5.192472297039374, -4.347941176470588, -5.075641025641023, -4.290909090909091, -4.743543307086613, -4.347941176470588, -5.142722575144445, -5.179503536839997, -5.133769608087381, -5.192472297039374, -5.12300818109678, -5.198137236638656, -5.679027756728977, -6.439402040215686, -6.422823602906249, -5.147102241180854, -5.855766666666662, -6.295534038913885, -5.699334231720934, -6.2933652533307995, -7.163858317239577, -7.3336060638723355, -7.366609489291651, -6.6638456667188715, -7.199962075742274, -6.924931999808758, -5.679027756728977, -7.339734364331576, -6.632907801821431, -6.790063960240743, -7.3336060638723355, -6.28198214285716, -6.736579840907568, -7.188946866772495, -6.584895945046617, -7.188946866772495, -6.489912940715322, -6.478253140402655, -7.163858317239577, -7.3482374742142875, -7.199962075742274, -6.532017543859652, -6.809572305600765, -6.28198214285716, -6.459228005847936, -7.146718769846147, -7.335936236024516, -7.1027124867819555, -7.226869779280988, -7.0002823996400005, -7.188946866772495, -7.2536936632654845, -6.439402040215686, -6.935247933884297, -7.3336060638723355, -6.069138309486725, -7.351857715515867, -6.295534038913885, -6.790063960240743, -7.24058569371429, -7.199962075742274, -6.584895945046617, -7.24058569371429, -5.77139555187234, -6.421941747572818, -6.402518933742659, -7.3336060638723355, -6.295534038913885, -6.527060329259129, -7.136308119657531, -6.556286593130718, -5.775845400671949, -6.4508227848101205, -5.812001129597605, -5.825893666283945, -6.607410313325156, -6.419531249999997, -6.2933652533307995, -6.2933652533307995, -5.75030380443333, -6.069138309486725, -6.632907801821431, -6.809572305600765, -6.6848974569704644, -6.074572315607949, -6.532017543859652, -6.069138309486725, -6.17610687022901, -6.449058075330182, -6.21886387093306, -6.295534038913885, -6.380078740157489, -6.621429634643826, -5.976329453454546, -5.760824742268041, -6.449058075330182, -5.812001129597605, -7.146718769846147, -5.938810572687222, -6.074572315607949, -6.848677226391535, -6.924931999808758, -5.699334231720934, -5.879019533503879, -5.812001129597605, -6.607410313325156, -5.953704686338459, -6.380013138232649, -5.963178309851611, -7.344278496205598, -7.226869779280988, -6.554077726200877, -5.913552889114285, -5.976329453454546, -5.913552889114285, -6.049090894129031, -6.584895945046617, -6.304015100666668, -6.52055709716, -6.057254905861434, -6.074572315607949, -6.069354838709676, -5.795995711530908, -6.069138309486725, -6.074572315607949, -7.226869779280988, -5.681506024096379, -6.257736146502421, -5.476640625000001, -5.354374999999999, -5.847220637515002, -5.476640625000001, -5.612291194352109, -5.680221889582474, -6.722289156626511, -6.170144809190837, -5.541271186440679, -5.449921874999995, -6.722289156626511, -6.090550552604168, -5.913333333333333, -5.44569230769231, -7.138914204423531, -5.827600625366453, -5.7040514519494625, -6.130180557058378, -6.065327050092855, -6.625709889561644, -6.927256024770187, -6.53476132994643, -6.5972689284285835, -6.770045048926609, -6.455389221162572, -6.725036804055562, -5.891737708028178, -6.170144809190837, -5.681506024096379, -6.014655799792399, -5.763888789562162, -5.809559764433329, -6.065327050092855, -5.732221549608064, -5.847220637515002, -5.759953651042414, -6.0129891443787855, -5.909411764705893, -6.436029545895654, -5.909411764705893, -6.062798560089065, -5.732221549608064, -6.051139621813259, -6.728763345468751, -6.447599999999997, -6.0129891443787855, -5.809559764433329, -5.593977272727268, -6.075486540661104, -5.559915966386548, -6.062798560089065, -5.7193105216269835, -6.084050726938361, -5.742727272727276, -5.909650930075188, -5.681506024096379, -5.891737708028178, -5.732221549608064, -5.593977272727268, -5.843461538461539, -5.759953651042414, -5.759953651042414, -5.612291194352109, -5.8086666666666655, -6.387445278518069, -6.027969696969698, -5.7040514519494625, -6.08218837358189, -6.257736146502421, -5.660652173913044, -5.962171183234049, -4.2404545454545435, -5.004759538833333, -5.080000000000001, -5.080000000000001, -4.967648830636362, -4.866818181818181, -5.127640060791668, -5.086614742615388, -5.557299898290698, -5.680221889582474, -5.571512513470589, -5.382594339622637, -5.2033006683500025, -5.909650930075188, -5.165973029470583, -6.725036804055562, -6.928148148148146, -6.811827956989247, -7.3169605526633275, -7.208923076923072, -6.48555258204664, -6.124765294844615, -5.909411764705893, -7.410799702874998, -6.647242649238816, -7.208923076923072, -6.866936564174425, -7.194916978116883, -6.095135862061652, -7.208923076923072, -6.458676892616074, -6.014655799792399, -6.811827956989247, -6.654094488188971, -6.562203039843182, -6.25950929634108, -6.48555258204664, -6.5003973509933735, -7.103559123175001, -6.654094488188971, -7.369411764705882, -7.369411764705882, -6.7587499999999965, -7.369411764705882, -6.8938083357329525, -6.960073571142857, -7.30196141607042, -5.891737708028178, -7.208923076923072, -7.103559123175001, -6.922555561833332, -7.145117626035711, -7.208923076923072, -6.562203039843182, -7.310806852771572, -7.163920017019229, -6.8938083357329525, -6.751560527265151, -6.763233073014925, -7.407982456140354, -6.376315789473683, -6.4919606425897465, -5.636862462230302, -6.062798560089065, -6.254518838513514, -6.523725785206045, -6.647242649238816, -6.523725785206045, -6.153582002954555, -5.758368521145946, -6.089647286140508, -6.113069851434207, -6.883593499339736, -6.661015873022728, -7.103559123175001, -6.027969696969698, -6.5311267796521815, -6.109468769589742, -6.86915287053846, -6.48555258204664, -6.0129891443787855, -6.436029545895654, -6.647242649238816, -6.184743415994474, -5.614656149644447, -5.742727272727276, -6.384974897796225, -6.54265306122448, -6.25950929634108, -6.095135862061652, -6.062798560089065, -5.918000000000013, -6.139595156661762, -6.027969696969698, -5.763888789562162, -6.53476132994643, -6.185156940268658, -6.772215062151314, -6.600740740740741, -6.062798560089065, -6.027969696969698, -6.862890878086959, -6.051139621813259, -6.924736586904256, -6.130180557058378, -6.065661964157894, -5.817326572534482, -5.7996423896451645, -6.5311267796521815, -6.704580501735954, -5.843461538461539, -5.918000000000013, -5.111989748704919, -5.086614742615388, -5.352118035266662, -6.062798560089065, -6.090550552604168, -6.153582002954555, -6.089647286140508, -5.847220637515002, -6.014655799792399, -5.918000000000013, -5.909650930075188, -5.7193105216269835, -5.570035211267609, -7.256733274697463, -5.786951302843023, -6.455389221162572, -5.786951302843023, -5.129627901342861, -5.540784313725491, -6.235343780855618, -5.690776699029129, -5.40903846153846, -5.378480018398909, -6.253441558441558, -5.596020571532997, -6.562549457666668, -6.822998359989243, -6.342380952380954, -6.127754619227123, -6.699753323632351, -6.730507478722581, -6.777244094488186, -5.679255421360193, -7.107794367093899, -5.976871107066665, -6.340929166306454, -6.279687499999997, -7.318838445854708, -7.351907085268485, -7.250686694103298, -7.351907085268485, -6.699753323632351, -6.081633911051727, -6.219792400612903, -5.989512365535431, -6.059682539682539, -6.0397265625, -6.219792400612903, -5.811831075279068, -5.8064102564102535, -6.213667148317017, -5.721595578025424, -5.690776699029129, -5.989512365535431, -6.27151515151515, -6.045285114807843, -6.218510932155555, -6.481457250796727, -6.127481876604397, -7.134435316208127, -6.733059123691269, -7.160006709573681, -7.149318541346776, -5.536543180009297, -5.811831075279068, -6.213667148317017, -6.045285114807843, -5.780218544561979, -5.734905077248226, -5.628037447854165, -5.573726415094337, -5.771093003496294, -6.053217276250001, -6.127754619227123, -6.315715816081198, -5.573726415094337, -5.780218544561979, -6.354680851063829, -5.771093003496294, -5.734905077248226, -5.797540490483513, -5.596020571532997, -5.712023383884958, -6.604297385620921, -6.189185504685346, -6.127481876604397, -5.690776699029129, -5.8285851496625005, -5.811831075279068, -6.235343780855618, -6.380182796471151, -5.654002858693959, -5.683650753375662, -5.712023383884958, -6.279687499999997, -4.252000000000001, -4.611428571428571, -5.23279816513761, -5.009516737082281, -4.35310344827586, -3.957307692307691, -5.009516737082281, -4.990305296426667, -5.1159555640839685, -5.129149539583893, -5.246703296703296, -6.213667148317017, -5.129627901342861, -5.9410483555243925, -5.596020571532997, -5.246703296703296, -5.536543180009297, -5.263587701712416, -5.263587701712416, -5.517336893519421, -6.350219780219772, -5.352007874015748, -7.197778520736828, -6.397090486083327, -6.606879486392598, -6.378069834133322, -6.634591027887891, -7.321463837894462, -6.6998850484913826, -6.363332581558528, -7.149318541346776, -7.356398028289916, -5.811831075279068, -7.197778520736828, -7.3269724177521285, -5.712023383884958, -6.218510932155555, -7.209706152515154, -7.1058063780071405, -6.91046924290476, -6.909218749999997, -7.209706152515154, -7.24840167462136, -6.189185504685346, -7.116605367582732, -7.2728690987806495, -7.2728690987806495, -6.882833524383564, -6.142351523377056, -7.279533619004764, -6.606879486392598, -7.040581395348843, -6.365984560940927, -7.107794367093899, -6.348333333333336, -6.593333333333335, -7.2728690987806495, -6.314721463, -6.253441558441558, -7.301959837253243, -5.9410483555243925, -6.967868852459015, -5.866996976245611, -7.321463837894462, -7.160006709573681, -7.3269724177521285, -6.481457250796727, -6.315715816081198, -6.380182796471151, -7.24840167462136, -7.107794367093899, -7.2728690987806495, -7.116605367582732, -6.142351523377056, -6.441475454252918, -6.661337066116953, -6.102800769621844, -6.6184111915227275, -7.2728690987806495, -5.780218544561979, -5.654002858693959, -5.797540490483513, -6.503195661683262, -6.733059123691269, -6.135023330610385, -6.397090486083327, -5.74006983546711, -5.773026315789476, -6.439703831643697, -6.334800000000008, -6.365984560940927, -6.730507478722581, -6.350219780219772, -6.380182796471151, -5.734905077248226, -5.9410483555243925, -6.66403247775, -6.882833524383564, -5.683529411764703, -6.235343780855618, -6.380182796471151, -6.235343780855618, -5.8511270751818145, -7.301959837253243, -7.2728690987806495, -7.149318541346776, -7.134435316208127, -6.363332581558528, -6.363332581558528, -5.721595578025424, -6.102800769621844, -6.606879486392598, -6.437453151058249, -6.5619927465, -6.365984560940927, -5.416988714375, -5.384671431565213, -6.576971352409833, -5.811831075279068, -5.734905077248226, -5.780218544561979, -6.022697368421052, -6.127754619227123, -5.778265544157894, -5.186749998744679, -5.071834172853332, -5.071834172853332, -6.418862213213115, -5.7196385433518495, -5.317314814814815, -5.160128332197676, -5.123449603826088, -6.418862213213115, -5.279599999999999, -5.632722558677599, -5.222140841047901, -5.535421029754382, -6.899772727272727, -5.8881089118199945, -6.331594721719302, -6.078028758034481, -6.022235742969698, -5.773076243884989, -6.486448674753622, -6.714360108826093, -6.3005585579681345, -7.398835188080567, -7.05382200892248, -6.947177767100776, -6.631741674514285, -6.386870784825257, -6.307239095993888, -5.955000000000002, -6.301831324580962, -6.223528623782608, -5.7343021878750005, -6.26753886676068, -5.8775032633934465, -5.761702294472725, -5.739311994547116, -6.031840965696659, -5.935891015269565, -5.724405875665231, -6.053102513803424, -6.331594721719302, -6.225941538128713, -6.412199036859521, -5.778265544157894, -6.412199036859521, -6.403704987053077, -5.6712315270935925, -5.819873417721518, -5.773076243884989, -5.880880664627455, -5.66997340425532, -6.006239193173162, -5.752415425696545, -5.778265544157894, -5.9188126094831475, -5.733609635809158, -5.939919157818181, -5.912537080813855, -5.773076243884989, -6.433859649122802, -5.711792452830192, -5.935891015269565, -5.880880664627455, -6.301831324580962, -5.778265544157894, -5.001089108910892, -4.763152173913049, -4.942463768115946, -4.119999999999999, -3.9548148148148137, -5.01034188034188, -5.101390855818183, -5.222140841047901, -4.995721594417722, -5.250624999999997, -5.137945097387094, -5.101390855818183, -5.01034188034188, -5.071834172853332, -5.2372093023255815, -5.711328681894404, -5.564000000000003, -5.358679245283016, -5.325607836745098, -6.225941538128713, -5.527506117604744, -5.268909090909094, -5.235583592703299, -5.222140841047901, -6.837500819178573, -7.1110827381054325, -6.5711481968679974, -6.386870784825257, -7.279908029266047, -6.3005585579681345, -5.880880664627455, -6.988780487804876, -7.306427637714276, -5.752415425696545, -7.1110827381054325, -5.761702294472725, -6.301831324580962, -6.4666279069767425, -6.5711481968679974, -6.637275224450995, -5.711792452830192, -5.783075343793108, -6.952758620689656, -6.307239095993888, -7.207892763976646, -7.142100908062797, -7.357946540968347, -6.331594721719302, -5.912537080813855, -7.306427637714276, -7.142100908062797, -7.329923037339459, -6.249192728867926, -7.225325119372255, -5.711328681894404, -6.947177767100776, -6.298409090909095, -6.998606866633328, -6.298940677966095, -7.207892763976646, -7.279908029266047, -7.052246934415492, -7.038698469814815, -7.142100908062797, -7.017568776920863, -7.052246934415492, -6.947177767100776, -6.159448443739492, -6.7579004433977214, -7.408252161075272, -6.0742522883353285, -7.112989171018011, -7.279908029266047, -6.301831324580962, -6.099999999999993, -6.714360108826093, -6.455068184795924, -7.236146721115743, -5.761702294472725, -5.801962962962964, -6.298940677966095, -5.811199697740461, -5.631690412357134, -5.724405875665231, -5.6843084323661985, -5.752415425696545, -6.837500819178573, -6.732056362338984, -6.451379310344826, -6.704732534072003, -5.761702294472725, -6.099999999999993, -6.373363636363634, -6.403704987053077, -6.307239095993888, -5.711328681894404, -6.255046492310811, -6.301831324580962, -5.811199697740461, -6.289971716310978, -6.053102513803424, -5.801962962962964, -6.412199036859521, -6.533278688524599, -6.505964234351347, -6.309677419354839, -6.874110401091667, -6.947177767100776, -6.077269789487992, -6.874110401091667, -6.482191119333334, -6.486448674753622, -6.298940677966095, -5.968989514499996, -6.298940677966095, -6.637275224450995, -7.1110827381054325, -6.83911685075281, -6.874110401091667, -6.332754960056779, -6.4079519518419055, -6.059602498900821, -6.5711481968679974, -6.5711481968679974, -7.142100908062797, -7.208810408921933, -5.186749998744679, -6.298940677966095, -5.288394696238089, -6.095427573195802, -5.935891015269565, -5.6843084323661985, -7.330376196369423, -5.761702294472725, -6.351052631578949, -5.708181818181817, -5.489291044776115, -5.717418639383331, -6.3721974421911804, -5.277794540397587, -5.156688826539479, -5.3462999999999985, -5.700378539898491, -5.600652173913049, -6.637663551401856, -6.637663551401856, -6.684859983238095, -6.190610594694918, -6.739167409268425, -6.579574468085101, -7.030136965486843, -5.7920879558910885, -6.365034463135133, -6.280109890109887, -5.918999666009708, -5.866479048730342, -6.621313653807939, -6.563335075934077, -7.113030381332259, -6.865303139423072, -7.1484507042253504, -6.363680399679015, -6.38407451918605, -6.4699005577285185, -6.412438913586323, -6.094630398895522, -5.802356511425195, -6.705376054551724, -6.739615384615381, -7.309083214301585, -7.136646776448277, -6.137624113475187, -5.765903614457829, -6.0527398849607, -6.152920969942311, -5.816930409152324, -5.734900555423076, -5.860139091644929, -6.137624113475187, -5.885861499721311, -5.860139091644929, -5.933529802450289, -5.678601398601398, -5.752850169387505, -6.094630398895522, -5.933529802450289, -5.790864557171647, -6.274927362653274, -6.348245614035087, -5.800638649609755, -5.700378539898491, -6.280109890109887, -5.955993963338983, -5.955993963338983, -5.898954549043187, -6.094630398895522, -6.1535784420848465, -6.363680399679015, -6.1658995243874966, -6.349008339565054, -5.959932483949374, -5.41281690140845, -5.420555555555562, -4.444736842105262, -5.092445820983871, -5.129958496738099, -5.248384746730769, -4.960312710736842, -4.127999999999999, -4.080000000000001, -4.913984072924242, -5.092445820983871, -4.9755319148936135, -4.912590223533331, -5.132745098039216, -4.913984072924242, -5.092445820983871, -5.871390342940407, -5.708181818181817, -5.257566444170002, -5.611468531468531, -5.603293289938777, -6.256629116312504, -5.01171064596296, -7.328382352941172, -7.309083214301585, -7.02865192333333, -7.339219718412083, -7.136646776448277, -5.717418639383331, -6.585506756756762, -5.791067139319445, -6.585506756756762, -6.396470588235285, -6.536129032258063, -6.626445185262217, -7.023808231316404, -5.751027015279279, -7.328382352941172, -7.297353725508984, -7.309083214301585, -6.54070843697369, -7.151731386927962, -7.328382352941172, -6.739167409268425, -6.291225708744685, -6.396470588235285, -6.724090909090906, -7.061765986132078, -5.678601398601398, -6.832046615015875, -7.023808231316404, -6.458201438848913, -7.241087313593133, -6.838604651162792, -6.669316356353358, -6.589648308195988, -7.073790620018517, -7.347283236994219, -7.339219718412083, -7.073790620018517, -6.908154327659577, -7.176371775828217, -6.152920969942311, -6.707111111111117, -7.02865192333333, -6.883132063916034, -6.739167409268425, -6.639914529914531, -7.061765986132078, -6.989680020284556, -5.955000000000001, -6.190700136154323, -7.347283236994219, -7.179022068977057, -6.707111111111117, -6.913797468354434, -7.151731386927962, -6.349008339565054, -5.733300723573332, -6.4699005577285185, -6.256629116312504, -6.2932732383586405, -6.093891043741933, -6.615198799471938, -5.541834319526619, -6.704648414022467, -6.242105263157892, -6.4917490782460385, -6.295238095238096, -5.802356511425195, -6.618965517241376, -6.4917490782460385, -5.790864557171647, -5.839272248097959, -6.152920969942311, -6.238607594936701, -5.933529802450289, -6.639914529914531, -6.349008339565054, -6.363680399679015, -6.20846268155039, -6.698649544371432, -7.030136965486843, -6.4699005577285185, -7.027526334491017, -7.030136965486843, -6.488416299038064, -6.739615384615381, -6.785087535, -6.626445185262217, -6.412438913586323, -5.866479048730342, -7.151731386927962, -7.030136965486843, -7.061765986132078, -6.739615384615381, -6.117700042367087, -6.093891043741933, -5.918999666009708, -5.955993963338983, -6.363680399679015, -6.563335075934077, -6.20846268155039, -6.349008339565054, -7.113030381332259, -5.955993963338983, -5.436232327238095, -5.120597427296296, -5.839272248097959, -5.609409169566669, -5.733300723573332, -6.335691347121024, -5.678601398601398, -6.363680399679015, -5.941248482827196]","0     -6.440000
1     -6.400000
2     -5.660000
3     -6.700000
4     -4.670000
         ...   
247   -4.844664
248   -5.800000
249   -5.960000
250   -5.520000
251   -5.740000
Name: Permeability, Length: 252, dtype: float64","[array([-5.94756757, -6.71625613, -5.34651163, -5.40145261, -5.15216244,
       -5.63678046, -6.42549179, -5.7146571 , -5.83778302, -6.41953125,
       -5.1924723 , -5.63678046, -5.50416611, -5.25895833, -5.20957161,
       -5.64000253, -6.67746272, -6.58489595, -6.68489746, -5.73681852,
       -5.7503038 , -6.62142963, -6.37316387, -5.57877546, -6.6195124 ,
       -5.79599571, -5.87901953, -6.45209644, -5.83778302, -6.84867723,
       -7.16385832, -6.84867723, -5.88244534, -6.1140566 , -6.44962963,
       -6.29336525, -6.06913831, -5.7630436 , -5.79846756, -5.79599571,
       -5.85576667, -6.24008952, -6.06913831, -5.91355289, -5.83778302,
       -6.06913831, -5.81200113, -6.4228236 , -6.06935484, -6.29336525,
       -6.44063158, -7.16385832, -6.47825314, -6.29553404, -6.21886387,
       -6.05725491, -5.79252941, -5.7503038 , -5.76082474, -6.2571147 ,
       -6.24838816, -6.03953565, -5.70515823, -5.9043199 , -5.7758454 ,
       -5.79725742, -6.34482833, -6.44063158, -6.07457232, -5.9043199 ,
       -6.05725491, -5.645     , -6.37426829, -6.22901756, -5.79252941,
       -6.34673333, -6.31768304, -5.82589367, -6.07457232, -5.64000253,
       -6.01669968, -6.40251893, -5.97632945, -5.97632945, -5.7503038 ,
       -6.45874916, -5.93881057, -5.70515823, -5.63678046, -6.03953565,
       -5.71343243, -5.20957161, -5.09576077, -4.67264244, -5.01481481,
       -5.18757762, -4.68173031, -5.18757762, -4.19857143, -4.91833333,
       -5.17950354, -5.18757762, -5.18757762, -4.91283784, -5.04031605,
       -5.15216244, -5.57877546, -6.04909089, -5.51333333, -5.45820373,
       -5.18727273, -5.96317831, -6.03953565, -5.04537597, -7.2731775 ,
       -6.90812755, -7.24058569, -7.39914736, -6.77073522, -6.67746272,
       -6.65687313, -6.66384567, -6.06913831, -7.13630812, -5.79252941,
       -5.645     , -7.26063061, -5.93091243, -7.22686978, -7.33360606,
       -6.38001314, -6.58489595, -5.93881057, -7.16385832, -6.59222506,
       -6.31307692, -6.50156884, -7.04485021, -6.38001314, -7.19996208,
       -5.79252941, -6.5205571 , -7.19996208, -5.97632945, -7.17049587,
       -5.93881057, -6.38001314, -6.80957231, -5.91355289, -7.34823747,
       -6.24008952, -6.90812755, -7.26063061, -7.36660949, -6.72357143,
       -7.33973436, -6.52706033, -6.40673203, -7.13630812, -7.13630812,
       -7.13630812, -7.34404678, -6.6329078 , -6.53201754, -7.10271249,
       -7.33360606, -6.58489595, -7.24058569, -7.3442785 , -7.10271249,
       -6.31768304, -6.40673203, -5.79725742, -6.42549179, -6.90812755,
       -6.44962963, -5.91355289, -5.57877546, -6.39245726, -5.97632945,
       -6.06913831, -6.45082278, -5.81200113, -6.44962963, -6.51832206,
       -6.38007874, -6.55407773, -6.24008952, -6.174522  , -6.24838816,
       -6.60741031, -6.28198214, -6.44905808, -6.42194175, -6.77073522,
       -6.47825314, -6.43940204, -6.41953125, -5.67902776, -5.70515823,
       -5.93881057, -6.36555556, -6.23478261, -5.80014925, -6.72357143,
       -6.52706033, -6.6195124 , -6.06913831, -5.7503038 , -5.67902776,
       -5.79599571, -6.174522  , -6.66384567, -7.04485021, -6.67746272,
       -7.13630812, -6.43940204, -6.6195124 , -6.62142963, -6.68489746,
       -5.91355289, -5.93881057, -6.38001314, -6.34505143, -6.40673203,
       -6.31768304, -5.93881057, -5.97632945, -6.69916926, -7.3442785 ,
       -7.2889104 , -7.19996208, -7.24058569, -7.19996208, -6.87606417,
       -6.48991294, -6.8761623 , -5.93091243, -6.05725491, -6.31768304,
       -6.52706033, -6.52706033, -7.2889104 , -7.25369366, -6.10814176,
       -6.55407773, -5.20352   , -5.15395511, -6.29553404, -5.79599571,
       -6.28198214, -6.48991294]), array([-6.04705128, -6.31746377, -5.57003521, -5.38721739, -5.17358974,
       -5.85013125, -6.52185   , -5.57003521, -5.73705734, -6.18474342,
       -5.18425276, -5.68150602, -5.38259434, -5.28002601, -5.38721739,
       -5.57003521, -6.54116071, -6.6566186 , -6.619699  , -6.02666667,
       -6.04705128, -6.619699  , -6.06279856, -5.52836364, -6.56220304,
       -5.84346154, -5.85013125, -6.67072581, -5.78913333, -6.87598436,
       -7.10040179, -6.81182796, -6.0146558 , -6.01298914, -6.18474342,
       -6.08218837, -5.80866667, -5.73222155, -5.75995365, -5.85013125,
       -5.91889706, -6.09513586, -6.0146558 , -5.84722064, -6.01298914,
       -5.91889706, -5.76388879, -6.19530612, -6.02666667, -6.22743253,
       -6.37631579, -6.72876335, -6.66101587, -6.19530612, -6.153582  ,
       -6.06279856, -5.75836852, -5.71931052, -5.70828212, -6.18474342,
       -6.18515694, -5.75836852, -5.71931052, -5.85013125, -5.76388879,
       -5.84722064, -6.09513586, -6.38744528, -6.12476529, -6.153582  ,
       -6.09513586, -5.71931052, -6.54265306, -6.07548654, -5.73222155,
       -6.4476    , -6.153582  , -5.91889706, -6.08964729, -5.63686246,
       -6.05113962, -6.29886076, -6.0146558 , -5.7869513 , -5.68150602,
       -6.19530612, -5.918     , -5.70828212, -5.69384231, -5.74272727,
       -5.69384231, -5.35211804, -4.46654046, -4.48919627, -4.63464156,
       -4.91919582, -4.09333333, -4.93443223, -4.09333333, -4.46654046,
       -5.01928557, -5.08153153, -5.01928557, -4.90778667, -4.95451347,
       -5.12272027, -5.81259849, -5.86846939, -5.68150602, -5.52086864,
       -5.48224724, -6.06279856, -6.18515694, -5.14766315, -7.25673327,
       -7.19491698, -7.10355912, -7.37927705, -6.58846753, -6.65409449,
       -6.64804598, -7.10040179, -6.08405073, -6.86693656, -5.76388879,
       -5.75836852, -7.19009377, -6.25402687, -7.30196142, -7.31080685,
       -6.08405073, -6.57325813, -6.06279856, -7.20892308, -6.56943376,
       -6.18474342, -6.56220304, -7.10040179, -6.38744528, -7.14018549,
       -5.75836852, -6.6127196 , -7.1389142 , -6.22743253, -7.10355912,
       -5.918     , -6.48555258, -6.77864407, -5.82760063, -7.25673327,
       -6.09513586, -6.89380834, -7.21841931, -7.30196142, -6.77004505,
       -7.31080685, -6.57208   , -6.25773615, -7.21841931, -6.92473659,
       -6.89692685, -7.10040179, -6.7250368 , -6.45538922, -7.20892308,
       -7.25673327, -6.65784687, -7.10040179, -7.36941176, -6.91844125,
       -5.79964239, -6.06566196, -5.75995365, -6.37264903, -6.87236676,
       -6.10946877, -5.84722064, -5.57003521, -6.3849749 , -6.09513586,
       -6.08964729, -6.53476133, -5.75836852, -6.52372579, -6.52372579,
       -6.31013206, -6.52372579, -6.11306985, -6.09055055, -6.47546887,
       -6.66101587, -6.29886076, -6.3849749 , -6.13959516, -7.14018549,
       -6.47546887, -6.50580152, -6.4476    , -5.68022189, -5.71931052,
       -6.06279856, -6.22743253, -6.09055055, -5.84346154, -6.66101587,
       -6.65784687, -6.66101587, -6.08405073, -5.71931052, -5.7869513 ,
       -5.90965093, -6.13018056, -6.57280114, -6.89692685, -6.56943376,
       -7.10355912, -6.47546887, -6.6127196 , -6.65784687, -6.52372579,
       -5.96106431, -6.04705128, -6.25402687, -6.25451884, -6.43602955,
       -6.42131949, -5.96106431, -5.93401841, -6.86915287, -7.31696055,
       -7.37927705, -7.03131579, -7.14511763, -7.23415107, -6.72876335,
       -6.47546887, -6.69920461, -6.08218837, -6.09513586, -6.25402687,
       -6.53112678, -6.38302911, -7.37943455, -7.14018549, -6.06279856,
       -6.57208   , -5.08661474, -5.08661474, -6.11306985, -5.74272727,
       -6.3849749 , -6.48555258]), array([-6.06704037, -6.57645963, -5.53654318, -5.35200787, -5.20304586,
       -5.58752996, -6.36170854, -5.71202338, -5.70857143, -6.26181966,
       -5.29825688, -5.51868609, -5.38467143, -5.2993365 , -5.38197395,
       -5.59602057, -6.56254946, -6.77724409, -6.66133707, -5.86699698,
       -5.57702529, -6.63      , -6.16161137, -5.71202338, -6.3904225 ,
       -5.78021854, -5.90241935, -6.4475    , -5.70505946, -7.08394242,
       -7.20643189, -6.70815914, -6.01840484, -6.08163391, -6.36333258,
       -6.23004058, -6.16576471, -5.82300291, -6.10280077, -5.81183108,
       -5.81183108, -6.04528511, -5.98951237, -5.82300291, -5.82724832,
       -6.15944736, -6.12775462, -6.36598456, -6.03972656, -6.27151515,
       -6.41975202, -6.80106383, -6.53689995, -6.31571582, -6.04528511,
       -6.1891855 , -5.6907767 , -5.94104836, -5.71202338, -6.2796875 ,
       -5.96497145, -5.771093  , -5.81183108, -5.78021854, -5.62803745,
       -5.81183108, -6.21366715, -6.38539683, -6.16576471, -6.02269737,
       -6.3348    , -5.71202338, -6.36333258, -6.13502333, -5.71202338,
       -6.23534378, -6.36598456, -5.78021854, -6.1891855 , -5.68365075,
       -6.09642101, -6.23534378, -5.82300291, -5.94104836, -5.68365075,
       -6.40518868, -6.16161137, -5.58961538, -5.71202338, -6.05968254,
       -5.74006984, -5.2635877 , -4.79212529, -4.82965812, -4.82965812,
       -5.00951674, -4.61142857, -5.05469035, -3.981875  , -4.11333333,
       -5.05469035, -5.41698871, -4.9903053 , -4.92359962, -4.9903053 ,
       -5.1296279 , -5.58752996, -5.85112708, -5.53914474, -5.48590551,
       -5.2635877 , -5.78021854, -6.1891855 , -5.30459415, -7.32697242,
       -7.1641626 , -7.19777852, -7.40741277, -6.94235355, -6.60687949,
       -6.69975332, -6.65558332, -6.23534378, -7.14931854, -5.771093  ,
       -5.71202338, -7.25068669, -6.16161137, -7.24840167, -7.32309413,
       -6.28933201, -6.48145725, -6.1891855 , -7.20970615, -6.51098654,
       -6.23004058, -6.57697135, -7.19777852, -6.36333258, -7.20970615,
       -5.771093  , -6.57362162, -7.20643189, -6.23534378, -7.1641626 ,
       -6.01840484, -6.37806983, -6.91046924, -5.96497145, -7.2728691 ,
       -6.29817723, -6.75214286, -7.2728691 , -7.35639803, -6.66403248,
       -7.31883845, -6.57697135, -6.35021978, -7.13443532, -7.10580638,
       -7.24840167, -7.39869455, -6.65558332, -6.37806983, -7.25068669,
       -7.32697242, -6.69890369, -7.24840167, -7.32146384, -7.1641626 ,
       -6.0128    , -6.35021978, -5.93906273, -6.36598456, -6.82185858,
       -6.3904225 , -6.08450902, -5.48590551, -6.3801828 , -6.05857931,
       -6.12775462, -6.48333333, -5.74006984, -6.57697135, -6.43970383,
       -6.3348    , -6.53558807, -5.90052632, -5.94104836, -6.3348    ,
       -6.69975332, -6.3348    , -6.3904225 , -6.35021978, -7.13443532,
       -6.5775    , -6.41975202, -6.23534378, -5.62803745, -5.73490508,
       -6.21366715, -6.23004058, -6.1891855 , -6.02269737, -6.65558332,
       -6.56254946, -6.64639106, -6.05857931, -5.81183108, -5.85112708,
       -5.94104836, -6.34238095, -6.60687949, -7.20955224, -6.96786885,
       -7.10779437, -6.497     , -6.63459103, -6.66133707, -6.59333333,
       -5.85112708, -5.96497145, -6.31571582, -6.36170854, -6.36598456,
       -6.25344156, -5.90241935, -5.77302632, -6.63459103, -7.39869455,
       -7.24840167, -7.14931854, -7.19777852, -7.20643189, -6.82185858,
       -6.36333258, -6.73050748, -5.98951237, -6.23534378, -6.29817723,
       -6.50470588, -6.50470588, -7.24840167, -7.16000671, -6.05857931,
       -6.50470588, -5.27048391, -5.20304586, -6.36333258, -5.71202338,
       -6.31571582, -6.62520619]), array([-5.77826554, -6.41860516, -5.43425192, -5.41657175, -5.11808061,
       -5.75241543, -6.38687078, -5.75241543, -5.78307534, -6.40795195,
       -5.22214084, -5.58092599, -5.41657175, -5.26890909, -5.5111782 ,
       -5.53542103, -6.61096296, -6.82680936, -6.81269053, -5.76170229,
       -5.75241543, -6.65039134, -6.18164656, -5.72440588, -6.41860516,
       -5.91253708, -5.91253708, -6.50692906, -5.8073277 , -6.8741104 ,
       -7.20881041, -6.82680936, -5.81987342, -6.09542757, -6.3247619 ,
       -6.30055856, -5.88088066, -5.81987342, -6.04995269, -5.8111997 ,
       -5.91253708, -6.1       , -6.00623919, -5.76136161, -5.73360964,
       -5.77307624, -5.76136161, -6.29894068, -5.80196296, -6.0596025 ,
       -6.40795195, -7.05382201, -6.55227863, -6.25645902, -6.22676971,
       -5.77826554, -5.71179245, -5.87750326, -5.77307624, -6.1       ,
       -6.22571429, -5.76170229, -5.73770148, -5.75241543, -5.6699734 ,
       -5.76170229, -6.33159472, -6.40370499, -5.8111997 , -5.91253708,
       -6.04995269, -5.76136161, -6.40370499, -6.03184097, -5.72440588,
       -6.23510638, -6.09542757, -5.67123153, -6.09542757, -5.77307624,
       -5.93991916, -6.22352862, -5.87750326, -5.88088066, -5.75241543,
       -6.40795195, -5.955     , -5.71179245, -5.73931199, -6.03184097,
       -5.77307624, -5.0951056 , -4.77981852, -4.63394435, -4.67118791,
       -4.94246377, -4.41      , -5.01034188, -4.04433333, -4.76315217,
       -5.04433265, -5.10139086, -5.1379451 , -4.92887738, -4.98667261,
       -5.10139086, -5.71963854, -5.76136161, -5.44121212, -5.490922  ,
       -5.5111782 , -5.88088066, -6.10141107, -5.02648285, -7.32992304,
       -7.06098361, -7.07731402, -7.40825216, -6.96402375, -6.71436011,
       -6.57963066, -6.61096296, -6.09542757, -6.96402375, -5.77307624,
       -5.77307624, -7.14210091, -6.00623919, -7.10263376, -7.14210091,
       -6.29894068, -6.63174167, -5.88088066, -7.14210091, -6.70473253,
       -6.33159472, -6.61096296, -7.07731402, -6.33275496, -7.01756878,
       -5.78307534, -6.5711482 , -7.16441622, -6.30183132, -7.20881041,
       -5.80196296, -6.29894068, -6.83750082, -5.91253708, -7.22532512,
       -6.01      , -7.01756878, -7.14210091, -7.4096254 , -6.8741104 ,
       -7.14210091, -6.5619457 , -6.53327869, -7.14210091, -7.11108274,
       -7.07731402, -7.33291274, -6.83750082, -6.41886221, -6.98878049,
       -7.10263376, -6.62051095, -7.20881041, -7.35425532, -7.05382201,
       -6.07425229, -6.29894068, -5.77826554, -6.36399235, -7.01756878,
       -6.38687078, -5.91881261, -5.608025  , -6.29766478, -6.02870968,
       -5.958536  , -6.41219904, -5.72374686, -6.53327869, -6.45506818,
       -6.26753887, -6.5619457 , -6.07997001, -5.87750326, -6.30183132,
       -6.81269053, -6.38687078, -6.43385965, -6.29894068, -6.96402375,
       -6.53327869, -6.41219904, -6.30183132, -5.71132868, -5.76170229,
       -5.88088066, -6.33159472, -5.91253708, -6.03184097, -6.41219904,
       -6.50088593, -6.77603237, -6.30183132, -5.81987342, -5.73360964,
       -5.88810891, -6.30967742, -6.87054513, -7.10263376, -6.89977273,
       -7.11298917, -6.34483873, -6.63727522, -6.62051095, -6.53327869,
       -5.91253708, -5.88088066, -6.07997001, -6.24919273, -6.23510638,
       -6.28997172, -6.00623919, -5.955     , -6.79235364, -7.33291274,
       -7.27990803, -7.05382201, -7.16441622, -7.20881041, -6.96402375,
       -6.50088593, -6.92132307, -5.9249611 , -6.05310251, -6.30183132,
       -6.63174167, -6.55227863, -7.30642764, -7.20881041, -6.07425229,
       -6.66263581, -5.11808061, -5.07183417, -6.29894068, -5.78307534,
       -6.18164656, -6.50088593]), array([-5.81693041, -6.54070844, -5.48929104, -5.42055556, -5.12059743,
       -5.83927225, -6.39647059, -5.81693041, -5.95993248, -6.0959515 ,
       -5.54183432, -5.70037854, -5.44836066, -5.34084034, -5.15668883,
       -5.46380682, -6.52464286, -6.66931636, -6.54070844, -5.94124848,
       -5.78355148, -6.63991453, -5.97237188, -5.79086456, -6.39647059,
       -5.97237188, -5.86647905, -6.28010989, -5.86647905, -6.86530314,
       -6.9986579 , -6.62644519, -6.05273988, -6.0959515 , -6.43462924,
       -5.95993248, -6.34824561, -5.79086456, -5.83927225, -5.74639098,
       -5.86647905, -6.15357844, -5.87271776, -5.75285017, -5.75102702,
       -5.83927225, -5.79086456, -6.46990056, -5.91250455, -6.15292097,
       -6.46507692, -6.9986579 , -6.56333508, -6.16589952, -6.16589952,
       -5.89895455, -5.72156956, -5.79106714, -5.78355148, -6.19061059,
       -6.00268514, -5.83927225, -5.78355148, -5.87271776, -5.68037245,
       -5.84861389, -6.2326926 , -6.56333508, -6.43462924, -6.25662912,
       -6.25662912, -5.72156956, -6.25662912, -6.05273988, -5.70485685,
       -5.94124848, -6.25662912, -5.80235651, -6.13762411, -5.70485685,
       -6.00268514, -6.34900834, -5.94124848, -5.95993248, -5.70485685,
       -6.4884163 , -5.9335298 , -5.73330072, -5.72156956, -5.9335298 ,
       -5.75102702, -5.25756644, -4.67888889, -5.1299585 , -4.91496538,
       -4.96362789, -4.81908257, -4.91398407, -4.04473684, -4.56913043,
       -4.97553191, -5.1327451 , -4.91713068, -4.86874017, -4.86874017,
       -5.09244582, -5.67609329, -5.68037245, -5.60329329, -5.4559    ,
       -5.42055556, -5.85718769, -5.88222884, -5.1327451 , -7.29735373,
       -6.87526262, -7.24108731, -7.33921972, -6.98968002, -6.56333508,
       -6.62131365, -6.72409091, -6.19070014, -7.02380823, -5.70485685,
       -5.73330072, -7.17902207, -6.29327324, -7.29735373, -7.02865192,
       -6.3636804 , -6.49174908, -5.86647905, -7.02380823, -6.58964831,
       -6.38407452, -6.4936858 , -6.86530314, -6.36503446, -6.9986579 ,
       -5.73490056, -6.63991453, -7.16502   , -6.09389104, -7.07379062,
       -5.94124848, -6.45820144, -6.63766355, -5.84861389, -7.24108731,
       -6.20846268, -6.83860465, -7.37782798, -7.3774932 , -6.75896262,
       -7.24108731, -6.54070844, -6.46990056, -7.02865192, -6.88313206,
       -7.11303038, -7.34728324, -6.70537605, -6.50411877, -7.17902207,
       -7.30908321, -6.62644519, -7.02380823, -7.37272852, -7.07379062,
       -5.95599396, -6.34842105, -5.75285017, -6.36503446, -6.98804878,
       -6.46709374, -5.83927225, -5.54183432, -6.49174908, -6.14588235,
       -6.13762411, -6.45820144, -5.75102702, -6.50952381, -6.46709374,
       -6.39647059, -6.49174908, -6.13762411, -6.02348485, -6.19061059,
       -6.88357143, -6.17958333, -6.41587302, -6.27492736, -6.75896262,
       -6.57957447, -6.3636804 , -6.49174908, -5.70037854, -5.70485685,
       -5.86647905, -6.38407452, -5.95993248, -5.84861389, -6.58550676,
       -6.57957447, -6.633     , -6.19070014, -5.75285017, -5.86647905,
       -5.87271776, -5.9335298 , -6.6151988 , -7.07379062, -6.69864954,
       -7.02865192, -6.40677027, -6.47038037, -6.4884163 , -6.58964831,
       -5.8858615 , -5.86647905, -6.29327324, -6.43462924, -6.34900834,
       -6.19061059, -5.94124848, -6.13762411, -6.63991453, -7.24108731,
       -7.11303038, -7.02752633, -7.13664678, -7.07379062, -6.70537605,
       -6.52464286, -6.81440034, -5.93437759, -6.0959515 , -6.38407452,
       -6.41243891, -6.36503446, -7.13664678, -7.02752633, -5.94124848,
       -6.56333508, -5.2152692 , -5.09244582, -6.15292097, -5.93437759,
       -6.3636804 , -6.56333508])]","[-5.93137103 -6.51389862 -5.4753266  -5.39556104 -5.15349521 -5.73322587
 -6.41847834 -5.71321231 -5.80528392 -6.27399956 -5.28779142 -5.62365542
 -5.42727286 -5.28961405 -5.329326   -5.56105723 -6.58335574 -6.70297687
 -6.6638665  -5.86668659 -5.78206946 -6.6322869  -6.15031845 -5.66688658
 -6.47744274 -5.86091695 -5.88211725 -6.47147224 -5.80115651 -6.90960351
 -7.13563206 -6.76438377 -5.95762386 -6.08001175 -6.35141935 -6.17321705
 -6.05453919 -5.78580121 -5.91008938 -5.80310974 -5.87310219 -6.12681779
 -5.99045269 -5.81959764 -5.83253143 -5.95196625 -5.85117414 -6.3505911
 -5.97004312 -6.20096728 -6.42194565 -6.94923308 -6.55835653 -6.2457829
 -6.16208004 -5.99729181 -5.73500733 -5.81584662 -5.74755159 -6.20243124
 -6.12538319 -5.83399434 -5.75151056 -5.83196058 -5.7036235  -5.81332506
 -6.24358373 -6.43610275 -6.12218625 -6.04995309 -6.15875451 -5.71185301
 -6.38811761 -6.10482166 -5.73320741 -6.2412064  -6.23786126 -5.79971946
 -6.11729136 -5.68768977 -6.02137292 -6.30185209 -5.92654798 -5.90902845
 -5.71454657 -6.39112244 -5.98139035 -5.68962978 -5.70070554 -5.96146325
 -5.73428957 -5.23558988 -4.76262679 -4.75107993 -4.81305356 -5.00447637
 -4.52311496 -5.02020523 -4.07256999 -4.56609795 -5.0546688  -5.18404676
 -5.05044885 -4.90836834 -4.96810952 -5.11966946 -5.67492715 -5.84208428
 -5.5556979  -5.48235998 -5.37296828 -5.90885275 -6.0795036  -5.13137224
 -7.29683199 -7.04069067 -7.17206493 -7.38666181 -6.85105201 -6.64322638
 -6.64112335 -6.75097693 -6.13493211 -7.02807904 -5.76108886 -5.72435377
 -7.20450681 -6.12921262 -7.23544407 -7.22765198 -6.28320339 -6.55262042
 -5.98763087 -7.14967934 -6.59340524 -6.28870603 -6.5490784  -7.05712954
 -6.36571608 -7.11321608 -5.76799337 -6.58359221 -7.17494888 -6.16696563
 -7.14416372 -5.92368537 -6.40015553 -6.79477    -5.89345519 -7.26885046
 -6.17037306 -6.88205043 -7.25436958 -7.36241751 -6.7581444  -7.27051358
 -6.55575316 -6.40357344 -7.13198312 -7.03221318 -7.09439621 -7.30466782
 -6.71128096 -6.45769152 -7.14602496 -7.26580575 -6.63772053 -7.16440156
 -7.35242759 -7.06258579 -6.03207434 -6.2939951  -5.8054779  -6.37863044
 -6.92159409 -6.36069708 -5.92067348 -5.5569151  -6.38940576 -6.06092733
 -6.07654007 -6.46786358 -5.75704267 -6.51862585 -6.48078272 -6.33780405
 -6.53341727 -6.09425596 -6.0214218  -6.31021979 -6.73288829 -6.2964194
 -6.41483763 -6.29712495 -6.95366848 -6.52881503 -6.428167   -6.37921109
 -5.67979886 -5.72518659 -5.9925272  -6.30773958 -6.07739765 -5.9093526
 -6.60757528 -6.56558341 -6.66719034 -6.14085996 -5.7708338  -5.78343896
 -5.88150433 -6.17805815 -6.66585405 -7.06555074 -6.76263752 -7.09786054
 -6.43269598 -6.59489572 -6.60990816 -6.58497671 -5.90482857 -5.9396386
 -6.26459981 -6.32902015 -6.35857217 -6.29460528 -5.94995638 -5.95519966
 -6.72703627 -7.32678673 -7.26190551 -7.09238895 -7.17690897 -7.18462921
 -6.81921718 -6.47084864 -6.80831956 -5.97239037 -6.10735771 -6.3111586
 -6.52141472 -6.46642168 -7.27196421 -7.15804452 -6.04900408 -6.5713669
 -5.17879369 -5.12157914 -6.24475962 -5.79363986 -6.30559996 -6.53297854]","[0.11712247 0.13656405 0.07898433 0.02476845 0.03224063 0.10565032
 0.05557171 0.08099075 0.08885242 0.12564938 0.13323911 0.06670796
 0.04534938 0.0289104  0.12910318 0.05941424 0.05527894 0.08726434
 0.0891246  0.10866519 0.15109539 0.01155437 0.13423395 0.09764068
 0.09482507 0.07227521 0.0228683  0.12532263 0.05481937 0.08770245
 0.07895252 0.08419211 0.09013437 0.03505834 0.0950816  0.13240611
 0.1946578  0.03452306 0.13907887 0.03352658 0.03937211 0.06620745
 0.06463564 0.05907432 0.0990444  0.14322908 0.13953749 0.09640584
 0.09948513 0.08544852 0.02997396 0.1612493  0.05912293 0.05728704
 0.06501848 0.14307524 0.0361397  0.08210495 0.03139434 0.06309288
 0.11794591 0.1069365  0.04010301 0.05697695 0.05698087 0.03261755
 0.09060551 0.06662857 0.19925164 0.1373237  0.11554981 0.03760447
 0.09189069 0.07104365 0.031145   0.16957629 0.10052828 0.07973052
 0.04159165 0.04991865 0.05200781 0.06771173 0.06867933 0.06905222
 0.03115365 0.1028247  0.09088242 0.05097108 0.03517777 0.11774639
 0.02788892 0.08397433 0.20338295 0.21825661 0.14375399 0.0962688
 0.25221506 0.0979183  0.07225656 0.27488791 0.06812513 0.12185865
 0.098815   0.02118169 0.05676292 0.02116367 0.08699113 0.12352858
 0.08157054 0.02388494 0.12629756 0.09659095 0.11330265 0.09866129
 0.02888313 0.12990942 0.06897993 0.02591494 0.15213002 0.05301692
 0.03976739 0.17839075 0.06583453 0.10630218 0.0296721  0.0448553
 0.04479769 0.13999257 0.07230126 0.12179509 0.10563681 0.05744095
 0.12225485 0.06813964 0.06289157 0.07180305 0.04495658 0.10863718
 0.01881034 0.08925753 0.02013387 0.04061601 0.02499943 0.11679265
 0.04873118 0.06979639 0.06603018 0.0898597  0.04945741 0.04273294
 0.10394736 0.08711716 0.0768376  0.03511298 0.06876446 0.07225798
 0.01899867 0.09523428 0.06045765 0.10606462 0.11411176 0.10462331
 0.07127429 0.05573594 0.09230477 0.08592856 0.03837235 0.08797118
 0.01859619 0.08112706 0.16943178 0.11915829 0.06854944 0.02362544
 0.07235913 0.12954812 0.08822441 0.04130866 0.06165155 0.05759839
 0.0640402  0.04048928 0.02984985 0.04120252 0.03402766 0.04677793
 0.02480162 0.11066838 0.10525697 0.09603262 0.10107631 0.06858511
 0.02458385 0.09349862 0.16670178 0.04553897 0.04612517 0.09555416
 0.02862751 0.0213392  0.13044501 0.06667104 0.12523308 0.09778203
 0.10702773 0.05364195 0.05614176 0.09331368 0.0386916  0.07053274
 0.04851859 0.14589345 0.10640044 0.10103663 0.14805598 0.03640901
 0.05366663 0.06292771 0.06316405 0.05744593 0.03617069 0.06478385
 0.10095068 0.06985939 0.06886106 0.07631499 0.0339145  0.11606977
 0.09096854 0.0509022  0.08622713 0.06962392 0.0381525  0.05662648
 0.09523571 0.05610803 0.08410731 0.05960485 0.06650387 0.04213988
 0.06993303 0.07713343 0.07986335 0.07626759 0.05661798 0.05125942
 0.0671297  0.04945877 0.09523624 0.07639059 0.07169142 0.05396529]"
5,XGBRegressor,"[-5.612295, -6.2511644, -6.52227, -5.793384, -6.688624, -5.792556, -5.181473, -6.6636124, -6.7917886, -5.82003, -5.474935, -4.7747087, -5.054102, -5.1946945, -6.7477446, -6.9630113, -5.3725457, -5.4637623, -5.3970995, -6.7859054, -6.2210855, -7.1144485, -7.1597385, -7.26562, -7.4089656, -6.289731, -6.5495834, -6.0536075, -6.592451, -6.6112885, -6.4990487, -6.4717493, -6.3726463, -5.675429, -5.4233675, -5.5163918, -6.001148, -5.5998483, -5.9286265, -7.2317924, -6.049661, -6.3733053, -5.7265, -6.8776183, -6.780254, -7.15103, -7.3363743, -5.708939, -5.644495, -5.7860465, -5.5409408, -5.6048045, -5.9224215, -5.658919, -5.54567, -5.8767095, -5.4104986, -5.6545534, -5.8138347, -5.78089, -5.7230005, -6.0786777, -6.1671257, -5.632038, -5.7049723, -6.0210986, -6.040932, -5.647807, -5.6676846, -6.2220864, -5.96191, -5.7822847, -5.844979, -5.9961953, -5.666333, -5.3050365, -5.642368, -4.2534504, -4.609084, -4.121684, -4.3961554, -4.1413426, -5.0686975, -4.947577, -4.9643655, -5.2569194, -5.1908565, -5.344054, -6.074573, -6.354526, -6.3974366, -4.869943, -6.1671166, -6.178197, -5.448702, -6.183972, -6.978298, -7.328326, -7.529938, -7.0664616, -7.091571, -7.027178, -5.6694946, -7.5976453, -6.653652, -7.1405864, -7.1679, -5.945699, -6.9356365, -7.207248, -6.641113, -7.2356257, -6.5634794, -6.160412, -7.1517715, -7.365637, -7.2354326, -6.4499993, -6.433151, -6.228059, -6.3055735, -7.1386156, -7.6416717, -7.1638427, -7.4323735, -7.1077766, -7.1016207, -7.1794252, -6.5479956, -6.8373604, -7.624631, -6.304644, -7.335109, -6.0155535, -6.840043, -7.243775, -7.3439984, -6.744111, -7.1024647, -5.617183, -6.5331016, -6.1271243, -7.296078, -6.2068396, -6.442583, -7.0481257, -6.8106484, -5.890001, -6.377399, -5.581107, -5.800059, -6.6716523, -6.1921015, -6.3310766, -6.4962687, -5.765039, -5.952245, -6.8732495, -6.952159, -7.334075, -5.920833, -6.353835, -5.9454265, -6.083148, -6.5635653, -6.1984854, -6.27846, -6.474466, -6.6093183, -6.0206017, -5.9288707, -6.1533575, -5.741242, -7.0277677, -5.8161106, -5.746903, -6.8534365, -6.9512157, -5.837549, -6.1533036, -5.7709613, -6.948629, -6.3427696, -6.479669, -6.232065, -7.2051, -6.9615116, -6.2591424, -5.887262, -5.684665, -5.9080253, -6.0652504, -6.5352736, -6.343017, -6.19279, -5.6888156, -6.0956244, -5.723723, -5.7179875, -5.855291, -5.95651, -7.1999803, -6.06761, -6.3988204, -5.47845, -5.189195, -5.626468, -5.343964, -5.6859593, -5.624121, -6.949724, -5.703642, -5.318951, -5.115462, -6.62479, -5.756827, -5.733441, -5.2490077, -6.807721, -5.8028374, -5.7179437, -6.1880894, -5.9836383, -6.8664937, -6.84142, -6.736183, -6.869464, -7.237833, -6.326915, -6.654968, -5.8176847, -5.8624835, -5.709588, -6.152633, -5.716706, -5.6873875, -5.7441554, -5.4970193, -5.6192007, -5.7888465, -5.8606043, -5.615153, -6.474746, -5.6170235, -5.9729137, -5.9627037, -5.778332, -6.904378, -6.204802, -6.226253, -5.7686257, -5.4730573, -6.071584, -5.50124, -5.799596, -5.637693, -5.723945, -5.673307, -5.636643, -5.6760693, -5.670646, -5.4027014, -5.7901692, -5.766555, -5.748814, -5.7106366, -5.6364946, -5.536321, -6.361336, -5.7013397, -5.6631503, -5.9698052, -6.5706573, -5.7674403, -6.085933, -4.14345, -4.2908564, -5.158546, -5.175502, -4.795269, -4.60101, -4.9659195, -5.414023, -5.3401284, -5.618394, -6.128546, -5.2894816, -5.434189, -5.6782894, -4.9232435, -6.8570585, -6.9401984, -7.2301674, -7.4052773, -7.163694, -6.1621704, -6.1463118, -6.267744, -7.1141, -7.3348675, -7.118513, -6.8384876, -7.1624246, -6.1123075, -7.1901054, -6.2156806, -6.573555, -6.804616, -6.6155596, -6.434074, -6.1014147, -6.258816, -6.2666492, -7.327059, -6.830455, -7.2010913, -7.1475215, -7.1728835, -7.1861005, -7.0691285, -7.2949967, -7.472225, -5.776791, -7.0835934, -7.166621, -6.8473296, -6.8689127, -7.1521378, -6.511083, -7.339846, -7.1386857, -6.8773055, -6.517212, -6.879663, -7.2710066, -6.4544935, -6.1692014, -5.598284, -6.081673, -6.3094325, -6.666695, -6.8055043, -6.448193, -6.1355276, -5.686179, -6.2858267, -5.885791, -6.925886, -7.1550193, -7.126751, -6.312003, -6.455824, -5.9605618, -7.091903, -6.6726665, -5.761744, -7.0077844, -6.8254204, -6.094561, -5.7546377, -5.7512503, -6.364502, -6.5796313, -6.4566474, -5.9298863, -6.101803, -5.7198515, -6.3223557, -6.0351477, -5.7958093, -6.4691973, -6.238477, -7.0260205, -6.649101, -6.035976, -6.3048077, -7.0462246, -5.862458, -7.082278, -5.9941354, -5.6694117, -5.752673, -5.7627463, -6.281785, -6.310129, -6.2237706, -5.86549, -5.405163, -5.1571183, -4.6705337, -5.9524, -6.147636, -6.364803, -6.0120635, -5.7692475, -5.8420224, -5.5771685, -5.8003755, -5.860497, -5.60637, -7.0585756, -5.727864, -6.3958154, -5.623721, -4.8318987, -5.4522142, -6.052194, -5.8734436, -5.5022016, -5.1753635, -6.555875, -5.4021053, -6.8613596, -6.7870436, -5.675881, -6.1155744, -6.7766876, -6.3434787, -7.031021, -5.833065, -6.7786174, -5.67459, -6.0553355, -6.0703306, -7.2313595, -7.3268604, -7.3017783, -7.219603, -6.6824985, -6.11927, -6.1024165, -5.614744, -5.920643, -5.886812, -6.009365, -5.8514457, -5.732999, -6.1283193, -5.5445304, -5.609282, -5.9995785, -6.1353264, -5.9038177, -5.9441967, -6.5514994, -5.928199, -6.9616184, -6.5325694, -7.501694, -7.306973, -5.398715, -5.666469, -5.8809295, -5.8873086, -5.7046504, -5.774544, -5.828525, -5.5748086, -5.5119953, -6.4017444, -6.07254, -5.7349815, -5.510473, -5.583498, -6.04728, -5.737396, -5.921924, -5.736613, -5.7523603, -5.8175807, -6.5272593, -5.817097, -5.7261224, -5.588559, -5.652353, -5.5013347, -5.934286, -6.6204233, -5.7359843, -5.5610223, -5.789766, -6.1133556, -4.1875625, -4.9479656, -5.3410554, -4.8175454, -4.288173, -3.58691, -4.747625, -4.757809, -4.868525, -4.9208975, -5.196073, -6.157148, -5.056286, -5.5604553, -5.807739, -5.0095243, -5.261044, -5.42562, -4.8935304, -5.536341, -6.1213856, -5.395474, -7.0506454, -5.969516, -6.6242166, -6.584008, -6.9319735, -7.3660493, -7.013959, -6.603748, -6.94756, -7.0405226, -5.8259563, -7.0407414, -7.305206, -5.6084666, -5.755957, -7.0088644, -6.964733, -6.907822, -7.075013, -7.2850986, -7.2111106, -5.936722, -6.944675, -7.2774215, -7.2405386, -6.9120483, -6.1274133, -7.070854, -6.5996885, -7.1540914, -6.180891, -7.0893297, -6.170293, -7.0088186, -7.1305504, -5.981624, -6.2684875, -7.1093388, -5.687541, -7.2273817, -5.6244087, -7.331511, -7.1282973, -7.201956, -6.5280437, -6.025195, -6.6506305, -7.347543, -6.608708, -7.2316356, -7.022221, -6.190574, -6.1381865, -7.0534997, -5.8117733, -7.0293794, -7.213125, -5.63482, -5.666878, -5.8202925, -6.603835, -6.910195, -6.032877, -6.465712, -5.5790668, -5.7239566, -6.59878, -6.349712, -6.0396094, -6.6177917, -6.3465514, -6.2714524, -5.760494, -5.711988, -6.984199, -7.150609, -5.586487, -6.2653804, -6.6277976, -6.3471513, -5.9762673, -7.2269964, -7.1422634, -6.710073, -6.811734, -6.3097825, -6.1890016, -5.447248, -5.7829127, -6.579806, -6.120245, -6.3464274, -6.410048, -4.969243, -5.0443606, -6.602833, -5.741957, -5.781073, -5.5716667, -5.6139455, -6.2976184, -5.8837132, -5.062607, -4.8448915, -4.933191, -6.56185, -5.662299, -5.2967763, -4.9471216, -4.814661, -6.637587, -5.3560896, -5.6668878, -4.903586, -5.8171535, -6.8756166, -5.7924404, -6.1442323, -6.231847, -5.551905, -5.442568, -6.3579645, -6.818478, -6.1647983, -7.740388, -6.810093, -6.6174903, -6.4904027, -5.9948635, -6.2980676, -6.088766, -6.0038548, -5.5579066, -5.5591793, -5.7365594, -5.6106935, -5.8701243, -5.7274985, -5.8300123, -5.684867, -5.68604, -5.9004326, -6.1392045, -6.1509147, -6.5782247, -6.0636306, -6.372373, -6.4602757, -5.882437, -5.9100924, -5.5030932, -5.8240995, -5.5655427, -5.8982244, -5.779983, -6.0186706, -5.772294, -5.495326, -5.9361615, -5.999437, -5.9685316, -6.5457916, -5.6417456, -5.867837, -5.955721, -6.112201, -5.907591, -5.0617323, -4.950524, -4.737139, -4.1794624, -3.7552698, -4.9088135, -5.1159697, -5.2302337, -5.0325933, -5.2206073, -5.0742216, -5.2747216, -5.094339, -5.1130476, -5.170631, -6.0053964, -5.17823, -5.1823425, -4.9545135, -5.8399096, -5.366938, -5.3707967, -5.0339594, -5.371871, -7.0513062, -6.9492025, -6.914861, -6.0259814, -7.1382, -6.099199, -6.160872, -7.1445675, -7.013993, -5.3492475, -7.106944, -5.564092, -6.3793716, -6.440659, -6.18625, -6.6321144, -5.8046007, -5.7177515, -7.3536973, -6.5845046, -6.771568, -7.2041726, -7.3377223, -6.1293716, -6.0390873, -7.1959295, -7.207628, -7.1809263, -6.1293087, -7.216492, -5.7064204, -7.178179, -6.121042, -6.6806917, -6.2619824, -7.0141454, -7.3266773, -7.226282, -7.2203355, -7.3932347, -7.0752983, -7.183042, -6.436269, -6.303671, -6.803898, -7.318239, -6.0856977, -7.285618, -7.112216, -5.8657146, -6.211957, -6.66299, -6.2876997, -7.0783925, -6.0002885, -5.834066, -6.0287805, -5.88942, -5.6028514, -5.8358073, -5.379209, -5.705546, -6.5678535, -6.820296, -6.213058, -6.758304, -5.582665, -6.0044346, -6.231211, -6.199195, -6.358799, -5.1840363, -6.087978, -6.024137, -5.8626595, -6.4262342, -6.0120864, -5.859735, -6.0470133, -6.2726507, -6.5897503, -5.9458704, -7.0824103, -7.0696363, -6.06838, -7.302633, -6.7186594, -6.848664, -6.3432674, -5.9175982, -6.0193825, -6.8548703, -6.8016315, -7.0537066, -7.103816, -6.2233353, -6.215141, -5.8184986, -6.336531, -6.2811575, -6.773955, -7.243311, -4.9457564, -6.1573935, -5.275771, -5.8848643, -6.235727, -5.7064962, -7.2158375, -5.6962423, -6.2986903, -5.865927, -5.645576, -5.4761286, -6.7691627, -5.2512503, -4.7714605, -4.8846126, -5.367838, -5.563612, -6.486929, -6.8100314, -6.948062, -6.1306667, -7.0763745, -6.9822226, -7.1487584, -6.1300993, -6.5507374, -6.291254, -5.9403205, -5.5748096, -7.085331, -6.719767, -7.329015, -7.033742, -7.3337545, -5.840872, -6.053092, -6.696924, -6.7164383, -5.927552, -6.102533, -6.6130548, -7.281002, -7.208645, -6.9618845, -6.103893, -5.733165, -5.895303, -6.303243, -5.6338363, -5.47342, -5.647, -5.8903484, -5.9522243, -5.655273, -5.6879783, -5.589456, -5.682827, -6.1690226, -5.816428, -5.648856, -5.825452, -6.1983085, -5.689845, -5.5358906, -5.893646, -5.9168105, -6.126507, -5.810058, -5.7651987, -5.8637557, -5.936983, -5.90788, -6.2303367, -6.122582, -5.485023, -5.268611, -4.3649473, -4.748868, -4.506231, -5.602542, -4.821985, -4.2505736, -3.8692396, -4.793748, -5.2936745, -5.415204, -4.801391, -5.2902083, -4.9074674, -4.9818573, -5.834713, -5.4256296, -5.2605205, -5.700717, -5.446417, -6.4272685, -4.730025, -7.4834805, -7.1788726, -7.336043, -7.371249, -7.149522, -5.661411, -6.8779364, -5.6897316, -6.9418097, -6.669477, -6.399844, -7.0423465, -7.0978727, -5.6410418, -7.5230336, -7.600647, -7.3420534, -6.632626, -6.7858043, -7.695299, -7.0089736, -5.7065315, -6.179752, -6.906585, -7.2459645, -5.4621305, -6.6383533, -7.0784316, -6.5469284, -7.1554685, -7.015487, -7.066666, -6.12725, -7.019247, -7.574639, -7.6955676, -6.8413367, -6.6497264, -7.1281185, -5.8932633, -6.5224175, -7.19709, -7.049992, -7.0469213, -7.1691575, -7.354679, -7.1269917, -6.0421, -6.029133, -7.538707, -6.831309, -7.0631337, -7.159495, -7.2283335, -5.9734817, -5.449658, -6.5465674, -6.122928, -6.245475, -5.967545, -6.430447, -5.6455784, -6.7547894, -6.039071, -6.5710177, -6.163468, -5.812209, -6.6936135, -6.8889728, -6.215538, -5.9859385, -6.205963, -5.988591, -6.527488, -6.679676, -6.0422697, -6.056354, -6.32335, -6.536774, -6.69487, -6.477091, -6.7252727, -7.001662, -6.459319, -6.22059, -7.0913696, -6.6087437, -6.4912043, -5.7344074, -7.183198, -7.0454698, -7.3681755, -7.0493646, -6.168903, -5.9145765, -5.9094076, -6.112779, -6.156024, -6.6079803, -6.1017084, -6.154902, -7.20209, -5.666945, -5.997249, -5.1441936, -5.7674565, -5.9965158, -5.7322125, -6.093553, -5.649849, -6.463312, -6.4998827]","0     -6.440000
1     -6.400000
2     -5.660000
3     -6.700000
4     -4.670000
         ...   
247   -4.844664
248   -5.800000
249   -5.960000
250   -5.520000
251   -5.740000
Name: Permeability, Length: 252, dtype: float64","[array([-5.9231963, -6.444348 , -5.3758807, -5.232821 , -4.7880163,
       -5.686455 , -6.7442613, -6.161566 , -6.1597047, -5.9106774,
       -5.1170764, -6.1056457, -5.0692616, -4.984819 , -5.1268663,
       -5.0823154, -6.6361384, -6.801791 , -6.750996 , -6.143533 ,
       -5.7905226, -6.8159366, -6.3737707, -5.3135676, -6.736151 ,
       -6.389856 , -6.046561 , -6.548131 , -5.5038   , -7.0655932,
       -7.001441 , -6.914412 , -6.000153 , -6.414724 , -6.308029 ,
       -5.7996445, -6.020479 , -5.7186728, -5.679565 , -5.694536 ,
       -5.6647015, -6.172745 , -5.8358817, -5.7854433, -5.5783305,
       -5.865944 , -5.648563 , -6.677408 , -5.8144813, -6.271375 ,
       -6.102958 , -6.9062204, -6.314555 , -6.310644 , -5.7894945,
       -5.953012 , -5.8431563, -5.604137 , -5.7267895, -6.116567 ,
       -5.9694505, -5.9450803, -5.604963 , -5.6308055, -5.612331 ,
       -5.673903 , -6.2844667, -6.381555 , -5.586932 , -5.7729826,
       -6.0271697, -5.401223 , -6.5246067, -6.3777776, -5.534658 ,
       -6.0734134, -5.739044 , -5.727817 , -6.1773133, -5.7068334,
       -6.154778 , -6.606909 , -5.5196624, -5.832727 , -5.7720675,
       -6.332953 , -5.730559 , -5.3608003, -5.65808  , -5.935876 ,
       -5.615979 , -5.6406918, -4.5177054, -4.656381 , -4.4870954,
       -5.0980225, -4.371119 , -5.3106074, -3.8750274, -4.6363463,
       -5.236912 , -5.5032196, -5.039001 , -4.5333676, -4.703901 ,
       -5.260903 , -5.9721537, -5.6867704, -5.6430163, -5.3085103,
       -5.2483   , -5.8662925, -6.014667 , -5.122321 , -7.039626 ,
       -6.819708 , -6.82875  , -7.1593633, -6.8955107, -6.6635013,
       -6.8207   , -6.8011665, -6.106882 , -7.1325746, -5.6064334,
       -5.450593 , -7.326662 , -6.2076674, -7.3270817, -7.261147 ,
       -5.9908786, -6.6058636, -5.9905057, -7.2199874, -6.6754317,
       -6.04664  , -6.0948014, -7.1223807, -6.2322464, -7.1757765,
       -5.7996516, -6.7671814, -6.862378 , -6.1785536, -7.151016 ,
       -5.852904 , -6.2159953, -7.0841804, -5.8052135, -7.461869 ,
       -5.7967544, -6.8446035, -7.5233216, -7.5147777, -7.466307 ,
       -7.1716022, -6.6304083, -6.918819 , -7.2003403, -6.8950634,
       -7.2098703, -7.069679 , -7.0794563, -6.3241796, -6.991186 ,
       -7.151728 , -6.717151 , -6.851135 , -7.261929 , -6.887057 ,
       -6.2305703, -6.3099885, -5.8026824, -6.3230944, -7.083164 ,
       -5.8873124, -5.747011 , -5.8966293, -6.5529003, -6.0854   ,
       -6.193516 , -6.301904 , -5.4666853, -6.655047 , -5.927364 ,
       -6.3849206, -6.86713  , -6.52612  , -6.089419 , -6.3578215,
       -6.6992283, -6.34265  , -6.5552006, -6.102006 , -6.687348 ,
       -6.329266 , -6.007366 , -6.59352  , -5.712884 , -5.4063544,
       -6.217627 , -6.087782 , -6.359354 , -5.5994916, -6.17482  ,
       -6.37187  , -6.281156 , -6.071668 , -5.9343543, -5.603058 ,
       -5.8910894, -5.9929814, -6.4593725, -7.068216 , -6.9436975,
       -7.146081 , -6.309989 , -7.153907 , -6.692583 , -6.4078765,
       -6.11103  , -6.3275824, -5.788208 , -6.5536757, -6.3565674,
       -6.6013584, -6.000023 , -5.706309 , -6.5403996, -7.095825 ,
       -7.105614 , -7.191687 , -7.1727185, -7.2606907, -6.8800693,
       -6.4256496, -6.8769636, -5.8563356, -6.233616 , -6.212348 ,
       -6.3774   , -6.331513 , -7.1154733, -7.0441623, -6.1934223,
       -6.3746715, -5.112683 , -4.8842034, -6.060199 , -5.9250307,
       -5.9773808, -6.6921206], dtype=float32), array([-5.9218483, -6.354308 , -5.424406 , -5.6529307, -4.832194 ,
       -5.7468467, -6.6309824, -5.4505363, -5.429021 , -5.873875 ,
       -5.4451194, -5.719728 , -5.0953217, -4.929114 , -5.051165 ,
       -5.326783 , -6.700606 , -6.6522713, -6.7396417, -5.827259 ,
       -5.7129607, -6.7476516, -6.359242 , -5.7046566, -6.2241187,
       -6.0378194, -6.181875 , -6.273787 , -5.50475  , -7.051676 ,
       -6.9965334, -6.816631 , -5.792657 , -6.171827 , -5.936059 ,
       -6.3586946, -6.03068  , -5.7924976, -5.755151 , -5.6327558,
       -5.847593 , -6.0797315, -5.9013157, -5.510147 , -5.8698936,
       -5.819267 , -5.8722973, -5.8768225, -5.7769732, -6.026478 ,
       -6.2168016, -7.0097156, -6.266809 , -6.096198 , -5.992395 ,
       -5.8069077, -5.6802673, -5.8980656, -5.6256266, -6.1664963,
       -5.943831 , -5.6149054, -5.5735736, -6.0749598, -5.6776023,
       -5.671064 , -6.4002852, -6.3043404, -5.8048816, -5.7731996,
       -6.1079783, -5.577504 , -6.5752487, -6.070494 , -5.7655334,
       -6.6441193, -5.8891473, -5.7053423, -5.98616  , -5.8371983,
       -6.3573666, -6.113923 , -5.6823997, -5.6978135, -5.776951 ,
       -6.2747164, -5.607504 , -5.5375047, -5.6749687, -5.756586 ,
       -5.5985365, -5.451287 , -4.1956496, -5.1234417, -4.6488314,
       -5.137045 , -4.3292494, -4.481774 , -3.635407 , -4.628677 ,
       -5.0515337, -5.357507 , -4.908835 , -4.7920513, -4.6707006,
       -5.2975683, -5.7964983, -6.026364 , -5.4669847, -5.295134 ,
       -5.415655 , -5.640596 , -6.422935 , -5.0047007, -7.290369 ,
       -6.6553025, -6.9359984, -7.2318344, -6.9480577, -6.5719676,
       -6.549083 , -6.680621 , -6.012586 , -7.055785 , -5.8894897,
       -5.469543 , -7.226631 , -6.102218 , -7.2544003, -7.1959195,
       -6.036691 , -6.3853097, -5.743552 , -7.4077225, -6.7909193,
       -6.010382 , -6.034559 , -7.444808 , -6.2914267, -6.985069 ,
       -5.785269 , -6.4502654, -6.6970444, -5.9307613, -7.318046 ,
       -5.961883 , -6.1835337, -7.0540843, -5.847768 , -7.0543165,
       -5.6619   , -6.8790035, -7.355981 , -7.4996934, -6.9069633,
       -7.485294 , -6.456326 , -6.8569965, -7.259651 , -6.9194083,
       -6.923537 , -7.2384224, -6.1666603, -6.1538825, -7.303234 ,
       -7.390123 , -6.863732 , -6.812143 , -7.252237 , -7.019497 ,
       -5.8248615, -6.021964 , -5.6952553, -6.1523447, -6.9513   ,
       -6.243025 , -5.7786007, -5.6193166, -6.333909 , -6.10402  ,
       -6.2841926, -6.608823 , -5.3923154, -6.39509  , -6.6510806,
       -6.1740475, -6.508524 , -6.0120926, -5.7289047, -6.320302 ,
       -6.4372554, -6.437854 , -6.3045554, -6.0792427, -6.9931884,
       -6.8604364, -6.6595216, -6.4481196, -5.746739 , -5.4558477,
       -5.741677 , -6.0445952, -6.1613307, -5.7918677, -6.635501 ,
       -6.1949716, -6.3978667, -6.117697 , -6.018184 , -5.8299556,
       -6.4759107, -6.176626 , -7.0821133, -7.051735 , -6.5812135,
       -7.069672 , -6.591357 , -6.8611536, -6.6289954, -6.3906918,
       -5.6246543, -5.990569 , -6.6158442, -6.324465 , -6.406073 ,
       -6.553315 , -5.597565 , -6.0681963, -7.110007 , -7.2539806,
       -7.170442 , -7.025933 , -6.96534  , -7.053512 , -6.9574075,
       -6.3253417, -6.7783146, -5.661479 , -6.3122606, -6.1392746,
       -6.4317765, -6.2258306, -7.08146  , -6.9152913, -5.96516  ,
       -6.4712753, -4.7239447, -4.9179688, -5.951089 , -5.903224 ,
       -6.123273 , -6.4986343], dtype=float32), array([-6.0401692, -6.6331334, -5.3719893, -5.268573 , -4.9268217,
       -5.763811 , -6.716891 , -5.7663975, -5.610982 , -6.284067 ,
       -5.181978 , -5.700068 , -5.342925 , -5.2354593, -5.2990217,
       -5.3082476, -6.9011836, -6.7756605, -6.850256 , -5.868322 ,
       -5.7613053, -6.749241 , -6.0947104, -5.553246 , -6.1459665,
       -5.5501075, -6.440683 , -6.627253 , -5.38236  , -7.3171463,
       -7.281663 , -7.1034904, -6.1077495, -6.100209 , -6.441646 ,
       -5.885016 , -5.869728 , -5.722797 , -5.644016 , -5.75156  ,
       -5.7511983, -5.954119 , -5.9867787, -5.6424937, -5.47302  ,
       -5.827805 , -5.6471806, -6.63015  , -5.803851 , -5.921562 ,
       -5.913921 , -6.914122 , -6.665879 , -5.953761 , -5.5078006,
       -5.696542 , -5.6939573, -5.7190466, -5.7444744, -6.0925236,
       -5.9946694, -5.9297776, -6.0163703, -6.2092834, -5.8952527,
       -5.686663 , -6.339165 , -6.11525  , -5.58336  , -6.025398 ,
       -5.998589 , -5.597736 , -6.439652 , -6.2276783, -5.814127 ,
       -6.112934 , -5.907237 , -5.7202396, -6.1521378, -5.767187 ,
       -6.4229913, -6.1926885, -5.786136 , -5.8420367, -6.0043674,
       -6.4856477, -5.7359815, -5.618356 , -5.7200656, -5.801074 ,
       -5.6144814, -5.460317 , -4.909127 , -5.280899 , -4.911132 ,
       -5.265577 , -4.65645  , -5.0535917, -3.7551732, -3.9648433,
       -4.967624 , -5.4166985, -4.959885 , -4.251847 , -4.707801 ,
       -5.1509705, -5.724868 , -5.5709705, -5.247573 , -5.5043173,
       -5.643906 , -5.743015 , -6.32842  , -4.8985496, -7.2412896,
       -6.5600314, -7.1208854, -7.363081 , -6.876345 , -6.693549 ,
       -6.4893336, -6.8365917, -6.2873917, -7.319171 , -5.655523 ,
       -5.4440837, -7.194791 , -6.2723064, -7.187269 , -7.354976 ,
       -6.138321 , -6.6273694, -5.8197336, -7.009803 , -6.6151533,
       -5.914525 , -6.8611355, -7.192561 , -6.6462655, -7.1754904,
       -5.8270493, -6.7241626, -7.1446333, -5.9206753, -7.3409543,
       -5.6076775, -6.516867 , -6.9079227, -5.8593087, -7.4067583,
       -6.1395497, -6.9250593, -7.576811 , -7.440704 , -7.07298  ,
       -7.3088484, -6.525336 , -6.503778 , -7.2239795, -7.215344 ,
       -6.9286647, -7.3609   , -6.585539 , -6.3962355, -6.9363775,
       -7.3531275, -6.8373713, -7.107743 , -7.267274 , -7.127127 ,
       -6.315939 , -6.432222 , -6.043275 , -6.519478 , -6.895653 ,
       -6.222721 , -5.98379  , -5.5015206, -6.515634 , -5.988282 ,
       -6.377544 , -6.4135127, -5.6811705, -6.665897 , -6.2248955,
       -6.0984135, -6.349157 , -6.0826497, -5.9771867, -5.9774027,
       -6.439586 , -6.2986298, -6.31193  , -6.2757807, -7.0044913,
       -6.736939 , -6.7556725, -6.5024223, -5.5532856, -5.399967 ,
       -5.8235354, -5.9533677, -6.2669477, -5.652698 , -6.821882 ,
       -6.2911572, -6.565861 , -5.8255525, -5.593585 , -5.8160605,
       -5.9162436, -6.1320972, -7.0256014, -6.801848 , -6.7578826,
       -7.109671 , -6.538866 , -6.8558345, -6.620824 , -6.3823776,
       -5.8223224, -6.1827965, -6.4914494, -6.575859 , -6.167696 ,
       -6.469744 , -5.8789473, -6.165512 , -6.6946163, -7.1344733,
       -7.152466 , -7.0562186, -7.024026 , -7.1792264, -7.0104613,
       -6.0451636, -6.388484 , -5.6719913, -6.3125887, -6.081299 ,
       -6.3536468, -6.5937715, -7.0410933, -7.1077037, -6.0290775,
       -6.0938687, -5.106878 , -4.906382 , -6.0633965, -5.9421573,
       -6.0794244, -6.175189 ], dtype=float32), array([-5.8741326, -6.4706144, -5.2293267, -4.907002 , -4.9286704,
       -5.6614676, -6.549446 , -6.1854687, -5.5447664, -6.6852293,
       -5.320726 , -5.457149 , -5.7092986, -5.195505 , -4.8465395,
       -5.267829 , -6.5174704, -6.6785192, -6.775824 , -6.103221 ,
       -5.7847543, -6.567811 , -6.3885837, -5.8514485, -6.182983 ,
       -5.9216037, -6.401354 , -6.003706 , -5.474418 , -6.9401855,
       -7.4470224, -6.366842 , -6.0432563, -5.984837 , -6.243266 ,
       -5.898255 , -6.0384903, -5.6081233, -5.67412  , -5.659653 ,
       -5.941705 , -5.860681 , -6.016999 , -5.666019 , -5.4657207,
       -5.8491898, -5.6752143, -6.388485 , -5.8667293, -5.889103 ,
       -6.5720134, -6.6924305, -6.638592 , -6.106206 , -6.2968245,
       -5.74723  , -5.837237 , -5.689233 , -5.692616 , -5.8561482,
       -6.3536963, -5.9124274, -5.903896 , -5.6957397, -5.7613363,
       -5.611527 , -5.9777975, -6.2138386, -5.591214 , -5.953773 ,
       -6.2406607, -5.5393047, -6.421633 , -6.2294126, -5.7633276,
       -5.8851   , -6.1425214, -5.7831864, -6.0737557, -5.7802033,
       -6.4030805, -6.0307465, -5.583975 , -5.7050514, -5.710158 ,
       -6.550813 , -5.8246937, -5.4102306, -5.5237093, -5.677682 ,
       -5.60679  , -5.0744042, -4.3307385, -4.917207 , -4.56641  ,
       -4.6729493, -4.6310196, -5.432535 , -4.070222 , -4.7354703,
       -5.0564995, -5.1519594, -5.0793843, -4.3399324, -4.6328826,
       -5.145314 , -5.578891 , -6.046083 , -5.2347713, -4.9388638,
       -5.2776685, -5.5887103, -6.050664 , -4.970535 , -7.167654 ,
       -6.680789 , -7.0473156, -7.284479 , -7.2291064, -6.682142 ,
       -7.0264344, -6.8167143, -6.0895214, -7.3116207, -5.8195996,
       -5.4422174, -7.3279386, -6.2956223, -7.5169196, -7.155096 ,
       -6.1175485, -6.512462 , -5.96283  , -7.3477716, -6.683049 ,
       -6.085077 , -6.4786654, -7.303543 , -6.512171 , -6.7151775,
       -5.5652733, -6.391091 , -6.9865165, -5.8651605, -7.1835394,
       -5.730448 , -6.188174 , -6.916409 , -5.9114294, -7.2926927,
       -5.920684 , -6.8288097, -7.3773055, -7.5509205, -7.2098927,
       -7.4280877, -6.9111967, -6.729711 , -7.0714006, -7.2275577,
       -7.139345 , -7.4259686, -6.7346673, -6.690857 , -7.0378537,
       -7.286801 , -6.707576 , -6.794268 , -7.304772 , -6.892982 ,
       -6.336213 , -6.0913467, -5.72671  , -6.494582 , -7.242745 ,
       -6.314963 , -5.481997 , -5.964031 , -5.9542227, -6.0143814,
       -6.2681055, -6.26426  , -5.598777 , -6.386827 , -6.1242714,
       -6.2473936, -6.35427  , -5.981966 , -6.2961426, -6.317789 ,
       -6.441849 , -6.0438495, -6.3138614, -6.5042787, -6.9085975,
       -6.50924  , -6.616814 , -6.7019634, -5.5783296, -5.57064  ,
       -5.9619327, -5.949375 , -5.985199 , -5.6342893, -6.388074 ,
       -6.063569 , -6.577795 , -6.330054 , -5.6568437, -5.654091 ,
       -5.5647836, -6.02279  , -6.7624907, -7.07703  , -7.0155168,
       -7.0469503, -6.0214853, -6.810534 , -6.8670106, -6.3462377,
       -5.807184 , -6.0741754, -6.0424433, -6.7688484, -6.6560183,
       -6.1227846, -6.0128107, -6.0708385, -6.6456323, -7.2223525,
       -7.0967627, -6.8892374, -6.994752 , -7.092909 , -6.7508883,
       -6.508273 , -6.9032354, -5.8179173, -5.883189 , -6.1193504,
       -6.422845 , -6.478789 , -7.1246886, -6.780204 , -5.894742 ,
       -6.3682113, -5.034353 , -4.9963546, -6.096443 , -6.21879  ,
       -6.00991  , -6.7355695], dtype=float32), array([-6.2148914, -6.566909 , -5.60055  , -5.6313767, -4.759207 ,
       -5.831605 , -6.681335 , -6.138762 , -5.8318596, -5.9352546,
       -5.439467 , -5.8878226, -5.128429 , -5.029003 , -4.624089 ,
       -5.3782206, -6.6860995, -6.567496 , -6.84027  , -6.1658735,
       -5.4346604, -6.562136 , -5.7231126, -6.1412005, -6.355698 ,
       -6.0297413, -5.6549063, -6.177569 , -5.5387454, -6.775672 ,
       -6.984518 , -6.8303537, -6.1451344, -5.9897037, -6.265207 ,
       -6.133034 , -5.8751125, -5.7495046, -5.7404084, -5.736381 ,
       -5.792992 , -5.9746337, -5.8142724, -5.671687 , -5.564402 ,
       -5.69616  , -5.6848254, -6.249983 , -5.9825945, -6.5453525,
       -6.1486206, -7.0811853, -6.159488 , -5.9485598, -5.945764 ,
       -5.5895452, -5.6866074, -5.531864 , -5.653848 , -6.1207876,
       -6.0685844, -5.9111695, -5.3683486, -5.7736273, -5.657213 ,
       -5.771762 , -6.1355934, -6.07471  , -5.714283 , -5.784234 ,
       -6.022918 , -5.379274 , -6.7720366, -6.09296  , -5.7205043,
       -5.9282627, -5.9274464, -5.8029447, -5.825649 , -5.854011 ,
       -6.1418934, -6.2675905, -5.5683846, -5.721958 , -5.661772 ,
       -6.508802 , -5.7768164, -5.3942747, -5.6466546, -5.6604967,
       -5.765751 , -5.3194423, -4.5932493, -4.660146 , -4.600409 ,
       -4.947014 , -4.555993 , -4.8209276, -4.152919 , -4.4218965,
       -4.9312735, -5.470873 , -5.033123 , -4.336875 , -4.688007 ,
       -4.9517   , -5.521538 , -5.6733184, -5.71259  , -5.141715 ,
       -5.2770047, -5.702046 , -6.356012 , -4.786455 , -7.0697203,
       -6.9374223, -7.028237 , -7.19052  , -6.8898287, -6.3968143,
       -6.8246   , -7.146258 , -6.030503 , -7.259612 , -5.6650586,
       -5.6480713, -7.4918137, -6.16705  , -7.366359 , -7.258505 ,
       -5.846371 , -6.682241 , -5.965778 , -7.3741713, -6.141634 ,
       -6.188604 , -6.178869 , -7.1319084, -6.2262154, -6.985887 ,
       -5.7245917, -6.566116 , -7.0771136, -6.1107135, -7.3438272,
       -5.8013525, -6.426576 , -6.6995873, -5.770507 , -7.499235 ,
       -5.921189 , -7.1233087, -7.530848 , -7.468457 , -6.711085 ,
       -7.371365 , -6.486404 , -6.806699 , -7.2946634, -7.173411 ,
       -7.162976 , -7.2416644, -6.4183373, -6.483422 , -7.2778172,
       -7.3639913, -6.8262577, -7.01142  , -7.44041  , -6.745056 ,
       -6.4204044, -6.0287023, -6.039808 , -6.630815 , -7.165929 ,
       -6.1975293, -6.12646  , -5.57112  , -6.5147653, -5.922833 ,
       -6.1162167, -6.3723516, -5.535971 , -6.5502543, -6.156843 ,
       -6.398711 , -6.4220276, -5.9482927, -5.8055124, -5.7395167,
       -6.4819684, -6.710162 , -6.3634295, -6.2878017, -7.2907047,
       -6.3974843, -6.2151947, -6.473002 , -5.5984654, -5.3900256,
       -5.9018335, -6.1615324, -6.1274796, -5.666835 , -6.6796427,
       -6.1613164, -6.544842 , -6.3182297, -5.627246 , -5.719112 ,
       -5.933892 , -6.0735927, -7.0722704, -7.083538 , -6.976069 ,
       -7.0925426, -6.6001434, -6.893108 , -6.5991397, -6.492261 ,
       -6.0286317, -5.979671 , -6.112918 , -6.9795995, -6.397465 ,
       -6.2042236, -5.913806 , -6.046548 , -7.009665 , -7.147584 ,
       -7.1398997, -7.060239 , -7.1623282, -7.2230635, -6.3558693,
       -6.3380713, -6.7199483, -5.816599 , -6.105684 , -6.133299 ,
       -6.260494 , -6.3938403, -7.289259 , -7.106171 , -6.077303 ,
       -6.4448633, -5.115784 , -4.832341 , -6.0307574, -5.8340197,
       -6.1200585, -6.529762 ], dtype=float32)]","[-5.9948473 -6.493863  -5.40043   -5.33854   -4.846982  -5.738037
 -6.6645827 -5.940546  -5.715266  -6.1378207 -5.3008733 -5.774083
 -5.2690473 -5.0747805 -4.9895363 -5.2726793 -6.6882997 -6.6951475
 -6.791397  -6.021642  -5.6968403 -6.6885552 -6.1878843 -5.712824
 -6.3289833 -5.9858255 -6.145076  -6.326089  -5.480815  -7.0300546
 -7.142235  -6.806346  -6.0177903 -6.1322603 -6.2388415 -6.0149283
 -5.966898  -5.718319  -5.698652  -5.6949773 -5.799638  -6.0083823
 -5.9110494 -5.655158  -5.5902734 -5.811673  -5.7056165 -6.3645697
 -5.8489256 -6.1307745 -6.190863  -6.9207344 -6.4090643 -6.0830736
 -5.9064555 -5.758648  -5.748245  -5.688469  -5.6886706 -6.0705047
 -6.0660467 -5.862672  -5.6934304 -5.876883  -5.720747  -5.6829834
 -6.2274613 -6.217939  -5.656134  -5.861918  -6.079463  -5.4990087
 -6.5466356 -6.199664  -5.7196302 -6.128766  -5.9210787 -5.7479057
 -6.043003  -5.7890863 -6.2960215 -6.2423716 -5.628112  -5.7599173
 -5.7850633 -6.4305863 -5.7351103 -5.4642334 -5.6446958 -5.766343
 -5.6403074 -5.3892283 -4.509294  -4.927615  -4.6427755 -5.0241213
 -4.508766  -5.019887  -3.8977497 -4.4774466 -5.0487685 -5.3800516
 -5.0040455 -4.4508147 -4.6806583 -5.161291  -5.7187896 -5.8007016
 -5.460987  -5.237708  -5.3725066 -5.708132  -6.2345395 -4.9565125
 -7.1617317 -6.730651  -6.992237  -7.245856  -6.9677696 -6.6015944
 -6.74203   -6.856271  -6.1053767 -7.2157526 -5.7272205 -5.4909015
 -7.313567  -6.2089725 -7.330406  -7.2451286 -6.025962  -6.562649
 -5.8964796 -7.271891  -6.581238  -6.0490456 -6.329606  -7.2390404
 -6.381665  -7.0074797 -5.740367  -6.579763  -6.953537  -6.001173
 -7.2674766 -5.790853  -6.306229  -6.932437  -5.8388453 -7.342974
 -5.888015  -6.920157  -7.4728537 -7.4949102 -7.073446  -7.3530397
 -6.601934  -6.763201  -7.2100067 -7.0861573 -7.072879  -7.2673273
 -6.5969324 -6.409715  -7.1092935 -7.3091536 -6.7904177 -6.915342
 -7.3053246 -6.934344  -6.225598  -6.1768446 -5.8615465 -6.4240623
 -7.067758  -6.17311   -5.8235717 -5.710523  -6.374286  -6.0229836
 -6.2479153 -6.39217   -5.534984  -6.530623  -6.2168913 -6.2606974
 -6.500222  -6.1102242 -5.9794326 -6.142566  -6.499978  -6.366629
 -6.369796  -6.2498217 -6.9768662 -6.5666733 -6.450914  -6.5438056
 -5.6379404 -5.444567  -5.9293213 -6.0393305 -6.1800623 -5.669036
 -6.5399833 -6.2165766 -6.4735045 -6.13264   -5.766042  -5.724456
 -5.9563837 -6.0796175 -6.8803697 -7.0164733 -6.854876  -7.092984
 -6.412368  -6.914907  -6.6817102 -6.4038887 -5.878764  -6.110959
 -6.210173  -6.640489  -6.396764  -6.3902855 -5.8806305 -6.011481
 -6.800064  -7.1708436 -7.1330366 -7.0446625 -7.0638328 -7.1618805
 -6.7909393 -6.3285    -6.7333894 -5.7648644 -6.1694674 -6.1371145
 -6.369232  -6.4047484 -7.1303954 -6.9907064 -6.031941  -6.3505783
 -5.0187287 -4.90745   -6.040377  -5.9646444 -6.0620093 -6.526255 ]","[0.12288877 0.09715941 0.11942429 0.2781697  0.06992497 0.06003413
 0.0689215  0.28933156 0.2580703  0.3109143  0.13291095 0.21529065
 0.2404777  0.11983284 0.23342617 0.10158072 0.12440201 0.0851646
 0.04562086 0.14394937 0.13390976 0.10388654 0.25647283 0.27844593
 0.21554917 0.26901564 0.2843897  0.23183052 0.05327555 0.17716607
 0.18881847 0.24241251 0.12325081 0.1577558  0.16631813 0.20443153
 0.0773707  0.06105453 0.04215914 0.04480046 0.09282371 0.10770793
 0.08008859 0.08781113 0.14714696 0.06002339 0.08462732 0.2898276
 0.07291036 0.24685873 0.21547948 0.13117866 0.20498455 0.13214491
 0.25842765 0.12057333 0.07522637 0.12369581 0.04420369 0.10981623
 0.14974044 0.1245072  0.2351409  0.225279   0.09975148 0.05143095
 0.15255636 0.1142907  0.08922628 0.10675041 0.08862314 0.09102835
 0.12584178 0.11087365 0.09712023 0.27146944 0.12917057 0.03809101
 0.12756911 0.05263841 0.12251642 0.19863333 0.09507424 0.06380107
 0.11759302 0.10717429 0.07220726 0.09760273 0.06544886 0.09910304
 0.06302878 0.1876822  0.24381988 0.24834387 0.14416291 0.20287001
 0.1342831  0.34207702 0.19210726 0.27587822 0.10569275 0.12433515
 0.06125115 0.1939705  0.02724926 0.12065165 0.16046737 0.1965292
 0.19656752 0.18863392 0.14768997 0.09496447 0.16805719 0.11161579
 0.0962164  0.13263494 0.10076783 0.07207377 0.13292107 0.11098526
 0.19747233 0.15487657 0.09756976 0.10422847 0.10812897 0.07917747
 0.10374537 0.07024968 0.11167455 0.06786663 0.10450975 0.10423667
 0.09728543 0.14563894 0.22698289 0.08985677 0.30648005 0.12144791
 0.1683322  0.16909195 0.09375641 0.14732952 0.1593581  0.12116113
 0.0829387  0.11867089 0.13855337 0.13630915 0.04810002 0.16029555
 0.1580468  0.10680907 0.08888887 0.03792844 0.2576742  0.10801075
 0.16545112 0.14375569 0.07633041 0.14738965 0.1219858  0.12205075
 0.3062549  0.17743829 0.15163518 0.08576632 0.06495365 0.12302887
 0.06985378 0.12976375 0.20926595 0.1650387  0.15106355 0.16783853
 0.1293661  0.14815407 0.21998565 0.18457294 0.22347271 0.06598648
 0.08812616 0.12024613 0.10045898 0.12100594 0.23857695 0.11704741
 0.19231604 0.21261777 0.20269173 0.24427679 0.10098047 0.2156263
 0.0950251  0.15350008 0.1939101  0.20177852 0.28851897 0.09313106
 0.07711265 0.06700116 0.1620743  0.08098163 0.12710793 0.06542655
 0.23000687 0.10640498 0.11594333 0.18528862 0.17483407 0.08858766
 0.29313457 0.0677293  0.24072917 0.10784205 0.16289957 0.03394255
 0.2220672  0.12236734 0.09773264 0.04855118 0.17279406 0.13051407
 0.30309463 0.22047989 0.1558126  0.191635   0.15030341 0.15800332
 0.22017771 0.05840634 0.02789823 0.09643668 0.08673524 0.07785691
 0.23440807 0.156293   0.18472677 0.08145183 0.16187167 0.04268549
 0.0615137  0.12546371 0.08469049 0.12639365 0.10141538 0.13434927
 0.15043879 0.05328704 0.0492567  0.13228773 0.05882609 0.19765952]"
6,ExtraTreesRegressor,"[-5.8248110538999995, -6.464057372260003, -6.68161166809, -5.800976623580001, -6.700699999999996, -5.935850000000001, -5.306944292600003, -6.76333871964001, -6.71788607315001, -5.982814860600002, -5.879150000000005, -5.062072146300006, -5.5280499999999995, -5.26300830991, -6.756251835590002, -6.889834141680003, -5.490700000000005, -5.545238719640004, -5.5035387196400025, -6.727093126859997, -6.26700818754, -6.981263111150001, -6.8267572071399965, -7.223606673070001, -7.177943223380002, -6.46992898566, -6.761520599909997, -6.185177682130003, -6.66504100566, -6.66681686332, -6.475657336690002, -6.360327956420001, -6.39591207432, -5.823119777439996, -5.859979622000002, -5.5490000000000075, -6.003989700039998, -5.8946880934, -5.99749100348, -7.0971691001299995, -5.7511000000000045, -6.360154992599997, -5.86244938737, -6.683744167449998, -6.94514813015, -7.010464808469997, -7.094143431910002, -5.712217692479998, -5.847645236279999, -5.519600000000002, -5.555175930709998, -5.57335, -5.72514160222, -5.611633594929999, -5.766232282659998, -6.004501047019997, -5.7798443042, -5.92745, -5.8031, -5.865243648049998, -5.685914610919999, -5.92638167003, -6.1859127215399985, -5.74547300745, -5.689656268440002, -6.009432879169999, -5.992402027429996, -5.677149999999996, -5.66983200696, -6.06658346635, -6.1498412134, -6.001100000000001, -6.04563970004, -5.687932282659999, -5.587399999999999, -5.644099999999997, -5.156299999999999, -4.374400000000006, -4.6613231010400025, -4.2718000000000025, -4.489400000000007, -4.457735381960001, -5.106618870690001, -4.9895367572200024, -5.005467613720001, -5.419899999999999, -5.198900000000008, -5.308900000000001, -5.800342785729998, -6.223467139329997, -6.268745702619994, -4.980000000000001, -5.895987416509999, -5.64048136009, -5.489249999999998, -6.412364376219996, -7.322257574910001, -7.329249019600001, -7.524049019599996, -6.821695510789999, -7.217300000000006, -7.071949019599999, -5.715999999999999, -7.327984401550001, -6.671434668840002, -7.1571102999599985, -7.289736974990003, -6.074040390849999, -6.931925449779998, -7.158385778440004, -6.546099999999999, -7.150090129610003, -6.57666070234, -6.5608675287499985, -7.181616158930001, -7.132349019600002, -7.035879400089999, -6.763116526690003, -6.975283250030002, -6.112989950439998, -6.29368728229, -7.191275694640001, -7.468210299950004, -7.198806594510001, -7.387199999999998, -7.199549019600006, -7.1422858841000005, -7.2102266750399995, -6.189210591080001, -7.008201144420002, -7.464849019599998, -5.856500571000001, -7.368455094720002, -6.284139232879998, -6.7145060531500045, -7.165500000000004, -7.244565473230006, -6.725399999999999, -7.075928419680002, -5.577832282660003, -6.329356260109998, -6.332065141639999, -7.1868181197300025, -6.002406058990004, -6.805706718670002, -7.143204135980004, -6.5691999999999995, -5.80885308569, -6.3965999999999985, -5.689800000000002, -5.735819619509998, -6.6142851837, -5.968140911280001, -6.245959319560001, -6.1316463478499985, -5.74609364805, -5.867948205850001, -6.629805389610001, -6.861242417970001, -6.9796699253700005, -6.144243648049997, -6.488512944439998, -5.912541501010001, -6.094200000000001, -6.362953188830002, -6.220100000000005, -6.279699999999992, -6.676549999999992, -6.652507478749999, -6.045249999999999, -5.854455810740001, -6.295722948859999, -5.703949999999997, -6.886656716290002, -6.14693070352, -6.045733363989999, -7.028195164669996, -6.858841824860004, -5.86840699527, -6.149791847130002, -5.931399999999999, -6.624485979539998, -6.086949999999999, -6.283206810769999, -5.7987284173799996, -7.252439344650005, -7.098372041779999, -6.559130151090003, -5.916635573470001, -6.034929919469996, -5.942380415370003, -5.964445577300001, -6.621244634979998, -6.352265484879999, -6.3667185651699985, -5.824533229039999, -6.095742949740001, -6.0553002572300025, -5.727809026540002, -5.9636363830600025, -6.032301321520002, -7.135858354699998, -5.7244677713199925, -6.442076083099996, -5.3287, -5.220050000000003, -5.621750000000003, -5.615600000000004, -5.539909621270003, -5.65354426069, -6.692130567300001, -6.023059658010004, -5.447069460770003, -5.248320152560003, -6.75910000000001, -5.89089875906, -6.021217507100001, -5.192527093180003, -6.907593892920002, -5.766076839460003, -5.71838487826, -6.030333257470004, -6.0626095860800016, -6.865708706930002, -6.809060865940003, -6.6041732768799974, -6.89587608311, -6.703045392709995, -6.277052016599997, -6.549651475649996, -5.8511628937700015, -6.114816567280001, -5.729210990859997, -5.797745380200001, -5.86816032758, -5.7865528498200005, -5.953100677839999, -5.50106461092, -5.706045691149998, -5.923161846339999, -5.819597032289998, -5.801801200269999, -6.31517242168, -5.801851200269999, -5.968, -5.94670958608, -5.89205484985, -6.866992618179996, -6.394146373099993, -5.917219210120002, -5.829125773190001, -5.706799999999999, -5.95752008927, -5.691960566479999, -5.863243005419998, -5.73580118363, -5.75531056648, -5.7775056144, -5.75712577319, -5.725946701650003, -5.8019224128200015, -5.583376514479999, -5.732738251620001, -5.760766060870002, -5.8001126458600005, -5.809712669620004, -5.741557268130001, -5.588738719640002, -6.282220405969998, -5.810904050759999, -5.79283640169, -5.957454849849998, -6.3731582386799985, -5.796351183630001, -5.861206021209999, -4.131099999999998, -4.8888880430400015, -5.117985384930002, -5.098500000000002, -4.904194260690002, -4.937455062710001, -5.034977093179996, -5.078699999999999, -5.49825781977, -5.509509586080001, -5.7098897000400015, -5.313246701649999, -5.180700000000002, -5.9919198860400025, -5.151132980330002, -6.846087548799996, -7.146398039199998, -6.984497948829999, -7.19721493367, -7.070835092750005, -6.405855198110003, -6.0905000000000005, -6.095737446210002, -7.306518119719998, -6.821100000000001, -7.185868440849999, -6.963524041130003, -7.206359319559999, -6.25036184634, -7.163247058799995, -6.361789796310002, -6.3472237934999995, -6.878120253800001, -6.656417982759999, -6.575950000000001, -6.360224564759997, -6.414348913369997, -6.317486383059999, -7.1411, -6.75705757491, -7.266998039210002, -7.170298039200005, -6.97040659451, -7.203900000000001, -6.968765992609999, -7.175102967619998, -7.239087739240002, -6.013261846340002, -7.075368224689999, -7.127008905139999, -6.925523732799999, -7.055236607230004, -7.078416526689998, -6.598597541469997, -7.175059319560003, -7.126041765809998, -7.062800000000002, -6.681383109879999, -7.06702028375, -7.2204577265299985, -6.284449999999997, -6.315258505810001, -5.5488500000000025, -6.113328583680002, -6.168217982759996, -6.477824818800003, -6.667535402659997, -6.456946507629997, -6.289975773190004, -5.9159999999999995, -6.246027116550003, -5.996899999999999, -7.050549019600002, -7.013700000000003, -7.180869619509997, -6.0624642249099985, -6.27868554993, -5.9748638387699975, -6.727761500229997, -6.316826427289999, -5.70986056648, -6.578410299960003, -6.811982368630001, -6.023812494679999, -5.664399999999997, -5.791599999999999, -6.290156905730002, -6.366820136570002, -6.147801223069999, -5.899641849090009, -6.077135210829998, -6.022872421679998, -6.250649999999997, -6.054409319559997, -5.675300000000001, -6.6694721462999995, -6.260109219080001, -6.786417982760002, -6.71913570383, -5.811894507519998, -6.28064589678, -6.8771964461699975, -6.047288719639998, -6.892447463550001, -5.980497927320004, -5.864265198819998, -5.749075773189999, -5.817768313850003, -6.313683967439995, -6.437979956929999, -6.071896211209999, -5.847332321550002, -5.2428172794300005, -5.055370331080001, -5.147280600799999, -5.915201211050001, -5.949422835290001, -6.434409586079995, -6.0331146109199985, -5.821649999999998, -5.851038719640001, -5.595814610920004, -5.901951028750003, -5.933301183630001, -5.627200000000003, -7.058810871390002, -5.88875143079, -6.3700851947, -5.93090958608, -5.0526425664099985, -5.5418221614300025, -6.333093523739997, -6.093649999999999, -5.302700000000001, -5.387499999999997, -6.19923327168, -5.612099999999998, -6.604768440840001, -6.86000000000001, -6.196943280290002, -6.280727386540005, -6.872500000000009, -6.710617773620002, -6.856160927130003, -5.878508127390002, -6.920156687759999, -5.721298305720001, -6.256372377659997, -6.056456203759999, -7.301238719639996, -7.198069619520002, -7.1893470588, -7.34078773925, -6.900423567530002, -5.939850039910001, -6.1658090111, -5.767233084710003, -5.945499999999998, -5.9805128661300015, -6.007994501679998, -5.78454364805, -5.7719012091400055, -5.804099999999994, -5.551900000000005, -5.634699999999994, -5.94033703453, -6.087686417370001, -5.820033594930003, -5.8964618463399985, -6.574069619509999, -5.784269619509993, -7.004066649600004, -6.573075445479997, -7.034376292570001, -7.039634054410003, -5.744433594930001, -5.869271658539998, -5.851927643060001, -6.00596961951, -5.660899999999998, -5.809596701650001, -5.612649999999999, -5.59875484985, -5.658524598410002, -6.0776881536100005, -6.07103921324, -6.143678073579999, -5.6702499999999985, -5.67915, -5.935277439279997, -5.761599999999998, -5.791938719640001, -5.84024364805, -5.686200000000001, -5.716757819769999, -6.312222430690001, -5.843085789060001, -5.994860566479998, -5.693772835289998, -5.722686383059999, -5.724174336079999, -5.946843863109999, -6.575162156259996, -5.728708258969999, -5.630549999999999, -5.79489100348, -5.970641003479996, -4.2135, -4.868849585579998, -5.090702184400001, -5.165177439279998, -4.389900000000005, -3.7416999999999985, -4.836999999999994, -4.757688521380004, -4.663696662319992, -5.300243648049998, -5.253399999999998, -5.9481816700299985, -5.131546662319996, -5.6772436480499975, -5.5169999999999995, -5.044300000000002, -5.5228, -5.223549999999998, -5.128953085690001, -5.4250618463399976, -6.319138862790001, -5.364640923010004, -7.114449019600003, -6.287172161430001, -6.6882766362199995, -6.41668638306, -6.662422830370003, -7.051210299960001, -6.768363017880003, -6.453899999999997, -7.050202232079999, -7.153028148869998, -5.966599999999997, -7.187295775170003, -7.241877828699995, -5.804111846339998, -6.1687957026200015, -7.145942422790001, -7.056427194420003, -6.995969619510001, -7.042749387360002, -7.219769100130001, -7.204275773190003, -6.24335703602, -7.0948, -7.2935000000000025, -7.15062248255, -6.900430899869998, -6.087700000000009, -7.153618636830003, -6.541276956209999, -7.067044794770003, -6.18860781977, -6.949318119730001, -6.297747228300002, -6.69536576245, -7.19957272473, -6.25873546052, -6.22461740585, -7.176584769330001, -5.914800000000001, -7.029549585590002, -5.7198, -7.3285205999099965, -7.096724273409999, -7.278726675039999, -6.327992454799999, -6.1813959691500004, -6.4953839028800004, -7.281826675040005, -6.883238719640003, -7.096157207139998, -7.01965561411, -6.238835210829997, -6.470119457349999, -6.635861515360002, -5.972484651529999, -6.908286073150001, -7.155357574910003, -5.945709699700001, -5.76369666232, -5.884972546460001, -6.507400000000001, -6.92523349972, -6.148443895640002, -6.579316705579998, -5.85067305444, -5.801223856730003, -6.617434150839997, -6.373409788360002, -6.331799999999998, -6.867026410649999, -6.359658234579999, -6.275409586079999, -5.809681924029998, -6.021753698329999, -6.996977287669998, -6.815456804729999, -5.744100000000002, -6.1597362816200025, -6.375293648049999, -6.473644991419997, -5.950546223300002, -7.150704838810002, -7.10279632157, -7.032768594669997, -7.004570814389999, -6.183666284219997, -6.12306261989, -5.66432365366, -5.859514482599999, -6.468664393729998, -6.286930731109996, -6.307375685399995, -6.301929419279998, -5.415431114589998, -5.5027677619999995, -6.33524385767, -5.800111846340003, -5.7654, -5.77601866572, -5.872021793059998, -6.0846486967599995, -5.858220103110001, -5.079499999999999, -5.010999999999998, -4.860583167529997, -6.611238719639996, -5.362100000000009, -5.142615794350002, -4.98954666232, -4.968375773190006, -6.362522185820001, -5.095860292830005, -5.44188521083, -5.034396662319998, -5.6462175071, -7.090110299959999, -5.758071395770002, -6.268500000000001, -5.858849999999999, -5.681943648049998, -5.4737, -6.313689087410001, -6.781016526690001, -6.2370953927, -7.461310003619997, -6.783117982759998, -6.769238719639998, -6.647731318119997, -6.626711188170001, -6.228870824129998, -6.02733359493, -6.196373155940002, -6.099271720599998, -5.69860118363, -6.10112930446, -5.74548815557, -5.706516060870001, -5.717800000000006, -5.967201694170001, -5.73235118363, -5.703100000000001, -5.775801183629998, -6.40760958608, -6.278256994369996, -6.515699999999998, -5.799711846340004, -6.224739239019999, -6.12410589464, -5.756759219079997, -5.873710566479999, -5.646049999999998, -5.794515026909998, -5.6689724128200005, -5.818638752729998, -5.8061101313900005, -5.775732289130002, -5.739265877590002, -5.597750000000003, -6.025364610920003, -5.916482282659998, -5.848264610920001, -6.4665648323400005, -5.714395441270001, -5.845356353859999, -5.92638340177, -6.120289087409998, -5.815449999999998, -5.139057952810004, -4.7559721462999995, -4.786402833699999, -4.404500000000008, -3.7368999999999937, -5.12014504649, -5.23617591664, -5.12212026734, -4.967130178870001, -5.152599999999995, -4.946336315720001, -5.322553085689996, -5.091184039780005, -5.2560062267399985, -5.19969974801, -5.83482012223, -5.35539666232, -5.222853085689998, -5.340571524379998, -6.043890295190002, -5.366056287730001, -5.403, -5.260950000000001, -5.264570015350001, -7.207596662319999, -7.087269100129996, -6.809839087409999, -6.234732637390003, -7.214300000000001, -6.224301301919997, -5.982749999999997, -7.1506897000399965, -7.2106651785199976, -5.312599999999988, -7.236589700040002, -5.6839499999999985, -6.140499999999999, -6.437364719179997, -6.566734197290002, -6.632405810739997, -5.696350000000003, -5.7505928491399985, -7.148959319559999, -6.626150000000001, -6.794549019600011, -7.1861000000000015, -7.315926675039999, -6.318439874139998, -6.143120774249999, -7.164991978729996, -7.219359319549999, -7.163405905579997, -6.32950319359, -7.15768228915, -5.78014364805, -7.047406594510003, -6.3268775321899975, -7.123724792790001, -6.0996000000000015, -7.128926675039999, -7.208196860539996, -7.264400000000003, -6.992121822879997, -7.412186073149999, -6.8915, -7.0920999999999985, -6.788546402439997, -5.862310503190003, -6.867679758370002, -7.230969100129994, -5.9885130299700045, -7.229713267569999, -7.157457574910003, -6.329364565320001, -6.393399999999997, -6.71921596262, -6.534042454799998, -7.12226910013, -5.820251183630001, -5.7812578197699995, -6.02027608311, -5.850911846339998, -5.6694, -5.780482979300001, -5.535700000000002, -5.606175773190001, -6.761164416420001, -6.662000000000003, -6.241787187540002, -6.537126817169999, -5.544150000000003, -6.058468803789997, -6.1706329224799985, -6.294046344970002, -6.246859319560001, -5.180200000000006, -5.828043648050003, -6.325534052490003, -5.917299999999998, -6.263673889499997, -5.900900000000002, -5.886900000000002, -6.364853234129999, -6.465065336160004, -6.4501664435300015, -6.086486658360001, -6.83983130793, -6.839366496210001, -5.773166060870003, -7.033679672729999, -6.7335169227700025, -6.420657070170003, -6.3338260831100035, -5.97670781977, -5.931806210180003, -6.603267507090003, -7.0443417546500005, -6.890455684890001, -6.951001140340001, -6.183681298950002, -6.032384207939999, -5.922022311160003, -6.312474651729998, -6.292712911399998, -6.985119422269999, -7.081661409140001, -5.420287904179999, -6.167600000000001, -5.170701391410002, -6.075154310960001, -5.914650000000002, -5.7694499999999955, -7.168484853489997, -5.733101183630001, -6.510079050720002, -5.721860786359998, -5.559854827169996, -5.537275993070001, -6.726500000000002, -5.26169666232, -5.02598664928, -4.906600000000006, -5.245700000000003, -5.65767316977, -6.524389700040002, -6.641100000000002, -6.871643648060008, -6.25994938737, -7.093210299959996, -6.763979067510004, -7.100399999999996, -5.94053534171, -6.240043648050002, -6.395399653890004, -5.835712926410001, -5.498251183630004, -6.843558187540001, -6.545095164669998, -7.067233053390001, -6.849804482089999, -7.288180255280005, -6.221584496949999, -6.1836994587900005, -6.485379511439999, -6.16977884787, -6.14496961951, -5.8261372961000015, -6.764937739240002, -6.87560757491, -7.330534354919998, -6.8131696195200036, -6.015412248730001, -5.771299999999997, -5.844499387370002, -6.181563267560003, -5.611394507520003, -5.640810385110002, -5.843711870580002, -5.88876900688, -5.894391003479999, -5.77836184634, -5.896189350670003, -5.5145500000000025, -5.73534958152, -5.85612783493, -5.9533562821, -5.685338155569999, -5.936697885280003, -6.222125179729996, -5.830399999999998, -5.5707322826600025, -6.032632663090001, -5.9107, -5.901569328870002, -5.894840349699998, -6.018052666609998, -6.01069120917, -5.926438656209998, -5.930293648049999, -6.208838119369999, -5.930119619510001, -5.278268613419999, -5.30202059279, -4.3024721463000075, -4.96110617138, -4.885496662319999, -5.432900000000003, -5.147858436319999, -4.111296662319997, -4.2523115158000016, -4.8941035496700005, -5.005805139470001, -5.002508477150003, -4.870567507099994, -5.417082035129999, -5.006299999999992, -5.061790117379998, -6.028699999999999, -5.937499999999999, -5.161720267339998, -5.539449789760003, -5.550249387369998, -6.302626083100002, -4.725000000000005, -7.243099999999998, -7.148486073150001, -7.070573812390002, -7.268657574909997, -7.022020599920001, -5.6190500000000005, -6.723617773620003, -5.814343648049999, -6.651978686210002, -6.3645627510199985, -6.65670413598, -7.029849019600001, -7.109653948020002, -5.57995, -7.428789700039995, -7.299016007310001, -7.206475997880002, -6.54046882605, -7.161189700039999, -7.3165453927099975, -6.794871699979999, -6.00671880516, -6.156998673489999, -6.866726458880001, -7.155402001909998, -5.578000000000002, -6.871199999999999, -6.967046907180005, -6.404805810739999, -7.141558062339999, -7.091800000000003, -6.8943837083799995, -6.650932843360002, -7.08631490171, -7.421428419679999, -7.315149019600003, -7.1409490196, -6.938886073150002, -7.265520351810002, -6.071207473660001, -6.90440209511, -7.198055614110001, -7.0358939876400015, -6.8709980392, -6.849269100130003, -7.200337324829998, -7.003228680330002, -6.003532988160003, -6.145211233710001, -7.476599999999996, -7.1842999999999995, -7.018290541409998, -7.076799999999997, -7.154308187540002, -6.220400000000003, -5.526750000000001, -6.40247137007, -6.0671751605600015, -6.052087592200003, -5.98096098147, -6.708394412299999, -5.593200000000001, -6.63491774966, -6.2191935487800025, -6.3563263128, -5.945346662319999, -5.826595550220003, -6.529812178000004, -6.599269619510002, -5.707400000000006, -6.044984651530002, -6.069599568779996, -6.1996309169199995, -6.110872421679999, -6.558157574910002, -6.131900000000005, -6.0406980921399995, -6.221034783999999, -6.706354710830001, -6.897401144409997, -6.198450000000001, -6.842966271539996, -6.863887587619998, -6.520403551869999, -6.631029996590001, -6.845567139330001, -6.500221548799998, -6.321622421679999, -5.986878225959999, -7.093862991369999, -7.078851553990001, -7.059335189349997, -6.770223716539996, -6.161584553780001, -5.881788599160003, -5.865408903780003, -5.949504266970001, -6.166939057599997, -6.490833664469996, -6.13454511954, -6.228808548859995, -7.0838451623999985, -5.812123382550002, -5.296337646560002, -4.998104877520001, -5.8552884797299996, -6.137900000000006, -5.732600000000002, -5.950749999999999, -5.660299999999996, -6.265168487500001, -5.94734450752]","0     -6.440000
1     -6.400000
2     -5.660000
3     -6.700000
4     -4.670000
         ...   
247   -4.844664
248   -5.800000
249   -5.960000
250   -5.520000
251   -5.740000
Name: Permeability, Length: 252, dtype: float64","[array([-6.15255032, -6.67419225, -5.4715    , -5.29730385, -4.94485933,
       -5.61305   , -6.6483    , -6.2892    , -6.1442206 , -5.94647608,
       -5.32719426, -5.68095   , -5.23164738, -5.31956751, -5.18559735,
       -5.46145889, -6.6561    , -6.6085    , -6.75125757, -6.10900871,
       -5.85927663, -6.58582386, -6.13356293, -5.70189664, -6.1670064 ,
       -5.97686289, -6.24574544, -6.10717072, -5.4665    , -6.85419056,
       -6.99468388, -6.79156714, -6.01965   , -6.12117119, -6.20717508,
       -6.03418192, -5.85346252, -5.83029242, -5.79436774, -5.71040333,
       -5.84328228, -5.96148872, -5.86155   , -5.70654365, -5.47153228,
       -5.86174642, -5.72865   , -6.33151798, -5.88692593, -6.0593493 ,
       -6.42538847, -6.81959267, -6.5464206 , -6.16738327, -5.76199939,
       -5.79617674, -5.7171    , -5.70223412, -5.77614365, -6.02075068,
       -6.04871798, -5.93489689, -5.77012608, -5.7997931 , -5.6826361 ,
       -5.72259907, -6.05413986, -6.30389828, -5.87403228, -5.8724217 ,
       -6.02235   , -5.5076    , -6.1476    , -6.17883391, -5.73075   ,
       -6.15575734, -6.00860744, -5.74608742, -6.00019097, -5.71055688,
       -6.25993146, -6.07328568, -5.67225952, -5.8026    , -5.84495   ,
       -6.36503052, -5.67769971, -5.5771    , -5.69561588, -5.93153521,
       -5.7361    , -5.55449426, -4.7328    , -4.97464102, -4.7158278 ,
       -5.42018607, -4.41799666, -5.00823872, -4.25889666, -4.70715   ,
       -5.10353872, -5.44085309, -5.05673676, -4.5837    , -4.6990278 ,
       -5.1847    , -5.68034596, -5.70575427, -5.44225721, -5.2567    ,
       -5.20897335, -5.69440906, -6.2212602 , -4.92221751, -7.19710659,
       -6.94046787, -7.02034902, -7.31753624, -6.91559215, -6.71060581,
       -6.8992549 , -6.9530206 , -6.14865286, -7.15962668, -5.75809242,
       -5.461     , -7.19192719, -6.18013228, -7.25721515, -7.27459637,
       -6.02167696, -6.57787823, -5.72162284, -7.25361689, -6.65960922,
       -5.99493359, -6.38993638, -7.17786526, -6.54569752, -7.1686    ,
       -5.75805   , -6.55216513, -7.10111864, -6.10798321, -7.25381638,
       -5.78917769, -6.21853703, -7.03194946, -5.87160203, -7.34428774,
       -5.82959939, -6.9489103 , -7.47549629, -7.3617588 , -6.8393    ,
       -7.20560834, -6.67893872, -6.30887973, -7.16974262, -7.00743872,
       -7.16391108, -7.1528    , -6.76118718, -6.60628521, -7.1753897 ,
       -7.31867481, -6.79248607, -6.90479442, -7.24474902, -6.93717202,
       -6.2382397 , -6.26602033, -5.99961951, -6.36009727, -7.15149289,
       -6.05750561, -5.96733993, -5.7301    , -6.4358    , -6.1753    ,
       -6.0838    , -6.33872719, -5.48128359, -6.32851753, -6.30333359,
       -6.16249696, -6.65899828, -6.23344365, -5.97686844, -6.20826412,
       -6.53724559, -6.16722861, -6.3695038 , -6.08539002, -6.78544799,
       -6.59980197, -6.3975103 , -6.50358425, -5.68995309, -5.45035   ,
       -5.72279688, -6.03193359, -6.1485    , -5.66875   , -6.51608992,
       -6.54975743, -6.50821638, -6.06005   , -5.91363167, -5.72325   ,
       -5.90488521, -6.06954039, -6.67846077, -6.88004259, -6.69209071,
       -7.00264955, -6.35917349, -6.74858616, -6.6928    , -6.48980581,
       -6.02360581, -5.99109365, -6.14238677, -6.20402669, -6.39805581,
       -6.29765894, -5.95491825, -6.02963638, -6.74237504, -7.30497785,
       -7.12567421, -7.09768168, -7.16052976, -7.10194353, -7.04481952,
       -6.36665482, -6.83096463, -5.88529297, -6.14240898, -6.2629092 ,
       -6.3662418 , -6.36589762, -7.10784145, -7.06001477, -5.95714725,
       -6.47724175, -4.98515266, -4.94940759, -6.14299939, -5.94685   ,
       -6.00796798, -6.4785506 ]), array([-5.85100959, -6.65185517, -5.53292985, -5.36833872, -5.02947709,
       -5.6212    , -6.6772    , -5.54833769, -5.79479269, -5.98213872,
       -5.35103872, -5.7034    , -5.17000959, -5.1809    , -5.33422411,
       -5.4137    , -6.64717242, -6.6391    , -6.6713    , -5.82178917,
       -5.88843263, -6.72601737, -6.14000673, -5.61227902, -6.44333059,
       -5.90182201, -5.92488703, -6.01397608, -5.4492    , -6.91028403,
       -7.10852297, -6.83413004, -5.9545    , -6.08175   , -6.40097973,
       -6.0862154 , -5.86163669, -5.66528783, -5.75783111, -5.7036    ,
       -5.93099451, -5.9793    , -5.86694345, -5.72241175, -5.83567284,
       -5.83306579, -5.7822    , -6.27059597, -5.92015022, -6.00928663,
       -6.36514691, -6.86807621, -6.62007278, -6.11515   , -5.94341798,
       -5.80781397, -5.7498    , -5.78408909, -5.73935   , -5.97404365,
       -5.98092038, -5.77407885, -5.67198847, -5.8996    , -5.70426461,
       -5.75711389, -6.30676461, -6.31456301, -5.99550954, -5.93965   ,
       -5.95872216, -5.65976057, -6.25108607, -6.08032998, -5.74551579,
       -6.01487905, -6.09136667, -5.71012113, -6.0508886 , -5.84605   ,
       -6.3053079 , -6.12845458, -5.7094    , -5.83292383, -5.8356    ,
       -6.45238521, -5.69461267, -5.59790959, -5.6482    , -5.96754293,
       -5.644     , -5.26955899, -4.4685    , -4.81476751, -4.662     ,
       -4.9554    , -4.2729    , -4.76919426, -3.8876    , -4.51509426,
       -5.04679426, -5.39824053, -4.9638    , -4.90129426, -4.86312411,
       -5.1829    , -5.61270143, -5.73067732, -5.53041449, -5.30268872,
       -5.3698    , -5.82502027, -6.32800768, -5.18618501, -7.235067  ,
       -6.90139267, -7.08739593, -7.3815897 , -6.9110354 , -6.7156    ,
       -6.73793811, -6.82351781, -6.19977491, -7.2161    , -5.76388742,
       -5.4849    , -7.24075932, -6.15665   , -7.2556897 , -7.14052842,
       -6.11114056, -6.57620702, -5.81949018, -7.2674794 , -6.61787577,
       -5.98596057, -6.46480962, -7.13981114, -6.32559597, -7.15376751,
       -5.86225   , -6.58333546, -6.99379804, -6.21067577, -7.1953    ,
       -5.87596967, -6.18811728, -6.98326185, -5.94320485, -7.3927897 ,
       -5.90389467, -6.9206    , -7.3940897 , -7.3904    , -6.67761919,
       -7.24977817, -6.6598854 , -6.4156    , -7.1466206 , -7.10734902,
       -6.96742437, -7.14875395, -6.75513633, -6.54003546, -7.0982897 ,
       -7.4129    , -6.8512    , -6.97409895, -7.2937897 , -7.01255237,
       -6.08851674, -6.23960308, -6.02312554, -6.34278137, -7.08966962,
       -6.01822413, -5.85404706, -5.6949    , -6.3885    , -6.11575   ,
       -6.08068521, -6.26400839, -5.5359    , -6.43074939, -6.30717094,
       -6.03624688, -6.59973209, -6.28208509, -5.96871812, -6.12705794,
       -6.42210959, -6.12042743, -6.30684939, -6.21624344, -6.93793313,
       -6.4581    , -6.39564842, -6.54243399, -5.7082    , -5.4267    ,
       -5.83601301, -6.0176    , -6.2154054 , -5.86916901, -6.54144443,
       -6.38753042, -6.53754185, -6.17206185, -5.88836783, -5.88475   ,
       -6.02311212, -6.01860265, -6.78721198, -7.0285461 , -6.59234476,
       -7.01096699, -6.26393539, -6.76397577, -6.858882  , -6.49182134,
       -5.77998066, -6.00981043, -6.21385255, -6.35179303, -6.43215959,
       -6.37614891, -5.97364286, -6.04345   , -6.76583679, -7.24410752,
       -7.12539464, -7.02426139, -7.09837349, -7.11116442, -6.91780934,
       -6.31297136, -6.71578481, -5.80623267, -6.15796085, -6.17771631,
       -6.37578251, -6.31447255, -7.14245664, -7.06432756, -5.87137129,
       -6.337492  , -5.32209941, -5.11903604, -6.08324939, -5.90590012,
       -5.99888932, -6.48352558]), array([-5.91068665, -6.71065164, -5.4894    , -5.25170897, -5.0473    ,
       -5.660591  , -6.64655932, -6.19445   , -5.5734    , -5.93924322,
       -5.38959975, -5.5833    , -5.23764811, -5.20005309, -5.27917215,
       -5.33445959, -6.62485816, -6.85092972, -6.90907902, -6.14212608,
       -5.80271807, -6.733     , -6.24582146, -5.68149831, -6.29299391,
       -5.91649884, -6.15216425, -6.27181862, -5.4466    , -6.98620297,
       -7.04468638, -6.65628411, -6.03433175, -6.14910421, -6.19516827,
       -6.00766071, -5.88792678, -5.76598665, -5.71629699, -5.80474939,
       -5.91618465, -5.84618683, -5.89429712, -5.689941  , -5.44539653,
       -5.86643359, -5.73551461, -6.23793521, -5.8297    , -6.00403476,
       -6.46136651, -6.7889372 , -6.54585548, -6.07800121, -5.75383935,
       -5.79968742, -5.74695782, -5.75305485, -5.76885   , -6.02885   ,
       -6.03176962, -5.93661648, -5.77360219, -5.84036798, -5.70270959,
       -5.72739365, -6.197659  , -6.26445   , -5.91615727, -5.84895   ,
       -5.98022912, -5.5959    , -6.18545749, -6.09896648, -5.77399365,
       -6.11498482, -6.16832027, -5.7415967 , -6.11491543, -5.84145   ,
       -6.19849231, -6.13328437, -5.71899524, -5.87748167, -5.75807284,
       -6.43073579, -5.71665   , -5.61935485, -5.73151785, -5.90228124,
       -5.74370594, -5.29950959, -4.3431    , -5.05714396, -4.66773298,
       -4.992     , -4.29213923, -4.4053    , -3.6707    , -4.1775    ,
       -5.05931711, -5.38191087, -5.05860385, -4.51277215, -4.67729666,
       -5.17180959, -5.53370385, -5.84485868, -5.63154056, -5.31885   ,
       -5.31505   , -5.8408383 , -6.19230032, -5.36395309, -7.19462531,
       -6.88556188, -6.9225897 , -7.2658    , -6.8854    , -6.7014    ,
       -6.73987333, -6.83908847, -6.14229056, -7.2126103 , -5.78114293,
       -5.4521    , -7.24668607, -6.1277    , -7.3320691 , -7.28805757,
       -6.15551973, -6.72682297, -5.80308742, -7.1417897 , -6.64051728,
       -6.0135    , -6.5723    , -7.03935517, -6.5       , -7.17672719,
       -5.7319    , -6.48138935, -7.13286425, -6.07317055, -7.2242    ,
       -5.89463359, -6.35556123, -6.99437658, -5.92783745, -7.3905    ,
       -5.95882165, -6.995     , -7.4533    , -7.34305757, -6.65082601,
       -7.2840691 , -6.53576576, -6.45227788, -7.12695395, -7.0915243 ,
       -7.19790819, -7.19844902, -6.74474279, -6.60468511, -7.3665    ,
       -7.37279666, -6.89633909, -7.04885395, -7.311     , -7.09984727,
       -6.1508    , -6.28692476, -6.01386289, -6.35828935, -7.00832879,
       -6.12321356, -6.00858474, -5.63875   , -6.3691    , -6.15078607,
       -5.98450959, -6.36547538, -5.55135   , -6.3034    , -6.22255446,
       -6.06091741, -6.5298085 , -6.20083521, -5.96155155, -6.16064882,
       -6.4182    , -6.13617396, -6.3131108 , -6.064091  , -6.89777556,
       -6.54773317, -6.34594104, -6.33658493, -5.62956962, -5.4113    ,
       -5.79668742, -6.0301    , -6.2011    , -5.6149    , -6.5378967 ,
       -6.36101812, -6.59320718, -6.17168228, -5.91729939, -5.9026    ,
       -5.8578868 , -6.09730488, -6.7744    , -7.06529259, -6.75500819,
       -7.01952022, -6.43084659, -6.68833184, -6.86354673, -6.4487    ,
       -5.69522039, -6.10080335, -6.23497608, -6.24764365, -6.40991798,
       -6.30433347, -5.89775517, -6.09308537, -6.65942228, -7.14076576,
       -7.12387814, -7.01102921, -7.13624456, -7.10784563, -6.9109235 ,
       -6.10361627, -6.73451895, -5.7457759 , -5.99158491, -6.16420686,
       -6.35882054, -6.24810589, -7.10318628, -7.00438409, -5.99117076,
       -6.33897987, -5.09760102, -4.95831177, -6.13828742, -5.84704365,
       -5.93755   , -6.50711908]), array([-5.90374389, -6.74249559, -5.50179771, -5.38168244, -4.95860151,
       -5.5280397 , -6.58043872, -6.18714365, -5.64100959, -6.29448935,
       -4.9889    , -5.7021    , -5.32465959, -5.41825897, -5.22524666,
       -5.35633872, -6.7573103 , -6.63581812, -6.78036751, -6.15947608,
       -5.72660638, -6.63770768, -6.13470763, -5.66789787, -6.28733112,
       -5.8742825 , -6.14934495, -6.04602254, -5.46695309, -6.87791689,
       -7.06676417, -6.78452174, -5.8727    , -6.0384674 , -6.28148041,
       -6.01363083, -5.78070582, -5.72789044, -5.68720201, -5.71442607,
       -5.86179451, -5.8277    , -5.85109365, -5.64720643, -5.4488    ,
       -5.8516    , -5.74028742, -6.24145   , -5.86156962, -5.86834714,
       -6.44177992, -6.8179    , -6.44325581, -6.06346648, -6.00056107,
       -5.7471    , -5.73483359, -5.73965995, -5.79289365, -6.06402577,
       -5.89784624, -5.89614365, -5.69414801, -5.83339145, -5.64025   ,
       -5.75355132, -6.14396367, -6.05688904, -5.8796197 , -5.85774451,
       -5.99914365, -5.5379    , -6.2441401 , -6.09011798, -5.76594451,
       -6.0019281 , -5.95394551, -5.76581967, -5.97217965, -5.83556057,
       -6.15542293, -6.1381484 , -5.73414468, -5.77249939, -5.8294    ,
       -6.30000856, -5.76827577, -5.58265   , -5.70371057, -5.86660512,
       -5.71975485, -5.12007744, -4.5724    , -4.74685825, -4.81017293,
       -4.6007    , -4.18706881, -4.80655213, -3.92103538, -4.61434831,
       -5.01410625, -5.03621693, -5.00052027, -4.56364307, -4.72426881,
       -5.18880359, -5.60101327, -5.75687983, -5.3741    , -5.25712027,
       -5.2812    , -5.84891801, -6.26845932, -4.98605   , -7.19799965,
       -6.92751616, -7.16521515, -7.30797692, -7.02995757, -6.7353    ,
       -6.90121428, -6.95436962, -6.21045876, -7.2159897 , -5.78241057,
       -5.455     , -7.21807719, -6.05635581, -7.2761897 , -7.22886792,
       -5.9856904 , -6.65824867, -5.7786467 , -7.20463509, -6.69853909,
       -5.9982    , -6.4995    , -7.16874531, -6.4363409 , -7.18411486,
       -5.63591461, -6.56951486, -7.07313117, -6.18032757, -7.2125    ,
       -5.8509    , -6.27136369, -6.97928477, -5.81745323, -7.38274487,
       -5.79710409, -6.96215757, -7.3371206 , -7.3784    , -6.78813909,
       -7.25290485, -6.68108565, -6.40497284, -7.15221812, -7.1410691 ,
       -7.1354897 , -7.22584365, -6.70515273, -6.60388509, -7.09328272,
       -7.21522283, -6.87947569, -7.07765475, -7.2668206 , -7.0206691 ,
       -6.10476854, -6.15567577, -5.99161557, -6.31970922, -7.2312    ,
       -5.99053929, -5.80098239, -5.66      , -6.36178509, -5.92058935,
       -5.91944691, -6.24724475, -5.70145   , -6.56233388, -6.22436869,
       -6.06237009, -6.51955064, -6.17997822, -6.04552342, -6.07278593,
       -6.42910734, -6.16551079, -6.28131692, -6.05835782, -6.86944169,
       -6.5894    , -6.36103189, -6.34642711, -5.6644    , -5.5422    ,
       -5.7488    , -5.96375287, -6.14631715, -5.628     , -6.38050793,
       -6.23706962, -6.38845861, -6.15409806, -5.84911057, -5.7742    ,
       -5.8766    , -5.99965932, -6.70973359, -7.10731122, -6.65289666,
       -7.03978179, -6.33933697, -6.85353509, -6.81563388, -6.504     ,
       -5.73992577, -5.96768935, -6.15385   , -6.27343927, -6.37788192,
       -6.01494312, -5.95229899, -5.88918742, -6.77913624, -7.17101672,
       -7.08516492, -7.00486404, -7.04530413, -7.11216285, -6.94220489,
       -6.35178794, -6.64979743, -5.68160132, -5.94553582, -6.20721346,
       -6.3720641 , -6.39946607, -7.11620663, -7.03497288, -5.96968045,
       -6.37082233, -5.06452784, -4.93957915, -6.17907242, -5.89755   ,
       -5.99607295, -6.57581393]), array([-5.92069666, -6.62251069, -5.41983222, -5.28735723, -4.97708821,
       -5.494     , -6.6457    , -6.1219    , -5.65675184, -5.90120819,
       -5.418     , -5.5697    , -5.21514975, -5.08376067, -5.18670545,
       -5.27354735, -6.7356    , -6.4935897 , -6.79979637, -6.14238638,
       -5.64788965, -6.62566513, -6.08109666, -5.73736686, -6.41314013,
       -5.95644378, -6.24389547, -6.15189637, -5.4694    , -6.91827093,
       -6.8884251 , -6.63003237, -5.97036057, -6.06233094, -6.25526282,
       -5.95318386, -5.90152663, -5.75470446, -5.79438187, -5.706     ,
       -5.89775   , -5.87822216, -5.85630644, -5.7178    , -5.49005   ,
       -5.85349365, -5.71794451, -6.31599939, -5.86574486, -6.03891317,
       -6.36224841, -6.69404936, -6.49752086, -6.0799    , -5.82281123,
       -5.76243902, -5.7203    , -5.68304451, -5.79518359, -6.14667393,
       -5.95329939, -5.87852394, -5.72054544, -5.90725   , -5.66725   ,
       -5.75569416, -6.23237135, -6.2133    , -5.95410581, -5.84574365,
       -5.95543816, -5.6037    , -6.2207967 , -5.99491714, -5.73671185,
       -6.04942543, -6.02123974, -5.74725   , -6.0588    , -5.85189365,
       -6.29388514, -6.06750583, -5.69903909, -5.74512663, -5.83425   ,
       -6.36097094, -5.7308    , -5.5379    , -5.66535333, -5.81227577,
       -5.69329266, -5.30472644, -4.47175309, -4.81445515, -4.62311693,
       -4.6978    , -4.43053965, -4.67193178, -3.97689666, -4.52693522,
       -4.95847832, -5.43439426, -4.99899666, -4.5808    , -4.73299426,
       -5.05910078, -5.75706247, -5.72876906, -5.51947215, -5.2917    ,
       -5.3054    , -5.84787456, -6.18202257, -4.96206547, -7.19568411,
       -6.96643872, -7.11892668, -7.33323872, -6.91084902, -6.71913663,
       -6.87319151, -6.88693509, -6.07600922, -7.19305932, -5.6821    ,
       -5.58975   , -7.22634902, -6.12107608, -7.2853    , -7.26476714,
       -6.05260922, -6.46956513, -5.79575   , -7.17536518, -6.61492067,
       -6.15754867, -6.38187631, -7.03911714, -6.44690922, -7.08635757,
       -5.75165   , -6.57781704, -7.15918722, -6.13135956, -7.25198607,
       -5.73202242, -6.21938668, -6.76744184, -5.8909    , -7.33797577,
       -5.85588935, -6.85846812, -7.4419    , -7.4442897 , -6.66413501,
       -7.32465757, -6.53674858, -6.33853661, -7.15432479, -7.15977216,
       -7.12198237, -7.24098774, -6.660808  , -6.6161    , -7.10634727,
       -7.3570691 , -6.76862144, -6.95660782, -7.3941103 , -7.01580659,
       -6.07737059, -6.2428    , -5.9663258 , -6.44102844, -7.20554902,
       -6.01027277, -5.90184723, -5.692     , -6.29450796, -6.021191  ,
       -6.0362    , -6.24561812, -5.54145   , -6.38845922, -6.25230959,
       -6.04697173, -6.49240728, -6.13877608, -6.08647277, -6.13034091,
       -6.41600747, -6.16334766, -6.29820768, -6.08676163, -6.82388864,
       -6.56484719, -6.33756421, -6.37199666, -5.6725    , -5.41545   ,
       -5.7883    , -6.18858506, -6.1975    , -5.632241  , -6.45361679,
       -6.34079987, -6.37027421, -6.1691    , -5.89874224, -5.91625   ,
       -5.88267241, -6.0426    , -6.68151798, -7.02524257, -6.6382354 ,
       -7.01613768, -6.40700198, -6.74986874, -6.79576848, -6.42384458,
       -5.7937    , -6.05604451, -6.16810581, -6.35704178, -6.33242379,
       -6.42049654, -5.97853922, -6.05942871, -6.63030659, -7.16380223,
       -7.15226575, -6.99962539, -7.14773132, -7.07267195, -6.73962497,
       -6.38788483, -6.761853  , -5.73008212, -6.00930676, -6.24505972,
       -6.3537865 , -6.36092122, -7.09644555, -7.10142634, -5.93786618,
       -6.34787675, -5.12585544, -4.91291188, -5.9860467 , -5.88415   ,
       -6.09800121, -6.56496653])]","[-5.94773742 -6.68034107 -5.48309196 -5.31727824 -4.99146523 -5.58337614
 -6.63963961 -6.06820627 -5.76203494 -6.01271111 -5.29494655 -5.64789
 -5.23582288 -5.24050805 -5.24218914 -5.36790091 -6.68420818 -6.64558751
 -6.78236009 -6.07495729 -5.78498467 -6.66164281 -6.14703908 -5.68018774
 -6.32076043 -5.92518201 -6.14320743 -6.11817687 -5.45973062 -6.90937308
 -7.0206165  -6.73930708 -5.97030846 -6.09056475 -6.26801326 -6.01897454
 -5.85705169 -5.74883236 -5.75001594 -5.72783576 -5.89000119 -5.89857954
 -5.86603813 -5.69678057 -5.53829033 -5.85326789 -5.74091931 -6.27949971
 -5.87281813 -5.9959862  -6.41118604 -6.79771109 -6.53062511 -6.10078019
 -5.85652581 -5.78264343 -5.73379828 -5.73241651 -5.77448418 -6.04686881
 -5.98251072 -5.88405196 -5.72608204 -5.85608051 -5.67942206 -5.74327042
 -6.1869797  -6.23062007 -5.92388492 -5.87290197 -5.98317662 -5.58097211
 -6.20981607 -6.0886331  -5.75058316 -6.06739495 -6.04869593 -5.74217498
 -6.03939493 -5.81710222 -6.24260795 -6.10813577 -5.70676771 -5.8061263
 -5.82045457 -6.3818262  -5.71760763 -5.58298289 -5.68887952 -5.89604805
 -5.70737069 -5.30967334 -4.51771062 -4.88157318 -4.69577013 -4.93321721
 -4.32012887 -4.73224338 -3.94302574 -4.50820556 -5.03644693 -5.33832314
 -5.01573151 -4.6284419  -4.73934233 -5.15746279 -5.63696539 -5.75338783
 -5.49955688 -5.2854118  -5.29608467 -5.81141204 -6.23841002 -5.08409422
 -7.20409654 -6.92427546 -7.06289529 -7.32122832 -6.93056683 -6.71640849
 -6.83029443 -6.89138632 -6.15543726 -7.1994772  -5.75352667 -5.48855
 -7.22475976 -6.12838284 -7.28129273 -7.23936349 -6.06532737 -6.6017444
 -5.78371943 -7.20857725 -6.64629241 -6.03002857 -6.46168446 -7.1129788
 -6.45090872 -7.15391343 -5.74795292 -6.55284437 -7.09201986 -6.14070333
 -7.22756049 -5.82854067 -6.25059318 -6.9512629  -5.89019951 -7.36965962
 -5.86906183 -6.9370272  -7.42038132 -7.38358122 -6.72400386 -7.26340361
 -6.61848482 -6.38405341 -7.14997202 -7.10143066 -7.11734314 -7.19336687
 -6.72540541 -6.59419817 -7.16796188 -7.33533268 -6.83762446 -6.99240198
 -7.30209392 -7.01720947 -6.13193911 -6.23820479 -5.99890986 -6.36438113
 -7.13724806 -6.03995107 -5.90656027 -5.68315    -6.36993861 -6.07672329
 -6.02092834 -6.29221477 -5.56228672 -6.402692   -6.26194745 -6.07380061
 -6.56009936 -6.20702365 -6.00782686 -6.13981954 -6.444534   -6.15053769
 -6.31379772 -6.10216878 -6.8628974  -6.55197647 -6.36753918 -6.42020539
 -5.67292454 -5.4492     -5.77851946 -6.0463943  -6.18176451 -5.682612
 -6.48591115 -6.37523509 -6.47953965 -6.14539844 -5.89343034 -5.84021
 -5.90903131 -6.04554145 -6.72626487 -7.02128702 -6.66611514 -7.01781125
 -6.36005888 -6.76085952 -6.80532622 -6.47163435 -5.80648653 -6.02508826
 -6.18263424 -6.28678888 -6.39008782 -6.2827162  -5.9514309  -6.02295758
 -6.71541539 -7.20493402 -7.12247553 -7.02749234 -7.11763665 -7.10115768
 -6.91107644 -6.30458305 -6.73858376 -5.769797   -6.04935946 -6.21142111
 -6.36533909 -6.33777267 -7.11322731 -7.05302513 -5.94544718 -6.37448254
 -5.11904727 -4.97584929 -6.10593106 -5.89629875 -6.00769629 -6.52199514]","[0.10520836 0.04236867 0.03744244 0.04969637 0.0400531  0.06216677
 0.03185951 0.26535567 0.20418313 0.14321394 0.15617434 0.05898914
 0.05034182 0.11628005 0.05728228 0.06481551 0.0522861  0.11556969
 0.07702907 0.12763648 0.08802081 0.05805468 0.05383212 0.04124338
 0.09908204 0.03704068 0.11699044 0.09047428 0.00974467 0.04476033
 0.07560897 0.08074732 0.05711548 0.03988133 0.07352781 0.04298271
 0.04193778 0.05363347 0.04261233 0.0386357  0.03287657 0.06108467
 0.01508361 0.0271973  0.14957132 0.01145582 0.02196398 0.03819108
 0.02991685 0.06691938 0.04042343 0.05772414 0.05867135 0.03738887
 0.09890686 0.02357438 0.01335168 0.03604729 0.0201806  0.05755999
 0.05446787 0.05936175 0.04043413 0.04109066 0.02388473 0.01504038
 0.084876   0.09385418 0.04592995 0.03463106 0.025162   0.0532648
 0.03864222 0.05847528 0.01670609 0.05905834 0.07412064 0.01804393
 0.04953151 0.05354223 0.05728552 0.03102059 0.0207677  0.04620359
 0.03159502 0.05437258 0.03118855 0.02688089 0.02929734 0.05346848
 0.03609162 0.1397289  0.12982836 0.11541461 0.06433553 0.28533318
 0.09218201 0.19676892 0.18901776 0.17922589 0.04839345 0.1526435
 0.03668184 0.13877923 0.06490665 0.04950167 0.07595976 0.04851787
 0.08693812 0.02482307 0.05232656 0.05912191 0.05390819 0.16700375
 0.01552852 0.0285405  0.08450443 0.03754804 0.05081943 0.0111706
 0.07527416 0.05500308 0.04800181 0.02168277 0.03695104 0.05189985
 0.0192972  0.04175832 0.02776899 0.05317207 0.06106172 0.08663774
 0.03370792 0.04706844 0.03076393 0.06437589 0.07098268 0.06150791
 0.0739275  0.03524799 0.07209677 0.03724923 0.05703826 0.0493656
 0.02264876 0.05997156 0.05891415 0.09377468 0.04441747 0.02361417
 0.05688386 0.04598907 0.04941245 0.03428482 0.07549482 0.0395355
 0.06754377 0.05255521 0.01382702 0.05280641 0.07935459 0.03737459
 0.03773908 0.02743428 0.10363407 0.06722585 0.04936014 0.06284293
 0.0512795  0.0515182  0.05874864 0.04467986 0.01962358 0.04096926
 0.08072025 0.04697912 0.07487282 0.03139417 0.04569292 0.09400786
 0.06226036 0.05003933 0.07372647 0.09147248 0.03691839 0.04537344
 0.06082056 0.04849684 0.04946823 0.04441785 0.04656934 0.01886701
 0.02983277 0.05813992 0.05368383 0.05036716 0.02488261 0.08561724
 0.02640768 0.04843975 0.03929248 0.07530145 0.02869223 0.09497399
 0.06140027 0.10108098 0.08641945 0.04318236 0.02447821 0.07706538
 0.05898129 0.03491396 0.04602682 0.07662243 0.05471888 0.01237051
 0.05811104 0.05316046 0.06183461 0.03031534 0.11385721 0.04769642
 0.03570355 0.05953344 0.0337665  0.14149637 0.02871317 0.07015277
 0.05951172 0.06083273 0.02144882 0.03604615 0.0417009  0.01468354
 0.0982824  0.10341992 0.05915236 0.0701422  0.08505756 0.03785626
 0.00813707 0.05237551 0.01596676 0.03228347 0.04088887 0.05274364
 0.11192551 0.07319264 0.06731623 0.03231977 0.05155234 0.04082067]"
7,LinearRegression,"[-4.00563778849363, -6.456511726945572, -8.254900554173606, -5.099986442723081, -7.087203862564398, -6.1225893047990265, -5.1466827284838095, -6.20795292432443, -7.248255032331811, -7.305636776637132, -5.33375159166714, -4.527036721027505, -5.415752014168609, -3.4, -6.885282639488594, -7.8571794114328855, -5.728737610523081, -6.016269255790304, -5.455633410244418, -6.146405021607992, -6.539170932608804, -6.447931131952055, -7.1837622319329935, -7.361788965828396, -7.486536110519871, -6.201059972107963, -6.442454893271333, -5.6978580692424305, -6.427905663990873, -6.887899093860686, -5.639472465193518, -7.730120110081349, -6.291760677025295, -4.317132222209146, -7.415141168430479, -5.745551227366825, -6.374898827783451, -6.300001619766616, -5.738412989221211, -5.969388180778812, -5.677740213530623, -5.118257794468238, -5.6061892887315965, -5.937280364120917, -6.863829243139256, -5.7966445815248955, -7.672735597415806, -5.776912761028733, -5.898596822729411, -5.536566168299101, -5.168711297277372, -5.414094476988463, -5.228080402121221, -6.450395395716713, -4.227180276427819, -5.524882114092533, -5.486730669298258, -5.338609719950143, -6.907882735893395, -4.83134695669092, -4.78130504425866, -6.125020338236486, -6.03325339583284, -5.270390579992307, -3.522517232628577, -5.4371258788947525, -5.873636792893033, -6.486797766449594, -6.47305875735935, -5.632989123209087, -6.669033442910951, -5.259624513454159, -5.510064190232093, -4.541036428994205, -6.181859963313033, -5.884812005723173, -6.372373306439095, -3.562449726226975, -5.761783740096218, -3.540196859483103, -4.325881983779284, -4.89049422743526, -5.584333897928409, -4.26344483075692, -6.387401569779155, -7.0096286441537945, -5.661620448972597, -5.12732425301018, -8.820370823295567, -6.297530560259791, -6.949636326109948, -3.4, -5.453929170511578, -3.9629280507736424, -4.094392094516627, -6.818292036746974, -6.26652439381289, -7.29711247104042, -7.305169331273965, -6.390449563196065, -7.446053731974917, -5.793250343988302, -5.761986848630344, -5.734444458352151, -6.999555953040206, -6.550998281207622, -6.576757189293076, -6.380662742214755, -7.559912436405249, -7.2126077530038035, -6.226114304907264, -7.268747174474763, -6.866733622360266, -6.429186195274638, -7.289405430226375, -7.5837349425805725, -6.019310598702653, -7.461992909939274, -7.204013066333514, -5.703886674702636, -5.969060594095435, -6.961416722612258, -8.776501166531077, -8.102930817625818, -7.72421358688894, -6.660706426601106, -7.661290952891397, -6.7253835214115805, -6.6589095789460195, -5.806938510311554, -8.975960100947106, -6.006837230086396, -7.782652787384207, -6.365997614976216, -6.929851845944676, -6.397372541761546, -7.220516059108544, -8.025550172852807, -6.828535850221847, -5.784568550846271, -7.453233326958648, -6.215496832692792, -8.59641845511996, -5.702062433814825, -6.753803910753163, -6.9396832817294705, -6.72243676224045, -5.611124080168629, -6.687776261640451, -6.198400083542702, -5.376024398124593, -6.81560289833912, -5.402293120784526, -6.207118874109669, -6.237627044148338, -5.580785334841247, -5.422521991446034, -8.855944470207284, -6.78086161365604, -6.050539341785889, -7.436503807707223, -5.74120395896405, -5.014724212790339, -5.900812342399782, -6.110753592069665, -6.002191057741295, -6.339826301902509, -6.958511629464994, -5.5114693298751085, -7.096209447831676, -6.342923889712162, -5.434014395764942, -4.773490897805683, -9.514058132780804, -6.132634353149548, -6.5975148914785855, -7.0765490006997, -6.965761962877391, -6.452104440907204, -6.292104823899455, -6.377546727249357, -6.976183919901908, -6.111076826900553, -6.425118398390337, -5.991337120788628, -7.7968919144810584, -7.35529806495552, -8.237222071855733, -4.430554430504671, -8.593490811585632, -6.26685838126933, -6.709456876814216, -5.619840342919553, -7.008018200837425, -5.720829126416951, -6.0611338936849295, -5.022547928408536, -6.109814105731268, -6.465222590877826, -6.64571760358656, -6.266437715966663, -7.399909396023359, -6.108407162495587, -7.9816598712640126, -4.579400259516492, -3.4, -5.454147400957767, -5.409604845635328, -6.464798742300581, -7.50524332404027, -10.0, -8.818118352703266, -6.486091824483075, -6.417380174542311, -6.010580560869599, -4.441927433684614, -8.956360595054182, -5.9009338548035934, -7.771031394460744, -7.8737875917783935, -8.220706718839633, -6.556905844243661, -7.484500359961918, -6.410665311451195, -8.938699530345772, -9.485454021796926, -7.060172294073, -5.970731293180444, -6.8596638867195185, -8.546517850122243, -6.400741355160152, -7.3232952585702575, -5.548161962869048, -4.29056778966477, -4.333187678391934, -6.056239708000741, -4.729642181247364, -6.035742051458537, -5.419873048998851, -7.392732349629011, -4.387525507906608, -5.8120763864219915, -7.680434483448637, -6.0031039379868, -6.146904038694589, -5.8718080083296496, -5.955532454060426, -6.44673691076863, -8.005136946952948, -6.686864856534431, -6.514841501220486, -4.647211187244864, -5.889907907590511, -3.4, -5.424857335759702, -6.600945411446528, -5.898641752870731, -5.479146847779285, -4.28078931533218, -6.74982370243284, -8.330328041742463, -7.352080067861535, -5.986179473816195, -5.857343695558521, -4.063238370127187, -5.286606161444648, -7.51207210979306, -5.0006454432446725, -7.715562573300262, -6.693975258131844, -5.304573130507374, -5.895389246078945, -3.4, -6.284736219869809, -6.940839904747226, -3.4, -6.250168756712402, -6.687560474060431, -4.687612474012091, -4.854967031771911, -6.307323230485707, -4.477196835293884, -9.74874233883266, -5.73630321769261, -4.906499962807478, -4.970135721683732, -5.6348267339926155, -4.684347521745153, -6.678996839417805, -3.4, -6.5084877304574436, -9.073554597687918, -7.617768015293523, -8.139917864734063, -6.963272161687595, -5.020488564116673, -6.079219222078866, -5.982971884281042, -8.049123467920307, -6.42415845548503, -6.1968924175602185, -7.617863879772288, -6.47435602517837, -8.934984730834397, -4.801312986576347, -5.862125991285845, -6.978695344101855, -8.109511894406701, -5.868412270987096, -8.088813516375234, -7.325197832223528, -6.56891001395921, -6.808134829109006, -7.100420503575924, -7.4341654903105905, -8.462293855350227, -6.215871998503843, -5.006198009001022, -7.818445175431155, -6.819592915976623, -8.927158226711263, -6.225245004281988, -5.817794335943743, -7.407084098435507, -6.539674657877231, -7.069716287442219, -8.220562336618869, -5.91639049202754, -6.460433031877416, -7.6272791424395265, -6.499868601532363, -7.518416026737352, -6.73316256931602, -7.385464641760756, -10.0, -7.0131480672685536, -6.733716492385961, -5.790085918838222, -7.18247198950065, -6.952777919298868, -7.450089385693674, -6.455669956562209, -6.839188850053139, -7.833581303117887, -7.000544385378807, -7.866039053804334, -6.528072170449184, -6.612415165874947, -7.217027742898718, -6.49527102299908, -6.632918908977654, -6.03538737351165, -6.592517853855925, -4.354184033173637, -4.623362060003044, -5.726695268876655, -5.543820047712606, -8.201161284368219, -6.3000913737238875, -6.04418039720284, -5.856670341564351, -4.540160006040543, -8.733879193849432, -4.562139584650016, -5.774993423731514, -7.447943421176532, -5.417886393312323, -6.057881908034219, -6.563104327299128, -5.617743519306219, -7.066436767023093, -6.393686551715816, -8.031214678934804, -8.441332606185481, -6.375592313964054, -5.310003427333299, -7.303656756974814, -4.5843918779991, -7.033488112216386, -5.181769506931843, -4.0156975382533915, -3.967580667878096, -6.339453076962881, -3.8215136299282912, -4.342064728020274, -5.771552750296535, -6.70549027427862, -4.392059599911422, -7.986006157379593, -5.5901622902999994, -5.650025430220428, -6.288851658682941, -5.285489792791271, -5.031515785497652, -5.103416475799628, -5.477462898140487, -5.478385527251563, -5.5034824919410035, -5.322049624132944, -5.388684663199871, -7.251014405226753, -6.673703402338537, -6.729616894513155, -5.501208054548547, -4.47383875228004, -5.781398832769786, -8.219088735933402, -5.8003625351806, -5.373113387454437, -4.656340209515739, -6.116306307650107, -5.817303839702442, -4.898942608714159, -6.421622993498557, -3.576659060223575, -6.482513225087349, -6.584741473368037, -5.186513934140262, -8.142402997659152, -5.435181808924006, -6.624074153536864, -3.4, -10.0, -3.4, -7.421691967794877, -7.033529414747342, -9.190440486604071, -7.863281654306363, -8.821526851916978, -5.388007019339897, -3.4, -4.336371111109798, -4.961189823872388, -4.621896161793013, -3.4, -5.014095066306751, -5.612372668201818, -4.862274096372543, -5.993767797738124, -4.233596911250573, -4.458285234839457, -4.278298307578872, -7.597804139944293, -6.245321484786123, -5.722297718985761, -5.920134712815336, -6.413252042028033, -7.120550788652291, -9.241163536062928, -7.357805018736239, -4.880061055803742, -5.406758730727735, -5.2283020593302565, -5.8306976570652385, -6.466776739216423, -5.51325902847079, -6.59737970872507, -7.501347572016941, -5.989136597397282, -4.940782148482577, -6.399065725244269, -5.098426975576168, -4.928815931342481, -3.4, -5.352541929535665, -5.049313132034793, -8.188328875962085, -3.9648259445311456, -3.777577773991308, -4.805529678983479, -5.0892472381223275, -5.501356351047592, -6.205182374997064, -6.511219363068789, -5.698426886784673, -5.220278688325627, -6.390629400439796, -8.679742531947653, -6.441891244379532, -5.927349403284804, -7.787997889012315, -5.41309252985465, -5.409317296328814, -7.527139602615593, -6.661579461414074, -6.407997887163668, -5.576752671575001, -4.110167827059648, -4.7597641984736505, -4.269230730691348, -5.703028431028081, -3.4, -3.4, -7.091495814329148, -3.4, -4.37677050145364, -7.598452051112542, -4.344348832728728, -6.641253485460134, -3.724297920967909, -4.167681572619026, -6.1325128615996025, -9.050622715822197, -5.433746981630816, -8.348976710597928, -6.7231634389706, -6.802766296067804, -6.816985719882904, -6.872442683190365, -8.931609096606259, -7.2455397579358, -4.959829945268576, -6.078460115007093, -9.075365393985585, -5.822262051792688, -6.488612637888038, -7.360486190255701, -4.363033847147588, -6.253697104730278, -9.188338607790623, -6.4146810041038815, -6.572530961304598, -6.404224894318804, -6.5390589965720745, -6.022911893167729, -6.8642723440159275, -7.656467240177614, -6.914403908853328, -8.187246688709102, -7.507242455513116, -6.200941874049408, -6.177019402340624, -5.910384890959639, -6.922304095685009, -5.163220835517972, -5.360459144819915, -6.749195665894309, -5.806403484659883, -4.8169302370031595, -5.527780693369112, -4.411574797467507, -7.508946980702778, -4.989984064705907, -8.737004693624147, -6.863546237606717, -8.451395226808826, -7.829401365515879, -6.66316779560745, -4.831932455406236, -6.024108093618678, -5.693138833205441, -7.207509604744221, -5.817938354101782, -7.493191700371179, -4.561822752169538, -6.771687726461, -4.583325531460082, -5.937182997440082, -6.570195470917097, -7.867434887075792, -7.178322068540924, -7.823388645448444, -6.824468394411552, -5.491381866956776, -6.311379493062623, -6.09289666472812, -7.447265237239388, -3.4, -5.652030770633757, -4.507344994334857, -6.09895891907832, -4.7448160020644465, -6.378588519644083, -7.77647596167833, -6.540796434281982, -6.944939393307154, -6.515254614590505, -6.441959406039925, -7.658230780466588, -8.319444466345404, -8.872686828169183, -8.725567148763965, -4.492802691268229, -4.367682970703844, -5.875298602814322, -8.474053371652225, -7.804250307877405, -7.18043922473516, -7.916576833003397, -5.2103077117997385, -4.948883936527969, -7.896977844027935, -7.40250928483241, -5.374298340199375, -9.267237957712975, -5.704017658404322, -6.02894163590173, -6.346609558259868, -6.453655125125239, -7.175402885823982, -10.0, -5.615527173454306, -3.926427424120994, -5.816357133531919, -10.0, -3.817011330164404, -4.436500306929748, -6.134317228531199, -4.074780518823518, -6.681185884846146, -5.430299361061066, -5.301957538294448, -3.988857426302046, -3.848219818634484, -7.65349676863979, -5.562223704573566, -6.638891413220524, -4.5200916592875515, -6.142779743206793, -8.15774227230581, -3.4, -3.472749796368419, -5.186177246209075, -3.8838603234367732, -5.451640384527042, -5.924249237467409, -7.098815796214406, -6.84859470405974, -8.694795720382281, -7.189895274071942, -5.306573520503636, -5.982679974646399, -5.769420747543645, -5.942346243258261, -6.621046062672068, -4.846519707017013, -8.846114767864496, -6.065837220315683, -7.075915355432644, -4.531254479029895, -5.918824787365485, -5.977187965671667, -6.302639231082654, -5.987630596723027, -6.387884648988103, -6.05581678797239, -7.502671771373247, -7.321813581694129, -6.306537498059253, -4.548972380673359, -5.535366889202933, -6.052270792850814, -7.102610836915196, -5.6516439519675155, -4.778676855670987, -6.883148331124648, -5.7029102223139665, -6.252205679130979, -6.510394118955165, -5.422517983623701, -3.495661486808484, -6.083022263512547, -6.780283340137274, -6.586286048535385, -7.277468273303298, -8.325905652109928, -5.787647566849677, -5.9694195054759875, -5.530746076511028, -6.200658899564524, -4.69531273703728, -5.439000432383258, -4.297478681708634, -3.4, -3.4, -3.4, -5.912715344446001, -4.790055348719263, -5.217224850402401, -3.8209292124598275, -5.218009798394201, -3.7478661094801833, -6.207518746038912, -4.979359110936173, -4.488602260967946, -4.19507338595535, -5.25471276771725, -7.6105675778868065, -4.163030602497445, -6.249395735364169, -6.644401356311076, -4.734014668732357, -5.98992203471633, -5.833527640467962, -6.352559646298682, -7.042359022764801, -7.304909490399941, -8.262761416300249, -5.608816005235094, -6.999754040481348, -7.102204491801195, -7.509271740738193, -6.52823707911645, -7.351608998801712, -5.369636325713892, -6.672536365207237, -6.444845279789259, -5.854110454356144, -7.050330943375634, -7.381420809537278, -5.832325120605856, -6.556666992236393, -7.038933659572707, -5.074680355251926, -5.706501898805774, -7.1653620953276365, -6.7433752935788425, -6.642828066405762, -7.5841148017904185, -6.382610299931151, -6.707344225251271, -6.922966360789637, -6.87786989636247, -6.929170167253192, -7.185212509752122, -6.652675036318428, -5.395581388018115, -7.265943864911762, -6.697404312643124, -6.861588273898855, -8.376988170678452, -7.725322988153921, -6.18174348405431, -7.764219322882988, -7.320626550371614, -8.534726948580454, -7.450416972296542, -6.1219141552712415, -5.8359482702134855, -5.760395530352385, -5.40328732202879, -6.291448600771873, -7.687318823339435, -6.637612258120883, -4.894364401961052, -7.5024786256950255, -6.297115809097504, -5.274460306159714, -7.785503719496443, -8.124950734814984, -6.250453558610573, -5.726895952265161, -5.676811164802176, -5.7343724860678265, -6.149101764321733, -5.432015492026311, -4.8448398774482895, -5.619075971929829, -5.684935176916935, -6.6812039067725495, -7.332134018004206, -4.907804282124442, -4.937729250382132, -5.288323587288993, -4.563162151973652, -6.500766202732535, -4.444240506432376, -6.257243084729853, -6.741154447454622, -6.533101922613291, -6.035254521406509, -5.517349528356559, -5.284653402988442, -6.991162291087261, -5.997957860334359, -8.57747190245702, -7.659048801723971, -6.735504569577837, -7.4834723276068935, -5.840953239083847, -8.00728504973842, -8.313895281982703, -6.641280885315923, -9.25101998894217, -5.448107658343809, -6.410592120647561, -6.289405228900663, -6.593594972473168, -7.46824038589825, -8.432475959125044, -5.454527788852594, -4.936808224351219, -6.106872499837559, -6.369293742458684, -6.675781218943789, -6.751737733376674, -7.557156752141561, -7.01966235872194, -6.0292266602287405, -4.3819685699818445, -6.921018808269668, -6.6557385777796245, -6.065247030929394, -8.610337962810892, -4.907267841724246, -6.036990483552354, -5.628531653377745, -5.506029575340046, -6.175455153313694, -6.7405582925969485, -4.738248824293187, -5.453571143555062, -4.989441711213987, -5.492940058173579, -8.596049372822137, -6.635901052716561, -6.579339598749074, -7.662237263940192, -5.702108113375844, -4.511348022456827, -4.804999504791257, -8.114425688485987, -8.993707762121833, -5.19408754608292, -10.0, -8.157956006645112, -5.70792907877295, -6.925340144254824, -7.50267042261208, -7.987142794759383, -4.718813666752061, -7.378986877911505, -6.757758112916909, -5.767952419023153, -6.594389656618638, -4.444483493870113, -5.263130622548458, -4.930639331308118, -7.395441883604422, -8.078470770066371, -6.659400803418598, -7.539124488599352, -6.030875113502886, -5.8233920468978475, -6.254573331389937, -6.247741384596758, -5.15890780408552, -3.4, -3.4, -6.151847563506966, -5.885884416206575, -6.572387705066866, -5.90062034258241, -6.937563585022628, -6.0350787619690704, -5.3284405646864395, -7.299294952303983, -6.407183800390995, -4.9128635110632, -5.289863478722514, -5.098579324362577, -6.087305726806755, -6.253368631490412, -6.5209796137194065, -5.693451642596592, -7.055365526447405, -7.360203003758859, -7.70810831728961, -4.625370570774544, -5.567086794408893, -6.723021454131824, -6.163285258779223, -5.193637640638175, -4.0658076817454365, -4.307857198571297, -6.1234537934768, -4.044115773007968, -5.092190875675699, -7.142289538160992, -3.599364571219971, -3.4, -5.584602690598977, -4.32089595076894, -6.104240099292235, -4.557035384719677, -5.946103593052637, -3.9400161638064195, -6.157471764065612, -6.48140049330344, -6.282417189098694, -5.175108304865235, -6.560888557109262, -3.4, -3.4, -3.4, -6.656892172504426, -7.386776127461954, -5.411158758560272, -6.346813418888437, -7.55293764480186, -5.027758790644404, -6.150308773418043, -5.160657622381962, -6.581805137944143, -7.263022123680322, -6.516916911802749, -6.781634850629124, -7.3152166396965566, -5.112881872583803, -6.31137044102191, -7.525658940006456, -7.3982291250298635, -5.826748276551611, -6.483541388569964, -8.35881267068958, -5.974886994539859, -5.860457085634476, -6.253016857208364, -7.085219208498534, -7.06500885313366, -4.654109135903007, -6.372833865731351, -5.579632201405253, -6.085843319733365, -6.272211887863463, -6.308661131211793, -7.553380098467159, -7.019286313716159, -5.609438508591749, -7.316889146212283, -7.1022989337522375, -6.959867222165415, -6.946768567540027, -7.145788472514226, -5.3395499664349835, -6.251690601456129, -7.730112158920868, -9.183151364195806, -7.691742117109408, -7.482120426313026, -7.146247455660502, -7.4078872034520575, -5.264224724872495, -4.830956596612829, -7.478156788845855, -8.023177322808689, -7.901334451309276, -7.390370973903184, -7.486433365178256, -7.244027719132535, -5.81347470370511, -6.919909893546053, -6.508331679599096, -5.450589779669225, -5.461946358187927, -5.5659190037732635, -4.646567578213354, -3.908230877338903, -6.28273231042426, -6.891818081404519, -8.260427871321614, -5.0291938875038635, -7.565814412054936, -7.640461827417097, -6.267855286255357, -4.939850332103161, -6.364119753394312, -6.028896477726504, -7.246211326524952, -8.806122287598196, -7.4360471121759835, -5.654999083690456, -7.264603793449748, -5.953959701128853, -8.236069666531973, -6.1245462267992155, -5.84085458305368, -8.0564856861611, -8.025283407421796, -7.39403760715463, -6.512463307653973, -7.759690410488303, -6.2310725277572905, -5.6539128520905795, -6.6804134049973705, -8.7514353354951, -6.518017210158863, -9.59707659345786, -4.1391093101839775, -3.406284447388993, -4.555028349416692, -3.4, -6.802936019389054, -9.459659667241644, -6.698519023961604, -6.408327165194361, -6.323176103071525, -5.632165773880124, -4.868652503391533, -5.216012174193362, -5.320949406250275, -5.825130476744228, -5.784393893746254, -5.690875257180288, -5.223781419287062, -6.435162632880729, -6.300204598325481]","0     -6.440000
1     -6.400000
2     -5.660000
3     -6.700000
4     -4.670000
         ...   
247   -4.844664
248   -5.800000
249   -5.960000
250   -5.520000
251   -5.740000
Name: Permeability, Length: 252, dtype: float64","[array([ -7.1788619 ,  -5.22320253,  -3.64157437,  -4.73648101,
        -3.74254209,  -5.58529959,  -6.92492521,  -7.04257776,
        -5.81148387,  -5.41907616,  -5.35773024,  -5.17498961,
        -5.40651891,  -4.78824122,  -4.39319298,  -4.70192135,
        -6.66057456,  -7.52127835,  -6.41430691,  -5.70919627,
        -3.4       ,  -7.18186962,  -5.2907673 ,  -6.15527055,
        -8.99922049,  -9.26976708,  -6.71584442,  -5.72219513,
        -5.18920402,  -5.41908214,  -7.14991972,  -5.34950119,
        -6.18419375,  -7.23932607,  -5.75666104,  -5.82360131,
        -4.5215758 ,  -4.5162136 ,  -5.1487019 ,  -5.76200517,
        -6.32160669,  -6.66343527,  -6.58216225,  -5.45900585,
        -5.28962821,  -5.68327438,  -5.38513595,  -5.22268491,
        -5.76487058,  -5.47464731,  -4.92937299,  -6.81162296,
        -5.1927672 ,  -6.06801246,  -5.520867  ,  -5.50660924,
        -5.696833  ,  -4.61558773,  -6.43078487,  -5.87649729,
        -6.20518007,  -5.60716818,  -3.71811228,  -5.51294925,
        -5.34570834,  -6.40044614,  -5.51259404,  -4.42868921,
        -6.11326746,  -5.47026939,  -5.28394425,  -5.50048274,
        -6.03847974,  -5.91302222,  -4.90064099,  -4.87550003,
        -4.83405522,  -6.93927837,  -5.46507034,  -3.58685034,
        -5.60693821,  -6.46777012,  -4.97779083,  -5.74301257,
        -5.59495157,  -4.91719922,  -6.43205046,  -5.07730892,
        -4.99259551,  -7.49739028,  -6.69953218,  -5.34338401,
        -3.87496264,  -3.4       ,  -3.4       ,  -5.43116021,
        -4.0355854 ,  -7.41719918,  -6.07691131,  -7.35214187,
        -4.63017546,  -6.57740815,  -4.15575436,  -4.5302968 ,
        -5.7466078 ,  -5.85636073,  -3.47572844,  -5.16277654,
        -5.92992025,  -5.18194125,  -4.629791  ,  -5.29230137,
        -7.81074069,  -4.56564461,  -7.74604647,  -6.96254495,
        -7.68771845,  -7.62240451,  -8.07008674,  -6.42103278,
        -6.9357483 ,  -6.34749042,  -5.80005438,  -6.75241499,
        -6.11132441,  -5.1965755 ,  -7.24975915,  -5.74643592,
        -7.39620303,  -6.42514673,  -6.52460711,  -6.62641087,
        -6.66256077,  -7.07147594,  -6.68689961,  -5.58966472,
        -5.67308048,  -6.93179619,  -5.57328011,  -7.09579665,
        -6.4019383 ,  -6.92017821,  -7.02548579,  -6.13734299,
        -6.27768952,  -5.78160146,  -6.02595118,  -6.85721206,
        -5.86908644,  -8.78017719,  -6.49642703,  -6.62793403,
        -7.97734266,  -8.2398987 ,  -6.20358494,  -6.7229504 ,
        -6.32816587,  -6.85697753,  -6.38769797,  -7.21038126,
        -7.46932658,  -8.55098917,  -6.55703628,  -7.10425   ,
        -8.3777397 ,  -7.17309873,  -8.27273972,  -6.58764467,
        -6.65318596,  -6.42972228,  -5.60267532,  -7.0825139 ,
        -6.52715265,  -6.91407762,  -6.69909283,  -6.04410745,
        -5.81283186,  -5.24597967,  -6.9452238 ,  -5.92878531,
        -5.54239736,  -6.78186204,  -5.23934863,  -5.4506181 ,
        -7.05649725,  -6.16761678,  -5.27915331,  -6.66569155,
        -4.55948498,  -4.47289216,  -6.42448594,  -5.04017565,
        -6.40130506,  -5.75597975,  -7.07314893,  -5.26068397,
        -5.4559804 ,  -7.71783188,  -3.78761788,  -5.00720472,
        -6.6419637 ,  -5.84961214,  -5.91798315,  -5.46865991,
        -5.88837832,  -5.64523413,  -5.7696037 ,  -6.81573378,
        -5.75838381,  -6.89310321,  -5.7271641 ,  -6.51391297,
        -7.52701181,  -7.43181119,  -5.67903543,  -7.44502268,
        -5.51949625,  -7.41481918,  -6.20152648,  -6.7737865 ,
        -5.70889706,  -5.18899368,  -5.78031787,  -7.9071531 ,
        -7.54926235,  -6.44991626,  -5.15985004,  -8.53396917,
       -10.        ,  -6.9572104 ,  -6.63905804,  -5.99577576,
        -7.86636393,  -7.01081319,  -6.05436498,  -5.9572731 ,
        -6.64753476,  -5.1256695 ,  -5.99010411,  -6.88018687,
        -6.85220174,  -7.11154807,  -8.00279096,  -6.07575717,
        -5.91549223,  -7.33724984,  -4.184734  ,  -4.26819933,
        -6.35760659,  -6.35282466,  -5.73444348,  -4.69263508]), array([-10.        ,  -4.35728153,  -5.65740276,  -6.09008068,
        -3.4       ,  -5.79906044,  -6.96005055,  -6.186465  ,
        -7.04234371,  -6.35905277,  -4.30510766,  -4.82320305,
        -5.74877604,  -5.76797482,  -5.55780562,  -4.76508876,
        -7.38169385,  -6.7528961 ,  -8.43112695,  -3.69335749,
        -4.11452876,  -3.4       ,  -8.57711243,  -5.23290586,
        -8.20596012,  -7.66696918,  -9.52756424,  -8.5693002 ,
        -5.35343089,  -6.9640425 ,  -7.89594686,  -6.1638951 ,
        -7.28651612,  -7.28636629,  -6.85528681,  -6.2095663 ,
        -3.4       ,  -3.4       ,  -3.72874832,  -5.4447962 ,
        -5.05793063,  -8.11919034,  -6.64265989,  -4.41686035,
        -4.80377011,  -6.46812129,  -5.83465622,  -4.24040016,
        -5.18715492,  -5.53511651,  -7.35825754,  -5.77299316,
        -8.64866165,  -5.57180777,  -6.34752889,  -5.82511551,
        -5.71045893,  -4.9112467 ,  -6.30407228,  -6.97987395,
        -6.00550555,  -4.76115907,  -8.51343705,  -6.16920951,
        -7.77298403,  -5.58022363,  -7.49172333,  -3.4       ,
        -4.39097965,  -5.7722815 ,  -6.41777664,  -6.34941949,
        -7.77193189,  -9.51169822,  -7.52150967,  -7.87920906,
        -3.4       ,  -6.8850286 ,  -5.45307669,  -5.9102018 ,
        -6.95723832,  -4.34065694,  -3.77287918,  -6.31320136,
        -5.48558431,  -4.57576709,  -5.95882713,  -5.79271038,
        -4.67303571,  -6.5897427 ,  -5.27433649,  -8.25111391,
        -4.65320675,  -5.84597247,  -7.58406089,  -4.32016038,
        -3.4       ,  -6.92826528,  -5.71346741,  -4.96439903,
        -5.13877188,  -5.72831047,  -4.40395642,  -4.47378477,
        -6.89659945,  -5.72662825,  -6.39329857,  -4.29693036,
        -6.65399145,  -5.8727329 ,  -6.4943745 ,  -7.01875428,
        -9.71971184,  -3.4       ,  -7.38933151,  -7.62595304,
        -7.03210861,  -8.58623031,  -6.08222296,  -5.97726187,
        -7.18989877,  -7.33401138,  -5.89781502,  -7.2612128 ,
        -6.46211871,  -5.89050783,  -5.81945271,  -4.99800094,
        -7.38892834,  -5.81470223,  -7.44393408,  -6.72699617,
        -6.98896756,  -6.37324202,  -7.0980025 ,  -5.99008062,
        -7.21999118,  -8.18537668,  -5.71076584,  -7.35236501,
        -6.23909846,  -6.60996038,  -8.10706307,  -5.79072967,
        -6.1363788 ,  -5.94901532,  -5.95052866,  -9.3164206 ,
        -6.46501211,  -7.14405231,  -6.32955224,  -6.03617116,
        -8.72511548,  -7.131861  ,  -5.0584375 ,  -9.26505334,
        -6.65637987,  -7.46445964,  -5.12650785,  -7.86043856,
        -6.31040911,  -8.19719252,  -3.83091797,  -7.94853239,
        -9.20141382,  -5.17467491,  -5.8957377 ,  -5.09109107,
        -5.61987932, -10.        ,  -7.05542469,  -9.15535094,
        -5.6742915 ,  -5.04016053,  -7.11349415,  -5.74928508,
        -7.09553848,  -5.7832611 ,  -6.30795901,  -4.57252953,
        -6.19528553,  -6.56583931,  -5.25321639,  -5.56071777,
        -6.68444582,  -6.01239053,  -8.18463713,  -6.74493119,
        -9.67046363,  -7.24288347,  -6.006308  ,  -6.75253885,
        -6.64443113,  -6.932824  ,  -5.65895958,  -4.24482437,
        -6.34065084,  -4.85115038,  -4.20403508,  -5.77893526,
        -6.51645893,  -5.69279495,  -6.05399149,  -5.24907339,
        -6.28390751,  -5.1486725 ,  -4.8622321 ,  -7.03570718,
        -5.44514649,  -6.14735937,  -7.2967851 ,  -5.48201456,
        -7.92579174,  -6.3092844 ,  -7.59699143,  -6.80931293,
        -6.0633156 ,  -7.12309643,  -6.76667416,  -7.97918505,
        -5.20000026,  -7.69652667,  -6.96178232,  -7.88996762,
        -8.09395958,  -6.85558094,  -4.99401003,  -3.4       ,
       -10.        ,  -4.49681551,  -6.63011236,  -5.49182441,
        -6.80348709,  -6.26350955,  -5.55248397,  -5.51885526,
        -8.80694601,  -4.96506908,  -6.56802479,  -7.15149124,
        -6.27588819,  -6.70220955,  -7.83841596,  -6.83783548,
        -5.57788891,  -7.45801889,  -3.4       ,  -6.32121718,
        -6.46042003,  -5.70117826,  -5.6436968 ,  -4.94899271]), array([ -7.41920578, -10.        ,  -3.4       ,  -6.14622299,
        -5.38622602,  -5.39139446,  -6.92622796,  -5.88343781,
        -4.68465582,  -6.26326776,  -3.43269717,  -4.35182143,
        -5.46964851,  -5.31543373,  -4.82553826,  -5.50843793,
        -4.36239959,  -5.74020737,  -8.61259441,  -5.70374839,
        -3.4       ,  -4.80626158,  -5.2964304 ,  -3.4       ,
        -3.4       ,  -3.84915426, -10.        ,  -3.4       ,
        -5.80137692,  -6.37472692,  -8.94013077,  -5.89584223,
        -6.3246028 ,  -7.35482775,  -5.45686294,  -5.72107267,
        -6.194465  ,  -3.4       ,  -3.66651486,  -6.08468874,
        -5.44290336,  -5.95924402,  -5.34253829,  -7.21105406,
        -5.8486447 ,  -5.74482427,  -5.50066364,  -5.00676688,
        -5.11707025,  -5.57598919,  -5.65914665,  -6.228645  ,
        -7.78966625,  -5.4293152 ,  -6.64743884,  -6.26684817,
        -7.03835402,  -5.31092681,  -5.56129681,  -6.60992154,
        -6.74852115,  -4.99824828,  -3.48752311,  -5.45886264,
        -6.58207781,  -5.89431995,  -5.34645879,  -4.56863893,
        -5.75838723,  -4.83174103,  -5.63626763,  -5.87621901,
        -4.51295948,  -6.3830415 ,  -6.57964238,  -5.72482013,
        -3.4       ,  -4.94083961,  -5.73831811,  -6.23777151,
        -5.11602129,  -4.84279657,  -4.2895956 ,  -7.07461735,
        -5.63862112,  -7.50516092,  -5.54623153,  -5.86884027,
        -4.92031566,  -7.67882497,  -6.37153121,  -3.4       ,
        -6.05361063,  -7.94564363,  -3.4       ,  -5.56128902,
        -3.4       ,  -4.49715028,  -3.4       ,  -3.4       ,
        -4.45582219,  -5.53323574,  -3.82063093,  -3.81825237,
        -4.40977792,  -4.79650821,  -5.38609012,  -3.4       ,
        -3.90164104,  -5.56701858,  -5.40578573,  -4.26928971,
        -9.76412576,  -3.63198473,  -6.98734753,  -7.74909038,
        -7.9557872 ,  -8.2033968 ,  -6.89460011,  -6.11516222,
        -7.31030322,  -6.35017766,  -5.53295697,  -6.97078952,
        -6.10561494,  -5.75518268,  -5.49342451,  -5.12962271,
       -10.        ,  -5.98034142,  -6.79848593,  -5.7863082 ,
        -5.860911  ,  -6.48778681,  -7.69863606,  -5.17448694,
        -7.12537502,  -6.20244067,  -4.84799961,  -7.1992552 ,
        -6.13978251,  -5.73577881,  -7.93971976,  -6.2094652 ,
        -5.2099119 ,  -5.96770779,  -5.71107788,  -7.46151837,
        -6.43305014,  -8.87981297,  -6.15814031,  -5.33971632,
        -8.91033818,  -9.44929275,  -5.52505929,  -7.99785084,
        -5.21784638,  -5.76617217,  -6.99360254,  -7.49338828,
        -7.08575376,  -7.36401676,  -7.02938096,  -8.15943781,
        -7.72222401,  -7.52768703,  -8.48171319,  -6.82717452,
        -6.06181595,  -7.41075874,  -5.67742372,  -5.61011574,
        -6.9983503 ,  -5.64476361,  -7.7306834 ,  -6.62899452,
        -6.79456232,  -6.83339986,  -7.6441109 ,  -7.0648152 ,
        -6.04191668,  -6.75808254,  -5.01490752,  -7.16303454,
        -9.3418901 ,  -5.66299255,  -4.91071614,  -9.50593726,
        -3.4       ,  -4.68492281,  -6.35982864,  -7.91831247,
        -6.61336882,  -7.18499865,  -5.66086885,  -5.08628862,
        -4.21169936,  -8.86516703,  -5.22716996,  -5.55821667,
        -5.65784924,  -5.13694679,  -5.70044712,  -4.49595019,
        -7.41193984,  -6.32036775,  -3.83282908,  -5.92149285,
        -5.99123981,  -6.70653703,  -6.15351984,  -5.3171972 ,
        -7.4031188 ,  -6.27987782,  -6.59480624,  -5.68896751,
        -6.62273932,  -8.51509085,  -5.84863478,  -7.3673775 ,
        -4.47794025,  -4.36429305,  -7.53932724,  -5.50250638,
        -9.2289537 ,  -6.1056569 ,  -6.4504744 ,  -6.92010755,
       -10.        ,  -5.07503831,  -5.15372946,  -3.73171043,
        -7.5654742 ,  -7.28913679,  -5.32128047,  -4.38705406,
        -5.96706845,  -5.38207277,  -7.37874771,  -7.50830954,
        -7.03714058,  -7.52764224,  -3.96533021,  -6.85047635,
        -4.88484397,  -8.0733567 ,  -3.4       ,  -4.85205268,
        -6.00263101,  -7.47898092,  -6.82036943,  -7.72162593]), array([-7.68623519, -8.05578764, -4.70960198, -5.72651066, -4.20079942,
       -5.48646743, -7.24640363, -6.58588391, -5.68559189, -8.38490879,
       -4.0421466 , -5.94523972, -4.76073325, -3.73452537, -4.0770433 ,
       -5.28822762, -5.782797  , -6.01021633, -8.30471361, -5.67694675,
       -4.432127  , -5.31866595, -6.55970475, -3.4       , -3.4       ,
       -4.60188979, -9.33123736, -5.78779593, -5.32366071, -4.60708108,
       -5.78123146, -5.70008433, -6.59247066, -6.61541741, -5.39453106,
       -6.59996174, -8.19060464, -4.75851542, -5.73574539, -5.46497129,
       -5.59060585, -6.9527972 , -5.63791168, -5.11540218, -5.17355004,
       -4.73083881, -5.95964752, -4.98687055, -5.49799589, -6.01721677,
       -6.08466768, -6.71957319, -6.37462446, -7.48328255, -6.66267198,
       -6.0440637 , -5.13803157, -4.89125493, -6.93450667, -5.6659328 ,
       -6.07361211, -5.64630535, -6.46088744, -5.2877678 , -5.83447838,
       -3.98360942, -4.45571144, -4.90987403, -5.41082271, -5.80537281,
       -6.4409449 , -6.52116598, -6.04143156, -6.59225596, -5.53572689,
       -4.97261228, -4.2458203 , -6.57100129, -4.61703984, -5.31460235,
       -4.98183253, -5.34647209, -4.48279578, -6.91987434, -5.53772208,
       -4.02693279, -5.22110053, -6.1666003 , -6.76301386, -5.0371804 ,
       -4.661759  , -4.96499264, -4.42067832, -3.4       , -5.57149052,
       -3.53606568, -5.58543056, -4.69518432, -3.4       , -4.0000044 ,
       -4.96668784, -5.41789412, -4.43345693, -4.24330427, -4.65851617,
       -4.94150325, -5.68548553, -3.66290728, -5.45835698, -6.63553839,
       -5.16548072, -5.67602778, -6.05504479, -3.75396578, -7.1569479 ,
       -6.33039173, -7.65407935, -6.66923536, -7.82859645, -6.02239353,
       -7.94454574, -6.01482178, -6.41295162, -8.24447814, -6.58138334,
       -5.48748446, -6.4371781 , -6.72227336, -8.21254854, -6.31052903,
       -7.06817216, -6.24419644, -7.38147754, -7.39513282, -7.00375719,
       -6.08696058, -7.73224584, -7.66298342, -7.17957371, -6.00956015,
       -6.54971084, -6.48329389, -8.01907438, -6.43835579, -6.41560947,
       -5.45423223, -6.21337923, -6.43646018, -6.18332644, -7.54163097,
       -5.4771581 , -8.67458198, -6.17304745, -8.31814915, -5.50894817,
       -7.52350092, -7.01788449, -7.77842363, -6.79992031, -7.51512322,
       -5.81731844, -6.3125166 , -4.5281812 , -7.20841667, -8.12589135,
       -6.22605319, -6.56154253, -6.43608544, -6.2312091 , -4.08397527,
       -5.22773304, -6.28214597, -5.31891564, -6.35061539, -6.95206153,
       -6.05490122, -6.1093711 , -6.29814845, -5.71192662, -4.99365441,
       -6.1582542 , -6.1058075 , -6.16844966, -6.15474584, -5.90839005,
       -5.17469597, -5.94657365, -6.66347   , -7.12537246, -4.5487701 ,
       -6.64088395, -6.86978311, -6.42727318, -6.95536786, -5.69351369,
       -4.62839747, -6.9295329 , -7.32409435, -5.49126415, -5.22327381,
       -7.40414603, -5.95240182, -6.50048041, -4.99243085, -5.93852513,
       -4.94411903, -4.41382385, -6.01205965, -4.81061439, -4.9207893 ,
       -7.70565801, -6.12939894, -7.42849888, -5.6376674 , -6.36017943,
       -6.57714856, -4.66615809, -7.31644491, -5.8628035 , -6.37827692,
       -5.19708782, -7.29094418, -8.04327037, -7.31511484, -8.30733016,
       -6.33865953, -4.93290149, -8.17765388, -7.57837401, -5.62082774,
       -8.13567296, -5.24350548, -7.0789169 , -6.91900244, -6.57821899,
       -6.42305261, -7.72225697, -4.80416942, -4.53997774, -6.50096315,
       -7.60404886, -7.35297801, -8.63044561, -6.68882023, -5.13682566,
       -7.36270058, -3.54660628, -5.44149674, -6.08449225, -7.21269405,
       -4.47221814, -4.030138  ]), array([-10.        ,  -3.67274877,  -8.34300559,  -5.50179612,
        -4.87028363,  -5.27426954,  -7.08270812,  -6.31941311,
        -6.61240399,  -6.2215311 ,  -3.4       ,  -8.05148903,
        -6.25798705,  -4.07052899,  -5.46865507,  -5.49817189,
        -6.23604792,  -6.71765694,  -3.84597316,  -5.32799872,
        -5.53825123,  -5.34669   ,  -5.38604005,  -9.71457278,
        -6.48891786,  -3.67226357,  -6.99095647,  -8.8554286 ,
        -5.12033534,  -5.61070173,  -7.28386024,  -4.97070058,
        -6.16983642,  -6.30174742,  -5.84129478,  -5.79019278,
        -4.77508919,  -4.64180857,  -5.35685738,  -5.64489064,
        -5.12549829,  -6.41848216,  -6.86330071,  -4.27239683,
        -5.66248127,  -5.51413573,  -4.90261626,  -4.37994479,
        -5.21775023,  -5.67929939,  -5.2647338 ,  -6.06490555,
        -5.80262117,  -4.15901898,  -5.97938394,  -4.62369198,
        -6.42577468,  -5.32626581,  -8.0444326 ,  -5.12305098,
        -6.07184498,  -5.33528274,  -6.05898637,  -5.04744083,
        -7.07889608,  -6.34125433,  -6.33858673,  -5.05414363,
        -6.29574796,  -6.12492725,  -5.17778226,  -4.7067767 ,
        -4.16155902,  -5.53635864,  -5.1600645 ,  -4.888425  ,
        -4.81717177,  -7.70796984,  -3.9747978 ,  -5.70530791,
        -5.69521793,  -5.19799646,  -5.66013031,  -4.1769493 ,
        -5.78610596,  -3.84500283,  -5.68275603,  -5.95122359,
        -3.4       ,  -4.49791024,  -5.41741104,  -7.39809198,
        -4.33406155,  -4.65973178,  -3.93761945,  -4.45313847,
        -3.4       ,  -4.32999635,  -3.84009386,  -3.4       ,
        -5.57625731,  -5.72734543,  -5.29526415,  -5.37770926,
        -5.85583468,  -5.41486963,  -6.62476729,  -5.11813352,
        -6.47042536,  -4.88971691,  -4.83508106,  -6.18906971,
        -7.68841821,  -3.50825193,  -6.02399614,  -6.21960453,
        -7.01426667,  -8.35144207,  -6.71774567,  -6.29323386,
        -7.77470672,  -6.51322742,  -5.41189964,  -6.97326791,
        -5.47796948,  -5.34450435,  -6.00398114,  -4.56880539,
        -7.61941611,  -7.03135881,  -5.92908618,  -6.69197821,
        -6.02609908,  -7.52693447,  -7.41948823,  -6.27039995,
        -6.75995374,  -7.2445936 ,  -5.88887807,  -6.37107053,
        -5.98394196,  -6.68713481,  -6.90521154,  -7.14967841,
        -5.64079532,  -6.12229677,  -5.97184465,  -7.61332926,
        -5.28432929,  -7.10870459,  -5.49014982,  -6.22123675,
        -7.6733391 ,  -8.88643467,  -6.17310746,  -6.59814317,
        -6.30933429,  -8.56122309,  -6.38537528,  -6.0221384 ,
        -7.05325401,  -7.89518996,  -6.93564716,  -5.85740978,
        -8.06814016,  -8.30389622,  -7.53626338,  -4.77531742,
        -6.22612722,  -9.7878572 ,  -6.07830558,  -4.671546  ,
        -5.706828  ,  -5.1022435 ,  -7.25937013,  -6.88809486,
        -6.08123743,  -5.58841464,  -6.26754555,  -6.77137414,
        -6.77616333,  -7.54705087,  -5.17707769,  -6.06829509,
        -6.42472144,  -6.12921608,  -6.43729467,  -6.53072104,
        -7.54196358,  -5.3093727 ,  -5.85698459,  -4.6938664 ,
        -6.24549404,  -5.91006983,  -5.14016453,  -6.48586036,
        -5.97458583,  -7.39526425,  -6.78541046,  -5.30613542,
        -5.61146585,  -6.0322984 ,  -6.16831821,  -5.18148726,
        -6.84613866,  -5.42710481,  -4.99274483,  -5.70775983,
        -6.69125955,  -5.22523999,  -7.64575312,  -6.74016747,
        -7.76810148,  -5.38061923,  -5.15331564,  -6.90077663,
        -6.62933488,  -8.65659108,  -6.54579668,  -8.04351705,
        -4.48098709,  -7.16542344,  -5.91768874,  -5.23183114,
        -8.18676197,  -6.86068442,  -7.65343897,  -3.69170579,
        -8.77494313,  -6.1340898 ,  -6.78906062,  -3.4       ,
        -7.32289414,  -6.9569813 ,  -7.05143938,  -5.88282805,
        -6.3308441 ,  -4.85428755,  -4.52921072,  -6.48312484,
        -6.719938  ,  -6.06058775,  -7.28121575,  -6.66839678,
        -5.78659261,  -7.41084199,  -3.4       ,  -4.93433706,
        -6.40795904,  -6.06149252,  -6.46079327,  -5.25926311])]","[-8.45686057 -6.26180409 -5.15031694 -5.64021829 -4.31997023 -5.50729829
 -7.02806309 -6.40355552 -5.96729586 -6.52956731 -4.10753633 -5.66934857
 -5.52873275 -4.73534083 -4.86444705 -5.15236951 -6.08470258 -6.54845101
 -7.12174301 -5.22224952 -4.1769814  -5.21069743 -6.22201099 -5.58054984
 -6.0988197  -5.81200878 -8.5131205  -6.46694397 -5.35760158 -5.79512687
 -7.41021781 -5.61600469 -6.51152395 -6.95953699 -5.86092733 -6.02887896
 -5.41634693 -4.14330752 -4.72731357 -5.68027041 -5.50770897 -6.8226298
 -6.21371457 -5.29494385 -5.35561487 -5.6282389  -5.51654392 -4.76733345
 -5.35696838 -5.65645383 -5.85923573 -6.31954797 -6.76166815 -5.74228739
 -6.23157813 -5.65326572 -6.00189044 -5.0110564  -6.65501864 -6.05105531
 -6.22093277 -5.26963272 -5.64778925 -5.49524601 -6.52282893 -5.63997069
 -5.82901486 -4.47226916 -5.593841   -5.6009184  -5.79134314 -5.79081279
 -5.70527234 -6.78727531 -5.93951688 -5.6681133  -4.13940946 -6.60882354
 -5.04966055 -5.35094678 -5.67144966 -5.23913844 -4.63663834 -6.04553098
 -5.60859701 -4.97401257 -5.76819314 -5.77133669 -4.94979215 -6.26020972
 -5.68491398 -5.87151651 -4.66730398 -5.05026958 -4.77863417 -4.66036275
 -3.96420319 -5.57355908 -4.48609452 -4.62330906 -4.95354294 -5.79683878
 -4.42181256 -4.48866949 -5.5134672  -5.34717401 -5.51307399 -4.32814954
 -5.68286702 -5.6293896  -5.3061026  -5.68908857 -8.20760826 -3.77196941
 -7.06073391 -6.97751692 -7.46879206 -7.88654181 -7.11865039 -6.16581685
 -7.43104055 -6.51194573 -5.81113553 -7.24043267 -6.14768218 -5.53485096
 -6.20075912 -5.43302767 -8.1234192  -6.31241564 -6.75285709 -6.41517798
 -6.58400319 -6.97091441 -7.18135672 -5.82231856 -6.90212925 -7.24543811
 -5.84009947 -6.80560951 -6.26289442 -6.48726922 -7.59931091 -6.34511441
 -5.936077   -5.85497071 -5.97455632 -7.53698809 -6.04696088 -7.89087561
 -5.9902855  -6.57992805 -7.89183657 -8.40512725 -5.69382747 -7.62149973
 -6.30592218 -7.28545121 -6.33862079 -7.22029395 -6.74721238 -7.663981
 -5.77623271 -7.25560933 -8.29908181 -6.88108202 -7.3495993  -5.94346263
 -6.15844351 -7.5424627  -5.92831247 -6.56033451 -6.04510762 -5.81037213
 -7.15094041 -6.27307662 -6.37870824 -5.94984074 -6.57535318 -5.86623172
 -6.14280342 -6.75172845 -5.37059998 -6.07948227 -7.08318893 -5.82938238
 -6.15167498 -7.22215021 -6.45945693 -5.25176825 -6.25769823 -6.2549353
 -6.46637445 -6.54784802 -5.84533112 -5.14121096 -5.78248987 -7.23070158
 -5.0990995  -5.37475318 -6.36637675 -5.73281082 -6.06824408 -5.07752032
 -6.47377789 -5.49709964 -4.77424671 -6.29855066 -5.73932881 -5.97860578
 -6.90577604 -6.03653823 -7.61050454 -6.20785201 -6.27686563 -6.68424566
 -5.90020883 -7.80520849 -6.24508712 -7.3084286  -5.01298249 -6.3412362
 -6.84847731 -6.76931462 -8.27325355 -6.52209961 -5.83813499 -6.14468728
 -9.27066343 -5.65679635 -6.66952669 -4.77256322 -7.32742725 -6.88788865
 -6.11155756 -5.63381262 -7.09493006 -5.02625366 -5.80121301 -6.90481513
 -6.89784347 -6.95099312 -7.1436397  -6.6242572  -5.46032867 -7.5284336
 -3.58626805 -5.1634606  -6.26262178 -6.56143408 -5.82630423 -5.33053097]","[1.27015197 2.39171873 1.78798994 0.51024799 0.72577082 0.17853816
 0.12352505 0.39149042 0.81494691 0.98695081 0.7158646  1.29976459
 0.48754103 0.75488351 0.5812766  0.35148581 1.00937554 0.62606323
 1.82031193 0.77774052 0.79113278 1.21308405 1.27147957 2.32597941
 2.34826735 2.24911831 1.37523864 2.02715558 0.2378062  0.81107029
 1.03091069 0.41785257 0.41617308 0.42248302 0.5255095  0.33245697
 1.64799608 0.6117279  0.86177198 0.23378978 0.45208112 0.72555165
 0.60534404 1.05330555 0.36858646 0.55504413 0.37201173 0.38486323
 0.24167846 0.19231367 0.84332661 0.39344282 1.27660086 1.07432907
 0.43380614 0.57275982 0.66002714 0.27202539 0.82198008 0.66558507
 0.27163839 0.34418522 1.86721997 0.37401621 0.8642972  0.88112628
 1.02403201 0.58155368 0.67378391 0.43691079 0.54265281 0.64995034
 1.28839223 1.41088828 0.97594235 1.14995925 0.63979222 0.91402551
 0.65605636 0.93146693 0.69886359 0.70528078 0.6409535  1.04673372
 0.10271558 1.32213179 0.40814817 0.3688444  1.07414373 1.28477058
 0.74670893 1.74367542 0.73779732 1.70971536 1.61292346 0.75213301
 0.84716578 1.31991546 1.16736128 1.479483   0.39358562 0.40789695
 0.48899457 0.51029586 0.89818663 0.41848319 1.11420688 0.72465997
 0.98463565 0.60378261 0.65130024 0.91557976 1.39784088 0.41418554
 0.5774249  0.63391188 0.37860538 0.68668724 0.73407894 0.16736749
 0.37412171 0.44184618 0.34830772 0.52740588 0.38433674 0.25610294
 0.60675092 0.74680147 0.98507247 0.4213272  0.51181824 0.35865866
 0.57275686 0.46687402 0.34850018 0.39313358 0.68858452 0.66993197
 0.7574632  0.52165617 0.19755208 0.40178681 0.52171659 0.45275364
 0.44749935 0.22759246 0.16104868 0.98500364 0.43718956 0.78235066
 0.4272919  1.12715002 0.97375436 0.77175269 0.43725175 0.97027439
 0.60234978 0.93749221 0.65047839 0.63355583 0.59753167 0.77987052
 1.33162747 0.80958595 0.49728946 1.08338913 0.990299   0.84020176
 0.33287664 2.20444816 0.62492818 1.52017158 0.61973083 0.72555177
 0.34437776 0.41935902 0.48332756 0.55781592 0.66193624 0.96900512
 0.39365047 0.46588729 0.40780827 0.60736513 1.18955213 0.37258411
 1.14523824 1.14396376 2.23141203 1.03827031 0.28595403 1.20872229
 0.14687588 0.59229321 0.64755011 0.76050758 0.92066753 1.31200916
 1.05213727 0.26824178 0.67042369 0.31881367 0.26642041 0.32823583
 0.5803515  0.47577358 0.64224453 0.52614857 0.6195237  0.78500993
 0.81182274 0.55795195 0.20364123 0.71034877 0.83312965 0.5732988
 0.74136391 0.64581047 0.36542907 0.65494558 0.47380519 1.31559942
 0.88599933 1.16765543 0.54374891 0.29601848 1.06417604 2.1905855
 0.97009047 0.84902031 0.94488056 1.02006632 0.36970538 0.33814247
 0.63898715 0.68660866 1.03736198 0.20934567 1.1243665  0.39155594
 0.43328781 0.52432985 1.64633078 0.28416888 0.39071199 0.27558878
 0.30457246 0.68828332 0.18362707 0.67816389 0.80821717 1.26221383]"
8,KNeighborsRegressor,"[-5.326666666666667, -5.920000000000001, -5.919999999999999, -6.16, -6.776666666666666, -5.329999999999999, -4.946666666666666, -6.173333333333333, -6.173333333333333, -6.173333333333333, -5.628333333333334, -5.026666666666666, -5.96, -5.96, -6.556666666666666, -6.900000000000001, -5.636666666666667, -5.636666666666667, -5.636666666666667, -6.993333333333332, -6.996666666666667, -6.94, -7.256666666666667, -6.919999999999999, -6.703333333333333, -6.3133333333333335, -7.006666666666667, -6.3133333333333335, -6.489999999999999, -6.666666666666667, -6.489999999999999, -6.489999999999999, -6.2, -5.743333333333333, -5.909999999999999, -5.510000000000001, -5.653333333333333, -5.6433333333333335, -5.753333333333334, -6.739999999999999, -5.7, -5.845, -6.003333333333334, -6.396666666666667, -6.645, -6.396666666666667, -6.786666666666666, -6.083333333333333, -6.403333333333333, -5.760000000000001, -5.5200000000000005, -5.586666666666667, -5.489999999999999, -5.7683333333333335, -5.609999999999999, -5.733333333333333, -5.613333333333333, -5.760000000000001, -5.833333333333333, -5.63, -5.78, -5.84, -6.21, -5.526666666666666, -5.813333333333333, -5.803333333333334, -5.716666666666666, -5.82, -5.82, -5.573333333333333, -5.886666666666667, -5.77, -5.96, -5.6450000000000005, -5.329999999999999, -5.539999999999999, -5.006666666666667, -4.06, -4.5633333333333335, -4.06, -5.12, -4.06, -4.843333333333333, -4.843333333333334, -4.8999999999999995, -5.396666666666667, -5.1499999999999995, -5.166666666666667, -6.246666666666666, -6.609999999999999, -6.609999999999999, -5.0, -5.756666666666667, -5.226666666666667, -5.276666666666667, -6.4366666666666665, -7.330000000000001, -7.443333333333334, -7.469999999999999, -6.789999999999999, -7.016666666666666, -6.796666666666667, -5.77, -7.376666666666666, -6.8, -7.419999999999999, -7.003333333333333, -6.086666666666667, -7.173333333333333, -7.073333333333333, -6.316666666666666, -7.12, -5.803333333333334, -6.286666666666666, -6.963333333333334, -7.34, -7.07, -6.726666666666667, -6.9799999999999995, -6.216666666666668, -6.303333333333332, -7.210000000000001, -7.523333333333333, -7.303333333333334, -7.306666666666666, -7.283333333333334, -7.02, -7.266666666666666, -5.72, -6.16, -7.31, -6.636666666666667, -7.426666666666667, -6.580000000000001, -6.640000000000001, -6.953333333333333, -7.176666666666667, -6.866666666666667, -6.8066666666666675, -5.656666666666666, -6.7700000000000005, -6.513333333333333, -7.133333333333334, -6.146666666666666, -6.586666666666667, -7.083333333333333, -6.710000000000001, -5.963333333333334, -6.010000000000001, -5.583333333333333, -5.466666666666666, -6.676666666666667, -6.196666666666666, -6.3933333333333335, -6.3933333333333335, -5.756666666666667, -5.756666666666667, -6.326666666666667, -6.523333333333333, -6.573333333333333, -5.863333333333333, -6.52, -5.723333333333333, -6.133333333333333, -6.253333333333334, -6.403333333333333, -6.68, -6.263333333333333, -6.186666666666667, -5.723333333333333, -5.43, -5.9816666666666665, -5.73, -7.056666666666666, -5.956666666666667, -6.286666666666666, -6.796666666666667, -6.833333333333333, -5.956666666666667, -6.286666666666666, -5.896666666666667, -6.516666666666666, -5.883333333333333, -6.326666666666667, -5.293333333333334, -7.419656668000001, -7.164950007333332, -6.679843074333333, -5.788335942333333, -6.076666666666667, -5.821016283666666, -5.818269240333334, -6.347743822000001, -6.557206798666667, -6.310233996, -5.858253107333333, -5.9700000000000015, -5.8999999999999995, -6.079999999999999, -5.963333333333334, -5.963333333333334, -7.164950007333332, -5.473333333333334, -6.03, -5.256666666666667, -4.923333333333333, -6.0633333333333335, -5.23, -4.796666666666667, -4.8933333333333335, -6.81, -6.349999999999999, -5.486666666666667, -5.256666666666667, -6.646666666666666, -6.419999999999999, -4.8933333333333335, -4.796666666666667, -6.69, -6.126666666666666, -5.82, -6.036666666666666, -6.333333333333333, -6.963333333333334, -7.293333333333334, -7.293333333333334, -6.263333333333333, -6.62, -6.706666666666666, -6.736666666666667, -5.613333333333333, -5.573333333333333, -5.573333333333333, -5.91, -5.813333333333333, -5.94, -5.746666666666667, -5.543333333333334, -5.963333333333334, -5.636666666666667, -5.8066666666666675, -5.6066666666666665, -6.386666666666667, -5.6066666666666665, -5.8066666666666675, -5.593333333333334, -5.8066666666666675, -6.773333333333333, -6.326666666666667, -5.96, -5.846666666666667, -5.909999999999999, -5.663333333333333, -5.793333333333333, -5.813333333333333, -5.963333333333334, -5.829999999999999, -5.473333333333334, -5.716666666666666, -5.716666666666666, -5.493333333333333, -5.426666666666666, -5.739999999999999, -5.6866666666666665, -5.44, -5.986666666666667, -5.6866666666666665, -5.783333333333334, -6.18, -5.726666666666667, -5.72, -5.923333333333333, -6.773333333333333, -5.460000000000001, -5.513333333333333, -4.19, -4.866666666666666, -4.88, -4.966666666666667, -4.88, -4.896666666666667, -5.043333333333334, -4.803333333333334, -5.156666666666666, -5.386666666666667, -5.306666666666666, -5.353333333333333, -5.256666666666667, -5.753333333333334, -5.463333333333334, -7.136666666666667, -7.153333333333333, -7.293333333333333, -7.1433333333333335, -6.733333333333333, -5.8, -6.086666666666666, -6.203333333333333, -7.3066666666666675, -6.456666666666667, -7.286666666666666, -6.876666666666666, -7.563333333333333, -6.496666666666667, -7.206666666666667, -6.076666666666667, -6.266666666666667, -6.926666666666667, -6.1433333333333335, -6.616666666666667, -6.31, -6.366666666666666, -6.773333333333333, -6.723333333333334, -6.640000000000001, -7.2299999999999995, -7.29, -7.239999999999999, -7.276666666666667, -7.213333333333334, -7.31, -7.506666666666667, -5.919999999999999, -7.1933333333333325, -6.963333333333334, -6.37, -7.2, -7.066666666666667, -6.173333333333333, -7.22, -6.88, -7.29, -7.2700000000000005, -7.4799999999999995, -7.256666666666667, -6.013333333333333, -6.366666666666666, -5.5566666666666675, -6.5, -6.010000000000001, -6.54, -6.673333333333333, -6.739999999999999, -6.403333333333333, -6.25, -6.5, -5.91, -7.293333333333334, -7.039999999999999, -7.103333333333334, -5.91, -6.1933333333333325, -5.739999999999999, -6.293333333333333, -5.796666666666667, -5.6866666666666665, -6.0200000000000005, -6.3, -6.19, -5.543333333333333, -5.79, -5.946666666666666, -6.1499999999999995, -5.993333333333333, -5.9799999999999995, -5.988333333333332, -6.116666666666667, -6.453333333333333, -5.765000000000001, -5.903333333333333, -7.213333333333334, -6.156666666666666, -7.066666666666666, -6.953333333333333, -5.896666666666667, -5.903333333333333, -6.46, -5.753333333333333, -6.870277971666667, -5.889528689, -5.7598416036666675, -6.076666666666667, -5.8854165400000005, -6.202720644999999, -6.202720645, -5.989062635, -5.989062635, -5.258085547, -4.8908038036666674, -5.258085547, -6.1000000000000005, -5.95, -5.84, -6.38, -6.0200000000000005, -6.206666666666666, -5.55, -5.946666666666666, -5.890000000000001, -5.765000000000001, -7.053088922000001, -5.756666666666667, -5.886666666666667, -6.0200000000000005, -4.97, -5.656666666666666, -6.69, -5.766666666666666, -5.256666666666667, -5.463333333333334, -6.176666666666667, -6.176666666666667, -6.176666666666667, -6.916666666666667, -6.4433333333333325, -5.593333333333334, -6.8999999999999995, -6.56, -6.8999999999999995, -6.176666666666667, -7.043333333333333, -5.543333333333333, -5.516666666666667, -5.863333333333333, -7.303333333333334, -7.366666666666667, -6.8133333333333335, -7.16, -6.663333333333333, -6.263333333333333, -5.86, -5.716666666666666, -5.8, -5.746666666666666, -5.696666666666666, -5.616666666666667, -5.566666666666666, -5.576666666666667, -5.533333333333332, -5.616666666666667, -6.146666666666666, -5.960000000000001, -5.883333333333333, -5.91, -6.113333333333333, -5.823333333333333, -6.713333333333334, -6.476666666666667, -7.18, -7.533333333333334, -5.816666666666666, -6.2299999999999995, -5.87, -5.8933333333333335, -5.406666666666666, -5.746666666666666, -5.68, -5.55, -5.653333333333333, -5.6433333333333335, -5.6433333333333335, -5.6433333333333335, -5.743333333333333, -5.413333333333334, -5.756666666666667, -5.719999999999999, -5.783333333333334, -5.583333333333333, -5.656666666666666, -5.746666666666666, -6.036666666666666, -5.87, -5.576666666666667, -5.510000000000001, -5.8500000000000005, -5.8500000000000005, -5.88, -5.87, -5.710000000000001, -5.608333333333333, -5.989999999999999, -5.836666666666666, -4.233333333333333, -4.62, -4.873333333333333, -5.8066666666666675, -4.116666666666666, -3.61, -4.830000000000001, -4.97, -4.920000000000001, -5.676666666666667, -5.503333333333333, -5.743333333333333, -5.376666666666666, -5.146666666666666, -5.863333333333333, -5.1000000000000005, -5.113333333333333, -5.2700000000000005, -4.973333333333334, -5.1433333333333335, -6.2299999999999995, -5.493333333333333, -6.93, -6.803333333333334, -7.023333333333333, -6.6433333333333335, -6.87, -7.303333333333334, -6.96, -6.873333333333334, -7.333333333333333, -7.16, -6.043333333333333, -7.173333333333335, -7.136666666666667, -5.623333333333334, -6.456666666666667, -7.153333333333333, -7.16, -7.109999999999999, -7.146666666666667, -7.163333333333333, -7.283333333333334, -5.883333333333333, -7.323333333333333, -7.6433333333333335, -7.286666666666666, -6.913333333333334, -6.609999999999999, -7.073333333333333, -6.353333333333334, -7.2, -6.353333333333333, -6.84, -6.316666666666666, -6.823333333333333, -7.38, -5.983333333333334, -6.403333333333333, -7.260000000000001, -6.109999999999999, -7.233333333333334, -6.503333333333334, -7.3, -7.080000000000001, -7.213333333333334, -6.5, -6.716666666666666, -7.010000000000001, -7.223333333333334, -6.993333333333332, -7.093333333333334, -6.923333333333333, -6.640000000000001, -6.68, -6.756666666666667, -6.026666666666666, -7.146666666666666, -7.103333333333333, -5.960000000000001, -5.84, -6.036666666666666, -5.71, -6.838333333333334, -6.516666666666666, -6.3, -6.423333333333333, -6.176666666666667, -6.78, -6.210000000000001, -5.973333333333334, -6.84, -5.986666666666667, -6.563333333333333, -5.916666666666667, -6.2700000000000005, -7.013333333333333, -6.463333333333334, -6.163333333333334, -5.87, -6.06, -6.489999999999999, -5.8066666666666675, -7.062869105, -6.885859106333334, -7.033758272999999, -7.033758273, -6.005664751666667, -5.855142368, -5.326666666666667, -5.888163583333333, -6.139236439333334, -6.202720644999999, -6.184371162666667, -6.211472809333333, -5.236713046999999, -5.270681734, -6.06, -6.006666666666667, -5.801666666666667, -5.801666666666667, -5.593333333333334, -5.953333333333333, -5.28, -5.206666666666666, -5.206666666666667, -4.953333333333333, -6.6933333333333325, -5.95, -5.390000000000001, -5.523333333333333, -5.523333333333333, -7.533333333333332, -5.55, -4.996666666666667, -5.390000000000001, -5.498333333333334, -6.836666666666666, -5.983333333333333, -6.366666666666667, -5.826666666666667, -5.696666666666666, -5.47, -6.896666666666666, -6.896666666666666, -6.896666666666666, -7.686666666666667, -7.37, -7.390000000000001, -7.16, -6.466666666666666, -6.086666666666666, -6.57, -6.5, -5.7799999999999985, -5.716666666666666, -5.723333333333333, -5.829999999999999, -5.62, -5.599999999999999, -5.75, -5.68, -5.656666666666666, -5.7299999999999995, -6.2299999999999995, -6.52, -6.28, -6.239999999999999, -6.239999999999999, -6.116666666666667, -5.646666666666666, -5.956666666666666, -5.753333333333334, -5.728333333333334, -5.728333333333334, -5.728333333333334, -5.796666666666667, -5.596666666666667, -5.54, -5.533333333333334, -5.580000000000001, -5.756666666666667, -6.896666666666666, -6.896666666666666, -5.683333333333334, -5.803333333333334, -5.8066666666666675, -5.77, -5.853333333333333, -4.866666666666666, -5.146666666666667, -5.013333333333333, -4.403333333333333, -3.64, -4.953333333333333, -5.286666666666667, -4.993333333333333, -5.03, -5.183333333333334, -4.953333333333333, -5.213333333333334, -5.1066666666666665, -5.25, -5.3133333333333335, -5.7299999999999995, -5.7299999999999995, -5.273333333333333, -5.1933333333333325, -5.609999999999999, -5.1933333333333325, -5.366666666666666, -5.193333333333333, -6.626666666666666, -7.086666666666666, -7.243333333333333, -6.0, -6.386666666666667, -6.75, -5.996666666666666, -5.726666666666667, -7.113333333333333, -7.25, -5.63, -7.41, -5.616666666666667, -6.039999999999999, -6.676666666666667, -6.473333333333334, -7.123333333333332, -5.743333333333333, -6.153333333333333, -7.323333333333333, -6.56, -7.066666666666666, -6.873333333333332, -7.539999999999999, -6.593333333333334, -6.276666666666666, -7.076666666666667, -7.416666666666667, -7.076666666666667, -6.713333333333334, -7.32, -6.246666666666667, -7.156666666666666, -6.236666666666667, -6.576666666666667, -5.903333333333333, -7.053333333333332, -7.263333333333333, -7.343333333333334, -6.68, -7.419999999999999, -7.1066666666666665, -7.053333333333334, -6.54, -5.426666666666667, -6.88, -7.256666666666667, -5.843333333333334, -7.076666666666667, -7.109999999999999, -6.329999999999999, -6.726666666666667, -6.783333333333334, -6.97, -6.803333333333334, -6.38, -5.6000000000000005, -5.75, -5.859999999999999, -5.743333333333333, -5.670000000000001, -5.573333333333333, -5.466666666666666, -5.986666666666667, -5.756666666666667, -6.876666666666666, -6.79, -5.406666666666666, -5.599999999999999, -6.46, -6.46, -6.553333333333334, -5.406666666666666, -6.03, -6.463333333333334, -6.1866666666666665, -6.366666666666666, -5.93, -5.876666666666668, -6.71, -6.283333333333334, -7.293333333333334, -7.293333333333334, -7.066666666666666, -6.239999999999999, -5.853333333333334, -7.099189821333333, -6.27, -6.833333333333333, -6.653333333333333, -5.6933333333333325, -5.63, -5.853333333333333, -7.050809113666666, -7.103267973333334, -7.103267973333334, -6.2297604013333325, -5.850603913666667, -5.850603913666666, -6.269999684000001, -6.313759322333333, -7.099189821333333, -7.033758272999999, -5.270681734, -6.086666666666666, -5.04, -5.883333333333333, -5.868333333333333, -5.6066666666666665, -7.033758273, -5.52, -6.353333333333334, -5.906666666666666, -5.846666666666667, -6.116666666666666, -6.760000000000001, -5.656666666666666, -4.8933333333333335, -5.326666666666667, -5.263333333333333, -5.476666666666667, -6.713333333333334, -6.713333333333334, -6.696666666666666, -5.613333333333334, -7.12, -6.866666666666667, -7.12, -5.9366666666666665, -6.426666666666667, -5.646666666666666, -5.863333333333333, -5.493333333333333, -6.94, -6.946666666666666, -7.273333333333333, -6.816666666666666, -6.816666666666666, -6.376666666666666, -6.633333333333333, -6.633333333333333, -6.45, -5.886666666666667, -6.2299999999999995, -6.486666666666667, -6.256666666666667, -7.116666666666667, -6.256666666666667, -5.84, -5.863333333333333, -5.713333333333334, -5.696666666666666, -5.705000000000001, -5.625, -5.673333333333333, -5.803333333333332, -5.829999999999999, -5.696666666666666, -5.696666666666666, -5.396666666666666, -5.513333333333333, -5.513333333333333, -5.513333333333333, -5.616666666666667, -5.793333333333334, -5.666666666666667, -5.63, -5.9366666666666665, -5.9366666666666665, -5.783333333333334, -5.773333333333333, -5.756666666666667, -5.9049999999999985, -5.3999999999999995, -5.616666666666667, -5.8066666666666675, -5.8066666666666675, -6.026666666666667, -5.236666666666666, -5.236666666666666, -4.28, -4.9, -4.9433333333333325, -5.076666666666666, -4.923333333333333, -3.78, -3.78, -4.8500000000000005, -4.8933333333333335, -4.8933333333333335, -4.86, -5.32, -4.94, -4.74, -6.63, -6.63, -5.113333333333333, -5.276666666666667, -5.37, -6.349999999999999, -5.113333333333333, -7.103333333333334, -6.966666666666666, -7.169999999999999, -7.3133333333333335, -6.873333333333334, -5.566666666666666, -6.926666666666666, -5.566666666666666, -6.656666666666666, -6.506666666666667, -6.253333333333334, -7.010000000000001, -7.366666666666667, -5.34, -7.44, -7.6000000000000005, -7.14, -6.923333333333333, -7.23, -7.109999999999999, -7.206666666666667, -6.146666666666667, -6.276666666666666, -6.926666666666667, -7.423333333333333, -5.5, -7.023333333333333, -7.156666666666666, -6.036666666666666, -7.216666666666666, -6.91, -6.926666666666667, -6.3500000000000005, -7.400000000000001, -7.420000000000001, -7.353333333333333, -7.116666666666667, -7.083333333333333, -7.273333333333333, -6.026666666666666, -6.736666666666667, -7.296666666666667, -6.6066666666666665, -7.09, -6.926666666666667, -7.266666666666667, -6.826666666666667, -6.1933333333333325, -5.926666666666667, -7.553333333333334, -7.43, -7.006666666666667, -7.18, -7.289999999999999, -6.176666666666666, -5.34, -6.56, -6.236666666666667, -6.2700000000000005, -5.716666666666666, -6.330000000000001, -5.863333333333333, -6.3566666666666665, -6.3566666666666665, -6.213333333333334, -5.596666666666667, -5.849999999999999, -6.553333333333332, -6.603333333333333, -5.7, -6.336666666666667, -5.969999999999999, -6.53, -6.07, -6.2, -6.306666666666666, -5.825, -5.956666666666667, -6.53, -6.5566666666666675, -6.673333333333333, -7.063333333333333, -6.873333333333334, -6.873333333333334, -7.006666666666667, -6.883333333333333, -6.163333333333334, -6.183333333333333, -6.526666666666666, -7.086545770333333, -7.1672298156666665, -7.070139762666666, -6.740471557333334, -6.180866524999999, -5.807061071000001, -5.850092636666666, -5.826890117666667, -6.157549516666666, -6.427776341666667, -6.222857567999999, -6.255138973, -7.118849108, -5.862037916000001, -4.815587124, -4.870649756, -6.010000000000001, -5.663333333333334, -5.653333333333333, -5.943333333333334, -5.716666666666666, -6.213333333333334, -6.0200000000000005]","0     -6.440000
1     -6.400000
2     -5.660000
3     -6.700000
4     -4.670000
         ...   
247   -4.844664
248   -5.800000
249   -5.960000
250   -5.520000
251   -5.740000
Name: Permeability, Length: 252, dtype: float64","[array([-5.69666667, -6.88666667, -5.16333333, -5.63666667, -4.86      ,
       -5.62      , -6.30666667, -5.31666667, -6.17333333, -6.79333333,
       -5.76      , -5.62833333, -5.01333333, -5.31666667, -5.39      ,
       -5.96      , -6.16333333, -6.64666667, -6.51333333, -6.15333333,
       -5.75666667, -6.64666667, -6.58      , -5.61      , -6.77333333,
       -5.82333333, -6.33333333, -5.82      , -5.63666667, -7.03666667,
       -7.03666667, -6.85      , -6.6       , -6.61      , -5.80666667,
       -5.76333333, -5.81333333, -5.81666667, -5.81666667, -5.57333333,
       -5.66666667, -5.60333333, -5.64333333, -5.69      , -5.60666667,
       -6.08666667, -5.825     , -6.38666667, -5.91      , -5.73166667,
       -6.45666667, -6.39666667, -6.69      , -5.955     , -5.88666667,
       -6.08333333, -5.56333333, -5.625     , -6.01      , -5.78      ,
       -5.73      , -5.64666667, -5.72333333, -5.77333333, -5.49666667,
       -5.57333333, -5.73666667, -5.62      , -5.36333333, -5.83      ,
       -5.65      , -5.4       , -6.12666667, -5.81333333, -5.73666667,
       -5.75333333, -5.48      , -5.74666667, -5.98      , -5.81333333,
       -5.68666667, -5.86      , -5.81      , -5.82      , -5.53666667,
       -6.38666667, -5.67666667, -5.43333333, -5.58      , -5.74833333,
       -5.94      , -5.64333333, -4.71666667, -4.98333333, -4.98333333,
       -5.54      , -3.78333333, -5.00666667, -3.78333333, -5.03666667,
       -4.84333333, -5.20666667, -4.84333333, -4.54      , -4.78666667,
       -4.90666667, -5.72333333, -5.19666667, -5.78333333, -5.22666667,
       -5.27666667, -5.22333333, -6.43666667, -4.88666667, -7.13666667,
       -6.91666667, -6.94      , -7.09333333, -6.77333333, -6.4       ,
       -7.13666667, -6.77333333, -6.63333333, -7.28666667, -5.77      ,
       -5.40666667, -7.24666667, -5.87      , -6.95666667, -7.64333333,
       -5.84666667, -6.57666667, -6.14666667, -7.28666667, -6.29      ,
       -6.32333333, -6.29      , -7.15666667, -6.83333333, -6.98666667,
       -6.13666667, -6.31666667, -7.01333333, -6.26333333, -7.25      ,
       -5.85333333, -5.70333333, -7.14      , -5.84666667, -7.42666667,
       -5.76333333, -6.98      , -7.42333333, -7.42333333, -7.03      ,
       -7.44333333, -6.88666667, -5.75166667, -7.28      , -7.26666667,
       -7.47666667, -7.1       , -7.01333333, -6.58333333, -6.83333333,
       -7.21666667, -6.83666667, -6.76666667, -7.25666667, -7.09333333,
       -6.36333333, -6.51333333, -6.33      , -6.38666667, -7.21      ,
       -6.35      , -5.94333333, -5.83666667, -6.83666667, -5.90333333,
       -5.94666667, -6.03666667, -5.38333333, -5.97333333, -5.96333333,
       -6.39333333, -6.10333333, -6.36333333, -5.72166667, -6.66666667,
       -6.67666667, -5.9       , -6.25333333, -5.68833333, -6.28333333,
       -6.57333333, -6.03333333, -6.07      , -5.75666667, -5.29      ,
       -6.14666667, -6.32333333, -6.49666667, -5.72      , -5.93666667,
       -6.18666667, -6.37      , -5.72333333, -5.59333333, -5.43      ,
       -6.46666667, -6.79333333, -6.86666667, -7.05666667, -7.05666667,
       -7.04727066, -7.05666667, -6.85333333, -6.90333333, -6.42      ,
       -5.85333333, -6.64333333, -6.51666667, -6.64333333, -6.05333333,
       -6.35333333, -6.69333333, -6.10166667, -6.90333333, -7.41965667,
       -7.13264667, -7.14789917, -7.14789917, -7.09918982, -7.03783642,
       -6.07287987, -6.35476375, -5.78833594, -6.09676221, -6.03758396,
       -6.31465105, -6.31465105, -7.04755583, -7.03050499, -6.0015427 ,
       -6.0015427 , -5.25483227, -4.91189775, -5.99333333, -6.12666667,
       -5.97333333, -5.96333333]), array([-5.38333333, -6.93666667, -5.16333333, -5.47333333, -4.84      ,
       -6.13333333, -6.69      , -4.79666667, -6.34      , -6.79333333,
       -5.76      , -5.73833333, -5.01333333, -5.23      , -4.79666667,
       -5.55666667, -6.16333333, -6.64666667, -6.51333333, -6.42      ,
       -5.92333333, -6.64666667, -6.58      , -5.15333333, -6.9       ,
       -5.83666667, -5.73      , -5.82      , -5.49666667, -6.94      ,
       -7.09      , -6.85      , -6.31333333, -6.71333333, -5.7       ,
       -5.81333333, -5.81333333, -5.91      , -5.91      , -5.69333333,
       -5.66666667, -5.72      , -5.66666667, -5.77      , -5.80666667,
       -5.91      , -5.905     , -5.73333333, -5.80666667, -5.905     ,
       -6.20666667, -6.77333333, -6.79666667, -5.88166667, -5.88666667,
       -6.02333333, -5.56333333, -5.66      , -6.20666667, -5.81333333,
       -5.82333333, -5.62      , -5.7       , -5.71666667, -5.49666667,
       -5.57333333, -5.64333333, -6.00666667, -5.55666667, -5.83      ,
       -5.65      , -5.52333333, -6.14      , -5.86      , -5.72333333,
       -5.76666667, -5.71      , -5.87333333, -5.92333333, -5.83      ,
       -5.92333333, -5.86      , -5.81      , -5.56333333, -5.46      ,
       -6.42      , -5.83      , -5.495     , -5.66      , -5.74833333,
       -5.74833333, -5.23666667, -4.38666667, -4.98333333, -4.98333333,
       -5.01333333, -3.82      , -5.41333333, -3.81666667, -4.39666667,
       -4.93      , -5.28666667, -4.90666667, -4.65      , -4.89666667,
       -4.90666667, -5.55      , -5.44      , -5.91333333, -5.30666667,
       -5.43666667, -5.38666667, -6.62666667, -5.46333333, -7.13666667,
       -6.91666667, -6.94      , -7.27666667, -6.77333333, -6.21333333,
       -6.86333333, -6.77333333, -6.63333333, -7.4       , -5.62333333,
       -5.55666667, -7.27      , -5.73      , -6.95666667, -7.49666667,
       -5.84666667, -6.27666667, -6.04      , -7.28666667, -6.29      ,
       -6.00666667, -5.95666667, -6.88      , -6.51333333, -6.98666667,
       -5.85333333, -6.31666667, -7.01333333, -6.25      , -7.15666667,
       -5.85333333, -5.95666667, -7.03333333, -6.03666667, -7.35666667,
       -5.76333333, -6.98      , -7.53      , -7.33666667, -7.03      ,
       -7.40666667, -6.88666667, -6.125     , -7.26666667, -7.24666667,
       -7.15      , -7.24333333, -6.90666667, -7.1       , -7.23      ,
       -7.21666667, -6.52333333, -6.76666667, -7.25666667, -7.15333333,
       -6.01      , -6.71333333, -6.5       , -6.05333333, -7.21      ,
       -6.54666667, -5.94333333, -5.94333333, -6.64333333, -5.83      ,
       -5.72      , -5.93      , -5.38333333, -5.97333333, -5.88666667,
       -6.19      , -6.36      , -6.35      , -5.92      , -6.66      ,
       -6.33      , -5.7       , -6.36      , -5.68833333, -6.85333333,
       -6.66      , -6.15      , -5.98666667, -5.79      , -5.44      ,
       -6.04      , -5.96333333, -6.08666667, -5.94666667, -6.05      ,
       -6.2       , -6.26      , -6.13      , -5.57333333, -5.75333333,
       -6.40666667, -6.79333333, -6.88      , -6.95333333, -6.95333333,
       -7.11531065, -6.58      , -6.85333333, -6.90333333, -6.42      ,
       -5.63      , -6.64333333, -6.51666667, -6.64333333, -6.17      ,
       -6.04666667, -6.48      , -6.66      , -6.90333333, -7.02666667,
       -7.11884911, -7.10179827, -7.10179827, -7.05308892, -6.88952423,
       -6.15534749, -6.35476375, -5.65619551, -5.96736882, -6.20272064,
       -6.31465105, -6.31465105, -7.00145494, -7.03050499, -5.98906263,
       -5.98906263, -5.2156191 , -5.25808555, -5.98      , -6.02      ,
       -5.97333333, -5.88666667]), array([-5.53333333, -6.9       , -5.16333333, -5.63666667, -4.94333333,
       -5.72666667, -6.69      , -5.31666667, -5.94333333, -6.76666667,
       -5.76      , -5.53      , -4.99      , -5.51      , -5.39      ,
       -6.17666667, -6.17666667, -6.91666667, -6.71666667, -5.59333333,
       -5.40666667, -6.91666667, -6.17666667, -5.80333333, -6.82333333,
       -5.82333333, -6.33333333, -5.86333333, -5.49666667, -7.03666667,
       -7.11      , -6.85      , -6.6       , -6.56666667, -5.84      ,
       -5.76333333, -5.8       , -5.77333333, -5.69666667, -5.56666667,
       -5.66666667, -5.66      , -5.66666667, -5.69      , -5.60666667,
       -5.95      , -5.905     , -5.60333333, -5.80333333, -5.905     ,
       -6.22      , -6.47666667, -6.55      , -5.87833333, -5.73      ,
       -5.63333333, -5.56333333, -5.65833333, -6.23      , -5.78      ,
       -5.82333333, -5.74      , -5.74666667, -5.74666667, -5.58      ,
       -5.66666667, -5.64333333, -5.62      , -5.36333333, -5.62      ,
       -5.66833333, -5.46      , -5.79333333, -5.85333333, -5.82      ,
       -5.79333333, -5.66666667, -5.78666667, -5.87      , -5.71333333,
       -5.87      , -5.86      , -5.79333333, -5.56333333, -5.85      ,
       -6.5       , -5.77333333, -5.52166667, -5.66      , -5.78666667,
       -5.94      , -5.23666667, -4.34      , -5.14666667, -4.62      ,
       -4.94333333, -3.61      , -5.41333333, -3.61      , -4.15333333,
       -4.93      , -5.20666667, -4.90666667, -4.54      , -4.55666667,
       -4.88333333, -5.48666667, -5.27333333, -5.77666667, -5.14333333,
       -5.27666667, -5.30666667, -5.91333333, -5.56      , -7.13666667,
       -7.07333333, -6.74      , -7.09333333, -6.87      , -6.57333333,
       -6.86333333, -6.59      , -6.63333333, -7.23666667, -5.62333333,
       -5.40666667, -7.24666667, -5.72333333, -7.27333333, -7.44666667,
       -6.41333333, -6.46      , -6.32666667, -7.24666667, -6.61666667,
       -6.24666667, -6.42666667, -6.88      , -6.61      , -7.15333333,
       -6.03      , -6.        , -7.01333333, -5.96333333, -7.03      ,
       -6.40333333, -6.02333333, -7.03333333, -6.03666667, -7.42666667,
       -6.57666667, -6.92666667, -7.53      , -7.32333333, -7.03      ,
       -7.44333333, -6.91      , -6.315     , -7.15      , -7.35666667,
       -7.47666667, -7.1       , -6.90666667, -7.17666667, -7.32666667,
       -7.30333333, -6.97333333, -6.96      , -7.23      , -7.09333333,
       -6.27666667, -6.68      , -6.33      , -6.10666667, -6.93      ,
       -6.54666667, -6.09666667, -6.17      , -6.54666667, -5.84      ,
       -5.72      , -5.95666667, -5.38333333, -5.87333333, -5.75666667,
       -6.11666667, -6.92333333, -6.25666667, -5.92      , -6.66      ,
       -6.33      , -5.79333333, -6.29666667, -5.68833333, -6.85333333,
       -6.66      , -6.03      , -5.96      , -5.65666667, -5.29      ,
       -6.32666667, -6.24666667, -6.34      , -5.70666667, -5.97666667,
       -6.2       , -6.26      , -6.13      , -5.59333333, -5.78333333,
       -6.66666667, -6.79333333, -6.86666667, -7.07333333, -7.07333333,
       -7.09598   , -7.08666667, -6.85333333, -6.98      , -6.26666667,
       -5.92      , -6.73333333, -6.73333333, -6.78      , -6.05333333,
       -6.04666667, -6.48      , -6.27166667, -6.98      , -7.38666667,
       -7.11884911, -7.10179827, -7.11884911, -7.03375827, -6.88952423,
       -5.85514237, -6.05455863, -5.73463631, -6.04306258, -6.20272064,
       -6.32689199, -6.32689199, -7.04755583, -7.03050499, -6.03145317,
       -5.95915216, -5.25483227, -4.91189775, -5.99333333, -6.12666667,
       -5.98666667, -5.96333333]), array([-5.95666667, -6.93666667, -5.34333333, -5.63666667, -4.95333333,
       -6.02      , -6.11      , -5.39      , -5.94333333, -7.53333333,
       -5.58333333, -5.53      , -5.04      , -5.58333333, -5.39      ,
       -5.55666667, -6.16333333, -6.64666667, -6.47666667, -6.17333333,
       -5.81      , -6.64666667, -6.58      , -5.58333333, -6.9       ,
       -5.82333333, -5.97      , -5.69666667, -5.49666667, -7.03666667,
       -7.11      , -7.39666667, -6.29      , -6.56666667, -5.71333333,
       -5.81666667, -5.75      , -5.83      , -5.83      , -5.57333333,
       -5.63333333, -5.70333333, -5.71666667, -5.69      , -5.58666667,
       -5.91      , -5.73      , -5.73333333, -5.91      , -5.66666667,
       -6.45666667, -6.49      , -6.26333333, -5.91      , -6.24      ,
       -6.05      , -5.72666667, -5.72833333, -6.09333333, -5.79666667,
       -5.76666667, -5.64666667, -5.72333333, -5.77333333, -5.59666667,
       -5.61333333, -5.64333333, -5.62      , -5.36333333, -5.83      ,
       -5.71666667, -5.50333333, -6.21      , -5.87      , -5.82      ,
       -6.21      , -5.71      , -5.88666667, -5.87      , -5.87      ,
       -5.87      , -5.86      , -5.87      , -5.56333333, -5.65666667,
       -6.42      , -5.67666667, -5.495     , -5.63333333, -5.74833333,
       -5.94      , -5.41333333, -4.38666667, -4.98333333, -4.98333333,
       -5.01333333, -3.82      , -5.41333333, -3.81666667, -4.40333333,
       -4.93      , -4.99333333, -4.95333333, -4.54      , -4.55666667,
       -4.93      , -5.63      , -5.23      , -5.48      , -5.22666667,
       -5.30666667, -5.46666667, -6.62666667, -4.88666667, -6.94      ,
       -6.91666667, -7.22      , -7.09333333, -6.77333333, -6.4       ,
       -6.86333333, -6.55666667, -6.66666667, -7.4       , -5.63      ,
       -5.40666667, -7.48      , -5.63      , -6.95666667, -7.44666667,
       -6.11      , -6.46      , -5.88666667, -7.40666667, -6.57666667,
       -6.24666667, -5.95666667, -7.04      , -6.61      , -6.98666667,
       -6.03      , -6.31666667, -7.38666667, -6.25      , -7.25      ,
       -5.78666667, -5.70333333, -7.03333333, -5.73333333, -7.42      ,
       -5.76333333, -7.18      , -7.53      , -7.33666667, -6.71666667,
       -7.47      , -6.54      , -6.14333333, -7.13666667, -7.38333333,
       -7.47666667, -7.23333333, -6.90666667, -7.08      , -6.93      ,
       -6.96333333, -6.97333333, -6.96      , -7.25666667, -7.09333333,
       -6.36333333, -6.37666667, -6.33      , -6.10666667, -7.49      ,
       -6.54666667, -5.57      , -5.94333333, -6.64333333, -5.91      ,
       -5.71      , -6.03666667, -5.61666667, -5.56666667, -5.75666667,
       -6.11666667, -6.79      , -6.25666667, -5.92      , -6.61666667,
       -5.88333333, -5.77333333, -6.16333333, -5.51666667, -6.85333333,
       -6.8       , -6.03333333, -6.07      , -5.65666667, -5.38      ,
       -5.88666667, -6.24666667, -6.27666667, -5.72      , -6.07333333,
       -6.24      , -6.36666667, -6.10666667, -5.57666667, -5.78333333,
       -5.99333333, -6.40666667, -6.79333333, -7.07333333, -7.07333333,
       -7.09918982, -7.08666667, -7.29333333, -6.90333333, -6.28333333,
       -5.92      , -6.43666667, -6.41666667, -6.43666667, -6.22      ,
       -5.63      , -6.20333333, -6.27166667, -6.90333333, -7.02666667,
       -7.05080911, -7.05080911, -7.03375827, -7.09918982, -6.85461245,
       -6.13963469, -6.35476375, -5.73463631, -5.79927766, -6.20272064,
       -6.31375932, -6.31375932, -7.03375827, -7.03375827, -6.03145317,
       -5.95915216, -5.25483227, -5.23671305, -6.1       , -6.12666667,
       -5.63      , -5.75666667]), array([-5.53333333, -6.73333333, -4.92333333, -5.37333333, -4.86      ,
       -5.62      , -6.29      , -5.32666667, -5.94333333, -6.79333333,
       -5.76      , -5.53      , -5.01333333, -5.51      , -5.4       ,
       -5.47666667, -6.10333333, -6.71333333, -6.75      , -6.15333333,
       -5.81      , -6.71333333, -5.47666667, -5.58333333, -6.82333333,
       -6.06333333, -6.11666667, -5.64666667, -5.49333333, -7.03666667,
       -7.11      , -6.77666667, -6.45      , -6.6       , -5.80666667,
       -5.76333333, -5.81333333, -5.81666667, -5.81666667, -5.57333333,
       -5.88666667, -5.72      , -5.86333333, -5.69      , -5.60666667,
       -5.91      , -5.905     , -5.60333333, -5.91      , -5.905     ,
       -6.45666667, -6.49      , -6.69      , -5.955     , -5.88666667,
       -6.08333333, -5.56333333, -5.65833333, -6.09333333, -5.81666667,
       -5.82333333, -5.85333333, -5.69666667, -5.69666667, -5.49666667,
       -5.51333333, -5.66666667, -5.62      , -5.41333333, -5.71666667,
       -5.65      , -5.46      , -6.21      , -5.85333333, -5.82      ,
       -5.79333333, -5.54333333, -5.87333333, -5.87      , -5.87      ,
       -5.87      , -6.22      , -5.75666667, -5.56333333, -5.65666667,
       -6.42      , -5.67666667, -5.495     , -5.66      , -5.56      ,
       -5.825     , -5.23666667, -4.38666667, -5.29333333, -4.76666667,
       -4.60666667, -4.09666667, -4.87333333, -3.86666667, -4.39666667,
       -4.80333333, -5.20666667, -4.82666667, -4.89333333, -4.55666667,
       -4.74      , -5.72333333, -5.23      , -5.78333333, -5.22666667,
       -5.27666667, -5.46666667, -6.53333333, -4.67666667, -7.15      ,
       -7.11333333, -6.94      , -7.26333333, -6.77333333, -6.25333333,
       -6.85666667, -6.77333333, -5.9       , -7.4       , -5.56666667,
       -5.34      , -7.40333333, -5.73      , -7.16      , -7.44666667,
       -6.26      , -6.33666667, -6.04      , -7.28666667, -6.49333333,
       -6.27666667, -5.95666667, -7.11333333, -6.61      , -7.15666667,
       -6.31      , -6.83666667, -7.17      , -6.25      , -7.18      ,
       -5.85333333, -5.81333333, -6.78333333, -5.88333333, -7.45666667,
       -5.76333333, -6.93333333, -7.44333333, -7.45333333, -6.42333333,
       -7.49      , -6.88666667, -6.315     , -7.15      , -7.35666667,
       -7.26666667, -7.20333333, -6.95666667, -7.08      , -7.23      ,
       -7.05333333, -6.97333333, -6.60333333, -7.44      , -7.02333333,
       -6.36333333, -6.37666667, -6.33      , -6.56333333, -7.21      ,
       -6.10333333, -5.94333333, -5.86333333, -6.26      , -5.91      ,
       -5.72      , -6.03666667, -5.38333333, -5.87333333, -5.94333333,
       -6.11666667, -6.36      , -6.04      , -5.85      , -6.66      ,
       -6.86      , -5.79333333, -6.36      , -5.68833333, -6.85333333,
       -6.66      , -6.07666667, -6.07      , -5.65666667, -5.34      ,
       -6.04      , -6.23333333, -6.34      , -5.72      , -6.07333333,
       -6.2       , -6.2       , -6.10666667, -5.57666667, -5.78333333,
       -6.40666667, -6.38666667, -6.65333333, -7.06333333, -7.06333333,
       -7.04727066, -7.06333333, -6.87333333, -7.00666667, -6.16333333,
       -5.92      , -6.64333333, -6.51666667, -6.64333333, -6.05333333,
       -6.05666667, -6.34      , -6.27166667, -6.85      , -7.02666667,
       -7.08654577, -7.10179827, -7.11884911, -7.07013976, -6.74047156,
       -6.07287987, -6.07287987, -5.73463631, -6.04306258, -6.15754952,
       -6.31465105, -6.31465105, -7.01850578, -7.04755583, -6.03798503,
       -6.00807455, -4.83370635, -4.87064976, -5.97      , -6.18666667,
       -6.02      , -5.94333333])]","[-5.62066667 -6.87866667 -5.15133333 -5.55133333 -4.89133333 -5.824
 -6.41733333 -5.22933333 -6.06866667 -6.936      -5.72466667 -5.59133333
 -5.014      -5.43       -5.27333333 -5.74533333 -6.154      -6.714
 -6.594      -6.09866667 -5.74133333 -6.714      -6.27866667 -5.54666667
 -6.844      -5.874      -6.09666667 -5.76933333 -5.524      -7.01733333
 -7.09133333 -6.94466667 -6.45066667 -6.61133333 -5.77333333 -5.784
 -5.798      -5.82933333 -5.814      -5.596      -5.704      -5.68133333
 -5.71133333 -5.706      -5.64266667 -5.95333333 -5.854      -5.812
 -5.868      -5.82266667 -6.35933333 -6.52533333 -6.598      -5.916
 -5.926      -5.97466667 -5.596      -5.666      -6.12666667 -5.79733333
 -5.79333333 -5.70133333 -5.718      -5.74133333 -5.53333333 -5.588
 -5.66666667 -5.69733333 -5.412      -5.76533333 -5.667      -5.46933333
 -6.096      -5.85       -5.784      -5.86333333 -5.622      -5.83333333
 -5.90266667 -5.81933333 -5.844      -5.932      -5.808      -5.61466667
 -5.632      -6.42933333 -5.72666667 -5.488      -5.63866667 -5.71833333
 -5.87866667 -5.35333333 -4.44333333 -5.078      -4.86733333 -5.02333333
 -3.826      -5.224      -3.77866667 -4.47733333 -4.88733333 -5.18
 -4.88733333 -4.63266667 -4.67066667 -4.87333333 -5.62266667 -5.274
 -5.74733333 -5.226      -5.31466667 -5.37       -6.42733333 -5.09466667
 -7.1        -6.98733333 -6.956      -7.164      -6.79266667 -6.368
 -6.91666667 -6.69333333 -6.49333333 -7.34466667 -5.64266667 -5.42333333
 -7.32933333 -5.73666667 -7.06066667 -7.496      -6.09533333 -6.422
 -6.088      -7.30266667 -6.45333333 -6.22       -6.11733333 -7.014
 -6.63533333 -7.054      -6.072      -6.35733333 -7.11933333 -6.19533333
 -7.17333333 -5.95       -5.84       -7.00466667 -5.90733333 -7.41733333
 -5.926      -7.         -7.49133333 -7.37466667 -6.846      -7.45066667
 -6.822      -6.13       -7.19666667 -7.322      -7.36933333 -7.176
 -6.938      -7.004      -7.11       -7.15066667 -6.856      -6.81133333
 -7.288      -7.09133333 -6.27533333 -6.532      -6.364      -6.24333333
 -7.21       -6.41866667 -5.89933333 -5.95133333 -6.586      -5.87866667
 -5.76333333 -5.99933333 -5.43       -5.852      -5.86133333 -6.18666667
 -6.50733333 -6.25333333 -5.86633333 -6.65266667 -6.416      -5.792
 -6.28666667 -5.654      -6.73933333 -6.67066667 -6.06466667 -6.03133333
 -5.70333333 -5.348      -6.088      -6.20266667 -6.308      -5.76266667
 -6.022      -6.20533333 -6.29133333 -6.03933333 -5.58266667 -5.70666667
 -6.388      -6.63466667 -6.812      -7.044      -7.044      -7.08100436
 -6.97466667 -6.94533333 -6.93933333 -6.31066667 -5.84866667 -6.62
 -6.54       -6.62933333 -6.11       -6.02666667 -6.43933333 -6.31533333
 -6.908      -7.17726467 -7.10153995 -7.10082062 -7.10423078 -7.07107332
 -6.88239378 -6.05917686 -6.23834595 -5.72968808 -5.98990677 -6.16065908
 -6.31692089 -6.31692089 -7.02976613 -7.03456582 -6.01829934 -5.98339684
 -5.16276445 -5.03784877 -6.00733333 -6.11733333 -5.91666667 -5.90266667]","[0.1950658  0.07532448 0.13362634 0.10919096 0.04721582 0.21298305
 0.23307033 0.21805606 0.1622974  0.29884518 0.07066667 0.08278084
 0.01583246 0.13353318 0.2383648  0.2740446  0.02585429 0.10457108
 0.11503429 0.27209149 0.17594949 0.10457108 0.43035179 0.2132083
 0.04923413 0.09480741 0.22930814 0.08282243 0.05634812 0.03866667
 0.0284097  0.22777767 0.13362302 0.05389702 0.05593647 0.02533333
 0.02454927 0.04464178 0.0681958  0.04873511 0.09224123 0.04475116
 0.0796827  0.032      0.08236504 0.068443   0.06931089 0.29315601
 0.05145008 0.10291096 0.11928304 0.12878233 0.18477133 0.03369141
 0.16831716 0.17214464 0.06533333 0.03382307 0.0811309  0.01569147
 0.03852849 0.08624513 0.01820867 0.03059412 0.04521553 0.05066667
 0.03614784 0.15466667 0.07488065 0.08489471 0.02582849 0.04255193
 0.155226   0.01932184 0.04429196 0.17402426 0.09363285 0.05609516
 0.04383809 0.05748043 0.08133333 0.144      0.03661208 0.10266667
 0.13222204 0.03761796 0.06380526 0.02921948 0.03109841 0.08054674
 0.07893316 0.16033299 0.13785661 0.12487505 0.14944936 0.29905035
 0.1560826  0.23568717 0.08843328 0.29540481 0.05376492 0.09834181
 0.04630335 0.13711957 0.14388885 0.06828047 0.09391249 0.08649727
 0.14316114 0.05165699 0.0620967  0.09432803 0.26645325 0.35034332
 0.08016649 0.08746809 0.15304901 0.08665128 0.03866667 0.12749902
 0.1100303  0.09854497 0.29694743 0.06958927 0.06767241 0.07149204
 0.09525171 0.07671013 0.13231948 0.0761694  0.22455487 0.10508409
 0.14529051 0.05425864 0.13917216 0.11029254 0.20146574 0.11559316
 0.10584265 0.08247289 0.1497791  0.2692244  0.14679388 0.11611489
 0.08077403 0.22813252 0.13060543 0.11812611 0.1166076  0.03289039
 0.32533333 0.09276014 0.04777726 0.053066   0.24369744 0.02815828
 0.1412893  0.20581005 0.06292853 0.05459345 0.1365349  0.06343501
 0.04235301 0.21332708 0.19219203 0.12376321 0.17455213 0.13524628
 0.07669854 0.04118252 0.13684704 0.14379924 0.068      0.19819183
 0.17708755 0.17510124 0.17504793 0.11733333 0.18827167 0.03587633
 0.09174845 0.04649492 0.09333333 0.1495118  0.08908423 0.1071655
 0.30317872 0.11573917 0.07724708 0.01818424 0.33574064 0.064
 0.07372622 0.06866667 0.228      0.07285907 0.04602415 0.04810174
 0.05811865 0.05706137 0.14529051 0.12381707 0.13237321 0.09214481
 0.05548173 0.01808621 0.06658662 0.15834421 0.00879394 0.13882043
 0.21922692 0.19442908 0.08499935 0.04577238 0.04577238 0.02831193
 0.19770461 0.17417233 0.04488999 0.09828304 0.11234075 0.09807027
 0.10413666 0.10991714 0.07118052 0.23054525 0.16333197 0.18448246
 0.04150502 0.18473893 0.02954754 0.03072591 0.03822724 0.02568189
 0.09505559 0.10745033 0.14269977 0.04222365 0.10384275 0.06397606
 0.0049975  0.0049975  0.01776065 0.00661609 0.01933465 0.02071701
 0.16522851 0.17189187 0.0471593  0.05393    0.14434527 0.07821338]"
9,SVR,"[-5.6400252710558725, -6.172355607278311, -6.287068226444389, -5.915903594585911, -6.714747332627127, -5.879058175886343, -4.907886737431248, -6.564931621108861, -6.665259291515787, -5.872679914823814, -5.634427905839735, -5.012109413332844, -5.937823615591829, -5.8188535929991625, -6.7407293872591865, -6.539821225951663, -5.514671754592461, -5.506195788271996, -5.519461253003664, -6.956630541297715, -6.685184806425194, -6.797214113507854, -6.931892634809045, -7.054315998916536, -6.790401493261365, -6.325110678141623, -6.643329665332015, -6.121740298678258, -6.813139466937462, -6.737455173964239, -6.544420622571472, -6.381597328202091, -6.406818805422285, -5.592227045812703, -5.769045022811167, -5.647337341352208, -6.04166296396183, -5.93674133481005, -5.958917322377146, -6.964756822882547, -5.853126622452519, -6.325927493537035, -5.748534761813377, -6.140380777420201, -7.041229205151832, -6.207167507403674, -7.1262034915871215, -5.8534535275517126, -6.053891586530532, -5.296474482647453, -5.5125893651420235, -5.245276073305441, -5.456469600794367, -5.622852890542244, -5.627285070042777, -5.921847734200318, -5.707594272607013, -5.742009949846311, -5.773645386637022, -5.683135218898557, -5.6227865623600595, -5.945418113083738, -6.01031518888429, -5.660773062115296, -5.695761246795898, -6.0247241294984, -6.077424998990448, -5.677655827790566, -5.720405916252984, -5.910273539187377, -6.036070580470754, -5.98011302140873, -6.134598073658272, -5.682742781933659, -4.977235185638372, -4.9334659365119835, -5.0214645735008885, -4.527101157018957, -4.794187228182927, -4.464328498997994, -4.698780587917048, -4.598412384623852, -5.129669584581142, -4.995083666418737, -5.0117740855195265, -5.4168300867998935, -5.143916496328703, -5.330957314557352, -5.846044647311365, -6.139233020336874, -6.187708467345644, -4.881107359121548, -5.8970526404446995, -5.58118160645981, -5.459287510205087, -6.264567814793261, -7.245985560955996, -7.370701126132925, -7.448466966052077, -6.400847457768996, -7.0252013529521475, -7.069801107778782, -5.575557294977262, -7.440587045332315, -6.761917314932377, -6.992146775694789, -7.139121325538907, -6.241336434021099, -6.934919558017683, -7.128450627669593, -6.409189471215581, -6.9808253053364755, -6.734154392890945, -6.3612395776945085, -7.335774946750831, -7.224983322924048, -6.9157568165239525, -6.776789518068048, -7.045674442815125, -6.106126295272056, -6.42053835517277, -7.252087955752355, -7.592512875620497, -7.201117549312672, -7.289420447446405, -7.21457828259492, -7.157786749106396, -7.275076559995018, -6.238838751426165, -6.954025531449384, -7.338216813165019, -5.98211114605452, -7.442287641866901, -6.2508147260989215, -6.766561711253058, -7.192866390967002, -7.299727718917122, -6.863837320732642, -6.9052405207190315, -5.369774975307666, -6.470567912839316, -6.233552540750751, -7.443173333000729, -5.807771905175343, -6.703546396091631, -6.9782283335390645, -6.458957003760974, -6.017812655654749, -6.145298357545469, -5.708177219626843, -5.868785420409573, -6.600184764671886, -5.874678412881385, -6.155698975459448, -6.218468728901861, -5.6113222532363745, -5.791497479448662, -6.822409220741747, -6.888645793876815, -7.103777308936707, -6.165772051832005, -6.50345527516683, -6.056198187923497, -6.067175323458673, -6.349374773299085, -6.1892938677936495, -6.306743469870414, -6.501257765723958, -6.632046387409514, -6.301499634976151, -5.7988144114989675, -6.178861960147938, -5.784753564150613, -7.037642680211771, -6.1235674314043305, -6.084184021785202, -6.7092502202367115, -6.706451857640977, -5.727660144025091, -6.18162593680172, -5.784217136633171, -6.715003721323992, -6.065342384649825, -6.519701476781942, -5.608364409075033, -6.687842641206229, -6.970498815067921, -6.807954326146642, -5.801607472150748, -6.133625228188673, -5.899017324723685, -5.8747917703814, -6.452463690153873, -6.33441241947699, -6.260025913998979, -5.767466208859287, -6.123059823591064, -5.997073162953864, -5.561442986461546, -5.872271158072946, -6.125434465887398, -7.187991864745063, -5.654598037343548, -6.174695795827461, -5.279394499265544, -5.3658397936099345, -6.050708662777058, -5.600035067565312, -5.392500375998375, -5.1390971053467895, -6.291642789011774, -5.837327231948752, -5.517936295947727, -5.390370651627792, -6.7476446654849855, -6.118113525833181, -5.762964996052719, -4.962329217354562, -6.574747902030442, -5.85630369626263, -5.731598916152128, -5.846543261506952, -6.071300451153029, -7.020500127578565, -6.98707739761268, -6.868112916090055, -6.577972468386442, -6.6269024561948076, -6.3531142766586575, -6.68769075203783, -5.88579604946945, -6.126919167157816, -5.721961067634407, -5.777046735597913, -5.817771685634405, -5.803362549655473, -5.951682872823339, -5.518488756519103, -5.720229994324889, -6.0233219509954266, -5.51074968836838, -5.468544456048677, -6.108888889005747, -5.484171752600932, -5.844889599650881, -5.8505452362808725, -5.857454409400178, -6.872455144357847, -6.593644739369898, -6.073726312437581, -5.937688466516224, -5.616057307423483, -5.9923053307350225, -5.6128365616524505, -6.0273071533858635, -5.801063469166742, -5.956463354823686, -5.712441687669555, -5.706269921674012, -5.777298746914879, -5.769604868144555, -5.560388402609947, -5.4718514356871575, -5.707360213774243, -5.735713498742338, -6.159133767972595, -5.669708200292842, -5.6002350246735, -6.166413389710914, -5.75917790431821, -5.815021678829008, -5.982812868178071, -6.407423326882716, -5.679272833483875, -5.632248525144534, -4.296893098617583, -5.011457782856352, -5.223049302613158, -5.1324808132566675, -5.0396693336114184, -4.942591207590912, -5.042907494903343, -5.23245011061816, -5.449961709965505, -5.4256335135480285, -5.509143935570065, -5.219195958238572, -5.179200547549677, -5.750109419446377, -5.500221460457776, -6.880918743898116, -7.100501356371916, -7.0865284422530745, -7.456404217274298, -6.962835891752505, -6.408747763220465, -6.238033038939119, -6.234590170348324, -7.200185849533043, -6.982747634222787, -7.31461901932811, -7.177202591788456, -7.210495599513227, -6.3827116606403935, -7.140173106622909, -6.207066833805268, -6.288643115417389, -7.002267251692341, -6.591138780102142, -6.841826315245789, -6.569351299800323, -6.408658197270018, -6.365644939493041, -7.170341997298838, -6.708487690577832, -7.315654286504507, -7.189252179643362, -6.930308505543253, -7.406849186002908, -6.943745361818534, -7.26568888324255, -7.3029957569872455, -5.962518654008234, -7.148886517495926, -7.020910675057104, -6.844139036789424, -7.1300805961244285, -7.054958517920695, -6.696240708889559, -7.392395571943447, -7.330381723028594, -6.990697340264637, -6.830679585630665, -7.1508596975131935, -6.627402850487102, -6.489535049401279, -6.336753490683849, -5.563361693613527, -6.320368957291314, -6.565286302538488, -6.474415846766467, -6.714035604783228, -6.631721250077162, -6.101604069358176, -5.938887306162648, -6.091040233853916, -6.06049183231482, -6.985004740752824, -6.796937322537214, -7.139044248426752, -6.0187742109271785, -6.207761997512714, -5.902339498766005, -6.755431003607412, -6.26405742476535, -5.78431242983225, -6.368955352261526, -6.575128583052618, -5.932666179437678, -5.839261798531927, -5.934507880872908, -6.3691792627359085, -6.296423849606222, -6.108096318995204, -6.005533611429204, -6.136287008124524, -5.899938532232691, -6.54047362167852, -6.0228097564914815, -5.688556007966468, -7.104137809876516, -6.721367947511636, -6.6976297749489575, -6.467406970545278, -5.92158460222696, -6.0897682230132775, -6.888420732478672, -5.91062467372803, -6.902312222007099, -6.06918494257095, -5.763693779019714, -5.795740561704897, -5.771460100665827, -6.331649315083111, -6.247958146433909, -6.065697375066295, -5.856923194951184, -5.358241463035826, -4.931900338097879, -5.436649553178792, -5.957855554736428, -5.957620806613875, -6.317908690441823, -6.247339367312807, -5.86634339165631, -6.0731598356866066, -5.664877711897777, -5.653498279865719, -5.958311516837724, -5.336695279152518, -7.162623696922694, -5.805902092021856, -5.967361052867029, -5.8173818370976695, -5.001125694850785, -5.446913271405046, -6.482976694887049, -5.904412249242614, -5.4197068181616945, -5.512220334631568, -6.141422952426275, -5.770378281938785, -6.160860952142404, -6.908020954339255, -6.247927701813893, -6.39129101285426, -6.940793803936914, -6.627577463508099, -7.025729280795676, -6.06069466814269, -6.972170805357939, -5.771486946224849, -5.94420300716944, -5.985845032288345, -7.101412636903403, -7.072558345166257, -7.042615632070344, -7.077382110825353, -6.872694109588804, -6.216572634590026, -6.127074261342027, -5.594762627878256, -5.8473561711797934, -6.06445600918912, -5.798640148875818, -5.715955920416694, -5.742700478461746, -5.850788350771462, -5.5800846689556955, -5.530941552197422, -5.937910887662424, -6.084671867987198, -6.1899851669315975, -6.012637973412108, -6.310821224335498, -5.782566691874095, -7.120942647306071, -6.313462041648306, -6.363380204011928, -7.288261373665877, -5.4486613338574665, -6.069693563476451, -5.942073657143119, -6.065710392775277, -5.487604967247827, -5.679310827280549, -5.494503281655335, -5.5165800967398715, -5.598105397480913, -5.729154151282579, -5.754852102379784, -5.741617680780391, -5.401277302687217, -5.551589258660519, -6.157092132186521, -5.639212815243516, -5.660889450037339, -5.7865748345421535, -5.644205319676298, -5.724503979069905, -6.153118218193055, -5.905103789791554, -5.946168804676657, -5.590922545024993, -5.60259409134415, -5.6525067520285175, -5.985202392550163, -6.073329898998446, -5.577842705232862, -5.431711829090345, -5.732447640522183, -5.924151934264771, -4.215869074273665, -4.702805382235659, -5.144365647849914, -4.9776133469009975, -4.3347871562441656, -3.6932542195475895, -4.866108790691911, -4.778333794198291, -4.680091243584119, -5.693249359857026, -5.075275061907455, -5.8193160270335165, -5.174550970384805, -5.306338937539363, -5.601825758741025, -5.152757291999274, -5.409956593468014, -5.04933478183361, -5.236993443344584, -5.337351392349689, -6.34554201692537, -5.536077317664745, -7.265257705974505, -6.470912205170192, -6.765365161834316, -6.354819529712994, -6.7452829237649805, -7.204280619629818, -6.839193954258542, -6.42516247839549, -7.1283707379582335, -7.40124668734008, -5.981590905288145, -7.143069814707951, -7.418603331822349, -5.663625836645894, -6.040933384881273, -7.198019353911642, -7.191513980072703, -7.045994556251829, -7.227259437601047, -7.269091699835565, -7.2717867650805585, -6.281791857543233, -7.076826360270989, -7.198288941904693, -7.253615053831432, -6.983150236767994, -6.159911194897132, -7.16841849295031, -6.657077043153875, -7.152965402546966, -6.241629189297882, -6.98215624978168, -6.101648242774622, -6.626643000681933, -7.236301627996317, -6.34202483491302, -6.109984512494897, -6.944308626358922, -5.899578250580941, -7.125410451684422, -5.774621408960392, -7.384956001232164, -7.3546089122493665, -7.3851946306260405, -6.372983597481539, -6.3452043254738815, -6.461050332918546, -7.224099608447865, -6.904733756794071, -7.0170618700525615, -6.992089282711068, -6.28453321817306, -6.556166194579303, -6.627452952023346, -5.828421794060772, -6.746562222929997, -7.0177141937805985, -6.066356709568739, -5.685363051095261, -5.612251765741911, -6.495905152679145, -6.930490141233381, -6.223558347873818, -6.4579657217669615, -5.932991882696781, -5.685466080683262, -6.62230036199894, -6.230729996991327, -6.3321908026808345, -6.680046438380912, -6.14393159657619, -6.319811939397083, -5.8128658503852915, -6.187850773688857, -6.863723151638228, -6.481189457864068, -5.7936435184786506, -6.213392667408976, -6.454938812032531, -6.496834161280118, -6.049753427395089, -6.814198593473216, -7.0631079064036, -7.137883039426705, -7.033330648932707, -6.1938750624654135, -6.081534929085401, -5.561943066510545, -5.8635752555143945, -6.372709622278825, -6.319996057846533, -6.277552810397244, -6.253993976908184, -5.753367429865527, -5.366403014158979, -6.149470039595086, -5.9019458135103875, -5.754403909176919, -5.8302637497536685, -5.6561570596655555, -5.928386600118899, -5.797013386359675, -5.09573909077919, -5.0749879129750575, -4.903379483112146, -6.508674489116756, -5.9411628800719765, -5.121298506244895, -5.132385003856299, -5.304410724561846, -6.357159743668442, -5.430617456034485, -5.3546660315237125, -4.959330108308391, -5.685305486255261, -7.216631783804097, -5.8384251354742105, -6.239306715855532, -5.757436140364801, -5.598004202468143, -5.458951538881958, -6.746069772976688, -6.996937888494799, -6.554002904457484, -7.536415440005213, -7.180519277850858, -6.808892743138634, -6.689957851725158, -6.613806110651089, -6.364076596553176, -6.28885536380357, -6.418002770060607, -5.984245088089796, -5.672595154777889, -6.049755548622239, -5.774574093056932, -5.569071887265501, -5.62330056660054, -6.025383735335816, -5.828129634296745, -5.61079681311032, -5.5814748541588095, -6.402997718100216, -6.351424329897376, -6.48830307105971, -5.837075577336895, -6.243384019095602, -6.129889226377762, -5.655792299456657, -5.91682899159698, -5.6321109601777, -5.82846831803092, -5.530585568899449, -5.812273593930592, -5.756014661365818, -5.602723685744799, -5.669720431298661, -5.539081091694462, -6.001784331635874, -6.095306571703386, -6.172760826637356, -6.307957747382887, -5.62475635435439, -5.851228383485793, -5.889235702844676, -5.999808893599617, -5.807922901950585, -5.19796173387689, -4.836192019065649, -5.505593990882623, -4.5119113790355545, -3.8810934379794118, -5.0965946284147545, -5.3689694520428475, -5.084306227220483, -5.012230939283718, -5.295557362789083, -4.9261670893004075, -5.321408845874191, -5.097964736692837, -5.261289361378958, -5.378295907324175, -5.908924431965518, -5.382156197131791, -5.078102923789583, -5.252721194420888, -5.951379112388508, -5.226686142717022, -5.386064724012779, -5.375476943450022, -5.639243158362905, -7.206821233187891, -7.1845155519368165, -6.598815841930249, -6.3102918253056, -7.290585400267572, -6.104041603921029, -6.069064290152608, -6.953240598896661, -7.2861648710453775, -5.399338676939331, -7.275579244702726, -5.423187548525403, -6.128769987712339, -6.315311504950964, -6.638824096652744, -6.709162021283577, -5.372964332465597, -5.725759228190055, -7.179768762156946, -6.606407413684556, -7.22871641027768, -7.215821679448618, -7.398887562168764, -6.572576297019721, -6.30207755338392, -7.115243313033366, -7.057324871669476, -7.108636193419223, -6.314567623763855, -7.190180460980095, -5.95928806096332, -7.216882676352226, -6.356944020291213, -7.146024345911292, -6.21822905023287, -7.153181253717324, -7.305305566611101, -7.1908789271036415, -6.733083621794638, -7.283976615245582, -7.058588926652767, -7.106398827687018, -6.585673722198796, -5.899425563919297, -6.867639653212261, -7.114988908795574, -6.010302448291413, -7.190753521795888, -6.938010796510573, -6.4160149695518, -6.3634352611316105, -6.633877875686855, -6.308479269582717, -7.042673737615649, -5.885014647120986, -5.787291168060494, -6.028341923258298, -6.002375881910415, -5.2834388125745875, -5.754374613937885, -5.386582442223233, -5.453995639071046, -6.026204387639147, -5.959971996241504, -6.49870804212726, -6.471987783058495, -5.612235726221257, -6.115311984737297, -6.267497127047402, -6.327406381380119, -6.3685889803218565, -5.36365683847596, -5.941840119793246, -6.482559889424836, -5.989759774762522, -6.228166063137088, -6.078912788708329, -5.874610541797969, -6.463762470033007, -6.394683102885046, -7.062319230625465, -6.913670500786702, -6.928751190949069, -6.719603119320222, -5.926076923143114, -6.904943756073884, -6.89982149750928, -6.874245382464701, -6.571689372557066, -6.162131500855939, -6.049261366162376, -6.340659898329759, -6.958435999000181, -6.579969894506432, -6.844967863134981, -5.989212947852339, -5.995554523468267, -5.79414846538916, -6.190225770894172, -6.337063120279214, -6.825395897358403, -7.070429604336613, -5.391987291212499, -6.0822781958145145, -5.110683946260988, -5.972201525728867, -5.878041048165751, -5.546537328078135, -7.097434199795282, -5.58788305822507, -6.5180810250997006, -5.8867762692488865, -5.839826200671211, -5.816748266313779, -6.69369545274224, -5.389055656391285, -4.6852166940098545, -4.740479116601614, -5.725035956497488, -5.600521765173032, -6.713925573744673, -6.8054409109158005, -7.011163006674292, -5.9628041674135, -6.9057556051256075, -6.540434568416636, -6.995894204363193, -5.7147364850832325, -6.361329713546088, -5.953035760794314, -5.8576690176334765, -5.496226785614608, -7.047620526644849, -6.860547581988688, -7.22185200138934, -6.7611502595454995, -7.147092125210243, -6.289501770332957, -6.626786932574431, -6.692536891560283, -6.223209023768149, -5.960171995432126, -5.942650439495028, -6.95109032932823, -6.81859043617761, -7.482290362114712, -6.703083925193535, -5.9866745604155955, -5.643051773746893, -6.00255428017718, -6.068333274757778, -5.6598390784072174, -5.743276564205143, -5.876565233002305, -5.792619297850709, -5.765985303269181, -5.6876513773782245, -5.769830861405833, -5.473650256093709, -5.690129224443432, -5.786108999233703, -5.931542563177974, -5.731528245045938, -5.77303923733957, -5.793696904323104, -5.59375815426883, -5.731481422999767, -5.977695128771352, -5.903458156053824, -5.900236277798797, -5.913849971776446, -6.103232291100367, -6.086122186709625, -5.805541957847396, -5.753717949936871, -6.007731049508461, -6.054352247377269, -5.557831315027049, -5.509152612050541, -4.387289608760622, -5.229011874403484, -4.915210938025263, -5.0508870757032565, -5.300640313898253, -4.321829901138797, -4.689985611671969, -4.8887529270905254, -5.069304889033045, -5.058521028167369, -4.9328802840497845, -5.4377396936335005, -5.0799101103121975, -4.997657900214963, -6.019958880348181, -5.9501432930660965, -4.978976843189334, -5.236155122381417, -5.767722236463801, -6.467139317236378, -4.839102143499625, -7.2919916513701715, -7.346822290637102, -7.163870839182273, -7.403882600196994, -7.24083403546245, -5.398708777393249, -6.858617887479012, -5.689702885227213, -6.5808897624052225, -6.5668243822429595, -6.644279955849398, -7.072852680454239, -7.043483414861733, -5.573060515586466, -7.51702545546976, -7.199747556939778, -7.528661158570425, -6.439440343351072, -7.0357956630426415, -7.423587372666811, -6.945786357619839, -5.756215459916374, -6.376622377047577, -6.858466998219449, -6.926592923782108, -5.549735933340578, -6.822357243681405, -7.184778021917886, -6.70134363429935, -7.127694102548078, -6.923477404213347, -6.776976119315822, -6.638088950785878, -7.309507844851131, -7.627516021344901, -7.533817825610148, -7.031457804329365, -6.863827088181814, -7.634252751165613, -5.947262810420582, -6.759305752115152, -7.330694634458873, -7.179842775663309, -6.644652903997983, -6.835541919449197, -7.283605772115838, -6.372061420165384, -6.188786944746475, -5.992543647185955, -7.4419549231589395, -6.964971752082212, -6.966554642742132, -7.2629466160312415, -6.946332064091889, -6.189698849098656, -5.406911992991461, -6.475822196585977, -6.0188096988663355, -6.097961904067494, -5.845555413154754, -6.737110630930705, -5.435903177652419, -6.5596733884459155, -6.158489588617987, -6.560368304182933, -5.937954538036706, -5.878550635518589, -6.487205451956874, -6.763350422026912, -5.707153576197033, -5.958600664066963, -6.21613661258658, -6.268161014379772, -6.296469141580401, -6.501361469489694, -6.10912870617558, -6.158504445089492, -6.5143243934026644, -6.9555775873885075, -6.800280545772962, -6.50237130654411, -6.926549171292614, -6.595120167639937, -6.477980557227947, -6.686891783458821, -6.735260405246063, -6.232481408695566, -6.179448439528491, -6.197085134324382, -7.10580376875537, -6.931937686827178, -6.903671930432523, -6.529757431320348, -6.144025997124996, -5.8925031557462235, -5.796196552592815, -5.882446994502809, -6.301611137460931, -6.28229215350724, -6.236505947776374, -6.225379121230837, -7.113475951663634, -5.864209101604136, -4.968927760162512, -4.910909130640622, -5.6253569441963815, -5.914837854711448, -5.76253075224551, -5.898232094254937, -5.6412619227731, -6.315817423235341, -5.862908509333997]","0     -6.440000
1     -6.400000
2     -5.660000
3     -6.700000
4     -4.670000
         ...   
247   -4.844664
248   -5.800000
249   -5.960000
250   -5.520000
251   -5.740000
Name: Permeability, Length: 252, dtype: float64","[array([-5.88594002, -6.32252387, -5.43433875, -5.4579823 , -5.0234655 ,
       -5.83004209, -6.68156777, -5.64871463, -5.89589276, -5.90810104,
       -5.44129769, -5.63219688, -5.15666874, -5.28721459, -5.14421906,
       -5.90031109, -6.58459759, -6.8011879 , -6.66934835, -6.09233195,
       -5.82136741, -6.49296853, -6.3250665 , -5.76165039, -6.13295258,
       -5.87075898, -6.39204485, -5.84530842, -5.51728983, -6.82490086,
       -6.96514814, -6.53194822, -6.34862059, -6.33507573, -6.13179195,
       -5.93776972, -5.72203233, -5.6144183 , -5.62222222, -5.77007159,
       -5.77752801, -5.8971581 , -5.98645008, -5.70195131, -5.53321759,
       -5.77367784, -5.68584289, -5.90192268, -5.94227616, -6.07059789,
       -6.42638315, -6.16446954, -6.52371271, -6.37578204, -5.94462904,
       -5.70781383, -5.52632492, -5.75855355, -5.94487147, -5.84961213,
       -6.02700993, -5.73611243, -5.63501648, -5.73386804, -5.53006278,
       -5.61986592, -5.83501895, -5.90422677, -5.88912924, -5.69992868,
       -5.92437096, -5.24374584, -6.09730546, -6.14464789, -5.63530588,
       -6.04763739, -5.92112341, -5.74010811, -5.96617325, -5.71278854,
       -6.06317838, -6.12399032, -5.59665532, -5.84461784, -5.70982828,
       -5.85018552, -5.57027027, -5.48655109, -5.70569713, -5.88412137,
       -5.74411952, -5.25767781, -4.61449512, -5.12547212, -4.94581183,
       -4.92149845, -4.58574955, -5.0354949 , -4.57887477, -4.9753719 ,
       -5.02784716, -5.30515144, -4.99199559, -4.55033785, -4.77410982,
       -5.1539618 , -5.53169076, -5.66450372, -5.47213543, -5.10813906,
       -5.12334088, -5.77011092, -6.13057139, -5.33354533, -7.22761491,
       -7.06332791, -7.20518518, -7.41921314, -6.89992976, -6.59651174,
       -6.96262079, -6.75752792, -6.28771288, -7.21145209, -5.73978681,
       -5.53574866, -7.27193846, -6.14490976, -7.28601245, -7.03321394,
       -6.07055934, -6.61895875, -5.84684281, -7.24385936, -6.61364379,
       -6.16399047, -6.44202324, -7.29379364, -6.42242271, -7.27053975,
       -5.75547655, -6.6670733 , -7.11757707, -6.19547513, -7.19406108,
       -5.88835673, -6.17455858, -6.92460281, -5.98355871, -7.29161708,
       -5.79924763, -6.93027386, -7.47394197, -7.27078847, -6.77388527,
       -7.29737991, -6.53522531, -6.29527267, -7.08117882, -6.97582917,
       -6.98771168, -7.07910452, -6.86689424, -6.62934023, -7.08118476,
       -7.62948561, -6.92197552, -7.16951976, -7.10581735, -6.47698637,
       -6.29694522, -6.20248884, -6.15958084, -6.25313494, -7.16085867,
       -5.91773204, -5.74490966, -5.74825122, -6.2648604 , -5.87708077,
       -6.02290829, -6.23923887, -5.43357572, -5.94661299, -5.99717114,
       -6.16389881, -6.45601977, -6.32220132, -6.03349078, -6.37474309,
       -6.56490853, -6.14884578, -6.36975468, -6.02647768, -6.8057796 ,
       -6.56286368, -6.11754607, -6.38611275, -5.52718325, -5.53272359,
       -5.83381327, -6.1931202 , -6.27889516, -5.70233435, -6.57550031,
       -6.4560197 , -6.61467136, -6.34729103, -5.93176406, -5.70240841,
       -5.94047124, -6.50413667, -7.07406257, -6.99558283, -6.81953447,
       -7.1359815 , -6.6666299 , -6.95595054, -6.78005801, -6.44183347,
       -5.88852922, -6.27161324, -6.15723197, -6.52247868, -6.54935631,
       -6.52221393, -6.15435807, -6.10815657, -6.21066926, -6.83755743,
       -7.21772074, -6.86207338, -7.23078533, -7.15735131, -7.0202248 ,
       -6.19959642, -6.63610108, -5.7739841 , -6.09448804, -6.30913702,
       -6.30002458, -6.3310958 , -6.72075732, -7.01385815, -5.88016761,
       -6.29581783, -5.11345603, -5.00375611, -6.12448722, -6.12382759,
       -5.81571793, -6.06015653]), array([-5.86579323, -6.35481196, -5.50778177, -5.43537452, -5.22427852,
       -6.10522195, -6.67755924, -5.37776862, -5.70154572, -5.90971478,
       -5.46975912, -5.62868792, -5.14818478, -5.15446419, -5.18491547,
       -5.39656743, -6.58549222, -6.74102597, -6.68965937, -6.11496017,
       -5.84771639, -6.49743417, -6.27735366, -5.71307295, -6.13258878,
       -5.86885037, -6.04066723, -5.84994545, -5.48528425, -6.77810838,
       -6.96448562, -6.65126955, -6.12812216, -6.50441796, -6.09038287,
       -5.90968062, -5.73556946, -5.63007795, -5.61335058, -5.79072986,
       -5.72397372, -5.7703977 , -5.86700394, -5.7121592 , -5.51039089,
       -5.74424088, -5.64040204, -5.86941142, -5.88058149, -5.9539909 ,
       -6.4420356 , -6.56635951, -6.59842721, -6.30433853, -6.04835761,
       -5.63399636, -5.52652683, -5.84576319, -6.01471345, -5.99241475,
       -5.97849456, -5.71929359, -5.64995924, -5.77534704, -5.55705217,
       -5.6700782 , -5.86159479, -6.23304712, -5.96810613, -5.77989584,
       -5.86809582, -5.37092616, -6.25723437, -6.25762619, -5.7716563 ,
       -6.16525501, -5.93704273, -5.79532024, -5.92250754, -5.78265483,
       -6.08649039, -6.10859339, -5.64190242, -5.76678492, -5.59710399,
       -5.86067988, -5.62386463, -5.43834778, -5.74408417, -5.8746126 ,
       -5.74672603, -5.16773453, -4.52405112, -5.01167627, -4.89471628,
       -4.78293527, -4.28634929, -4.70847831, -4.31909433, -4.72849978,
       -4.96093765, -5.37247487, -4.95536461, -4.9847071 , -4.92238302,
       -5.1395321 , -5.51494206, -5.76796837, -5.46204527, -5.23187223,
       -5.23346894, -5.94794969, -6.38490688, -5.44315473, -7.23844383,
       -6.94117185, -7.25853994, -7.3950241 , -6.91982316, -6.59656719,
       -6.87323703, -6.85149637, -6.31947997, -7.20796558, -5.69191322,
       -5.55523227, -7.28287047, -6.16800617, -7.26662548, -7.11244782,
       -6.10696096, -6.65011782, -5.82295473, -7.28736457, -6.66083186,
       -6.17354104, -6.55460449, -7.23309403, -6.44237549, -7.3186621 ,
       -5.79710967, -6.77806295, -7.17810308, -6.21161314, -7.1785196 ,
       -6.01630173, -6.12322169, -6.8640519 , -6.02030099, -7.22255404,
       -5.84247876, -6.89871337, -7.4835143 , -7.29363965, -6.74459501,
       -7.25485792, -6.57455508, -6.28356727, -7.08819031, -6.99180184,
       -6.95467896, -7.13811448, -6.76246289, -6.61289999, -7.13104475,
       -7.57284673, -6.7705154 , -7.09321819, -7.10086102, -6.32206907,
       -6.31401762, -6.35066014, -6.05977246, -6.15280301, -7.13121915,
       -5.96090559, -5.7586635 , -5.73034671, -6.29590479, -5.91505271,
       -6.01560335, -6.21090566, -5.41983199, -5.97691416, -5.95074222,
       -6.02770554, -6.55128698, -6.235996  , -6.06235501, -6.30654056,
       -6.48193759, -6.13527463, -6.41448424, -6.02614033, -6.84120122,
       -6.59142897, -6.29288006, -6.41001127, -5.69581627, -5.58452136,
       -5.82271642, -6.19909517, -6.18400879, -5.63926359, -6.46910115,
       -6.24806933, -6.49544575, -6.4731471 , -5.87480657, -5.78178911,
       -6.07017928, -6.41879742, -7.17284149, -6.8890002 , -6.75972224,
       -7.0894808 , -6.38723758, -6.99252375, -6.87538525, -6.44503692,
       -5.74291053, -6.33776808, -6.36250628, -6.50302635, -6.60388388,
       -6.34564611, -6.14447708, -6.15667627, -6.25519179, -6.98504   ,
       -7.11230262, -6.82150983, -7.17241133, -7.06474903, -6.82593277,
       -6.21956642, -6.59091243, -5.69449896, -6.0604038 , -6.28119051,
       -6.33728907, -6.33391104, -6.7154112 , -7.02029226, -5.91466429,
       -6.26910913, -5.41554165, -5.29111437, -6.05409876, -5.97210573,
       -5.81244887, -6.03886031]), array([-5.84767609, -6.4051977 , -5.47968057, -5.47919156, -5.05306751,
       -5.66540876, -6.51513902, -5.61602997, -5.70211556, -5.91222577,
       -5.50370392, -5.60370275, -5.38771666, -5.40908571, -5.21708953,
       -5.62840005, -6.15797185, -6.92402141, -6.71436286, -6.10328427,
       -5.8358429 , -6.5759051 , -6.35287325, -5.74183808, -6.13708516,
       -5.89141735, -6.25833249, -5.9995787 , -5.48687834, -6.83834949,
       -7.03791326, -6.57407069, -6.22801546, -6.38460839, -5.98375353,
       -5.93741836, -5.72793909, -5.63144937, -5.61206764, -5.76088648,
       -5.76102515, -5.7967615 , -5.95010893, -5.70619728, -5.53196139,
       -5.81178191, -5.65536412, -5.92902511, -5.89617111, -5.8905772 ,
       -6.60691295, -6.24064451, -6.14472982, -6.38066297, -5.94681442,
       -5.66424725, -5.62035399, -5.77546006, -6.03914931, -5.89998887,
       -6.06455679, -5.83637006, -5.68288951, -5.73550817, -5.51579257,
       -5.65016794, -5.82037496, -5.97611779, -5.82879042, -5.79536655,
       -5.88835765, -5.28698163, -6.11932812, -6.11518131, -5.76631585,
       -6.10203451, -5.96999795, -5.6673129 , -5.91562023, -5.76536602,
       -6.04540446, -6.13925222, -5.65754314, -5.64102183, -5.66244621,
       -6.05393454, -5.53536841, -5.53102516, -5.7130501 , -5.85822458,
       -5.73330964, -5.21685356, -4.53091125, -5.03577802, -4.88415889,
       -4.83431819, -4.28914381, -4.8234956 , -4.1951303 , -4.62567751,
       -4.96487323, -5.29660684, -4.96843556, -4.54817814, -4.61301073,
       -5.1402165 , -5.38759662, -5.74988612, -5.42243307, -5.20387424,
       -5.07758388, -5.77285664, -6.25642356, -5.5901875 , -7.23244172,
       -7.01907071, -7.10143185, -7.45565639, -6.83354362, -6.67784332,
       -6.93968756, -6.77359718, -6.3809012 , -7.2199919 , -5.72930992,
       -5.63583586, -7.26621056, -6.26324741, -7.38004259, -7.23652203,
       -6.2480471 , -6.6905618 , -5.90544407, -7.1898697 , -6.72136289,
       -6.20281284, -6.57893992, -7.16927166, -6.4258409 , -7.14813654,
       -5.81817272, -6.62827183, -7.14557673, -6.16889339, -7.2858373 ,
       -6.08028271, -6.11500489, -6.91561798, -6.05998486, -7.29209707,
       -5.98180287, -6.83489704, -7.53302522, -7.3378009 , -6.62807353,
       -7.29760966, -6.64965837, -6.38661598, -7.09401338, -7.10897778,
       -7.05647929, -7.15450425, -6.71452176, -6.57540201, -7.2858188 ,
       -7.61004703, -6.96748633, -7.14022308, -7.21198461, -6.54829583,
       -6.25396853, -6.35911307, -6.17321792, -6.30204815, -6.98887969,
       -6.04640261, -5.88246246, -5.75073422, -6.31282802, -5.8748097 ,
       -5.89244989, -6.22318562, -5.41340983, -6.15583276, -5.95477668,
       -6.10867764, -6.67706124, -6.24204372, -6.07873905, -6.40835062,
       -6.45911893, -6.16533082, -6.39533755, -6.05484368, -6.75730605,
       -6.61035616, -6.07326712, -6.47206148, -5.44903327, -5.54957806,
       -5.88628541, -6.23512719, -6.28685545, -5.63824985, -6.43623011,
       -6.29288547, -6.46946241, -6.35645851, -5.91726163, -5.83132584,
       -5.95572589, -6.54409826, -7.09509191, -6.97744025, -6.82878054,
       -7.15179966, -6.62062476, -6.85307724, -6.89078836, -6.44248552,
       -5.81088961, -6.24739521, -6.29128909, -6.39945313, -6.56770671,
       -6.2771634 , -6.04897646, -6.18436724, -6.23980551, -6.84364245,
       -7.09925993, -6.8072172 , -7.1745562 , -7.09035865, -6.87727463,
       -6.03488403, -6.5713488 , -5.72624109, -6.10177354, -6.23466174,
       -6.29630534, -6.30741929, -6.74403627, -7.00789591, -6.02844367,
       -6.3533123 , -5.19115354, -4.94928839, -6.1265274 , -6.2040713 ,
       -5.92724227, -6.04959616]), array([-5.89601631, -6.41200293, -5.46767967, -5.47261226, -5.01052798,
       -5.96566435, -6.5135277 , -5.78377539, -5.68939275, -6.33632673,
       -5.08389382, -5.66110337, -5.16507947, -5.34742021, -5.2568072 ,
       -5.38761109, -6.58450568, -6.79605062, -6.78213857, -6.10555187,
       -5.82918163, -6.51812278, -6.26819514, -5.72773496, -6.13636963,
       -5.89501222, -6.29585603, -5.84436268, -5.49225141, -6.8508792 ,
       -6.97555328, -6.82045409, -6.19192467, -6.39040388, -6.0373983 ,
       -6.03770607, -5.79092873, -5.61273489, -5.6287706 , -5.73854342,
       -5.7811466 , -5.77567574, -5.95701513, -5.64837041, -5.54773085,
       -5.79335272, -5.56986147, -5.82348072, -5.90230162, -5.78781324,
       -6.4828055 , -6.27665736, -6.44103075, -6.26252229, -6.10621576,
       -5.69486599, -5.55641259, -5.74500624, -6.00665456, -5.9348655 ,
       -6.03451325, -5.81661588, -5.6381781 , -5.73696063, -5.50450407,
       -5.64026439, -5.82495694, -5.9148036 , -5.82553437, -5.8443071 ,
       -5.9691453 , -5.37782002, -6.13272589, -6.1104586 , -5.77046759,
       -6.09890172, -5.88003235, -5.77735562, -5.93340727, -5.75406449,
       -6.05188981, -6.09424293, -5.62767265, -5.76699913, -5.66645646,
       -5.83734795, -5.65130684, -5.51965222, -5.73451784, -5.81775606,
       -5.74357725, -5.10588578, -4.51233858, -4.99038321, -4.87899375,
       -4.75769246, -4.34413215, -4.84650541, -4.28520904, -4.81896506,
       -4.92812174, -5.04676456, -5.02474881, -4.54522115, -4.75890025,
       -5.14903127, -5.57671773, -5.69765156, -5.31202858, -5.11778608,
       -5.08593485, -5.78966162, -6.41655166, -5.33664969, -7.28163615,
       -6.97880204, -7.35939777, -7.44560289, -6.98498255, -6.59686774,
       -7.0172575 , -6.85146585, -6.33642279, -7.26939252, -5.78141897,
       -5.61102103, -7.25516073, -6.12777295, -7.22807224, -7.10406114,
       -6.01980171, -6.66172699, -5.74735299, -7.21614171, -6.71239882,
       -6.18166024, -6.46982311, -7.19723079, -6.41847264, -7.17111771,
       -5.70480769, -6.65311307, -7.00705996, -6.18339432, -7.27090147,
       -5.9824572 , -6.06330755, -6.84064617, -5.85985055, -7.26700327,
       -5.79272257, -6.90711331, -7.52246529, -7.32835433, -6.73886084,
       -7.21544862, -6.41758069, -6.31848789, -7.0872931 , -6.98715946,
       -6.97264566, -7.13861086, -6.69092465, -6.73129792, -6.80176654,
       -7.35008596, -6.88918267, -7.05759755, -7.07410528, -6.53879282,
       -6.24011275, -6.31736806, -6.18475146, -6.21614894, -7.23588247,
       -5.89790648, -5.68332747, -5.73956787, -6.27052997, -5.83183269,
       -5.84328942, -6.29335453, -5.40437312, -5.88191961, -5.90857461,
       -6.06460644, -6.41991946, -6.24537941, -5.99025455, -6.35524292,
       -6.44185181, -6.06433228, -6.33559181, -6.02098954, -6.78607127,
       -6.55743792, -6.07071496, -6.43992173, -5.51812815, -5.59697341,
       -5.73337403, -6.19062671, -6.28717158, -5.68388775, -6.37271974,
       -6.28167226, -6.47918867, -6.40230792, -5.90257407, -5.67698503,
       -5.8610243 , -6.48101151, -6.90084245, -7.01024958, -6.80397911,
       -6.9971961 , -6.64543625, -7.07907714, -6.86385935, -6.44415072,
       -5.7950605 , -6.28913268, -6.26815393, -6.53890712, -6.52300554,
       -6.15391522, -5.97277238, -6.094201  , -6.26444299, -6.99332962,
       -7.10479923, -6.70316197, -7.04510633, -7.05575098, -6.87352588,
       -6.15699517, -6.62366998, -5.70580935, -5.86591233, -6.30845019,
       -6.31896719, -6.3511745 , -6.72127319, -6.95356064, -5.97324037,
       -6.33709862, -5.13274461, -5.11818518, -6.13212287, -6.19275749,
       -5.82509827, -5.99028682]), array([-5.86507045, -6.36499044, -5.62851814, -5.48591478, -5.02226231,
       -5.73697492, -6.64973837, -5.66537373, -5.69255376, -5.9093603 ,
       -5.40323702, -5.68593201, -5.18187559, -5.21561832, -5.11603894,
       -5.31102643, -6.58403618, -6.76978443, -6.74573619, -6.09129768,
       -5.82303408, -6.47631429, -5.8205002 , -5.70933359, -6.14096076,
       -5.8650682 , -6.3479958 , -5.75028405, -5.48381847, -6.86118672,
       -7.01428046, -6.60662337, -6.29445368, -6.44032454, -6.00330785,
       -5.94150428, -5.7387956 , -5.65165458, -5.64905867, -5.7469544 ,
       -5.80807759, -5.81320896, -5.97774915, -5.70496399, -5.53512873,
       -5.764662  , -5.68510915, -5.73113423, -5.91940739, -5.99679948,
       -6.35945671, -6.24935055, -6.48802723, -6.29420027, -6.02147962,
       -5.72103782, -5.65322061, -5.73950359, -6.01003923, -5.89240461,
       -6.05487471, -5.80880083, -5.68158496, -5.70972516, -5.53990775,
       -5.69569666, -5.85795143, -5.93197456, -5.77754719, -5.67042685,
       -5.86789028, -5.34120281, -6.16562164, -6.13760548, -5.7348203 ,
       -6.14227447, -5.9125581 , -5.7852395 , -5.92021466, -5.75417305,
       -6.061313  , -6.12073402, -5.68846153, -5.74103701, -5.65719615,
       -5.84494601, -5.57872218, -5.48984172, -5.75595708, -5.83998242,
       -5.73309778, -5.21477882, -4.57778241, -5.19260181, -5.057902  ,
       -4.83342214, -4.87610216, -4.86736747, -4.58634226, -4.84162802,
       -4.92478125, -5.39239018, -4.95349809, -4.61854692, -4.77661606,
       -5.01332248, -5.57220172, -5.65187456, -5.4226441 , -5.14934974,
       -5.07304391, -5.90017496, -6.32557117, -4.93612787, -7.412036  ,
       -7.09289471, -7.27572181, -7.53139639, -6.87272918, -6.66915739,
       -7.00713094, -6.921485  , -6.15975988, -7.2403881 , -5.7082627 ,
       -5.54207163, -7.36381528, -6.1946056 , -7.25081471, -7.14024172,
       -6.0305153 , -6.61313324, -5.92635133, -7.18788433, -6.60860612,
       -6.36542693, -6.49665948, -7.02789419, -6.54394057, -7.21294166,
       -5.85107241, -6.69984753, -7.15175977, -6.17993982, -7.22743308,
       -5.83124232, -6.13987529, -6.59762495, -5.82213322, -7.32068981,
       -5.76288753, -6.83316491, -7.48446536, -7.43650225, -6.53283442,
       -7.25847569, -6.67130372, -6.21094938, -7.10079581, -7.11279145,
       -6.92192487, -7.16766995, -6.77070668, -6.60518143, -7.08343474,
       -7.45556944, -6.85519295, -7.1807544 , -7.12577291, -6.47358177,
       -6.23689326, -6.33469159, -6.15849243, -6.27718645, -7.17566333,
       -5.90303696, -5.70285865, -5.58589046, -6.25814661, -5.8968076 ,
       -5.99128771, -6.26666042, -5.44061445, -6.02021213, -5.95123041,
       -6.09175509, -6.55342407, -6.10116354, -6.02903817, -6.41202225,
       -6.47939958, -6.22536865, -6.41994615, -6.07035297, -6.82144956,
       -6.60299673, -6.18415766, -6.42093475, -5.49423665, -5.50414607,
       -5.93239613, -6.3710432 , -6.27893492, -5.6743845 , -6.43798373,
       -6.2452428 , -6.30105857, -6.421494  , -5.95687837, -5.81487171,
       -5.89475742, -6.30977873, -6.85470193, -6.97592375, -6.76184707,
       -7.09165635, -6.58467636, -6.54672211, -6.79703806, -6.20738004,
       -5.84639246, -6.28708431, -6.2325486 , -6.52137354, -6.49205686,
       -6.52148472, -6.03817296, -6.10579777, -6.21166855, -7.00848639,
       -7.12618295, -6.77263518, -7.19376419, -7.01962622, -6.58394631,
       -6.18400224, -6.53533273, -5.69604049, -6.07766834, -6.36500037,
       -6.28817137, -6.31957049, -6.67013106, -6.97725931, -6.02092954,
       -6.35924182, -5.0325904 , -5.08201265, -6.16235542, -6.18469958,
       -5.8572697 , -6.06795246])]","[-5.87209922 -6.37190538 -5.50359978 -5.46621508 -5.06672037 -5.86066241
 -6.60750642 -5.61833247 -5.73630011 -5.99514572 -5.38037831 -5.64232459
 -5.20790505 -5.2827606  -5.18381404 -5.52478322 -6.4993207  -6.80641407
 -6.72024907 -6.10148519 -5.83142848 -6.51214897 -6.20879775 -5.73072599
 -6.13599138 -5.87822142 -6.26697928 -5.85789586 -5.49310446 -6.83068493
 -6.99147615 -6.63687318 -6.23822731 -6.4109661  -6.0493269  -5.95281581
 -5.74305304 -5.62806702 -5.62509394 -5.76143715 -5.77035022 -5.8106404
 -5.94766545 -5.69472844 -5.53168589 -5.77754307 -5.64731593 -5.85099483
 -5.90814755 -5.93995574 -6.46351878 -6.2994963  -6.43918554 -6.32350122
 -6.01349929 -5.68439225 -5.57656779 -5.77285733 -6.0030856  -5.91385717
 -6.03188985 -5.78343856 -5.65752566 -5.73828181 -5.52946387 -5.65521462
 -5.83997941 -5.99203397 -5.85782147 -5.757985   -5.903572   -5.32413529
 -6.1544431  -6.15310389 -5.73571318 -6.11122062 -5.92415091 -5.75306727
 -5.93158459 -5.75380938 -6.06165521 -6.11736258 -5.64244701 -5.75209215
 -5.65860622 -5.88941878 -5.59190647 -5.4930836  -5.73066126 -5.8549394
 -5.74016604 -5.1925861  -4.55191569 -5.07118229 -4.93231655 -4.8259733
 -4.47629539 -4.85626834 -4.39293014 -4.79802846 -4.9613122  -5.28267758
 -4.97880853 -4.64939823 -4.76900397 -5.11921283 -5.51662978 -5.70637687
 -5.41825729 -5.16220427 -5.11867449 -5.83615077 -6.30280493 -5.32793302
 -7.27843452 -7.01905344 -7.24005531 -7.44937858 -6.90220165 -6.62738947
 -6.95998676 -6.83111446 -6.29685535 -7.22983804 -5.73013832 -5.57598189
 -7.2879991  -6.17970838 -7.2823135  -7.12529733 -6.09517688 -6.64689972
 -5.84978919 -7.22502393 -6.6633687  -6.2174863  -6.50841005 -7.18425686
 -6.45061046 -7.22427955 -5.78532781 -6.68527374 -7.12001532 -6.18786316
 -7.2313505  -5.95972814 -6.1231936  -6.82850876 -5.94916567 -7.27879225
 -5.83582787 -6.8808325  -7.49948243 -7.33341712 -6.68364981 -7.26475436
 -6.56966463 -6.29897864 -7.09029428 -7.03531194 -6.97868809 -7.13560081
 -6.76110204 -6.63082432 -7.07664992 -7.52360696 -6.88087057 -7.1282626
 -7.12370823 -6.47194517 -6.26838747 -6.31286434 -6.14716302 -6.2402643
 -7.13850066 -5.94519674 -5.75444435 -5.7109581  -6.28045396 -5.87911669
 -5.95310773 -6.24666902 -5.42236102 -5.99629833 -5.95249901 -6.09132871
 -6.5315423  -6.2293568  -6.03877551 -6.37137989 -6.48544329 -6.14783043
 -6.38702288 -6.03976084 -6.80236154 -6.58501669 -6.14771317 -6.4258084
 -5.53687952 -5.5535885  -5.84171705 -6.23780249 -6.26317318 -5.66762401
 -6.45830701 -6.30477791 -6.47196535 -6.40013971 -5.91665694 -5.76147602
 -5.94443163 -6.45156452 -7.01950807 -6.96963932 -6.79477269 -7.09322288
 -6.58092097 -6.88547016 -6.84142581 -6.39617734 -5.81675646 -6.2865987
 -6.26234597 -6.49704777 -6.54720186 -6.36408468 -6.07175139 -6.12983977
 -6.23635562 -6.93361118 -7.1320531  -6.79331951 -7.16332467 -7.07756724
 -6.83618088 -6.15900886 -6.591473   -5.7193148  -6.04004921 -6.29968797
 -6.30815151 -6.32863422 -6.71432181 -6.99457325 -5.9634891  -6.32291594
 -5.17709725 -5.08887134 -6.11991833 -6.13549234 -5.84755541 -6.04137045]","[0.017025   0.03315035 0.06675561 0.01797949 0.08002007 0.15823714
 0.0768632  0.13295382 0.07995037 0.17059576 0.15187816 0.02840572
 0.09059299 0.09069376 0.05019502 0.21573366 0.17067508 0.0625836
 0.04010278 0.00881949 0.00960752 0.03455161 0.19661085 0.01927697
 0.00306092 0.01243041 0.1219269  0.08007388 0.01242425 0.02896433
 0.0295013  0.09977741 0.07709662 0.05739695 0.05485616 0.04395092
 0.02464351 0.0140941  0.01344369 0.01825811 0.02767372 0.04588363
 0.04244748 0.02341525 0.0120432  0.02329009 0.04248393 0.06949119
 0.02111418 0.0960012  0.08197971 0.13852649 0.15594604 0.04678661
 0.06174968 0.03145388 0.05143454 0.0385092  0.03125947 0.04773387
 0.02992385 0.0466906  0.02078661 0.02106292 0.01833272 0.02591614
 0.01688096 0.12298165 0.06553183 0.06382153 0.03871867 0.05139182
 0.05596501 0.05383931 0.05199755 0.0404055  0.0295234  0.04675905
 0.01825501 0.02301531 0.01399052 0.01513847 0.03053092 0.0655102
 0.03601273 0.08260727 0.04095908 0.03223243 0.01880578 0.02389865
 0.00578395 0.05187081 0.03839073 0.0761748  0.06712688 0.05615108
 0.22820956 0.10512527 0.16010246 0.11690085 0.03708325 0.12365635
 0.02676655 0.16987947 0.09802563 0.05322297 0.06867028 0.04579642
 0.05681806 0.04827271 0.06006998 0.07365697 0.10199311 0.21710468
 0.06950803 0.05495176 0.08519248 0.04614098 0.05049932 0.03774963
 0.05185947 0.05953092 0.07485975 0.02275634 0.03053911 0.0400235
 0.03894981 0.04742546 0.05243102 0.06586305 0.08243388 0.02848668
 0.06353137 0.03724297 0.04742409 0.07507095 0.05126914 0.08857261
 0.04736928 0.06292942 0.05082232 0.05184017 0.05966597 0.01459182
 0.04178526 0.0892783  0.03624923 0.11961609 0.09234548 0.03285914
 0.07729089 0.03959071 0.02360567 0.0568788  0.09026519 0.03069956
 0.09063003 0.05667682 0.00664288 0.061935   0.04464954 0.03030835
 0.06063115 0.05319327 0.15642115 0.10568384 0.06648098 0.04652366
 0.04711584 0.08098021 0.03129507 0.05700339 0.04474688 0.05210983
 0.08222362 0.05524042 0.06959317 0.06294326 0.02062072 0.0277951
 0.0720763  0.02988273 0.01318364 0.09159692 0.02805293 0.04545234
 0.08967468 0.07143581 0.03043059 0.0387156  0.0423243  0.0518634
 0.03114658 0.01937882 0.02891341 0.02125009 0.08340578 0.02893987
 0.08395463 0.03386761 0.06688907 0.06852819 0.03974767 0.02522767
 0.06644756 0.07785842 0.10018373 0.04580789 0.02755407 0.0612706
 0.07124609 0.08169497 0.1211964  0.04224991 0.02886891 0.05384633
 0.10061013 0.18423418 0.04433835 0.09440557 0.04896525 0.02961905
 0.06758751 0.05010217 0.0381166  0.14272079 0.0686381  0.0346749
 0.02202201 0.07633899 0.04377591 0.05342501 0.06270853 0.04588363
 0.14190336 0.06534564 0.03629143 0.02958588 0.0882345  0.04243192
 0.01772885 0.01465737 0.02419378 0.02526925 0.05820639 0.03485438
 0.12957847 0.11707825 0.0356276  0.08629597 0.04288305 0.02736063]"
10,MLPRegressor,"[-3.705456453052834, -6.862816766033076, -7.09020335393212, -3.90927189705462, -7.5902118700888765, -4.71685103993325, -3.4, -6.951918348481938, -6.281657081545744, -3.4, -5.584168615772541, -3.7725506866780294, -5.240599250054632, -3.4, -7.903751830190253, -8.329344780196191, -8.272032570163912, -7.915999861200169, -8.449861623221459, -6.539381236775382, -7.502318578105419, -7.536385609673005, -6.591409224699009, -6.982351359949017, -6.505917964062138, -5.268431641687955, -5.755778902898807, -4.938111845849048, -7.081257807756828, -6.307829461460454, -7.174844408469434, -6.2902827991010755, -6.694385118981469, -6.558183236990145, -5.276177896780042, -6.17284255503622, -5.94156234351651, -5.066809305278004, -6.690103602834929, -6.507034782958585, -5.5581939192483105, -6.4611002462954925, -6.671075316294497, -4.67545183611141, -6.481469291341587, -4.79408565310727, -7.690639366186378, -6.008663188574572, -8.069650546555536, -5.074233110515133, -6.115061043095408, -5.927345899460784, -6.111373309560803, -5.669529515312352, -7.037789439501943, -5.422596014342645, -6.316796971998055, -7.836419464819753, -6.264324290682747, -5.9270095204526925, -6.620411609105084, -5.8654540149882886, -6.860167307996297, -5.1652133843577674, -5.774017500729447, -6.305412209290689, -5.834888242559742, -5.239692340582287, -6.081346708121769, -6.100334496523346, -6.750663463785377, -6.932072029188022, -7.358121416594332, -4.985874285899401, -5.270477106904303, -5.482378066872119, -5.273060510835126, -3.4, -3.4, -3.4, -3.4, -3.4, -3.427097964893749, -3.4, -4.690945300998985, -6.362404994926542, -4.403202955374495, -5.278794075139459, -3.4, -3.4, -3.4, -3.4, -3.4, -3.8990354900735222, -4.125386288354068, -6.534640733088648, -7.370669192197708, -8.210901929779082, -7.2397272872096785, -6.17569115604718, -7.050702997313063, -6.863150774585766, -5.492700533335489, -6.90758255276229, -7.131718418776046, -7.067184564221026, -6.064741636262679, -6.55598773765096, -7.443957569576731, -7.23007780200162, -5.557916274878468, -6.584542028634503, -6.679716717862294, -6.562711539364151, -6.6521386016001385, -6.958225398564894, -6.709590490260272, -6.07887708929554, -6.301698078450279, -5.888130924138501, -7.1666871142029125, -6.465773469525446, -7.997653383873751, -6.9294959653954065, -8.630622527072129, -6.791862395447006, -7.28455076124956, -6.657626435687814, -5.679968727248967, -5.9426460283945755, -8.434068513854045, -5.6869524310748, -8.261720978848835, -5.657538318963861, -6.4846877256564905, -7.512383335045469, -7.58415403643968, -6.570398290980397, -6.483352183164038, -4.9106599618166635, -4.822427781651472, -4.907180978729215, -8.455606746259319, -5.324980696089207, -6.545241334514926, -7.031867971679856, -6.425556745416748, -5.334100082046105, -7.160553364828565, -6.194933430419054, -6.914824450628891, -7.271324833006358, -6.294719641602745, -4.675461701848526, -3.4, -6.304326975725787, -5.774485377407069, -7.137763586809861, -7.145117868067655, -6.324377814023866, -6.036519107545151, -6.639920756621077, -7.816955476852916, -5.393544421200986, -6.2363424594105705, -5.858420585067048, -5.914193134634934, -5.892204554759512, -7.176976010883188, -6.857492898927096, -6.20623477096582, -5.526243261861862, -5.604396849071036, -8.211141643827597, -5.944694013718714, -6.8892433813396385, -6.337633560853665, -6.065459350359906, -3.5529473493064505, -6.219409705171021, -5.663196027666365, -6.013862585448724, -7.496038294261896, -6.5274321119741225, -4.1830953711779415, -6.704700930126308, -5.851409919178434, -9.18181946677766, -7.117509631820178, -7.460577035842621, -6.636950340680234, -6.96364113045797, -8.828794521326383, -8.92397072418158, -8.025309174256433, -5.955054761266946, -7.1449668805090605, -5.347295923530038, -5.649024615677386, -5.277012050791992, -7.140641502423823, -7.3989881819496235, -6.198539505626058, -7.724046498315094, -6.119890702512223, -4.337789720994783, -5.8946949259821055, -5.63797358687145, -5.267457772881599, -4.770059740365618, -7.521145878725262, -6.332621458227151, -5.571988334811728, -4.92843491891083, -7.467318386201128, -5.054885224051118, -5.714275902054805, -4.883734440373601, -7.303353240258318, -4.003226400152922, -4.023843478567494, -4.2972503007458265, -6.487824893444743, -7.3716464298116495, -7.2189670124352965, -6.294645845702556, -5.27594988742813, -7.1155588811991235, -5.5514716567287365, -7.573032058274551, -5.1506129023957925, -4.990940313982584, -4.884634919297802, -5.439181231207501, -4.423264727296548, -5.162574056948918, -4.057862433532996, -5.201062075903501, -6.084568931485833, -6.057101200753106, -5.428164219841042, -5.4752913581753875, -5.328157631051588, -5.253407047126027, -5.0116681526902545, -5.385445145070399, -5.136352648348732, -7.307596013325581, -6.58821874910992, -5.910372824326789, -5.609729901244487, -5.771006455167217, -5.7441131006866755, -5.514666877817066, -7.108075252153361, -5.8661805792434585, -6.054343306667624, -6.094630724056616, -5.224918494340714, -5.267570492990067, -5.417127731268822, -4.465878187212441, -4.796634446320227, -5.734621232495673, -5.045506145383987, -5.991957187165337, -5.545369108761438, -5.772864715593014, -6.370851660243813, -4.992854908784376, -6.210287224667341, -5.322636617898498, -5.2691496958542015, -5.12155900460896, -5.495641135886013, -3.5800131376678186, -5.265172319553509, -4.212286756274899, -5.322567385021105, -3.4, -3.5187262826669876, -5.041767515987835, -3.8762962119367064, -4.985588954098035, -5.535404905745525, -6.0360737885223825, -5.309269935428637, -5.292507928408601, -5.181939501251857, -4.1394432897336975, -6.541555994154151, -7.408462953176423, -7.687508603654207, -7.534424868037312, -7.284816548087056, -6.09123210611218, -6.1597687349605295, -5.659709723619951, -8.951840679628175, -7.267285984896898, -7.9034068938278565, -7.678247851269005, -7.39832841948272, -7.113922783128322, -7.684179968716187, -6.760952913226349, -6.107938477071638, -6.575735077684825, -6.986959601682332, -5.782974695508988, -7.1806511951486165, -6.763741116170324, -6.027304080559062, -7.074617959816467, -6.786012001428434, -8.197742802946301, -7.643973145787906, -7.03040726472969, -7.7058223046868495, -7.706418717789145, -6.820383676302621, -7.80074772191853, -5.634864199656644, -7.616901045572365, -8.093910171240765, -7.048489006998569, -7.0877846170296195, -7.636069665501179, -6.832255493061053, -7.2261375769977905, -7.8332358999551985, -7.936212066276193, -6.306739514999415, -7.153644359888109, -3.4, -6.8007277812354205, -5.605509784671585, -5.476551654754463, -5.889445556955243, -7.071380467998429, -5.540973675226665, -5.732240182502055, -5.810066178219797, -3.9487233704143856, -3.6353316082082867, -3.4, -5.4736575771804725, -7.725913794989657, -7.023472392814514, -6.795745254990062, -6.200492680845844, -5.755178250927239, -4.990541888130265, -6.055199408096053, -6.562748849473886, -5.816097956196405, -6.119517599554463, -6.852273196787422, -5.739486456506858, -5.261100940100498, -5.306449579259753, -6.570320371990624, -5.334474128967123, -4.504799418653166, -6.353830882769131, -6.163173035223094, -5.78214903554035, -6.253925952545488, -5.905252198759902, -6.177058205257844, -7.322218514253793, -6.382495525542171, -6.803262997236532, -6.916603411851979, -6.225634644273615, -6.245059533669039, -6.667890390235041, -6.031944384907971, -6.933761265346643, -6.279640855298953, -4.567003297977724, -4.11575115419078, -4.895080858710999, -6.005716848311502, -6.114773160608325, -5.8498171508219485, -5.613523571477056, -5.534980352864046, -4.359228220625989, -3.7741966783513337, -6.2819480334277005, -5.62845390300077, -6.069085539600671, -5.302676406505749, -5.122603403950933, -5.649247794014405, -5.511776979288163, -5.0095434502295575, -5.504700062978108, -5.089425962685026, -6.731016510931767, -6.052533955323618, -6.261033782746583, -5.1825121553390865, -4.451149061333761, -4.871383513537807, -6.09209232771182, -5.713488261944163, -5.287392051048023, -4.808893672645135, -5.299531593343761, -4.053996134128325, -4.076636590495578, -5.813748184643402, -5.429221724324106, -6.669602351098601, -6.538870625879639, -7.465645645583554, -6.927028168073313, -3.946868017259159, -7.711081517295196, -5.931467695465376, -5.848901464980918, -5.132348323778505, -7.2208844706170945, -7.309088336554516, -7.64047020888906, -7.78708542545068, -6.531241184072495, -6.576800699979847, -6.644043860792045, -5.861226233330708, -4.1300431819955294, -6.945242264869445, -5.238724463290752, -5.752809459780451, -5.398780290419322, -5.519307970003719, -5.425961140640794, -5.18613375956783, -5.18171114223654, -4.941972821195864, -5.82901331229451, -5.818681454350272, -6.757550330524542, -5.475568947758155, -6.810815696303236, -6.303475746630837, -4.1037294230164845, -7.053437917979651, -4.944571866486874, -6.742146566232598, -5.669646247938158, -6.104051204032438, -4.946700761511926, -5.860424760570982, -5.218344492274157, -5.497441368878542, -5.634872435722039, -5.083553106677463, -5.9798479602297485, -5.362777366775309, -6.6754121977635466, -5.898130835289873, -6.410419540395057, -5.8353057259531385, -4.98722659258275, -6.581282837947388, -4.704793279956709, -5.657727132693275, -6.747424567204701, -6.757531724938747, -5.8206909218594385, -4.917393247889313, -5.427330592807308, -5.698873330401031, -4.954826787052336, -3.4, -5.967449887146144, -5.933459844446836, -5.79657320788274, -5.8345559819646775, -4.2632708901953835, -3.6823431330760923, -4.565257514646375, -5.37830662052645, -4.07198751641897, -3.50454061984564, -4.4048724591766915, -4.4979655066055715, -4.584149116638667, -5.055639029784623, -5.521060063205696, -6.559660603253018, -5.730950423026454, -5.314401581622345, -5.832195001662579, -4.637168190669641, -4.238937842790407, -4.875927428737975, -4.926246896665301, -5.5950430776235, -6.677676699582398, -4.3501147945246155, -8.787663820877327, -7.2917436481093745, -6.287499806391206, -6.283415997247619, -7.499939580424725, -7.719613154577841, -6.498959813495273, -6.329725841415768, -7.280507474278415, -7.360341267882222, -5.67234865452235, -6.623363763518582, -7.076560530844353, -6.156095044656454, -5.592406228576222, -6.103685089041639, -7.801902047622288, -6.822429119529235, -7.092868564330362, -7.069779684311082, -6.76103360885532, -6.286264783964333, -8.120715795306712, -6.989663256265053, -7.579588756840365, -7.1384069343370635, -5.862479217385956, -6.88245984118454, -6.861062515823494, -6.680806429250453, -5.884857059922547, -6.638023910903847, -4.810050551122989, -7.289514122616196, -6.5636941920398755, -6.06442692458423, -6.8916668185161205, -6.880207197339954, -6.275925058348306, -7.292967540880166, -6.0106296940837085, -6.87337229484644, -6.930273302267297, -9.04040669729062, -7.000251163995376, -6.513413831466906, -5.840662029670541, -8.35004419818808, -7.230032335769745, -6.908485713411624, -7.312275354895346, -7.107272278165527, -7.514134777852595, -6.687057705481542, -3.8374485858697165, -7.725323834459949, -6.9814891604007965, -6.101526839745669, -5.300868543664242, -4.544750305185635, -5.994038240707164, -7.203889258989781, -6.166819672106628, -7.655299988221936, -6.593248498171982, -4.928751296178464, -6.020370342814073, -6.471332572519986, -7.286440244014718, -6.706894402272092, -5.999789797960486, -6.489972660622696, -5.153982011818311, -5.533483889829621, -7.622690223860556, -5.258596031521077, -5.83868566528053, -6.2898613124263045, -5.384018823137725, -5.673881733600595, -6.90291619835403, -7.382155455401392, -6.689378631769889, -6.95709847691268, -6.457485751045137, -6.589057308640138, -6.436993045027113, -3.679383145523758, -6.2277351991025265, -6.789069179163134, -6.286116414310932, -7.036757292027612, -6.332542276939705, -3.4, -4.660637674777791, -5.79135830642549, -3.4, -5.794523168543875, -5.99253763156888, -6.056160786302093, -3.4, -4.883817275530089, -4.59870654524644, -4.542468813505467, -3.4, -5.935149077509032, -4.91579132256526, -5.0544456627664065, -3.4, -3.4, -6.703889740159784, -4.484292689450358, -4.145268587326678, -4.037098417505603, -4.527119292915115, -8.548024142798909, -3.4, -6.600291504775775, -6.68579992921846, -6.755071897988408, -6.7789350996050075, -6.959155827922645, -6.577641457243458, -6.359346460791006, -6.974189188788477, -6.165086666177903, -5.009922152373631, -6.467273455121817, -6.466414733113014, -6.216271959723018, -7.249939562259376, -6.474211579977345, -5.131146985723168, -6.404063036415637, -5.5883595881964645, -5.653230217808499, -4.756064746259179, -6.065153717009909, -5.371985129048917, -5.328201262479632, -5.903590525632392, -5.491007875706719, -6.363254912746358, -5.91983040330622, -6.128093106895017, -5.86167032629344, -6.416738265662765, -6.071859888059317, -5.003108344507966, -5.642733087370685, -6.312689306004851, -6.066025970281566, -7.209992045660524, -5.1920667002650465, -6.05253114349463, -6.704360773289094, -6.399815867731754, -5.661592449017728, -5.338184498231502, -5.38931632558231, -3.4, -3.5829003601327796, -6.33961441780967, -5.5667011241170385, -6.544087022662145, -5.868820941039178, -6.0010645285122255, -5.643932552702164, -5.135884772294746, -3.4, -4.547989507004644, -4.1401678668991675, -5.857259515411467, -5.838673646336521, -5.704252249280293, -5.679598808615404, -5.849808251755476, -5.088776266916286, -5.536234826067235, -5.9082918391299915, -5.469010167336775, -4.598308135029473, -5.522107203648753, -5.921656469338011, -4.347992532112125, -5.2539896268317, -6.173541493481185, -5.68952719247649, -5.348509756204198, -5.5034394736473224, -5.625080846916239, -6.728509398443284, -6.723475384008954, -6.299032867907206, -6.801402031288624, -7.633814410201209, -5.871022015325936, -6.724540345341371, -6.773590874560012, -8.123336236505105, -5.439017056284205, -7.54253012323421, -5.671561843952234, -6.091851486474354, -6.918582102747828, -6.877412952190236, -6.6108397972630515, -6.520111122748348, -6.155427652248183, -7.0717651715830865, -6.4014052619079145, -7.006676935863454, -8.099795806432846, -6.9001155046395315, -6.996530264055521, -6.776102354889327, -6.646707340741049, -7.312717482373117, -6.6600854086293015, -5.902774994193397, -7.282610589947546, -5.86831306392117, -7.5122853089566455, -5.7656915450516655, -7.46392007801928, -6.368414368297463, -7.259229239384773, -8.293285551928745, -5.9160356961405665, -7.452506015024094, -7.550963957367745, -7.176925824817589, -7.657685128651858, -5.79113644454676, -6.451569400927381, -6.428001684670594, -6.505934045666455, -6.052158338685815, -6.896125639088485, -8.474878653959186, -6.775666705881395, -6.715308602596869, -7.823885138980591, -5.66420859033817, -6.98325012423397, -5.583253843944203, -6.136524208125715, -5.694798238378894, -6.091969911115438, -5.884301790671319, -6.605815354758608, -5.813175426439868, -5.380471662508858, -5.803668902858511, -5.031026876668311, -5.849503583656821, -6.088832608503067, -5.538766156746027, -6.3322242190795865, -5.4990269913984635, -6.28088722816467, -7.199182958788986, -5.49272759177688, -5.640957512861035, -6.2009072303915955, -5.5490669271475905, -6.6870936211430925, -6.245688636570545, -5.934835858077294, -6.400010005036169, -6.203974202488692, -6.675556752001174, -6.564799774327321, -6.747816923146883, -6.31112543022884, -5.028485270173357, -6.046597919029027, -7.437994655913569, -7.009474991428435, -6.695289790667721, -5.904687421963911, -5.710432878141039, -5.999570643381855, -7.395015604666224, -6.101372868930279, -7.100016275768037, -3.4, -5.9498155815578935, -5.341509170911896, -5.495257904701372, -5.7942577330645975, -6.856208732383043, -8.125800841331131, -5.507053080203422, -6.3958371755396115, -4.194730313964621, -6.420344507377305, -6.447997507124305, -5.797209355381231, -7.41256190498236, -5.928861329612524, -6.827426684890704, -4.953355578525415, -5.720677559976391, -5.448520048460196, -6.564456662049693, -5.237772338489718, -5.047249990809907, -4.6950555023374765, -5.141606587086244, -6.146670879999332, -6.397018423055546, -6.2154314973968345, -6.7863409638646885, -6.851190008838943, -6.992543965557235, -7.274530452540073, -6.515345660730115, -4.68245304581018, -6.095768163647506, -6.178742631113931, -5.114721109523604, -5.321893335432154, -6.548066814439881, -6.931285281032091, -7.463403406160314, -6.784333685432463, -7.063078921982013, -6.022053510073339, -6.8727302211311665, -6.452405541309782, -5.992797279251739, -5.316280296040933, -5.499906758041238, -7.051286973211371, -6.409059834023968, -8.852304359200312, -5.710983754827321, -5.848657284043582, -6.335281476192415, -6.034457801785704, -5.664880245682835, -5.581745287084679, -3.4879545692324005, -4.842672829692967, -5.564288609152499, -5.5601628402187036, -5.94470558260678, -4.477717612218438, -4.985920028646486, -5.67475591022229, -5.4438628059259075, -5.69664821545039, -5.242510211768007, -6.325760665878636, -6.306002931313095, -4.930104050681493, -5.61410288954861, -5.873122355817262, -5.502792303562828, -6.8968713966956, -6.0475092231749095, -5.746266807088329, -5.771534467411855, -5.9590334416207815, -6.212113702261008, -5.387369342957994, -6.200202593986109, -5.593413355602459, -5.805588682776129, -4.561351973190639, -6.820971358481088, -5.028652872516005, -5.121872396350813, -4.976566728809902, -3.8144292378274125, -4.072971769985877, -4.448710227863156, -4.368832495576551, -4.691593062886426, -4.76899939751125, -5.382179063102799, -4.405972212635623, -4.753663333976823, -5.7611664026479765, -5.226116998957293, -5.068377803172589, -4.759100369451874, -4.774191437270008, -5.758054081909909, -4.216943499701301, -6.88748607025449, -7.571760649772696, -6.361078039687033, -7.733032192754255, -6.070169581289076, -5.44815443283621, -6.704001107617083, -6.416458911022379, -6.120776828501989, -7.176297232870788, -6.566330936325313, -6.621053350137663, -6.869456154471537, -5.465765007532367, -7.036969171997885, -7.506739832612219, -7.036580409034233, -6.510000249113101, -7.181821896298162, -6.864858353732268, -6.144342983156562, -5.44906430352055, -6.619307989596107, -6.462902041258964, -7.2035378962296015, -5.986318195710958, -6.891558273750036, -6.93394297058237, -7.066586334848305, -6.722581480159882, -6.397589134329801, -6.422012399788974, -6.123660775860176, -7.667414171494764, -7.853194651163596, -6.84781578498203, -6.715669116428472, -7.573623094959844, -7.862304581294458, -5.906169027556557, -6.02992927625006, -6.858282995367656, -7.241848416002297, -6.103504164080997, -6.083602001547141, -7.380179555911456, -4.404314010756458, -6.249338217840817, -6.068555533004165, -7.268680665750622, -6.673796746602116, -7.2317951204732, -6.924179701909589, -5.896555005891663, -5.3009990377189595, -5.16256612883252, -6.675662676935026, -5.61738246210802, -6.441935806098659, -5.315057907894657, -7.253955673187399, -5.743571313217279, -6.262685303973682, -6.570272714189889, -6.708730175484376, -4.459541780494904, -4.87245424798674, -5.9192305286369855, -6.644654725844883, -3.4, -5.516123208781092, -6.415389980294252, -6.311032485080449, -5.856367245611319, -6.42438238233577, -5.893890827231257, -6.492644878592314, -7.137221011188583, -7.317073306277878, -6.567785958643723, -6.785481977556106, -7.187908382949431, -6.774149744370348, -6.746968806148192, -6.549229485865539, -6.972648987981183, -6.307764069160529, -6.507422416270419, -5.9151222542764526, -7.088744907637717, -5.6563704154275865, -7.534720762768014, -4.956186738566414, -4.89334144985723, -5.874080727242347, -5.42030311751793, -6.059553106460806, -6.902228204159924, -6.391820080778557, -6.906241933592671, -6.11605277895635, -7.169190667976579, -5.96056034821794, -4.517061346343716, -3.5923324407076453, -5.8448520893519955, -5.887871077575156, -5.677848724879267, -6.06595073756903, -5.801896211010032, -6.754174573205116, -5.60257157739979]","0     -6.440000
1     -6.400000
2     -5.660000
3     -6.700000
4     -4.670000
         ...   
247   -4.844664
248   -5.800000
249   -5.960000
250   -5.520000
251   -5.740000
Name: Permeability, Length: 252, dtype: float64","[array([-4.11032084, -7.45564479, -5.18994698, -3.4       , -3.4       ,
       -5.79234315, -7.66300417, -4.98677481, -3.4       , -6.57636128,
       -3.4       , -5.71990804, -3.7404517 , -3.4       , -4.5966846 ,
       -5.23229541, -8.81001481, -9.38384032, -8.10400166, -3.96638088,
       -9.78019833, -8.88152599, -7.04891192, -4.10883737, -3.4       ,
       -3.4       , -3.94178097, -5.10976514, -8.46293429, -6.67791242,
       -6.69147465, -5.92272216, -6.57605607, -6.86791738, -7.12604026,
       -5.6991154 , -5.09866796, -5.58642332, -5.59025461, -5.38933213,
       -5.55544882, -5.7522477 , -5.57090573, -6.1497542 , -5.67029536,
       -6.39096182, -5.42071679, -4.89502101, -6.69188533, -5.62667078,
       -6.78931298, -5.25874774, -4.78765725, -6.86326597, -6.42826944,
       -6.66987621, -6.76803427, -6.52939846, -7.00869902, -4.74385438,
       -6.11011822, -5.84751757, -6.04852331, -5.97551045, -5.19311996,
       -6.5719666 , -6.28128657, -5.80816006, -6.6222372 , -6.30489101,
       -7.07791152, -4.62342781, -6.39682476, -7.58627238, -6.50647657,
       -6.222064  , -6.14628986, -6.08545155, -6.55184207, -5.76629687,
       -6.27834302, -5.44018399, -5.67744172, -5.69271703, -5.0750879 ,
       -4.06486645, -6.18098864, -5.38875501, -8.56818837, -6.55597613,
       -7.82358378, -5.98661801, -4.45167064, -4.11471944, -5.4981093 ,
       -5.43877247, -3.4       , -4.30173766, -3.4       , -3.4       ,
       -3.4       , -4.11120024, -3.4       , -3.82386604, -4.03170346,
       -3.4       , -4.04555981, -5.35933599, -3.4       , -3.4       ,
       -3.4       , -4.637697  , -5.99299623, -3.4       , -8.19345594,
       -6.283732  , -7.70529716, -8.88322582, -7.40400295, -6.0688883 ,
       -6.31555256, -6.94456404, -6.12142959, -6.58786261, -6.44207048,
       -5.37916987, -7.66611272, -6.92232968, -6.85624   , -6.51122434,
       -6.4581493 , -5.8209627 , -6.09601089, -7.03172683, -6.00286336,
       -5.76650689, -6.83352532, -6.5869129 , -6.01707551, -7.38366292,
       -5.56360997, -6.4433743 , -6.69825548, -5.81914988, -6.83219061,
       -5.88974376, -6.11087507, -7.32386266, -5.83732586, -8.9997247 ,
       -5.94601599, -6.62789884, -9.33657174, -7.69453803, -6.87921781,
       -7.91852564, -6.67392547, -7.25581578, -7.05591078, -7.02513089,
       -7.07269023, -8.33473257, -5.83472261, -5.77894075, -6.76164751,
       -8.09546652, -6.21980146, -8.66696233, -7.61641571, -7.69312601,
       -5.45466952, -5.05344516, -7.09097911, -5.48917538, -7.06231496,
       -6.39837039, -4.72985573, -5.96971207, -4.1020327 , -4.18174654,
       -5.92479796, -6.72525668, -5.69044542, -4.82777136, -6.17504513,
       -4.35090575, -6.57878655, -5.68083997, -6.14590613, -5.96614353,
       -6.98433775, -6.04835486, -6.30373977, -5.70805688, -7.10087946,
       -7.28873493, -5.22968806, -4.74004308, -5.29468879, -5.68264479,
       -6.15238904, -5.65729723, -5.93548951, -5.14176202, -6.86378177,
       -7.55308961, -7.26967172, -6.21508447, -7.52884821, -6.02494402,
       -5.34440413, -7.71322544, -6.64758169, -7.74982493, -7.9839787 ,
       -7.55616559, -7.29488794, -7.35918325, -6.709139  , -5.17930742,
       -7.10808766, -6.55826113, -6.89518184, -7.08185316, -7.01270671,
       -7.59531396, -6.34660025, -6.19547659, -4.84425924, -9.91025896,
       -6.49933823, -5.69866512, -7.26203945, -7.69653818, -8.6010866 ,
       -7.93611848, -7.6100919 , -7.71973875, -8.17440409, -9.48717158,
       -8.37872908, -8.27296187, -8.15575049, -6.36405482, -6.90828954,
       -7.0168915 , -3.4       , -3.4       , -6.52703924, -5.49953824,
       -4.34719969, -5.84153096]), array([-5.84529203, -6.04624043, -6.46659529, -5.83334144, -4.08819317,
       -6.00719043, -6.94617649, -5.31153526, -4.74114092, -6.20883003,
       -4.6608499 , -6.38424848, -5.00655809, -4.3924014 , -5.66198118,
       -5.11426196, -7.58247916, -7.28098524, -7.27367038, -5.14442519,
       -3.53358286, -9.08267072, -6.68594197, -4.45415206, -4.0947236 ,
       -6.04631878, -6.07747536, -5.81165667, -6.82993722, -6.89143083,
       -6.54876021, -6.22660579, -5.69811266, -6.89968439, -6.44666528,
       -5.21761277, -4.74527082, -5.34845853, -4.98494477, -5.46663077,
       -5.16885619, -5.1029659 , -6.35140057, -4.09897289, -5.41988405,
       -6.32853729, -4.23267466, -4.82575786, -5.53848629, -5.1324659 ,
       -6.88971963, -6.80241428, -5.77866365, -6.13385521, -6.36895842,
       -6.13177126, -5.21691175, -5.87836427, -5.66851403, -6.01078154,
       -5.7102805 , -5.74155895, -5.94621656, -5.16769282, -5.29233141,
       -5.52165174, -5.14979791, -5.35452418, -6.27850528, -5.74852311,
       -5.82734609, -5.34509035, -5.62094032, -6.32463286, -5.72361526,
       -5.43015044, -5.49812674, -5.57130583, -4.81031284, -5.58106677,
       -5.75576977, -5.39412578, -6.03110618, -5.30461591, -4.78012707,
       -4.66600209, -5.22986206, -5.29493848, -7.40385699, -6.89341648,
       -7.42843277, -5.13946618, -4.57594133, -3.79746872, -5.17029442,
       -4.81430638, -3.66887598, -4.94971994, -3.61910237, -4.87062608,
       -4.93344502, -5.67813445, -4.61740598, -3.4       , -3.63831148,
       -4.95495299, -5.90288727, -5.63253842, -5.63535753, -4.52195766,
       -4.81129791, -6.50537183, -6.00323691, -3.90085466, -7.98096434,
       -6.25996   , -7.55040613, -8.38622085, -7.20741517, -6.7453096 ,
       -6.95100613, -7.56312229, -6.70914671, -7.57662908, -5.57471052,
       -5.57073333, -8.06322362, -6.18530105, -7.8551272 , -7.04248985,
       -6.63471473, -6.13801945, -5.98734975, -7.42134141, -6.30348337,
       -5.96044532, -6.79993413, -6.79224909, -6.24670566, -7.80333935,
       -5.70468105, -7.24603369, -7.01420264, -6.6394101 , -7.05565226,
       -5.61724032, -6.72194655, -7.11855602, -5.62415404, -7.71209725,
       -6.17253498, -7.72686757, -8.32084246, -6.84764803, -6.35731836,
       -7.76950099, -6.98632366, -6.87650817, -7.84252935, -6.38422281,
       -6.88122951, -8.24365094, -5.8395479 , -6.06281379, -7.52890568,
       -7.82215227, -6.35427277, -7.30625114, -6.94749401, -4.68665076,
       -6.05322441, -6.0959649 , -4.8338937 , -6.05343257, -7.06106218,
       -5.90001172, -5.31418612, -6.18423954, -4.86845407, -4.38465406,
       -5.38412215, -6.62972432, -4.54567968, -5.99700778, -6.33783586,
       -5.86339244, -7.09270774, -6.15096586, -6.99543919, -6.45080368,
       -6.90951626, -5.18784515, -6.4564898 , -5.90030285, -7.51832524,
       -7.06018668, -5.1754155 , -5.06664191, -4.50142772, -5.63974306,
       -5.97053429, -5.95716373, -6.25104831, -4.82840971, -6.32757392,
       -6.34071524, -6.51166914, -5.68181391, -6.06009223, -6.09616922,
       -6.27605883, -6.48683128, -7.12701868, -7.00400469, -7.18682871,
       -7.04123793, -6.20198279, -7.54518629, -6.74217168, -5.85784397,
       -6.54382006, -6.51833201, -6.83407862, -6.65167893, -6.54038909,
       -7.42064908, -6.261744  , -5.90658552, -3.81590323, -9.43566551,
       -6.93607782, -6.46458731, -7.38727451, -7.08294889, -7.20490385,
       -6.12045671, -6.1186827 , -5.26384687, -4.81642582, -6.50431201,
       -6.39349889, -6.53831188, -7.84178973, -6.65584174, -5.5774883 ,
       -5.49974777, -4.33886429, -5.0259079 , -6.48019242, -5.12057845,
       -4.92111454, -5.93705284]), array([-5.82266465, -4.53140186, -6.07064691, -5.07984932, -3.76648266,
       -5.39628846, -6.58201345, -6.00619346, -5.76071054, -5.18673356,
       -3.64945558, -6.09019042, -5.02903568, -5.19116782, -6.11808401,
       -3.83729639, -4.12176047, -5.74505751, -7.08385226, -5.9101677 ,
       -3.4       , -7.67787459, -4.54156281, -3.71839325, -4.31983884,
       -5.62939189, -5.33952262, -4.96703241, -5.13885758, -7.32200047,
       -6.70029123, -7.06052651, -6.07876667, -6.77104365, -6.25869252,
       -5.2607039 , -4.16028013, -5.26721237, -5.37269429, -5.26981456,
       -5.31443478, -4.9968299 , -6.2077733 , -6.04981517, -6.02952402,
       -6.44426822, -5.10240363, -4.82519492, -6.35548926, -5.9640747 ,
       -6.80081642, -5.54934389, -3.85084314, -6.76198753, -5.88652486,
       -6.21198167, -6.1753201 , -5.43726098, -6.09907733, -5.05286042,
       -5.77055862, -5.68922704, -5.24128123, -5.38190752, -5.5909749 ,
       -5.68219489, -5.20040052, -5.36594675, -6.04982257, -6.05129298,
       -6.21592081, -5.21443104, -4.9579871 , -5.75901995, -5.91735996,
       -5.26819973, -6.48657798, -5.16137315, -5.70701149, -6.16715541,
       -6.80072023, -6.27936415, -6.10003303, -4.48190282, -4.83737129,
       -3.4       , -5.81857117, -5.49503297, -8.08700757, -6.46233862,
       -7.16465617, -5.3176398 , -4.40392733, -3.4       , -4.58111067,
       -4.9820553 , -4.56982354, -5.2412643 , -3.4       , -4.76060419,
       -5.11844131, -4.78035408, -4.58098562, -4.46181491, -5.10042055,
       -4.93680998, -5.41310934, -5.51469171, -5.68405686, -4.75898375,
       -4.0362751 , -5.51246858, -6.58467912, -4.33539861, -8.84858239,
       -7.2056631 , -7.06131775, -8.68785072, -6.45476228, -6.31841108,
       -6.85955424, -6.94637218, -6.13435894, -6.86351736, -5.91751446,
       -5.31692025, -8.26759335, -6.42732934, -7.97000849, -6.46722996,
       -6.69295924, -6.16635957, -6.03279973, -7.05103903, -6.19705248,
       -6.11816551, -6.60836294, -6.62250823, -6.60532426, -7.42788889,
       -5.53549644, -6.82210271, -7.01854019, -6.20900549, -6.31081084,
       -6.06187625, -5.86435478, -6.57158073, -5.68106205, -8.61459256,
       -6.35504025, -7.60167613, -8.84557779, -7.5338436 , -5.37121212,
       -7.94213399, -6.97615002, -7.52076601, -7.01659053, -7.07948087,
       -6.66799904, -8.39008471, -6.45003331, -6.08345922, -7.53778357,
       -8.58749879, -6.04940861, -7.08255259, -8.52490723, -5.74382789,
       -6.36205425, -5.85045589, -7.02060848, -5.95911928, -6.55270252,
       -6.63398319, -5.69827954, -6.06175343, -4.10934421, -4.09565317,
       -5.61891363, -6.80653156, -5.46168396, -5.38054544, -6.01411972,
       -5.88304015, -7.56122749, -5.58555404, -5.48828056, -6.6743183 ,
       -6.24990138, -5.9893912 , -6.6502845 , -6.2947405 , -6.993776  ,
       -6.60430515, -5.84691304, -4.86550328, -4.61758414, -5.44485524,
       -6.02220617, -6.0901748 , -6.46108192, -5.05229519, -6.52414606,
       -6.45827675, -6.33199733, -6.1325595 , -6.24035185, -6.10001867,
       -5.6105161 , -6.74261499, -6.941651  , -7.61802777, -7.0423129 ,
       -7.06333025, -6.73828349, -7.33030076, -7.46021081, -6.00826519,
       -6.56906622, -5.87764295, -6.8593549 , -6.13784433, -6.25599845,
       -7.52491083, -6.29582891, -5.81691443, -5.3171524 , -9.01203244,
       -6.427937  , -5.532919  , -6.87899975, -7.05758065, -6.92260093,
       -6.3998926 , -5.87721153, -6.17783094, -6.29673557, -6.88988325,
       -7.11902381, -7.18156979, -6.28613927, -5.72699881, -6.37912368,
       -6.67456355, -5.2747683 , -5.14782864, -6.71896305, -5.85880995,
       -5.13217904, -5.26865067]), array([ -5.01827326,  -7.5961684 ,  -5.49264681,  -4.54781231,
        -3.4       ,  -4.85257624,  -6.05829033,  -5.55105718,
        -9.66870043,  -6.83539186,  -3.4       ,  -6.5030112 ,
        -4.10230223,  -3.98969718,  -6.22751983,  -8.73069987,
       -10.        ,  -7.91045967,  -7.84224432,  -6.98337701,
        -8.74337424,  -9.52901612, -10.        ,  -5.19982394,
        -5.57150488,  -6.0766591 ,  -5.9905636 ,  -6.30344633,
        -6.91899597,  -6.4771962 ,  -5.24074483,  -7.19636511,
        -6.30341265,  -6.40603868,  -6.55091846,  -5.31991076,
        -4.81218035,  -5.08996842,  -5.0234739 ,  -5.69077774,
        -5.37410274,  -5.13981117,  -6.02537543,  -5.7337903 ,
        -5.83319817,  -6.71919634,  -4.81415007,  -4.70942757,
        -6.11509171,  -5.50444587,  -7.08788791,  -5.40858529,
        -5.25714869,  -6.3986929 ,  -6.53734126,  -6.31796909,
        -6.20505045,  -5.82078472,  -6.46263391,  -4.94420194,
        -5.47812413,  -5.86878244,  -5.40950796,  -5.9929448 ,
        -6.64805493,  -5.98833728,  -5.51133536,  -5.17167862,
        -6.13237798,  -6.00857316,  -6.68265113,  -4.78167373,
        -5.51350667,  -6.12779134,  -6.42419246,  -6.16931081,
        -6.0764968 ,  -5.84959892,  -5.72263164,  -5.88748051,
        -5.86456965,  -5.52983345,  -6.25080911,  -5.18082233,
        -4.62541217,  -3.92514922,  -5.80104627,  -6.11256912,
        -8.50808189,  -7.67788548,  -8.27886854,  -5.9281606 ,
        -4.30729003,  -3.4       ,  -4.64858938,  -5.15281281,
        -3.54618666,  -5.42794973,  -3.4       ,  -4.8963408 ,
        -5.26533554,  -5.48334695,  -4.9485842 ,  -6.35430705,
        -6.37907774,  -5.48661328,  -6.16433601,  -5.70616391,
        -5.10372354,  -4.77740542,  -4.79725127,  -6.03960379,
        -6.6801513 ,  -6.50807541,  -8.18930424,  -6.29487917,
        -7.50204289,  -7.55663509,  -7.13467729,  -7.00697373,
        -6.99091076,  -7.52681432,  -6.25518028,  -8.09750626,
        -6.12043885,  -5.51842804,  -7.99168177,  -6.62563623,
        -7.75481539,  -6.45357387,  -6.70374759,  -6.96951371,
        -6.05669573,  -7.91372256,  -6.32279337,  -6.35159393,
        -6.98795314,  -6.92402429,  -6.45936069,  -7.63572024,
        -5.90907827,  -7.03102481,  -6.10282603,  -6.41545214,
        -7.40788999,  -6.29279769,  -6.88258314,  -6.8950123 ,
        -5.81773914,  -7.81938184,  -6.72772797,  -7.63010698,
        -7.6284    ,  -6.89825229,  -6.66547203,  -7.2766958 ,
        -7.20603819,  -7.03631467,  -7.45312836,  -6.91667201,
        -6.22991674,  -6.91524417,  -5.80212276,  -6.41583865,
        -7.60330181,  -6.68258583,  -6.78749876,  -7.08236002,
        -6.95857054,  -7.55276061,  -6.47087328,  -5.96846903,
        -7.56139485,  -5.94465259,  -6.7788438 ,  -6.13726902,
        -5.65470486,  -6.34347632,  -4.69167829,  -4.31236432,
        -5.59285852,  -6.8134662 ,  -5.2606088 ,  -5.60575147,
        -6.2909314 ,  -6.0498849 ,  -6.49830115,  -6.13061231,
        -3.8475084 ,  -5.30145389,  -6.58614366,  -5.81667321,
        -6.34020737,  -6.21284058,  -6.97296933,  -6.37653533,
        -5.45168997,  -5.30309316,  -4.49241127,  -5.60459409,
        -6.00134271,  -6.29274397,  -6.6847444 ,  -5.24842807,
        -6.17017831,  -6.27932916,  -6.30161984,  -5.997337  ,
        -6.58356828,  -6.37570052,  -5.95229828,  -6.89116787,
        -6.53393568,  -6.4927366 ,  -6.28365574,  -7.1163013 ,
        -5.50261104,  -7.59130131,  -6.30735948,  -5.59035929,
        -6.21622518,  -6.43128801,  -6.84632359,  -6.8737481 ,
        -6.34020063,  -6.52178572,  -5.13729839,  -5.8577893 ,
        -4.29467202, -10.        ,  -6.87086381,  -6.53405366,
        -7.17134504,  -6.90327086,  -6.57695203,  -6.03434635,
        -5.67625388,  -5.38996819,  -3.4       ,  -5.88946787,
        -6.01934102,  -5.73226868,  -6.72468242,  -6.33322114,
        -5.17760481,  -5.77938958,  -5.66910886,  -5.24207592,
        -6.65667942,  -5.91862645,  -5.4741794 ,  -5.47795489]), array([-5.50361919, -5.36224314, -5.64231893, -5.39663724, -4.15587567,
       -5.24291802, -6.57762599, -6.27724736, -5.27199704, -5.75510848,
       -4.65733391, -5.70935992, -4.82791454, -5.08329692, -5.23568406,
       -5.58676338, -6.88133014, -6.32308539, -6.648523  , -6.26526113,
       -5.84194829, -7.97422162, -5.73971589, -4.53116162, -3.81050837,
       -5.27427807, -5.53265556, -5.24489939, -5.31535769, -7.520404  ,
       -6.84529001, -6.91033897, -6.08772143, -6.53842875, -6.12470017,
       -5.5513916 , -5.60037829, -5.32812811, -5.70713509, -5.57291039,
       -5.92348633, -5.58032208, -6.95321658, -5.18037478, -5.69310416,
       -6.11715073, -4.77424774, -4.46057923, -6.24146344, -5.64263517,
       -6.5394314 , -4.94524562, -5.54019776, -6.81024363, -5.85723891,
       -5.86193925, -5.70667596, -5.4933568 , -5.94727359, -4.68297315,
       -6.14270466, -5.93760348, -4.96726127, -5.54068345, -5.68525251,
       -5.51479303, -5.86809518, -5.26633315, -6.22695202, -5.63454566,
       -6.0650365 , -4.75738826, -5.84610613, -6.36282286, -5.87303425,
       -5.86585614, -6.31174967, -5.46019688, -5.91608292, -5.76247342,
       -5.79383543, -5.60354354, -5.92111727, -5.45894566, -5.03296856,
       -4.47779019, -5.33188315, -5.38999184, -7.74032357, -5.73453568,
       -6.76087976, -5.25692627, -4.27453402, -5.09553126, -6.89204333,
       -4.75839845, -5.08617994, -4.95090645, -3.4       , -5.24579078,
       -4.45647918, -5.15417138, -4.69303297, -4.09744553, -4.39985025,
       -4.82948543, -6.05321069, -5.50905564, -5.08086488, -4.26814289,
       -4.44159454, -5.88348219, -6.18474581, -3.4485059 , -7.92338053,
       -6.68116083, -6.46664676, -7.42433419, -6.32948633, -6.59637969,
       -7.0251381 , -7.53509806, -5.75811642, -7.73118079, -6.05428128,
       -5.42967541, -7.62058496, -6.66420666, -7.18078698, -6.65490563,
       -6.56528293, -6.67761281, -5.77743645, -7.19210459, -6.10945085,
       -6.62137106, -7.2374277 , -6.84816662, -6.59037841, -6.73642441,
       -6.04073053, -7.12803718, -6.72982381, -6.33750132, -6.87079721,
       -5.94458112, -6.51598915, -6.60197839, -5.96312955, -7.37561834,
       -6.26714523, -6.84170866, -7.59181468, -6.91296537, -5.83092908,
       -6.61195934, -6.90070601, -6.65943316, -7.307821  , -7.40830349,
       -6.35866864, -7.26925899, -6.00824671, -6.22974656, -6.6646044 ,
       -7.58922187, -7.07590981, -7.01155069, -6.00852813, -6.64887123,
       -6.21346837, -6.17891617, -6.73009172, -6.38391788, -6.44439279,
       -6.17220224, -5.4980362 , -6.03910711, -3.76675307, -3.99785312,
       -5.67055491, -6.51176622, -5.18709855, -6.18511368, -6.59141898,
       -6.00536708, -6.97196668, -5.36103728, -4.65656949, -5.73383098,
       -6.34052251, -6.03907619, -6.32278093, -6.20061058, -7.00743727,
       -6.45660047, -6.02213724, -5.56278044, -4.80595462, -5.52868294,
       -5.83206256, -6.52683071, -6.23876515, -5.5981754 , -6.38026261,
       -6.40898383, -6.35635524, -5.6758954 , -6.26228117, -6.04956217,
       -5.87541895, -7.26997336, -6.74361256, -6.79995677, -7.27796647,
       -7.2316626 , -5.96042242, -7.12624346, -6.71844667, -5.43538611,
       -6.5480565 , -5.90290874, -6.61473723, -6.60859402, -6.80828398,
       -6.92717441, -4.78620029, -6.23257598, -3.84952897, -8.56202345,
       -6.93064544, -6.43824548, -7.29247142, -7.61855948, -5.95586649,
       -6.67465531, -5.82073733, -5.95870275, -5.81687299, -7.31575062,
       -6.48703963, -6.48605117, -7.44461169, -6.74454834, -6.2649126 ,
       -6.0102253 , -5.21265987, -4.57853148, -6.63819378, -6.22896716,
       -6.02477377, -5.67546036])]","[-5.26003399 -6.19833972 -5.77243098 -4.85152806 -3.7621103  -5.45826326
 -6.76542208 -5.62656162 -5.76850979 -6.11248504 -3.95352788 -6.08134361
 -4.54125245 -4.41131266 -5.56799074 -5.7002634  -7.47911692 -7.32868563
 -7.39045832 -5.65392238 -6.25982074 -8.62906181 -6.80322652 -4.40247365
 -4.23931514 -5.28532957 -5.37639962 -5.48735999 -6.53321655 -6.97778878
 -6.40531219 -6.66331171 -6.1488139  -6.69662257 -6.50140334 -5.40974689
 -4.88335551 -5.32403815 -5.33570053 -5.47789312 -5.46726577 -5.31443535
 -6.22173432 -5.44254147 -5.72920115 -6.40002288 -4.86883858 -4.74319612
 -6.18848321 -5.57405848 -6.82143367 -5.59286737 -5.0429021  -6.59360905
 -6.21566658 -6.23870749 -6.01439851 -5.83183304 -6.23723958 -5.08693428
 -5.84235723 -5.8169379  -5.52255807 -5.61174781 -5.68194674 -5.85578871
 -5.60218311 -5.39332855 -6.26197901 -5.94956518 -6.37377321 -4.94440223
 -5.66707299 -6.43210788 -6.0889357  -5.79111622 -6.10384821 -5.62558527
 -5.74157619 -5.8328946  -6.09864762 -5.64941018 -5.99610146 -5.22380075
 -4.8701934  -4.10676159 -5.67247026 -5.53625748 -8.06149168 -6.66483048
 -7.49128421 -5.52576217 -4.40267267 -3.96154388 -5.35802942 -5.02926908
 -4.05421322 -4.97431561 -3.44382047 -4.63467237 -4.63474021 -5.04144142
 -4.44800175 -4.4274867  -4.7098727  -4.72157234 -5.51582062 -5.54435713
 -4.98080056 -4.34529794 -4.29728376 -5.71572468 -6.28916188 -4.31856691
 -8.22713749 -6.54507902 -7.25714214 -8.18765334 -6.9060688  -6.54719248
 -6.82843236 -7.30319418 -6.19564639 -7.37133922 -6.02180312 -5.44298538
 -7.92183929 -6.56496059 -7.52339561 -6.62588473 -6.61097076 -6.35449365
 -5.99005851 -7.32198688 -6.18712869 -6.16361654 -6.89344065 -6.75477223
 -6.3837689  -7.39740716 -5.75071925 -6.93411454 -6.71272963 -6.28410378
 -6.89546818 -5.96124783 -6.41914974 -6.90219802 -5.78468213 -8.10428294
 -6.29369288 -7.28565164 -8.34464133 -7.17744946 -6.22082988 -7.50376315
 -6.94862867 -7.06976756 -7.335196   -6.96276201 -6.64210083 -7.83059428
 -5.98693466 -6.11415979 -7.21924859 -7.75538505 -6.49737828 -7.42993535
 -7.21118312 -6.4650473  -6.11085797 -5.82945023 -6.64739357 -5.96605954
 -6.77986325 -6.24836731 -5.37901249 -6.1196577  -4.30765247 -4.19445424
 -5.63824943 -6.697349   -5.22910328 -5.59923795 -6.28187022 -5.63051806
 -6.94059792 -5.78180189 -5.42674075 -6.02531008 -6.61408431 -5.81626812
 -6.41470047 -6.06331028 -7.11867746 -6.75727251 -5.54516876 -5.10761238
 -4.74241331 -5.58010402 -5.99570695 -6.10484209 -6.31422585 -5.17381408
 -6.45318853 -6.60807892 -6.55426265 -5.94053806 -6.53502835 -6.12927892
 -5.81173926 -7.02076259 -6.79875992 -7.13291015 -7.15494851 -7.20173953
 -6.33963753 -7.39044301 -6.78746553 -5.6142324  -6.59705112 -6.25768657
 -6.80993524 -6.67074371 -6.59151577 -7.1979668  -5.76553437 -6.00186836
 -4.42430317 -9.38399607 -6.73297246 -6.13369411 -7.19842603 -7.27177961
 -7.05228198 -6.63309389 -6.22059547 -6.1020175  -5.70088769 -7.21731707
 -6.87952649 -6.84223268 -7.29059472 -6.36493297 -6.06148378 -6.19616354
 -4.77908026 -4.67886879 -6.60421358 -5.72530405 -5.17988929 -5.64012995]","[0.64787384 1.18622212 0.44839553 0.83814189 0.32361955 0.40743138
 0.53052185 0.46514126 2.10349225 0.58852215 0.58324841 0.32821966
 0.52356014 0.6723998  0.60004646 1.62662013 1.98826637 1.27149573
 0.52371164 1.03094423 2.6209411  0.6946927  1.81877185 0.49176966
 0.73354556 0.98775256 0.76845443 0.4986524  1.21557366 0.39009984
 0.5897926  0.4984241  0.28920828 0.19265451 0.34537895 0.18493092
 0.47062775 0.15967271 0.29142581 0.14533734 0.25961448 0.29612888
 0.45037967 0.75201928 0.20072825 0.19444191 0.39389465 0.1533647
 0.37735763 0.26811691 0.17699883 0.63716682 0.68127882 0.28190871
 0.28599917 0.26317021 0.52170664 0.38965062 0.46315658 0.48081508
 0.25186091 0.08963839 0.41385444 0.32640341 0.5162177  0.39712473
 0.42572894 0.21890511 0.19651603 0.2365342  0.44945181 0.28211554
 0.46756906 0.61548402 0.3150391  0.38420597 0.33441082 0.31857545
 0.5578151  0.1936603  0.397609   0.32316871 0.19186962 0.40840333
 0.16588224 0.44377074 0.34881795 0.29503222 0.44552615 0.63195453
 0.52437371 0.35752618 0.10764921 0.6272119  0.83844778 0.24688664
 0.65808511 0.38224588 0.08764095 0.63841756 0.67486327 0.55621611
 0.53950222 1.02399503 0.9636435  0.69918239 0.7786395  0.11858873
 0.83030929 0.50766181 0.53070657 0.62610536 0.29002519 1.14625352
 0.32912887 0.36526283 0.44945594 0.59233229 0.43061231 0.32685911
 0.26234747 0.29233047 0.3059162  0.56047606 0.28219724 0.09181844
 0.24517896 0.24670943 0.43024209 0.22018692 0.09092327 0.4122054
 0.11198993 0.32697262 0.12002446 0.29863527 0.21017246 0.12995677
 0.22393694 0.36320526 0.19628264 0.28201552 0.33373348 0.27135517
 0.35627853 0.22080904 0.37912136 0.2912398  0.1201782  0.60467548
 0.25628624 0.45670922 0.68046738 0.36085156 0.5520296  0.50629777
 0.17099499 0.29828046 0.30051763 0.33252136 0.31416238 0.61494128
 0.24247118 0.20991483 0.41518137 0.63103644 0.37870134 0.62642839
 0.83304364 1.13207248 0.35697182 0.4037593  0.9452065  0.28641388
 0.25416344 0.2492774  0.3514858  0.13159831 0.40893816 0.14046629
 0.17330239 0.11419014 0.3838633  0.47843511 0.19085944 0.64370582
 0.38362387 0.31103059 1.10172042 0.4928864  0.29414744 0.32508303
 0.12927249 0.22250709 0.2045682  0.35580129 0.33571785 0.29691523
 0.29839675 0.08438904 0.10266099 0.29519551 0.24979097 0.25327777
 0.23444137 0.47637895 0.36497177 0.22469891 0.52475206 0.12642511
 0.31568892 0.42915133 0.2117544  0.48025404 0.54319033 0.18906655
 0.6220592  0.16654441 0.3731054  0.29540619 0.28712503 0.3028924
 0.09971817 0.31573076 0.28380816 0.41107516 0.66616057 0.17592936
 0.58152609 0.54278525 0.22224851 0.42724947 0.17396637 0.3218736
 0.87942843 0.68924289 0.7092522  0.87782151 1.58512634 1.22806362
 0.82887335 0.85010457 0.69357323 0.35684791 0.61234827 0.56492998
 0.81504617 0.67869503 0.08764917 0.38092969 0.5591152  0.24259902]"
