,Model,Y Train pred,Y Test actual,Test prediction folds,Test Predictions Mean,Test Predictions Std
0,LGBMRegressor,"[-5.977324009403922, -6.2086369489825275, -6.930644244853213, -5.971651636153561, -6.81027062677496, -5.810834890539101, -5.41462568989226, -6.6971624403112235, -6.6786497523429045, -5.87568668608957, -5.555733969646823, -4.922939643500567, -5.1703155168557045, -4.987490154217619, -6.789950952989924, -7.090802263535463, -5.4113821129546045, -5.553116110098902, -5.392002083951586, -6.847628268821062, -6.133591046206246, -7.187844169853831, -7.161869527889153, -7.469858227675714, -7.27985230614628, -6.420189091948414, -6.836995792422502, -6.155298362438274, -6.647621879812524, -6.7881948818910685, -6.607324524666087, -6.417436382156117, -6.596807019619545, -5.627842664582203, -5.68650822598342, -5.533815888465434, -6.026883473404796, -5.897468887391628, -5.859893051768208, -7.138421126773761, -5.786753477830989, -6.5178530484721025, -5.943291634721669, -7.005070516214453, -6.899998789591918, -7.12465864133941, -7.46650871758622, -5.632037184704475, -5.77408895063189, -5.396784199685101, -5.715551525051794, -5.557514221115748, -5.777604499624168, -5.67150881027567, -5.631431514860145, -6.012501213084401, -5.638210829625901, -5.8177247882642815, -5.8325018089788125, -5.866006581221354, -5.720122812276142, -5.758167097412581, -5.975058120212053, -5.7504499841462895, -5.63780729996154, -6.039897147175364, -6.376446764389787, -5.734846996203952, -5.716100916111443, -6.147301207659649, -6.050676227252721, -5.852229596337386, -5.995322414421481, -5.621553666249492, -5.269768221913266, -5.386802334010095, -5.35578909661539, -4.306806900951865, -4.4819574359627685, -4.246244280361592, -4.537963908371861, -4.370886570971332, -4.98021395880419, -4.850033780443129, -4.989257546715521, -5.497495834758434, -4.996004228013845, -5.310531833482497, -5.606182373465468, -6.328464314533702, -6.287264532409027, -4.7785960822157545, -5.9678991337230745, -5.921015349878012, -5.797048122374672, -6.48666313279044, -7.317472959319244, -7.3780149620306235, -7.482639126909356, -6.783305350488933, -7.280208344493804, -7.1892167316703, -5.638145239087761, -7.291125607674143, -6.845584598265049, -7.125089133649607, -7.278479494535608, -6.2296519120218905, -7.082994461343939, -7.165723318371744, -6.468125719598328, -7.091448305017354, -6.603164326063771, -6.7020282102090345, -7.150984231622574, -7.4075529697573455, -7.10890641018483, -6.341703742245052, -7.03496500885897, -6.234950157609483, -6.437117619352311, -7.126009780206945, -7.508767956990323, -7.346689728009065, -7.409716026898706, -7.202666895371652, -7.286768588474751, -7.230665106031738, -6.137010420005151, -7.062928342051667, -7.4237151668970025, -5.860848889038175, -7.566445018321129, -5.941018089993077, -6.6293591509595, -7.1103888920754486, -7.172974201080427, -6.901604281662859, -7.129062166760492, -5.452593959893065, -6.407293434147788, -6.439619014661595, -7.185740291965056, -6.101337107690613, -6.721163236134111, -7.126661409060569, -6.5428622209206235, -5.825825802240876, -6.42209005170729, -5.677304472018714, -5.676504940633006, -6.874242766057672, -6.089588039130056, -6.350848331025008, -6.126337831190854, -5.6953644708009215, -5.812839969569266, -7.034206498140638, -7.012249414923354, -7.160808602331988, -5.990129075580381, -6.410261802210857, -5.889341704317714, -5.994277773980634, -6.556695253806282, -6.137197978809256, -6.254500783486318, -6.625887490966411, -6.522638031576542, -6.204872850675984, -5.776948265132584, -6.483384449879168, -5.545569207645496, -7.070256417049901, -6.11538349712096, -6.236303795014078, -6.856722861781461, -7.0600898593565375, -5.619482811516162, -6.256039739726236, -6.149195387427282, -6.891453427192094, -6.178718048777286, -6.277885166159653, -5.7430359946370455, -7.277280828235565, -7.171201455379159, -6.45273968096958, -5.878551488207606, -6.204053250136459, -5.9141025053439185, -5.964123939869193, -6.495234600674882, -6.431565416124726, -6.290615441279079, -5.775232316140932, -6.06628058124502, -6.219786790565546, -5.861907196777176, -5.939308591429905, -6.060315660552942, -7.101075544967469, -5.8983000218420685, -6.468120713863855, -5.4023059386450125, -4.896858898771999, -5.699816114520217, -5.604501302342365, -5.94177514847837, -5.525446027879638, -6.695636242750629, -5.918158192680889, -5.42713620941062, -5.4683089700466425, -6.7474898550851945, -6.101133476275487, -5.573650476177087, -5.268927015761875, -6.9459011438063705, -5.757416350134101, -5.731513656388177, -5.885821935907793, -6.062721123936319, -6.889270306918686, -7.052194122195882, -6.529603407860206, -6.928338976035344, -6.9228302440209895, -6.269454956607391, -6.695270149121021, -5.85821389712189, -5.9224919473573845, -5.6894626570674545, -6.022690464208654, -5.827330375648331, -5.778206048060598, -5.841148515135098, -5.528468780719363, -5.657628751974915, -5.836897235786864, -5.734423985546386, -5.711089069820717, -6.292624648945243, -5.723374432608258, -5.957818257164793, -5.962297753926131, -5.858804056126715, -6.9353374178650515, -6.244844062525441, -5.8906779619729805, -5.758855983968984, -5.675857823189997, -5.79310704771408, -5.54135409690468, -5.895649403399405, -5.745242135199302, -5.841454724436072, -5.661189655118287, -5.773617272698522, -5.7262676825622725, -5.73004377385086, -5.475672828051212, -5.612133966044486, -5.785468708650745, -5.740299708747842, -5.686749752087195, -5.615059495915946, -5.574165976990065, -6.363404022449877, -5.678641372450159, -5.674932690286418, -5.944909619548557, -6.439681973312733, -5.727363232003257, -5.856408692002048, -4.2318031901423465, -4.792538164811276, -5.170825026224465, -5.062326615253088, -4.794394408427424, -4.757410390683646, -4.869535575550105, -5.221862444228997, -5.445541546792125, -5.5626356020439855, -5.886098409882091, -5.245402312068845, -5.146679663386717, -5.907403435553373, -4.738175803761485, -6.802208162069209, -7.1739840368321826, -7.192278121959179, -7.347824437083668, -7.078542432078825, -6.190782940027998, -6.252667842002808, -6.098706953931036, -7.184879472104839, -7.074690557462672, -7.320113067999772, -6.857036756279514, -7.153204572152028, -6.109566973134185, -7.148532533343883, -6.3165197566587095, -6.418888117278888, -7.028906733304291, -6.606865044987185, -6.536313611454772, -6.338257624398621, -6.103804556426833, -6.374168981600943, -7.3667375298298134, -6.521849977785854, -7.235976901453385, -7.1882333108552645, -7.045486244213982, -7.303249283675609, -6.7240034740972785, -7.27050841973114, -7.43040949490319, -5.743464500005551, -7.188596982758331, -7.170713839913003, -6.958487246558328, -6.948259397100277, -7.205941719814794, -6.578961721785079, -7.199764044762688, -7.168772075131148, -6.816325633724166, -6.779626526692207, -6.8839965611634195, -7.483020887388916, -6.411782761343674, -6.360678601969617, -5.550043843795535, -5.994828767189031, -6.081173320897082, -6.536020382332536, -6.864678047765713, -6.5186401004891, -6.225617601502648, -5.793055329528879, -6.216325273655051, -5.807173819872326, -7.067258018688101, -6.88708050431579, -7.253460918217154, -6.1456502293851525, -6.26229294674265, -5.9717102751521125, -7.036294349704128, -6.600723489660434, -5.709891234608353, -6.555819576882037, -6.644038012264469, -6.005719408651623, -5.784564838540429, -5.691042845030283, -6.341189105388016, -6.33765640950031, -6.133057373238921, -6.018011409575979, -5.977022075832705, -5.938190813612071, -6.334996723400616, -5.967300867657701, -5.897883426176422, -6.473326275430417, -6.091819430464215, -6.92387188913383, -6.558544053733878, -5.892119093516072, -6.249526831663643, -7.051873060543665, -5.956008257678154, -6.933303086717882, -6.030580355034728, -5.725718588325742, -5.812722817209666, -5.762776341014874, -6.194623851553095, -6.2233645419873005, -6.157149500833759, -5.730534196377318, -4.902930050592128, -5.284922207920341, -4.730139376992278, -5.9036178856125465, -5.83345655938607, -6.32351787078289, -6.059893644333229, -5.890298143269371, -5.782336603879771, -5.596561781396888, -6.049532492035265, -5.944485779699894, -5.571102414716217, -7.0744895033068795, -5.808842647888004, -6.361914572789976, -5.616360485015981, -4.955984708250321, -5.450895058014699, -6.511386804743428, -5.944401490535096, -5.278077230742699, -5.199049263810534, -6.187794519195791, -5.728208483935086, -6.72203034402496, -6.851922945060605, -6.1523455569914764, -6.342692105423422, -6.874493689828224, -6.737234436758217, -6.955547830403847, -5.7296444764189385, -6.891279141637359, -5.516332800284712, -6.084280336711347, -5.919804363747868, -7.361206706108245, -7.38337594869737, -7.234328669182166, -7.290897539900392, -6.87802526139172, -6.005118689940461, -6.115631653953793, -5.694586795713559, -5.788915123070129, -5.9275767061054285, -5.870050045442514, -5.69694449651919, -5.69679653616843, -5.884463014257056, -5.56976000504079, -5.6466811509358665, -5.990572886193669, -6.163767678198059, -5.819880703278034, -5.9710758140050855, -6.58652911535745, -5.6871035948645225, -7.011805183777651, -6.65144688824718, -7.129805883304005, -7.206345470723035, -5.3930079573646035, -5.867388841202847, -5.874378053674475, -5.913513095442838, -5.764096972719524, -5.790416983921779, -5.483269278349705, -5.557380776927818, -5.5030144488292505, -5.879106151593051, -5.746277857390447, -6.184064198440761, -5.576441060863784, -5.631285219063301, -6.1028010515887, -5.732200950321266, -5.681201818253402, -5.612834627732321, -5.620229199122254, -5.765191505794029, -6.369293580624855, -5.7937084709896585, -5.9024828463890575, -5.574681348455331, -5.758594728311967, -5.704092660638763, -5.909063542124315, -6.6549624755328205, -5.719008277965728, -5.667419696426079, -5.814239348512042, -5.930064017767373, -4.07899333904226, -4.383602615550605, -5.331167625890629, -5.197650227076193, -4.334715842501558, -3.9754711515346757, -4.845323701187009, -4.8155041673292525, -4.846813746722406, -5.115637466028958, -5.127607522861024, -6.088285401005368, -4.884373864656826, -5.608619804209974, -5.506341536803272, -4.8416770451741105, -5.4605122542942155, -5.0625096373165475, -5.105795010275322, -5.339108287073567, -6.589176636068704, -5.433185569108149, -7.241463748733183, -6.231203487035883, -6.484093718585694, -6.33470871401091, -6.673507629067168, -6.970792985018733, -6.811718622402631, -6.40796129894596, -7.050693588473077, -7.105071707052248, -6.008849550103066, -7.285567207312915, -7.255552577536246, -5.7298937264218806, -6.007233040732239, -7.2238034156539905, -7.204800653749025, -7.099029675873737, -6.966137518763348, -7.238899142962713, -7.282946092568366, -6.134172263918475, -7.290497852075741, -7.380923359563472, -7.1561445724856805, -6.910557359995661, -6.046524846337843, -7.153766889777777, -6.730921629195114, -7.00761839614327, -6.106355556504184, -6.929133988040812, -6.016251598504292, -6.872233742763687, -7.176981286545074, -6.51233570981912, -5.991028316292331, -7.162681119534099, -5.702178461265921, -7.112860094577488, -5.671087377368171, -7.331759327682013, -7.12993148279693, -7.212186257263498, -6.189993237152538, -6.15441655173132, -6.523508967294954, -7.1471244690628675, -6.845010847822865, -7.192419218032304, -7.113647437292823, -6.257236350201232, -6.351128397061105, -6.93989544395332, -6.199103550739249, -7.026576802189774, -7.143911855889237, -5.887934661320976, -5.742394895333518, -5.501662026410502, -6.66118649071214, -7.00003677434739, -6.200387130449772, -6.553318409469433, -5.684392976371029, -5.737318175626865, -6.728808040322425, -6.265004199782603, -6.1011184090605095, -6.8949027108644545, -6.3727137454057665, -6.285134227754618, -5.865179833370122, -6.039739232770994, -6.877943232855329, -7.104850504240507, -5.725011622263542, -6.226660941859286, -6.369044199139269, -6.325857022742414, -5.947625753713084, -7.142512764838899, -7.099840160942326, -6.981181964956735, -6.963836605829026, -6.14022881456498, -6.0331053429455315, -6.086289631531264, -5.90795215637757, -6.439655809993363, -6.212447311944894, -6.357209601659046, -6.252322239653653, -5.161406834252781, -5.3430420025639345, -6.404668355917177, -5.7647054049587885, -5.885549485971571, -5.783498699368233, -5.847846215384613, -5.94101429270565, -5.906415268746905, -5.017284114977663, -4.917000321948099, -4.7901455878273715, -6.658628020451942, -5.562184551229181, -5.117643464347226, -5.0686192887726165, -5.0894192024856, -6.539660346687341, -4.95883135856005, -5.283149745940609, -5.013194462538982, -5.756653366840994, -6.819253735380233, -5.829754393315125, -6.287398754755204, -5.850492146284298, -5.6338657931082015, -5.394928815357213, -6.266171815975203, -6.967515861322763, -6.244562652980894, -7.367464001567029, -7.00360181952161, -7.044760670253033, -6.596528156507965, -6.395010083067143, -6.306173956606071, -5.875593889508221, -6.039109750196747, -6.059450625460824, -5.642629713038136, -6.24885627818217, -5.726220357850299, -5.717599277690147, -5.707682125561249, -5.851751327243878, -5.688440213435993, -5.646912817728603, -5.70736178253725, -6.404092526817277, -6.251880224672236, -6.474823500432862, -5.766692234035372, -6.072429605717933, -6.32831332409149, -5.689014025128703, -5.971018622614112, -5.496606363781028, -5.867604034857013, -5.707988901040468, -5.733989927352016, -5.773485296177538, -5.821451010404557, -5.755149572189019, -5.45211744883468, -5.931301093226887, -5.960128281676803, -5.925167712650895, -6.329473496864635, -5.690058761914365, -5.653045608543677, -5.842697257508659, -6.143894726791411, -5.994632933705039, -5.099199204300689, -4.586253336460363, -4.503101070788454, -4.200970869330343, -3.8960162756382126, -5.081024141016618, -5.387276729197898, -5.1429873867002565, -4.962599866391153, -5.219961785010299, -5.038786471844285, -5.2294296011331625, -5.072776892966265, -5.334169801278273, -5.032513133277018, -5.744191023768594, -5.244240326085756, -5.342991023947839, -5.306559356989014, -6.185835534659081, -5.266203039126627, -5.495597256660056, -5.388008721466486, -5.232904846729128, -7.137538937333147, -6.888361876092524, -6.842166934934383, -6.42163695887896, -7.331811817025061, -6.176211438152339, -6.0607196034647695, -7.1276483599048674, -7.231433111097631, -5.466691677265164, -7.241853404591253, -5.629137822190108, -6.021492547798006, -6.3567129907939846, -6.563142878545816, -6.667124007881897, -5.544961754450178, -5.739290718202268, -7.0057455821296415, -6.590275623791604, -6.919237805294545, -7.355799298975879, -7.367871828115244, -6.2127839330186285, -6.086602898929808, -7.246751737416358, -7.38324323488343, -7.2469738820322505, -6.189258102221063, -7.170364422632692, -5.735533524237204, -7.151126708964878, -5.987410193524828, -6.864918753586689, -6.078740116207971, -7.164874355653418, -7.211321022427273, -7.355626364294335, -6.989063804983553, -7.390219344371369, -6.980492889176602, -7.0169922537921305, -6.802248494498312, -5.900662311462702, -6.792893826044526, -7.264669734460691, -5.8722005817908185, -7.072527230237807, -7.183844298806477, -5.901676932698167, -6.424796427364064, -6.848914648879286, -6.459406823960518, -7.173204182699794, -5.774784818116815, -5.6731652532040435, -5.968069034835424, -5.80651822674949, -5.526253899605925, -5.66106309290588, -5.537423055607982, -5.537671231821466, -6.771926005943953, -6.791899947618109, -6.365764408918452, -6.4491041009099, -5.608143323543833, -6.027362066427332, -6.123096378973068, -6.230054933687574, -6.2711846423372135, -5.332486441604872, -6.072952870642126, -6.006685042127123, -5.907940059037528, -5.961503106533447, -5.845929630473744, -5.862714744484931, -5.919429385607081, -6.3273374288064455, -6.488865832746102, -6.195996742806033, -6.919454039586066, -6.841252884035847, -5.8276185128472315, -6.987903443024474, -6.596844225451878, -6.4357678429507486, -6.393983114731704, -5.883797113489092, -6.047009909995948, -6.807984530120233, -6.9842032714567726, -6.856349053314046, -6.936529269704096, -6.129802567238183, -6.067557915919493, -5.887724851971513, -6.3480879800486765, -6.358187937659024, -7.067379518862913, -7.16281297565126, -5.33676889261827, -6.17173693365306, -5.095110862067068, -6.041557984798828, -5.953669670360475, -5.702623683914739, -7.15368770634329, -5.622049417611259, -6.466743024326187, -5.676094565199678, -5.476606268337819, -5.360642507662873, -6.734562471266184, -5.236856150519157, -4.823593624613959, -4.899781339774839, -5.250246124894001, -5.480762790207205, -6.594163699170686, -6.641170830140478, -6.919296618018306, -6.3205980034950215, -7.03095617673958, -7.046656805203921, -7.144806629930009, -5.9245571756167745, -6.090076481230861, -6.508461651317944, -5.8810194790624974, -5.4446638253197674, -6.916183795981183, -6.504444289759387, -7.295904690338233, -6.915380796655278, -7.394990608024088, -6.148907315226763, -6.094044592091399, -6.614907115351808, -6.187632283108795, -5.872238832209383, -5.800059318380225, -6.884636423588285, -7.165913054916501, -7.470968006499795, -7.141424381095592, -6.024442541323177, -5.747202333088814, -5.820921096634215, -6.254051024333318, -5.575988767498747, -5.621672828543991, -5.761254767435544, -5.837632994707122, -5.856890697724647, -5.542290493209376, -5.73955788082206, -5.435118165221401, -5.711544600125792, -5.7896179765581905, -5.7966854042659905, -5.669581995730215, -5.831848361921506, -6.391617492249717, -5.763907069873248, -5.457312154645434, -6.1395944433846985, -5.915742496747951, -5.932847777268685, -5.927362049521835, -6.071882927742152, -6.029853961174498, -5.830499459677857, -5.97513092508842, -6.140451852608213, -6.135998843254828, -5.56022990058205, -5.498590556885168, -4.374228973082451, -5.140545583544855, -4.7428286385661265, -5.356242769911043, -5.2574240623014745, -4.14296154739922, -4.210022711851988, -4.693782536430444, -4.807944990706189, -4.86256749905937, -4.956115122566752, -5.349136199740885, -4.979172918778419, -5.317927685456008, -5.967461283475188, -5.90758119069538, -5.093011135347245, -5.578311960821486, -5.652454975227994, -6.35695837040651, -4.921928964111441, -7.224253604168956, -7.27109171015942, -7.061146426658337, -7.370079454807111, -7.151630605140641, -5.67232057750369, -6.82761039035964, -5.782397839561977, -6.678241940852686, -6.319669617260906, -6.66134676565386, -7.125699475248952, -7.015206289503814, -5.666405924233141, -7.469954238636818, -7.420551758269042, -7.333206925119814, -6.733765708811221, -7.020449960904276, -7.398535319510834, -6.730723024579865, -5.916005275454354, -6.100122397119006, -6.864152178411339, -7.2523518565362135, -5.619675316297301, -6.719050540620367, -7.075668666311792, -6.525969549248474, -7.310214852446622, -7.018828438040956, -6.952269488865595, -6.582656592473531, -6.997334935628836, -7.434081855006594, -7.301758888193809, -7.222497283403943, -6.7810848998564355, -7.142759917542498, -6.094402078628116, -6.692691028164148, -7.1578327475202705, -7.0168115010106, -6.733642893051856, -6.902648792402729, -7.23756364162186, -6.960946759965902, -5.970376411891838, -6.002038151355248, -7.437977449719318, -7.119281157165884, -6.842549045711016, -7.191614321484527, -7.353003214157925, -6.384448613286021, -5.5226589883680965, -6.5848975201927304, -6.078543814620457, -6.029302332224815, -5.854259302904158, -6.419829550519172, -5.390847285131011, -6.576904316006746, -5.945561984675023, -6.466807181310555, -6.19632254349898, -5.715438256415067, -6.82845625009758, -6.766809453155951, -5.6783882403999355, -6.030204461735296, -6.019124148029687, -6.092983747535538, -5.999427267312944, -6.540309964286244, -6.133766227853201, -6.091902989241775, -6.267210751786244, -6.76090784033372, -7.03108405290694, -6.51431348522807, -7.035445022807663, -7.077693044947601, -6.517895428486517, -6.560412011985026, -6.819397289182163, -6.460346483516121, -6.2351265141162076, -5.962181350854928, -7.138913127945647, -7.026091544090621, -7.341707945485913, -6.915775216700233, -6.06705050772794, -5.999633119826095, -5.772085783049042, -5.942614231953707, -6.174343328010658, -6.530713217859507, -6.0851821366615795, -6.276311869766077, -7.123054381986587, -5.746814129554745, -5.7184949779441405, -5.160189213008951, -5.662276955953771, -6.0291894243418485, -5.717888212592632, -6.003707068494104, -5.608514255604183, -6.2527658442017895, -5.9973377887016746]","0     -6.440000
1     -6.400000
2     -5.660000
3     -6.700000
4     -4.670000
         ...   
247   -4.844664
248   -5.800000
249   -5.960000
250   -5.520000
251   -5.740000
Name: Permeability, Length: 252, dtype: float64","[array([-5.99012093, -6.75186499, -5.43741979, -5.32601786, -4.81054646,
       -5.79643995, -6.85102354, -6.05897402, -5.93704611, -6.05248594,
       -5.34550169, -5.58619842, -5.22474264, -5.20931359, -4.99824187,
       -5.16959342, -6.58191688, -6.59176165, -6.83802579, -6.093939  ,
       -5.61174663, -6.79182284, -6.39849314, -5.45973979, -6.35616116,
       -5.86171627, -6.26883356, -6.34251515, -5.45251626, -6.96141206,
       -7.19543998, -6.74724004, -6.02515077, -6.20772653, -6.17949296,
       -5.93207708, -5.79227424, -5.78400505, -5.68104395, -5.7168811 ,
       -5.91892084, -6.13901474, -5.82494569, -5.69192082, -5.53065098,
       -6.00861378, -5.62875386, -6.29417162, -5.93480612, -6.07004511,
       -6.30225153, -6.88489476, -6.48570343, -6.08738316, -5.80858871,
       -5.82736491, -5.67003992, -5.73498205, -5.74524768, -6.07049453,
       -6.01420548, -5.85636631, -5.74160206, -5.81654209, -5.72910033,
       -5.72778339, -6.15485668, -6.29369306, -6.00390496, -5.67717154,
       -5.98192336, -5.51255468, -6.45081106, -6.10064298, -5.71455143,
       -6.10345665, -6.0542493 , -5.77078887, -6.00080341, -5.63854604,
       -6.27465449, -6.11468407, -5.59098437, -5.86789947, -5.78169357,
       -6.28642272, -5.91953633, -5.5154335 , -5.62275587, -5.85922714,
       -5.66464775, -5.40337132, -4.57742132, -4.86581519, -4.64064531,
       -5.03590824, -4.41961294, -5.13204587, -4.15772147, -4.72789436,
       -5.00681184, -5.1071468 , -5.0106078 , -4.60870954, -4.60127121,
       -5.21539481, -5.64280433, -5.98881049, -5.44339949, -5.19102033,
       -5.37882727, -5.78747031, -6.35462378, -4.80114012, -7.11050951,
       -6.95115385, -7.04858846, -7.26891159, -6.81141745, -6.71615935,
       -6.54353243, -6.8077223 , -5.98679372, -7.21553034, -5.70569094,
       -5.56261932, -7.34006313, -6.14402417, -7.1127697 , -7.1820378 ,
       -5.7417752 , -6.52095397, -5.90950162, -7.34155372, -6.59365138,
       -6.00924446, -6.28873748, -7.22595399, -6.40330399, -7.12882517,
       -5.71811564, -6.6121529 , -7.30723695, -6.03920163, -7.19072238,
       -5.66934292, -6.22283167, -6.75552066, -5.6947425 , -7.37279988,
       -5.82483674, -6.84272067, -7.36593811, -7.47272356, -7.03866936,
       -7.25080978, -6.64739572, -6.77369702, -7.19699579, -7.10515826,
       -7.11916917, -7.45790092, -6.83640025, -6.46516057, -6.99952075,
       -7.16595371, -6.58133067, -6.96657446, -7.24409617, -7.11170813,
       -6.33189783, -6.2492658 , -5.94640056, -6.26971691, -7.05988395,
       -6.03822463, -5.83244844, -5.60967815, -6.54071296, -5.95347632,
       -6.09030455, -6.53067375, -5.51332178, -6.31706828, -6.11760817,
       -6.28277679, -6.65758043, -6.09301289, -6.05412293, -6.14146436,
       -6.87400041, -6.23458854, -6.53232708, -6.14224803, -6.81383583,
       -6.67819045, -6.53399405, -6.62065589, -5.61043986, -5.45830688,
       -5.97862774, -6.01209264, -6.17275905, -5.61261203, -6.42507623,
       -6.655144  , -6.34970548, -6.15160517, -5.76190918, -5.57089755,
       -5.88892535, -5.98766077, -6.94858308, -7.22979731, -6.71197165,
       -7.11908411, -6.57338035, -6.72544632, -6.67199026, -6.51893236,
       -6.22549038, -6.09363272, -6.10716648, -6.35788196, -6.41790999,
       -6.44099219, -5.84918651, -6.12704645, -6.67068613, -7.14886514,
       -7.25783271, -6.84963348, -7.14938498, -7.15425195, -6.9769296 ,
       -6.30124817, -6.7015401 , -5.90931351, -6.28721214, -6.26295505,
       -6.38064221, -6.44424696, -7.21891512, -7.08767328, -5.97603383,
       -6.58564681, -5.13686098, -4.77893119, -6.14411135, -5.82610668,
       -6.01216269, -6.29347535]), array([-5.66135919, -6.47926391, -5.32293404, -5.51098224, -4.82005474,
       -5.8561383 , -6.82225574, -5.8734599 , -5.95191744, -6.0836003 ,
       -5.37164753, -5.56572689, -5.14819431, -5.0933629 , -5.04774901,
       -5.24490063, -6.51847678, -6.62744844, -6.78042531, -6.13185645,
       -5.61193894, -6.76627635, -6.07809436, -5.53968785, -6.32159505,
       -6.07924206, -6.1726652 , -6.22852783, -5.44505163, -6.80039093,
       -7.21216326, -6.92694326, -6.09723002, -6.09029224, -6.28044698,
       -6.00133849, -5.86545288, -5.70808921, -5.74714488, -5.69278565,
       -5.93317603, -6.00021089, -5.810858  , -5.57385688, -5.67246903,
       -5.89164889, -5.70249358, -6.20801539, -5.75455051, -6.12042405,
       -6.13717205, -7.05272545, -6.57832035, -6.01790819, -5.9932566 ,
       -5.68950006, -5.64653017, -5.74285366, -5.73180127, -6.18640739,
       -6.04813866, -5.62249513, -5.80010513, -6.02590445, -5.72191829,
       -5.76598214, -6.21451948, -5.95247185, -5.97598569, -5.76390444,
       -5.98593004, -5.6363208 , -6.63298938, -6.20168592, -5.63739253,
       -6.15420463, -5.94541229, -5.75280763, -6.00027844, -5.81761951,
       -6.20079898, -6.23192028, -5.4915852 , -5.95087683, -5.72501163,
       -6.17425356, -5.72844502, -5.51483036, -5.62681096, -5.79211964,
       -5.69115526, -5.23701181, -4.23678482, -4.63980657, -4.41839356,
       -4.94403483, -4.11698508, -4.85276606, -3.95814858, -4.59567371,
       -4.91107082, -5.22266695, -4.93771169, -4.80863146, -4.73817848,
       -5.27875239, -5.56694073, -6.09301654, -5.35683064, -5.2426581 ,
       -5.31687427, -6.11965888, -6.44997775, -4.96541961, -7.21880285,
       -6.85853115, -7.04536977, -7.26802283, -6.88157687, -6.66502412,
       -6.75149148, -6.92040838, -5.97555793, -7.00044056, -5.7009742 ,
       -5.58447044, -7.29315786, -6.17886403, -7.2371531 , -7.15277981,
       -5.93862687, -6.71844974, -5.96797541, -7.28785732, -6.60710055,
       -6.05742054, -6.19556689, -7.15880899, -6.22360786, -7.1503587 ,
       -5.76129498, -6.59909261, -6.94592054, -6.218338  , -7.24294981,
       -5.83950916, -6.09650168, -6.81132022, -5.7583442 , -7.37117908,
       -5.83169781, -6.96291241, -7.40035603, -7.31394363, -6.73289557,
       -7.32789268, -6.45605603, -6.56601075, -7.22782429, -7.06318749,
       -7.0050108 , -7.2797022 , -6.81289142, -6.30368612, -7.07737438,
       -7.22207816, -6.7087927 , -6.79557699, -7.26437665, -7.20667228,
       -5.87450118, -6.31202799, -5.8173864 , -6.13930894, -7.06162227,
       -6.00346338, -5.80462681, -5.71837733, -6.37869079, -6.14975327,
       -6.31253742, -6.43308745, -5.46497752, -6.68593333, -6.40472155,
       -6.23119626, -6.51527584, -6.16027849, -5.93565879, -6.19057418,
       -6.52537071, -6.29553093, -6.37046809, -6.21130726, -7.05805413,
       -6.63289296, -6.43956014, -6.48406878, -5.739166  , -5.49536145,
       -6.01814339, -6.0980713 , -6.12142057, -6.02711833, -6.43431098,
       -6.31041346, -6.60795946, -6.17606579, -5.82120312, -5.68517727,
       -6.14501358, -5.90502573, -6.91205448, -7.28290393, -6.67618976,
       -7.05694178, -6.43917662, -6.66554858, -6.79448936, -6.49190318,
       -5.7995793 , -5.95171239, -6.26452313, -6.33032569, -6.55307701,
       -6.35474024, -5.79003813, -6.07037676, -6.80229772, -7.1536736 ,
       -7.12506002, -6.894514  , -7.09612604, -7.03080128, -6.87902242,
       -6.29452611, -6.61090772, -5.66768065, -6.13116244, -6.15537763,
       -6.47288104, -6.314009  , -7.25873536, -7.08110285, -5.94426635,
       -6.4134328 , -4.91167356, -4.68239934, -6.05203222, -5.93782766,
       -5.99724872, -6.3694879 ]), array([-5.80348721, -6.76179467, -5.36338855, -5.35079209, -4.90263297,
       -5.50419717, -6.72595663, -6.02095564, -5.58198086, -6.08568565,
       -5.22995301, -5.77975596, -5.23128789, -5.11555732, -4.99002402,
       -5.29405442, -6.71686866, -6.84726449, -6.81364656, -6.07673459,
       -5.60981964, -6.73390945, -6.00205303, -5.73962831, -6.49887451,
       -6.02639556, -5.98699036, -6.57308443, -5.42732467, -6.83802644,
       -7.10877974, -6.70245351, -5.89048665, -5.92905751, -6.34519487,
       -5.96226489, -5.93561887, -5.789257  , -5.90434204, -5.72875378,
       -5.7982728 , -6.05648446, -5.8621202 , -5.60205639, -5.56874684,
       -5.96811476, -5.59524297, -6.47155085, -5.81457886, -5.90044313,
       -6.22764624, -6.92120133, -6.48084528, -6.08066281, -5.68893694,
       -5.74013383, -5.62675187, -5.74836903, -5.66069302, -6.21536306,
       -6.00881497, -5.80452146, -5.63181388, -5.67894625, -5.70516563,
       -5.69691097, -6.06050816, -6.25509295, -5.88445018, -5.84350995,
       -6.0485096 , -5.62822129, -6.19489789, -6.06459304, -5.665504  ,
       -5.97789187, -6.13612729, -5.73400468, -5.85761469, -5.75332826,
       -6.29814794, -6.07397013, -5.66181315, -5.88789215, -5.68475906,
       -6.17832743, -5.93754889, -5.49564664, -5.66981297, -5.91443196,
       -5.69247397, -5.2026012 , -4.21148082, -4.71173717, -4.25519298,
       -4.7799724 , -4.1953195 , -4.96446658, -3.94889039, -4.47313492,
       -4.94736028, -5.18334714, -4.84621594, -4.60104596, -4.42505181,
       -5.27641852, -5.59912611, -5.79994674, -5.2821422 , -5.2993171 ,
       -5.29140106, -5.94240205, -6.40662359, -5.08647508, -7.34120182,
       -7.06736382, -7.02864898, -7.14044014, -6.87846339, -6.71379085,
       -6.87595743, -6.99289172, -5.9199825 , -7.25581546, -5.74904326,
       -5.48216716, -7.255251  , -6.21413155, -7.37611826, -7.21107899,
       -6.14498361, -6.61629494, -5.96888185, -7.1577652 , -6.61686102,
       -5.95684533, -6.5799308 , -7.13922514, -6.38262029, -7.27637414,
       -5.75568174, -6.79760294, -7.19954752, -5.89325562, -7.21500616,
       -5.78708548, -6.3518091 , -7.00077718, -5.96775054, -7.37286287,
       -6.02205541, -6.94078977, -7.50681967, -7.36624096, -6.94995415,
       -7.34196502, -6.5308701 , -6.5985729 , -7.16837598, -7.27748889,
       -7.13572646, -7.27330771, -6.68366531, -6.51103893, -7.18623513,
       -7.39471511, -6.88412097, -7.11014113, -7.25264351, -7.1034567 ,
       -6.08658303, -6.10215442, -5.91523032, -6.29364446, -6.87079454,
       -6.0119156 , -5.84860944, -5.57514385, -6.15452391, -6.01499952,
       -6.17162974, -6.27987367, -5.57353913, -6.68719227, -6.59901946,
       -6.0905252 , -6.67575261, -6.14110852, -5.96495267, -6.4406566 ,
       -6.5413881 , -6.06740915, -6.46186578, -6.10728009, -6.95031164,
       -6.67930022, -6.58665513, -6.65679554, -5.6147619 , -5.51265621,
       -5.94983482, -5.99773653, -6.12532491, -5.71505912, -6.60517493,
       -6.6228654 , -6.49166892, -6.04526891, -5.67986166, -5.62313327,
       -5.9744392 , -5.98510424, -7.07817358, -7.13968499, -6.72605507,
       -7.04687894, -6.61010012, -6.87784849, -6.80715029, -6.54248083,
       -5.93920712, -6.07151614, -6.08141477, -6.39552925, -6.44053649,
       -6.4905882 , -5.78062439, -5.89053324, -6.72997487, -7.05369502,
       -7.18276223, -7.02842114, -7.11464931, -7.04495138, -6.86297219,
       -6.11914917, -6.76126204, -5.77316886, -6.09123847, -6.0774976 ,
       -6.40800545, -6.2843544 , -7.11539797, -7.01335074, -5.99975976,
       -6.27389405, -5.17790016, -4.66118371, -5.99319689, -5.75876371,
       -6.03533642, -6.57351182]), array([-5.87554967, -6.68430399, -5.36973744, -5.33834526, -4.94145007,
       -5.60844426, -6.7107319 , -5.96150204, -5.92863862, -6.56618331,
       -5.02722009, -5.52523688, -5.31295071, -5.0918469 , -5.02423225,
       -5.37655008, -6.72038355, -6.67596229, -6.8846951 , -6.12005019,
       -5.33842226, -6.73051184, -6.33251965, -5.70407565, -6.45876468,
       -5.89982963, -6.43944069, -6.28617817, -5.39900728, -6.96532411,
       -7.36746208, -6.78484236, -6.02794485, -6.0711757 , -6.33066587,
       -5.98791032, -5.86198762, -5.74982268, -5.62394082, -5.66556406,
       -5.84555658, -5.96937025, -5.77837848, -5.68584487, -5.61027114,
       -5.92350167, -5.66509365, -6.45465997, -5.79046329, -5.9284089 ,
       -6.42537536, -7.01817312, -6.44367556, -6.12457336, -5.91164993,
       -5.66689868, -5.66861272, -5.71314966, -5.71978244, -5.98655835,
       -6.00499691, -5.85645381, -5.53885552, -5.85344329, -5.71586776,
       -5.73257413, -6.05619196, -6.18637747, -5.90582162, -5.74639836,
       -5.94410915, -5.55084441, -6.42342489, -6.06476321, -5.67950699,
       -6.04893369, -6.17097516, -5.70837118, -6.04058011, -5.79311601,
       -5.95369643, -6.14038543, -5.56160484, -5.75815041, -5.6843404 ,
       -6.30472418, -5.74127469, -5.50216645, -5.73022724, -5.87051547,
       -5.80554114, -5.30110393, -4.30133928, -4.61100624, -4.37427173,
       -4.52872114, -4.16069569, -4.93729856, -3.9270892 , -4.75681745,
       -5.15528699, -5.01806573, -4.99704598, -4.48446834, -4.5811371 ,
       -5.13907656, -5.74091089, -5.63424802, -5.34174951, -5.25394436,
       -5.40566024, -5.8576185 , -6.30966999, -4.71415655, -7.26070508,
       -7.13684611, -7.18848257, -7.26291272, -6.94168156, -6.66956118,
       -6.85674117, -6.85353081, -5.93253971, -7.230905  , -5.69257802,
       -5.52827618, -7.27284879, -6.00802061, -7.33132401, -7.23588774,
       -5.78417624, -6.45390457, -5.72674368, -7.32019938, -6.52509243,
       -6.03486333, -6.42927332, -7.15854213, -6.37869716, -7.0602433 ,
       -5.67894967, -6.45059441, -7.01310609, -6.15066378, -7.25545024,
       -5.75283086, -6.12167794, -6.80501788, -5.72774891, -7.31164077,
       -5.68035704, -6.90025586, -7.47086961, -7.48782635, -7.17492051,
       -7.34068964, -6.89959817, -6.50276404, -7.16855763, -7.07760317,
       -6.9521121 , -7.33450761, -6.7702851 , -6.64267207, -6.99523561,
       -7.04971603, -6.65800386, -6.97678152, -7.35978664, -7.19199653,
       -6.18349186, -6.1315744 , -5.97370775, -6.2631832 , -7.11070859,
       -6.003406  , -5.7680984 , -5.55226142, -6.36385706, -5.8797834 ,
       -6.04624191, -6.35971123, -5.49648272, -6.51749123, -6.23601922,
       -6.04241112, -6.36954232, -5.92893781, -6.10958603, -6.1227251 ,
       -6.50864719, -5.86816583, -6.39388982, -6.23583186, -7.13211645,
       -6.57612406, -6.42179228, -6.51674391, -5.57176027, -5.61804641,
       -5.71999025, -6.06624937, -6.13898929, -5.67396579, -6.41667257,
       -6.21043343, -6.35956163, -6.12329357, -5.78492571, -5.67220246,
       -5.77655202, -6.02123566, -6.72347584, -7.24132055, -6.89544599,
       -6.94115405, -6.4879485 , -6.76058851, -6.83561576, -6.37744896,
       -6.03319227, -5.79974278, -5.97873842, -6.41273344, -6.46680076,
       -6.12293045, -5.84983938, -5.98088259, -6.69878722, -7.19199869,
       -7.16247232, -6.92388529, -7.019726  , -7.06506252, -6.70519755,
       -6.33016886, -6.8608739 , -5.88399082, -5.82216219, -6.17282777,
       -6.37421222, -6.23841253, -7.32952882, -7.11649292, -5.97530736,
       -6.28405872, -5.0811685 , -4.81752625, -6.1768737 , -5.97999276,
       -6.23471847, -6.37935454]), array([-6.16087867, -6.4699748 , -5.3105485 , -5.46336484, -4.76410182,
       -5.53926298, -6.77076336, -6.06987236, -5.47106455, -6.00482903,
       -5.40394507, -5.71623826, -5.10832315, -5.21122252, -4.84003845,
       -5.09288125, -6.577768  , -6.57404138, -6.89470663, -6.18137407,
       -5.55410627, -6.76317299, -6.0973274 , -5.73396021, -6.33762956,
       -6.04169218, -6.15904188, -6.53708448, -5.43959942, -6.95132659,
       -6.90343207, -6.56042675, -5.98670866, -6.03498922, -6.04563259,
       -5.99017149, -5.91733626, -5.7161203 , -5.74898788, -5.72284272,
       -5.86919095, -5.99765337, -5.73434177, -5.66006466, -5.56288981,
       -5.76563181, -5.70146161, -6.24088514, -5.90016719, -6.06103656,
       -6.30721981, -6.93461503, -6.39145837, -6.25809619, -6.00705773,
       -5.66811506, -5.69177493, -5.81171959, -5.80175202, -6.23512629,
       -5.98427557, -5.88592552, -5.62525805, -5.74998983, -5.61585168,
       -5.64143453, -6.25118342, -6.4176634 , -6.11041472, -5.85958779,
       -5.9189147 , -5.65952774, -6.36490903, -6.14413465, -5.66276398,
       -6.01833912, -5.95235933, -5.72208397, -5.87868205, -5.78352251,
       -5.98954069, -6.25414468, -5.64693937, -5.78519744, -5.8227423 ,
       -6.47438266, -5.75039889, -5.57979686, -5.65234221, -5.86647365,
       -5.68280547, -5.18145993, -4.38652603, -4.66844869, -4.74912334,
       -4.61246535, -4.50393439, -4.7389691 , -4.13468121, -4.7814582 ,
       -5.02688735, -5.22599929, -5.04345339, -4.57954745, -4.58441039,
       -5.31299497, -5.71076522, -5.69653148, -5.5254957 , -5.47295784,
       -5.39433829, -5.87537744, -6.15156478, -4.6925232 , -7.04672339,
       -7.028256  , -7.11421324, -7.40837654, -6.98999489, -6.61294544,
       -6.94710905, -7.07346375, -5.9141554 , -7.19588887, -5.68679822,
       -5.63865906, -7.32696985, -6.16017373, -7.17759792, -7.26603517,
       -6.31098679, -6.41280002, -5.8297019 , -7.22018793, -6.61521641,
       -6.09108129, -6.24747682, -7.04591108, -6.47645196, -7.12615615,
       -5.69249688, -6.53386566, -7.3270522 , -6.24835824, -7.1353521 ,
       -5.72789131, -6.09143365, -6.95192996, -5.81843891, -7.38919873,
       -5.87865478, -6.80436228, -7.46787895, -7.40601882, -6.6712973 ,
       -7.26910678, -6.6166852 , -6.47858487, -7.17398121, -7.1851498 ,
       -6.90112802, -7.34066897, -6.83747384, -6.55964508, -7.21673072,
       -7.33827011, -6.63474425, -7.01021966, -7.44867482, -6.94079519,
       -5.87572336, -6.26980617, -5.75659102, -6.34879149, -7.24099373,
       -5.88428967, -5.87275497, -5.5994537 , -6.2820587 , -6.09680024,
       -6.13810708, -6.38078389, -5.52354209, -6.32901616, -6.36616293,
       -6.13923166, -6.3917868 , -5.91944387, -5.99548651, -6.03982794,
       -6.50266044, -6.29859343, -6.39929692, -6.00168985, -6.86374776,
       -6.73932505, -6.40866557, -6.63897747, -5.72732301, -5.49299536,
       -5.86806756, -6.1125954 , -6.21069979, -5.60550713, -6.56802295,
       -6.49762517, -6.67863334, -5.95540223, -5.62714019, -5.59603464,
       -5.81951882, -6.0554461 , -6.80526876, -7.21577893, -6.71855315,
       -7.00119974, -6.37560575, -6.67026626, -6.83436639, -6.30914072,
       -5.9048115 , -5.96741064, -6.16541035, -6.38521445, -6.36756743,
       -6.23986847, -5.9216095 , -6.17310321, -6.61915267, -7.08545869,
       -7.18993256, -6.97730972, -7.11047659, -7.20684703, -6.67044631,
       -6.37737415, -6.6962747 , -5.74485659, -6.03785346, -6.19798908,
       -6.42923218, -6.43842282, -7.16495024, -6.97900459, -6.01713851,
       -6.53456851, -5.43685559, -4.75896572, -5.93030016, -5.99723367,
       -6.12028122, -6.61197383])]","[-5.89827913 -6.62944047 -5.36080566 -5.39790046 -4.84775721 -5.66089653
 -6.77614623 -5.99695279 -5.77412952 -6.15855685 -5.27565348 -5.63463128
 -5.20509974 -5.14426065 -4.98005712 -5.23559596 -6.62308277 -6.66329565
 -6.84229988 -6.12079086 -5.54520675 -6.7571387  -6.18169752 -5.63541836
 -6.39460499 -5.98177514 -6.20539434 -6.39347801 -5.43269985 -6.90329603
 -7.15745543 -6.74438118 -6.00550419 -6.06664824 -6.23628665 -5.97475246
 -5.87453397 -5.74945885 -5.74109191 -5.70536546 -5.87302344 -6.03254674
 -5.80212883 -5.64274872 -5.58900556 -5.91150218 -5.65860913 -6.33385659
 -5.83891319 -6.01607155 -6.279933   -6.96232194 -6.4760006  -6.11372474
 -5.88189798 -5.71840251 -5.66074192 -5.7502148  -5.73185528 -6.13878993
 -6.01208632 -5.80515245 -5.66752693 -5.82496518 -5.69758074 -5.71293703
 -6.14745194 -6.22105974 -5.97611544 -5.77811442 -5.97587737 -5.59749378
 -6.41340645 -6.11516396 -5.67194379 -6.06056519 -6.05182467 -5.73761126
 -5.95559174 -5.75722647 -6.1433677  -6.16302092 -5.59058539 -5.85000326
 -5.73970939 -6.28362211 -5.81544076 -5.52157476 -5.66038985 -5.86055357
 -5.70732472 -5.26510964 -4.34271045 -4.69936277 -4.48752538 -4.78022039
 -4.27930952 -4.92510923 -4.02530617 -4.66699573 -5.00948346 -5.15144518
 -4.96700696 -4.61648055 -4.5860098  -5.24452745 -5.65210946 -5.84251065
 -5.38992351 -5.29197955 -5.35742023 -5.91650544 -6.33449198 -4.85194291
 -7.19558853 -7.00843019 -7.0850606  -7.26973276 -6.90062683 -6.67549619
 -6.79496631 -6.92960339 -5.94580585 -7.17971605 -5.70701693 -5.55923843
 -7.29765812 -6.14104282 -7.2469926  -7.2095639  -5.98410974 -6.54448065
 -5.88056089 -7.26551271 -6.59158436 -6.02989099 -6.34819706 -7.14568826
 -6.37293625 -7.14839149 -5.72130778 -6.5986617  -7.15857266 -6.10996345
 -7.20789614 -5.75533195 -6.17685081 -6.86491318 -5.79340501 -7.36353626
 -5.84752035 -6.8902082  -7.44237247 -7.40935066 -6.91354738 -7.30609278
 -6.63012104 -6.58392591 -7.18714698 -7.14171752 -7.02262931 -7.33721748
 -6.78814318 -6.49644055 -7.09501932 -7.23414662 -6.69339849 -6.97185875
 -7.31391556 -7.11092576 -6.07043945 -6.21296575 -5.88186321 -6.262929
 -7.06880062 -5.98825986 -5.82530761 -5.61098289 -6.34396868 -6.01896255
 -6.15176414 -6.396826   -5.51437265 -6.50734025 -6.34470627 -6.15722821
 -6.5219876  -6.04855631 -6.01196139 -6.18704964 -6.59041337 -6.15285758
 -6.43156954 -6.13967142 -6.96361316 -6.66116655 -6.47813343 -6.58344832
 -5.65269021 -5.51547326 -5.90693275 -6.05734905 -6.15383872 -5.72685248
 -6.48985153 -6.45929629 -6.49750577 -6.09032713 -5.73500797 -5.62948904
 -5.92088979 -5.9908945  -6.89351115 -7.22189714 -6.74564312 -7.03305173
 -6.49724227 -6.73993963 -6.78872241 -6.44798121 -5.98045611 -5.97680293
 -6.11945063 -6.37633696 -6.44917833 -6.32982391 -5.83825958 -6.04838845
 -6.70417972 -7.12673823 -7.18361197 -6.93475272 -7.09807258 -7.10038283
 -6.81891361 -6.28449329 -6.72617169 -5.79580209 -6.07392574 -6.17332943
 -6.41299462 -6.34388914 -7.2175055  -7.05552487 -5.98250116 -6.41832017
 -5.14889176 -4.73980124 -6.05930286 -5.8999849  -6.07994951 -6.44556069]","[0.16913109 0.1292267  0.04453362 0.07484144 0.06471475 0.14042223
 0.0539624  0.07245313 0.20532555 0.20589867 0.13737543 0.09672803
 0.07114412 0.05454803 0.07289566 0.09807737 0.08118338 0.09835999
 0.04292217 0.03593132 0.10573041 0.02267813 0.15483651 0.11429026
 0.07077172 0.08509998 0.14813661 0.13725911 0.01874536 0.06983047
 0.15194457 0.1188035  0.06765428 0.08990675 0.11161816 0.02487899
 0.05013969 0.03346751 0.09389327 0.02335586 0.04915624 0.06027084
 0.04325491 0.04685502 0.0488182  0.08300838 0.04173928 0.10918586
 0.06782937 0.08588261 0.0954052  0.06284218 0.06128498 0.07991069
 0.11963202 0.06060013 0.02222048 0.03300392 0.04533152 0.09513178
 0.02068169 0.09501902 0.0923932  0.11679159 0.04161102 0.04192674
 0.07899457 0.15390203 0.08019016 0.06680087 0.04397048 0.05601918
 0.14128986 0.05221851 0.02526714 0.06222738 0.09222429 0.02209421
 0.07318281 0.06281258 0.14431177 0.06903553 0.06146582 0.07009716
 0.0546963  0.10944513 0.09278533 0.03007313 0.03892217 0.03929918
 0.05010185 0.08013233 0.13203183 0.0896315  0.18081103 0.19162731
 0.15337155 0.12992462 0.0994915  0.11623002 0.083801   0.07924773
 0.06942063 0.10584126 0.09931968 0.06139184 0.0655343  0.17358097
 0.08517298 0.09682874 0.04505732 0.11291696 0.10297933 0.15156711
 0.10524407 0.09602831 0.05938658 0.0848396  0.06080226 0.03788788
 0.14045082 0.09531821 0.02969774 0.0917555  0.02200802 0.05263908
 0.03191076 0.07048716 0.09665759 0.0396645  0.2161005  0.11092327
 0.09222345 0.06772889 0.03424495 0.04536254 0.13946316 0.0579262
 0.08253925 0.0707542  0.032909   0.11478873 0.15397845 0.13001861
 0.04265743 0.05700429 0.09951961 0.09429456 0.09622612 0.02676908
 0.10967252 0.0592789  0.05142704 0.06503323 0.18794523 0.038427
 0.15049667 0.10414657 0.02290369 0.07991799 0.09182218 0.06629663
 0.05763553 0.11289313 0.09221941 0.12282875 0.10379243 0.10170643
 0.07917996 0.09459458 0.17759961 0.08156661 0.08193196 0.06876607
 0.11894889 0.05352836 0.03618234 0.05727275 0.12651613 0.09678833
 0.09093011 0.08311777 0.03562523 0.16269492 0.16255697 0.08853231
 0.12826999 0.1039257  0.06262826 0.13580781 0.1424373  0.16530299
 0.05876158 0.08303406 0.11823344 0.0543305  0.06983606 0.06953197
 0.06755949 0.05423453 0.10564712 0.04558831 0.03369166 0.1554807
 0.08005749 0.17359672 0.13108379 0.08053307 0.07116408 0.04363066
 0.13056049 0.05000985 0.1217996  0.04681406 0.07683228 0.05936873
 0.08577568 0.07751605 0.06046751 0.08960454 0.14350115 0.10458283
 0.09439902 0.0290843  0.06134854 0.13395615 0.05069087 0.10168545
 0.06111142 0.0500267  0.04341568 0.06255783 0.04290358 0.068408
 0.11445275 0.08767345 0.08265875 0.08964921 0.15083299 0.06024468
 0.03584881 0.08315147 0.07407984 0.05106636 0.02471066 0.12682335
 0.17015776 0.05901746 0.09173869 0.09240354 0.08832313 0.12439059]"
1,DecisionTreeRegressor,"[-4.83, -5.89, -6.96, -5.41, -6.84, -5.56, -5.32, -6.85, -6.96, -5.57, -4.41, -5.34, -4.84, -4.96, -6.96, -6.89, -5.41, -5.41, -5.41, -6.55, -6.05, -7.0, -7.38, -7.05, -7.06, -7.62, -6.96, -5.47, -6.68, -6.82, -6.38, -6.38, -6.72, -5.42, -5.06, -5.47, -7.15, -5.85, -5.96, -7.47, -5.74, -6.85, -5.7, -6.34, -6.17, -7.17, -6.72, -6.0, -6.0, -5.32, -5.62, -5.92, -5.92, -5.42, -5.92, -6.05, -5.54, -5.89, -6.0, -6.0, -5.48, -5.24, -5.72, -5.49, -6.04, -6.27, -5.89, -5.89, -5.62, -5.96, -6.0, -5.92, -6.19, -5.96, -5.89, -4.36, -5.6, -4.2, -5.47, -4.41, -4.36, -4.2, -4.81, -5.15, -4.66, -5.12, -4.69, -5.59, -5.66, -6.0, -6.0, -4.82, -5.41, -5.43, -5.6, -5.55, -7.46, -7.06, -7.06, -6.89, -7.24, -7.24, -5.7, -6.96, -7.22, -6.85, -6.59, -7.05, -6.96, -7.19, -6.74, -7.21, -7.19, -7.19, -7.06, -7.6, -7.07, -6.26, -7.18, -5.82, -7.44, -7.25, -7.17, -7.54, -8.0, -7.6, -7.23, -7.24, -6.0, -7.51, -7.4, -5.85, -7.72, -6.19, -7.02, -6.96, -6.7, -6.82, -6.77, -5.47, -6.070581074, -6.26, -7.24, -5.8, -7.08, -7.19, -5.92, -5.82, -6.92, -5.27, -5.28, -6.32, -6.06, -5.96, -7.54, -5.89, -5.62, -6.698970004, -6.92, -7.0, -5.92, -6.66, -5.64, -5.96, -6.8, -5.85, -6.31, -6.77, -6.96, -5.4, -5.64, -5.96, -5.64, -6.43, -5.55, -6.92, -7.14, -6.77, -5.57, -5.64, -5.49, -6.958607315, -7.54, -6.12, -5.55, -7.06, -7.0, -6.431798276, -5.74, -6.59, -5.866461092, -5.866461092, -6.431798276, -6.823908741, -6.124938737, -6.004364805, -5.7, -5.92, -4.85, -5.4, -6.06, -7.096910013, -6.62, -6.85, -5.4, -4.41, -4.92, -5.69, -5.72, -6.36, -7.301029996, -5.44, -5.06, -5.26, -6.24, -6.36, -6.13, -5.06, -6.96, -5.82, -5.72, -6.06, -6.24, -7.77, -6.85, -6.42, -6.82, -6.72, -6.3, -6.54, -6.0, -5.72, -6.2, -5.72, -5.74, -5.77, -5.77, -5.42, -5.8, -6.08, -5.15, -5.15, -5.72, -5.15, -6.0, -5.89, -5.82, -7.41, -5.96, -5.89, -6.08, -5.89, -5.55, -5.58, -5.74, -5.616184634, -5.64, -5.68, -5.7, -5.85, -5.28, -4.63, -5.66, -5.39, -5.28, -5.96, -5.77, -5.4, -6.68, -5.28, -6.13, -5.96, -7.15, -5.92, -6.31, -4.08, -3.72, -5.32, -5.12, -4.48, -4.48, -4.95, -4.879426069, -5.43, -5.42, -6.54, -5.35, -4.67, -5.89, -5.45, -6.21, -6.27, -7.21, -7.301029996, -7.07, -6.24, -6.05, -6.02, -7.14, -6.43, -7.34, -7.08, -6.59, -6.54, -7.19, -5.8, -6.59, -6.89, -6.958607315, -7.22, -6.55, -6.68, -5.66, -6.66, -6.89, -7.27, -7.17, -7.03, -7.21, -7.25, -7.24, -7.43, -5.77, -7.15490196, -7.04, -6.24, -7.1, -7.14, -6.8, -6.85, -7.15, -6.68, -6.64, -6.55, -7.08, -5.7, -5.89, -5.62, -5.96, -6.6, -6.89, -7.24, -6.68, -6.52, -5.96, -6.7, -6.43, -7.42, -6.96, -7.07, -6.64, -6.11, -5.869999999999999, -7.19, -6.74, -5.66, -6.51, -6.3, -6.3, -5.42, -5.89, -7.54, -7.02, -6.54, -5.85, -5.96, -6.214670165, -6.19, -5.82, -6.26, -5.8100000000000005, -5.96, -7.09, -7.02, -5.89, -5.89, -7.41, -5.96, -6.89, -5.8, -5.616184634, -5.853871964, -5.575118363, -6.66, -5.25, -6.7, -5.866461092, -5.853871964, -4.752026734, -4.97, -5.96, -5.89, -6.51, -5.92, -5.28, -5.77, -5.55, -5.54, -5.96, -5.7, -7.045757491, -6.214670165, -6.55, -5.94, -4.85, -5.545, -6.84, -5.44, -5.46, -6.42, -6.68, -6.7, -6.8, -6.85, -7.0, -6.2, -6.85, -6.76, -6.85, -4.79, -7.4, -5.42, -5.72, -5.63, -7.57, -7.3, -7.045757491, -6.68, -6.05, -6.35, -5.96, -5.96, -5.74, -5.72, -5.82, -5.74, -5.49, -5.8, -5.49, -5.64, -5.77, -6.59, -5.74, -5.92, -6.43, -5.77, -6.82, -6.26, -7.47, -7.15, -4.63, -5.39, -5.8, -5.92, -5.35, -5.6, -5.759450752, -5.34, -5.68, -5.57, -5.85, -5.82, -5.38, -6.0, -5.82, -5.89, -5.74, -5.62, -5.759450752, -5.64, -5.72, -5.8, -5.82, -5.42, -5.96, -5.89, -5.8100000000000005, -6.36, -5.74, -5.475, -5.82, -5.89, -4.08, -4.25, -5.64, -5.68, -3.46, -3.57, -4.71, -5.0, -5.35, -4.66, -4.7, -7.05, -5.45, -5.35, -5.96, -5.02, -5.7, -4.82, -5.89, -6.42, -6.7, -5.55, -7.14, -5.869999999999999, -5.74, -6.68, -6.26, -7.01, -6.8, -6.16, -7.47, -6.11, -5.92, -7.24, -7.43, -5.55, -5.77, -7.24, -6.96, -7.19, -7.29, -7.06, -7.15, -6.82, -7.7, -7.15490196, -7.54, -6.59, -6.1, -6.4, -6.82, -7.0, -5.85, -6.96, -6.48, -6.82, -7.0, -6.29, -5.82, -7.49, -5.55, -7.24, -5.54, -7.4, -7.27, -7.42, -5.77, -5.85, -6.38, -8.04, -7.23, -6.92, -6.89, -6.54, -6.21, -7.0, -7.11, -6.89, -7.04, -6.0, -5.84, -5.58, -6.28, -6.8, -6.96, -6.52, -5.84, -5.96, -6.47, -6.47, -5.77, -6.51, -6.17, -6.21, -5.96, -5.759450752, -6.47, -7.08, -5.7, -5.74, -6.72, -6.68, -6.19, -6.89, -7.14, -6.59, -6.77, -6.455931956, -6.004364805, -5.23, -5.583359493, -6.387216143, -6.207608311, -6.387216143, -6.468521083, -4.91721463, -4.95, -6.64, -5.62, -6.0, -5.64, -5.89, -5.82, -6.17, -5.02, -5.01, -4.97, -6.64, -5.1, -4.83, -4.63, -4.79, -7.0, -6.03, -5.32, -4.83, -5.84, -6.77, -5.03, -6.24, -5.64, -5.26, -5.49, -6.32, -6.32, -5.4, -6.77, -7.24, -7.0, -5.82, -6.72, -6.38, -5.43, -5.4, -5.74, -5.64, -5.7, -5.7, -5.85, -5.96, -5.759450752, -5.68, -5.49, -5.866461092, -7.29, -6.7, -6.96, -5.03, -5.51, -6.09, -5.68, -5.96, -5.3, -5.6, -5.6, -5.82, -5.55, -5.66, -5.6, -5.64, -5.47, -6.35, -5.92, -7.33, -5.4, -5.92, -5.96, -5.64, -5.475, -5.25, -4.67, -4.71, -4.22, -3.78, -4.869666232, -5.25, -6.03, -4.94, -5.46, -4.81, -5.33, -5.853871964, -5.25, -4.71, -6.42, -5.64, -5.12, -5.13, -5.25, -5.11, -5.11, -5.04, -5.3, -7.52, -6.82, -6.8, -6.14, -6.7, -6.51, -5.28, -6.92, -6.77, -5.46, -7.17, -5.28, -5.51, -6.17, -6.89, -6.72, -5.92, -5.866461092, -7.2, -6.85, -6.72, -7.17, -7.19, -5.64, -5.74, -7.19, -7.57, -7.19, -6.59, -7.24, -5.54, -7.17, -5.92, -7.29, -6.0, -7.23, -7.19, -7.0, -7.57, -7.48, -7.17, -7.11, -6.96, -6.0, -6.77, -6.82, -6.4, -6.7, -7.22, -5.96, -6.52, -7.11, -6.85, -7.14, -5.96, -5.49, -6.44, -5.85, -5.41, -5.68, -5.3, -5.3, -6.06, -6.96, -6.2, -6.05, -5.46, -5.77, -6.59, -7.12, -7.33, -5.1, -6.25, -5.869999999999999, -5.89, -6.42, -5.4, -6.12, -5.82, -5.51, -6.14, -5.62, -7.19, -6.55, -6.8, -6.92, -7.29, -5.8, -6.7, -6.0, -6.25, -7.06, -7.096910013, -7.15490196, -7.15490196, -6.72, -5.756961951, -5.92, -6.468521083, -6.040958608, -7.06, -7.096910013, -5.77, -6.17, -4.92, -6.44, -5.8, -5.92, -7.06, -5.38, -7.03, -5.92, -5.92, -4.91721463, -6.84, -4.86, -4.95, -4.79, -4.92, -4.76, -6.24, -7.05, -6.85, -6.44, -7.0, -6.96, -6.96, -5.99, -6.08, -7.4, -6.4, -5.98, -7.2, -6.68, -7.03, -7.01, -7.6, -5.6, -6.08, -6.408935393, -6.17, -5.64, -6.68, -7.06, -7.24, -7.55, -7.85, -6.16, -5.62, -5.96, -6.19, -5.51, -5.62, -5.62, -6.0, -6.0, -5.77, -5.595000000000001, -5.58, -5.74, -5.96, -5.64, -5.77, -6.0, -5.64, -5.96, -5.28, -5.89, -5.92, -6.06, -6.19, -5.89, -6.19, -5.89, -6.12, -7.0, -6.68, -4.879426069, -4.879426069, -4.35, -5.45, -4.88, -5.68, -5.59, -4.2, -3.68, -5.0, -4.45, -4.45, -5.12, -5.55, -5.03, -4.879426069, -5.92, -5.46, -4.97, -5.46, -5.92, -6.42, -5.55, -7.239999999999999, -7.14, -6.96, -7.05, -6.96, -5.96, -5.96, -5.7, -5.96, -6.72, -5.25, -6.72, -7.14, -6.0, -7.43, -7.02, -7.19, -7.03, -7.239999999999999, -7.6, -7.09, -6.39, -6.96, -6.38, -7.21, -5.48, -6.64, -6.7, -5.96, -7.25, -7.25, -7.15, -6.55, -7.43, -7.6, -7.24, -7.0, -6.89, -8.0, -6.14, -6.48, -7.22, -7.19, -7.54, -6.64, -7.49, -5.96, -5.46, -5.8, -7.66, -7.89, -6.64, -7.23, -7.25, -6.19, -5.38, -7.09, -6.09, -5.89, -6.16, -6.64, -5.35, -7.19, -6.14, -6.64, -6.82, -5.74, -6.66, -7.05, -5.64, -6.44, -5.96, -6.59, -6.66, -7.0, -6.54, -5.92, -5.904999999999999, -6.77, -6.853871964, -6.7, -7.54, -7.21, -7.04, -5.96, -7.01, -6.47, -6.508638306, -6.06, -6.958607315, -6.853871964, -6.958607315, -6.28, -5.62, -5.756961951, -5.756961951, -5.756961951, -5.96, -6.823908741, -7.14, -6.387216143, -7.15490196, -5.575118363, -7.22, -5.37675071, -5.77, -5.48, -5.74, -5.66, -5.6, -5.96, -6.32]","0     -6.440000
1     -6.400000
2     -5.660000
3     -6.700000
4     -4.670000
         ...   
247   -4.844664
248   -5.800000
249   -5.960000
250   -5.520000
251   -5.740000
Name: Permeability, Length: 252, dtype: float64","[array([-6.17      , -6.96      , -5.17      , -5.15      , -4.87942607,
       -6.27      , -6.62      , -5.56      , -5.57      , -5.82      ,
       -4.79      , -5.545     , -5.04      , -5.4       , -4.7       ,
       -4.84      , -6.7       , -6.85      , -6.82      , -6.2       ,
       -5.4       , -6.96      , -6.66      , -5.64      , -6.2       ,
       -6.59      , -6.74      , -6.66      , -5.41      , -7.03      ,
       -8.06      , -6.68      , -6.04      , -6.        , -5.72      ,
       -5.51      , -6.89      , -5.72      , -6.0043648 , -5.68      ,
       -5.85      , -6.92      , -6.24      , -5.77      , -5.96      ,
       -5.72      , -5.3       , -6.96      , -5.96      , -6.0043648 ,
       -6.16      , -6.85      , -6.31      , -6.        , -5.89      ,
       -5.47      , -5.7       , -5.92      , -5.68      , -6.        ,
       -6.12      , -6.        , -5.64      , -5.6       , -5.72      ,
       -5.05      , -6.92      , -5.47      , -6.2       , -5.42      ,
       -6.        , -5.46      , -5.96      , -5.7       , -5.66      ,
       -6.27      , -6.42      , -5.62      , -6.2       , -6.04      ,
       -6.2       , -6.42      , -5.1       , -7.29      , -6.19      ,
       -6.96      , -5.92      , -5.96      , -5.66      , -5.89      ,
       -5.7       , -5.6       , -4.36      , -3.57      , -3.58      ,
       -4.88      , -3.57      , -5.85      , -4.35      , -6.03      ,
       -5.05      , -5.59      , -5.15      , -4.45      , -4.48      ,
       -5.24      , -6.89      , -5.835     , -5.34      , -5.42      ,
       -5.13      , -5.89      , -5.44      , -5.59      , -6.77      ,
       -6.89      , -7.72      , -7.19      , -6.16      , -6.68      ,
       -7.05      , -6.17      , -5.7       , -7.25      , -6.        ,
       -5.4       , -7.43      , -6.48      , -7.06      , -7.04      ,
       -6.92      , -6.43      , -5.82      , -7.47      , -6.92      ,
       -5.96      , -5.8       , -7.47      , -6.42      , -6.96      ,
       -5.85      , -6.89      , -7.24      , -5.7       , -7.6       ,
       -5.74      , -6.2       , -5.8       , -5.92      , -7.72      ,
       -5.66      , -7.24      , -7.68      , -7.39      , -6.89      ,
       -7.72      , -6.26      , -7.03      , -7.1       , -7.19      ,
       -7.2       , -8.        , -6.48      , -7.03      , -7.59      ,
       -6.62      , -6.85      , -6.7       , -7.11      , -6.82      ,
       -5.96      , -5.92      , -5.51      , -6.6       , -7.24      ,
       -5.47      , -5.6       , -5.66      , -6.26      , -5.17      ,
       -6.12      , -7.38      , -5.38      , -7.03      , -6.37      ,
       -7.29      , -6.85      , -6.52      , -7.54      , -5.96      ,
       -6.32      , -6.85      , -6.8       , -5.64      , -6.68      ,
       -6.43179828, -6.92      , -6.92      , -5.81      , -5.37      ,
       -5.82      , -5.96      , -6.2       , -5.6       , -6.54      ,
       -6.21      , -6.07058107, -6.16      , -5.42      , -5.6       ,
       -5.85      , -5.68      , -7.19      , -7.57      , -6.32      ,
       -6.85      , -7.2       , -6.55      , -6.2       , -6.62      ,
       -5.55      , -6.51      , -6.7       , -6.54      , -6.51      ,
       -5.62      , -6.44      , -6.32      , -6.34      , -8.04      ,
       -7.09691001, -7.04      , -7.09691001, -7.15490196, -6.48      ,
       -6.65757732, -6.82390874, -5.86646109, -5.82      , -6.14874165,
       -6.43179828, -6.43      , -7.04575749, -7.03      , -5.86646109,
       -7.2       , -5.04095861, -5.04095861, -6.17      , -5.47      ,
       -5.94      , -6.11      ]), array([-5.48      , -7.08      , -4.72      , -5.4       , -4.41      ,
       -5.44      , -6.64      , -5.69      , -5.44      , -5.82      ,
       -5.11      , -5.545     , -4.86      , -5.06      , -5.45      ,
       -5.23      , -6.24      , -6.85      , -7.89      , -7.05      ,
       -6.        , -6.85      , -5.68      , -6.        , -6.06      ,
       -7.        , -6.21      , -6.74      , -5.42      , -6.92      ,
       -6.85      , -6.68      , -6.89      , -6.25      , -5.72      ,
       -7.        , -5.72      , -5.7       , -5.6       , -5.68      ,
       -5.96      , -5.68      , -5.59      , -5.59      , -5.15      ,
       -6.21      , -5.62      , -5.64      , -5.85      , -5.92      ,
       -5.82      , -7.08      , -7.39      , -5.85      , -5.55      ,
       -6.14      , -5.77      , -5.96      , -5.68      , -6.54      ,
       -5.96      , -5.68      , -5.64      , -7.05      , -5.85      ,
       -5.7       , -6.7       , -6.        , -6.2       , -5.55      ,
       -5.96      , -6.08      , -6.72      , -5.92      , -5.48      ,
       -6.07      , -5.77      , -5.62      , -5.68      , -5.85      ,
       -7.77      , -6.25      , -5.8       , -6.13      , -6.39      ,
       -6.59      , -5.68      , -5.8       , -5.46      , -5.89      ,
       -5.42      , -5.85      , -4.67      , -5.51      , -4.92      ,
       -4.27      , -4.67      , -4.22      , -3.58      , -4.36      ,
       -5.05      , -5.59      , -5.05      , -4.48      , -4.48      ,
       -5.24      , -5.43      , -5.55      , -5.58      , -5.34      ,
       -5.26      , -6.2       , -6.7       , -5.55      , -7.49      ,
       -6.49      , -6.82      , -7.4       , -7.2       , -6.68      ,
       -6.49      , -7.19      , -6.37      , -7.41      , -5.89      ,
       -5.4       , -7.21      , -6.19      , -7.1       , -7.27      ,
       -6.13      , -6.59      , -5.15      , -7.21      , -6.64      ,
       -5.96      , -5.25      , -6.85      , -6.1       , -7.09      ,
       -6.26      , -6.51      , -7.85      , -6.21467017, -7.17      ,
       -6.06      , -6.3       , -6.59      , -5.3       , -7.29      ,
       -5.39      , -6.85      , -7.43      , -7.34      , -6.3       ,
       -7.08      , -6.92      , -6.64      , -7.1       , -7.24      ,
       -7.2       , -7.08      , -5.77      , -5.82      , -7.74      ,
       -7.08      , -7.47      , -7.        , -7.08      , -6.27      ,
       -6.48      , -5.62      , -5.99      , -6.52      , -6.57      ,
       -6.13      , -6.54      , -5.66      , -6.1       , -6.19      ,
       -5.8       , -7.41      , -5.77      , -7.1       , -5.96      ,
       -6.45593196, -6.8       , -5.92      , -5.82      , -6.6       ,
       -6.4       , -6.74      , -6.28      , -5.96      , -7.1       ,
       -6.66      , -6.07      , -6.26      , -5.42      , -5.37      ,
       -5.15      , -6.01      , -6.2       , -5.6       , -6.52      ,
       -6.21      , -6.82      , -5.96      , -5.7       , -5.28      ,
       -6.54      , -5.89      , -6.72      , -6.68      , -6.85      ,
       -7.30103   , -7.02      , -6.04095861, -7.05      , -6.89      ,
       -5.6       , -5.64      , -7.05      , -5.64      , -6.37      ,
       -6.06      , -5.96      , -5.77      , -6.24      , -6.77      ,
       -7.23      , -6.68      , -7.15490196, -6.95860732, -7.05      ,
       -5.86012091, -6.82      , -5.61618463, -5.81      , -6.50863831,
       -6.43179828, -6.68      , -7.69897   , -6.66      , -6.64      ,
       -6.82      , -4.97      , -4.41      , -5.82      , -5.94      ,
       -6.        , -6.74      ]), array([-5.54      , -5.96      , -5.45      , -7.11      , -4.63      ,
       -5.44      , -7.09      , -6.42      , -6.        , -5.82      ,
       -4.79      , -5.49      , -7.11      , -4.86      , -4.63      ,
       -6.36      , -6.8       , -6.85      , -6.49      , -6.2       ,
       -5.63      , -6.85      , -5.55      , -6.42      , -6.21      ,
       -5.26      , -6.96      , -6.51      , -5.49      , -7.18      ,
       -7.39      , -6.82      , -6.55      , -5.89      , -6.14      ,
       -6.02      , -5.74      , -5.64      , -5.75945075, -5.49      ,
       -5.48      , -6.16      , -5.96      , -5.66      , -5.4       ,
       -5.96      , -5.64      , -6.92      , -5.6       , -6.14      ,
       -6.85      , -6.3       , -7.33      , -5.85      , -5.8       ,
       -5.81      , -5.62      , -5.59      , -5.6       , -6.47      ,
       -5.92      , -6.        , -5.75945075, -7.04      , -5.89      ,
       -5.74      , -6.        , -5.72      , -6.29      , -5.74      ,
       -5.96      , -5.05      , -5.64      , -5.77      , -5.64      ,
       -5.82      , -5.85      , -5.6       , -7.04      , -6.0043648 ,
       -5.82      , -6.34      , -7.11      , -5.92      , -5.62      ,
       -5.74      , -5.68      , -5.37      , -5.25      , -5.52      ,
       -5.68      , -5.32      , -4.08      , -5.85      , -4.25      ,
       -4.25      , -3.46      , -4.38      , -3.57      , -3.68      ,
       -4.67      , -5.59      , -5.05      , -4.53      , -4.69      ,
       -5.24      , -5.43      , -5.43      , -5.35      , -5.64      ,
       -5.55      , -6.68      , -6.41      , -4.81530857, -7.59      ,
       -6.59      , -7.47      , -7.42      , -5.74      , -6.68      ,
       -6.11      , -7.        , -5.75696195, -6.92      , -5.3       ,
       -5.28      , -7.43      , -6.82      , -6.96      , -6.96      ,
       -5.82      , -6.34      , -5.8       , -6.85      , -6.64      ,
       -5.96      , -6.92      , -7.34      , -6.16      , -7.74      ,
       -5.39      , -6.82      , -6.77      , -5.77      , -7.68      ,
       -5.6       , -6.47      , -6.89      , -7.11      , -7.4       ,
       -5.89      , -5.57      , -7.68      , -7.4       , -6.89      ,
       -6.96      , -5.77      , -6.68      , -7.14      , -7.24      ,
       -6.05      , -7.        , -6.89      , -6.96      , -7.6       ,
       -7.72      , -6.8       , -6.77      , -7.12      , -7.48      ,
       -6.41      , -6.7       , -5.96      , -6.14874165, -6.44      ,
       -6.23      , -5.77      , -5.89      , -5.57      , -6.        ,
       -6.40893539, -5.89      , -5.38      , -6.68      , -6.17      ,
       -5.82      , -6.77      , -6.48      , -5.74      , -6.52      ,
       -6.4       , -7.08      , -6.28      , -6.40893539, -7.14      ,
       -6.32      , -7.        , -6.36      , -5.62      , -5.37      ,
       -5.8       , -5.96      , -6.2       , -5.6       , -6.52      ,
       -6.72      , -6.40893539, -5.77      , -6.01322827, -5.92      ,
       -5.62      , -5.96      , -7.12      , -6.21      , -6.89      ,
       -6.89      , -6.52      , -6.17      , -6.47      , -6.62      ,
       -6.19      , -6.96      , -5.96      , -6.96      , -6.24      ,
       -6.85      , -5.82      , -5.92      , -6.51      , -7.72      ,
       -7.04575749, -6.82      , -7.30103   , -6.77      , -7.54      ,
       -5.95078198, -7.19      , -5.61618463, -6.25      , -6.20760831,
       -6.38721614, -6.8       , -7.04575749, -6.72      , -5.92      ,
       -6.12493874, -4.86966623, -4.81530857, -6.85      , -5.82      ,
       -5.82      , -6.26      ]), array([-6.17      , -5.42      , -5.31      , -4.93      , -4.71      ,
       -6.43      , -6.48      , -6.42      , -7.03      , -7.        ,
       -4.79      , -5.31      , -5.04      , -4.83      , -5.77      ,
       -6.32      , -6.7       , -6.85      , -6.34      , -6.2       ,
       -5.59      , -6.64      , -6.64      , -5.05      , -7.        ,
       -5.69      , -7.89      , -5.98      , -5.42      , -7.08      ,
       -7.55      , -6.17      , -6.48      , -6.8       , -6.40893539,
       -5.54      , -5.72      , -5.54      , -5.49      , -5.68      ,
       -5.96      , -6.14874165, -5.96      , -5.4       , -5.4       ,
       -5.72      , -5.86646109, -6.38      , -5.68      , -5.86646109,
       -7.03      , -7.09691001, -6.44      , -5.77      , -6.16      ,
       -5.38      , -5.7       , -5.74      , -5.96      , -5.66      ,
       -6.38      , -5.25      , -5.7       , -5.48      , -5.66      ,
       -5.79048498, -5.96      , -7.18      , -5.89      , -5.72      ,
       -5.66      , -5.1       , -7.        , -5.85      , -5.92      ,
       -5.59      , -5.72      , -5.92      , -5.57511836, -5.85      ,
       -6.54      , -6.        , -5.1       , -5.74      , -5.96      ,
       -7.29      , -5.66      , -5.42      , -5.59      , -5.4       ,
       -5.59      , -4.41      , -4.2       , -4.82      , -4.67      ,
       -4.67      , -4.7       , -3.72      , -4.2       , -4.35      ,
       -5.05      , -6.03      , -5.        , -4.45      , -4.45      ,
       -5.17      , -6.16      , -5.55      , -5.05      , -5.31      ,
       -5.12      , -6.        , -6.68      , -4.71      , -7.21      ,
       -7.59      , -7.43      , -7.29      , -6.66      , -6.68      ,
       -7.77      , -7.33      , -5.92      , -7.33      , -5.89      ,
       -5.43      , -7.21      , -6.72      , -7.74      , -7.        ,
       -6.        , -6.65757732, -5.89      , -7.19      , -5.92      ,
       -5.96      , -5.92      , -6.64      , -6.92      , -6.47      ,
       -5.57      , -5.96      , -6.7       , -7.09      , -7.6       ,
       -5.68      , -5.92      , -7.33      , -5.66      , -7.48      ,
       -5.47      , -7.11      , -7.48      , -7.64      , -7.52      ,
       -7.12      , -7.57      , -5.74      , -7.11      , -7.11      ,
       -7.03      , -7.55      , -6.82      , -6.32      , -6.64      ,
       -7.06      , -6.8       , -7.03      , -7.12      , -7.35      ,
       -5.03      , -6.7       , -5.38      , -5.59      , -7.14      ,
       -6.11      , -5.77      , -5.3       , -6.89      , -6.64      ,
       -7.29      , -5.64      , -6.44      , -7.22      , -6.7       ,
       -6.18      , -6.23      , -5.89      , -6.42      , -5.92      ,
       -6.4       , -5.85      , -6.28      , -5.96      , -7.57      ,
       -7.33      , -6.74      , -6.96      , -5.49      , -5.46      ,
       -5.57      , -5.96      , -5.74      , -5.74      , -6.32      ,
       -5.62      , -6.36      , -5.96      , -5.6       , -6.04      ,
       -5.72      , -5.62      , -7.03      , -7.28      , -6.18      ,
       -7.04575749, -6.64      , -6.32      , -7.54      , -5.62      ,
       -6.8       , -5.79048498, -6.54      , -7.12      , -5.82      ,
       -5.82      , -5.96      , -6.64      , -7.39      , -7.19      ,
       -6.77      , -7.        , -7.04575749, -7.22      , -6.04095861,
       -6.57      , -6.64      , -5.59      , -5.92      , -6.21467017,
       -6.43179828, -6.20760831, -7.24      , -6.96      , -5.86646109,
       -7.54      , -5.12      , -4.71      , -6.24      , -5.28      ,
       -5.92      , -6.09      ]), array([-6.59      , -6.48      , -6.03      , -6.54      , -5.02      ,
       -5.1       , -6.59      , -6.42      , -5.57      , -5.82      ,
       -5.69      , -6.23      , -4.86      , -4.63      , -4.82      ,
       -4.76      , -6.7       , -6.24      , -6.96      , -6.2       ,
       -5.41      , -7.05      , -6.3       , -4.92      , -6.89      ,
       -6.54      , -6.54      , -6.8       , -5.58      , -6.38      ,
       -7.        , -7.15      , -6.04095861, -6.17      , -6.59      ,
       -6.20760831, -5.92      , -5.6       , -5.49      , -5.68      ,
       -5.96      , -6.16      , -5.89      , -5.8       , -5.77      ,
       -5.68      , -5.89      , -6.77      , -5.68      , -7.14      ,
       -5.92      , -7.06      , -6.72      , -5.68      , -5.38      ,
       -5.74      , -5.46      , -5.595     , -5.68      , -5.89      ,
       -5.905     , -6.        , -5.25      , -5.42      , -6.26      ,
       -5.69      , -5.64      , -6.44      , -6.1       , -6.21      ,
       -6.09      , -5.55      , -7.14      , -6.27      , -5.82      ,
       -5.82      , -6.        , -5.64      , -5.89      , -5.87      ,
       -6.20760831, -5.64      , -5.51      , -5.89      , -5.96      ,
       -7.33      , -5.7       , -5.37      , -5.7       , -5.72      ,
       -5.7       , -5.68      , -4.36      , -5.22      , -5.1       ,
       -4.88      , -5.22      , -4.36      , -4.2       , -5.11      ,
       -5.        , -4.71      , -4.67      , -4.41      , -4.45      ,
       -4.87942607, -6.2       , -5.62      , -5.58      , -6.05      ,
       -5.7       , -5.72      , -6.42      , -4.45      , -7.59      ,
       -6.7       , -7.24      , -7.6       , -6.96      , -6.21      ,
       -6.74      , -7.24      , -6.43      , -7.41      , -5.96      ,
       -6.        , -7.35      , -6.82      , -7.        , -7.22      ,
       -5.74      , -6.51      , -5.66      , -7.57      , -6.55      ,
       -6.96      , -6.77      , -7.        , -6.77      , -6.07058107,
       -5.96      , -6.28      , -6.96      , -5.89      , -7.1       ,
       -5.55      , -6.92      , -6.89      , -5.59      , -7.48      ,
       -5.39      , -7.85      , -7.4       , -7.31      , -7.06      ,
       -7.4       , -7.09      , -6.64      , -7.21      , -7.06      ,
       -6.64      , -7.38      , -6.44      , -6.8       , -7.7       ,
       -7.59      , -6.8       , -6.96      , -7.43      , -6.43      ,
       -6.31      , -5.77      , -5.96      , -6.8       , -7.15      ,
       -6.16      , -5.72      , -5.35      , -6.72      , -6.82      ,
       -6.24      , -5.74      , -5.74      , -6.85      , -6.04095861,
       -7.14      , -6.6       , -6.82      , -5.96      , -5.62      ,
       -6.4       , -7.02      , -6.28      , -6.24      , -6.89      ,
       -6.06      , -6.96      , -6.38      , -5.54      , -5.37      ,
       -5.62      , -6.96      , -6.2       , -5.7       , -7.02      ,
       -6.8       , -6.36      , -6.6       , -5.7       , -6.        ,
       -6.82      , -5.66      , -5.92      , -7.05      , -7.33      ,
       -7.03      , -7.06      , -5.92      , -7.15      , -6.8       ,
       -5.72      , -6.26      , -6.77      , -6.68      , -6.48      ,
       -5.72      , -6.14      , -5.835     , -5.8       , -7.19      ,
       -7.09691001, -7.15490196, -7.15490196, -6.95860732, -5.89      ,
       -6.08092191, -7.01      , -5.61618463, -6.27      , -5.66      ,
       -6.12493874, -6.69897   , -7.69897   , -7.25      , -6.19      ,
       -6.40893539, -5.55      , -4.91721463, -5.96      , -6.08      ,
       -6.16      , -6.64      ])]","[-5.99       -6.38       -5.336      -5.826      -4.72988521 -5.736
 -6.684      -6.102      -5.922      -6.056      -5.034      -5.624
 -5.382      -4.956      -5.074      -5.502      -6.628      -6.728
 -6.9        -6.37       -5.606      -6.87       -6.166      -5.606
 -6.472      -6.216      -6.868      -6.538      -5.464      -6.918
 -7.37       -6.7        -6.40019172 -6.222      -6.11578708 -6.05552166
 -5.998      -5.64       -5.66876311 -5.642      -5.842      -6.21374833
 -5.928      -5.644      -5.536      -5.858      -5.66329222 -6.534
 -5.754      -6.21416518 -6.356      -6.877382   -6.838      -5.83
 -5.756      -5.708      -5.65       -5.761      -5.72       -6.112
 -6.057      -5.786      -5.59789015 -6.118      -5.876      -5.594097
 -6.244      -6.162      -6.136      -5.728      -5.934      -5.448
 -6.492      -5.902      -5.704      -5.914      -5.952      -5.68
 -6.07702367 -5.92287296 -6.50752166 -6.13       -5.724      -6.194
 -6.024      -6.782      -5.728      -5.584      -5.532      -5.684
 -5.618      -5.372      -4.334      -4.994      -4.504      -4.59
 -4.324      -4.506      -3.98       -4.706      -4.964      -5.502
 -4.984      -4.464      -4.51       -5.15388521 -6.022      -5.597
 -5.38       -5.552      -5.352      -6.098      -6.33       -5.02306171
 -7.33       -6.852      -7.336      -7.38       -6.544      -6.586
 -6.832      -6.986      -6.03539239 -7.264      -5.808      -5.502
 -7.326      -6.606      -7.172      -7.098      -6.122      -6.50551546
 -5.664      -7.258      -6.534      -6.16       -6.132      -7.06
 -6.474      -6.86611621 -5.806      -6.492      -7.104      -6.13293403
 -7.43       -5.726      -6.362      -6.7        -5.916      -7.474
 -5.56       -6.924      -7.534      -7.416      -6.932      -7.256
 -6.722      -6.546      -7.132      -7.168      -6.824      -7.402
 -6.48       -6.586      -7.454      -7.214      -6.944      -6.892
 -7.172      -6.87       -6.038      -6.142      -5.76       -6.33174833
 -6.908      -6.02       -5.88       -5.572      -6.308      -6.164
 -6.37178708 -6.412      -5.742      -6.976      -6.24819172 -6.57718639
 -6.65       -6.326      -6.296      -6.124      -6.384      -6.708
 -6.384      -6.04178708 -7.076      -6.56035966 -6.738      -6.576
 -5.576      -5.388      -5.592      -6.17       -6.108      -5.648
 -6.584      -6.312      -6.40390329 -6.09       -5.68664565 -5.768
 -6.11       -5.762      -6.796      -6.958      -6.714      -7.0233575
 -6.888      -6.20019172 -6.882      -6.51       -5.972      -6.232097
 -6.604      -6.588      -6.284      -6.014      -6.064      -6.097
 -6.456      -7.382      -7.0479155  -6.93898039 -7.15070028 -7.01242332
 -6.60019172 -6.22388042 -6.89678175 -5.661003   -6.014      -6.14793169
 -6.36150994 -6.56331566 -7.345891   -6.924      -6.09658444 -6.81877483
 -5.11012497 -4.77869636 -6.208      -5.718      -5.968      -6.368     ]","[0.42128375 0.62199678 0.42481055 0.84849514 0.20939345 0.51894508
 0.21039011 0.39163248 0.58547075 0.472      0.35063371 0.31504603
 0.8677419  0.2605072  0.45328137 0.70257811 0.19782821 0.244
 0.54254954 0.34       0.21767866 0.13725888 0.46953594 0.56545911
 0.39137706 0.64033116 0.56742929 0.29545897 0.06468385 0.28173747
 0.42806542 0.31578474 0.32481088 0.31530303 0.35346709 0.54401984
 0.45230078 0.06572671 0.19467594 0.076      0.18594623 0.39841745
 0.20740299 0.14347125 0.2900069  0.2020297  0.21310654 0.49175604
 0.13139254 0.47204196 0.49277175 0.30223027 0.4467393  0.1056409
 0.27089481 0.26917652 0.10620734 0.1562818  0.12393547 0.33984702
 0.1786505  0.29526937 0.17950058 0.75911527 0.20943734 0.27433932
 0.48371893 0.6023421  0.13690873 0.26798507 0.14499655 0.37134351
 0.58972536 0.19833305 0.15252541 0.23397436 0.2524599  0.12066483
 0.52668039 0.08219021 0.67113486 0.28270126 0.74179782 0.56194662
 0.25803876 0.58526575 0.09682975 0.24759645 0.16289874 0.19683496
 0.10703271 0.51058398 0.19835322 0.78843135 0.54297698 0.2802142
 0.68977098 0.7131788  0.33520143 0.80191271 0.14827002 0.43111019
 0.16438978 0.0397995  0.09099451 0.13988193 0.54864925 0.13377593
 0.19565275 0.27447404 0.23318662 0.33011513 0.46173586 0.46230979
 0.31266596 0.39214283 0.29990665 0.13754999 0.53117229 0.188
 0.56108466 0.4220237  0.30692161 0.18194505 0.2574801  0.25427544
 0.09911609 0.24228908 0.28805555 0.123677   0.42163491 0.11258642
 0.26762661 0.25126878 0.33127632 0.4        0.62627151 0.30678983
 0.32493692 0.56787238 0.30348641 0.34475499 0.41725771 0.51006392
 0.24363908 0.17928748 0.33120386 0.5081732  0.62879567 0.14136478
 0.19224984 0.75242541 0.12191801 0.11672189 0.3911726  0.27317394
 0.63458333 0.4288403  0.04166533 0.07194442 0.43774879 0.35924365
 0.39734116 0.45614033 0.41102798 0.39797487 0.26371196 0.13196969
 0.12983066 0.48137304 0.53476724 0.46537727 0.26069139 0.42669411
 0.33343065 0.27799281 0.33579756 0.21903424 0.46876007 0.57836321
 0.50043981 0.80660771 0.38731899 0.19043109 0.26498376 0.5604736
 0.22618576 0.36340611 0.6650594  0.37574459 0.032      0.44566355
 0.208      0.26415804 0.29668839 0.43056591 0.34562407 0.3002399
 0.13395522 0.036      0.24161126 0.3954744  0.184      0.06013319
 0.23234457 0.42527168 0.2400502  0.28326666 0.19267603 0.28888752
 0.47933287 0.1362938  0.46650188 0.4740211  0.41697002 0.15842029
 0.26125849 0.21976987 0.48329701 0.45712143 0.471822   0.48030229
 0.36180658 0.51592247 0.25064716 0.44279115 0.21369137 0.33210842
 0.5226318  0.44620175 0.1517876  0.16839101 0.08548768 0.15996852
 0.61921355 0.32717966 0.18758363 0.1032284  0.20460694 0.27430005
 0.11953919 0.21556326 0.29688473 0.21453205 0.2970261  0.51281123
 0.23487314 0.21446    0.35402825 0.29802013 0.11214277 0.27124896]"
2,RandomForestRegressor,"[-5.8427002218299995, -6.142828459640001, -6.842731133279998, -5.931579603309998, -6.603127439279999, -5.808213217079999, -5.5385, -6.819178174810005, -6.760450631290004, -6.128592413640002, -5.610650489400002, -5.056400000000001, -5.255717939169998, -5.119010352809998, -6.773757574910004, -7.005249019590001, -5.491300000000003, -5.52773741651, -5.479400000000004, -6.64944459823, -6.117731670030001, -7.068484112350001, -6.907510265709998, -7.3619121502399985, -7.233161689229999, -6.47189335741, -6.801379016189997, -6.209644429910002, -6.630498437440002, -6.719953869459999, -6.5039098487099976, -6.46042801166, -6.393750068439999, -5.67193844478, -5.74016479355, -5.590982282660005, -6.136213147430003, -5.958322161430002, -5.964737416509999, -7.08110122296, -5.827011832130004, -6.331525455169997, -5.876049387369999, -6.736003422439999, -6.856481618499998, -7.162739713640003, -7.065255013880002, -5.669507819770001, -5.869299999999999, -5.4922, -5.622209699700002, -5.555400000000001, -5.773255204959998, -5.60685819334, -5.728143555849997, -6.008959319559997, -5.601680597520001, -5.947649019599997, -5.7296, -5.866050000000001, -5.686790390849999, -5.6928274392799985, -6.2149730418299995, -5.70791855455, -5.697575318079999, -5.99504364805, -6.122051467820001, -5.69447524866, -5.690603236569997, -6.033944592120001, -6.030468342770002, -5.94330781977, -5.972899999999998, -5.745364610919999, -5.299994260690002, -5.335561767789999, -5.3058885213799964, -4.305793324640003, -4.72780232517, -4.253696662320002, -4.571225231990005, -4.205306171379999, -4.967466674340001, -4.95764762003, -5.035829274890001, -5.301399999999998, -5.0842158344800055, -5.30059536272, -5.612131801670002, -6.175277386540002, -6.209109219080001, -5.038456171380001, -5.95459666232, -5.683508625720001, -5.6532548498500015, -6.354404941009999, -7.327100000000002, -7.395545314150001, -7.397247274949997, -6.78904029655, -7.287438719639999, -7.125157574910003, -5.68276648334, -7.310572076259997, -6.838041264200001, -7.151128282720001, -7.3236463878000055, -6.173089353930001, -6.866122832620001, -7.202898039200004, -6.570144843359999, -7.10305435919, -6.5753755576699975, -6.56702000646, -7.198267874870003, -7.296775694640001, -7.0956691001299985, -6.477945099309998, -6.950458800170001, -6.174350747370003, -6.3656855954700005, -7.175328073570001, -7.4624490195999975, -7.238822831989999, -7.384406594510002, -7.124886383060004, -7.157852474660003, -7.25133253401, -6.11712805674, -7.023163433880004, -7.402617982759998, -5.93782101144, -7.322300487420002, -6.142253290040003, -6.775517795269999, -7.174000000000001, -7.280955614110002, -6.780000000000002, -7.135716894460002, -5.579100000000002, -6.392265127119997, -6.275065473230003, -7.180998448079997, -6.149359319559997, -6.694171138340002, -7.12055002705, -6.595702080460003, -5.78206946077, -6.3210012091399985, -5.635841003479999, -5.787454237220001, -6.77634479925, -6.1338957208, -6.230437693029997, -6.08971537771, -5.72485, -5.736369619510002, -6.878119078319998, -6.929096662319999, -7.0739469288400025, -5.931407486819999, -6.5000850860699995, -5.948531064560001, -6.016135210830002, -6.521301535019997, -6.150700000000004, -6.269372161429994, -6.478959319559998, -6.61437005335, -6.055409219079995, -5.908672161430003, -6.2910878562600026, -5.67035, -7.080450869890001, -6.0437065163399994, -6.17142283529, -6.796697927939997, -6.879251389279999, -5.609972835289997, -6.1088580434400015, -6.059812944150002, -6.7838396040600015, -6.1411543891400004, -6.2831317550599985, -5.819619770350001, -7.30265754295, -7.076596079789997, -6.512212309640001, -5.89557884784, -5.96935484985, -5.938001841920001, -6.005579696330002, -6.527847349819998, -6.351174161670003, -6.387528971429999, -5.788208688579998, -6.05655, -6.05488215485, -5.710500000000001, -5.970559287590003, -6.090148774739998, -7.104077072349998, -5.780778912220001, -6.458486383059995, -5.46634585333, -5.1774062267400005, -5.7607105361, -5.552409219080001, -5.56140815909, -5.504475151270002, -6.743491551320003, -6.06896080202, -5.387302080460001, -5.162009586080003, -6.65481811973001, -6.027186436109999, -5.801707819770001, -5.321417830140003, -6.9681975198099995, -5.827894549889997, -5.83926056648, -6.024598313699998, -6.157153510920001, -6.688420421659998, -6.9667565685599975, -6.619981510469996, -7.00051905348, -6.8600567024000005, -6.321031395129999, -6.589057207139998, -5.9038329117599995, -6.075514105970001, -5.68701184634, -5.827383600520002, -5.93485703446, -5.812366162419997, -5.849800797160002, -5.557860566480001, -5.624115640480002, -5.812199999999999, -5.8204618047599945, -5.831974044429997, -6.353, -5.846844857189998, -5.925718442770003, -5.897077060619999, -5.886161630809999, -6.941966100869996, -6.283362519210002, -5.936365378549999, -5.774051183629999, -5.66175, -5.844825512250001, -5.571125177399999, -6.04496189604, -5.736222835289998, -5.902347230379995, -5.697017422219999, -5.812979860540004, -5.785560566480001, -5.8422972611100015, -5.613495019950001, -5.66504450752, -5.7671842248799985, -5.831899999999998, -5.778685510999996, -5.705961846340001, -5.602854849850002, -6.374148785699998, -5.871211846339999, -5.670206798029999, -5.982218584499999, -6.545636420919999, -5.797399028939999, -5.937382593679998, -4.199700000000002, -4.846306028480001, -4.95810353684, -5.090419172160001, -4.635024114110001, -4.813639439500001, -5.0007942606899976, -5.164756226740001, -5.47018211802, -5.591214169409997, -5.745376083110002, -5.261160566480002, -5.069367507100001, -6.004059897790001, -5.013111767790003, -6.711567611250001, -7.188800000000001, -7.070626494079995, -7.255016158930002, -7.135389892759999, -6.27982641065, -6.18507484379, -6.004884154479998, -7.260506719659997, -6.981699999999998, -7.223070185500001, -6.837222831990001, -7.214695115890001, -6.203050000000002, -7.19723871964, -6.291523079620005, -6.3192690000499985, -6.916400000000001, -6.629502889050003, -6.702029368569998, -6.257546410330001, -6.325253127149997, -6.234162984760001, -7.165524792789999, -6.5893322213899985, -7.239730899880004, -7.1591325340200065, -7.039698442170001, -7.267474253220002, -6.732599673699999, -7.165959880040001, -7.328028419679996, -5.814862893769999, -7.165101494250001, -7.16898293369, -6.913544765420002, -7.036953212480003, -7.120894117600003, -6.474581583930001, -7.249804114330002, -7.123649585590003, -6.964257574909997, -6.728748229399996, -6.959844873320002, -7.3346490196000005, -6.32323360655, -6.114619692969999, -5.544200000000002, -6.075634207559997, -6.178899999999998, -6.440894833869997, -6.850139087409996, -6.556287258950002, -6.22602960424, -5.661462590020003, -6.260362812349996, -6.0082, -7.01006491174, -6.77775190066, -7.1856919321199975, -6.16811394726, -6.363359815589998, -5.961130361570001, -6.750743121989997, -6.422781823039997, -5.780536706099998, -6.536400841359998, -6.742308004700001, -6.095725893160002, -5.68824450752, -5.712841003479998, -6.3596107961799975, -6.411986503940002, -6.077958403980003, -5.915081998490003, -6.044261630809998, -5.9151037265999955, -6.266200000000001, -6.056980400099999, -5.876949999999999, -6.461239543709997, -6.025777534860001, -6.728231219899997, -6.70781811973, -5.9595651183200005, -6.0938536307300035, -6.992198556960001, -6.099569166389997, -6.8914221856, -5.993332374760004, -5.794528044979997, -5.729074792789998, -5.761590708740001, -6.378540018529996, -6.501474792329997, -5.976620216659996, -5.825535301730003, -5.14548868265, -5.459028654650004, -5.028235890990001, -5.843641558840001, -5.954249999999999, -6.25263911349, -6.075638914269998, -5.753199999999997, -5.846242418310001, -5.647700000000003, -5.91645345833, -5.8898011836299995, -5.638305614400001, -7.075017614350002, -5.81406400319, -6.372138827199995, -5.852462341189998, -5.0300004320700005, -5.6355596997, -6.485077292249998, -5.959649999999999, -5.38571086594, -5.25336493203, -6.185849999999996, -5.758736942239997, -6.7365133856499995, -6.884600000000003, -6.122622948860002, -6.23506762709, -6.828620599910003, -6.770767002360004, -6.92872638353, -5.865796662320001, -7.010587587629999, -5.7802359086200035, -6.303514610920001, -5.95888907812, -7.319264813959997, -7.375367139330001, -7.20085298232, -7.363399999999998, -6.979305810739999, -6.019455568800002, -6.150276409089998, -5.771683594929999, -5.7937146922300045, -5.881683154250002, -5.931271670279998, -5.795227242980004, -5.817695670580001, -5.987348305719996, -5.6294618463400035, -5.657099999999997, -5.9147240444300015, -6.09315483674, -5.998099387369999, -5.838687296099998, -6.747957207139998, -5.778838719639996, -6.9934690978399985, -6.631497096169999, -7.034332353009998, -7.063966985429997, -5.626015176900003, -5.8428043808, -5.8892814179, -5.97332848322, -5.756450000000002, -5.803244507520002, -5.687493648049999, -5.56094938737, -5.622311846340001, -6.085957830619998, -5.944489377689998, -6.16115958608, -5.6513, -5.671244507520002, -5.941514434229999, -5.730677685139999, -5.77629364805, -5.710504849849997, -5.662599387370005, -5.718134651530001, -6.418199787349996, -5.9568881186, -6.00161767393, -5.6828518714900005, -5.75599544127, -5.756140128470001, -5.918051577689999, -6.548696683019997, -5.786610566479998, -5.676, -5.799249999999997, -5.961272835289995, -4.232800000000002, -4.7075095860800005, -5.062635006639999, -5.007099999999998, -4.368549748010006, -3.7185999999999986, -5.019706248399996, -4.90804160707, -4.716699999999994, -5.187609586080002, -5.222749999999998, -6.02867271937, -5.073362671769999, -5.705804237220001, -5.62203173238, -4.952662671770001, -5.545176790179998, -5.198419172159999, -5.197243569490001, -5.45830120914, -6.4024974751300014, -5.267457276270003, -7.172484769340002, -6.274737092500004, -6.709549387370004, -6.24377042166, -6.623431936550002, -7.011645314150001, -6.854443453240001, -6.40161961951, -7.088973672500001, -7.180873603879998, -5.962399999999999, -7.205989353930006, -7.3054999999999986, -5.675493648049999, -5.944036013209995, -7.270757574910001, -7.02369637081, -7.028117982760001, -7.088923567529999, -7.224665914070004, -7.243249019600001, -6.135705616799998, -7.195600000000001, -7.257696373109999, -7.19766890564, -6.86363089987, -6.093049387370006, -7.1645707639300005, -6.647835381970006, -7.038826675040005, -6.345024564759996, -6.881117982759998, -6.290403582209999, -6.8470528825699954, -7.1067324120499995, -6.1269724871000015, -6.14266415328, -7.21431103923, -5.795544771869999, -7.027613630519999, -5.646399999999997, -7.2950369749999995, -7.111113189020001, -7.3071691001299985, -6.387318119729998, -6.08701130799, -6.37515575636, -7.295435749730003, -6.917006838880003, -7.110294701519998, -7.05769666232, -6.219308201879996, -6.429754013070003, -6.864767874870001, -5.938025288080002, -6.969746928839999, -7.144497887580002, -5.754921610030001, -5.678132282660001, -5.58454031037, -6.49121029996, -6.981976581779999, -6.089545885230002, -6.374766965410001, -5.8433334918, -5.787899999999999, -6.588426298130002, -6.377818981079998, -6.154412185590001, -6.871870574920001, -6.448398988089999, -6.294388874879997, -5.819508973450002, -5.9785748330200015, -6.872103046169996, -7.008130901299999, -5.656678338819996, -6.172968017470002, -6.25292870786, -6.396179783379999, -5.90414100348, -7.126152717190001, -7.083020957250004, -7.02295358804, -6.999966460709999, -6.150588448810001, -6.12956613798, -5.835187296099997, -5.8204718411400025, -6.471660989830001, -6.281290530359997, -6.411865190669997, -6.3322192873399965, -5.202003069939998, -5.396964764199997, -6.327290021160001, -5.790704849850003, -5.852194237609999, -5.7370960890200005, -5.775162893769999, -6.073703627929998, -5.8137, -5.102259586080001, -5.098199999999999, -4.802134818069999, -6.589499999999996, -5.711393449510002, -5.149312419780002, -5.014400000000001, -5.064948305720001, -6.481800000000002, -5.023891805330002, -5.412422146300003, -5.129700000000001, -5.747538099889999, -7.089875694639997, -5.805098388219999, -6.396545371750005, -5.868853964850001, -5.759576083109998, -5.490800000000003, -6.377084207560001, -6.833014802749999, -6.105993648049995, -7.276384521220001, -6.882895948439998, -6.873830038719998, -6.621702240670001, -6.341239024749997, -6.2602246158999995, -5.97137101144, -6.12662369741, -6.064213402350001, -5.681094507519998, -6.061734093269999, -5.785241202859998, -5.680793864890002, -5.7290118463400015, -5.910349393960002, -5.800672835289998, -5.654755494389999, -5.853620338629997, -6.419769941489998, -6.282020404669998, -6.593743103390002, -5.777736582219997, -6.23854434896, -6.266539165800001, -5.637016599959999, -5.8774000000000015, -5.661949999999998, -5.778748497899999, -5.693576641880001, -5.765880655059999, -5.72869214595, -5.928444267710002, -5.8285839267899995, -5.5862592190800004, -5.9565483346, -5.92912845037, -5.9230993873700015, -6.38164939778, -5.697723692679995, -5.85533180362, -5.946744507520002, -6.127395256970001, -5.8109118463400025, -5.195560751640001, -4.669200000000002, -4.698391805329999, -4.309209586080005, -3.7596966623199948, -5.1705487697000025, -5.30862016693, -5.15961377666, -4.9873265157399995, -5.155077992719999, -4.939896662320001, -5.229520267339995, -5.105055487880002, -5.3218844036499995, -5.129850000000002, -5.749212332509997, -5.38445631982, -5.2597000000000005, -5.303816929660001, -6.166839087409998, -5.309499999999998, -5.407746701649999, -5.3402195369399985, -5.164421385780002, -7.15331863911, -6.96988653562, -6.68565628773, -6.272709219080001, -7.324385475210004, -6.16397748221, -6.051948673489999, -7.137977439280004, -7.213974959100008, -5.471405117949993, -7.145552276430001, -5.693333594929999, -6.101036488629997, -6.462106226740001, -6.589234230430002, -6.62195118363, -5.670001183629998, -5.782314610919998, -7.080400000000003, -6.6225, -6.950557574910009, -7.130635381960001, -7.379387219849998, -6.219156428249999, -6.028591170009998, -7.142069587560001, -7.218741608700001, -7.1374804069, -6.094027705809997, -7.241135092749999, -5.654922835289999, -7.114969100130002, -6.040483594930004, -7.0068568610299975, -6.122556290290001, -7.192858992899996, -7.237863433880005, -7.297849019600001, -6.989577807050001, -7.3263490195899985, -6.933475430250002, -7.076318119730001, -6.94380108537, -5.978899832550002, -6.82000218384, -7.302449019599996, -6.026167477100001, -7.0992020165500005, -7.221247919490002, -6.06739248445, -6.276150708889995, -6.776999653890003, -6.452505614109999, -7.134373812390002, -5.8903887196400015, -5.75553065506, -6.09660640882, -5.803411846340002, -5.621360566479999, -5.75335349035, -5.602850000000001, -5.610575982810001, -6.780500000000001, -6.77742333736, -6.3340355500499985, -6.516130975719999, -5.680111846340002, -5.980366753039999, -6.0866582729499985, -6.306667087829998, -6.158558779009997, -5.369950000000001, -5.924939630420002, -6.2887612639, -5.86759450752, -6.232368212809998, -5.893938706000001, -5.8967445075199985, -6.240680671790001, -6.4756041948400025, -6.515254868610002, -6.182473440799998, -6.786639215670004, -6.781449118489997, -5.85585931956, -6.968494443299999, -6.71714335954, -6.39949391775, -6.269337929450001, -5.92782283529, -6.0341241704899975, -6.749069987269998, -7.018277009890005, -6.923582720269996, -7.023438111989999, -6.161937668650003, -6.150849042309997, -5.9151937535700005, -6.369155532789998, -6.381987269849998, -7.03673675654, -7.200152221670001, -5.34408424268, -6.09375496062, -5.113674980000002, -6.078050000000003, -5.829351183630001, -5.759343648050002, -7.163581519269999, -5.696749387370002, -6.796741976470002, -5.809416694669997, -5.592705810739997, -5.414128427029997, -6.683139087409999, -5.204449907700001, -4.881603740330002, -5.005182782070003, -5.43764734638, -5.770018847949999, -6.70241478205, -6.808373293010001, -6.9092138335600035, -6.25830116512, -7.080419421250002, -7.164379400080001, -7.107507160489998, -5.786395602139997, -6.226309586080001, -6.510851777750003, -6.010873736460002, -5.496149387370002, -6.845657207139999, -6.72032780384, -7.061479517449997, -7.021678294479998, -7.260554726950004, -6.150746922479998, -6.128775927050002, -6.556794554470003, -6.308057690419998, -5.88583633967, -5.85854450752, -6.834811076599999, -7.077212532030001, -7.312463433880002, -7.27602427111, -6.064613267559996, -5.767576411660001, -5.837500000000003, -6.24511056648, -5.751894780070001, -5.6789284266100015, -5.787174641389998, -5.848720438229996, -5.835235511000003, -5.692700000000001, -5.86711579435, -5.52742547048, -5.7063531974499995, -5.83143130939, -5.877758569430004, -5.724040349700002, -5.957139700039999, -6.332719553340001, -5.782038479729998, -5.673334207560003, -6.0546285479499975, -5.987771982700001, -5.879885511000002, -5.8277589892899995, -6.1378761394199985, -5.9291, -5.9598519981699996, -5.907083836249998, -6.159277791760001, -5.98685251239, -5.285629174480002, -5.4506274278400015, -4.336620267340006, -4.979637333339999, -5.02593167652, -5.3678641694200016, -5.044261767789999, -4.043299999999999, -4.102299999999998, -4.99272059279, -4.79785879558, -4.845164966960001, -4.927995247339996, -5.37471371165, -5.027741185579996, -5.156769914939999, -6.042800000000001, -5.9424058107399995, -5.121666406989997, -5.638503214440001, -5.5947789843099995, -6.186886151830002, -4.914173353030003, -7.233240115550001, -7.26982841968, -7.163738200260001, -7.343897519809997, -7.000522601819998, -5.609783594930001, -6.740210809049996, -5.842052435219999, -6.74944147779, -6.443946355539998, -6.732165917379999, -6.899833348099999, -7.02983509275, -5.701194128999998, -7.424275773189996, -7.288339053159999, -7.2830125320300025, -6.648810299959997, -7.054529319390003, -7.3191962945499975, -6.831626824179997, -5.98460399915, -6.192944866109997, -6.830742712010005, -7.2210638016500015, -5.603987296100002, -6.82909426069, -6.983951467829996, -6.398504019719995, -7.219049019600001, -7.0273897000400005, -6.956039517939997, -6.6623663000499995, -7.1298629291400015, -7.371104192879999, -7.306043280290001, -7.140228338840001, -6.793724792790001, -7.255914764109997, -6.033341917030003, -6.810134239130003, -7.183996294550001, -7.115792221339999, -6.895622022390004, -6.858453869460001, -7.222236758839999, -6.998318480370002, -5.936606353859998, -6.101965473229999, -7.472189700039999, -7.0848975414699975, -6.920897503689998, -7.010531387299998, -7.242139087410002, -6.21932958642, -5.637700000000002, -6.537940261809997, -6.116641210230001, -5.970446924209999, -5.86633139433, -6.627089353929998, -5.493, -6.656716691639998, -6.110613590600002, -6.561167191459999, -6.044126083109997, -5.762516321159998, -6.6217394679299995, -6.409885770430001, -5.719167793659999, -5.91082369268, -6.064709586080002, -6.162308422759999, -6.035985761559999, -6.596904365819999, -6.293608926470001, -6.08654636382, -6.190541003479999, -6.8037215007199965, -7.067912899799996, -6.341276754179997, -6.897800487429996, -6.985604503750003, -6.581854056389997, -6.5366263146999986, -6.91932835777, -6.611566310139998, -6.33397242168, -5.931236207690002, -7.151937774089998, -7.0589482110000015, -7.143728466930001, -6.800882048119998, -6.05536855801, -5.975499840700005, -5.775080059490002, -5.964436259340001, -6.213977873060003, -6.49401589807, -6.087353371780001, -6.208653320689995, -7.123014148529998, -5.899156626310002, -5.359823978530001, -5.05931375872, -5.742651183629999, -5.791340310370001, -5.72786961951, -6.018332282660003, -5.635699999999998, -6.367990296550002, -6.01994186874]","0     -6.440000
1     -6.400000
2     -5.660000
3     -6.700000
4     -4.670000
         ...   
247   -4.844664
248   -5.800000
249   -5.960000
250   -5.520000
251   -5.740000
Name: Permeability, Length: 252, dtype: float64","[array([-5.95495   , -6.60095932, -5.42275385, -5.28034735, -5.00657611,
       -5.66995   , -6.56377744, -5.91718373, -6.12119822, -6.1141567 ,
       -5.30193538, -5.71155959, -5.39316648, -5.16813217, -5.12343332,
       -5.31895586, -6.64812614, -6.69981798, -6.7697    , -6.01099119,
       -5.76175   , -6.8006    , -6.24080066, -5.48380239, -6.42984456,
       -5.89788638, -6.23573   , -6.35782198, -5.5179    , -6.9372794 ,
       -7.07539048, -6.72667215, -5.94557617, -6.07672154, -6.2989989 ,
       -6.0510397 , -5.77296848, -5.79281265, -5.78073996, -5.74437593,
       -5.84127216, -6.02865719, -5.81567287, -5.6975    , -5.61933612,
       -5.84163894, -5.75273106, -6.33058014, -5.8927104 , -6.153969  ,
       -6.36413872, -6.90361798, -6.55902155, -6.03464939, -5.90677572,
       -5.85276648, -5.69453359, -5.73630096, -5.69215   , -6.16245782,
       -6.08683924, -5.81630129, -5.7264873 , -5.80390424, -5.69445   ,
       -5.68894547, -6.1709904 , -6.32562284, -5.88413742, -5.86126643,
       -6.02669939, -5.58674939, -6.32087121, -6.17552577, -5.71110485,
       -6.10772817, -6.01816714, -5.73029357, -6.01366989, -5.70402532,
       -6.16393856, -6.21309681, -5.66436461, -5.91474657, -5.78485118,
       -6.41898323, -5.802841  , -5.5980985 , -5.67783359, -5.82524365,
       -5.67615   , -5.45126412, -4.67296417, -4.71840407, -4.53836213,
       -5.09259678, -4.29049666, -5.07620513, -4.02804975, -4.68554497,
       -5.10929787, -5.26786761, -5.02643179, -4.64752027, -4.80165892,
       -5.19472204, -5.73728159, -5.86890604, -5.34837662, -5.3596    ,
       -5.33417724, -5.82292157, -6.14643767, -5.02554924, -7.2664103 ,
       -6.92032804, -7.02919877, -7.32195684, -6.84825757, -6.73919666,
       -6.75567336, -6.96081501, -5.99523701, -7.12857989, -5.7433373 ,
       -5.60785826, -7.30298207, -6.15439304, -7.25604365, -7.28565932,
       -5.98812582, -6.64215419, -5.88747769, -7.27708054, -6.62566152,
       -6.13187051, -6.51195604, -7.19370289, -6.35657516, -7.04706547,
       -5.79280589, -6.58909376, -7.16105973, -6.12040922, -7.26649491,
       -5.81414221, -6.3542181 , -6.94536591, -5.88013758, -7.3391103 ,
       -5.83034077, -6.86852349, -7.37254902, -7.37412668, -6.80670045,
       -7.24261937, -6.66688137, -6.4188638 , -7.14165065, -7.03103681,
       -6.95372871, -7.1437    , -6.71117284, -6.44547043, -7.07769804,
       -7.14367378, -6.7928794 , -6.96629629, -7.33008774, -7.03467992,
       -6.12770456, -6.24182573, -5.83170642, -6.39753909, -6.9889515 ,
       -6.0269532 , -5.8587399 , -5.6929    , -6.48038521, -5.99138811,
       -6.1440758 , -6.51031365, -5.52588359, -6.51892617, -6.37075264,
       -6.26638454, -6.65955976, -6.12480914, -6.11012467, -6.06495141,
       -6.7553242 , -6.28055299, -6.5555737 , -6.17206942, -6.86891874,
       -6.48974542, -6.4485956 , -6.46995707, -5.61265   , -5.54237284,
       -5.93390273, -6.12068081, -6.18146749, -5.7652    , -6.54696247,
       -6.52145065, -6.56459969, -6.05745383, -5.77607011, -5.6547    ,
       -5.9121    , -5.93837698, -6.7037861 , -7.14158155, -6.65118831,
       -7.04097562, -6.36226345, -6.76832941, -6.71365685, -6.5432375 ,
       -6.09790871, -5.8641    , -6.11428742, -6.42989793, -6.34557042,
       -6.34266621, -5.87837889, -6.04226798, -6.74576803, -7.28719845,
       -7.15387016, -7.03136547, -7.1400724 , -7.1573022 , -6.76229621,
       -6.28908464, -6.71248322, -5.9155619 , -6.07501421, -6.2094068 ,
       -6.37455491, -6.36498384, -7.13524972, -7.13012504, -5.95019604,
       -6.52205448, -5.09731232, -5.02769611, -6.1123    , -5.89765   ,
       -6.06519939, -6.5456476 ]), array([-5.99028638, -6.57709524, -5.44892709, -5.43834365, -5.06084879,
       -5.81482229, -6.6091    , -5.52599945, -5.97922831, -6.1983663 ,
       -5.23495629, -5.70491954, -5.29354426, -5.16495   , -5.20902885,
       -5.42115121, -6.57105932, -6.66      , -6.75359372, -6.1354135 ,
       -5.62254088, -6.68382594, -6.21120736, -5.6297    , -6.22797374,
       -5.90528791, -6.23016991, -6.20636544, -5.5186    , -6.97992935,
       -7.09825358, -6.89246504, -5.98341892, -6.09485752, -6.22724689,
       -6.07941073, -5.80467067, -5.71978978, -5.71821524, -5.77146734,
       -5.96403148, -5.98913465, -5.76542511, -5.71489219, -5.85264018,
       -5.89094451, -5.74940507, -6.21156919, -5.913741  , -5.99433764,
       -6.23887284, -6.95451082, -6.74762659, -6.06992404, -5.92630352,
       -5.74511813, -5.70635635, -5.78198883, -5.70237646, -6.11822216,
       -6.11069365, -5.73421239, -5.77309365, -6.00186057, -5.74399713,
       -5.75722107, -6.11602397, -6.21120121, -6.13440323, -5.881883  ,
       -6.05031505, -5.62219798, -6.39105446, -6.12418385, -5.6808249 ,
       -6.10080245, -5.94756634, -5.73305   , -6.04755172, -5.77266057,
       -6.21280048, -6.23641975, -5.61386946, -5.82260307, -5.84665118,
       -6.45450406, -5.7794845 , -5.58398902, -5.65818139, -5.81668447,
       -5.6363942 , -5.27276581, -4.3235    , -4.82784831, -4.64298852,
       -4.6706    , -4.163     , -4.65452906, -3.9106    , -4.37580959,
       -4.97304831, -5.30817724, -4.89131343, -4.65141343, -4.83760959,
       -5.12482876, -5.66922908, -5.85630695, -5.59469121, -5.33675   ,
       -5.34530485, -6.00094278, -6.17789221, -5.04562925, -7.21444902,
       -6.85881145, -7.02073924, -7.25122646, -6.74745395, -6.8322    ,
       -6.79520152, -6.90455075, -5.9838467 , -7.08494902, -5.75456967,
       -5.54305   , -7.2314432 , -6.11966212, -7.27477744, -7.14959629,
       -6.02478356, -6.54657219, -5.84472549, -7.20150659, -6.59805402,
       -6.08930959, -6.41731115, -7.13901108, -6.29225858, -7.04481581,
       -5.8522    , -6.55948452, -7.06678599, -6.09771802, -7.21687744,
       -5.83397584, -6.21173679, -6.85300001, -5.91499752, -7.3327    ,
       -5.91016178, -7.00401468, -7.3361    , -7.38760834, -6.78754885,
       -7.20935845, -6.60767242, -6.52983701, -7.15011074, -7.12811812,
       -6.89808396, -7.11387992, -6.64442648, -6.488     , -7.10430581,
       -7.21229433, -6.83487242, -6.85246967, -7.29930463, -7.10840819,
       -6.02265316, -6.18513564, -5.8333276 , -6.33107209, -6.97357046,
       -6.14071928, -5.89021989, -5.6223    , -6.36020768, -6.01649451,
       -6.22063679, -6.5710103 , -5.55612284, -6.78721558, -6.36036539,
       -6.05323939, -6.5659753 , -6.14761039, -5.94210727, -6.13527782,
       -6.47776149, -6.23336666, -6.35839716, -6.3232    , -6.90717796,
       -6.52563359, -6.41876276, -6.49445619, -5.68692284, -5.52836582,
       -5.83922549, -6.128     , -6.13929323, -5.87637769, -6.56425259,
       -6.43855392, -6.52210725, -6.0794603 , -5.76452646, -5.65267284,
       -6.07138521, -5.99381591, -6.8645464 , -7.15123465, -6.57276755,
       -7.04545756, -6.33800121, -6.67445099, -6.74977297, -6.53831798,
       -5.82226949, -6.00716648, -6.20986638, -6.3805044 , -6.32878872,
       -6.29044413, -5.8271662 , -6.08340333, -6.81580907, -7.21934958,
       -7.09834072, -7.0256352 , -7.10147495, -7.14167784, -6.71183723,
       -6.32927204, -6.6422968 , -5.80049296, -6.0741744 , -6.16460195,
       -6.38959838, -6.32281748, -7.16388034, -7.13667109, -5.91128035,
       -6.51184647, -5.24843912, -5.01300139, -6.01950242, -5.90045   ,
       -6.00178838, -6.55141755]), array([-5.87201962, -6.58556975, -5.45313359, -5.40084688, -4.98409565,
       -5.70012894, -6.65854867, -5.93550549, -5.92006461, -6.13342744,
       -5.3431841 , -5.71240959, -5.32956917, -5.23955385, -5.17202929,
       -5.42859451, -6.76953521, -6.9035103 , -6.8490506 , -6.02833189,
       -5.7206638 , -6.83189244, -6.22106962, -5.64033676, -6.43176458,
       -6.06415932, -6.3022442 , -6.51625757, -5.4619    , -6.91803859,
       -7.10366547, -6.65475686, -5.94513874, -6.02756946, -6.33179008,
       -5.96734811, -5.79176291, -5.72127808, -5.73360056, -5.82167284,
       -5.89383228, -6.0395547 , -5.83965549, -5.69391057, -5.579941  ,
       -5.83929141, -5.74353802, -6.41867246, -5.90206057, -6.12383579,
       -6.36871572, -6.93608388, -6.52309275, -6.09523736, -5.91179038,
       -5.80367175, -5.65209365, -5.74097299, -5.7408    , -6.02082595,
       -6.11205   , -5.8358467 , -5.74137791, -5.81383033, -5.71733579,
       -5.7084667 , -6.170933  , -6.25786962, -5.87247608, -5.82591731,
       -6.00104823, -5.63231185, -6.27698935, -6.11266542, -5.6542    ,
       -6.07589709, -6.0559951 , -5.75796214, -6.10370217, -5.7897334 ,
       -6.22443471, -6.11281677, -5.697341  , -5.81620464, -5.75820643,
       -6.44007893, -5.81383742, -5.60645   , -5.70627663, -5.89385279,
       -5.73559365, -5.25354831, -4.51749666, -4.91055736, -4.76543733,
       -4.9427    , -4.46230625, -4.72330385, -3.85348852, -4.16338852,
       -4.98391917, -5.34818173, -4.9789024 , -4.59808665, -4.7668125 ,
       -5.17050897, -5.77707883, -5.87229113, -5.44977384, -5.37325485,
       -5.30818228, -5.79379596, -6.2363467 , -5.12518395, -7.21848847,
       -7.01159426, -7.03706576, -7.33371812, -6.91071478, -6.75910995,
       -6.7688998 , -6.92402597, -6.108641  , -7.15617817, -5.75173228,
       -5.53415   , -7.27823698, -6.18793323, -7.31385757, -7.22205589,
       -6.08207621, -6.62603747, -5.83720726, -7.13813749, -6.6453412 ,
       -6.1474    , -6.59014412, -7.09048614, -6.45927284, -7.21046231,
       -5.72889451, -6.60219453, -7.15856539, -6.1573738 , -7.23838935,
       -5.7921696 , -6.28302113, -6.90446758, -5.8576639 , -7.30534902,
       -6.0588558 , -6.9829567 , -7.4584103 , -7.38222668, -6.77154076,
       -7.33364365, -6.7234691 , -6.59324934, -7.13849319, -7.11203204,
       -7.14868698, -7.3166103 , -6.67846145, -6.46654642, -7.28295757,
       -7.27185684, -6.80692332, -6.96831269, -7.2845206 , -7.18622972,
       -6.12945624, -6.26950686, -5.92437496, -6.39425439, -6.97531415,
       -6.16246303, -6.00503612, -5.6196    , -6.30670959, -6.01622547,
       -6.18276458, -6.41578513, -5.51805   , -6.56849242, -6.47326994,
       -6.14636689, -6.56647964, -6.08171998, -5.9687246 , -6.173641  ,
       -6.57772658, -6.20690121, -6.37728042, -6.13616163, -6.96280378,
       -6.5698329 , -6.44694291, -6.52269217, -5.61775   , -5.48455   ,
       -5.81904541, -6.1839    , -6.14081185, -5.74754365, -6.59291778,
       -6.37566088, -6.46467905, -6.12962454, -5.74815341, -5.66009451,
       -5.91145959, -5.98883742, -6.82844213, -7.13599997, -6.73482606,
       -7.04096166, -6.38827803, -6.80817399, -6.78489276, -6.49304365,
       -5.88294606, -5.97154397, -6.15864333, -6.31525606, -6.30637898,
       -6.29484283, -5.80552324, -5.97125843, -6.66049508, -7.14101325,
       -7.12685724, -7.01527456, -7.07479596, -7.06719105, -6.80690936,
       -6.16628818, -6.77439951, -5.75989519, -6.0860063 , -6.12819027,
       -6.40037645, -6.30634332, -7.12814777, -7.06100911, -5.96181206,
       -6.44782069, -5.1543193 , -4.93775334, -6.12059394, -5.83299451,
       -6.07949838, -6.66439185]), array([-5.80130118, -6.60702027, -5.42183501, -5.36042985, -4.95275657,
       -5.72831417, -6.5832206 , -5.99925   , -5.85247027, -6.4681    ,
       -5.02834975, -5.75136861, -5.36727523, -5.27632335, -5.11666881,
       -5.3764446 , -6.65291798, -6.73138708, -6.79645409, -5.95398663,
       -5.70571422, -6.75024902, -6.27391632, -5.71114677, -6.25404469,
       -5.91769025, -6.26693585, -6.28834727, -5.4861    , -6.82718602,
       -7.15546317, -6.73602828, -5.90819303, -5.99263579, -6.246555  ,
       -6.01902515, -5.7688    , -5.75286843, -5.69788116, -5.73248816,
       -5.89154365, -5.90878475, -5.82535578, -5.64618228, -5.593     ,
       -5.8732834 , -5.80535   , -6.26553298, -5.93360297, -6.02044333,
       -6.45960385, -6.92232683, -6.5038    , -6.00843037, -5.95684861,
       -5.80823955, -5.68161185, -5.8265027 , -5.70696303, -6.02790485,
       -5.9980221 , -5.83579786, -5.7571948 , -5.8304327 , -5.70960768,
       -5.74507236, -6.10526793, -6.26424536, -5.9364    , -5.86041946,
       -5.97801057, -5.57515   , -6.22472091, -6.10213965, -5.76661461,
       -6.03025674, -6.08533707, -5.71240752, -6.04136528, -5.77700533,
       -6.13079465, -6.19934767, -5.66580485, -5.79831782, -5.72476579,
       -6.36479376, -5.69803205, -5.59293359, -5.74473786, -5.86960836,
       -5.71353587, -5.20552559, -4.4565    , -4.7775881 , -4.75681036,
       -4.63729666, -4.34991522, -4.66931693, -3.8809    , -4.42645899,
       -5.12298378, -5.124202  , -5.22196669, -4.58774678, -4.74404429,
       -5.13724879, -5.65168745, -5.7504776 , -5.43684666, -5.2842    ,
       -5.3889    , -5.78043327, -6.21047638, -4.94612997, -7.20785757,
       -6.97654531, -7.15193045, -7.30899629, -6.88519269, -6.7602    ,
       -6.95159158, -6.87478151, -5.94668676, -7.10417608, -5.75951013,
       -5.58270485, -7.24980122, -6.0837    , -7.22941389, -7.24236417,
       -5.92789482, -6.59779473, -5.81179567, -7.23031934, -6.666697  ,
       -6.0718314 , -6.3571138 , -7.08383261, -6.24598193, -6.94480189,
       -5.74307608, -6.54676392, -7.07287319, -6.14978128, -7.21862479,
       -5.82510177, -6.24720816, -6.93232683, -5.84322161, -7.32211449,
       -5.79834899, -7.01173624, -7.45982842, -7.35215932, -6.82704642,
       -7.33776954, -6.83311639, -6.53230086, -7.12106815, -7.0953206 ,
       -7.09142719, -7.29657569, -6.76434616, -6.68941177, -6.98415918,
       -7.05069384, -6.7416691 , -7.07278006, -7.33391812, -7.00041812,
       -6.12703068, -6.19954939, -5.87373378, -6.37036161, -7.10316576,
       -6.05648311, -5.85236946, -5.58513742, -6.38036578, -5.9537    ,
       -6.0685948 , -6.40432828, -5.63375118, -6.67898425, -6.27618595,
       -6.02610993, -6.52865588, -6.05308285, -6.00020948, -6.11607286,
       -6.55090277, -6.1142533 , -6.30858201, -6.17645736, -6.94962496,
       -6.66000531, -6.39673471, -6.46829752, -5.62021057, -5.68071185,
       -5.78949567, -6.10273918, -6.02689117, -5.71286185, -6.57235094,
       -6.31213576, -6.53424547, -6.02591729, -5.75053731, -5.6855    ,
       -5.77755424, -5.98660793, -6.66300782, -7.12476343, -6.78259526,
       -7.02275562, -6.37015907, -6.88762736, -6.77821148, -6.44831813,
       -5.87433154, -5.82681185, -6.06683093, -6.28196344, -6.3566692 ,
       -6.16614277, -5.92131034, -6.04648415, -6.81400874, -7.20158823,
       -7.13905775, -6.95909087, -7.06997354, -7.11708961, -6.861028  ,
       -6.42718272, -6.73107424, -5.81938599, -5.93428982, -6.17851532,
       -6.42074439, -6.35382373, -7.1577286 , -7.03071868, -5.88587623,
       -6.4916119 , -5.18910007, -5.07215716, -6.0966886 , -5.8289011 ,
       -6.12061545, -6.50656309]), array([-5.94426965, -6.51474881, -5.26705309, -5.40132027, -4.93356924,
       -5.75330538, -6.63423909, -5.90388228, -5.88744429, -6.0693    ,
       -5.43501693, -5.76974666, -5.177568  , -5.29988278, -4.98359426,
       -5.26589666, -6.61970581, -6.73394328, -6.83624328, -6.0553    ,
       -5.67096751, -6.79813909, -5.91925309, -5.6464522 , -6.3482409 ,
       -5.92826057, -6.20229259, -6.56164365, -5.4877    , -6.95922726,
       -7.04530659, -6.77102807, -5.94045922, -6.09067844, -6.24754468,
       -6.10139359, -5.84525452, -5.75052918, -5.70685978, -5.76258355,
       -5.93077797, -5.93356151, -5.84854929, -5.72036185, -5.65857511,
       -5.7744    , -5.71891057, -6.24910959, -5.87696265, -6.03755331,
       -6.37046531, -6.95935154, -6.59818896, -6.10083512, -5.92464091,
       -5.74654451, -5.65578909, -5.79290083, -5.72091185, -6.04746612,
       -6.0828608 , -5.82322454, -5.72289939, -5.90553814, -5.70615806,
       -5.71745   , -6.26368566, -6.24820922, -5.98754939, -5.8722661 ,
       -5.99857855, -5.6264967 , -6.388026  , -6.06625452, -5.69467593,
       -5.98520492, -6.08177526, -5.71814365, -6.01357845, -5.7836967 ,
       -6.12388886, -6.20864604, -5.65396057, -5.88109665, -5.86078465,
       -6.43016844, -5.7433397 , -5.61925   , -5.66485   , -5.79936912,
       -5.71843579, -5.30626981, -4.47539332, -4.96795812, -4.67407258,
       -4.71928777, -4.55450692, -4.69978667, -4.08097215, -4.35699426,
       -5.0687487 , -5.26144401, -5.03932337, -4.55837002, -4.76154095,
       -5.16730987, -5.76705768, -5.80318931, -5.53113638, -5.3949511 ,
       -5.37465   , -5.89525456, -6.03062603, -4.80150578, -7.25674654,
       -6.89751478, -7.1725897 , -7.35133872, -6.87331515, -6.72823379,
       -6.8121709 , -7.00442419, -5.93878952, -7.11405684, -5.72189285,
       -5.68126185, -7.33429193, -6.13013359, -7.28835757, -7.22417577,
       -5.97710418, -6.47151741, -5.80594609, -7.09399595, -6.66080418,
       -6.19635848, -6.44043763, -7.03661607, -6.39687108, -7.04043062,
       -5.8703    , -6.5857373 , -7.23460819, -6.07620098, -7.26089637,
       -5.70290995, -6.21908935, -6.85323467, -5.80405   , -7.3942897 ,
       -5.85598201, -6.82020419, -7.42544902, -7.38863872, -6.62644838,
       -7.18802305, -6.62194939, -6.46411674, -7.16637606, -7.08908607,
       -6.93388018, -7.20538411, -6.66260665, -6.55333909, -7.20251449,
       -7.20745524, -6.78826539, -6.97326873, -7.4363    , -6.99014117,
       -6.00296247, -6.28762278, -5.89026339, -6.47509422, -7.11645757,
       -6.01687256, -5.77376183, -5.5224    , -6.35513626, -6.05737792,
       -6.22785922, -6.37656949, -5.58415   , -6.55811618, -6.3137712 ,
       -6.07026678, -6.5510385 , -6.10301546, -5.99285726, -6.10904972,
       -6.62049965, -6.14608092, -6.32473097, -6.19974301, -6.91253908,
       -6.50050198, -6.3935832 , -6.52506152, -5.6295    , -5.55692577,
       -5.82054609, -6.19184487, -6.13886185, -5.65327608, -6.63632928,
       -6.42622228, -6.60442668, -5.94348205, -5.80078588, -5.73254304,
       -5.9825    , -5.9352903 , -6.6390509 , -7.10487832, -6.67897238,
       -7.0136058 , -6.38860957, -6.77833638, -6.75371798, -6.49924642,
       -5.98519219, -5.98642216, -6.08288359, -6.36713935, -6.32982164,
       -6.30593359, -5.90596034, -6.02413909, -6.76696616, -7.21647242,
       -7.16113734, -6.96832491, -7.09898054, -7.10931796, -6.71884061,
       -6.30753911, -6.72311073, -5.81559345, -6.01048057, -6.20837781,
       -6.39738718, -6.29977314, -7.12587318, -7.0537755 , -5.89701482,
       -6.57759711, -5.14977443, -4.94821825, -6.02420959, -5.89084365,
       -6.07362972, -6.6416694 ])]","[-5.91256537 -6.57707868 -5.40274053 -5.3762576  -4.98756927 -5.73330415
 -6.60977716 -5.85636419 -5.95208114 -6.19667009 -5.26868849 -5.7300008
 -5.31222463 -5.22976843 -5.12095091 -5.36220857 -6.65226889 -6.74573173
 -6.80100834 -6.03680464 -5.69632728 -6.7729413  -6.17324941 -5.62228762
 -6.33837369 -5.94265689 -6.24747451 -6.38608718 -5.49444    -6.92433212
 -7.09561586 -6.75619008 -5.94455722 -6.05649255 -6.27042711 -6.04364346
 -5.79669132 -5.74745563 -5.72745934 -5.76651756 -5.90429151 -5.97993856
 -5.81893171 -5.69456938 -5.66069848 -5.84391165 -5.75398695 -6.29509287
 -5.90381552 -6.06602782 -6.36035929 -6.93517821 -6.58634597 -6.06181526
 -5.92527183 -5.79126808 -5.67807691 -5.77573326 -5.71264027 -6.07537538
 -6.07809316 -5.80907656 -5.74421061 -5.87111319 -5.71430973 -5.72343112
 -6.16538019 -6.26142965 -5.96299322 -5.86035046 -6.01093036 -5.60858118
 -6.32033239 -6.11615384 -5.70148406 -6.05997787 -6.03776818 -5.73037137
 -6.0439735  -5.76542426 -6.17117145 -6.19406541 -5.6590681  -5.84659375
 -5.79505185 -6.42170568 -5.76750693 -5.60014422 -5.6903759  -5.84095168
 -5.6960219  -5.29787473 -4.48917083 -4.84047119 -4.67553419 -4.81249624
 -4.36404501 -4.76462833 -3.95080208 -4.40163926 -5.05159957 -5.26197452
 -5.03158754 -4.60862743 -4.78233325 -5.15892369 -5.72046693 -5.83023421
 -5.47216494 -5.34975119 -5.35024288 -5.85866963 -6.1603558  -4.98879964
 -7.23279038 -6.93295877 -7.08230479 -7.31344729 -6.85298683 -6.76378808
 -6.81670743 -6.93371949 -5.9946402  -7.117588   -5.74620845 -5.58980499
 -7.27935108 -6.1351644  -7.27249003 -7.22477029 -5.99999692 -6.5768152
 -5.83743044 -7.18820798 -6.63931158 -6.127354   -6.46339255 -7.10872976
 -6.35019192 -7.05751522 -5.7974553  -6.5766548  -7.1387785  -6.12029666
 -7.24025657 -5.79365988 -6.26305471 -6.897679   -5.86001412 -7.3387127
 -5.89073787 -6.93748706 -7.41046735 -7.37695195 -6.76385697 -7.26228281
 -6.69061773 -6.50767355 -7.14353976 -7.09111873 -7.0051614  -7.21523001
 -6.69220271 -6.52855354 -7.13032702 -7.1771948  -6.79292193 -6.96662549
 -7.33682622 -7.06397542 -6.08196142 -6.23672808 -5.87068123 -6.39366428
 -7.03149189 -6.08069824 -5.87602544 -5.60846748 -6.3765609  -6.0070372
 -6.16878624 -6.45560137 -5.56359152 -6.62234692 -6.35886903 -6.11247351
 -6.57434182 -6.10204756 -6.00280466 -6.11979856 -6.59644294 -6.19623102
 -6.38491285 -6.20152628 -6.9202129  -6.54914384 -6.42092384 -6.49609289
 -5.63340668 -5.55858525 -5.84044308 -6.14543297 -6.12546512 -5.75105185
 -6.58256261 -6.4148047  -6.53801163 -6.0471876  -5.76801463 -5.67710208
 -5.93099981 -5.96858571 -6.73976667 -7.13169158 -6.68406991 -7.03275125
 -6.36946227 -6.78338363 -6.75605041 -6.50443274 -5.9325296  -5.93120889
 -6.12650233 -6.35495224 -6.33344579 -6.28000591 -5.8676678  -6.0335106
 -6.76060942 -7.21312439 -7.13585264 -6.9999382  -7.09705948 -7.11851573
 -6.77218228 -6.30387334 -6.7166729  -5.8221859  -6.03599306 -6.17781843
 -6.39653226 -6.3295483  -7.14217592 -7.08245988 -5.9212359  -6.51018613
 -5.16778905 -4.99976525 -6.07465891 -5.87016785 -6.06814627 -6.5819379 ]","[0.06762522 0.03293598 0.06906356 0.05391983 0.04443229 0.04936496
 0.03405504 0.16839094 0.09430044 0.14192132 0.13654353 0.02574846
 0.07531846 0.05509917 0.07649585 0.06201737 0.06545888 0.08330284
 0.03687454 0.05943523 0.04700652 0.05163653 0.12879341 0.07488491
 0.08542326 0.06163484 0.03422646 0.13447403 0.02148447 0.05282675
 0.03631403 0.07791988 0.02387784 0.03990987 0.0388324  0.04710864
 0.02752105 0.02663332 0.02919316 0.0307582  0.04126436 0.05143122
 0.02905691 0.02618626 0.09966125 0.03983258 0.02828521 0.07279521
 0.0191483  0.06181203 0.07041972 0.02059187 0.08684829 0.03547751
 0.01744942 0.0408753  0.02123639 0.0336885  0.01684528 0.05554677
 0.04177669 0.03817768 0.01886334 0.0744758  0.01657387 0.02473488
 0.0561708  0.0369839  0.09497704 0.01893208 0.02503499 0.02308159
 0.06419423 0.0354627  0.0375326  0.04620498 0.0510925  0.01575213
 0.03295236 0.03124462 0.04120241 0.04242151 0.02685984 0.04396561
 0.05173985 0.03076136 0.04230671 0.01201634 0.03179127 0.03516954
 0.03556796 0.08333359 0.11250455 0.08964261 0.08314556 0.17602647
 0.13561646 0.15760607 0.08818604 0.16771537 0.06240165 0.07560774
 0.10842804 0.03582237 0.03337128 0.02497332 0.05101818 0.04698218
 0.08433577 0.03783766 0.02878077 0.08147092 0.07157897 0.10961798
 0.0239449  0.05476671 0.06581221 0.03408907 0.05646686 0.03628717
 0.07026741 0.04505949 0.06088    0.02394859 0.01324273 0.05296073
 0.03673288 0.03483821 0.02861581 0.04399061 0.05141031 0.06186181
 0.02900483 0.06516366 0.025047   0.0440772  0.08046113 0.05346115
 0.07527859 0.08562647 0.05653783 0.02038519 0.06260628 0.03065386
 0.02065166 0.04747898 0.05201349 0.03870945 0.03700709 0.0300458
 0.09168687 0.07812503 0.04884218 0.01342102 0.07117575 0.06243839
 0.08190697 0.06034121 0.01482353 0.03297862 0.09719392 0.08047411
 0.04221815 0.08818386 0.10326574 0.07514616 0.03034607 0.06978171
 0.05308982 0.07385071 0.0568115  0.03933126 0.03518558 0.04713172
 0.06430681 0.05972709 0.07504862 0.05549058 0.05727061 0.03405232
 0.05834796 0.07317507 0.04218229 0.09809303 0.06648509 0.08670193
 0.04477535 0.03288085 0.05739145 0.03542949 0.09201247 0.0597302
 0.08869579 0.0641504  0.03328345 0.06191161 0.02357971 0.02451549
 0.02731062 0.06568856 0.04936715 0.03570186 0.05188314 0.07339975
 0.03067569 0.0694851  0.04639544 0.06188705 0.01924026 0.03010689
 0.09658664 0.0260486  0.09029231 0.01590758 0.07180367 0.01235283
 0.01877636 0.06870188 0.02515971 0.03452384 0.09810854 0.07189899
 0.05214419 0.05161675 0.0170515  0.0598205  0.04463383 0.03659904
 0.05688945 0.04662623 0.02219136 0.03016991 0.02491028 0.0308601
 0.05600737 0.08368048 0.04273304 0.05122713 0.05740422 0.03023183
 0.01505203 0.02574999 0.01564294 0.04282734 0.02973615 0.04224288
 0.04986286 0.05039541 0.0438168  0.03220114 0.03827272 0.0604919 ]"
3,GradientBoostingRegressor,"[-5.915346257039181, -6.219013605981279, -6.783252889632804, -5.879786353696536, -6.694350623836587, -5.6080247033835375, -5.180182985744529, -6.883156542902757, -6.573865642875026, -5.913478221760085, -5.715884168473803, -5.107396372390347, -5.416847860554228, -5.240591060119802, -6.757414993064568, -7.22207217405135, -5.576892667965889, -5.5390476744040065, -5.454572963486419, -6.704758205789298, -6.14774967041572, -7.155423315306304, -6.990069002520977, -7.300882968048217, -7.158531424169246, -6.564693758353436, -6.617515264299583, -6.067339445288284, -6.815927094512156, -6.766184076110328, -6.413711569112476, -6.503371147472258, -6.575273272882171, -5.635969427408354, -5.967860227176461, -5.591705746930453, -6.137842947767833, -5.790547632725435, -5.859367288200942, -7.053834891975247, -5.8015109461188255, -6.427063006777781, -5.839642550008183, -6.646039407448819, -6.941686386283815, -7.109494922139116, -7.332478021381674, -5.657390797699412, -5.770572662235055, -5.289655328825747, -5.707767926245312, -5.544507215662149, -5.772795379278801, -5.725282723878807, -5.594268995418815, -5.974638758566427, -5.65653455933003, -5.98342653527423, -5.838574408422585, -5.68913624765325, -5.729579355002006, -5.714164034172109, -6.028202703683244, -5.6666107095568465, -5.521220859176992, -6.112294696708901, -6.25110945597084, -5.650837047498858, -5.711564637609018, -6.124256751271559, -6.121726304830387, -5.838655135453741, -5.976647011835298, -5.704363515761383, -5.406793551572573, -5.370808155271414, -5.252921674937465, -4.408361091532933, -4.7331471165344166, -4.270256005580562, -4.687657102787644, -4.403198751585572, -5.150186047923587, -4.85979581929517, -5.097055018669893, -5.3087826455028555, -5.029088839483164, -5.183279727349849, -5.720640581111068, -6.513806375663086, -6.29367217551073, -4.922822649151195, -5.894948022544295, -5.842377250305687, -6.019309742824321, -6.37075037175394, -7.283121945958316, -7.299297240424352, -7.328948307394537, -6.62279748086539, -7.181535251325035, -7.203612595188281, -5.609221367666054, -7.358843789657688, -6.933927211509264, -7.098989451863516, -7.307592836258872, -6.190500694572478, -6.879970574564448, -7.131955871101207, -6.648061307089706, -7.197506492089047, -6.687608890360014, -6.682026933165604, -7.034595787732012, -7.1313907335806785, -7.175679564834873, -6.35228663384678, -6.9707023811654665, -6.19948339774401, -6.334831830571827, -7.098063154555938, -7.478620174414685, -7.300418541641277, -7.422875793786497, -7.211098939986116, -7.3052486506396095, -7.284177968798731, -6.132977087175292, -6.974671470117692, -7.462018482535174, -5.71877562456614, -7.283739146500979, -5.9676499450158, -6.586706723225332, -7.095690552659949, -7.318100513539062, -6.878221576225597, -6.999601138023768, -5.411280782386578, -6.303432630075961, -6.359313457179858, -7.152135968409622, -5.917410334124119, -6.791220560230104, -7.131338210286242, -6.5989548942207, -5.763375802618759, -6.3615352276825785, -5.6639724168596794, -5.841338095703317, -6.928484064907002, -6.132637882074577, -6.34063342610316, -6.068066308534275, -5.602470928586282, -5.929580027574172, -7.011314185160745, -7.135407939067752, -7.3359325239966715, -6.072885994653348, -6.573348825460581, -5.920657089177508, -6.315040863025529, -6.433052568989805, -6.048355784745997, -6.184713834713051, -6.486064332520052, -6.5043909594714, -6.640774136225146, -5.832500363602561, -6.626295824522195, -5.753714841591984, -7.080755338952614, -6.499068698404237, -5.911965519820731, -7.0899671840508, -7.1280772790899345, -5.595535228650074, -6.03309449033904, -5.86227803549008, -7.124359226820329, -6.087851183869962, -6.180799903043708, -5.895700425966373, -7.296209514563596, -7.154295445405308, -6.5292864080086925, -5.755138714241105, -6.060603478728841, -5.902852742389525, -5.954420499205485, -6.62580724889331, -6.381909406532058, -6.229571802649462, -5.773869003261337, -6.227978866814031, -6.105138493949893, -5.9081139687320885, -5.813168644158661, -6.0243544728296206, -7.126632538312923, -5.80544982229923, -6.420434749481595, -5.487064748715247, -4.982900047647074, -5.569485129250483, -5.609145572319384, -5.726255908811019, -5.438988793911448, -6.8393045352546205, -5.814990927823625, -5.391506105683695, -5.227659661106882, -6.700440105227368, -6.036775763419788, -5.883769674018336, -5.226426381178713, -6.959429927693843, -5.7777421358363155, -5.7080591517701595, -5.899309442104074, -5.723721351263817, -6.952093451105488, -6.930503860731092, -6.691883927404267, -6.873872527383107, -7.032759124850662, -6.348690945961522, -6.5732680182732794, -5.871474568221199, -5.99476417735353, -5.6816826620473435, -5.956512500694483, -5.778797244289924, -5.760452596199581, -5.862923469246824, -5.5505396713521415, -5.563290338850288, -5.855116962764429, -5.8159200365607, -5.672343478477226, -6.299564848207421, -5.695335534306413, -5.91082050789894, -5.937080702673821, -5.92398714335898, -6.808507772812696, -6.417745677528966, -5.808465873228459, -5.706496761473374, -5.643937838014759, -5.961244591647889, -5.380880122043063, -5.83622597196563, -5.673841147375207, -5.921333056828357, -5.659686176389111, -5.6319292057481585, -5.746101536655984, -5.802172329384842, -5.602533094585764, -5.50471459331963, -5.76602667349341, -5.876675630418133, -5.83518583018538, -5.651855557119499, -5.614614509001925, -6.374896003190821, -5.7358728388035125, -5.586072509751451, -6.091976743478869, -6.6001343566116955, -5.622229422221368, -5.922364352555953, -4.217554154272164, -5.133816353848209, -5.115225084530385, -5.020306741775345, -4.464849169802059, -4.958624992642169, -4.978689859216505, -5.059067967881677, -5.459756315603928, -5.70448662657845, -5.879466782655142, -5.382631204765025, -4.8802453211572665, -5.974341707254837, -4.710772860672637, -6.853319453783016, -6.98011118589908, -7.233882092281847, -7.263122127295069, -7.203306817593373, -6.2463018134932815, -6.211411796723269, -6.073749482415161, -7.2275626504970365, -7.012968287392206, -7.263586782969196, -6.86052737994253, -7.1499672957233695, -6.122232097209202, -7.196262609100194, -6.355648989569503, -6.280936128402168, -7.039892391701204, -6.86129927397023, -6.594060173905739, -6.364471582204374, -6.252449007225688, -6.307005717486644, -7.344559201404048, -6.54621613479427, -7.058532024816733, -7.19404239145747, -6.864702641866225, -7.229111247942305, -6.805742237727932, -7.191899823070871, -7.266539037942156, -5.79895759448715, -7.158127875481912, -7.279733753133697, -6.868794911998184, -7.050712613618696, -7.146722230452336, -6.531693673014807, -7.178953470826912, -7.161230229595106, -6.733790165189578, -6.679448778112852, -6.945357641887698, -7.541629821910449, -6.469365315743223, -6.289405669094218, -5.618488045471857, -6.154608154077849, -6.113287271788136, -6.534062592088734, -6.832354641251792, -6.660018678096444, -6.38118328769241, -5.928102080545608, -6.426753487439015, -5.877018298368747, -6.927407222870221, -6.69213075602965, -7.211579573076822, -6.275546881043938, -6.3633654478084045, -6.214893516907893, -6.993328247388474, -6.366836703637649, -5.635827108638516, -6.502865553315861, -6.9039842184743145, -5.968193178312518, -5.72943393339467, -5.717465558007916, -6.36194357577806, -6.499926233090274, -6.291404809522646, -6.005162624039547, -5.884940988222398, -5.979989677908242, -6.206917693987149, -6.055467876007412, -5.793139389085562, -6.295741100765131, -6.0670689173492995, -6.957634681055234, -6.6167167951445744, -6.132273385852296, -6.109681835392751, -6.986212717259984, -6.036266127632427, -7.044740399356567, -6.128962293430211, -5.74281703771751, -5.784551165358971, -5.855589348672956, -6.344476965491565, -6.526104568975368, -5.910262103274411, -5.822313729365088, -4.994678264888606, -4.884036341656701, -4.913728851020858, -5.769412168723327, -6.038049518544582, -6.2621599815544196, -5.926790865734489, -5.7157829633789925, -5.941630720081894, -5.6550165509156205, -6.052285384672396, -5.82523488756581, -5.520714612034757, -7.2088932805604395, -5.882729979236032, -6.271437285061326, -5.720837173878493, -5.0715099888234825, -5.497361285419384, -6.6255938492687685, -5.903186565672693, -5.446830516708335, -5.3072041737482225, -6.167514320059969, -5.479668798911547, -6.712316389127257, -6.864290364140941, -6.134942853555316, -6.102281883103088, -6.778945697545019, -6.794193614077478, -6.932941050683366, -5.423144160959532, -6.9376627414254, -5.647829681304042, -6.267424700521359, -5.962714244587994, -7.270533035407355, -7.530227006920747, -7.280501747154768, -7.480260023636143, -6.882501017996107, -5.9737206539412755, -6.174086256171724, -5.611703559120717, -5.7653508124880375, -5.847268625993608, -5.964935012202388, -5.752793976127621, -5.6823711722565795, -5.951417849533704, -5.7083077293094355, -5.682281814761597, -5.851610116780988, -6.101450150204135, -5.889700374878508, -5.837781524027421, -6.797963136217809, -5.7128693981837095, -6.842097979648295, -6.848891641907345, -7.257186484820461, -7.008407845347795, -5.222791619434035, -5.809484268337537, -5.973796075433855, -5.9264401618761395, -5.6960403410331555, -5.662224639551168, -5.57469892475119, -5.421678104661666, -5.487585651155395, -6.243519327340964, -5.689683623939006, -6.062545815441762, -5.574748073316505, -5.687325034105687, -6.099408993529913, -5.69474059211268, -5.667222735458639, -5.67861500820729, -5.620975467515409, -5.679659677007334, -6.516898979620354, -5.991185200645184, -5.976816454240867, -5.615582059105041, -5.663068960776571, -5.637317304609395, -5.908141328205433, -6.384866253512562, -5.710673968234191, -5.687749789105034, -5.7602055422912155, -6.060832622653734, -4.10795011076217, -4.534625012761273, -5.094111053444583, -5.305328205382317, -4.163791560865895, -3.6512778708283844, -4.947752974206467, -4.891749906882094, -4.753217763907284, -4.9708223836262455, -5.1836819543837045, -5.966703663875702, -4.910992906912878, -5.5702819590653245, -5.463733879718909, -4.863629624266978, -5.606143792443859, -5.056233795678274, -5.104504909811382, -5.362883921933832, -6.546737682768709, -5.3036297475728835, -7.244269921223654, -6.3485949657445175, -6.81550068495265, -6.423887939046907, -6.5937669237900876, -7.046108635504055, -6.747440268981884, -6.4317976503788765, -7.283467455024771, -7.19372456851471, -6.005770823159216, -7.247315686884723, -7.466191129603938, -5.726792817176157, -6.050727695770827, -7.201451025781427, -7.098726925981783, -6.998105692786738, -7.065551259433444, -7.207454433904233, -7.2327001290292525, -6.098662837599265, -7.157784821660554, -7.256320738333908, -7.306410039903715, -7.019418114563854, -6.1143495950295685, -7.106016214036893, -6.647201877330696, -7.089076017775798, -6.358558782467312, -6.994328116737781, -6.225848099986313, -6.987966833991935, -7.238959387198743, -6.361713288335142, -6.087161692810727, -7.134998136980604, -5.786263584028485, -7.073189804554497, -5.676444039382396, -7.399136936607113, -7.1489926101915025, -7.315842586913546, -6.29061200110698, -6.130701409720187, -6.366597681192241, -7.355281094954329, -7.026605721524518, -7.218857608892999, -7.038061715266352, -6.195522279887686, -6.302055924493737, -7.001191455876017, -5.862501533490609, -7.095202458413627, -7.195881212384613, -5.804831503142232, -5.6602954409326145, -5.568103778210357, -6.619068502409615, -6.928787834085049, -6.039028337565029, -6.410155052721499, -5.732320842056762, -5.6430626430247655, -6.708067809210964, -6.4363971581312045, -6.393188015047189, -6.796467872360019, -6.442319940633555, -6.329617395859001, -5.787793271840495, -5.9793248321487695, -6.74635490503112, -7.106985295718766, -5.7184689330267835, -6.293923679217295, -6.340187863958984, -6.482728103520003, -5.908610940429155, -7.1305403624162595, -7.195480039720785, -7.026702557802661, -7.018396737084305, -6.113031266409953, -6.095274559985025, -5.780442238938083, -5.867576126002789, -6.534527206454299, -6.137522464378126, -6.459541226564536, -6.284125371191908, -5.110585179826076, -5.3529582027098375, -6.386404054877972, -5.792599086648694, -5.840960053937382, -5.782917070125272, -5.746883974989927, -5.999192340891094, -5.791579278401947, -5.019577873407212, -4.943068351060606, -4.702328730436502, -6.7832464765447815, -5.6022744388937555, -5.2616315214993925, -5.11609357010858, -4.858751755568989, -6.423509829931222, -5.018968496236958, -5.359903432422765, -5.07419065522237, -5.700655115731455, -7.062795006435144, -5.73050163516782, -6.311607782983653, -5.826715283000843, -5.808792988900107, -5.432529505216091, -6.357189725795749, -6.891916178523127, -6.133455024780638, -7.399236210158167, -6.959330537837784, -6.92692920917331, -6.526241945582232, -6.498580768412735, -6.412656803856895, -5.962165348214118, -6.167517564991656, -6.081621881024436, -5.603657094635912, -5.960313068261372, -5.8954290257137325, -5.741520043875696, -5.630175860201813, -5.822526930454045, -5.747275292007944, -5.567172088558512, -5.785376459404495, -6.325667010674271, -6.2660390600250535, -6.526689645223294, -5.846365295624914, -5.959079430085537, -6.2804143747998, -5.713733322133005, -5.86045856511392, -5.557700088613283, -5.801878389564863, -5.654916303170701, -5.732842021008671, -5.745593891515167, -5.759548901684192, -5.746607657990453, -5.719835362375415, -5.969333327269919, -5.889486336026538, -5.945160409605677, -6.446453764523001, -5.689747705585653, -6.015141529679455, -5.9943230130510505, -6.055798696639288, -5.891967067933441, -4.97338431461401, -4.722419644368233, -4.74658677791403, -4.200627487301673, -3.788499945040169, -5.356245007115483, -5.285826238947693, -5.050562531923929, -4.902783741941803, -5.067575871255536, -5.027838646924265, -5.003085835420635, -5.145396368970844, -5.138962834713757, -4.964341423301276, -5.667720702987108, -5.318658555455568, -5.170935639460182, -5.171715191945133, -6.189460077866684, -5.409287749735412, -5.292207076998847, -5.334648768640281, -5.210612559135795, -7.08081369493601, -7.179424463125033, -6.7620269790761895, -6.4441055853098295, -7.090345361964218, -6.292830001953304, -5.91439602638863, -7.116854701968635, -7.193164906123532, -5.6414585406355044, -7.32599910343948, -5.673098251152866, -6.02005860794133, -6.389865768803746, -6.552468209961277, -6.501942962511914, -5.655654050626694, -5.81117532163498, -7.128038625759593, -6.544260779328272, -7.000191727669348, -7.319976209527646, -7.361973154689349, -6.29008639472114, -6.012986964900176, -7.1936266148428984, -7.2339945815576465, -7.1936266148428984, -6.0977541263652295, -7.28554398427322, -5.6719669916091355, -7.173690502424327, -6.090464831206744, -6.974493039696867, -6.052391264812288, -7.155476232973491, -7.193483323643264, -7.371646325451417, -6.974520552493627, -7.391667235502104, -7.108415386913025, -7.086625725965757, -6.900728752739248, -5.75886517442959, -6.810954333813945, -7.383945837821461, -6.070769068040742, -7.187784649964507, -7.238035112791346, -6.043737125881401, -6.2688905293284405, -7.002880807435672, -6.461802545048325, -7.108326372850262, -5.731842014275143, -5.660949659933433, -5.970577197190345, -5.900675597436817, -5.606981295424873, -5.687463553621194, -5.5947628292299605, -5.660750427399393, -6.6110505970361935, -6.552896693205877, -6.547435017668882, -6.5573229671396955, -5.676888873095922, -5.98269445693404, -6.170968405740151, -6.477180257149523, -6.296108021866493, -5.530999250609216, -6.1166665663588065, -6.115490765778978, -5.844029523511464, -5.897779379730772, -5.890254763606008, -5.7637822171432305, -6.185213924916278, -6.3123192430487, -6.6684398276795, -6.110129385813636, -6.889054432166419, -6.818368478194634, -6.013394824690663, -6.998851521394126, -7.027999410736321, -6.262994721105205, -6.322595861310607, -5.730676096470191, -6.033624173293745, -6.823856338992894, -7.076287805293275, -7.0307495468141, -6.875657316765497, -6.259120942524346, -6.178185336855389, -6.033075849009136, -6.317212713531971, -6.322511004459111, -6.943789285104119, -7.158124169247134, -5.559438767021797, -6.07532411315577, -5.274929946357868, -6.281344797231623, -5.925828498703889, -5.631918478652498, -7.26116382351691, -5.744678569933795, -6.7147599826194115, -5.966700693041173, -5.553612523409657, -5.583480832906495, -6.789585861622019, -5.429734573808359, -5.017089055849756, -4.961216947944574, -5.4051311566573075, -5.618501073869811, -6.743836374825806, -6.73325689644549, -6.9400754285262725, -6.3633756128781815, -7.049987437008966, -7.165236968051345, -7.267314581260602, -5.8570118355241165, -6.072060795735682, -6.361465271042073, -5.865488209123501, -5.450113570221338, -6.970179748162633, -6.837505072876007, -7.45729809283612, -7.1876243185142386, -7.429810747727861, -6.074394008969315, -6.213544726663033, -6.486454062323855, -6.593011735237562, -5.932984248968133, -5.8999058915358304, -6.850643923239574, -7.142533279456828, -7.248778730325419, -7.2871084728770565, -6.028186632395227, -5.746052792901014, -5.976085718873208, -6.143204548093406, -5.759829685522891, -5.732458222623094, -5.7203288663053895, -5.875882291501114, -5.695674023689864, -5.6576357583113435, -5.7441977885687345, -5.537733291681711, -5.711506534260517, -5.776507282974492, -5.7721748822774686, -5.586891392601704, -5.816708798402884, -6.26272138191059, -5.80074813295051, -5.647972944578114, -6.007755954691852, -5.956198026650434, -6.032079206632744, -5.909026679343673, -6.078184968442591, -5.994281928094008, -5.746675911767363, -5.892150651213019, -6.209596413111502, -6.103954725137465, -5.401931033167038, -5.557012287202108, -4.402948021458138, -4.989997216318123, -4.889776929921435, -5.31497025321485, -5.428644003032435, -4.094709466063663, -3.905500452954611, -4.939561006254954, -4.673991592623574, -4.842937151987849, -4.982325576073713, -5.310665595400745, -4.93678442645206, -5.182652362411937, -6.066794237059418, -5.876823552625001, -5.033904718068003, -5.4945048448519875, -5.611843423468703, -6.203968148021994, -4.886534066244014, -7.236366870242626, -7.110864237230495, -7.224170445367995, -7.3887615887362585, -7.068210881731237, -5.560895832000834, -6.782913453696693, -5.871663656155747, -6.603876858079069, -6.191299281352854, -6.578859004114003, -7.0362824266367685, -7.212174791057726, -5.686509393753876, -7.398081743540366, -7.29572804057054, -7.385457670936893, -6.624987858707511, -7.108640448894804, -7.404578067526626, -6.821388816550451, -6.0355322426897136, -6.214939223893466, -6.877041063488444, -7.199537479632412, -5.6413160995662075, -6.881759970420213, -7.285723926954412, -6.370533270532067, -7.255874677944927, -7.0785907020220185, -7.003848530763835, -6.522041229832454, -7.167835934935716, -7.346376888685135, -7.495940090183402, -7.104162402861129, -6.893071803711627, -7.174724767845672, -5.946469633019958, -6.583181167149195, -7.124214093756263, -7.186553350390862, -6.844170364202257, -7.0756225720974415, -7.179857031949731, -7.151515386530675, -5.800407401938948, -6.044984926800672, -7.35732372018271, -6.925858086137309, -7.00011754491088, -7.215119183121327, -7.403037312496274, -6.329755457170251, -5.57200791909873, -6.766980417645885, -6.128554466953891, -6.096905778780175, -5.7375305624857305, -6.580453593586546, -5.60915135600961, -6.679504208620315, -6.055462064688903, -6.971878542399175, -6.159610635096047, -5.64476145565034, -6.712901524666951, -6.772418427259745, -5.752976307656491, -5.8278905601666136, -6.01947678307516, -6.0558147780559635, -5.9798176550619875, -6.647183821434653, -6.10345635500385, -6.10017739219969, -6.176766836171398, -6.879803945530612, -7.182388166577275, -6.33433412966845, -6.925602466586483, -7.043206807080302, -6.595001672376823, -6.5664899390797355, -6.867220472615401, -6.4779856970361145, -6.452088840398174, -5.816772829938079, -7.187405248896614, -7.095839209717123, -7.2605095806206785, -6.7160263729723875, -6.201432855583464, -5.980784886335691, -5.767068051223718, -5.862374573871636, -6.045451328435683, -6.5157187980336495, -6.045044479422951, -6.2548552880794634, -7.101886230994962, -5.674869672264978, -5.588124616491811, -4.933214185889953, -5.800373821113561, -5.916464124842577, -5.57016816210519, -5.962011688845161, -5.529228580661678, -6.3385935997361145, -6.0541416253467455]","0     -6.440000
1     -6.400000
2     -5.660000
3     -6.700000
4     -4.670000
         ...   
247   -4.844664
248   -5.800000
249   -5.960000
250   -5.520000
251   -5.740000
Name: Permeability, Length: 252, dtype: float64","[array([-6.18413975, -6.56642241, -5.34283212, -5.21819378, -4.79502148,
       -5.763554  , -6.78021363, -5.87182227, -5.80531394, -6.06686491,
       -5.19081223, -5.88971993, -5.20420079, -5.29884015, -4.98654406,
       -5.36676337, -6.56546942, -6.647077  , -6.60095177, -5.93341788,
       -5.70912862, -6.65263106, -6.22251216, -5.18020721, -6.26745799,
       -5.99380778, -6.16584739, -6.3219303 , -5.54966708, -7.32955036,
       -7.13290362, -6.76114229, -5.97767394, -6.14882494, -6.27692967,
       -5.94108786, -5.90483694, -5.82203872, -5.75700962, -5.67771147,
       -5.79224689, -6.08475049, -5.80938749, -5.70538387, -5.61581374,
       -5.91831097, -5.58695652, -6.33971416, -5.78511181, -6.00161036,
       -6.35366907, -7.09331914, -6.33856758, -6.24147675, -5.85396435,
       -5.85159092, -5.69700603, -5.72001112, -5.65556393, -6.07586396,
       -5.96905626, -5.73401247, -5.69011481, -5.84397031, -5.58025458,
       -5.74092319, -6.16129584, -6.37091669, -6.08947992, -5.76063047,
       -6.00161153, -5.70770417, -6.44938317, -6.2042859 , -5.67344682,
       -6.29010095, -5.966184  , -5.77563769, -5.8862992 , -5.52122086,
       -6.39152517, -6.16910929, -5.66883127, -5.79574749, -5.90487897,
       -6.24834886, -5.78058497, -5.60121841, -5.72780898, -5.82832289,
       -5.80528726, -5.30097581, -4.73892179, -4.5868793 , -4.65542855,
       -5.22002509, -4.28925758, -5.14002025, -3.93328942, -4.87073869,
       -4.84612642, -5.15105143, -4.94289916, -4.67325443, -4.86614037,
       -5.17085056, -5.61045111, -5.85815041, -5.40064929, -5.2422646 ,
       -5.37395478, -5.98053064, -6.20368122, -5.04368195, -7.2638707 ,
       -7.15419777, -7.29138192, -7.27262563, -6.91908227, -6.71605791,
       -6.62955668, -7.06582925, -5.8980902 , -7.24552734, -5.73065952,
       -5.55245973, -7.34301932, -5.99150335, -7.05284247, -7.25645499,
       -5.95687698, -6.63365734, -5.88765984, -7.23919691, -6.49435248,
       -5.97028318, -6.38161656, -7.04027163, -6.31908835, -7.15321388,
       -5.69237619, -6.54163165, -7.20624822, -6.30037514, -7.12484641,
       -5.73769069, -6.29734042, -6.61096812, -5.71999327, -7.46171571,
       -5.74334821, -6.95299502, -7.33673846, -7.43838924, -6.97304223,
       -7.34376079, -6.63061946, -6.41258485, -7.18366001, -7.00887464,
       -6.93884619, -7.3475075 , -7.04754671, -6.46516019, -6.91262285,
       -7.17599259, -6.70049794, -6.84442027, -7.23626707, -7.17686981,
       -6.02152874, -6.69878647, -5.99527089, -6.17684876, -7.01116302,
       -6.1926754 , -5.66010152, -5.68128631, -6.41109976, -5.92126942,
       -6.20388002, -6.63549828, -5.57423013, -6.41213178, -6.07529978,
       -6.3661716 , -6.57012401, -6.03702996, -5.90328562, -6.07654957,
       -7.05526746, -6.22573701, -6.45239965, -6.16235433, -6.75778722,
       -6.80179277, -6.30050272, -6.50722344, -5.56149665, -5.54352994,
       -5.88765984, -5.94385739, -6.09395324, -5.71588948, -6.58831974,
       -6.66999703, -6.43727777, -6.16073492, -5.74514489, -5.57053795,
       -5.90544595, -5.96647113, -6.87381573, -7.17147869, -6.47774456,
       -7.10219623, -6.32331677, -6.7613875 , -6.76586314, -6.4820868 ,
       -5.85826703, -6.15389883, -6.11756013, -6.28881765, -6.34827267,
       -6.21644451, -5.87627077, -5.89576147, -6.8411911 , -7.23411029,
       -7.16974749, -6.96102478, -7.12042179, -7.19092417, -6.83312636,
       -6.29901048, -6.8352608 , -5.8314625 , -6.21304621, -6.29382933,
       -6.39901194, -6.33858216, -7.10102077, -6.97813282, -5.94136568,
       -6.58244158, -5.16281633, -5.03561474, -6.01372421, -5.84774399,
       -6.03753665, -6.25480921]), array([-6.08013297, -6.29954347, -5.22361443, -5.44083083, -4.94936749,
       -5.766209  , -6.78626485, -5.66349581, -5.6663905 , -5.96470168,
       -5.12681465, -5.62323912, -5.17717682, -5.25608402, -5.19553899,
       -5.36099242, -6.57346874, -6.55592643, -6.70571418, -6.02289322,
       -5.62386892, -6.70052565, -6.03616635, -5.36556974, -6.45090223,
       -5.92419252, -6.12065086, -6.2700313 , -5.5240782 , -6.84648148,
       -7.12053591, -6.84760775, -5.91205612, -5.92024947, -6.15213765,
       -6.00620929, -5.91583293, -5.692287  , -5.81427789, -5.66411906,
       -5.83566683, -5.89604718, -5.66074079, -5.72004317, -5.78461513,
       -5.84517156, -5.61465146, -6.27539356, -5.8703124 , -5.94197328,
       -6.42148749, -7.07584299, -6.3474465 , -6.28428591, -6.06727689,
       -5.70572792, -5.68256394, -5.89894395, -5.68923679, -6.10466467,
       -6.12911457, -5.65819467, -5.73225031, -5.942137  , -5.73008526,
       -5.69376158, -6.06362986, -6.06692588, -5.97855422, -5.92457348,
       -5.89416242, -5.71954229, -6.57526191, -6.23831835, -5.64831431,
       -6.2078453 , -5.99996877, -5.71905383, -5.93045406, -5.69576553,
       -6.20891958, -6.30659471, -5.6297732 , -5.78590404, -5.7345418 ,
       -6.31796179, -5.75790491, -5.61015188, -5.76624041, -5.96097298,
       -5.71314517, -5.00974026, -4.35317526, -4.86628632, -4.49187657,
       -4.81081445, -4.19344166, -4.68945066, -3.735587  , -4.34415908,
       -5.03930377, -5.09346641, -4.86358013, -4.60268535, -4.87379784,
       -5.14534893, -5.76481775, -6.05867875, -5.32244052, -5.38540861,
       -5.45170262, -6.00238438, -6.52801518, -4.86552836, -7.19645529,
       -7.03080689, -7.04121709, -7.34603528, -6.98986429, -6.64743455,
       -6.79216772, -6.87294766, -5.98352591, -7.03357081, -5.70875137,
       -5.57509083, -7.36078622, -6.10714695, -7.23455712, -7.18105066,
       -5.95731729, -6.7110236 , -5.82112853, -7.20773553, -6.64958136,
       -6.13318773, -6.48692205, -7.03596055, -6.11846717, -7.22322134,
       -5.88293493, -6.74616716, -7.04812461, -6.08026761, -7.20572845,
       -5.82792783, -6.43957684, -6.78818598, -5.75127219, -7.35551585,
       -5.82072307, -7.22657609, -7.17730756, -7.37677186, -6.75034686,
       -7.38018392, -6.5965116 , -6.33239787, -7.17599135, -6.96959429,
       -7.0050666 , -7.19852051, -6.59060362, -6.44413025, -7.19988977,
       -7.13903998, -6.6250798 , -6.83121274, -7.39470539, -7.00512483,
       -5.8954775 , -6.21116599, -5.85264955, -6.33377267, -6.87403907,
       -6.07177791, -5.76388227, -5.70402125, -6.16495762, -6.01067132,
       -6.21330397, -6.39544768, -5.6332366 , -6.65870839, -6.37289851,
       -6.13054439, -6.65828639, -6.00226213, -5.94332237, -6.00923869,
       -6.57252051, -6.28154901, -6.3782299 , -6.14615363, -7.09537546,
       -6.83562276, -6.55469166, -6.71007666, -5.66068115, -5.66123887,
       -5.81930051, -6.14512389, -6.07057941, -5.98891426, -6.57485712,
       -6.46069247, -6.47375109, -6.25574055, -5.77290613, -5.76428547,
       -6.07495092, -5.96738798, -6.70217731, -7.16646048, -6.55535981,
       -6.9929067 , -6.36173544, -6.85552491, -6.70354588, -6.38855472,
       -5.79985866, -6.16437922, -6.19774039, -6.28980393, -6.44943892,
       -6.31163309, -5.88052064, -6.17768519, -6.81378028, -7.39096137,
       -7.16474553, -6.87275226, -7.12048002, -7.12115537, -6.84518838,
       -6.23450038, -6.69003601, -5.81167615, -5.96559555, -6.03272084,
       -6.38542928, -6.31529535, -7.12909408, -6.95674491, -5.77571057,
       -6.57958048, -5.22605454, -4.81041074, -6.19186423, -5.9162386 ,
       -6.03835717, -6.28410839]), array([-6.1155197 , -6.37176514, -5.23665208, -5.28918938, -4.96437901,
       -5.66152019, -6.80409118, -5.70097504, -5.43003688, -6.07170888,
       -5.04867187, -5.68425802, -5.21669339, -5.01410144, -5.13465421,
       -5.2350664 , -6.70242293, -6.86140964, -6.74153978, -5.76948872,
       -5.41300605, -6.71905018, -5.95779913, -5.49544532, -6.52123792,
       -5.73740575, -5.9008079 , -6.39686473, -5.4189155 , -7.18043893,
       -7.13385193, -6.55993596, -5.96078276, -6.09328005, -6.31137881,
       -5.98046345, -6.04981084, -5.92455979, -5.72956991, -5.69917528,
       -5.83631794, -5.99056484, -5.76372664, -5.59806939, -5.60016676,
       -5.85339156, -5.55541918, -6.37063888, -5.71742959, -5.91760764,
       -6.33543338, -7.01551857, -6.30133291, -6.33573102, -5.78534118,
       -5.82707805, -5.6911542 , -5.69884877, -5.77528085, -5.96345258,
       -5.97766098, -5.80024308, -5.70105725, -5.88470628, -5.5981609 ,
       -5.67776167, -6.30289395, -6.39651824, -5.94428113, -5.8539745 ,
       -5.93244014, -5.67372419, -6.37636492, -6.06960815, -5.6561726 ,
       -5.98662728, -6.09572644, -5.76553048, -5.86675679, -5.71219606,
       -6.38886467, -6.12011727, -5.7223038 , -5.7821275 , -5.80446772,
       -6.29642967, -5.7694406 , -5.66060796, -5.69783244, -6.0285514 ,
       -5.84347021, -5.09456571, -4.27556608, -4.6184748 , -4.54318715,
       -4.77220286, -4.38052925, -4.58341964, -3.69853814, -4.18484196,
       -4.86883336, -5.1654585 , -4.90148881, -4.49920764, -4.73646382,
       -5.12083455, -5.66468785, -5.82566795, -5.30365083, -5.40319601,
       -5.38867952, -5.90051831, -6.31947334, -5.0917538 , -7.23189416,
       -7.0792315 , -7.20703124, -7.30198751, -6.89105658, -6.69814643,
       -6.95662959, -6.95443267, -5.95300084, -7.158217  , -5.67742425,
       -5.51188484, -7.3392173 , -6.09397999, -7.17472421, -7.31221488,
       -6.08916107, -6.602385  , -5.85212337, -7.15860622, -6.70480643,
       -6.02112691, -6.62655808, -7.05791403, -6.25315456, -7.16124573,
       -5.71936435, -6.52928738, -7.18427403, -5.99202863, -7.15116464,
       -5.81766006, -6.29251345, -6.83246616, -5.74964754, -7.1928186 ,
       -6.0054576 , -6.93516733, -7.48789941, -7.39179614, -7.06623335,
       -7.36934411, -6.65422086, -6.52113922, -7.14484905, -6.90774513,
       -7.0291421 , -7.285193  , -6.92100697, -6.32127605, -7.46562296,
       -7.19445794, -6.65985546, -6.95787457, -7.30277283, -7.18767662,
       -5.99987998, -6.3882299 , -5.9698974 , -6.32558656, -6.95278555,
       -6.24091142, -5.8579036 , -5.66124341, -6.35740382, -6.02313639,
       -6.02700104, -6.4191802 , -5.63323491, -6.64086139, -6.43952876,
       -6.01311542, -6.73420487, -6.05403107, -6.01876487, -6.27743016,
       -6.67771207, -6.20822513, -6.37174479, -6.17664008, -6.95886911,
       -6.87200053, -6.54448547, -6.32281375, -5.55339858, -5.55233286,
       -5.87994345, -6.03502182, -6.0721116 , -5.81918948, -6.77941069,
       -6.60763509, -6.65809754, -6.05472203, -5.74360974, -5.67154053,
       -5.93927674, -6.18475673, -6.86497186, -7.00018283, -6.66463339,
       -7.05935937, -6.62663209, -6.81439485, -6.56749503, -6.49673755,
       -5.91321027, -6.10896661, -6.31631137, -6.28745337, -6.34566871,
       -6.32464057, -5.8211328 , -5.9425159 , -6.65649892, -7.15467366,
       -7.0974722 , -7.14764418, -7.18951553, -7.01627108, -6.6736121 ,
       -6.08305806, -6.64169259, -5.75850045, -6.1055842 , -6.07999036,
       -6.34825885, -6.30330578, -7.16403747, -7.07923534, -6.02129997,
       -6.3414642 , -5.18624496, -4.93044267, -6.08449324, -5.78583076,
       -6.07711991, -6.49233427]), array([-5.98644841, -6.47591267, -5.37899461, -5.37699453, -4.87278496,
       -5.63246693, -6.66501663, -5.75614419, -5.5549299 , -6.35663646,
       -4.84794832, -5.8017802 , -5.3108375 , -5.22116381, -5.12014559,
       -5.32734431, -6.78655676, -6.69324741, -6.89050633, -6.00680918,
       -5.47823277, -6.83891112, -6.20660145, -5.48732388, -6.17630832,
       -5.79191707, -6.13618435, -6.15300181, -5.43938242, -7.20875451,
       -7.17116489, -6.45657396, -5.96470216, -6.05739026, -6.32949454,
       -5.99337072, -5.81217803, -5.80207312, -5.60579786, -5.67145966,
       -5.73444816, -5.92407031, -5.78467917, -5.7175752 , -5.65190723,
       -5.80379784, -5.62739005, -6.45088298, -5.76587002, -5.94230145,
       -6.61962647, -7.03434637, -6.40700782, -6.30774016, -5.859647  ,
       -5.65656904, -5.65709534, -5.72531886, -5.80994438, -5.8639393 ,
       -6.0807165 , -5.68338716, -5.68517192, -5.89916075, -5.68531159,
       -5.63228932, -6.06931556, -6.21258207, -5.92757356, -5.80131896,
       -6.00453414, -5.67130142, -6.27408723, -5.86866425, -5.64336812,
       -6.05375802, -6.09976525, -5.60549018, -5.69786436, -5.7271479 ,
       -6.27350775, -6.35655655, -5.67187827, -5.74034378, -5.74546811,
       -6.34112375, -5.75593787, -5.59261512, -5.67114932, -5.96273676,
       -5.79262094, -4.96459121, -4.33770586, -4.75185421, -4.69046718,
       -4.66986532, -4.33697029, -4.75904468, -3.75551629, -4.63048372,
       -4.98333917, -5.03519993, -5.04074013, -4.56692488, -4.74535799,
       -5.09524447, -5.60557275, -5.64936288, -5.25373543, -5.28605713,
       -5.39001366, -5.95262179, -6.39489472, -4.6841995 , -7.276085  ,
       -7.16834227, -7.40394817, -7.35854994, -7.20580024, -6.71272848,
       -6.87356851, -6.89052315, -5.78343252, -7.0981149 , -5.74875642,
       -5.57372834, -7.35343793, -5.92007234, -7.1243762 , -7.28188549,
       -5.89705784, -6.68362657, -5.82069462, -7.14476869, -6.61807234,
       -5.96921469, -6.40982239, -7.11490313, -6.37448288, -7.11485916,
       -5.69559558, -6.47180296, -7.01454078, -6.180607  , -7.18402973,
       -5.68864082, -6.2939424 , -6.89766942, -5.79215104, -7.29878797,
       -5.66110393, -6.96502707, -7.34895887, -7.47358619, -6.69574647,
       -7.47581896, -6.8169777 , -6.43021517, -7.20053763, -6.94377629,
       -7.21150121, -7.40844214, -7.08574216, -6.61832514, -6.77411422,
       -7.17776305, -6.53859041, -7.19413917, -7.42372987, -7.2580052 ,
       -6.20234907, -6.41777057, -5.78962352, -6.32305899, -7.09164354,
       -6.30835865, -5.73108689, -5.6118211 , -6.19098621, -5.79702424,
       -6.11141479, -6.45443808, -5.65729592, -6.54005462, -6.24390502,
       -5.98263629, -6.49148155, -5.82634693, -5.99780214, -5.98241346,
       -6.88208537, -6.00169868, -6.37148443, -6.2958034 , -7.02761175,
       -6.83601397, -6.37102542, -6.4711087 , -5.62709282, -5.64197519,
       -5.82671602, -5.95203949, -5.97602028, -5.61754512, -6.77151614,
       -6.32248903, -6.53966645, -6.20819049, -5.62483516, -5.64514727,
       -5.68847483, -6.0470968 , -6.60983473, -7.12548287, -6.54881753,
       -7.14572318, -6.47325065, -6.66972492, -6.84128531, -6.33757128,
       -5.91531122, -6.00811327, -5.96519515, -6.1097332 , -6.31914743,
       -6.02833727, -6.03837883, -5.96534911, -6.70119439, -7.1568274 ,
       -7.19633719, -6.99493892, -7.09740112, -7.07204911, -6.85703372,
       -6.29943969, -6.81774815, -5.89434944, -5.91456476, -6.05307926,
       -6.38236675, -6.30489098, -7.40993107, -6.91768108, -5.87660532,
       -6.42053308, -5.07771363, -4.79900626, -6.08686883, -5.76008479,
       -6.0838536 , -6.35011731]), array([-5.9106077 , -6.51163513, -5.29665142, -5.55816968, -4.83411838,
       -5.76959086, -6.85535887, -5.91045065, -5.66974324, -6.10071233,
       -5.37823924, -5.63246424, -5.12360549, -5.28090859, -4.87804311,
       -5.25234946, -6.74379136, -6.71240162, -6.79023623, -6.11373629,
       -5.41280895, -6.68652403, -6.00334853, -5.43456122, -6.47385291,
       -5.73156926, -5.89710286, -6.34213969, -5.43799324, -7.2596976 ,
       -7.24075494, -6.70568972, -5.85764106, -6.20792243, -6.17162068,
       -5.93705273, -5.87787848, -5.68262883, -5.74239738, -5.69779986,
       -5.96315188, -5.99331237, -5.71948081, -5.6482496 , -5.51576606,
       -5.73898906, -5.6412081 , -6.1940918 , -5.79097076, -6.00994843,
       -6.53625467, -6.91667179, -6.48844577, -6.11339254, -5.98599378,
       -5.69841069, -5.67798509, -5.72282177, -5.72548699, -6.04938016,
       -6.0123675 , -5.79908964, -5.6127291 , -5.82013205, -5.6563974 ,
       -5.69723645, -6.32064687, -6.28549625, -5.91267664, -5.97491429,
       -6.01082955, -5.71127824, -6.25126745, -6.08921652, -5.77500988,
       -5.97700556, -6.15647655, -5.74938753, -5.94373192, -5.68412567,
       -6.32334725, -6.31473029, -5.7625747 , -5.82760872, -5.79103126,
       -6.40921785, -5.75790962, -5.60779278, -5.69672757, -5.9723941 ,
       -5.8211564 , -5.19014018, -4.40967843, -4.65898218, -4.81587233,
       -4.83283277, -4.19711009, -4.68072371, -3.87355168, -4.54383426,
       -4.9863359 , -5.2276934 , -4.96635519, -4.58656217, -4.69952122,
       -5.18265236, -5.61177899, -5.80141619, -5.51576429, -5.23329618,
       -5.32182271, -6.00361244, -6.16313703, -4.67125756, -7.34387639,
       -7.06459275, -7.25497449, -7.40951037, -7.04754886, -6.61681784,
       -6.98789693, -7.14631   , -5.84017534, -7.22965221, -5.59813407,
       -5.68875744, -7.41170282, -6.04914162, -7.0128726 , -7.323145  ,
       -6.04943155, -6.56668824, -5.75320122, -7.23123461, -6.54360414,
       -6.20391202, -6.24857379, -6.97775325, -6.31569846, -7.18562366,
       -5.70374414, -6.49940783, -7.19343625, -6.20513526, -7.24340375,
       -5.75824823, -6.24917248, -6.92716865, -5.72875275, -7.34919489,
       -5.82748011, -7.0623528 , -7.28346043, -7.36316345, -6.88265885,
       -7.19509367, -6.59228959, -6.82060963, -7.27183999, -7.21651391,
       -6.8590375 , -7.3146188 , -6.80455534, -6.39765802, -7.0343716 ,
       -7.27136616, -6.64856081, -7.08441829, -7.44805758, -7.17268654,
       -6.06574065, -6.50793398, -5.8673603 , -6.29613476, -7.22374905,
       -6.11582048, -5.7726403 , -5.6448558 , -6.21770904, -6.09506295,
       -6.14835477, -6.12437074, -5.58684394, -6.67077357, -6.25719705,
       -6.16558863, -6.64923642, -5.75158986, -5.94384879, -5.9224501 ,
       -6.75395545, -6.28133878, -6.36606285, -6.16391957, -6.94443038,
       -6.5940357 , -6.43692656, -6.61995586, -5.6982025 , -5.53008295,
       -5.75320122, -6.27226601, -6.20881119, -5.86054099, -6.62973729,
       -6.39355393, -6.47214538, -6.14477486, -5.74996208, -5.72944644,
       -5.89445925, -5.95071258, -6.84803785, -7.21241146, -6.53895149,
       -6.97562161, -6.36828293, -6.69319037, -6.75219836, -6.32744756,
       -6.00458794, -5.90404786, -6.16993132, -6.28044699, -6.27167261,
       -6.20232482, -5.95811605, -6.03485743, -6.75028903, -7.17080352,
       -7.1739919 , -7.06705088, -7.19256384, -7.17098245, -6.61455891,
       -6.29807287, -6.66000093, -5.69940573, -6.16788955, -5.98353592,
       -6.42234747, -6.31156966, -7.29975298, -7.00528417, -5.94341588,
       -6.5101483 , -5.45578813, -4.92726661, -5.971887  , -5.98820239,
       -6.153705  , -6.52119716])]","[-6.05536971 -6.44505576 -5.29574893 -5.37667564 -4.88313426 -5.71866819
 -6.77818903 -5.78057759 -5.62528289 -6.11212485 -5.11849726 -5.7262923
 -5.2065028  -5.2142196  -5.06298519 -5.30850319 -6.67434184 -6.69401242
 -6.74578966 -5.96926906 -5.52740906 -6.71952841 -6.08528552 -5.39262148
 -6.37795187 -5.83577848 -6.04411867 -6.29679357 -5.47400729 -7.16498458
 -7.15984226 -6.66618994 -5.93457121 -6.08553343 -6.24831227 -5.97163681
 -5.91210744 -5.78471749 -5.72981053 -5.68205307 -5.83236634 -5.97774904
 -5.74760298 -5.67786425 -5.63365378 -5.8319322  -5.60512507 -6.32614427
 -5.78593892 -5.96268823 -6.45329422 -7.02713977 -6.37656012 -6.25652528
 -5.91044464 -5.74787533 -5.68116092 -5.75318889 -5.73110259 -6.01146014
 -6.03378316 -5.73498541 -5.68426468 -5.87802128 -5.65004195 -5.68839444
 -6.18355641 -6.26648783 -5.97051309 -5.86308234 -5.96871555 -5.69671006
 -6.38527294 -6.09401863 -5.67926234 -6.10306742 -6.0636242  -5.72301994
 -5.86502126 -5.6680912  -6.31723288 -6.25342162 -5.69107225 -5.78634631
 -5.79607757 -6.32261639 -5.76435559 -5.61447723 -5.71195174 -5.95059562
 -5.79513599 -5.11200264 -4.42300948 -4.69649536 -4.63936636 -4.8611481
 -4.27946177 -4.77053179 -3.79929651 -4.51481154 -4.94478772 -5.13457393
 -4.94301268 -4.58572689 -4.78425625 -5.14298618 -5.65146169 -5.83865523
 -5.35924807 -5.31004451 -5.38523466 -5.96793351 -6.3218403  -4.87128423
 -7.26243631 -7.09943424 -7.23971058 -7.33774175 -7.01067045 -6.67823704
 -6.84796389 -6.98600855 -5.89164496 -7.15301645 -5.69274513 -5.58038424
 -7.36163272 -6.03236885 -7.11987452 -7.2709502  -5.98996895 -6.63947615
 -5.82696152 -7.19630839 -6.60208335 -6.05954491 -6.43069858 -7.04536052
 -6.27617829 -7.16763276 -5.73880304 -6.55765939 -7.12932478 -6.15168273
 -7.18183459 -5.76603353 -6.31450912 -6.81129167 -5.74836336 -7.3316066
 -5.81162258 -7.02842366 -7.32687295 -7.40874137 -6.87360555 -7.35284029
 -6.65812384 -6.50338935 -7.19537561 -7.00930085 -7.00871872 -7.31085639
 -6.88989096 -6.44930993 -7.07732428 -7.19172394 -6.63451688 -6.98241301
 -7.36110655 -7.1600726  -6.03699519 -6.44477738 -5.89496033 -6.29108035
 -7.03067605 -6.18590877 -5.75712292 -5.66064557 -6.26843129 -5.96943286
 -6.14079092 -6.405787   -5.6169683  -6.58450595 -6.27776582 -6.13161126
 -6.62066665 -5.93425199 -5.96140476 -6.0536164  -6.78830817 -6.19970972
 -6.38798432 -6.1889742  -6.95681478 -6.78789315 -6.44152637 -6.52623568
 -5.62017434 -5.58583196 -5.83336421 -6.06966172 -6.08429514 -5.80041587
 -6.6687682  -6.49087351 -6.51618765 -6.16483257 -5.7272916  -5.67619153
 -5.90052154 -6.02328504 -6.7797675  -7.13520327 -6.55710136 -7.05516142
 -6.43064358 -6.75884451 -6.72607754 -6.40647958 -5.89824702 -6.06788116
 -6.15334767 -6.25125103 -6.34684007 -6.21667605 -5.91488382 -6.00323382
 -6.75259074 -7.22147525 -7.16045886 -7.0086822  -7.14407646 -7.11427644
 -6.7647039  -6.2428163  -6.7289477  -5.79907885 -6.07333605 -6.08863114
 -6.38748286 -6.31472878 -7.22076727 -6.98741566 -5.91167949 -6.48683353
 -5.22172352 -4.9005482  -6.0697675  -5.85962011 -6.07811447 -6.38051327]","[0.09645636 0.09660245 0.05973828 0.11817481 0.06520901 0.05926978
 0.06245545 0.09574372 0.12581596 0.13063819 0.17368756 0.10353507
 0.06119943 0.10339844 0.1149096  0.05486449 0.08970235 0.09963057
 0.09541544 0.11519816 0.11913525 0.06352654 0.10856137 0.11588947
 0.13260368 0.10511982 0.11941756 0.08257681 0.05246427 0.1671235
 0.04386625 0.14051147 0.04444759 0.09711408 0.07282591 0.0278382
 0.07770003 0.08968328 0.06842829 0.01409844 0.07527139 0.06544062
 0.05251255 0.04766046 0.08770368 0.0592065  0.0306243  0.08687594
 0.04947965 0.03640178 0.10897419 0.06187386 0.06541503 0.07794948
 0.10171069 0.07692852 0.01372691 0.07348068 0.05596091 0.0875671
 0.06178789 0.05818601 0.039337   0.04269197 0.05523258 0.03500599
 0.11042113 0.11908435 0.06339517 0.07833466 0.0469314  0.02014131
 0.11883183 0.12991136 0.04895043 0.1247728  0.07000699 0.06180615
 0.08817484 0.07486896 0.06975887 0.09176226 0.04627884 0.02801855
 0.06046747 0.0530385  0.00941562 0.02385449 0.03254129 0.06596665
 0.0443737  0.12190825 0.16362847 0.10139398 0.11404151 0.18795121
 0.07456418 0.19303071 0.08898965 0.23618158 0.07436244 0.06551583
 0.06021512 0.05619333 0.07169368 0.0320168  0.06064142 0.13128398
 0.09142227 0.07129764 0.04147531 0.03846503 0.13190825 0.17514126
 0.04920803 0.0530644  0.1186124  0.04726727 0.111861   0.03933846
 0.12873229 0.10484766 0.07294827 0.07967408 0.05294704 0.05880309
 0.0261679  0.06920913 0.0801543  0.05067285 0.0695249  0.05248998
 0.0443425  0.03812516 0.07495265 0.09366779 0.12452816 0.04399719
 0.08771522 0.03590965 0.07266819 0.09732585 0.08101327 0.10620053
 0.04136374 0.05167158 0.06498057 0.1113556  0.02496762 0.08734822
 0.11421344 0.10846283 0.10076615 0.04115917 0.13704134 0.09067551
 0.08262747 0.16957698 0.04228329 0.10873921 0.11733527 0.06951029
 0.17946382 0.09788238 0.23946023 0.04374549 0.05382141 0.13981323
 0.07949687 0.08343002 0.09981204 0.15938045 0.07658405 0.05849846
 0.11998087 0.08485667 0.06408471 0.03143563 0.09751686 0.10238364
 0.06798041 0.16408266 0.03127173 0.09778836 0.12472338 0.13594775
 0.08290447 0.12210215 0.04154027 0.12236206 0.16735432 0.10326595
 0.03243764 0.05428547 0.11312015 0.09944012 0.09827123 0.13218314
 0.05599845 0.05451214 0.04855045 0.12458305 0.07437409 0.12655872
 0.08900961 0.12996448 0.07830329 0.06736112 0.05230101 0.06744581
 0.12405836 0.08747476 0.10551121 0.07290957 0.06043461 0.06423949
 0.10989366 0.070274   0.09076796 0.0709629  0.06797374 0.09880534
 0.11444214 0.07083486 0.05821851 0.1061609  0.07560568 0.09808726
 0.06851964 0.08954843 0.03329376 0.09343917 0.03926998 0.06407178
 0.10052404 0.08367692 0.08132555 0.06612899 0.1151656  0.10734604
 0.02415523 0.0127008  0.11660459 0.05411084 0.08200349 0.09361033
 0.12670646 0.08750549 0.07501781 0.08394313 0.04236757 0.10799557]"
4,AdaBoostRegressor,"[-5.842408303741822, -6.505778688524588, -6.741806207873949, -5.805337515270436, -6.408360655737711, -5.655550344600002, -5.513090106013789, -6.855362084760419, -6.855362084760419, -6.195012124808512, -5.57134328358209, -5.142722575144447, -5.65726416149514, -5.142722575144447, -6.641539243759777, -7.1507991471860395, -5.849617834394909, -5.786066901732395, -5.849617834394909, -6.619136832273293, -6.416617729143998, -7.1507991471860395, -6.559661057876407, -7.439616315819548, -7.288353508057125, -6.468982445979899, -6.59881858502382, -6.336514474503797, -6.610595493432689, -6.613066059006609, -6.386042563356062, -6.4935262079876495, -6.468982445979899, -5.7013583301793105, -5.753398437499999, -5.7013583301793105, -6.388291313738457, -5.842408303741822, -5.828944336127523, -7.06545448267857, -5.89509090909091, -6.468982445979899, -5.968452925922224, -6.7820940109728305, -6.59881858502382, -7.091332857676284, -7.091332857676284, -5.793877551020402, -6.006724313429866, -5.57134328358209, -5.6987999915871, -5.7013583301793105, -5.816117516046875, -5.705047391922221, -5.705047391922221, -6.042168674698793, -5.805337515270436, -5.940092800909998, -5.705617127699389, -6.006724313429866, -5.728495575221235, -5.940092800909998, -6.468982445979899, -5.732998635763631, -5.641590109756644, -6.240859872611468, -6.404092664092663, -5.718708247673686, -5.6987999915871, -6.042168674698793, -6.343513712099013, -6.0029793676481455, -6.042168674698793, -5.808994340472224, -5.159303253472529, -5.245297634185714, -5.145468258499999, -4.535759266789473, -4.611714285714284, -4.534117647058823, -4.535759266789473, -4.673362222452053, -5.142722575144447, -5.04179207388889, -5.082188277264706, -5.159303253472529, -5.008807551928, -5.159303253472529, -5.705617127699389, -6.387200704225364, -6.386042563356062, -5.170430666444444, -5.816117516046875, -6.009061521307695, -5.728495575221235, -6.387200704225364, -7.091332857676284, -7.260190796222223, -7.353608747424456, -6.6467292064598595, -7.140077400811881, -7.01845387929807, -5.667556698403711, -7.378294301975804, -6.741806207873949, -6.883159823468749, -7.288353508057125, -6.145760949321432, -6.722631578947367, -7.140077400811881, -6.619136832273293, -7.170713829629103, -6.454882015869893, -6.579308755760379, -7.1507991471860395, -7.368487612093011, -7.140077400811881, -6.579308755760379, -6.7820940109728305, -6.406798557075386, -6.404092664092663, -7.140077400811881, -7.368487612093011, -7.01845387929807, -7.191004685280985, -7.140077400811881, -7.191004685280985, -7.24354671981589, -6.490522547847834, -7.140077400811881, -7.320226591616202, -6.086404461481386, -7.402712535475001, -6.412979661972075, -7.06545448267857, -7.186685789252636, -7.191004685280985, -6.565212121212128, -7.140077400811881, -5.667556698403711, -6.343513712099013, -6.356799999999999, -7.260595509378783, -6.264296296296301, -6.614672106748499, -7.091332857676284, -6.524608366163866, -5.732998635763631, -6.408360655737711, -5.728495575221235, -5.718708247673686, -6.903165409639339, -6.196468283529414, -6.408360655737711, -6.264296296296301, -5.753398437499999, -5.940092800909998, -6.813589216654626, -6.876503428177635, -6.842266666666668, -6.195012124808512, -6.428119658119657, -6.006724313429866, -6.121899432152381, -6.462448589592594, -6.195012124808512, -6.199521340532895, -6.386042563356062, -6.634871250500001, -5.985384908681823, -5.761629603177972, -6.3297943965824235, -5.667556698403711, -7.1507991471860395, -5.968452925922224, -5.968452925922224, -6.796363096675976, -7.0558404158960375, -5.667556698403711, -5.828944336127523, -5.761629603177972, -6.744841063961038, -6.039896907216497, -6.240859872611468, -5.910952380952379, -7.062243664142857, -7.140077400811881, -6.656159053380683, -5.9517881099999945, -5.968452925922224, -5.9668377027457655, -6.006724313429866, -6.598476184404911, -6.356799999999999, -6.468982445979899, -5.828944336127523, -6.085383811301883, -6.24950250008182, -5.655550344600002, -6.042168674698793, -6.150123456790124, -7.260595509378783, -5.570035211267602, -6.2327644228181756, -5.422401014482956, -5.180623549958666, -5.881754266868994, -5.570035211267602, -5.60063267609129, -5.671468253968248, -6.593015873015872, -6.120881999371895, -5.405688962852455, -5.540322580645163, -6.69542477287766, -6.120881999371895, -5.931028605059521, -5.281875000000001, -7.14260763205357, -5.80790914489394, -5.6514782608695695, -6.095837921107004, -6.004961738055079, -6.58700201656209, -6.810220754966, -6.58700201656209, -6.739239308721091, -6.661167084552875, -6.205430358754428, -6.637301773289476, -6.002606380240872, -6.093035598241788, -5.792575238830354, -6.062798560089071, -5.908226832576917, -5.829810489510202, -6.004961738055079, -5.754350853918031, -5.896626559845239, -5.8118936937902745, -5.94872182581298, -5.854948698678258, -6.205430358754428, -5.854948698678258, -6.020994152046785, -5.792575238830354, -5.94872182581298, -6.810220754966, -6.432242784331611, -6.03352431480303, -5.887597639605127, -5.660476190476192, -6.079608201523491, -5.6753267163866665, -6.062798560089071, -5.780092953339622, -6.093035598241788, -5.881754266868994, -5.827331038126828, -5.707999999999998, -5.816650033948725, -5.758368521145946, -5.69671874999999, -5.8274357679342055, -5.931028605059521, -5.8274357679342055, -5.603913043478261, -5.816650033948725, -6.5583962806330085, -5.94872182581298, -5.754350853918031, -6.093035598241788, -6.366410992995222, -5.754350853918031, -6.004961738055079, -4.310999999999999, -4.941862019418604, -5.117953858111105, -4.9816276881190475, -4.887661890603771, -4.887661890603771, -5.1276400607916655, -5.200821374470587, -5.422401014482956, -5.540322580645163, -5.580101063481131, -5.247681975043474, -5.180623549958666, -5.94872182581298, -5.0839075874636315, -6.796102494601092, -7.115801145989901, -6.739239308721091, -7.294926524544638, -7.166156306289338, -6.206923076923077, -6.1024264229745775, -5.887597639605127, -7.406782796631203, -6.682574460846157, -7.329791758672798, -7.123024521272728, -7.14260763205357, -6.209617666958827, -7.14260763205357, -6.254026868310811, -6.125408686699509, -6.721377960579545, -6.50818826716167, -6.50818826716167, -6.115156250000005, -6.258571428571431, -6.4038494663214385, -7.103559123175006, -6.54774968424243, -7.398431285745456, -7.2266565480052565, -6.851481481481487, -7.349106547528729, -6.810220754966, -7.292864864859464, -7.296682751328118, -5.943259259259272, -7.166156306289338, -7.2266565480052565, -6.84919329511278, -7.103559123175006, -7.300237306524597, -6.554853674168568, -7.406782796631203, -7.115801145989901, -7.103559123175006, -6.84919329511278, -6.967045630423079, -7.417606485309865, -6.128812671066325, -6.3117559033535375, -5.6753267163866665, -6.074218844964708, -6.111619585140294, -6.401721976209669, -6.637301773289476, -6.401721976209669, -6.067441480427122, -5.827331038126828, -6.125408686699509, -6.120881999371895, -6.952514970059874, -6.796102494601092, -7.296682751328118, -5.94872182581298, -6.209617666958827, -6.074218844964708, -6.642676128115636, -6.452429852789283, -5.931028605059521, -6.528495503936371, -6.58700201656209, -6.100615632524538, -5.603913043478261, -5.781178687447616, -6.484331526895842, -6.577753958749995, -6.33977917981319, -6.111619585140294, -6.074218844964708, -5.943259259259272, -6.139595156661763, -6.004961738055079, -5.854948698678258, -6.5206417382009345, -6.255528418080649, -7.021958762886602, -6.577753958749995, -6.062798560089071, -5.984708029197083, -6.960961895961327, -6.120881999371895, -7.123024521272728, -6.224605907519489, -5.896626559845239, -5.881754266868994, -6.002606380240872, -6.484331526895842, -6.745361686623371, -5.829810489510202, -5.94872182581298, -5.180623549958666, -5.163784044297296, -5.640673171413334, -6.03352431480303, -6.095837921107004, -6.3867838314848475, -6.024866177755206, -5.816650033948725, -5.94872182581298, -5.931028605059521, -6.002606380240872, -5.758368521145946, -5.420852539040002, -7.303297159935901, -5.881754266868994, -6.3867838314848475, -5.887597639605127, -5.122588713398695, -5.665476190476184, -6.291106454730777, -5.759072164948455, -5.540598066326527, -5.469863310762252, -6.4493798449612445, -5.641662608475615, -6.527294117647057, -6.858984527792452, -6.251134438751603, -6.251134438751603, -6.856428571428575, -6.880912082044777, -6.882295406095739, -5.667647058823526, -6.934999999999999, -6.217599999999999, -6.4701886792452825, -6.251134438751603, -7.381855213598293, -7.400877677429619, -7.366882026500003, -7.410020985623376, -6.898033092078954, -6.10569577979592, -6.291106454730777, -5.8040122226290345, -5.782847239870297, -5.959184137000002, -6.04538712482707, -5.641662608475615, -5.838969521739729, -6.235343780855615, -5.730214018732673, -5.620689093922282, -6.04538712482707, -6.2602740592439945, -6.130300197114999, -5.838969521739729, -6.579912227775914, -5.740379746835446, -7.049530277425923, -6.797939187178237, -6.96795449029412, -7.134435316208125, -5.558734863838241, -5.753942021799993, -5.9674075723156035, -6.273955504944863, -5.636155000392269, -5.7209964652327026, -5.658373151119999, -5.580966178617507, -5.592678708490197, -6.122700910712265, -6.068154579221473, -6.371764705882354, -5.623957219251333, -5.7209964652327026, -6.34939407846124, -5.678076923076921, -5.667647058823526, -5.753942021799993, -5.641662608475615, -5.634466536084121, -6.4835218525, -5.96946840979762, -6.2602740592439945, -5.580966178617507, -5.678076923076921, -5.678076923076921, -6.361597774879997, -6.521189458573248, -5.641662608475615, -5.636155000392269, -5.665476190476184, -6.068154579221473, -4.433177042760001, -4.54272727272727, -5.305745761468533, -4.906324205275864, -4.352727272727273, -3.9568750000000006, -5.067407407407406, -5.067407407407406, -5.080101440927272, -5.2323593512054805, -5.366358021884616, -6.068154579221473, -5.127551868229998, -5.7085876040512815, -5.641662608475615, -5.2323593512054805, -5.623957219251333, -5.2323593512054805, -5.2323593512054805, -5.570315117124321, -6.440103222421882, -5.469782071560719, -7.134435316208125, -6.365885172414527, -6.579912227775914, -6.336621449936365, -6.623896849604162, -7.288814374737501, -6.7244117647058825, -6.406375016604028, -7.233488372093023, -7.284204065333326, -5.998603734310673, -7.1392076604952885, -7.352652773957932, -5.623957219251333, -6.235343780855615, -7.233488372093023, -7.164438763740428, -6.913494527914642, -6.963909808670593, -7.251579610505045, -7.251579610505045, -6.291106454730777, -7.2674899984149635, -7.400877677429619, -7.366882026500003, -6.958883408119535, -6.130300197114999, -7.350790110073682, -6.660106447999992, -7.006045117808078, -6.406375016604028, -7.113531202643682, -6.273955504944863, -6.506213314554455, -7.1392076604952885, -6.406375016604028, -6.381415800639214, -7.284204065333326, -5.782847239870297, -6.856428571428575, -5.742078828607594, -7.315186236932278, -7.1392076604952885, -7.410020985623376, -6.467021538373834, -6.301790234476819, -6.467021538373834, -7.224849838552079, -7.006045117808078, -7.2674899984149635, -7.088704807064889, -5.945432738210939, -6.364946456741287, -6.6476288659793745, -5.9158587998897625, -6.851538461538461, -7.164438763740428, -5.782847239870297, -5.60602040816326, -5.570315117124321, -6.534759042448981, -6.836848466905109, -6.084979347999997, -6.657034366896147, -5.782847239870297, -5.712023383884956, -6.534759042448981, -6.251134438751603, -6.37717391304348, -6.96795449029412, -6.291106454730777, -6.440274464143937, -5.730214018732673, -5.998603734310673, -6.914692115192768, -7.030359285428577, -5.70052173913043, -6.34939407846124, -6.37717391304348, -6.251134438751603, -5.930658103636144, -7.381855213598293, -7.284204065333326, -7.030359285428577, -6.96795449029412, -6.251134438751603, -6.2602740592439945, -5.641662608475615, -5.945432738210939, -6.502059854598739, -6.3520829549656925, -6.544186613159995, -6.467021538373834, -5.463055555555555, -5.509324371999997, -6.4835218525, -5.712023383884956, -5.740379746835446, -5.742078828607594, -6.084979347999997, -6.291106454730777, -5.924961097123285, -5.273809458009343, -5.135108695652173, -5.101390855818183, -6.4188622132131155, -5.658018867924525, -5.265952657243599, -5.135108695652173, -5.323861304350366, -6.4339922480620135, -5.281508766210525, -5.514731182795701, -5.323861304350366, -5.674999999999995, -7.0383453237410025, -5.743012899850629, -6.174029707184281, -5.997138485070589, -5.997138485070589, -5.694241116255315, -6.472676056338031, -6.680572317267047, -6.174029707184281, -7.36395560996721, -6.887431196120002, -6.906393442622955, -6.631741674514285, -6.491283896780227, -6.30453867750558, -6.146470800388903, -6.0799700110704205, -6.223528623782608, -5.705193548387095, -6.223528623782608, -5.8388965698730155, -5.809886625660868, -5.705193548387095, -5.825705735825518, -6.054271003506912, -5.641567885671232, -6.112379283210944, -6.467504637626997, -6.300111111111107, -6.428329370717742, -5.82192158099999, -6.470460889480881, -6.428329370717742, -5.586498339017542, -5.856557649846149, -5.691510974958503, -5.799314508405404, -5.692490559100776, -5.773076243884989, -5.691510974958503, -6.0799700110704205, -5.809886625660868, -5.677470588235294, -6.013686975788994, -6.054271003506912, -5.7919718309859185, -6.491283896780227, -5.691510974958503, -5.81718121254863, -5.886874846306524, -6.279909739159341, -5.760085836081454, -5.101390855818183, -4.736679684166668, -4.797010023156253, -4.188974358974358, -3.9975, -5.174100724523077, -5.323861304350366, -5.323861304350366, -5.001747658483869, -5.304332302363636, -5.2676988832500005, -5.227252277154926, -5.071834172853335, -5.20301225568696, -5.357783505154641, -5.7576, -5.341868562322585, -5.323861304350366, -5.362319115299999, -6.210163666515793, -5.323089189633805, -5.336116786252871, -5.2676988832500005, -5.323861304350366, -7.142100908062801, -7.142100908062801, -6.598930303047924, -6.174029707184281, -7.323625432345744, -6.174029707184281, -5.886874846306524, -7.014836661944241, -7.250044740611697, -5.691510974958503, -7.142100908062801, -5.743012899850629, -6.100555555555553, -6.566368017299568, -6.62853374860982, -6.619663028545717, -5.691510974958503, -5.809886625660868, -6.964023753190842, -6.522222222222223, -7.1942127679085, -7.1942127679085, -7.357691143444435, -6.4339922480620135, -5.886874846306524, -7.340077140188766, -7.142100908062801, -7.340077140188766, -6.174029707184281, -7.1942127679085, -5.598167938931299, -6.956669696785176, -6.174029707184281, -7.014836661944241, -6.146470800388903, -7.2799080292660525, -7.323625432345744, -7.299593810288877, -6.809840788944131, -7.181317091385617, -6.948586958147538, -7.0522222222222215, -6.814845153964786, -6.074890551887558, -6.608647276116607, -7.399087347460673, -6.112379283210944, -7.142100908062801, -7.347369033710057, -6.226773227734947, -6.142366863905327, -6.627272727272728, -6.5493456941282036, -7.299593810288877, -5.81718121254863, -5.773076243884989, -6.300111111111107, -5.743012899850629, -5.586498339017542, -5.773076243884989, -5.596636219082473, -5.705193548387095, -6.814845153964786, -6.598930303047924, -6.566368017299568, -6.676022946421058, -5.760085836081454, -6.226773227734947, -6.357290321819867, -6.580880205773276, -6.357290321819867, -5.674999999999995, -6.1465273655336095, -6.470460889480881, -5.82192158099999, -6.0799700110704205, -6.0799700110704205, -5.7919718309859185, -6.226773227734947, -6.5493456941282036, -6.279909739159341, -6.428329370717742, -6.772528936507363, -6.841238307927279, -6.074890551887558, -6.814845153964786, -6.598930303047924, -6.491283896780227, -6.279909739159341, -5.856557649846149, -6.257451791099228, -6.621269858442216, -7.142100908062801, -6.772528936507363, -6.754508064540673, -6.226773227734947, -6.520158772868967, -6.074890551887558, -6.595425369460318, -6.598930303047924, -7.142100908062801, -7.323625432345744, -5.5151444528571405, -6.160991784079545, -5.273809458009343, -6.428329370717742, -5.82192158099999, -5.692490559100776, -7.357691143444435, -5.691510974958503, -6.565572609523055, -5.755156838095001, -5.5529217255151515, -5.554817518248171, -6.451811309758245, -5.273932445352939, -5.1626590039005205, -5.263714285714286, -5.484563530409841, -5.5529217255151515, -6.650127385666661, -6.682877569851619, -6.865162908781821, -6.474335084599354, -6.848273381294962, -7.07562903028261, -7.157713781579827, -5.848888888888889, -6.31005864004918, -6.529603174603165, -6.296235294117649, -5.856320000000002, -6.597597062578122, -6.614107511894744, -7.181487174304524, -7.114652497079369, -7.2055307921564875, -6.40316428715289, -6.236041666666668, -6.483122506636372, -6.474335084599354, -5.94058526828163, -5.8937027510971305, -6.5719301242606925, -6.77183846821495, -7.216695955744825, -7.216695955744825, -6.275193468942754, -5.8524400955177365, -5.953567097024793, -5.958857586584072, -5.855897435897439, -5.854275825511108, -5.883465284093751, -5.958857586584072, -5.946264652693176, -5.854602324883718, -5.855897435897439, -5.586623376623376, -5.855430107526881, -5.953506482293477, -5.958857586584072, -5.716949017671958, -6.195358669645835, -6.269999999999997, -5.8524400955177365, -5.815457317073172, -6.236041666666668, -5.994152542372884, -5.953567097024793, -5.874168361000002, -6.215680473372782, -5.953567097024793, -6.023837578266908, -5.953506482293477, -6.42836249774899, -6.338404358044641, -5.273932445352939, -5.2866435840900055, -4.551333333333333, -5.01580247468889, -4.91393065325862, -5.2598907771780805, -5.181578947368419, -4.024545454545453, -4.117812499999999, -4.862748479116276, -5.01580247468889, -4.933589692036149, -4.863407612680851, -5.1347217931090965, -4.863407612680851, -5.181578947368419, -5.946264652693176, -5.8937027510971305, -5.219416504214285, -5.519641996666667, -5.48821786511972, -6.2508292188, -5.1347217931090965, -7.289724199009907, -7.3165425531914865, -7.1851470588235316, -7.307337840871909, -7.181487174304524, -5.755156838095001, -6.640112359550564, -5.8937027510971305, -6.552548679210765, -6.520849059215052, -6.622926285417582, -6.682877569851619, -7.061177662118938, -5.759949746523814, -7.356305068798871, -7.216695955744825, -7.293166134825649, -6.628788495194596, -7.1851470588235316, -7.307337840871909, -6.737009345794397, -6.242121010702797, -6.3755205125858, -6.632276240082351, -7.2047217726244135, -5.759278967283133, -6.848273381294962, -7.1332018890294115, -6.4323959609740955, -7.293166134825649, -7.067882352941183, -6.8011470928541655, -6.632276240082351, -7.1851470588235316, -7.340689742019353, -7.289724199009907, -7.241326818523077, -6.737009345794397, -7.3526997167022925, -6.25937398052751, -6.736031746031747, -7.114652497079369, -7.181487174304524, -6.616308086725806, -6.650127385666661, -7.2055307921564875, -7.114652497079369, -5.946264652693176, -6.40316428715289, -7.3526997167022925, -7.199569547067041, -6.650127385666661, -6.877570093457944, -7.199569547067041, -6.506578947368422, -5.716949017671958, -6.552548679210765, -6.391837236615608, -6.2508292188, -6.175997266658685, -6.585080645161291, -5.48821786511972, -6.621957612705128, -6.412269161711768, -6.459214258709915, -6.009129906877941, -5.755156838095001, -6.516431054437886, -6.552548679210765, -5.815457317073172, -5.953506482293477, -6.130106631620685, -6.215680473372782, -5.953506482293477, -6.606666666666669, -6.31005864004918, -6.338404358044641, -6.444595719916664, -6.628788495194596, -7.114652497079369, -6.3755205125858, -7.114652497079369, -7.114652497079369, -6.614107511894744, -6.606546601058818, -6.622926285417582, -6.589003288840574, -6.4386698874516135, -5.856320000000002, -7.307337840871909, -7.196288209606992, -7.1851470588235316, -6.8011470928541655, -6.25937398052751, -6.391837236615608, -6.001198435905797, -6.160829646572414, -6.338404358044641, -6.597597062578122, -6.40316428715289, -6.502221201699027, -7.2047217726244135, -5.958857586584072, -5.344143336163268, -5.177506490115385, -5.780145520799998, -5.48821786511972, -5.755156838095001, -6.0733919597990065, -5.69737213676023, -6.275193468942754, -6.001198435905797]","0     -6.440000
1     -6.400000
2     -5.660000
3     -6.700000
4     -4.670000
         ...   
247   -4.844664
248   -5.800000
249   -5.960000
250   -5.520000
251   -5.740000
Name: Permeability, Length: 252, dtype: float64","[array([-5.79387755, -6.61230922, -5.39760731, -5.40504854, -5.15930325,
       -5.79301115, -6.40836066, -5.73299864, -5.99074297, -6.38829131,
       -5.28380861, -5.51309011, -5.66212318, -5.33423847, -5.3817136 ,
       -5.65555034, -6.52460837, -6.63487125, -6.81358922, -5.80533752,
       -5.7860669 , -6.63487125, -6.40679856, -5.5950324 , -6.61230922,
       -5.9400928 , -5.8424083 , -6.40679856, -5.84961783, -7.00349826,
       -7.15079915, -6.7599513 , -5.8424083 , -6.13306667, -6.40836066,
       -6.2642963 , -6.19501212, -5.71870825, -5.7630436 , -5.7616296 ,
       -5.73299864, -6.24085987, -5.86931182, -5.95178811, -5.81611752,
       -5.82894434, -5.69879999, -6.42811966, -5.96845293, -6.2495025 ,
       -6.45488202, -6.98240334, -6.49052255, -6.38604256, -5.9400928 ,
       -5.81357202, -5.79186383, -5.80899434, -5.71870825, -6.29925466,
       -6.19406998, -5.82894434, -5.7616296 , -5.7860669 , -5.64958232,
       -5.7616296 , -6.3297944 , -6.49352621, -6.3297944 , -5.92958136,
       -6.38604256, -5.71870825, -6.45488202, -6.17192424, -5.70135833,
       -5.99074297, -6.29925466, -5.7616296 , -5.81611752, -5.64159011,
       -5.95178811, -6.40679856, -5.82894434, -5.87180723, -5.65555034,
       -6.46898245, -5.98538491, -5.72849558, -5.6675567 , -5.82894434,
       -5.70135833, -5.18781158, -4.97815722, -4.89096056, -4.96237113,
       -5.13668066, -4.75975087, -5.07475106, -4.25142857, -4.63709677,
       -5.00880755, -5.13668066, -4.97815722, -4.85311169, -5.04179207,
       -5.24529763, -5.66066581, -5.81611752, -5.63337017, -5.5535917 ,
       -5.3817136 , -5.8424083 , -6.24085987, -5.14272258, -7.2601908 ,
       -7.00349826, -7.1400774 , -7.40743814, -6.81358922, -6.72263158,
       -6.56521212, -6.61467211, -5.79387755, -7.00349826, -5.75339844,
       -5.71870825, -7.28835351, -6.03989691, -7.28212905, -7.15079915,
       -6.2642963 , -6.61059549, -5.8424083 , -7.09133286, -6.61467211,
       -6.37392857, -6.49052255, -7.00349826, -6.46244859, -7.09133286,
       -5.79387755, -6.59881859, -7.1400774 , -6.13306667, -7.15079915,
       -5.92958136, -6.43605769, -7.05584042, -5.81357202, -7.32022659,
       -6.00672431, -6.88315982, -7.28212905, -7.35360875, -6.87650343,
       -7.26059551, -6.48099174, -6.41297966, -7.19996208, -6.87814781,
       -7.1400774 , -7.28212905, -6.6790566 , -6.42117626, -7.09133286,
       -7.2601908 , -6.6790566 , -7.1343872 , -7.36848761, -7.01845388,
       -6.08640446, -6.24458955, -5.7616296 , -6.42117626, -7.05584042,
       -6.45874916, -5.8424083 , -5.57134328, -6.43605769, -6.12189943,
       -6.38604256, -6.4437989 , -5.71870825, -6.57930876, -6.41323779,
       -6.40836066, -6.62424242, -6.31843575, -6.12189943, -6.33651447,
       -6.90316541, -6.08538381, -6.46244859, -6.38604256, -6.77691616,
       -6.48238549, -6.48099174, -6.51937868, -5.69879999, -5.72849558,
       -5.8424083 , -6.3872007 , -6.12189943, -6.03989691, -6.59847618,
       -6.49352621, -6.59847618, -5.89509091, -5.71870825, -5.71870825,
       -5.81357202, -6.29925466, -6.84780933, -7.2273065 , -6.64153924,
       -6.94696759, -6.41297966, -6.61467211, -6.61913683, -6.61913683,
       -5.8424083 , -5.99266361, -6.24458955, -6.3872007 , -6.41323779,
       -6.29925466, -6.00297937, -5.8424083 , -6.64153924, -7.40271254,
       -7.28835351, -7.17071383, -7.17071383, -7.26059551, -6.85577292,
       -6.55306375, -6.85536208, -5.95178811, -6.03989691, -6.3297944 ,
       -6.47434528, -6.46898245, -7.34803267, -7.15079915, -6.00906152,
       -6.65615905, -5.33423847, -5.10308366, -6.3297944 , -5.7860669 ,
       -6.33651447, -6.46898245]), array([-6.15117181, -6.52945578, -5.37977273, -5.32021067, -5.18062355,
       -5.89662656, -6.4325    , -5.58010106, -5.77594856, -6.12881267,
       -5.16378404, -5.57003521, -5.43721519, -5.15836735, -5.52928571,
       -5.54018182, -6.52638577, -6.66116708, -6.66116708, -6.12540869,
       -5.99110239, -6.53560149, -5.94872183, -5.64067317, -6.36641099,
       -5.80790914, -6.00004906, -6.53560149, -5.89662656, -6.95251497,
       -6.95251497, -6.686     , -5.94872183, -6.06279856, -6.13959516,
       -6.120882  , -5.98470803, -6.00496174, -6.00248858, -5.88759764,
       -5.88175427, -6.06279856, -6.00496174, -5.88175427, -5.94325926,
       -6.00260638, -5.82733104, -6.12881267, -6.00260638, -6.06279856,
       -6.43224278, -6.9609619 , -6.5284955 , -6.11515625, -6.09583792,
       -6.09583792, -5.81189369, -5.79257524, -5.72829787, -6.12881267,
       -6.03352431, -5.82733104, -5.82733104, -5.8549487 , -5.75435085,
       -5.88759764, -6.11825397, -6.20543036, -6.11161959, -6.06744148,
       -6.12881267, -5.78009295, -6.20961767, -6.12881267, -5.81665003,
       -6.120882  , -6.10061563, -5.96680851, -6.06744148, -5.60391304,
       -6.00496174, -6.120882  , -6.00004906, -5.88759764, -5.75204259,
       -6.48016448, -5.89662656, -5.80790914, -5.70243879, -5.89662656,
       -5.72829787, -5.32021067, -4.34615385, -4.84237288, -4.62258473,
       -5.08677786, -4.534     , -5.11795386, -4.11555556, -4.36813953,
       -5.07267121, -5.12764006, -4.90221472, -4.88766189, -4.88766189,
       -5.32021067, -5.69671875, -5.80790914, -5.72829787, -5.42085254,
       -5.32640777, -5.94872183, -6.08619805, -5.07267121, -7.29492652,
       -7.10355912, -7.14328315, -7.39843129, -6.59389226, -6.29148936,
       -6.70708041, -6.95251497, -6.02486618, -7.10355912, -5.88175427,
       -5.81189369, -7.30023731, -6.25552842, -7.22665655, -7.14328315,
       -6.10242642, -6.58700202, -6.06279856, -7.16506642, -6.66116708,
       -6.120882  , -6.5284955 , -7.11580115, -6.31728814, -7.29286486,
       -5.80790914, -6.55839628, -6.93338413, -6.22460591, -7.16506642,
       -6.06279856, -6.20972973, -6.88646859, -6.0930356 , -7.30329716,
       -6.10061563, -7.10355912, -7.30329716, -7.34910655, -6.59389226,
       -7.29668275, -6.61758441, -6.20961767, -7.22665655, -6.79610249,
       -6.79610249, -7.30329716, -6.57568421, -6.43577997, -7.29668275,
       -7.30023731, -6.61758441, -6.93338413, -7.4412    , -6.93338413,
       -5.81189369, -6.06279856, -5.82733104, -6.29148936, -6.9609619 ,
       -6.20961767, -5.98470803, -5.66014151, -6.25402687, -6.02099415,
       -6.07421884, -6.22460591, -5.82743577, -6.52064174, -6.50818827,
       -6.09583792, -6.5284955 , -6.07421884, -6.00260638, -6.0930356 ,
       -6.70708041, -6.43224278, -6.48016448, -6.20543036, -6.9609619 ,
       -6.58700202, -6.43577997, -6.44966102, -5.7266704 , -5.79257524,
       -6.06279856, -6.12881267, -6.02486618, -5.90822683, -6.64528627,
       -6.57775396, -6.57775396, -6.07421884, -5.81189369, -5.81665003,
       -5.94872183, -6.08619805, -6.55839628, -7.22665655, -6.59389226,
       -7.10355912, -6.22460591, -6.58700202, -6.50818827, -6.5284955 ,
       -5.88894737, -6.06744148, -6.20961767, -6.11161959, -6.23276442,
       -6.31538462, -5.88894737, -5.89662656, -6.55839628, -7.34910655,
       -7.30329716, -6.94961487, -7.22665655, -7.36260027, -6.94413435,
       -6.5284955 , -6.73923931, -6.00260638, -6.20961767, -6.20961767,
       -6.53560149, -6.40384947, -7.32979176, -7.14328315, -6.0796082 ,
       -6.64267613, -5.30350404, -5.17147135, -6.20961767, -5.88175427,
       -6.120882  , -6.53560149]), array([-5.9306581 , -6.53541667, -5.51030354, -5.55137168, -5.28722916,
       -5.74207883, -6.44027446, -5.66547619, -5.65837315, -6.23534378,
       -5.30574576, -5.54059807, -5.57031512, -5.44263234, -5.44263234,
       -5.49097888, -6.52435516, -6.85898453, -6.81735294, -5.9305464 ,
       -5.64166261, -6.79793919, -5.9306581 , -5.68448485, -6.44534907,
       -5.72099647, -5.75394202, -6.52729412, -5.75394202, -7.03035929,
       -7.28420407, -6.72446285, -5.91241071, -5.90415652, -6.36588517,
       -6.04538712, -5.72099647, -5.66547619, -5.75394202, -5.83896952,
       -5.71202338, -6.1303002 , -6.03022636, -5.74037975, -5.73021402,
       -5.78284724, -5.71202338, -6.2739555 , -5.80401222, -6.24750927,
       -6.26027406, -6.95888341, -6.50621331, -6.10569578, -6.24750927,
       -5.63446654, -5.66547619, -5.72099647, -5.64697674, -6.24750927,
       -6.10569578, -5.71202338, -5.68448485, -5.78284724, -5.55137168,
       -5.71202338, -6.33662145, -6.44027446, -6.27428668, -6.01132046,
       -6.26027406, -5.66547619, -6.33532234, -5.96946841, -5.6213825 ,
       -6.03022636, -6.29110645, -5.67807692, -5.92674394, -5.636155  ,
       -6.26027406, -6.29110645, -5.78284724, -5.83896952, -5.60602041,
       -6.49772455, -5.96740757, -5.62068909, -5.63446654, -5.72099647,
       -5.67807692, -5.28722916, -4.81666667, -5.04301212, -4.82698878,
       -4.98123609, -4.98123609, -4.9702958 , -3.9796    , -4.28453477,
       -5.07709823, -5.44263234, -5.07709823, -4.76674869, -4.94516623,
       -5.29395149, -5.61439153, -5.83896952, -5.61894028, -5.5327957 ,
       -5.30574576, -6.03022636, -6.2739555 , -5.54059807, -7.35265277,
       -7.23348837, -7.33240566, -7.4725464 , -6.88091208, -6.59168675,
       -6.78881486, -6.83684847, -6.1303002 , -7.04953028, -5.66547619,
       -5.636155  , -7.35212741, -6.12270091, -7.28420407, -7.36688203,
       -6.25113444, -6.50719642, -6.04538712, -7.13920766, -6.64670309,
       -6.36494646, -6.54418661, -7.13443532, -6.28751132, -7.06128406,
       -5.71202338, -6.54418661, -7.22484984, -6.23534378, -7.1135312 ,
       -5.96740757, -6.33532234, -6.83684847, -5.71202338, -7.31518624,
       -6.2739555 , -6.89803309, -7.31518624, -7.36688203, -6.72446285,
       -7.35265277, -6.52118946, -6.50205985, -7.1135312 , -6.85642857,
       -7.13920766, -7.35265277, -6.72441176, -6.52435516, -7.28420407,
       -7.33240566, -6.83684847, -7.06128406, -7.36688203, -7.13920766,
       -5.78284724, -6.36494646, -5.72099647, -6.46702154, -6.91349453,
       -6.3814158 , -5.9306581 , -5.49097888, -6.3814158 , -6.01132046,
       -5.91241071, -6.47978903, -5.71202338, -6.61858481, -6.53475904,
       -6.29110645, -6.52118946, -6.12270091, -5.96740757, -6.30268251,
       -6.88091208, -6.23534378, -6.3814158 , -6.25113444, -6.96795449,
       -6.48352185, -6.44937984, -6.3814158 , -5.636155  , -5.70052174,
       -6.04538712, -6.36494646, -6.1303002 , -6.03022636, -6.62389685,
       -6.60677419, -6.67778367, -6.12270091, -5.70052174, -5.67807692,
       -5.67807692, -6.04538712, -6.54418661, -7.28420407, -6.73696659,
       -7.06128406, -6.44937984, -6.73690277, -6.67778367, -6.65703437,
       -5.9306581 , -5.78284724, -6.36355515, -6.33532234, -6.33662145,
       -6.34939408, -5.9306581 , -5.90415652, -6.57991223, -7.38185521,
       -7.31518624, -7.08870481, -7.13920766, -7.13443532, -6.79793919,
       -6.35208295, -6.88091208, -5.95918414, -6.2739555 , -6.35208295,
       -6.53933333, -6.44027446, -7.36831722, -7.08870481, -5.95918414,
       -6.66010645, -5.32282241, -5.12258871, -6.34939408, -5.7085876 ,
       -6.24750927, -6.53475904]), array([-5.84013262, -6.5989303 , -5.35778351, -5.36849678, -5.05790272,
       -5.70526651, -6.30453868, -5.80988663, -5.69424112, -6.30453868,
       -5.10139086, -5.40139466, -5.51514445, -5.40435829, -5.27380946,
       -5.51514445, -6.62727273, -6.9566697 , -6.6931105 , -5.7430129 ,
       -5.69249056, -6.77252894, -6.17402971, -5.69249056, -6.16099178,
       -5.69249056, -5.81718121, -6.49690909, -5.69424112, -6.62126986,
       -7.18715478, -6.64890208, -5.88088066, -5.88088066, -6.51032467,
       -6.08662921, -5.83889657, -6.01368698, -5.9249611 , -5.77307624,
       -5.88088066, -6.25745179, -5.88687485, -5.7430129 , -5.79207461,
       -5.8005298 , -5.68684211, -6.42333333, -5.88687485, -6.16099178,
       -6.51032467, -6.81484515, -6.52015877, -6.1464708 , -6.11237928,
       -5.80988663, -5.69151097, -5.84013262, -5.70526651, -6.16226458,
       -6.14652737, -5.88687485, -5.81718121, -5.77545994, -5.54873282,
       -5.67747059, -6.35802458, -6.52015877, -5.81718121, -5.82192158,
       -6.01699516, -5.69151097, -6.14770115, -6.1130303 , -5.69249056,
       -6.14770115, -6.14652737, -5.77307624, -6.01368698, -5.69151097,
       -6.05701512, -6.15728915, -5.75143112, -5.84013262, -5.70519355,
       -6.46750464, -5.82570574, -5.63739753, -5.67747059, -5.88088066,
       -5.70519355, -5.20301226, -4.54947368, -4.40727273, -4.72433328,
       -4.78875406, -4.45660101, -4.8777741 , -4.07705882, -4.55542857,
       -5.10139086, -5.3238613 , -5.22725228, -4.94689332, -5.01737047,
       -5.3238613 , -5.70673469, -5.77307624, -5.40139466, -5.33611679,
       -5.34186856, -5.88088066, -6.01368698, -5.01737047, -7.29959381,
       -7.07776717, -7.19421277, -7.36395561, -6.80984079, -6.61519245,
       -6.73875333, -6.73342008, -6.15728915, -6.98415448, -5.82192158,
       -5.70526651, -7.32362543, -6.054271  , -7.18715478, -7.11552612,
       -6.11237928, -6.60864728, -5.88088066, -7.19421277, -6.61966303,
       -6.17402971, -6.56636802, -7.18715478, -6.30011111, -7.100691  ,
       -5.69151097, -6.51032467, -7.19421277, -5.96636256, -7.18715478,
       -5.80988663, -6.25745179, -7.14210091, -5.83889657, -7.19421277,
       -5.9249611 , -6.76746667, -7.24333036, -7.34736903, -6.76746667,
       -7.34007714, -6.58626452, -6.58567962, -7.24333036, -6.9566697 ,
       -7.07776717, -7.34007714, -6.75450806, -6.52222222, -7.100691  ,
       -7.18131709, -6.62853375, -7.31905929, -7.4096254 , -7.03834532,
       -5.81718121, -6.3792493 , -5.80988663, -6.43399225, -7.01483666,
       -6.16226458, -5.91790323, -5.51514445, -6.22352862, -6.054271  ,
       -6.07489055, -6.52733414, -5.67747059, -6.58626452, -6.46750464,
       -6.054271  , -6.51032467, -6.08662921, -6.054271  , -6.14236686,
       -6.8660987 , -6.30453868, -6.50121764, -6.43399225, -6.81269053,
       -6.70574074, -6.41886221, -6.30011111, -5.64156789, -5.76008584,
       -5.88687485, -6.16226458, -5.88687485, -5.81718121, -6.58567962,
       -6.52015877, -6.56557261, -5.83889657, -5.8067816 , -5.69151097,
       -5.68684211, -6.01699516, -6.57699125, -7.31905929, -6.94858696,
       -7.14170521, -6.39095238, -6.58626452, -6.58626452, -6.56557261,
       -5.95511194, -5.82192158, -6.07997001, -6.30011111, -6.25745179,
       -6.25745179, -5.84013262, -5.85655765, -6.57699125, -7.4096254 ,
       -7.29959381, -6.96402375, -7.24333036, -7.34007714, -6.94858696,
       -6.52015877, -6.94167344, -5.88088066, -6.22967742, -6.21016367,
       -6.60774266, -6.4912839 , -7.35769114, -7.19421277, -6.07489055,
       -6.75062517, -5.14865618, -5.22725228, -6.35729032, -5.75143112,
       -6.22677323, -6.51032467]), array([-5.74775281, -6.51402313, -5.4933675 , -5.48821787, -5.187939  ,
       -5.55976946, -6.45181131, -5.74775281, -5.85543011, -6.24212101,
       -5.42991743, -5.62989247, -5.48456353, -5.34407846, -5.25989078,
       -5.42991743, -6.6287885 , -6.65012739, -6.64011236, -5.95271676,
       -5.74775281, -6.67072727, -5.95885759, -5.4933675 , -6.47433508,
       -5.85632   , -5.96179104, -6.51402313, -5.85632   , -6.6287885 ,
       -7.15771378, -6.61630809, -6.027375  , -6.16082965, -6.24212101,
       -6.1208764 , -5.89862347, -5.78014552, -5.78014552, -5.95350648,
       -5.94626465, -6.027375  , -5.95350648, -5.87416836, -5.86557065,
       -5.84044475, -5.85632   , -6.41226916, -5.89370275, -6.21568047,
       -6.41226916, -7.1146525 , -6.44459572, -6.00119844, -6.06195624,
       -5.94626465, -5.74775281, -5.86557065, -5.89872402, -6.36863526,
       -6.1949219 , -5.88346528, -5.78014552, -5.85632   , -5.66183333,
       -5.87416836, -6.27      , -6.51072533, -6.25082922, -5.99415254,
       -6.23604167, -5.73355559, -6.027375  , -6.02383758, -5.75515684,
       -6.027375  , -6.3798493 , -5.78014552, -5.99415254, -5.81545732,
       -5.99875   , -6.43239596, -5.89862347, -5.89872402, -5.75515684,
       -6.52084906, -6.00119844, -5.73355559, -5.71694902, -5.88346528,
       -5.75994975, -5.28203048, -4.65928571, -4.93471243, -4.77355556,
       -4.95614076, -4.73033589, -4.80629489, -4.02454545, -4.30695652,
       -4.93471243, -5.13472179, -4.91393065, -4.82794872, -4.82304587,
       -5.18157895, -5.62543651, -5.69837503, -5.49106195, -5.48456353,
       -5.34407846, -6.00119844, -5.95271676, -5.11434615, -7.21669596,
       -6.875     , -7.21669596, -7.35269972, -6.80114709, -6.66505276,
       -6.67072727, -6.73805254, -5.94058527, -7.06117766, -5.75515684,
       -5.81545732, -7.2897242 , -6.25937398, -7.21669596, -7.15670884,
       -6.09978525, -6.53929313, -5.95271676, -7.13320189, -6.61630809,
       -6.36863526, -6.55308943, -7.03032935, -6.45921426, -7.20553079,
       -5.75994975, -6.61410751, -7.1643487 , -6.21568047, -7.15670884,
       -5.89872402, -6.51643105, -6.96747224, -5.86557065, -7.29316613,
       -5.9535671 , -6.86516291, -7.24132682, -7.34068974, -6.78409744,
       -7.30733784, -6.52960317, -6.43866989, -7.15771378, -7.06117766,
       -7.1643487 , -7.21669596, -6.56910807, -6.53929313, -7.18148717,
       -7.21669596, -6.62292629, -7.19956955, -7.35269972, -7.1643487 ,
       -6.027375  , -6.45921426, -5.84044475, -6.40316429, -7.15771378,
       -6.41226916, -5.78014552, -5.4933675 , -6.45921426, -5.99875   ,
       -5.95885759, -6.3798493 , -5.71694902, -6.51402313, -6.44740587,
       -6.39183724, -6.62292629, -5.87416836, -5.9854902 , -6.17599727,
       -6.76544107, -5.95885759, -6.51402313, -6.41226916, -6.73700935,
       -6.48312251, -6.48312251, -6.44740587, -5.67388527, -5.71694902,
       -5.95271676, -6.24212101, -5.94058527, -5.87416836, -6.59759706,
       -6.55254868, -6.6065466 , -6.00119844, -5.78014552, -5.75515684,
       -5.86557065, -6.05004533, -6.61410751, -7.2897242 , -6.55308943,
       -7.06117766, -6.45921426, -6.56910807, -6.61630809, -6.56910807,
       -5.95271676, -5.94058527, -6.24212101, -6.45921426, -6.1949219 ,
       -6.25937398, -5.89872402, -5.9854902 , -6.62195761, -7.35269972,
       -7.35269972, -7.15670884, -7.18148717, -7.19628821, -6.76544107,
       -6.62195761, -6.76544107, -6.02383758, -6.00912991, -6.4283625 ,
       -6.56807748, -6.52440617, -7.2897242 , -7.18514706, -6.00912991,
       -6.61630809, -5.3611001 , -5.12333114, -6.02383758, -5.95885759,
       -6.31533333, -6.45921426])]","[-5.89271858 -6.55802702 -5.42776692 -5.42666911 -5.17459954 -5.7393505
 -6.40749702 -5.70724306 -5.79494718 -6.25982149 -5.25692934 -5.5310021
 -5.53387229 -5.33673498 -5.37746638 -5.52635459 -6.5662821  -6.75236399
 -6.72506642 -5.91140445 -5.77181505 -6.68233363 -6.08381316 -5.6212097
 -6.41187923 -5.80356179 -5.87507433 -6.49612528 -5.81014951 -6.84728617
 -7.14647735 -6.68712486 -5.9223593  -6.02834641 -6.33325733 -6.12761421
 -5.92764733 -5.83659573 -5.84491616 -5.8429559  -5.83078432 -6.14375708
 -5.94897625 -5.83822068 -5.82944721 -5.8510745  -5.7562633  -6.33329807
 -5.91112983 -6.18729652 -6.41399854 -6.96634926 -6.49799717 -6.15091277
 -6.0915551  -5.86000555 -5.7416995  -5.80565386 -5.73959468 -6.24129529
 -6.13494787 -5.82772778 -5.77415444 -5.81112856 -5.6331742  -5.78257792
 -6.28253888 -6.43402303 -6.15674222 -5.96488349 -6.20563322 -5.71786879
 -6.23497963 -6.08141464 -5.71740765 -6.0633855  -6.24347068 -5.79194736
 -5.96362849 -5.67772529 -6.05455781 -6.28169442 -5.85237904 -5.86744621
 -5.69479275 -6.48704503 -5.93526464 -5.70560939 -5.67977633 -5.84218266
 -5.71457528 -5.25605883 -4.66994743 -4.82366615 -4.7819667  -4.98991789
 -4.69238477 -4.96941394 -4.08963768 -4.43043124 -5.03893606 -5.23310723
 -5.01973062 -4.85647286 -4.94300731 -5.27298001 -5.66078946 -5.78688949
 -5.57461298 -5.46558405 -5.33996283 -5.94068712 -6.11348343 -5.1775417
 -7.28481197 -7.05866258 -7.20533499 -7.39901423 -6.77987629 -6.57721058
 -6.6941176  -6.77510163 -6.00938367 -7.04038396 -5.77554146 -5.73749615
 -7.31081357 -6.14635424 -7.23936808 -7.18663986 -6.16600434 -6.57054687
 -5.95683828 -7.14460432 -6.63170268 -6.2804844  -6.53653242 -7.09424377
 -6.36531468 -7.15034071 -5.75305416 -6.56516673 -7.13137457 -6.15501188
 -7.15465208 -5.93367963 -6.35099852 -6.97774612 -5.86461964 -7.28521778
 -6.05196473 -6.90347632 -7.27705392 -7.35153122 -6.74928453 -7.3114692
 -6.54712666 -6.42980134 -7.18823879 -6.90970525 -7.06350068 -7.29897042
 -6.66055374 -6.48856535 -7.19087957 -7.25816936 -6.6769899  -7.12953685
 -7.38777895 -7.05874794 -5.90514032 -6.30215963 -5.7920577  -6.40336874
 -7.02056946 -6.32486327 -5.89116464 -5.54619513 -6.35084865 -6.04144701
 -6.08128405 -6.41107546 -5.7305174  -6.56376459 -6.47421912 -6.24828265
 -6.56143567 -6.09523062 -6.02633492 -6.21011934 -6.82453953 -6.20327333
 -6.46785393 -6.33777375 -6.85110648 -6.54835452 -6.45362725 -6.41959449
 -5.67541571 -5.73972548 -5.95803712 -6.25706908 -6.02090518 -5.93393994
 -6.6101872  -6.55015236 -6.60522661 -5.98642113 -5.76361016 -5.7320206
 -5.7985567  -6.09957607 -6.6282982  -7.26939012 -6.6948149  -7.06293873
 -6.38742641 -6.6187899  -6.60153628 -6.58786948 -5.9139685  -5.92109184
 -6.22797068 -6.3186936  -6.28699947 -6.29617182 -5.9122883  -5.89704785
 -6.59575932 -7.37919988 -7.31182609 -7.06595322 -7.19227911 -7.25879929
 -6.8623749  -6.51515172 -6.8365256  -5.96365937 -6.15245548 -6.30600424
 -6.54502005 -6.46575929 -7.3387114  -7.15242939 -6.02637486 -6.66517498
 -5.29406424 -5.14954543 -6.25398681 -5.81733949 -6.24940246 -6.50177638]","[0.14267963 0.03970774 0.06201041 0.08309494 0.07314614 0.11048415
 0.05341242 0.07842149 0.11928898 0.0855335  0.11480303 0.07551675
 0.07733182 0.09763435 0.10186514 0.0742428  0.05042458 0.13090646
 0.07572924 0.13227006 0.1200842  0.09530744 0.18427079 0.07279067
 0.14846213 0.0901076  0.09190233 0.04654047 0.07451413 0.18320245
 0.10806446 0.0513324  0.06314253 0.11564979 0.12951355 0.07377503
 0.15884805 0.14565329 0.10041007 0.07173192 0.0917709  0.0923424
 0.06318146 0.08333347 0.07166548 0.07845301 0.07090906 0.11719192
 0.06931102 0.06998927 0.08356703 0.09517336 0.02965257 0.12731319
 0.09858054 0.15400868 0.05623026 0.04925016 0.08443046 0.08776282
 0.06061158 0.06323637 0.05081821 0.03650381 0.0769368  0.08471396
 0.08718125 0.1175899  0.18436586 0.08392325 0.12485475 0.03888019
 0.14817973 0.07387176 0.06538092 0.06014682 0.10371665 0.09482349
 0.08641142 0.07435354 0.10813058 0.12632331 0.08890368 0.0243325
 0.05735859 0.02006086 0.06540417 0.06875219 0.02864615 0.06484948
 0.02771998 0.05144551 0.21725087 0.21849755 0.11257683 0.12050255
 0.18444147 0.1167617  0.09311449 0.14053257 0.06044056 0.12824833
 0.12090347 0.06003993 0.08092816 0.05362819 0.03689036 0.04905925
 0.11491016 0.07922835 0.02497296 0.07068096 0.12532022 0.18636986
 0.04509806 0.11808454 0.07001245 0.04207713 0.09724728 0.14976803
 0.07522192 0.11325704 0.13259914 0.04249575 0.0727358  0.06822712
 0.02421591 0.09493622 0.03805418 0.09121911 0.07511486 0.04078328
 0.08711974 0.03428318 0.0187891  0.10994704 0.02609362 0.06787096
 0.07856659 0.08629854 0.04515364 0.03747347 0.10300438 0.10104195
 0.02397868 0.08291281 0.11274448 0.11081562 0.1254814  0.0464665
 0.12609959 0.10994731 0.0302729  0.00872587 0.09218465 0.03267519
 0.04868204 0.1251893  0.0472471  0.09153077 0.13672687 0.04825556
 0.07591148 0.04962779 0.08721871 0.05460978 0.08289622 0.1296003
 0.03277336 0.08412045 0.12584541 0.13795593 0.04444987 0.05970531
 0.0837897  0.11703272 0.07173211 0.06390609 0.09541791 0.04424028
 0.16521198 0.10493277 0.05073996 0.04021671 0.04313176 0.14761211
 0.05107432 0.14139247 0.05588697 0.09381576 0.07533436 0.16573907
 0.04668415 0.09182438 0.09562407 0.08840187 0.02515535 0.07398411
 0.03424409 0.03283124 0.08610155 0.10414683 0.0965383  0.08759493
 0.02152292 0.0401989  0.03908715 0.10639896 0.04574893 0.04985097
 0.1041743  0.10223488 0.11223186 0.03659821 0.14091615 0.06528295
 0.08505015 0.06083463 0.05529689 0.04502408 0.04294106 0.10570434
 0.09066487 0.11656822 0.07834697 0.0348269  0.0538471  0.04999539
 0.03092416 0.02487358 0.02215977 0.09343793 0.0379108  0.08574146
 0.07444305 0.08903861 0.07469762 0.04929818 0.10696228 0.08501359
 0.04377612 0.04143345 0.02757871 0.03731871 0.04538567 0.04539357
 0.07505654 0.04492583 0.12685286 0.09091259 0.07611643 0.03222435]"
5,XGBRegressor,"[-5.6674647, -6.2672167, -6.986393, -6.159202, -6.705331, -5.8770666, -5.5507393, -6.937614, -6.80992, -5.780932, -5.868229, -4.7788005, -5.394924, -4.866847, -7.035558, -6.94969, -5.4152703, -5.6109233, -5.4371934, -6.5358644, -6.120132, -7.2810583, -6.794394, -7.517583, -7.2565947, -6.2305617, -6.568478, -6.0544267, -6.6770825, -6.873866, -6.43066, -6.143192, -6.596673, -5.598677, -5.9587593, -5.6047254, -5.872058, -6.132436, -6.1258507, -7.161134, -5.8364305, -6.2394323, -5.984469, -6.807301, -6.7830954, -6.963763, -7.1851106, -5.682532, -5.727942, -5.5777116, -5.621362, -5.714401, -6.20651, -5.7178597, -5.6875253, -5.814562, -5.309193, -5.832675, -5.6962223, -5.718816, -5.519326, -5.7721143, -6.2766523, -5.6441283, -5.69758, -5.985195, -5.944044, -5.706063, -5.813621, -6.3337054, -5.917167, -5.8425307, -5.807241, -5.7224016, -5.550444, -5.4863048, -5.4489427, -4.4276986, -4.3909874, -4.2394595, -4.3520246, -4.252576, -5.069558, -4.8712845, -5.0983214, -5.4786777, -4.7925396, -5.2048135, -6.380827, -6.290857, -6.4462724, -4.840095, -6.029059, -5.759765, -5.669617, -6.601656, -7.277671, -7.4423666, -7.442682, -6.6819916, -7.146806, -7.2814093, -5.658702, -7.2367444, -6.8445687, -7.3891845, -7.388076, -6.0251565, -6.8683257, -7.209593, -6.8120537, -7.176503, -6.390075, -6.5657167, -7.2269306, -7.3324313, -7.1987915, -6.5497465, -6.8948174, -6.2240934, -6.202117, -7.3213367, -7.407681, -7.2721033, -7.3879924, -7.222756, -7.3593287, -7.3326735, -6.30779, -7.0909724, -7.4542413, -5.950957, -7.3744073, -5.7130303, -6.9777627, -6.970804, -7.201071, -6.858312, -6.898725, -5.472616, -6.4448423, -6.204078, -7.126801, -5.868265, -6.5339065, -7.1123686, -6.431582, -5.79485, -6.4341354, -5.752536, -5.6470923, -6.334312, -5.9108644, -6.009976, -6.0362277, -5.6344447, -5.739888, -7.0379257, -6.8635573, -7.3916264, -5.8242884, -6.592139, -6.024703, -6.0647354, -6.468249, -6.2049184, -6.371219, -6.3071194, -6.525682, -5.9894266, -5.781752, -6.422202, -5.527322, -6.9451013, -6.3103485, -6.3244495, -7.294026, -7.038398, -5.6063375, -6.272282, -6.165423, -7.1354322, -6.337812, -6.5957108, -5.924892, -7.243185, -7.0573487, -6.2572474, -5.9737563, -6.0712304, -5.8348484, -6.0243735, -6.526313, -6.423904, -6.339736, -5.804301, -6.134513, -5.9883947, -5.9112244, -5.978818, -5.964598, -7.232302, -6.21947, -6.4923034, -5.239289, -5.113545, -5.531, -5.414259, -5.843064, -5.644226, -6.8749714, -6.002113, -5.0039325, -5.1838703, -6.942267, -6.0157695, -5.7132673, -5.266338, -6.758543, -5.9982142, -5.789365, -6.003185, -5.977357, -6.843874, -7.0718703, -6.0113106, -7.053079, -6.838857, -6.219432, -6.5365233, -5.8211255, -6.074409, -5.688255, -5.961917, -5.651587, -5.7942824, -5.951477, -5.5196824, -5.6015973, -5.662985, -5.7472057, -5.6579905, -6.254121, -5.656713, -5.9698195, -5.770387, -5.861109, -6.9533386, -6.131854, -5.9094267, -5.7520237, -5.6280723, -5.82814, -5.4400806, -5.917983, -5.6934466, -5.8662906, -5.554502, -5.803406, -5.7396913, -5.6276546, -5.2951255, -5.6620426, -5.8178086, -5.4006796, -5.780882, -5.5368686, -5.5153847, -6.243022, -5.6516743, -5.640529, -5.946751, -6.4226623, -5.821061, -5.8758235, -4.1929545, -5.0883126, -5.2497826, -5.1336446, -5.0110984, -4.7942963, -5.0458517, -5.32006, -5.545851, -5.672654, -5.9862323, -5.497509, -5.3171473, -5.7797146, -5.519088, -6.379035, -7.199256, -7.2642465, -7.3729486, -7.0670185, -6.123112, -6.0450463, -6.320628, -6.904475, -7.152707, -7.2889557, -7.078358, -7.117242, -6.2334285, -7.2118764, -6.197981, -6.480034, -7.110827, -7.0135546, -6.626186, -6.6523523, -6.2892385, -6.184525, -7.1811585, -6.6715713, -7.3141108, -7.2723713, -7.183579, -7.2768154, -6.9061975, -7.1907187, -7.449754, -5.7582273, -7.06726, -7.1439323, -6.7584434, -6.782976, -7.0911546, -6.852303, -7.031809, -7.070887, -6.7415147, -6.9416676, -6.882321, -7.4225903, -6.052175, -6.1915407, -5.5253696, -5.997947, -6.304336, -6.7235894, -6.917122, -6.6494966, -6.0824637, -5.5295124, -6.6064167, -5.7296066, -7.1289515, -6.959077, -7.1448774, -6.371496, -6.268542, -5.960663, -7.0309854, -6.5983458, -5.5732975, -6.429868, -6.6191096, -6.093103, -5.881436, -5.6806397, -6.362188, -6.609509, -6.3704658, -5.957945, -5.861974, -5.903139, -6.144941, -5.892101, -5.670259, -6.1692634, -6.0326505, -6.916655, -6.724567, -5.639343, -6.3395534, -7.112154, -6.1019263, -6.870549, -6.0639973, -5.7137537, -5.777853, -5.587183, -6.356047, -6.288928, -6.323667, -5.8401575, -5.2213798, -5.152692, -4.6699514, -5.9176793, -5.929323, -6.231081, -5.8235674, -5.7970724, -5.9491267, -5.605293, -5.7290235, -5.9016867, -5.7081065, -7.1894393, -5.8667607, -6.5111375, -5.734669, -4.9392924, -5.524227, -6.3621583, -5.938913, -5.173284, -5.16637, -5.744425, -5.722182, -6.9415593, -6.923306, -6.1027517, -6.0573955, -6.88587, -6.504719, -6.765424, -5.951866, -6.626798, -5.7692423, -6.109156, -5.7552395, -7.347251, -7.292801, -7.3794684, -7.3832607, -6.8875756, -5.926783, -6.0622835, -5.617033, -5.750754, -5.902323, -5.947087, -5.8810134, -5.740748, -5.9749846, -5.5520515, -5.629379, -5.9034224, -6.373025, -5.6015277, -5.869142, -6.828407, -5.7676063, -6.993144, -6.6916637, -7.3130374, -6.8951836, -5.353797, -5.693011, -5.8956184, -6.1476197, -5.683407, -5.75418, -5.65385, -5.4660373, -5.5618644, -6.088014, -5.75575, -5.918706, -5.537724, -5.7068343, -6.239689, -5.737845, -5.7164574, -5.700605, -5.6501174, -5.785631, -6.313245, -5.762727, -6.0707636, -5.7118607, -5.658768, -5.5194025, -6.1077275, -6.421449, -5.7718806, -5.6900334, -5.8550267, -5.8534184, -4.003059, -5.1080565, -5.0222616, -4.842058, -3.990979, -3.5794902, -4.861088, -4.8100457, -4.8230925, -4.92357, -5.290981, -6.0859466, -5.117997, -6.0605125, -5.7816887, -4.9406, -5.8197556, -5.195491, -5.119672, -5.2006183, -6.710559, -5.3185673, -7.1091294, -6.1515265, -6.6357493, -6.502459, -6.7439218, -6.781339, -7.1548557, -6.6293554, -7.2448726, -7.3385906, -6.05469, -7.3081408, -7.273634, -5.548861, -5.881864, -6.981298, -7.141103, -7.0112915, -7.1742883, -7.271874, -7.161461, -6.1537757, -7.2097354, -7.143118, -6.9375215, -6.866241, -6.0833793, -6.8923025, -6.6783566, -7.1738324, -6.15372, -6.6257515, -6.3309503, -7.028989, -7.1565638, -6.2290273, -6.124497, -7.3088727, -5.7933617, -7.2303104, -5.810452, -7.423902, -7.1124706, -7.3514385, -6.1917677, -5.875398, -6.5356126, -7.2430625, -6.76746, -7.1713576, -6.819116, -6.2059336, -6.426316, -6.864853, -6.1301, -6.7337637, -7.18713, -5.991398, -5.6728234, -5.5588284, -6.5534463, -6.852808, -6.1184125, -6.328988, -5.8281326, -5.747081, -6.868919, -6.063902, -6.1835675, -6.7362676, -6.3358517, -5.9011617, -5.970782, -6.206201, -6.842226, -7.15942, -5.6423187, -6.650383, -6.2828517, -6.289611, -5.9409676, -7.0174875, -7.110296, -6.84643, -6.7418647, -6.2496004, -6.1150303, -5.9345107, -5.9262304, -6.350062, -6.2021694, -6.345367, -6.5390096, -5.170119, -5.256845, -6.2639937, -5.791468, -5.8503394, -5.6810336, -5.7033887, -5.9968123, -6.089277, -4.990361, -4.805317, -4.762554, -6.688363, -5.3412647, -5.067093, -5.0186176, -5.1015286, -6.791743, -5.1098676, -5.3700547, -4.8742, -6.0211544, -7.039428, -5.702268, -6.459986, -6.06443, -5.6437845, -5.499226, -6.4041963, -7.0350366, -5.9891725, -7.3794885, -7.1805077, -6.889124, -6.6303043, -6.1615553, -6.174499, -6.0082235, -5.8990383, -5.843828, -5.559678, -5.9624367, -5.7697697, -5.6409197, -5.743112, -5.716134, -5.638242, -5.695449, -5.7532177, -6.894831, -6.2778554, -6.8071356, -5.8970513, -6.112374, -6.5249515, -5.645606, -5.7955194, -5.592101, -5.9062576, -5.629867, -5.7911916, -5.773197, -6.0274115, -5.644502, -5.642433, -5.8222914, -5.878922, -5.834489, -6.563837, -5.636477, -5.9264145, -5.930455, -5.8622174, -5.920682, -5.11145, -4.542221, -4.6350117, -4.2023644, -3.7122543, -4.852855, -5.2390966, -5.300187, -5.0171394, -5.296119, -5.0076027, -5.358359, -5.0676875, -5.2629514, -5.006161, -5.8658304, -5.3551216, -5.1526213, -5.381552, -6.076259, -5.158711, -5.201606, -5.2527547, -5.1804113, -6.9332347, -6.9599056, -6.856031, -6.5355864, -7.3301487, -6.243047, -5.7267365, -7.1251664, -7.29707, -5.331072, -7.1770077, -5.601692, -5.9806185, -6.454823, -6.640531, -6.756616, -5.694543, -5.762536, -7.0550528, -6.8519135, -6.788593, -7.118682, -7.546328, -6.03321, -6.141561, -7.149402, -7.347811, -7.15009, -6.142249, -7.15951, -5.623455, -7.1680536, -5.935865, -6.930952, -6.1729436, -7.0961103, -7.1968536, -7.0351157, -7.043488, -7.3519254, -7.080067, -6.999906, -6.8387628, -6.1677327, -7.255775, -7.291432, -5.96651, -7.142509, -7.123954, -5.8453784, -6.412865, -7.025461, -6.8604426, -7.203496, -6.212799, -5.8533816, -6.1537175, -5.774368, -5.833132, -5.704121, -5.462038, -5.4722185, -6.9777946, -7.0617676, -6.5789742, -6.38042, -5.677283, -6.04724, -6.3164115, -6.557009, -6.457345, -5.132685, -6.004944, -6.119979, -5.8086314, -6.0094495, -5.809154, -6.0865545, -6.0920677, -6.1682277, -6.940979, -6.167264, -6.9479423, -6.981229, -6.113903, -6.974246, -6.5175304, -6.371515, -6.440334, -5.995702, -6.072118, -7.1297646, -7.0206714, -6.838106, -7.0516844, -6.369878, -5.8877034, -6.0896125, -6.369915, -6.4205794, -7.1351256, -7.172838, -5.5026693, -6.1969523, -5.2669897, -6.048787, -5.9877825, -5.7334666, -7.3776293, -5.5509896, -6.086129, -5.7773013, -5.6913395, -5.7107124, -6.6236258, -5.2040405, -4.665447, -4.8288026, -5.8115664, -5.099896, -6.724341, -6.8588505, -6.904732, -6.276317, -6.97426, -7.1858363, -7.181064, -6.014891, -6.27291, -6.4486594, -6.1853395, -5.387551, -6.9135675, -6.96337, -7.3632, -6.811393, -7.4519663, -5.7037992, -6.097595, -6.6329346, -6.454757, -6.121807, -6.367953, -6.640211, -7.417003, -7.5713763, -7.4274826, -6.027824, -5.765378, -5.882681, -6.133949, -5.401013, -5.5935445, -5.8990245, -5.9254174, -5.7924514, -5.735391, -5.7624383, -5.568787, -5.837639, -5.7000947, -5.725674, -5.6297507, -5.841039, -6.20257, -5.588313, -5.742194, -6.112177, -6.0843053, -6.1097956, -5.851895, -5.948783, -5.9750834, -5.5954204, -5.866415, -6.1236176, -6.332086, -5.402889, -5.510442, -4.281427, -4.9535155, -4.6307254, -5.1533384, -5.231951, -4.1856594, -4.252623, -4.8596296, -4.594834, -4.5548544, -4.8527026, -5.5261183, -5.065378, -5.2937927, -6.0429053, -5.962711, -5.1683025, -5.721363, -5.5088468, -6.5461683, -4.847735, -7.223356, -6.90944, -7.2505255, -7.3432593, -7.330864, -5.666034, -6.495233, -5.699223, -6.557649, -6.5586514, -6.419654, -7.0776515, -6.863383, -5.5567374, -7.4419427, -7.607635, -7.236905, -6.799238, -6.992235, -7.5194793, -6.5627747, -5.928368, -6.1173353, -6.958236, -7.126954, -5.56764, -6.7530265, -7.3080206, -6.5025873, -7.346826, -7.0093575, -7.1126885, -6.2209573, -7.078189, -7.3474984, -7.364573, -7.1160536, -7.206593, -7.1401033, -5.6263776, -6.761227, -7.1112976, -7.2179418, -6.8356767, -6.6491337, -7.2018843, -6.9451303, -5.6841946, -5.9582157, -7.40222, -7.364942, -6.598287, -7.100849, -7.458244, -6.250172, -5.5000963, -6.681322, -6.03301, -5.899303, -5.9275665, -6.6813173, -5.5839252, -6.8526917, -6.1118093, -6.625642, -6.072699, -5.6282897, -6.683491, -6.799045, -5.585082, -5.8703184, -6.168508, -6.39025, -6.1562614, -6.5506496, -6.058573, -6.083695, -6.120249, -7.099251, -7.2017665, -6.3364744, -6.8141413, -7.2671013, -6.5832496, -6.632407, -7.0223026, -6.475682, -6.2230363, -5.8425093, -7.077033, -6.9230294, -7.1607723, -6.858286, -6.1029882, -5.9967604, -5.947793, -5.9828386, -6.217039, -6.49434, -6.1919785, -6.1780663, -7.034184, -5.624006, -5.9427238, -5.187798, -5.6761727, -6.0339875, -5.742344, -5.9208984, -5.717646, -6.7335815, -6.16039]","0     -6.440000
1     -6.400000
2     -5.660000
3     -6.700000
4     -4.670000
         ...   
247   -4.844664
248   -5.800000
249   -5.960000
250   -5.520000
251   -5.740000
Name: Permeability, Length: 252, dtype: float64","[array([-5.8350115, -6.676717 , -5.2753835, -5.5982137, -4.768975 ,
       -5.6470757, -6.700799 , -6.1488094, -5.8836145, -6.037451 ,
       -4.859699 , -5.82536  , -5.1475377, -4.9115725, -5.080447 ,
       -5.286807 , -6.6291113, -6.612338 , -6.7836537, -6.138908 ,
       -5.5865655, -6.8315444, -6.4390674, -5.1889963, -6.714485 ,
       -5.963361 , -6.2052827, -6.456332 , -5.589168 , -6.9644494,
       -7.079314 , -6.499258 , -5.7830987, -5.85923  , -6.0665545,
       -6.044131 , -5.959302 , -5.7957807, -5.663895 , -5.689489 ,
       -6.1717906, -6.261192 , -5.9362974, -5.715094 , -5.5951424,
       -5.9581084, -5.623712 , -6.405893 , -5.829207 , -6.018099 ,
       -6.1972046, -6.715938 , -6.1147113, -6.4933367, -5.537814 ,
       -5.6891394, -5.589132 , -5.850952 , -5.4338756, -5.9585705,
       -6.0385427, -5.7282023, -5.762967 , -5.7078047, -5.6708937,
       -5.7764378, -6.1191216, -6.5215898, -5.9477496, -5.7829266,
       -5.9367228, -5.814858 , -6.6334777, -6.0985217, -5.7241917,
       -6.051778 , -5.9013658, -5.8044376, -6.248543 , -5.6730676,
       -6.168161 , -6.3894043, -5.647853 , -6.057789 , -5.8221436,
       -6.004538 , -5.6053424, -5.652222 , -5.662738 , -5.843728 ,
       -5.60203  , -5.800707 , -4.710634 , -4.84859  , -4.2892914,
       -5.062897 , -4.429686 , -5.125518 , -4.042235 , -4.4248343,
       -5.2206535, -5.195128 , -4.9444337, -4.688893 , -4.7213745,
       -5.195219 , -5.6205454, -5.839313 , -5.753717 , -5.0710354,
       -5.6334953, -5.839835 , -6.2986636, -4.87999  , -7.254873 ,
       -7.0910716, -6.819435 , -7.10873  , -6.781841 , -6.8109894,
       -6.7128496, -6.914997 , -5.848345 , -7.063964 , -5.898038 ,
       -5.432472 , -7.373814 , -6.018034 , -7.2377715, -7.410152 ,
       -5.761704 , -6.521549 , -5.74314  , -7.286656 , -6.456261 ,
       -5.9557114, -6.059674 , -7.2493935, -6.278464 , -7.109565 ,
       -5.6452346, -6.6750045, -7.17759  , -6.1166444, -7.422341 ,
       -5.7555833, -6.141433 , -6.63995  , -5.808003 , -7.4874735,
       -5.7650023, -7.100239 , -7.5042014, -7.52887  , -7.2269683,
       -7.1960435, -6.5590224, -6.817769 , -7.191551 , -6.902672 ,
       -6.9373956, -6.8900228, -6.706639 , -6.5565586, -7.0237737,
       -7.438952 , -6.770733 , -6.976296 , -7.178794 , -6.667626 ,
       -6.317385 , -6.0109587, -5.7573414, -6.2946353, -7.0156584,
       -5.8097706, -5.876126 , -5.8459644, -6.565548 , -6.265668 ,
       -6.3814163, -6.228133 , -5.515273 , -6.594761 , -6.0473127,
       -6.260729 , -6.7193413, -5.8629203, -5.956857 , -6.281708 ,
       -6.366341 , -6.294285 , -6.5106955, -6.2524395, -6.697522 ,
       -6.29912  , -6.374117 , -6.360248 , -5.682762 , -5.4067416,
       -5.764253 , -5.954812 , -5.981885 , -5.599468 , -6.313611 ,
       -6.209456 , -6.37276  , -6.1100807, -5.7710414, -5.578469 ,
       -5.9944987, -5.9853396, -6.903475 , -7.177036 , -6.850085 ,
       -6.9662733, -6.6767015, -6.725382 , -6.413    , -6.4563446,
       -6.165477 , -6.0663457, -6.109503 , -6.267941 , -6.0866   ,
       -6.2372804, -5.848499 , -5.8823905, -6.567322 , -7.401815 ,
       -7.1494145, -6.9403844, -7.1928267, -7.107952 , -6.8332276,
       -6.228538 , -6.6354303, -5.9017344, -6.1066732, -6.24995  ,
       -6.320011 , -6.5916705, -7.2979445, -7.028302 , -6.0645676,
       -6.577004 , -4.9501786, -5.1704755, -5.907915 , -5.6467066,
       -6.036258 , -6.6021   ], dtype=float32), array([-5.7271338, -6.4929442, -5.3824015, -5.2867756, -5.0034657,
       -5.703533 , -6.6438465, -5.5460033, -5.69965  , -5.9390526,
       -5.413393 , -5.4296665, -5.152238 , -5.0101414, -4.761501 ,
       -5.313378 , -6.6109414, -6.5979257, -6.7115827, -6.0721397,
       -5.6572695, -6.8748198, -6.1558642, -5.586959 , -6.5786395,
       -5.8944182, -6.081003 , -6.211714 , -5.650227 , -6.9282584,
       -7.020969 , -7.0045433, -6.0478997, -6.210539 , -6.5686555,
       -6.0924616, -5.780299 , -5.718943 , -5.682602 , -5.730242 ,
       -5.8785105, -5.9176493, -5.6560445, -5.5892453, -5.686976 ,
       -5.8993917, -5.7130437, -6.088305 , -5.822148 , -5.9965305,
       -6.2422705, -6.993955 , -6.737375 , -6.1974626, -5.666104 ,
       -5.765059 , -5.7117853, -5.8695426, -5.826862 , -6.1426725,
       -6.0325437, -5.576062 , -5.7430363, -6.253728 , -5.7382565,
       -5.7709475, -6.4805574, -6.1058307, -5.7598042, -5.679375 ,
       -5.9132376, -5.5993876, -6.6112833, -6.0305367, -5.7140293,
       -6.1328216, -5.7657557, -5.739176 , -5.9390874, -5.8345475,
       -6.305163 , -6.1656685, -5.3835206, -5.835123 , -5.862192 ,
       -6.3811374, -5.6551256, -5.4833336, -5.5970063, -5.716525 ,
       -5.5608907, -5.5524006, -5.0767245, -5.063712 , -4.699109 ,
       -5.006783 , -4.764898 , -5.087181 , -3.9525988, -4.512471 ,
       -5.2151294, -5.3512197, -5.0360055, -5.0183973, -4.7223334,
       -5.132469 , -5.636236 , -5.86671  , -5.695034 , -5.377168 ,
       -5.310571 , -6.04404  , -6.7570577, -5.528447 , -7.0386457,
       -6.830098 , -6.9377356, -7.181697 , -7.129567 , -6.6715226,
       -6.8291306, -7.1219306, -5.955715 , -7.0581665, -5.70324  ,
       -5.344747 , -7.3215785, -5.991808 , -7.275624 , -7.063148 ,
       -5.894601 , -6.5457587, -5.84686  , -7.324548 , -6.6213694,
       -5.9969935, -6.071293 , -7.3984756, -6.2415214, -7.152535 ,
       -5.7798905, -6.7247105, -6.821453 , -6.139553 , -7.2268877,
       -5.6919675, -6.393355 , -6.883288 , -5.7247634, -7.4030147,
       -5.8100357, -7.093557 , -7.2924933, -7.3465204, -6.48871  ,
       -7.2092805, -6.1898603, -6.447458 , -7.1950974, -7.0501823,
       -7.084074 , -7.2805657, -6.235343 , -6.4651666, -7.019665 ,
       -7.287306 , -6.7021575, -6.852301 , -7.2540236, -7.214728 ,
       -5.9204516, -5.8243566, -5.737352 , -6.190161 , -7.0696416,
       -5.701552 , -5.822723 , -5.6545377, -6.3757358, -6.1862187,
       -6.132197 , -6.472074 , -5.407627 , -6.5825963, -6.368232 ,
       -6.2140007, -6.3975334, -6.0842195, -5.7224703, -6.4056253,
       -6.3429246, -6.3610573, -6.387537 , -6.4242625, -6.9928017,
       -6.785632 , -6.7132945, -6.508861 , -5.683801 , -5.3530865,
       -5.865068 , -5.9301085, -6.1674023, -5.6919193, -6.1360407,
       -6.4153166, -6.550041 , -6.480333 , -5.694805 , -5.5655093,
       -6.3741217, -5.6941586, -7.005747 , -7.0822186, -6.7485886,
       -7.0681667, -6.3043556, -6.70824  , -6.8498006, -6.442483 ,
       -5.7586555, -6.0349174, -6.1367173, -6.452906 , -6.502001 ,
       -6.6206303, -5.686305 , -6.011637 , -6.6223435, -7.221884 ,
       -7.204891 , -6.946211 , -7.132419 , -7.019135 , -6.5864677,
       -6.546576 , -6.5013113, -5.6606226, -6.1580687, -6.4335537,
       -6.511208 , -6.272447 , -7.2281365, -6.9830227, -6.002632 ,
       -6.7164545, -5.174805 , -5.174508 , -6.0036526, -5.8121104,
       -6.32198  , -6.3805513], dtype=float32), array([-5.6781006, -6.4084373, -5.454116 , -5.1464887, -4.907539 ,
       -5.7103586, -6.924835 , -5.9534087, -5.466332 , -6.087557 ,
       -5.2039275, -5.3992567, -5.3676095, -4.8649087, -4.92379  ,
       -5.8587527, -6.9066415, -6.83016  , -6.6341543, -5.84189  ,
       -5.9545283, -7.0127273, -6.2640095, -5.856064 , -6.2108717,
       -6.2214136, -5.7512846, -6.6102867, -5.3836956, -7.0958176,
       -7.1270995, -6.827043 , -5.9014654, -5.736558 , -6.1347766,
       -6.0335717, -6.0137806, -5.8529987, -5.689535 , -5.733748 ,
       -5.9242706, -5.893611 , -5.8933086, -5.7223563, -5.5909657,
       -5.7439666, -5.637131 , -6.1626496, -5.730801 , -5.698779 ,
       -6.2572618, -6.88341  , -6.309166 , -6.0454407, -5.772788 ,
       -5.702378 , -5.6715665, -5.668565 , -5.659471 , -5.9861145,
       -6.055557 , -5.837603 , -5.9511294, -5.8397884, -5.750942 ,
       -5.6681967, -6.159379 , -6.0457425, -6.049468 , -5.818641 ,
       -5.9790483, -5.493414 , -6.182976 , -5.850226 , -5.678138 ,
       -5.9163947, -5.772886 , -5.770441 , -5.884612 , -5.89007  ,
       -6.285015 , -6.1581936, -5.7317047, -5.7910423, -5.6292386,
       -6.5187407, -5.700448 , -5.531292 , -5.728385 , -5.681138 ,
       -5.6288652, -5.2889147, -4.9184117, -5.0919547, -4.896597 ,
       -5.2344484, -5.1823435, -4.8099103, -3.644036 , -4.2577624,
       -5.0381393, -5.4573913, -4.9656873, -4.423477 , -4.664407 ,
       -5.2552204, -5.5887837, -5.7671056, -5.4998975, -5.4276967,
       -4.9970636, -5.8555646, -6.263097 , -5.259489 , -7.2826037,
       -6.9920826, -7.096307 , -7.1895957, -7.277057 , -6.688152 ,
       -6.9233723, -6.9259987, -6.332284 , -7.2453966, -5.800597 ,
       -5.419934 , -7.2657447, -6.04336  , -7.360978 , -7.2881956,
       -5.988357 , -6.6374073, -5.871376 , -7.2203913, -6.346738 ,
       -5.961379 , -6.5707693, -7.2260113, -6.5532975, -7.2098303,
       -5.643335 , -6.64377  , -7.087159 , -5.863748 , -7.2715683,
       -5.7420382, -6.3331957, -6.879235 , -5.981974 , -7.418441 ,
       -5.8928967, -6.8400145, -7.529644 , -7.259355 , -6.767165 ,
       -7.422683 , -6.327838 , -6.4886785, -7.176774 , -7.2277946,
       -6.9534817, -7.1996403, -6.782696 , -6.336313 , -7.354217 ,
       -7.303017 , -6.6023207, -7.127874 , -7.279161 , -7.1076827,
       -6.0866504, -6.3278337, -6.0317907, -6.191434 , -6.887228 ,
       -6.537604 , -5.8113375, -5.846074 , -6.544274 , -6.0381064,
       -5.980932 , -6.253806 , -5.5684333, -6.801781 , -6.367168 ,
       -6.16636  , -6.6030917, -6.3000536, -5.9442177, -5.9397936,
       -6.5655007, -6.2192135, -6.4419894, -6.169224 , -7.174003 ,
       -6.4186525, -6.6851087, -6.9052525, -5.66417  , -5.4696307,
       -5.866174 , -5.988245 , -6.178999 , -5.5916777, -6.720835 ,
       -6.460631 , -6.3933897, -6.178746 , -5.7117686, -5.6226177,
       -5.879891 , -5.8697977, -7.294638 , -6.8984365, -6.593481 ,
       -7.0432863, -6.8917747, -6.6566143, -6.5866613, -6.6396947,
       -5.974001 , -6.0397754, -6.6558127, -6.4823494, -6.0484285,
       -6.331932 , -5.741122 , -5.7572803, -6.6188135, -7.1235776,
       -7.2496386, -6.984902 , -6.961515 , -6.9876003, -6.5279264,
       -6.198458 , -6.9663196, -5.747875 , -6.0520663, -6.1750374,
       -6.5630875, -6.429529 , -7.242056 , -6.8326087, -6.021019 ,
       -6.332462 , -4.937546 , -4.770937 , -5.928059 , -5.8282027,
       -6.08318  , -6.265828 ], dtype=float32), array([-5.643833 , -6.900988 , -5.21416  , -5.2076964, -5.058658 ,
       -5.9034467, -6.788159 , -6.0277753, -5.737088 , -6.8564625,
       -5.231336 , -5.7772474, -5.5907593, -5.3587313, -5.0056267,
       -5.277311 , -6.830591 , -6.5105586, -7.1775584, -6.240078 ,
       -5.7211943, -6.9622245, -6.3176155, -5.6152368, -5.7075076,
       -5.8191466, -6.433772 , -6.2694936, -5.4164286, -6.9485645,
       -7.4550586, -6.765011 , -5.8878484, -6.045293 , -6.503815 ,
       -5.8841147, -5.6869197, -5.5168157, -5.5958567, -5.7073627,
       -5.759592 , -5.8066454, -5.7168603, -5.6900516, -5.548597 ,
       -5.885548 , -5.834719 , -6.3858666, -5.850181 , -5.856029 ,
       -6.4061995, -7.013962 , -6.60823  , -6.1950164, -6.1559258,
       -5.6426797, -5.5796084, -5.645839 , -5.677745 , -5.93157  ,
       -6.4210253, -5.926471 , -5.853309 , -6.0862756, -5.963808 ,
       -5.7294703, -6.147142 , -6.742013 , -5.672182 , -5.9586453,
       -6.0409007, -5.517817 , -6.648081 , -5.845454 , -5.567297 ,
       -5.9350557, -5.9572086, -5.7209516, -6.098583 , -5.774169 ,
       -6.0966263, -6.0544305, -5.6385164, -5.7491655, -5.6352587,
       -6.1627665, -5.852406 , -5.5007596, -5.728648 , -5.8189664,
       -5.740463 , -4.926334 , -4.4877663, -4.451371 , -4.579211 ,
       -4.506323 , -4.094431 , -4.931218 , -3.8215888, -4.453723 ,
       -5.0404663, -5.168951 , -4.883645 , -4.4357886, -4.6932535,
       -5.0538774, -5.703955 , -5.8392224, -5.407486 , -5.184737 ,
       -5.2095613, -6.057171 , -6.529871 , -5.0033526, -7.288947 ,
       -7.217364 , -7.303808 , -7.3424253, -6.8244104, -6.7001095,
       -7.0721884, -6.487407 , -6.2226586, -7.233449 , -5.742399 ,
       -5.4852123, -7.3231993, -5.795863 , -7.1864495, -7.265603 ,
       -5.8747506, -6.0813766, -5.6454916, -7.321987 , -6.668813 ,
       -5.9521346, -6.8103256, -7.1752663, -6.4088473, -6.7194943,
       -5.7926373, -6.3008265, -7.0131373, -5.9997544, -7.2218585,
       -5.858011 , -6.027471 , -7.0430913, -5.712453 , -7.3845325,
       -5.5526724, -7.0050473, -7.425888 , -7.4100614, -7.380577 ,
       -7.3477063, -7.0842285, -6.816601 , -7.0819426, -7.261591 ,
       -7.207765 , -7.4703574, -6.2659326, -6.67955  , -6.7929115,
       -6.988607 , -7.039652 , -6.842864 , -7.217049 , -7.2861657,
       -6.2328167, -5.9330587, -5.9171185, -6.286363 , -7.2286696,
       -6.073126 , -5.713024 , -5.7524323, -6.2088284, -5.9135485,
       -6.4358664, -6.202411 , -5.63045  , -6.6084194, -6.210907 ,
       -6.0942516, -6.407608 , -5.9959607, -6.076646 , -6.2543955,
       -6.4437037, -5.850145 , -6.323779 , -6.325833 , -7.2303767,
       -6.983037 , -6.776986 , -7.0507507, -5.6689672, -5.54579  ,
       -5.641225 , -6.0757957, -6.1475954, -5.631309 , -6.433607 ,
       -6.181774 , -6.5859556, -6.1879034, -5.7604275, -5.574876 ,
       -5.960537 , -6.014238 , -6.853142 , -6.989143 , -7.062959 ,
       -6.980691 , -6.27457  , -6.654907 , -6.8830175, -6.2548213,
       -6.1522646, -5.9639935, -6.2764587, -6.651175 , -6.554921 ,
       -5.931864 , -5.7983246, -6.208148 , -6.611848 , -7.2620425,
       -7.358278 , -7.064875 , -7.000978 , -7.062212 , -6.616223 ,
       -6.4006724, -7.0410647, -5.7265687, -5.9961066, -6.1637535,
       -6.5447407, -6.4026546, -7.290804 , -7.06835  , -5.9408736,
       -6.2574363, -5.304623 , -4.7682843, -6.1839337, -5.92033  ,
       -6.4555025, -6.425407 ], dtype=float32), array([-5.940729 , -6.2680006, -5.344356 , -6.079242 , -4.6853857,
       -5.932914 , -6.695754 , -5.9653   , -5.4197054, -6.26475  ,
       -5.2474384, -6.0720906, -4.979516 , -5.165277 , -5.041559 ,
       -5.500584 , -6.662482 , -6.5417347, -6.8277326, -5.904824 ,
       -5.51502  , -6.7375107, -6.01878  , -5.937011 , -6.6962395,
       -6.3523617, -5.8146553, -6.615272 , -5.4676523, -7.0398526,
       -7.2191596, -6.870314 , -5.9420853, -5.892217 , -6.26045  ,
       -5.9723363, -6.0136523, -5.6405272, -5.574357 , -5.686759 ,
       -5.9523487, -6.0485477, -5.957614 , -5.6217017, -5.5756187,
       -5.771867 , -5.7063646, -6.296243 , -5.876955 , -6.2786427,
       -6.209956 , -7.072514 , -6.4387765, -6.1231346, -5.7344623,
       -5.843579 , -5.7526584, -5.702031 , -5.8299   , -6.1268697,
       -6.2053595, -5.850259 , -5.5849786, -5.681386 , -5.6420016,
       -5.92435  , -6.063164 , -6.2402678, -6.155044 , -6.0549283,
       -6.272585 , -5.657643 , -6.4692593, -6.178037 , -5.6450377,
       -5.9978504, -6.0150843, -5.7299   , -5.7959175, -5.863568 ,
       -6.2819176, -6.3279705, -5.6294384, -6.10818  , -5.984923 ,
       -6.416129 , -5.70353  , -5.617396 , -5.562142 , -5.71348  ,
       -5.6154385, -5.655098 , -4.5994134, -5.0783668, -4.5911994,
       -4.538019 , -4.412411 , -4.825872 , -4.1381392, -4.5565343,
       -5.070163 , -5.0519934, -4.938915 , -4.474082 , -4.5638523,
       -5.2965403, -5.7726183, -5.8404   , -5.586884 , -5.3551464,
       -5.358664 , -5.7805357, -6.410499 , -4.9206142, -7.1149354,
       -7.050083 , -7.023601 , -7.4443645, -6.859345 , -6.317882 ,
       -7.0676856, -7.1828647, -5.885975 , -7.387542 , -5.7107525,
       -5.572291 , -7.3683887, -5.987177 , -7.1825356, -7.1984572,
       -5.7794695, -6.438626 , -5.7523518, -7.004267 , -6.0971503,
       -6.1206417, -6.0446067, -6.8464613, -6.2038193, -7.1678815,
       -5.8340163, -6.4146614, -7.1830564, -6.1465163, -7.1621923,
       -5.8050203, -6.222092 , -6.765447 , -5.9176836, -7.514864 ,
       -5.8474145, -6.793018 , -7.4032893, -7.572483 , -6.7989917,
       -7.324855 , -6.5171404, -6.391682 , -7.295726 , -7.07781  ,
       -7.072019 , -7.192207 , -6.7183895, -6.558447 , -6.859268 ,
       -7.54377  , -6.6820035, -6.8443975, -7.2838955, -6.825497 ,
       -5.91052  , -6.2743783, -5.8334513, -6.9453855, -7.1525474,
       -6.2264037, -5.881809 , -5.615248 , -6.7116494, -6.078399 ,
       -6.0850625, -6.327552 , -5.423004 , -6.5885167, -6.325071 ,
       -6.4853897, -6.565706 , -5.9462996, -6.061359 , -6.2800384,
       -6.346297 , -6.485698 , -6.2780333, -5.9323506, -6.9882493,
       -6.48274  , -5.978654 , -6.5668836, -5.731553 , -5.3484783,
       -5.843053 , -6.0409   , -6.064871 , -5.5809684, -6.6815767,
       -6.506403 , -6.9277754, -6.2659655, -5.5789332, -5.7015166,
       -5.785731 , -5.842004 , -6.5182467, -7.199484 , -6.7911124,
       -6.946118 , -6.4967093, -6.9356885, -7.05236  , -6.363436 ,
       -6.030069 , -6.3434405, -6.3920913, -6.3637576, -6.105641 ,
       -6.4715767, -5.9086933, -5.919402 , -6.711897 , -7.0883927,
       -7.1625366, -6.92802  , -7.170027 , -7.01375  , -6.638594 ,
       -5.9670095, -6.9540315, -5.7998   , -6.111412 , -6.007826 ,
       -6.398651 , -6.391091 , -7.302952 , -7.1528354, -5.9407125,
       -6.4904346, -5.255479 , -4.7723303, -6.0801606, -6.0581436,
       -6.242961 , -6.601042 ], dtype=float32)]","[-5.7649617 -6.549417  -5.3340836 -5.463683  -4.8848047 -5.7794657
 -6.750679  -5.9282594 -5.6412783 -6.2370543 -5.1911592 -5.700724
 -5.247532  -5.0621266 -4.9625845 -5.4473667 -6.7279534 -6.618544
 -6.8269362 -6.039568  -5.686916  -6.883765  -6.239067  -5.636853
 -6.381549  -6.0501404 -6.0572    -6.4326196 -5.5014343 -6.995389
 -7.18032   -6.7932343 -5.9124794 -5.9487677 -6.3068504 -6.005323
 -5.890791  -5.705013  -5.641249  -5.70952   -5.9373026 -5.985529
 -5.832025  -5.66769   -5.5994596 -5.851776  -5.702994  -6.2677913
 -5.8218584 -5.9696164 -6.2625785 -6.935956  -6.441652  -6.2108784
 -5.7734194 -5.7285666 -5.66095   -5.747386  -5.6855707 -6.029159
 -6.1506057 -5.7837195 -5.779084  -5.9137964 -5.7531805 -5.773881
 -6.193873  -6.331089  -5.91685   -5.858903  -6.0284986 -5.616624
 -6.509015  -6.000555  -5.6657386 -6.0067797 -5.88246   -5.752981
 -5.9933486 -5.8070846 -6.2273765 -6.2191334 -5.606207  -5.9082603
 -5.7867513 -6.2966623 -5.70337   -5.557     -5.6557837 -5.7547674
 -5.6295376 -5.4446907 -4.7585897 -4.906799  -4.6110816 -4.869694
 -4.576754  -4.95594   -3.9197197 -4.4410653 -5.1169105 -5.2449365
 -4.9537377 -4.6081276 -4.673044  -5.1866655 -5.6644278 -5.83055
 -5.5886035 -5.283157  -5.3018713 -5.915429  -6.451837  -5.1183786
 -7.1960015 -7.0361395 -7.036177  -7.253363  -6.974444  -6.637731
 -6.921045  -6.9266396 -6.0489955 -7.1977034 -5.771005  -5.450931
 -7.330545  -5.967248  -7.2486715 -7.245111  -5.8597765 -6.444944
 -5.771844  -7.2315702 -6.438067  -5.9973726 -6.3113337 -7.1791215
 -6.3371897 -7.0718613 -5.7390227 -6.5517945 -7.056479  -6.053243
 -7.2609696 -5.770524  -6.22351   -6.842202  -5.8289747 -7.4416656
 -5.7736044 -6.966375  -7.4311037 -7.423458  -6.9324822 -7.3001137
 -6.535618  -6.5924377 -7.1882186 -7.10401   -7.0509467 -7.206558
 -6.5418    -6.519207  -7.009967  -7.3123307 -6.7593737 -6.9287467
 -7.242584  -7.02034   -6.093565  -6.0741167 -5.8554106 -6.381596
 -7.070749  -6.069691  -5.821004  -5.7428513 -6.4812074 -6.0963883
 -6.203095  -6.296796  -5.5089574 -6.635215  -6.263738  -6.2441463
 -6.5386558 -6.0378904 -5.95231   -6.232312  -6.412954  -6.2420797
 -6.388407  -6.220822  -7.016591  -6.5938363 -6.505632  -6.678399
 -5.68625   -5.4247456 -5.795954  -5.997972  -6.10815   -5.6190686
 -6.4571342 -6.3547163 -6.5659842 -6.244606  -5.7033954 -5.6085978
 -5.9989557 -5.8811083 -6.9150496 -7.0692644 -6.809245  -7.000907
 -6.5288224 -6.7361665 -6.756968  -6.431356  -6.0160933 -6.0896945
 -6.3141165 -6.4436255 -6.2595177 -6.3186564 -5.7965884 -5.9557714
 -6.626445  -7.2195425 -7.2249513 -6.9728785 -7.0915527 -7.0381303
 -6.6404877 -6.268251  -6.819632  -5.76732   -6.0848656 -6.206024
 -6.46754   -6.417479  -7.2723784 -7.0130234 -5.993961  -6.474759
 -5.124526  -4.9313073 -6.020744  -5.853099  -6.2279763 -6.454985 ]","[0.10904045 0.22003052 0.08327697 0.34480408 0.14000484 0.1157465
 0.09864388 0.2033076  0.17378975 0.32723984 0.18121725 0.25442398
 0.21125148 0.18048725 0.11306715 0.2212338  0.11850067 0.11207634
 0.18723314 0.14721836 0.15052493 0.0969376  0.14299726 0.2614117
 0.38267058 0.2028844  0.25167987 0.16786857 0.10204519 0.06280002
 0.15193231 0.16670598 0.08565341 0.16376151 0.19841449 0.07166133
 0.13318187 0.11824486 0.04709451 0.01969949 0.13447557 0.15812482
 0.12217451 0.05292274 0.04670182 0.08089838 0.07494987 0.12417201
 0.0493626  0.19226392 0.07498069 0.1259094  0.2189298  0.15184392
 0.20729478 0.06953622 0.0676486  0.09405294 0.14483574 0.08808164
 0.14943612 0.12158346 0.1219386  0.22236314 0.11289249 0.08461381
 0.14712863 0.2628922  0.17877612 0.13266358 0.12952621 0.11508247
 0.17502639 0.1331551  0.05660702 0.07912634 0.09915684 0.03066544
 0.16121125 0.07729831 0.08117853 0.12209578 0.11718097 0.14610061
 0.13709572 0.1865432  0.08265257 0.06628054 0.06760489 0.06422448
 0.05995451 0.30840883 0.21341744 0.2445987  0.19709277 0.29367107
 0.36970523 0.13025698 0.17287526 0.10242607 0.08323884 0.14276895
 0.04925453 0.22654316 0.05860228 0.08650472 0.06589393 0.03341192
 0.12590884 0.13386136 0.20722184 0.11324838 0.17890932 0.24381927
 0.10093286 0.12684499 0.1625226  0.12209401 0.19416063 0.16727045
 0.13866995 0.24365996 0.1928465  0.12405466 0.07218562 0.07547187
 0.039084   0.08802886 0.06588405 0.1138436  0.0825074  0.1925073
 0.08087372 0.11970472 0.2057862  0.06367587 0.31887156 0.18217064
 0.12823902 0.17907964 0.07939883 0.16451782 0.1332266  0.1085711
 0.08786492 0.05665637 0.13118552 0.13432293 0.10597664 0.05050514
 0.11822923 0.12775756 0.08374621 0.11519445 0.3254518  0.0860019
 0.30482242 0.18607056 0.06788491 0.12982705 0.09851575 0.18735829
 0.23933458 0.11403114 0.1942246  0.18714009 0.15007357 0.11157697
 0.03974062 0.23598714 0.16309997 0.19531688 0.1085868  0.2854116
 0.1169154  0.2988639  0.06081404 0.09535293 0.17292124 0.12155318
 0.17566758 0.09709739 0.0848451  0.08372369 0.1224822  0.13259053
 0.1221638  0.14942387 0.12669927 0.15544128 0.08454125 0.21464707
 0.08268667 0.16690901 0.18636364 0.2522508  0.2979835  0.2578787
 0.02390297 0.07475606 0.08587429 0.05378141 0.07470246 0.04010766
 0.22098243 0.13334818 0.1993341  0.12780698 0.0685031  0.05046189
 0.2009411  0.1141884  0.25049254 0.11343828 0.15270942 0.04675448
 0.23223412 0.10357302 0.22763178 0.12643643 0.1477155  0.13132052
 0.19879222 0.12798938 0.22099708 0.2328002  0.07810785 0.15028049
 0.04708656 0.11085531 0.07535147 0.049774   0.09294974 0.04234031
 0.10327559 0.19605857 0.21159926 0.08067871 0.05566493 0.13836816
 0.09328087 0.10240921 0.03099889 0.10610499 0.04784619 0.16528407
 0.15327768 0.19693495 0.10175872 0.13524869 0.15398131 0.13051508]"
6,ExtraTreesRegressor,"[-5.800662671769998, -6.5308739545600005, -6.878394701520002, -5.778346049689999, -6.748799999999999, -5.874459586079997, -5.303992413640002, -6.809857574910008, -6.782955483190007, -5.837659539429998, -5.8887264805500035, -4.993581732379999, -5.44304307265, -5.235223678480001, -6.774300000000002, -6.999800767920002, -5.4565000000000055, -5.523607819770006, -5.4688179827600045, -6.813402967619997, -6.233327350880001, -7.0057287874500025, -6.92768894332, -7.3296107873899965, -7.3025490813200005, -6.4887108659400035, -6.695996294550001, -6.207996539410001, -6.608061739179998, -6.7652396372600005, -6.569686955459998, -6.436666217139998, -6.410274792789998, -5.70837724298, -5.845720877389999, -5.52990000000001, -5.929199999999998, -5.92171310882, -5.986872835289998, -7.03409276135, -5.741159319560005, -6.263514482979998, -5.794771610030001, -6.754530638939997, -6.952154392169998, -7.148604633719999, -7.101616526689996, -5.6903, -5.868431064560002, -5.5006829803300015, -5.59760423722, -5.547999999999998, -5.755532853659999, -5.602050000000002, -5.762775348999997, -5.9967500000000005, -5.664874880989999, -5.924492193799998, -5.759150000000001, -5.877517189859995, -5.668591003479998, -5.894222835289996, -6.213694239739999, -5.793025852150001, -5.646986521989998, -6.047012669619996, -5.997323107179998, -5.746136553700001, -5.623141003479998, -5.956758298399999, -6.085799999999999, -5.9873511836299995, -6.028927515539998, -5.740522835289998, -5.5484, -5.457399999999999, -5.25490958608, -4.402809586080006, -4.6737721463000055, -4.312700000000005, -4.507692413640006, -4.376179687000001, -5.185519970800002, -4.969021872170004, -5.00479426069, -5.424871353869998, -5.101093324640008, -5.275867507100002, -5.743300000000001, -6.32108453173, -6.379191954549999, -4.979200000000001, -6.034743280289997, -5.78905965683, -5.712204961980002, -6.46832883121, -7.351284249949998, -7.394249019599998, -7.521849019599996, -6.78200581074, -7.203257574909998, -7.053850596510002, -5.669199999999998, -7.3236445786200015, -6.8035056912300025, -7.071082721639997, -7.27883871964, -6.1526380933999985, -6.867653580250001, -7.169726675040003, -6.50629766881, -7.145464304360006, -6.47420218873, -6.458695510789998, -7.178826675040007, -7.220074469370004, -7.062847872880001, -6.730499999999999, -6.987077287670002, -6.15116961951, -6.28173214353, -7.144989700040003, -7.504269100130005, -7.2179344948100015, -7.37093871964, -7.136700000000004, -7.217812899810002, -7.2759737338400035, -6.174283592959999, -7.0206474883000025, -7.450118487489997, -5.952392814009999, -7.365141608700002, -6.207166564600002, -6.813729491850001, -7.183915149819998, -7.317347058800003, -6.887128441340001, -7.039238719640004, -5.591249999999999, -6.33269857301, -6.374498282450003, -7.230661689240003, -5.981738719639999, -6.807911233710004, -7.126241103960002, -6.583402167779999, -5.753905614400002, -6.447957574909999, -5.653949999999998, -5.745499710409999, -6.77958603694, -6.145393014919996, -6.275795083190001, -6.198549458789999, -5.732649999999998, -5.814634778560002, -6.8194582796899965, -6.938539239029999, -7.013614298970001, -5.889133173100001, -6.467507574910003, -5.9933506561500005, -6.135136648479999, -6.479919000439999, -6.180700000000007, -6.293509219079998, -6.6772721614299915, -6.58908636236, -5.959708055849998, -5.794244831679997, -6.411800993970003, -5.667649999999998, -7.06514152786, -6.0260397000399974, -6.111682282660001, -6.903300937630002, -6.923347762380001, -5.727023424850001, -6.210749387370004, -6.017782282660001, -6.62884256795, -6.03793741651, -6.321825160559996, -5.872793648049999, -7.281160434289997, -7.01082746084, -6.519128593739998, -5.881767105629998, -5.969884526709997, -5.95142924998, -6.002371617350002, -6.498712005619995, -6.336362159869999, -6.352223382289997, -5.819478554529996, -6.0387499999999985, -5.9705, -5.738938719639998, -6.030778831210001, -6.0808880934000005, -7.115610566580001, -5.605507595749998, -6.465860771889996, -5.307099999999999, -5.053820267340002, -5.566850000000001, -5.6002500000000035, -5.6008487120299995, -5.702317507100002, -6.752089700040002, -6.145624323250003, -5.414900000000005, -5.233000000000001, -6.739200000000011, -6.032767139630003, -5.901200000000002, -5.284659586080003, -6.857655173280001, -5.823156139850004, -5.789322784759996, -6.019385916029998, -6.078026112780002, -6.837858234580002, -6.873599999999998, -6.62209229989, -6.872065762450001, -6.887095926779999, -6.258996373099997, -6.452702871709997, -5.77994061302, -6.109112549639998, -5.7090499999999995, -5.813293993970002, -5.846893648050002, -5.8149136748, -5.933430717570002, -5.491200000000001, -5.6771, -5.842393648050002, -5.885446814219998, -5.799134651529999, -6.259789700040001, -5.79414649787, -5.9837740444300005, -5.959536803880002, -5.912324044429999, -6.905056349639994, -6.331475773189998, -5.904162065039999, -5.791749999999999, -5.662472835290004, -5.979369747780002, -5.577951183629999, -5.960982154850001, -5.717366920339999, -5.747759587989995, -5.739249999999999, -5.765100000000003, -5.784514610920002, -5.857361846340001, -5.68653791082, -5.684024018920002, -5.78919595101, -5.73781056648, -5.7793102518, -5.67762113296, -5.589150000000002, -6.281925988509996, -5.908877592230002, -5.7761919700299975, -5.952881064559998, -6.441867424539997, -5.759362669620001, -5.8013999999999974, -4.1476999999999995, -5.12760120729, -5.1780856049700015, -5.062209586080001, -4.837120267340003, -4.859126203870002, -4.974894260689996, -5.060300000000001, -5.40312511719, -5.540132154849996, -5.680186383060004, -5.2806877744400005, -5.130400000000002, -5.95824364805, -5.057100000000003, -6.7990143558700025, -7.225298039200001, -6.999899999999999, -7.240272508569998, -7.140757358760001, -6.385813142640001, -6.100699999999998, -5.9635000000000025, -7.309478005269999, -6.918310304310004, -7.264698039199998, -6.9247794363900015, -7.233159319560001, -6.219149999999998, -7.164095775160006, -6.5029405025900004, -6.294842428769999, -6.969095659229998, -6.59028310988, -6.547219532610001, -6.313355198109997, -6.3253835929600015, -6.397309586079998, -7.188799999999997, -6.604027379430002, -7.259483592970002, -7.1467342786599986, -7.060138719639999, -7.240734798040004, -6.9612155842, -7.116936758839997, -7.298658800170004, -5.823906353859999, -7.1406682247000015, -7.156984112350002, -6.95923505655, -7.104162208620003, -7.150165697920004, -6.529921593889998, -7.190628419690004, -7.1140755576700005, -7.1515490196, -6.930163512440001, -7.055206594510002, -7.284499999999996, -6.262424858619999, -6.213590900309999, -5.5845, -6.047447142139999, -6.12918878944, -6.509449938289999, -6.718343648060002, -6.40209107577, -6.207609149180001, -5.750270280709998, -6.245036499219999, -5.969089700040001, -6.91592878745, -6.998200000000002, -7.169743648059998, -6.168178595680001, -6.331762978509997, -5.961015519440002, -6.7664757731899945, -6.364907841429998, -5.71165484985, -6.531823778919997, -6.775173235189998, -6.066714647490003, -5.714501209139999, -5.827499999999998, -6.4223183442500025, -6.379005459510003, -6.10517875127, -5.928075773190009, -6.023811712329998, -5.903722412820001, -6.235939700040001, -6.013609586079998, -5.7399499999999986, -6.6721056370500005, -6.1137366495899945, -6.88850884791, -6.668438573709999, -5.843394507519999, -6.2465500000000045, -6.857483250030001, -6.048717982759999, -6.91726733343, -6.002705886560006, -5.774741721079998, -5.754599999999998, -5.813054967930004, -6.416891976329998, -6.502588461559998, -6.035552127210001, -5.869625926310002, -5.217378610439999, -5.138533088170002, -5.317899330770001, -5.881589300759998, -6.019617985809996, -6.39799965389, -6.113968976739999, -5.836772835290002, -5.873974044430003, -5.5885000000000025, -5.91695382708, -5.899399999999999, -5.598600000000001, -7.05269594002, -5.85617255086, -6.375097509959999, -5.84846184634, -4.988696662319999, -5.585594796909998, -6.335899387369997, -6.050049999999998, -5.3088936480500015, -5.295363149779998, -6.141658046119997, -5.583100000000001, -6.5736667932199975, -6.8702000000000085, -6.204554669230001, -6.354421353860001, -6.848699286120008, -6.786317982760002, -6.894572089399999, -5.82968908741, -7.028118487499996, -5.852713822340003, -6.146935367320006, -6.00167315891, -7.2207451625299965, -7.3356308998700035, -7.193049125250003, -7.40804364806, -6.887528939070002, -6.08841717176, -6.1656097797, -5.79925, -5.836990890690001, -5.862417821960001, -5.966198728739999, -5.777286962320001, -5.829670428510001, -5.785449999999994, -5.576450000000006, -5.623199999999994, -5.966861729019999, -6.129338734170002, -5.89259450752, -5.869495670579999, -6.613007819769998, -5.768099999999993, -7.032610984050001, -6.502121646939998, -7.118586513989997, -6.998188302940001, -5.655665472840001, -5.895476790180001, -5.839331864200003, -5.994000000000001, -5.652600000000001, -5.73448359493, -5.695899999999998, -5.616198774740003, -5.697716696189999, -6.146390263709998, -5.98243846352, -6.165225225619996, -5.6754410034800005, -5.699060566480001, -5.979546211750001, -5.743048490299999, -5.79216900688, -5.7035751773999985, -5.733037132509997, -5.762293648049998, -6.507352386089999, -5.886594600069999, -5.962543726319998, -5.751345441269998, -5.764860131390001, -5.644362906519999, -5.957976679609999, -6.426415639539999, -5.76621946077, -5.650700000000001, -5.88584364805, -5.968075572079997, -4.19649666232, -4.727496662319999, -5.1857541325600005, -5.057438719639999, -4.3810000000000064, -3.6983999999999977, -4.838099999999996, -4.774662671770001, -4.698399999999993, -5.267433594929998, -5.13121575746, -5.932747463710002, -5.012134818069998, -5.7206072071400005, -5.558104553509996, -4.985396662320001, -5.50940484985, -5.151599999999998, -5.15944670165, -5.380060566479999, -6.395438703519999, -5.359659586080003, -7.14721493367, -6.2477536019, -6.610338719640003, -6.447878110599998, -6.697403709799996, -7.120210299959995, -6.831953948009999, -6.466895659229996, -7.06325566072, -7.185204055910001, -5.961199999999999, -7.225349019600003, -7.3001490195999965, -5.7712, -6.03654730205, -7.273800000000001, -7.049372435510004, -7.036038373530002, -7.020262424770002, -7.240969100130003, -7.259757574910002, -6.256957473659997, -7.123989055899999, -7.125535092750002, -7.172006673059999, -6.839807819770001, -6.073307819770009, -7.159721533660003, -6.637900000000003, -7.0666000000000055, -6.250028441340001, -6.9260980391999984, -6.18872931724, -6.721027567770002, -7.066245544950001, -6.274708187540003, -6.138186835960002, -7.16228825863, -5.808476662369997, -7.038057726530001, -5.744841003479999, -7.351335092750003, -7.120718117440003, -7.3442490196, -6.37812262377, -6.12439291449, -6.404499209119999, -7.2923980392000045, -6.806839087410001, -7.1237, -7.058278962829994, -6.249201209139994, -6.422166793219998, -6.736995969140001, -5.9377942606900005, -6.953099999999998, -7.147272724730002, -5.88250931956, -5.761200916179998, -5.7668118463399995, -6.517211682749999, -6.880259395810001, -6.121846179860001, -6.5257336216700015, -5.804387138979999, -5.837339948789999, -6.490730738459999, -6.331413917230001, -6.0987199279099995, -6.872807449710001, -6.360982165289999, -6.227126165589998, -5.8329499999999985, -5.964011846339997, -6.97348970004, -7.073581142439998, -5.699201209140001, -6.124080878830003, -6.344136383060003, -6.328494260689999, -5.898498823250001, -7.092357892570001, -7.092504298450003, -7.042384621579998, -7.0055141934399945, -6.17947157884, -6.12204901402, -5.842458519059999, -5.855212985810002, -6.570952610539995, -6.324700953679997, -6.316831296489997, -6.388776774769999, -5.435660512139998, -5.567393216309998, -6.274197316740001, -5.820103572919997, -5.7855, -5.70880484985, -5.814462496189998, -6.005206465870001, -5.85470958608, -5.0037466623199975, -4.966496662319996, -4.780482939109999, -6.593699999999997, -5.4843593195600056, -5.043446410329999, -4.981381732380004, -4.993666677670006, -6.426339087410001, -5.097496662320001, -5.338497517510001, -4.924553085689999, -5.615400000000002, -7.043051499769997, -5.848609165289999, -6.244235698850002, -5.88976911853, -5.703861846339997, -5.483700000000002, -6.425403827079999, -6.774515490080002, -6.1720052788599995, -7.4613058589699985, -6.839844304679998, -6.84906948254, -6.747749019599999, -6.48608045738, -6.291099999999996, -6.115049999999997, -6.104063133589998, -5.98898976557, -5.70625, -6.202932548540004, -5.7833213608800005, -5.727459118440001, -5.7378500000000034, -5.855208483380002, -5.741999999999998, -5.698900000000001, -5.8026855167899996, -6.22753399264, -6.21514945879, -6.514585210830001, -5.786100000000002, -6.251660650410002, -6.213901374579999, -5.73204284914, -5.930817427509998, -5.567599999999999, -5.798209120349998, -5.69561184634, -5.8230276851400005, -5.75824544127, -5.843407775080002, -5.870131786180002, -5.589500000000003, -6.0160189195600005, -6.064420151969999, -5.8983082589699976, -6.40885179356, -5.697793648050001, -5.838362417339999, -5.928147051149997, -6.106841012089998, -5.737156353860004, -5.159975548880004, -4.708800000000001, -4.731440107720001, -4.340400000000006, -3.7011999999999943, -5.198129657710001, -5.291973003509998, -5.174030038099999, -4.960745499329999, -5.169958986979997, -4.92709666232, -5.37082026734, -5.090414107100006, -5.25401086594, -5.210290218200003, -5.83175603348, -5.22384974801, -5.1956999999999995, -5.240893648049998, -6.11432666679, -5.276943648050002, -5.395699286119999, -5.30303871964, -5.344631732380001, -7.116759319549998, -7.025000519380001, -6.83398970004, -6.275624615900005, -7.225279400080002, -6.2276884252699976, -6.015904214529999, -7.1345284196900005, -7.245767139319997, -5.3557499999999925, -7.204849538969999, -5.712400000000003, -6.071538273050002, -6.39510093375, -6.580239033910003, -6.623899999999999, -5.6980436480500005, -5.805298134010002, -7.13686910013, -6.650490404439999, -6.782700000000011, -7.144600000000001, -7.400316375079996, -6.1888803849799965, -6.1424918083, -7.158364875300002, -7.202139239030001, -7.1693818483200005, -6.201805810739996, -7.2145980392, -5.710293648050001, -7.0125691001299995, -6.184551129539999, -7.070767874869998, -6.201182081550004, -7.1871033174499965, -7.249797000429998, -7.2624490196000036, -7.001755397950002, -7.355399999999998, -6.924978232420001, -7.102698039200003, -6.770648673490002, -5.911533592960003, -6.882738719639998, -7.289299999999997, -6.076501856300004, -7.160460463960001, -7.063400000000005, -6.1101372961, -6.380199999999995, -6.850175773190005, -6.41587052763, -7.1334711952399985, -5.908521333189999, -5.763867507100003, -6.086674712610001, -5.836393648049999, -5.649061846340001, -5.71669801269, -5.533200000000002, -5.5737436480500016, -6.7378276896800005, -6.684137965590001, -6.475604540509998, -6.537756985669998, -5.630825177400001, -5.953433919089998, -6.03978422827, -6.25820113375, -6.122824494150002, -5.181500000000007, -5.901753205990001, -6.317552190719999, -5.877689737069999, -6.221950318260001, -5.908316483340001, -5.886849999999999, -6.371348519210003, -6.518557574909997, -6.519402847470001, -6.23453334809, -6.838081879800002, -6.867299093239998, -5.774826183040001, -6.976443249049998, -6.7765919407199995, -6.4669490195999995, -6.21772242168, -5.864259319559999, -6.045533606650001, -6.527247807989998, -7.090163509199999, -6.99599810913, -7.007124070770001, -6.267009479389999, -6.064777164480001, -5.912652659020003, -6.370071466509996, -6.350646931269997, -6.994743353349999, -7.156542076520001, -5.51902487632, -6.15535516615, -5.053449748010004, -6.04931988604, -5.846733729449999, -5.725800000000001, -7.170816043719997, -5.662750000000002, -6.53377743928, -5.723349999999997, -5.606499999999998, -5.62644031037, -6.690179053970001, -5.220272146300005, -5.1941933246400005, -4.915494260690004, -5.287767507100001, -5.6572999999999976, -6.578709219080001, -6.721599999999999, -6.890869100130008, -6.266190563070003, -7.01416910013, -6.987086527629998, -7.103775427079999, -5.784337566690003, -6.131492173100005, -6.133972146300003, -5.97915418556, -5.5129620146199985, -6.833208384760002, -6.629229744149999, -7.095665378559999, -6.942106562550004, -7.309528419680007, -6.23845, -6.223201601759999, -6.494872390539996, -6.273665597359999, -6.01260219604, -5.79415854799, -6.805116375080002, -6.923700000000002, -7.35330861107, -7.158889700040003, -6.029343648049999, -5.76375, -5.897332050460006, -6.260011846340001, -5.713913416299999, -5.680744507520002, -5.83180566358, -5.87548815557, -5.812543648050001, -5.716500000000001, -5.8971642087500005, -5.5614993873700005, -5.689459065409998, -5.855336794000003, -5.9114780382399985, -5.650450916179999, -5.983294613109998, -6.284864671160003, -5.751049999999999, -5.669241003479999, -6.057699999999999, -5.868005810739998, -5.901146701650003, -5.790842039789998, -6.034942307430003, -6.009168505900001, -5.95764740049, -5.88505190217, -6.259551343610002, -5.970359586080003, -5.291084663050001, -5.33932905606, -4.288600000000007, -5.062334020709998, -4.9574264387200015, -5.398600000000004, -5.240425120830002, -4.160196662319999, -4.206299999999999, -4.886220267339999, -4.820310254299998, -4.765913591979998, -4.891873353029996, -5.402084436760001, -5.030796662319993, -5.10927159623, -6.01624281401, -5.982960566480001, -5.160199999999996, -5.6207, -5.58779604969, -6.164746701649998, -4.797216929660002, -7.2983074736599995, -7.182830892740001, -7.129504633710004, -7.310943353350001, -6.991832534010001, -5.616243648049999, -6.670505044119997, -5.823033594929999, -6.64019187854, -6.340756861029998, -6.716804192880001, -6.890983514410003, -7.0428490195999975, -5.658211846339998, -7.4375, -7.225086265870001, -7.267592589100001, -6.475831395129998, -7.067563385650004, -7.308321165900002, -6.806132317669999, -5.987813392720001, -6.1466181197299985, -6.904327727460001, -7.22219214828, -5.606, -6.786764435939997, -7.092039653389998, -6.317351780140002, -7.187406662769998, -7.169849387370001, -6.953624216509999, -6.65139516467, -7.105600239320004, -7.414869100120001, -7.312700000000003, -7.15135016401, -6.73796750709, -7.257400837260007, -6.0981060123400015, -6.985010299960002, -7.1517009282699995, -7.110537246269998, -6.868034499380002, -6.74193066036, -7.187449019600001, -6.966400041110002, -5.882982735460001, -6.094966341820003, -7.471700000000001, -7.130622255709999, -6.88755757491, -7.120057574909998, -7.368900000000004, -6.20235897344, -5.564949999999998, -6.403113742599999, -6.125104093600002, -6.055779383959998, -5.89829039085, -6.523038719639999, -5.511599999999998, -6.754624905879998, -6.174570280710001, -6.455893994870001, -6.103700000000001, -5.7793105664799995, -6.64748539262, -6.515913743519999, -5.67328768082, -5.899810566480002, -6.021171636590002, -6.114042565380003, -6.09125823458, -6.597489087410004, -6.091253443980004, -6.0365731918400005, -6.2594477558899975, -6.705770491539998, -6.983875326869997, -6.34176008971, -6.917128641299999, -7.053449019600004, -6.581976354309997, -6.609013584899999, -6.947014046509997, -6.586161789439999, -6.254664305569999, -5.8983805910600005, -7.13315783137, -7.053720390490001, -7.185596186979998, -6.83546825875, -6.176725225049998, -5.903086250930004, -5.821799893560001, -5.956021508630003, -6.24888123749, -6.504860302009995, -6.182864171369999, -6.190890083139994, -7.084776691889999, -5.864667134559999, -5.390541385490003, -5.071214188770003, -5.792801183629999, -6.124450000000005, -5.706550000000001, -6.007894507520002, -5.66155, -6.26182301819, -6.036475286109997]","0     -6.440000
1     -6.400000
2     -5.660000
3     -6.700000
4     -4.670000
         ...   
247   -4.844664
248   -5.800000
249   -5.960000
250   -5.520000
251   -5.740000
Name: Permeability, Length: 252, dtype: float64","[array([-5.91881664, -6.70467744, -5.50277327, -5.29611581, -4.90081751,
       -5.62350834, -6.6779    , -6.20046962, -5.89765954, -5.96356424,
       -5.25591453, -5.73031751, -5.26042226, -5.2416    , -5.22437368,
       -5.47193733, -6.65168499, -6.6363    , -6.76027574, -6.09259939,
       -5.74176169, -6.72555546, -6.26651807, -5.62772911, -6.43182334,
       -5.94306553, -6.17009124, -6.14247998, -5.4256    , -6.86848732,
       -7.06823829, -6.89015525, -6.03767986, -6.13447963, -6.2815417 ,
       -6.01553182, -5.90293844, -5.81019   , -5.87572439, -5.71450826,
       -5.89850659, -5.9871397 , -5.85095174, -5.74350545, -5.4808    ,
       -5.94643235, -5.76659039, -6.3078    , -5.92153549, -6.09475893,
       -6.36971007, -6.93816962, -6.48408811, -6.19962279, -5.72356437,
       -5.76687889, -5.72742284, -5.72878909, -5.713891  , -6.08548785,
       -6.07052435, -5.91159168, -5.79549365, -5.86999426, -5.64742402,
       -5.71818144, -6.1986463 , -6.37609902, -5.91850316, -5.87273506,
       -6.11842284, -5.5343    , -6.24187216, -6.07281155, -5.75043228,
       -6.06751648, -6.09620823, -5.70888562, -6.07649877, -5.65103167,
       -6.17942797, -6.21882957, -5.7686    , -5.83242681, -5.8387    ,
       -6.27170993, -5.7208    , -5.5686    , -5.70446962, -5.98193936,
       -5.71982091, -5.36381624, -4.8116    , -4.93202249, -4.70227215,
       -5.2436    , -4.40900817, -5.04239426, -4.06269666, -4.7062    ,
       -5.0174    , -5.36206417, -4.98914518, -4.5178    , -4.77053148,
       -5.1828207 , -5.58562712, -5.76541107, -5.44384031, -5.31251751,
       -5.3638    , -5.96444365, -6.15118109, -4.98189092, -7.24973016,
       -6.91118094, -7.06142479, -7.34510485, -6.86097817, -6.7510449 ,
       -6.78880491, -6.91145721, -6.04510922, -7.1748103 , -5.77025191,
       -5.4937    , -7.27400659, -6.2794265 , -7.27763872, -7.21397992,
       -6.10145932, -6.63131798, -5.76820952, -7.25938774, -6.619     ,
       -6.01500444, -6.45754372, -7.13728029, -6.36565   , -7.1293    ,
       -5.76415   , -6.54547216, -7.14064314, -6.05571163, -7.30794727,
       -5.7719    , -6.3247956 , -6.98691864, -5.90758793, -7.33535632,
       -5.86701334, -6.8730103 , -7.3538    , -7.40983872, -6.79880483,
       -7.28177744, -6.64863451, -6.4000397 , -7.13065618, -7.14288479,
       -7.05740659, -7.1531103 , -6.6975475 , -6.63947012, -7.00857569,
       -7.36975561, -6.72468644, -6.95802479, -7.30899804, -7.01248237,
       -6.30788886, -6.21863509, -5.91231882, -6.32000095, -7.09227744,
       -5.99252335, -5.81237143, -5.64780959, -6.5574    , -6.10514365,
       -6.08330932, -6.38964548, -5.52535   , -6.40867876, -6.36100907,
       -6.212393  , -6.59143566, -6.19081424, -6.07411205, -6.08459226,
       -6.74968604, -6.24715116, -6.50478742, -6.16990496, -6.80399841,
       -6.55334118, -6.3112409 , -6.45625   , -5.63340922, -5.3799    ,
       -5.79900952, -6.02780581, -6.19111867, -5.6752    , -6.57537404,
       -6.46638448, -6.45626346, -6.04199351, -5.7920041 , -5.69624365,
       -5.89635826, -5.96206648, -6.68876033, -7.03536431, -6.66148773,
       -7.01795604, -6.30990023, -6.75600036, -6.77137992, -6.41593909,
       -6.04292378, -5.95790765, -6.20207696, -6.26049467, -6.40039654,
       -6.31798763, -5.84584662, -6.04005047, -6.65065373, -7.26061853,
       -7.12573396, -7.03100991, -7.12975875, -7.09766677, -6.89526232,
       -6.41269392, -6.81351456, -5.91220778, -6.17088673, -6.24576091,
       -6.39646964, -6.38609501, -7.14513371, -7.06883479, -5.8760913 ,
       -6.54502521, -5.13814551, -4.96051453, -6.09277284, -5.90110387,
       -6.09208687, -6.59397869]), array([-5.9856    , -6.57778574, -5.44383038, -5.3926    , -4.933     ,
       -5.7008    , -6.68798638, -5.55879155, -5.8013    , -5.89650782,
       -5.23343278, -5.63024365, -5.25404237, -5.2027    , -5.14893501,
       -5.3317467 , -6.6557103 , -6.638     , -6.71991152, -6.00935059,
       -5.78073774, -6.6582897 , -6.15963666, -5.66453473, -6.43923229,
       -5.92257027, -5.96334667, -6.11396798, -5.4576    , -6.90464642,
       -7.08592719, -6.86035757, -5.99403742, -6.17855522, -6.30428135,
       -6.01120858, -5.8932    , -5.75049473, -5.79549942, -5.71366057,
       -5.88315118, -5.96585   , -5.82001109, -5.68216946, -5.88834681,
       -5.85526937, -5.78141185, -6.26215757, -5.98279451, -5.97920259,
       -6.38532744, -6.82749551, -6.56079269, -6.0737052 , -5.91808739,
       -5.81432241, -5.72468309, -5.86669555, -5.75294926, -6.06641303,
       -5.9508    , -5.75215855, -5.72360922, -5.85826303, -5.63946708,
       -5.75451734, -6.22928492, -6.20428638, -5.97178415, -5.92295   ,
       -6.01059451, -5.63416057, -6.28950745, -6.12238742, -5.702     ,
       -6.10284775, -6.14021704, -5.71545561, -6.00116571, -5.8245    ,
       -6.25092184, -6.24760801, -5.64618638, -5.87237887, -5.8563    ,
       -6.46796018, -5.77779365, -5.5582167 , -5.65652284, -5.93407444,
       -5.68365635, -5.13673109, -4.4791    , -4.77233806, -4.64099426,
       -4.7564    , -4.2546    , -4.88407925, -3.8799    , -4.55563298,
       -5.02420959, -5.37686751, -4.95      , -4.76472985, -4.88671662,
       -5.1166    , -5.64263978, -5.73928201, -5.50007709, -5.3117    ,
       -5.3372    , -5.94944902, -6.29423003, -5.17574939, -7.19180667,
       -6.9460707 , -7.0006691 , -7.2969588 , -6.84202879, -6.72477577,
       -6.75766859, -6.96986962, -6.01686274, -7.15160768, -5.71801542,
       -5.4942    , -7.24471957, -6.14960709, -7.33790659, -7.11623553,
       -6.05157869, -6.6288857 , -5.79640922, -7.25121812, -6.6555506 ,
       -6.0003    , -6.33193957, -7.06881241, -6.32095782, -7.10005757,
       -5.8114    , -6.59875581, -7.07054169, -6.2227305 , -7.20073698,
       -5.80185792, -6.22441607, -7.01137548, -5.82038639, -7.3004691 ,
       -5.90051648, -6.95363509, -7.39074902, -7.37194902, -6.70288932,
       -7.1978103 , -6.69266054, -6.30797099, -7.13295344, -7.06894902,
       -6.97522982, -7.1284103 , -6.7334934 , -6.46954013, -7.0765206 ,
       -7.35367577, -6.78380768, -6.9383515 , -7.2661    , -6.98618599,
       -5.99394221, -6.23229968, -5.88788471, -6.24594185, -7.01460819,
       -6.13032997, -5.80591709, -5.70755   , -6.45099516, -6.00382293,
       -6.05365118, -6.3504    , -5.5079    , -6.59969519, -6.31582405,
       -6.13381143, -6.61565739, -6.1406457 , -6.00973123, -6.1255783 ,
       -6.407     , -6.25207869, -6.31914484, -6.13184939, -6.86921279,
       -6.53297053, -6.31244423, -6.47610463, -5.71145   , -5.4113    ,
       -5.80485489, -6.01698521, -6.1886    , -5.89034748, -6.59051777,
       -6.38463607, -6.54223234, -6.1945    , -5.80005452, -5.80850932,
       -5.89940548, -6.04946322, -6.62386179, -7.18219071, -6.65254902,
       -6.99969027, -6.20246084, -6.71487094, -6.85450395, -6.47844343,
       -5.7408    , -5.96870932, -6.19031057, -6.34224786, -6.39399188,
       -6.28889314, -5.88177338, -6.05059304, -6.79078362, -7.27522057,
       -7.13404279, -6.96889416, -7.13428669, -7.04657491, -6.96753142,
       -6.40101475, -6.79753006, -5.72882245, -6.07681261, -6.19576212,
       -6.39842384, -6.34680163, -7.18058164, -7.08102067, -5.92969679,
       -6.42287523, -5.452616  , -5.0484274 , -6.09184667, -5.8174148 ,
       -6.07804295, -6.63214796]), array([-5.86294332, -6.70269737, -5.56605887, -5.28034451, -5.01033872,
       -5.61045   , -6.6153    , -6.15094597, -5.60733518, -6.00498774,
       -5.09365   , -5.72158631, -5.28464401, -5.1476    , -5.27356267,
       -5.42689666, -6.6414496 , -6.8326    , -6.7467588 , -6.15642215,
       -5.7265956 , -6.75535757, -6.07080959, -5.69952637, -6.30184466,
       -5.9020259 , -6.0299    , -6.16557284, -5.4936    , -6.88083131,
       -7.11702631, -6.65698548, -5.8688485 , -6.12203359, -6.28854231,
       -6.02932981, -5.8036    , -5.74953724, -5.74928855, -5.84483237,
       -5.90385   , -5.87965002, -5.8977915 , -5.70198851, -5.4962    ,
       -5.87602284, -5.72392833, -6.26079939, -5.82856185, -5.9985855 ,
       -6.3550206 , -6.77874902, -6.45063968, -6.06442551, -5.80898465,
       -5.74133696, -5.66213359, -5.81185897, -5.72869451, -6.15206962,
       -5.96780375, -5.91059361, -5.83061255, -5.84792577, -5.72796323,
       -5.74639939, -6.21510683, -6.44900242, -5.96437677, -5.96235782,
       -6.01658167, -5.6289    , -6.19028009, -6.01841201, -5.70883713,
       -6.00051053, -6.08895   , -5.72088359, -6.05990955, -5.84463465,
       -6.18904939, -6.09631317, -5.72736002, -5.86790534, -5.73359483,
       -6.47391764, -5.8319238 , -5.5935    , -5.71552563, -5.96934304,
       -5.75836244, -5.25274329, -4.40449666, -5.00995137, -4.727     ,
       -4.8887    , -4.20699426, -4.61671644, -3.7206    , -4.26488425,
       -5.0341    , -5.42397215, -4.99182525, -4.52748759, -4.70331856,
       -5.17797215, -5.67122742, -5.82761719, -5.60563215, -5.31950485,
       -5.3344    , -5.85515321, -6.20777496, -5.06117523, -7.2666    ,
       -6.97292456, -7.02452545, -7.2814    , -6.87356962, -6.6934    ,
       -6.73693486, -6.87673994, -6.04344663, -7.20913062, -5.78055421,
       -5.4481    , -7.23584902, -6.20208521, -7.32875561, -7.23418114,
       -6.13964003, -6.63995   , -5.80817602, -7.14851812, -6.6648    ,
       -5.9919    , -6.64458388, -7.05116221, -6.3889068 , -7.24600659,
       -5.80836962, -6.69975757, -7.07605298, -6.0612996 , -7.244     ,
       -5.77979653, -6.23293986, -6.86495597, -5.89065992, -7.33124365,
       -5.99998742, -6.96690747, -7.4266    , -7.35004902, -6.69002339,
       -7.34681515, -6.631741  , -6.51936967, -7.11002109, -7.14543509,
       -7.1186794 , -7.1592309 , -6.66080667, -6.58392844, -7.24155561,
       -7.35195561, -6.87101812, -7.05043575, -7.3245    , -6.98970182,
       -6.09280171, -6.25033215, -5.90743972, -6.44437268, -6.89804539,
       -6.10238502, -5.83385446, -5.5986    , -6.36698742, -6.12113359,
       -6.10630782, -6.40935757, -5.56774609, -6.44085708, -6.42938576,
       -6.17579459, -6.56973873, -6.11541973, -6.06271403, -6.11678914,
       -6.43890819, -6.15520745, -6.33618521, -6.06489524, -6.87601657,
       -6.59849266, -6.37846216, -6.34444499, -5.61664365, -5.4157    ,
       -5.82943782, -6.0004    , -6.217     , -5.64324939, -6.66225782,
       -6.37068119, -6.41734904, -6.11831057, -5.74572584, -5.72805   ,
       -5.81559365, -5.98840242, -6.72219426, -7.10118328, -6.84766417,
       -7.02855604, -6.40956188, -6.781282  , -6.8065691 , -6.42965932,
       -5.7643    , -5.96096973, -6.18893375, -6.26090403, -6.40528427,
       -6.41276155, -5.7785729 , -6.11143416, -6.65234181, -7.21196766,
       -7.11121932, -6.98251432, -7.13200631, -7.07809805, -6.98321568,
       -6.19021075, -6.78163283, -5.75027537, -6.06430409, -6.16982223,
       -6.3404874 , -6.33272029, -7.07741889, -7.07268655, -5.95399081,
       -6.38221812, -5.18877955, -4.93757276, -6.10935   , -5.81640629,
       -5.99146564, -6.56682728]), array([-5.68235309, -6.76224694, -5.43813151, -5.26655   , -4.8687    ,
       -5.72644272, -6.6367    , -6.15026346, -5.66606751, -6.2864908 ,
       -4.89204975, -5.56473077, -5.20699666, -5.12945309, -5.19886751,
       -5.36154332, -6.6465    , -6.6666    , -6.79444491, -6.07247107,
       -5.72866869, -6.7034206 , -6.09991307, -5.62080184, -6.33307737,
       -5.90334343, -6.28800565, -6.13379225, -5.472     , -6.80961917,
       -7.10065684, -6.81793872, -5.89033789, -6.07159127, -6.23450074,
       -6.06375676, -5.7911365 , -5.70712798, -5.71291975, -5.6829    ,
       -5.84338902, -5.95367389, -5.83093531, -5.692     , -5.4965    ,
       -5.91841267, -5.78820861, -6.29090959, -5.86108468, -5.9498173 ,
       -6.38831653, -6.87235757, -6.42559516, -6.14128662, -6.05833665,
       -5.75139365, -5.71695118, -5.81352614, -5.7505    , -6.03859525,
       -6.01526619, -5.91025   , -5.72089271, -5.82999544, -5.61135782,
       -5.70122516, -6.20441144, -6.33560007, -5.82038454, -5.86875912,
       -5.91536587, -5.5808    , -6.28798345, -6.13355684, -5.72479808,
       -6.05431116, -6.01925383, -5.74055826, -6.00778244, -5.83592284,
       -6.08888181, -6.16419215, -5.65305   , -5.9041456 , -5.85155   ,
       -6.41674484, -5.69822175, -5.5469    , -5.63348359, -5.92383155,
       -5.66693359, -5.18489582, -4.5583    , -4.81545173, -4.71038908,
       -4.64637215, -4.19641693, -4.80907985, -3.91829332, -4.5327278 ,
       -5.00477215, -5.11293965, -4.98015309, -4.53766359, -4.71083294,
       -5.18505419, -5.65407255, -5.78579662, -5.5424    , -5.2668    ,
       -5.2628    , -5.78718485, -6.32172295, -4.95840959, -7.1794691 ,
       -6.99663872, -7.22880052, -7.27100223, -6.85824867, -6.7208    ,
       -6.82671917, -6.9475206 , -6.00765415, -7.09389804, -5.75789304,
       -5.46595   , -7.27081201, -6.06479304, -7.21001668, -7.23261253,
       -6.05330253, -6.58234281, -5.89035282, -7.2377    , -6.62015389,
       -6.02794121, -6.56261812, -7.17250782, -6.32493844, -7.04367295,
       -5.71469365, -6.49890608, -7.22288359, -6.13105348, -7.2770897 ,
       -5.74701327, -6.20540959, -6.94323676, -5.84203359, -7.3466382 ,
       -5.89204416, -7.0209794 , -7.33974902, -7.3312382 , -6.75969929,
       -7.33381689, -6.60869666, -6.44280834, -7.11971302, -7.10431241,
       -7.14478847, -7.2848206 , -6.73635071, -6.57016825, -7.0125206 ,
       -7.12260659, -6.75360754, -7.01690189, -7.31761812, -7.01729355,
       -6.07916425, -6.32227712, -5.91891752, -6.29550012, -7.18696962,
       -5.96633828, -5.8459281 , -5.62205485, -6.3204206 , -6.13281461,
       -5.96168742, -6.4037567 , -5.67095   , -6.45491515, -6.34555717,
       -6.06507459, -6.51796303, -6.00053754, -6.02505155, -6.095976  ,
       -6.4163361 , -6.1596726 , -6.27008201, -6.09620985, -6.84191413,
       -6.70417565, -6.34897905, -6.34344926, -5.57606057, -5.6613    ,
       -5.88555282, -6.03371517, -6.09390953, -5.6213    , -6.50712771,
       -6.3160838 , -6.41745113, -6.03368109, -5.69329285, -5.73499365,
       -5.7654    , -5.97813309, -6.71359516, -7.05956317, -6.64485352,
       -7.00018436, -6.33948511, -6.86246514, -6.79392393, -6.42838292,
       -5.81417284, -5.82274365, -6.05334994, -6.24376859, -6.34547137,
       -6.19078325, -5.90506155, -6.0959032 , -6.71271581, -7.19228293,
       -7.14450879, -7.03533384, -7.03979848, -7.10265266, -6.87838725,
       -6.42480213, -6.74154269, -5.75009852, -5.99543905, -6.16857342,
       -6.40449012, -6.31333771, -7.21755329, -7.06430962, -5.93933549,
       -6.50408706, -5.22373749, -5.00299926, -6.18317724, -5.89805   ,
       -5.96894841, -6.61414156]), array([-5.9507    , -6.72734309, -5.50420309, -5.2308    , -4.89256641,
       -5.55184328, -6.6333409 , -6.1835    , -5.61809666, -5.9934    ,
       -5.35609666, -5.65766417, -5.16899426, -5.23595309, -5.03685309,
       -5.27389332, -6.70905757, -6.6097    , -6.7575    , -6.1172    ,
       -5.68620496, -6.63559838, -5.85465429, -5.65744278, -6.37231403,
       -5.97310344, -6.18456185, -6.03486751, -5.49886201, -6.81128125,
       -6.99388607, -6.81079754, -6.03173019, -6.22124027, -6.19251161,
       -6.00285091, -5.829341  , -5.72994621, -5.72416332, -5.69711057,
       -5.90405995, -5.9417    , -5.88374365, -5.73580118, -5.544541  ,
       -5.90092349, -5.72485118, -6.354     , -5.902941  , -5.94987636,
       -6.38951515, -6.88981486, -6.4959442 , -6.0819467 , -5.86601632,
       -5.8054965 , -5.71316057, -5.70453587, -5.77045754, -6.14030922,
       -5.9715467 , -5.93668228, -5.69057687, -5.87166908, -5.6511807 ,
       -5.72550406, -6.09901361, -6.36290819, -5.98235   , -5.96120922,
       -6.11854939, -5.59427608, -6.27360181, -6.06107083, -5.67015   ,
       -6.08187258, -6.11915   , -5.725     , -6.05739474, -5.8216    ,
       -6.2084035 , -6.15995273, -5.6498    , -5.82355043, -5.82575   ,
       -6.34764939, -5.72939939, -5.5139    , -5.65720363, -5.91358359,
       -5.72300097, -5.30352637, -4.45969426, -4.90004216, -4.73421453,
       -4.72367335, -4.43759666, -4.83794095, -4.191     , -4.56716307,
       -4.91841693, -5.38825309, -4.90955309, -4.5243    , -4.70452027,
       -5.11834306, -5.71748522, -5.75016962, -5.61755   , -5.30555   ,
       -5.32869426, -5.79129376, -6.16902547, -4.84564975, -7.26952842,
       -6.9746232 , -7.13140586, -7.32530659, -6.87796576, -6.74070419,
       -6.77894328, -6.86754902, -6.01875922, -7.18749267, -5.73509451,
       -5.65196185, -7.27965937, -6.12873228, -7.26913423, -7.16717533,
       -6.03179779, -6.58620314, -5.85988359, -7.10677744, -6.65099516,
       -6.13221812, -6.42058872, -7.06742937, -6.33166212, -7.14232842,
       -5.7616    , -6.55216938, -7.22085684, -6.16185   , -7.2588897 ,
       -5.76296057, -6.26710922, -6.88570456, -5.90924444, -7.30358607,
       -5.84005   , -6.81395922, -7.40518607, -7.4285897 , -6.57433894,
       -7.36741515, -6.53029827, -6.33335876, -7.16985444, -7.18737871,
       -7.08398521, -7.27497744, -6.68482162, -6.59304318, -7.13304902,
       -7.45637381, -6.71292246, -7.00430586, -7.4370897 , -6.96903909,
       -6.00396148, -6.32861185, -5.89406231, -6.33614221, -7.1706    ,
       -6.03568084, -5.83613147, -5.61575   , -6.4927751 , -6.15763359,
       -6.1193307 , -6.34895217, -5.53051751, -6.48333935, -6.30853974,
       -6.18439428, -6.50769082, -6.16163359, -5.92325853, -6.09582668,
       -6.49148935, -6.26843741, -6.29980922, -6.14640959, -6.83499752,
       -6.48092626, -6.54497577, -6.38475   , -5.6217    , -5.4449    ,
       -5.88413359, -6.14146751, -6.16995   , -5.6479    , -6.49996478,
       -6.41691538, -6.48552747, -5.96477898, -5.72779279, -5.73965   ,
       -5.87788359, -6.00591952, -6.67484373, -7.05702891, -6.6853606 ,
       -7.03234578, -6.34479796, -6.8113045 , -6.80564785, -6.50204727,
       -5.86665668, -6.0395    , -6.22245   , -6.24595922, -6.30593909,
       -6.35725173, -5.84597925, -6.07585   , -6.69689733, -7.21473187,
       -7.15779564, -6.98870237, -7.14262737, -7.16509381, -6.74872902,
       -6.36623788, -6.8481817 , -5.72191789, -6.04216665, -6.23754215,
       -6.37958032, -6.33666117, -7.17183098, -7.06121246, -6.00176406,
       -6.49553086, -5.21931236, -4.90485372, -5.92523935, -5.92005027,
       -6.05085   , -6.56425976])]","[-5.88008261 -6.69495012 -5.49099942 -5.29328206 -4.92108453 -5.64260887
 -6.65024546 -6.04879412 -5.71809178 -6.02899012 -5.16622874 -5.66090848
 -5.23501991 -5.19146123 -5.17651839 -5.37320347 -6.66088049 -6.67664
 -6.75577819 -6.08960864 -5.73279374 -6.69564434 -6.09030634 -5.65400697
 -6.37565834 -5.92882171 -6.12718108 -6.11813611 -5.4695324  -6.85497309
 -7.07314694 -6.80724691 -5.96452677 -6.14558    -6.26027554 -6.02453558
 -5.84404319 -5.74945923 -5.77151909 -5.73060235 -5.88659135 -5.94560272
 -5.85668666 -5.71109292 -5.58127756 -5.89941215 -5.75699807 -6.29513331
 -5.89938351 -5.99444814 -6.37757796 -6.86131732 -6.48341197 -6.11219737
 -5.87499788 -5.77588568 -5.70887025 -5.78508113 -5.74329846 -6.09657499
 -5.9951882  -5.88425522 -5.752237   -5.85556952 -5.65547857 -5.72916548
 -6.18929262 -6.34557922 -5.93147972 -5.91760224 -6.03590285 -5.59448733
 -6.25664899 -6.08164773 -5.7112435  -6.0614117  -6.09275582 -5.72215662
 -6.04055025 -5.79553783 -6.1833369  -6.17737913 -5.68899928 -5.86008141
 -5.82117897 -6.3955964  -5.75162772 -5.55622334 -5.67344106 -5.9445544
 -5.71035485 -5.24834256 -4.54263818 -4.88596116 -4.702974   -4.8517491
 -4.3009232  -4.83804215 -3.954498   -4.52532162 -4.99977973 -5.33281931
 -4.96413532 -4.57439621 -4.75518397 -5.15615802 -5.65421042 -5.7736553
 -5.54189991 -5.30321447 -5.32537885 -5.8695049  -6.2287869  -5.00457498
 -7.23142687 -6.96028762 -7.08936514 -7.3039545  -6.8625582  -6.72614497
 -6.77781416 -6.91462728 -6.02636639 -7.16338786 -5.75236182 -5.51078237
 -7.26100931 -6.16492882 -7.28469037 -7.19283689 -6.07555567 -6.61373993
 -5.82460623 -7.20072028 -6.64209993 -6.03347276 -6.4834548  -7.09943842
 -6.34642304 -7.13227311 -5.77204265 -6.5790122  -7.14619565 -6.12652904
 -7.25773273 -5.77270566 -6.25093407 -6.93843828 -5.87398245 -7.32345867
 -5.89992228 -6.9256983  -7.38321682 -7.37833293 -6.70515115 -7.30552699
 -6.6224062  -6.40070949 -7.13263963 -7.129792   -7.0760179  -7.20010991
 -6.70260398 -6.57123002 -7.09444431 -7.33087348 -6.76920845 -6.99360396
 -7.33086117 -6.99494056 -6.0955517  -6.27043118 -5.90412462 -6.32839156
 -7.07250013 -6.04545149 -5.82684051 -5.63835289 -6.43771566 -6.10410968
 -6.06485729 -6.38042239 -5.56049272 -6.47749711 -6.35206316 -6.15429358
 -6.56049713 -6.12181016 -6.01897348 -6.10375248 -6.50068394 -6.21650946
 -6.34600174 -6.1218538  -6.84522788 -6.57398125 -6.37922042 -6.40099978
 -5.63185269 -5.46262    -5.84059773 -6.04407474 -6.17211564 -5.69559937
 -6.56704842 -6.39094019 -6.46376469 -6.07065283 -5.75177402 -5.74148932
 -5.8509282  -5.99679694 -6.68465106 -7.08706607 -6.69838301 -7.0157465
 -6.3212412  -6.78518459 -6.80640495 -6.45089441 -5.84577066 -5.94996607
 -6.17142424 -6.27067487 -6.37021663 -6.31353546 -5.85144674 -6.07476617
 -6.70067846 -7.23096431 -7.1346601  -7.00129092 -7.11569552 -7.09801724
 -6.89462514 -6.35899188 -6.79648037 -5.7726644  -6.06992183 -6.20349217
 -6.38389026 -6.34312316 -7.1585037  -7.06961282 -5.94017569 -6.4699473
 -5.24451818 -4.97087353 -6.08047722 -5.87060505 -6.03627877 -6.59427105]","[0.10678182 0.06238638 0.04683336 0.05414439 0.04914563 0.0633273
 0.02785527 0.24575788 0.11326143 0.13415027 0.16065587 0.06115623
 0.04150752 0.0455819  0.08059087 0.06978318 0.02456289 0.08003206
 0.0240253  0.04892714 0.03034798 0.04363875 0.13554451 0.02824097
 0.05379393 0.02672077 0.11602043 0.04480852 0.02652547 0.03816982
 0.04278296 0.08049839 0.07126973 0.0509192  0.04109516 0.02140181
 0.04590418 0.03424032 0.05933709 0.05829538 0.02290529 0.03623646
 0.02987577 0.0242696  0.15502404 0.03184289 0.0275288  0.03437961
 0.05280771 0.05346093 0.01333121 0.05440903 0.04596106 0.05131918
 0.11210739 0.02908188 0.023926   0.05973846 0.01980247 0.04332818
 0.04326153 0.06680546 0.05218784 0.01540769 0.03883396 0.01925846
 0.04632953 0.0799892  0.05967408 0.04082142 0.07639762 0.0362439
 0.03734196 0.04208211 0.02645523 0.03444483 0.0409345  0.01067098
 0.03025124 0.07272073 0.05322732 0.05234406 0.04993936 0.02916636
 0.04506606 0.07676557 0.04780954 0.0261721  0.03124216 0.02649743
 0.03210132 0.08109427 0.143238   0.08435079 0.0330157  0.21099149
 0.10222724 0.13689638 0.16076322 0.14371427 0.04178517 0.11182514
 0.03107353 0.09538277 0.07037077 0.03167507 0.0427337  0.03117808
 0.06503817 0.01873711 0.03353926 0.07550361 0.06775766 0.1099157
 0.0381923  0.02932641 0.08253664 0.02754182 0.01265835 0.01967056
 0.03030093 0.03948556 0.0151087  0.03942467 0.02290544 0.07271513
 0.0173853  0.07219756 0.0461337  0.04530951 0.03940217 0.02436967
 0.04430061 0.06149752 0.01892392 0.0508941  0.10937075 0.04704098
 0.02646695 0.06623154 0.0355778  0.06816409 0.06652771 0.062917
 0.03559392 0.01819807 0.04199199 0.05634483 0.03617773 0.01823673
 0.05430127 0.07323769 0.0321754  0.03626846 0.07627884 0.06083108
 0.05363312 0.07614401 0.02033554 0.04020805 0.05851067 0.06603323
 0.02891987 0.0559209  0.08664668 0.11099698 0.05651912 0.04051145
 0.0568724  0.01778957 0.11320462 0.04607344 0.01150608 0.06551625
 0.10668076 0.06261236 0.01514594 0.03803808 0.08519724 0.05298509
 0.05620601 0.02591725 0.05857122 0.06565806 0.04314789 0.0512317
 0.04167232 0.06549829 0.05336143 0.01507798 0.12790158 0.04876261
 0.08237488 0.03718522 0.02584078 0.07525758 0.08656815 0.05561994
 0.04423869 0.10145498 0.03754465 0.04999735 0.04187682 0.09887275
 0.05962493 0.04984014 0.04687519 0.07874886 0.03995296 0.03678327
 0.05235291 0.02993984 0.03480132 0.05211469 0.07587077 0.01374398
 0.06771365 0.04993094 0.0271906  0.03333207 0.10766644 0.07033822
 0.06024622 0.03648729 0.03859989 0.07409737 0.04281613 0.02676569
 0.05121921 0.0314916  0.0158857  0.02684296 0.03819721 0.03889464
 0.0833227  0.08662609 0.03522184 0.07068263 0.0576038  0.0327377
 0.02322156 0.02407182 0.04670205 0.00691205 0.04050014 0.05893882
 0.10843783 0.05024247 0.0845697  0.04448582 0.04819275 0.02639478]"
7,LinearRegression,"[-6.024229797576256, -6.674422386640435, -7.266088085599902, -6.5187087136887145, -6.768268955529208, -5.423899643943211, -5.399500113510306, -6.5879352861290865, -6.701994637548172, -5.654037888780039, -5.387297028168127, -5.065212231666839, -5.307034393316551, -5.372766156262869, -6.5061869985951715, -7.059219100555455, -5.355759301139104, -5.40185698565138, -5.25948596517638, -6.69128847170049, -6.257592609836735, -7.020993979420492, -7.24414129400131, -7.796517548559817, -7.117999637381715, -6.418251360258153, -6.56637547277864, -6.125721612149564, -6.696759598631167, -6.951346717654438, -6.641093276197206, -6.481938695466762, -6.58749381764155, -5.3041815703820285, -5.45347557949791, -5.829098771922512, -6.2964651698167025, -5.917630381817694, -6.01644687254753, -6.786417647661378, -6.030579220318592, -6.396167391390834, -5.90176197050659, -6.772391546021869, -6.950482510571225, -6.750169814672383, -6.969534374825949, -5.791267320649824, -6.10405394329484, -5.198062754809713, -5.684482698638328, -5.367827754363044, -5.911094047264866, -5.745506996105719, -5.38569213927892, -5.764330996844299, -5.702799899680948, -5.405666198995586, -5.42988774535114, -6.05844491754567, -5.2595431258482215, -5.73479439290754, -6.113313747366374, -5.691766666979641, -5.161570662946607, -5.962539219618601, -5.948071733582616, -5.72753048510325, -5.418669196156732, -6.163910678732275, -6.126110163746582, -5.943099904916655, -6.049073012560932, -5.576301401766337, -5.299882366427112, -5.32395109061863, -5.37167230642823, -4.113092439765859, -3.998048294270989, -3.929887531937794, -4.362715079240344, -3.449752790890823, -5.404863911806275, -5.055116942978266, -5.066381204812695, -5.312503981242532, -5.172152186432987, -5.231880037159327, -6.0313467900996685, -6.724787629918887, -6.997678361761621, -4.727402479197864, -6.192403870845031, -5.509167077560815, -5.600425594405242, -6.150751669985102, -7.436467480262216, -7.239185921576751, -7.135862102355191, -6.536456531704319, -7.2160285795743695, -6.7588515820584, -5.600681520191067, -7.407982774034596, -6.711316769788543, -6.935897522703076, -6.8950541443188955, -6.099901164235837, -6.815475339941542, -7.212512220734871, -6.225206154045228, -7.077010440075127, -6.644065146954834, -6.7537124158290265, -6.94336792674226, -7.288538960031662, -7.025879669682593, -6.797558513386029, -6.727648553039179, -6.100431841154885, -6.37549655652896, -6.931819993694645, -8.05502915421967, -7.0951934803117265, -7.653958287273949, -7.086360376567342, -7.22832707989543, -7.042213333795702, -6.227739652740913, -6.906098791491117, -7.889898657789844, -6.181346956242526, -7.136027316531072, -6.170224717184339, -6.8467282833478365, -7.023413294922819, -7.298076725635338, -6.979763491254081, -6.954272015770046, -5.2540333115753795, -6.397239449480928, -6.817300149527311, -7.359881746245776, -5.6711142958071274, -6.789882531783486, -7.27290689879083, -6.21683114489548, -5.921211158961625, -6.518003274081803, -5.514159128410354, -5.7234785655863725, -6.573355981865495, -6.184834595938164, -6.307561927891945, -6.293965470166711, -5.755397735213283, -5.962202745633318, -6.729995609570545, -6.771205820716237, -6.998738861447907, -6.1747357854648826, -6.5361875972115975, -6.169472636719885, -6.15918751216761, -6.626031168511209, -6.076403974090471, -6.412174778452828, -6.525285032468886, -6.688300034684701, -6.021531657711846, -5.762860557568156, -6.29474179201912, -5.846991027181347, -7.563894382245994, -5.9977462221044, -6.314508756297636, -7.200118893690929, -7.344050166670353, -5.952839250053218, -5.983874639395722, -6.077722621860909, -6.5309443269367105, -5.940481364257627, -6.32152546870627, -5.586327907685737, -7.345745584578906, -7.093454810624644, -6.937639214512985, -5.828880295601039, -5.821540218556517, -5.486354809424736, -5.605754250963537, -6.51829905845567, -6.450626983376036, -6.129570829068427, -5.611625445620529, -5.862270189944352, -6.145887505913315, -6.018871822568148, -6.3560939832487575, -6.0738421737170745, -7.10370464918283, -5.338137909824936, -6.201001821975212, -5.4224556049183725, -4.618205966206924, -5.487420973055246, -5.3309194422903445, -5.291048497816087, -5.582955450758816, -6.63537314972807, -5.831267053255224, -5.304386177581318, -4.996507517204131, -6.659346897940799, -6.41140292259145, -5.932000415360613, -4.987457303059308, -6.868900572645709, -5.516822682270585, -5.586148963739845, -5.570507748305872, -6.588534700620188, -6.702741185087827, -6.65675522083187, -6.982495191147218, -6.8293971884151805, -7.006233066089404, -6.259078470370496, -6.589339395841428, -5.567766172008657, -6.309502594780075, -5.562483861318994, -5.95199776749194, -6.160728601470744, -5.902595536844087, -5.773397048217834, -5.615651649002144, -5.78396706804781, -5.937278108180856, -5.791052582909871, -5.681614472993578, -6.066004169882193, -5.640936856118325, -5.788771184094651, -5.971749556769554, -6.240396368950587, -7.005528680158639, -6.710365293924835, -6.146350223870727, -5.796843615340434, -5.653533931247779, -6.27797435483647, -5.520738887466161, -6.221784918371038, -5.917137678107957, -6.068909354346053, -5.672907618533536, -5.607840226181485, -5.638961312734006, -5.669320221780084, -5.250385298442271, -5.206918011500872, -5.7164653402951275, -5.812263648562483, -6.1692341067392045, -5.585360507248392, -5.344365819950493, -6.153187498748672, -6.189404587272555, -6.085133363112759, -6.199451990600981, -6.633518761574856, -5.84840891166875, -5.869412197417786, -3.911724926336595, -5.376924351626772, -5.692699785135975, -4.933873556749149, -4.635179201137174, -4.890182215086827, -4.924929357385533, -5.117334699781799, -5.393724932723794, -5.281130394202799, -5.831250652210948, -5.266687663805067, -5.288221940587572, -5.612702045892011, -5.0330520871228, -7.0674912170757205, -7.297811462249266, -6.741045558801994, -7.208941296086762, -6.959670324939568, -6.233928090450315, -6.424744550549714, -6.25836351227049, -7.420920016009389, -6.8374592979273805, -7.119669239985848, -7.15496104512679, -7.313354884830433, -6.185859795066853, -6.9389358882815095, -6.300144040709706, -6.591264248919428, -6.970337385800258, -6.598420936495282, -6.633368072623108, -6.380941974198494, -6.528237117701344, -6.275478095985816, -7.0944802601157635, -6.3061282354528165, -7.347742030809107, -7.237166267050055, -6.947661898894494, -7.160355859209345, -6.688547206731228, -7.099642383369964, -7.805590374946535, -6.097006263646808, -7.1304256520713025, -6.766134621830209, -6.6138830584222585, -6.84540892742941, -7.098842997012586, -6.699301257472496, -7.436500957825447, -7.047096012087479, -7.196833015249327, -7.052329109633855, -7.244980121495484, -7.3956471727435185, -6.395262012287413, -6.125300108151736, -5.72074460802599, -6.343056283330746, -6.403381154619737, -6.63315204212165, -6.68836148880817, -6.439473113963073, -6.2246597817227745, -5.424614830463356, -5.876301258675409, -6.075239520160057, -7.379253628328123, -6.873397206714504, -7.2097266746572215, -6.649047666854056, -6.202427836488635, -5.9770792116960765, -6.552886359099879, -6.442225384124772, -5.89040954842767, -6.591594551219076, -6.677166217293114, -5.907133450932987, -5.473207480796525, -5.773023598894214, -6.471202743616595, -6.315077237899395, -6.311241233341007, -6.1692325310068385, -6.107604942394041, -6.230611361098154, -6.57983264214857, -6.423584820000118, -5.7347819364047465, -6.95829991070111, -6.4579866491284, -6.781659689378388, -6.917182150196546, -5.948269466175401, -6.022096643534293, -6.789171212707418, -5.929994751268383, -7.252884717648014, -6.239025239814611, -5.64642672198536, -5.319964582525792, -5.9249237340059295, -6.380670167007003, -6.4699212088048865, -5.7976938507613225, -5.821665489565624, -4.814635231521365, -4.541472296897532, -4.351700235363143, -5.8135724432428635, -6.213268761156504, -6.243938765597199, -6.367647526338838, -5.9961086583852445, -5.928971916958012, -5.8825884333943055, -5.792578903169968, -5.89121095991103, -5.203784669603946, -6.949830489766394, -6.091542695013864, -6.340645161753355, -5.876965631767127, -4.9735029026198525, -5.685082952544415, -6.075095581530225, -5.611746571306776, -5.6406719549300215, -5.963953652472503, -6.0114462900723105, -5.331452118183714, -6.255674502493101, -6.881535827978566, -6.099161416893116, -6.628771003130563, -7.1979752488980004, -6.625518232806202, -7.294675726612683, -5.359351452889718, -7.269237298079918, -5.652523096820757, -6.33230505176059, -6.539567411714632, -7.380855306927672, -7.666555575221231, -7.762283374353279, -7.889225029540174, -6.637420932566325, -6.381367308752027, -5.927246426821263, -4.974823983436589, -5.473995893600173, -6.031724549823634, -6.063178672686158, -5.7426484228579096, -5.929717445003294, -5.999158688105787, -5.807469770915164, -5.559018928908383, -5.946440186496172, -6.474019326382492, -6.059380996717942, -6.12487218608821, -6.136437563368794, -5.692676146625426, -6.61624489816621, -6.697667732164463, -7.452218234447521, -6.8371112717787765, -5.486011894840184, -5.941125255848984, -6.172913082582752, -5.816786213776863, -6.156186845607587, -5.628024919607332, -5.3987886217638925, -5.331199497685882, -5.15484624898602, -6.491422027543633, -5.935553562706323, -5.836991672606362, -5.326552426422379, -5.372940678987444, -6.244576224947549, -5.7769697603397026, -5.501077496166508, -5.635571886109744, -5.110659487497696, -5.530783684621005, -6.322078521439977, -5.9375410879043615, -6.129057159962833, -5.568255889316049, -5.2162410245841855, -5.430864270338079, -5.852942680757926, -6.558657449444106, -5.658172386249498, -5.474357747060844, -5.667114367758078, -5.969136624364581, -4.085505209252753, -4.77459783682866, -4.8595420977894985, -5.132868246106651, -4.018821824833572, -3.4538374103886413, -5.044977977934646, -4.844067826383279, -4.641746547411204, -5.3269933613579905, -4.943245992298846, -5.952402310845687, -4.461774166284255, -5.287435867619246, -5.897105029970738, -4.342380347902406, -5.326616944803052, -4.566244564976224, -5.373291497983981, -5.426842398547355, -6.517172718671345, -5.776553481545462, -7.282347900518544, -6.629726042506101, -6.632617599528353, -6.430207673216038, -6.574104233080011, -7.4118863030116495, -6.55924770844717, -6.5345616871060175, -6.778611476298602, -7.147370903747658, -6.104445219668497, -7.02365001613412, -7.172913945984285, -5.724581548409539, -6.270814754834775, -7.1136466121052875, -7.195628985040715, -7.184725256322296, -7.097546032350791, -6.975041765322132, -7.399658737637446, -6.295373538405025, -7.037566627549781, -7.300715208949942, -7.47679681184513, -7.231997793699247, -6.239250870193638, -7.12216368000937, -6.551788648458464, -7.282846304170436, -6.200266106804901, -7.092877374570732, -6.62451326674999, -6.4587558586641025, -7.065998119206103, -6.188588492848237, -6.046037556446759, -7.291313537935621, -5.92158954386405, -6.5863984419777495, -5.804254642311245, -7.498948487013651, -7.074222507201379, -7.421823576196675, -6.478503318122369, -5.885460696445626, -6.359453225385815, -6.941028981351625, -6.74411528478751, -7.2486446932006245, -6.8058871600716735, -6.226444237487267, -6.631505991816399, -6.651186266603502, -5.905640857649396, -6.631387649578995, -7.027685916989714, -6.159714474809825, -5.747341109670394, -5.538991662902211, -6.245236572094438, -6.4671912730619665, -6.301550616553668, -6.839335356522261, -5.738786993554233, -6.031847646896733, -6.720111375027584, -6.17435773497735, -6.627736251250372, -6.856149841869357, -6.134459949124667, -6.423842202005062, -5.876201386630449, -6.021032904946046, -6.7792660764170645, -6.89882285251149, -6.048388327322556, -6.3484946247658165, -6.207385722777886, -6.0148756703860675, -5.942580933922423, -7.4367034087186825, -7.0948369339677955, -6.577047109609485, -6.659243165360465, -6.300872574922914, -6.244913512604855, -5.7484942923892755, -5.92046076438092, -6.6486480262182965, -7.02620455104975, -6.3539718158910965, -6.257377248879099, -5.487441143932966, -5.443291571044679, -6.087819684080265, -5.39709818403192, -5.811516669364734, -5.6781111560712185, -5.629877327301392, -5.89677428495651, -6.159870132455073, -5.292341104866083, -5.360542506692086, -4.84818685581762, -6.65303110682205, -5.573595916769126, -4.925926678899849, -4.922818955070584, -5.283276953523125, -6.5450911575628075, -5.052376114270324, -5.591817044386906, -4.930532204283286, -5.398108661366864, -7.306082629341015, -6.1905090682195105, -6.580626877922089, -6.0501115336283835, -5.70397951821775, -5.372911945714755, -6.378135567041981, -6.68395060443284, -6.032417895992379, -7.800594136845115, -7.305391775147342, -7.439529720716262, -6.720070411983591, -6.363091476182301, -6.409252304180898, -6.398742093649647, -6.199295118205144, -6.014142590837545, -5.578767936821441, -6.512823312552633, -6.2167351780705005, -5.802605045435694, -5.57814882309936, -5.794116508854064, -5.98605109996256, -5.6760072268218345, -5.983127056057148, -6.507218766408783, -6.611591734494531, -6.633337079837234, -5.566202128738144, -6.002110116544389, -5.932379135912754, -5.8960293574585885, -5.835588734943125, -5.620518815669362, -6.229728416835252, -5.4774755213882464, -5.922949628519562, -5.978990149089724, -5.762238146897645, -5.4438847008547215, -5.582576182931112, -5.771736828638443, -6.113755124928773, -5.843693130965891, -6.324828481081556, -5.62437371818117, -5.881229768167136, -5.779019937147342, -6.120553522079956, -5.748754460533937, -5.179121852377805, -4.9187751834529045, -4.364690569161763, -4.1034934690443015, -3.5614989618776596, -4.690540466673405, -4.82566029764076, -5.183438630163673, -4.854887404614857, -5.091045006473796, -5.18871482187574, -5.00569530303859, -4.86304738455782, -5.128426137357877, -5.551622259304025, -6.3680811360300815, -5.1181878836196555, -4.9600520820137035, -5.148939742081776, -6.069544911550114, -4.976423080268286, -5.292291039137581, -5.570601336512212, -5.393231830732657, -7.195588997768503, -6.910545692925424, -6.782696428082558, -6.068137512520512, -7.630861143966758, -6.03656863711652, -6.246245311613757, -7.081654593305589, -7.346779899509307, -5.539247411667995, -7.099793695916837, -5.492149085763885, -5.897343595273961, -6.273911104202719, -6.790183573215354, -6.687882436478855, -5.442972987163068, -5.968644727479578, -7.1675931073346915, -6.471720862965997, -7.108912369693692, -6.949300378931062, -7.5569723848595345, -6.5529589507169845, -6.399430892906618, -7.1595072627220615, -7.165292924345348, -7.152221347623738, -6.334906309451486, -7.039650975905607, -5.83690717067207, -7.239328622447497, -6.5887186185308755, -7.194506703393514, -6.531337550570225, -7.033117249613553, -7.287289034273842, -7.167972990362367, -6.67978313535373, -7.819968944076716, -6.754450145830883, -7.4182020836576275, -6.499151275810086, -6.272478046729385, -6.7153543388161845, -7.563853782774933, -6.162255882615337, -7.521678441241094, -7.556293650003328, -6.289211167750306, -6.143647085669685, -6.916137893472261, -6.520965252618426, -7.373973722339181, -6.343851056255085, -5.823735213685046, -6.099813033221331, -5.910377697437304, -5.411546749212893, -5.682793712370982, -5.598046491715589, -5.635723898397307, -6.189698824755646, -6.256982543662263, -6.807492015612422, -6.600376002228665, -5.787621018435813, -5.713147771536089, -6.307625519094709, -6.568172917190777, -6.256235246485578, -5.4959755284451886, -6.055679579571318, -6.12716228984314, -6.036929396877479, -6.137303372743844, -6.016841235735505, -5.916216795020135, -6.1742230170478605, -6.442512814687408, -6.449457190431533, -6.326176917728848, -7.040737761958861, -6.762960352852842, -6.009543046324687, -6.745551690379768, -6.877505756153627, -6.717496528707886, -6.500244274109301, -6.0753868498101955, -6.0462266269562015, -6.383220570100166, -6.919371225237784, -6.709184330466036, -6.927322726105876, -6.91205138887774, -6.370243447839717, -5.994909019460391, -6.219167947122425, -6.222863539070905, -6.684397438829713, -7.388679956316954, -5.412577431662051, -6.126284527210138, -4.841595151006008, -6.179857431673466, -5.800358715448946, -5.5457513721270715, -7.167914070689477, -5.6600778302861885, -6.342103237418746, -5.48803516110597, -5.681505931763371, -5.643866667678068, -6.896867609459033, -5.429341857015159, -4.971639107164153, -4.89819344046206, -5.692926401082665, -5.650170574757919, -6.365672865149723, -6.657946506077132, -7.051592404615829, -6.527775983723849, -6.740177007613558, -6.539555656395853, -7.341158228029796, -5.176572849961019, -6.035547664168653, -6.513453506537118, -6.261550417145326, -5.290669338299754, -6.854960787254056, -6.607808916694379, -7.2174330134342135, -6.969669909105704, -7.323847121618449, -5.904203279782755, -6.614704703787362, -6.488137095316521, -6.146191261111865, -6.21885931874628, -5.815807600522416, -6.745739901173842, -6.777151974949211, -7.622175533408861, -7.080717542774169, -5.773147152495396, -5.66386120736826, -6.08044267968519, -5.953282927947245, -5.670308410998891, -5.227788874431653, -6.120293923849415, -6.056048950675223, -5.81737412999855, -5.73722058656643, -5.8725075893934555, -4.987810685430189, -5.709394678219677, -6.001017354615171, -5.811031678301119, -5.466703719746393, -5.860132674408569, -6.476622815514853, -5.721541925992322, -5.706149615802435, -6.009083760388273, -5.8259182711294555, -5.81294231031287, -5.737618678383055, -5.950706744118585, -5.771733185009837, -5.909135717761352, -6.052948173343859, -6.307015792163768, -5.978111015154684, -5.191825883936503, -5.5233542749047935, -4.137088873075974, -5.6482730880656895, -5.1198768430337855, -5.407087377466982, -5.564912687865478, -3.5737604729437673, -4.354560659591754, -5.222700933947134, -5.351862936547354, -5.305334155330128, -4.923254786625209, -5.338502138598868, -4.892754580437373, -5.152458315990873, -5.883042015823889, -5.720193085165974, -4.729957053538872, -5.487208144817312, -5.508935978988732, -5.761273570537433, -4.747035707660391, -7.513365021786545, -7.360894670024312, -7.085348205221586, -7.5673818116358955, -7.0277795059012815, -5.359016246608267, -6.529933518473431, -5.88126007096902, -6.6395953028742145, -6.490212049270164, -6.463893755746721, -6.933790133773117, -6.941706902177726, -5.566512083642872, -7.637128494154247, -7.177223625633315, -7.324426038731426, -6.2345803631347865, -6.767657968807596, -7.557555741668788, -6.785458289656128, -6.232237308254969, -6.438868745733693, -6.7191110134566605, -7.402163137853041, -5.567503742828535, -6.669656206720725, -7.3301226676944315, -6.419472752699753, -7.26589527624925, -6.942353715725023, -6.926131701941415, -6.676343012223627, -7.317487737977639, -7.891342442168135, -7.417182560442292, -7.264737699193976, -6.773574664777843, -7.596685926122371, -6.038853366012655, -6.5611527799657665, -7.330859229657186, -7.187560719679228, -6.52159635835598, -6.716447419423256, -7.326965162658868, -6.793101934509272, -5.824765683421227, -5.875269963441043, -7.667303136297149, -7.1866563599520585, -6.8260395715210525, -7.166107314143403, -6.991390929633057, -6.10877091448037, -5.404675132795295, -6.36097817746023, -5.748543193446729, -6.1193234985215215, -6.027570139742952, -6.531210019394346, -5.16154456812529, -6.2110580058315445, -6.315776852928848, -6.47580986533823, -6.067120533559166, -5.350462938887526, -6.811342377148424, -6.836946220397603, -5.545724806970133, -5.940713448568565, -5.987874565664923, -5.7620340976780815, -6.06429886920804, -6.496821068327615, -6.29202053875514, -6.506631365959113, -6.207515040017377, -6.892009226201228, -7.145286428995041, -6.755126912825024, -6.788997498855171, -7.146488089770893, -6.725968523098328, -6.084799395684793, -6.735707649868991, -6.609142639436117, -6.118408206413736, -5.82049429948395, -7.047641853483867, -7.081288352256135, -7.052462143129478, -6.3573969809206, -6.168637639382141, -5.863820402334517, -5.601041002878667, -5.700118691246098, -6.197901899989366, -6.417821708837065, -6.165513101853433, -6.1061673884591015, -7.26693064393698, -5.829929751655579, -5.490449059333701, -5.004298716946985, -5.987107114408868, -5.541755357988921, -5.4645665209262795, -6.111930487631588, -5.3561817958074265, -6.361991414116876, -6.004183769120333]","0     -6.440000
1     -6.400000
2     -5.660000
3     -6.700000
4     -4.670000
         ...   
247   -4.844664
248   -5.800000
249   -5.960000
250   -5.520000
251   -5.740000
Name: Permeability, Length: 252, dtype: float64","[array([-6.73211411, -6.32868198, -5.15583969, -5.29627319, -4.15855214,
       -5.57783777, -6.78579936, -5.67056552, -5.98256382, -6.12655011,
       -5.09123608, -6.27848163, -5.43810608, -4.98548197, -5.33054901,
       -4.95773449, -6.60652507, -6.79769653, -6.57212797, -6.38206442,
       -4.95060621, -6.25940019, -6.19915183, -5.23074343, -5.91651754,
       -6.37798531, -6.78342036, -5.94936144, -5.26317393, -7.33603711,
       -7.07862344, -6.52075723, -6.23619405, -6.1192485 , -5.94811482,
       -5.8788991 , -5.76377443, -6.09016638, -5.66085528, -6.03044987,
       -5.8259462 , -6.14219993, -5.9909129 , -5.71720609, -5.67543791,
       -5.85410654, -6.03379523, -5.62214754, -5.94210531, -6.13546646,
       -6.22378648, -6.703493  , -6.26366714, -6.52121128, -5.84062284,
       -5.92951447, -5.62089259, -6.12381228, -5.62903149, -6.01971623,
       -6.34553087, -5.82227092, -5.03977974, -5.91361877, -5.56490875,
       -5.62976241, -6.11023345, -6.22151395, -6.13386456, -5.77491492,
       -6.1100778 , -5.39114486, -6.26113982, -6.08717529, -5.36729039,
       -5.93057492, -5.86214041, -5.75579151, -6.24042651, -5.19602402,
       -6.63225798, -6.21384081, -5.56011948, -6.11832673, -5.63790797,
       -6.2036389 , -5.7450903 , -5.53137987, -5.43288161, -5.84419431,
       -5.45819081, -5.30553408, -4.83964994, -4.43976059, -4.63267485,
       -5.16240353, -4.41995328, -4.93483543, -3.4       , -4.4687854 ,
       -5.46381905, -5.06280631, -5.05913322, -4.45991371, -4.87405941,
       -5.36279626, -5.71539897, -5.58965113, -5.39361753, -5.11502892,
       -5.11516747, -6.38627443, -5.78905652, -4.94215544, -7.66556973,
       -7.19446021, -7.12791327, -7.90533024, -6.83439799, -6.48690592,
       -6.90093947, -6.56268435, -6.12264464, -6.91079986, -5.75697233,
       -5.70138274, -7.30308172, -6.32598219, -7.18230578, -6.97232211,
       -6.26364895, -6.6737333 , -5.94958605, -7.23182868, -6.49064874,
       -6.34765285, -6.40522039, -7.10383539, -6.55084653, -7.44650317,
       -5.69728298, -6.79373663, -6.82120517, -5.96945017, -7.08569458,
       -5.91794541, -6.49052125, -6.92518794, -6.15850584, -7.88547643,
       -6.27540781, -6.93928787, -8.05076847, -7.63762057, -6.91770875,
       -7.62181686, -6.43617658, -6.38452849, -7.146602  , -6.98318897,
       -7.06883645, -7.75169625, -6.54670999, -6.14017717, -7.0173704 ,
       -7.64845637, -6.55909926, -7.0926798 , -7.54416873, -6.57883087,
       -6.10059544, -6.63129983, -5.89785924, -6.17300988, -7.04099899,
       -6.11506229, -5.92681096, -5.44621126, -6.28537947, -5.98650882,
       -6.08887663, -6.30990323, -5.45082072, -6.19142848, -6.35008554,
       -6.57232212, -6.69258474, -6.42155576, -6.32642497, -6.0297644 ,
       -6.50109526, -6.17945386, -6.69139154, -6.07861184, -7.02565299,
       -6.72447392, -6.27994642, -6.43302876, -5.80863734, -5.63501951,
       -5.97675219, -6.3140423 , -6.22875006, -5.77719173, -6.87799856,
       -6.66925414, -6.42412559, -6.15864528, -5.61222891, -5.84942274,
       -6.12531153, -6.14072991, -6.9881686 , -7.37805953, -6.2558587 ,
       -6.87400928, -6.27626286, -7.08464108, -6.70293468, -6.49282334,
       -6.2172346 , -6.04374974, -6.17685771, -6.15770335, -6.29577863,
       -6.60359081, -6.07541458, -5.93270117, -6.49923374, -7.82255452,
       -7.23265837, -7.06926498, -7.06265235, -7.10285892, -6.69884892,
       -6.44414058, -6.74138956, -5.95890252, -6.47359124, -6.51436089,
       -6.25923487, -6.41431956, -7.45408847, -7.11871204, -5.637978  ,
       -6.70424402, -4.62437842, -4.59214109, -6.07538494, -6.30270165,
       -6.19414932, -6.23225881]), array([-6.58366716, -6.38235301, -5.04763743, -5.45524222, -4.34126784,
       -5.59233744, -6.75127068, -5.18316905, -5.8089009 , -6.03315726,
       -5.11415546, -6.11791356, -5.34047235, -4.84221082, -5.45998091,
       -5.06066723, -6.55599413, -6.65311005, -6.46905054, -6.51161946,
       -5.48215297, -6.30848883, -6.20162948, -4.95154137, -5.99680546,
       -5.694982  , -6.78381149, -5.90099359, -5.38582957, -7.04965461,
       -6.95814494, -6.80089754, -6.12377644, -6.30362743, -6.04076339,
       -6.0267611 , -5.9178612 , -6.01375262, -5.68481301, -5.96474523,
       -5.74354861, -5.8267258 , -5.81903355, -5.6564047 , -5.76192259,
       -5.78046776, -5.80932508, -5.60212097, -6.08126775, -6.04291956,
       -6.45020504, -6.90618198, -6.34920697, -6.41671391, -6.07637789,
       -5.70117485, -5.71156727, -6.25913899, -5.6607035 , -6.31427602,
       -6.35428485, -5.69353689, -5.28367296, -5.8943216 , -5.61194055,
       -5.72485968, -6.24014863, -6.25029656, -6.12442147, -5.78973863,
       -6.04248739, -5.49954609, -6.40187985, -6.21011337, -5.4151936 ,
       -6.15450272, -5.82295938, -5.82947683, -6.24822338, -5.71066007,
       -6.76989789, -6.2297843 , -5.48853757, -5.95650185, -5.41253854,
       -6.4315597 , -5.831252  , -5.39669698, -5.51047181, -5.77020224,
       -5.46068481, -5.12277117, -4.77252698, -4.34319777, -4.5648535 ,
       -5.08138797, -3.90708005, -4.71702765, -3.64542348, -4.25332528,
       -5.38019237, -5.12329025, -4.97919777, -4.60096529, -4.7459664 ,
       -5.21296129, -5.55468422, -5.6754818 , -5.16577314, -5.26488976,
       -5.26442096, -6.27123971, -5.9096211 , -5.21295574, -7.48015548,
       -7.0620401 , -7.28514124, -7.76974666, -6.95462318, -6.53984038,
       -6.76891831, -6.69991225, -6.23429298, -7.0984175 , -5.738128  ,
       -5.72166828, -7.16852433, -6.37039374, -7.11332279, -6.77831406,
       -6.10761215, -6.81902587, -6.00915035, -7.40257894, -6.54607063,
       -6.44269664, -6.57222633, -7.17824149, -6.30103698, -7.26798047,
       -5.72517704, -6.83627193, -6.92183977, -5.96092641, -7.12560177,
       -5.97251008, -6.4331437 , -6.8274298 , -6.1196934 , -7.91421012,
       -5.98922523, -6.78701222, -7.72387426, -7.68758879, -6.7880538 ,
       -7.69201482, -6.60513595, -6.27968271, -6.89149675, -6.84017111,
       -6.95245211, -7.67054695, -6.45936133, -6.14612406, -7.06297666,
       -7.5344635 , -6.61697949, -7.33664272, -7.45144984, -6.50730977,
       -5.83656804, -6.43851066, -5.69556036, -6.09316527, -7.23882231,
       -5.97611267, -6.01176031, -5.48562704, -6.24250801, -6.05357586,
       -6.00355836, -6.383432  , -5.4891567 , -6.38645245, -6.33390495,
       -6.23233439, -6.69284945, -6.50112256, -6.30814839, -5.9434142 ,
       -6.54115963, -6.15948793, -6.57895711, -6.1598776 , -6.98000649,
       -6.65149906, -6.27811396, -6.65391201, -5.72893931, -5.81403881,
       -6.05009415, -6.41334364, -6.25796069, -5.79735314, -6.6039856 ,
       -6.39040789, -6.20911485, -6.32333065, -5.72121238, -5.88633869,
       -6.10723816, -6.15310335, -7.11022285, -7.26171716, -6.34197559,
       -6.79342764, -6.43620958, -7.06369373, -6.72498466, -6.51175278,
       -6.05571549, -6.22001992, -6.35978475, -6.24484531, -6.36663223,
       -6.48391734, -5.94349094, -5.92107113, -6.6966413 , -7.6982421 ,
       -7.1378804 , -6.95510066, -7.02131284, -6.85676387, -6.57234563,
       -6.34213575, -6.85772491, -5.75507153, -6.44951313, -6.41811761,
       -6.33832107, -6.43978   , -7.08620458, -6.88886774, -5.67689804,
       -6.64502358, -4.37029194, -4.50472474, -6.1464143 , -6.36429114,
       -6.19442063, -6.26235712]), array([-6.76400512, -7.11862157, -5.18882986, -5.44417038, -4.4125938 ,
       -5.59533107, -6.69679976, -5.55648952, -5.91541112, -6.14822693,
       -4.89857591, -6.21657283, -5.53879022, -5.08892428, -5.49265882,
       -4.90891612, -6.28125717, -6.89885416, -6.70342385, -6.07115081,
       -4.78798193, -6.42489871, -6.35711063, -5.25980293, -6.3212958 ,
       -6.42748314, -7.17552343, -6.20269726, -5.40762781, -7.21533862,
       -7.11571533, -6.7235119 , -6.22634853, -6.13124991, -5.9560657 ,
       -5.64768583, -5.56777622, -5.79487302, -5.69316964, -5.99328095,
       -5.87931826, -5.93651761, -5.91045977, -5.68054541, -5.65765544,
       -5.93679712, -5.88155339, -5.85730961, -6.12679363, -5.90659056,
       -6.53493139, -6.72920517, -6.23944009, -6.38377438, -5.86508212,
       -5.84684272, -5.72516038, -6.22158764, -5.74722308, -6.1686953 ,
       -6.45848556, -5.89589823, -5.08323468, -5.88177662, -5.44892931,
       -5.61032563, -6.20793818, -6.36404642, -6.0468692 , -6.05058802,
       -5.94101966, -5.31250052, -6.22908421, -6.18443972, -5.58278065,
       -6.18089917, -5.89872838, -5.79779363, -6.22031842, -5.60819911,
       -6.62777603, -6.13374965, -5.68605543, -5.65000934, -5.54058091,
       -6.26134972, -5.83897749, -5.27922742, -5.6778053 , -5.74219886,
       -5.70312293, -5.1803401 , -4.69070071, -4.18271499, -4.15301857,
       -5.08509901, -4.42624051, -4.28703271, -3.4       , -3.63569562,
       -5.31521951, -5.30368161, -4.9206179 , -4.51833325, -4.648826  ,
       -5.19936345, -5.67250897, -5.78032602, -5.19861087, -5.40917682,
       -5.09004274, -6.37693626, -5.82941987, -5.48268044, -7.5688588 ,
       -7.15880817, -7.16697341, -7.99611102, -7.01146896, -6.5400972 ,
       -6.79506139, -6.50916105, -6.26927812, -6.9770534 , -5.65704986,
       -5.64288173, -7.18746788, -6.19453475, -7.33347997, -6.9144738 ,
       -6.03504053, -6.77076785, -5.88191617, -7.31109042, -6.60893505,
       -6.45239554, -6.59444873, -7.14227684, -6.58807605, -7.30314731,
       -5.67405028, -6.7979979 , -6.6864496 , -6.1087575 , -7.10980634,
       -6.10536097, -6.45951494, -6.88416119, -6.11777766, -7.87029258,
       -6.06776261, -6.94000488, -7.84308682, -7.80531491, -6.93453209,
       -7.86005424, -6.46296397, -6.38399164, -7.01922044, -6.80609098,
       -7.09776463, -7.6208537 , -6.5710253 , -6.038241  , -7.0170769 ,
       -7.45243955, -6.67735433, -7.28130698, -7.46327174, -6.80721856,
       -5.86744851, -6.63402553, -5.79226216, -6.4911085 , -7.15973215,
       -6.0978328 , -6.19424786, -5.32887407, -6.26703605, -5.93910445,
       -6.08950223, -6.31575398, -5.59770372, -6.26452568, -6.28465076,
       -6.32890563, -6.73701311, -6.40995808, -6.34929069, -6.43573307,
       -6.32992216, -6.10977353, -6.52702867, -5.93370238, -7.03168642,
       -6.81983841, -6.30999769, -6.69012407, -5.78684653, -5.65114882,
       -5.91243252, -6.45750507, -6.33960422, -5.63367999, -6.72577272,
       -6.53716804, -6.25892258, -6.01383349, -5.59581543, -5.75030575,
       -6.10203052, -6.37255934, -7.21542439, -7.26543429, -6.42563968,
       -6.8131525 , -6.46470141, -6.99433521, -6.63860288, -6.63922466,
       -6.03111481, -5.96996236, -6.43817937, -6.06848246, -6.17107989,
       -6.45193712, -6.0789562 , -5.99385439, -6.62524158, -7.73826165,
       -7.16868041, -6.89237117, -6.91642928, -6.97763494, -6.7674859 ,
       -6.14891624, -6.76312445, -5.87614984, -6.23792436, -6.48113887,
       -6.34988746, -6.48252119, -7.22548173, -6.89064449, -5.81299219,
       -6.72261911, -5.22539553, -4.23348546, -6.09096925, -6.37114837,
       -6.0731007 , -6.26906557]), array([-6.81955378, -6.76322919, -5.15617424, -5.29659894, -4.56549149,
       -5.57799015, -6.70907548, -5.52569615, -5.77450632, -6.45267999,
       -4.87174863, -6.06761465, -5.17000833, -5.00266922, -5.34205114,
       -5.08734728, -6.52585688, -6.68009603, -6.66091581, -6.11722654,
       -4.92293229, -6.3836163 , -6.21217355, -5.36628173, -6.2917895 ,
       -6.41941255, -7.01605243, -5.6700387 , -5.39377107, -7.23649501,
       -7.2305665 , -6.91919655, -6.20039345, -6.1731053 , -6.03885554,
       -6.06826769, -5.92522286, -5.9912701 , -5.88336402, -5.92900366,
       -5.80491496, -5.90500148, -5.92484152, -5.49673854, -5.66166882,
       -5.85749535, -6.13158538, -5.6533144 , -5.94537374, -6.21074891,
       -6.39746403, -6.67893423, -6.5671373 , -6.22607405, -5.90091986,
       -5.77190234, -5.63554923, -6.06938326, -5.69169336, -6.29576151,
       -6.1893913 , -5.74908148, -5.28320214, -5.8363573 , -5.52769823,
       -5.64290167, -6.01214789, -6.18736763, -5.95995074, -5.96776267,
       -5.92371752, -5.35123717, -6.25996492, -6.14973658, -5.52292478,
       -6.06914292, -5.69332805, -5.71835822, -6.15481838, -5.63614965,
       -6.65843648, -6.00028874, -5.42763368, -5.95114769, -5.46258291,
       -6.29205146, -5.76941323, -5.51383741, -5.71971518, -5.96698851,
       -5.85982698, -5.00918486, -4.67712778, -4.14464825, -4.42949305,
       -4.90708541, -3.79254529, -4.65249019, -3.56276438, -4.38076223,
       -5.48914401, -4.9184013 , -5.06301112, -4.40950511, -4.62014513,
       -5.2536926 , -5.65606768, -5.6231774 , -5.15610426, -5.17059092,
       -5.26220089, -6.01041994, -6.01525355, -5.25639331, -7.83302122,
       -7.14346388, -7.23767525, -8.02398023, -6.9566532 , -6.52863949,
       -6.62848914, -6.6579139 , -6.23045997, -7.05405906, -5.80714375,
       -5.67395487, -7.19841216, -6.20893572, -7.04598897, -7.07185768,
       -6.10504188, -6.68423489, -5.98239297, -7.19147056, -6.66371496,
       -6.34297503, -6.44653801, -7.07451835, -6.44161402, -7.38368804,
       -5.72678514, -6.72750273, -6.80942412, -6.08530155, -6.85572534,
       -6.02272305, -6.40752312, -6.86378024, -6.04977124, -7.86004404,
       -5.98650849, -6.98527229, -7.77947236, -7.8074183 , -6.860042  ,
       -7.8252711 , -6.53981858, -6.34566903, -7.0035697 , -6.98523896,
       -7.01222183, -7.45660589, -6.46679375, -6.37072753, -6.91029094,
       -7.59018181, -6.61355882, -7.46749798, -7.42729176, -6.7466089 ,
       -5.88578942, -6.49023574, -6.02424519, -6.24930574, -7.22125973,
       -6.24256243, -6.01054036, -5.41728597, -6.40490819, -6.06650049,
       -5.8384495 , -6.42577802, -5.47972637, -6.37346782, -6.2460168 ,
       -6.37490109, -6.56184949, -6.51753105, -6.29948295, -6.26404737,
       -6.45713655, -6.01017942, -6.59133404, -6.0516211 , -6.92542449,
       -6.94278919, -6.2790726 , -6.62141367, -5.8166773 , -5.77788238,
       -5.99673175, -6.3373276 , -6.38991334, -5.71295259, -6.52365933,
       -6.41762143, -6.11728366, -6.11781825, -5.70340697, -5.79419764,
       -5.94170839, -6.15288114, -6.83079955, -7.19593415, -6.34030521,
       -6.77760431, -6.57509219, -6.97960904, -6.72084476, -6.45905675,
       -6.07419328, -6.0801993 , -6.1623002 , -6.23576593, -6.35822844,
       -6.35731059, -6.00993072, -6.09061266, -6.54903365, -7.83473607,
       -7.02727899, -6.89498544, -7.00502194, -6.95036314, -6.78601984,
       -6.47267572, -6.86905059, -5.77464477, -6.37405287, -6.51583053,
       -6.27474281, -6.45371845, -7.16497741, -6.97625849, -5.83067175,
       -6.70863712, -4.77223816, -4.51006646, -6.14633529, -6.23852049,
       -6.2394749 , -6.10196489]), array([-6.73114288, -6.21168417, -5.48327997, -5.37226839, -4.61420276,
       -5.37394633, -6.79663157, -5.63171285, -5.76672388, -5.90721056,
       -4.92375023, -6.31546052, -5.28527616, -5.12572165, -5.07510964,
       -4.79624762, -6.54785531, -6.54761769, -6.56879331, -6.1404151 ,
       -5.20902503, -5.98752788, -6.47404038, -5.29171205, -6.20523735,
       -6.07452343, -6.93681219, -6.09676319, -5.22663444, -6.85648912,
       -7.10752393, -6.58411481, -6.16184432, -6.27242619, -5.87136542,
       -5.80039828, -5.85847462, -6.07005158, -5.92368642, -5.91759973,
       -5.85277482, -5.95320484, -5.78378324, -5.77329959, -5.68234775,
       -5.83184305, -5.86411372, -5.79572463, -5.9879624 , -6.14352008,
       -6.44513512, -6.52391732, -6.28914563, -6.52300217, -5.81082212,
       -5.89829985, -5.68868127, -5.98792459, -5.74140209, -5.91106522,
       -6.39717196, -5.77199718, -5.18163365, -5.80797036, -5.56389881,
       -5.50746512, -6.37108247, -6.17124929, -5.96509402, -5.76979719,
       -6.11703091, -5.562769  , -6.35371549, -5.92031722, -5.35669022,
       -6.03342793, -5.77862654, -5.82281464, -6.30043617, -5.50551748,
       -6.56120927, -5.95049242, -5.47403074, -5.89277913, -5.41548795,
       -6.40086518, -5.85123342, -5.38542129, -5.57608891, -5.8621571 ,
       -5.66948398, -5.22807868, -4.83505928, -4.57406384, -4.98809484,
       -4.98909617, -4.78730287, -4.96026883, -3.4       , -4.51180696,
       -5.37347885, -5.36023558, -5.08088517, -4.54486503, -4.54563905,
       -5.19702542, -5.79290848, -5.70146195, -5.20401545, -5.28862543,
       -5.21999899, -6.2627269 , -5.52180402, -4.88281037, -7.69784186,
       -7.26125358, -7.16411683, -7.79233498, -7.07253638, -6.48110859,
       -6.98354251, -6.61072238, -6.11633677, -7.03850807, -5.6985442 ,
       -5.52037281, -7.31954015, -6.27908787, -7.08240319, -7.12986373,
       -6.03179407, -6.82403795, -6.03115246, -7.05859683, -6.64674807,
       -6.41994445, -6.34827066, -7.04028687, -6.51814016, -7.33231384,
       -5.72520355, -6.66769063, -6.84839897, -5.90694716, -7.09248516,
       -5.7009373 , -6.46921935, -6.77601664, -5.835406  , -7.78362279,
       -6.01128148, -6.83156127, -7.8573138 , -7.75939073, -6.77337349,
       -7.63469663, -6.60388209, -6.46374142, -6.82634112, -7.16425089,
       -6.94606485, -7.50043259, -6.4619893 , -6.18110547, -6.99929597,
       -7.52261523, -6.52586495, -7.46656378, -7.50963049, -6.600275  ,
       -5.73965097, -6.67110892, -6.02349786, -6.12284505, -7.21403288,
       -6.21971852, -6.19159458, -5.25532322, -6.1959776 , -6.17447237,
       -6.13420033, -6.35604405, -5.61134809, -6.20477354, -6.18426285,
       -6.2963222 , -6.66824136, -6.46266216, -6.35968403, -6.23238536,
       -6.51183748, -6.2923233 , -6.45330244, -6.1443235 , -7.10286549,
       -6.82362546, -6.52534781, -6.65448304, -5.53543219, -5.68300741,
       -6.05067243, -6.38295871, -6.38800319, -5.76834181, -6.71627567,
       -6.62231078, -6.4662073 , -5.84768143, -5.68100612, -5.85979105,
       -5.89385245, -6.25794486, -7.00010918, -7.35560732, -6.33196708,
       -6.82402701, -6.34244729, -6.83763249, -6.69130805, -6.46553303,
       -6.01471852, -5.94025183, -6.05072714, -6.32264694, -6.12380919,
       -6.47121857, -5.99050756, -6.27319   , -6.68751125, -7.66285902,
       -7.15178126, -6.8747366 , -7.16348493, -6.87960614, -6.41511304,
       -6.32294739, -6.7050726 , -5.9367511 , -6.16777665, -6.51301415,
       -6.33627436, -6.49801263, -7.18588133, -6.95017122, -5.83575432,
       -6.69481022, -4.70618353, -4.18190612, -6.09437923, -6.38876104,
       -6.1802606 , -5.9695531 ])]","[-6.72609661 -6.56091399 -5.20635224 -5.37291062 -4.41842161 -5.54348855
 -6.74791537 -5.51352662 -5.84962121 -6.13356497 -4.97989326 -6.19920864
 -5.35453063 -5.00900159 -5.3400699  -4.96218255 -6.50349771 -6.71547489
 -6.5948623  -6.24449526 -5.07053969 -6.27278638 -6.28882117 -5.2200163
 -6.14632913 -6.19887728 -6.93912398 -5.96397084 -5.33540736 -7.13880289
 -7.09811483 -6.7096956  -6.18971136 -6.19993147 -5.97103297 -5.8844024
 -5.80662187 -5.99202274 -5.76917767 -5.96701589 -5.82130057 -5.95272993
 -5.8858062  -5.66483887 -5.6878065  -5.85214196 -5.94407456 -5.70612343
 -6.01670056 -6.08784912 -6.41030441 -6.70834634 -6.34171943 -6.41415516
 -5.89876496 -5.82954685 -5.67637015 -6.13236935 -5.69401071 -6.14190286
 -6.34897291 -5.78655694 -5.17430464 -5.86680893 -5.54347513 -5.6230629
 -6.18831012 -6.23889477 -6.04604    -5.87056029 -6.02686665 -5.42343953
 -6.30115686 -6.11035644 -5.44897593 -6.07370953 -5.81115655 -5.78484697
 -6.23284457 -5.53131007 -6.64991553 -6.10563118 -5.52727538 -5.91375295
 -5.49381966 -6.317893   -5.80719329 -5.4213126  -5.58339256 -5.8371482
 -5.6302619  -5.16918178 -4.76301294 -4.33687709 -4.55362696 -5.04501442
 -4.2666244  -4.71033096 -3.48163757 -4.2500751  -5.40437076 -5.15368301
 -5.02056904 -4.50671648 -4.6869272  -5.2451678  -5.67831366 -5.67401966
 -5.22362425 -5.24966237 -5.19036621 -6.26151945 -5.81303101 -5.15539906
 -7.64908942 -7.16400519 -7.196364   -7.89750063 -6.96593594 -6.51531832
 -6.81539016 -6.60807879 -6.1946025  -7.01576758 -5.73156763 -5.65205209
 -7.23540525 -6.27578686 -7.15150014 -6.97336628 -6.10862752 -6.75435997
 -5.9708396  -7.23911309 -6.59122349 -6.4011329  -6.47334082 -7.10783179
 -6.47994275 -7.34672657 -5.7096998  -6.76463996 -6.81746353 -6.00627656
 -7.05386264 -5.94389536 -6.45198447 -6.85531516 -6.05623083 -7.86272919
 -6.06603713 -6.89662771 -7.85090314 -7.73946666 -6.85474203 -7.72677073
 -6.52959543 -6.37152266 -6.977446   -6.95578818 -7.01546797 -7.60002708
 -6.50117593 -6.17527505 -7.00140217 -7.54963129 -6.59857137 -7.32893825
 -7.47916251 -6.64804862 -5.88601048 -6.57303614 -5.88668496 -6.22588689
 -7.17496921 -6.13025774 -6.06699081 -5.38666431 -6.27916186 -6.0440324
 -6.03091741 -6.35818226 -5.52575112 -6.28412959 -6.27978418 -6.36095709
 -6.67050763 -6.46256592 -6.32860621 -6.18106888 -6.46823022 -6.15024361
 -6.56840276 -6.07362728 -7.01312717 -6.79244521 -6.3344957  -6.61059231
 -5.73530653 -5.71221939 -5.99733661 -6.38103546 -6.3208463  -5.73790385
 -6.68953838 -6.52735246 -6.2951308  -6.09226182 -5.66273396 -5.82801117
 -6.03402821 -6.21544372 -7.02894491 -7.29135049 -6.33914925 -6.81644415
 -6.41894267 -6.99198231 -6.69573501 -6.51367811 -6.07859534 -6.05083663
 -6.23756983 -6.2058888  -6.26310568 -6.47359489 -6.01966    -6.04228587
 -6.61153231 -7.75133067 -7.14365589 -6.93729177 -7.03378027 -6.9534454
 -6.64796266 -6.34616314 -6.78727242 -5.86030395 -6.34057165 -6.48849241
 -6.31169211 -6.45767037 -7.2233267  -6.96493079 -5.75885886 -6.69506681
 -4.73969752 -4.40446477 -6.1106966  -6.33308454 -6.17628123 -6.1670399 ]","[0.07812697 0.33458822 0.14646211 0.06863472 0.16338826 0.08507485
 0.03985239 0.17306602 0.08505811 0.18078529 0.10186596 0.09383612
 0.1264743  0.09841102 0.14694253 0.10560013 0.11421812 0.12141288
 0.08145393 0.17167348 0.24682567 0.15378407 0.10998859 0.14164088
 0.16150104 0.28367251 0.14844098 0.18176896 0.07511821 0.16849409
 0.0870784  0.1441302  0.04181152 0.07477283 0.06347458 0.15309746
 0.13267421 0.10493945 0.11094128 0.04148678 0.04624309 0.10422763
 0.07489492 0.09282414 0.03812673 0.05049406 0.11972482 0.10153117
 0.07452148 0.1052087  0.10323849 0.12204649 0.11847912 0.10919041
 0.09359485 0.08345287 0.04126741 0.09892947 0.04563888 0.1564087
 0.08924407 0.06855674 0.10026414 0.03888809 0.05431733 0.06975117
 0.12133204 0.06830225 0.07459371 0.11635434 0.08161758 0.09356121
 0.06542192 0.1035788  0.08910955 0.08960819 0.07120287 0.04210928
 0.04713302 0.18008425 0.06802811 0.11232011 0.09005989 0.15170818
 0.08563442 0.08570114 0.04198263 0.09247481 0.10537737 0.0787791
 0.15356567 0.09993824 0.06893438 0.15975005 0.27240898 0.08816039
 0.36718286 0.24308147 0.1033455  0.31965281 0.06357272 0.16106106
 0.0610383  0.06650361 0.11347068 0.06222879 0.07787183 0.06596854
 0.08696389 0.10156113 0.07381338 0.13567    0.16485153 0.21927295
 0.11954492 0.06516225 0.05688094 0.10311478 0.07868073 0.02596285
 0.12091218 0.06748227 0.0628347  0.06531675 0.05107569 0.07096927
 0.06292587 0.06715938 0.10142007 0.12305023 0.08409989 0.06438028
 0.05214964 0.11559482 0.06450698 0.04680113 0.09533814 0.04864578
 0.10164208 0.06265676 0.02096133 0.05978103 0.07628196 0.07749379
 0.10003955 0.13623932 0.0288812  0.05069873 0.11582834 0.04356595
 0.10868497 0.07457684 0.11071317 0.0669542  0.06546375 0.09815064
 0.06999461 0.05988641 0.11068989 0.12716242 0.06069475 0.10853482
 0.04778802 0.10871581 0.0501952  0.06605589 0.05218143 0.13877013
 0.04210746 0.11129244 0.11853857 0.09130788 0.12900366 0.14277225
 0.07200859 0.09555999 0.10733863 0.0835073  0.06965768 0.0799116
 0.10512015 0.04322576 0.0656902  0.08212975 0.06026538 0.11542822
 0.05868775 0.04232542 0.02308733 0.17535419 0.07423287 0.09206643
 0.07838798 0.08065379 0.0588949  0.09880468 0.09617788 0.09140482
 0.10454212 0.07102337 0.05149924 0.05156273 0.06643566 0.05914289
 0.12031641 0.10958488 0.13133637 0.1577487  0.04987332 0.04909583
 0.09642495 0.08930198 0.12894688 0.06678542 0.0538123  0.03292528
 0.10294052 0.08684547 0.03105336 0.06557745 0.07224729 0.09829041
 0.14102648 0.08630765 0.09869738 0.07874292 0.0517124  0.13015347
 0.07709907 0.06759545 0.06661926 0.07135113 0.08051165 0.08685458
 0.13847157 0.11407589 0.06495598 0.0827385  0.11922922 0.03748214
 0.0371195  0.02986649 0.12398783 0.08402247 0.08405972 0.02657779
 0.27851162 0.16443385 0.02982686 0.05547623 0.05532414 0.11574447]"
8,KNeighborsRegressor,"[-5.293333333333333, -5.920000000000001, -6.8, -6.5, -6.776666666666666, -5.826666666666667, -5.803333333333334, -6.669999999999999, -6.669999999999999, -6.173333333333333, -6.031666666666666, -4.943333333333333, -5.661666666666666, -5.466666666666666, -6.849999999999999, -6.900000000000001, -5.516666666666667, -5.516666666666667, -5.516666666666667, -7.0, -6.66, -6.773333333333333, -7.256666666666668, -7.703333333333333, -7.396666666666666, -6.27, -6.653333333333333, -6.38, -6.703333333333333, -6.796666666666667, -6.566666666666666, -6.183333333333333, -6.05, -5.743333333333333, -5.909999999999999, -5.533333333333334, -5.976666666666667, -5.546666666666667, -6.0633333333333335, -6.789999999999999, -5.836666666666666, -6.308333333333333, -5.896666666666666, -6.949999999999999, -7.03, -7.113333333333333, -7.109999999999999, -5.849999999999999, -5.359999999999999, -5.673333333333335, -5.673333333333333, -5.81, -5.716666666666666, -5.513333333333333, -5.62, -5.876666666666666, -5.63, -5.653333333333333, -5.846666666666667, -6.026666666666667, -5.5633333333333335, -5.913333333333333, -6.034999999999999, -5.62, -5.829999999999999, -5.803333333333334, -5.666666666666667, -5.8999999999999995, -5.68, -5.828333333333333, -6.173333333333333, -5.808333333333334, -6.103333333333333, -5.37, -5.329999999999999, -5.539999999999999, -5.539999999999999, -4.0633333333333335, -4.5633333333333335, -4.06, -4.5633333333333335, -4.06, -4.986666666666666, -4.843333333333333, -5.123333333333334, -5.293333333333333, -5.1499999999999995, -5.213333333333334, -6.18, -6.383333333333333, -6.306666666666666, -4.833333333333333, -5.7, -5.666666666666667, -5.126666666666667, -6.676666666666667, -7.276666666666666, -7.28, -7.576666666666667, -6.859999999999999, -6.989999999999999, -6.94, -5.655, -7.29, -6.983333333333334, -7.416666666666667, -7.553333333333334, -5.976666666666667, -6.963333333333334, -7.293333333333334, -6.739999999999999, -7.12, -6.349999999999999, -6.706666666666666, -7.07, -7.34, -7.463333333333334, -6.486666666666667, -6.7, -6.2700000000000005, -6.12, -7.31, -7.23, -7.233333333333333, -7.353333333333333, -7.45, -7.1000000000000005, -7.313333333333333, -6.293333333333334, -7.159999999999999, -7.396666666666666, -6.526666666666667, -7.426666666666667, -5.59, -6.640000000000001, -7.27, -7.29, -7.003333333333333, -6.753333333333334, -5.81, -6.363333333333333, -6.246666666666666, -7.12, -6.079999999999999, -6.6433333333333335, -7.44, -7.016666666666667, -6.030000000000001, -6.173333333333333, -5.586666666666667, -5.496666666666667, -6.669999999999999, -5.996666666666667, -6.496666666666667, -6.723333333333334, -5.773333333333333, -5.776666666666666, -6.616666666666666, -6.64, -6.533333333333334, -5.756666666666667, -6.13, -5.746666666666666, -6.31, -6.446666666666666, -6.44, -6.41, -6.403333333333333, -6.413333333333333, -6.146666666666666, -5.628333333333333, -5.9366666666666665, -5.553333333333332, -6.843333333333333, -5.956666666666667, -6.286666666666666, -6.833333333333333, -6.833333333333333, -5.956666666666667, -6.286666666666666, -6.216666666666668, -6.653333333333333, -6.206666666666667, -5.95, -5.94, -7.252990001333333, -7.079859172333332, -6.679843074333333, -5.788335942333333, -5.923333333333333, -5.904428455333332, -5.904428455333334, -6.651559007, -6.557206798666667, -6.3268919876666665, -5.858253107333333, -5.913333333333334, -5.989999999999999, -5.696666666666666, -5.843333333333334, -6.156666666666666, -7.079859172333332, -5.473333333333334, -6.03, -4.923333333333333, -4.923333333333333, -5.596666666666667, -5.22, -5.22, -5.75, -6.81, -6.349999999999999, -5.486666666666667, -4.933333333333334, -6.646666666666666, -6.22, -5.75, -4.97, -6.69, -5.706666666666667, -5.75, -5.853333333333333, -6.246666666666666, -6.963333333333334, -7.293333333333334, -7.403333333333333, -6.7, -6.716666666666666, -5.906666666666666, -6.55, -5.613333333333333, -6.1000000000000005, -5.713333333333334, -5.91, -5.669999999999999, -5.913333333333333, -5.916666666666667, -5.4799999999999995, -5.546666666666667, -5.603333333333334, -5.8066666666666675, -5.77, -6.22, -5.77, -5.8066666666666675, -5.623333333333334, -5.88, -6.973333333333334, -6.263333333333333, -6.003333333333334, -5.55, -5.546666666666667, -5.663333333333333, -5.763333333333333, -5.793333333333333, -5.696666666666666, -5.666666666666667, -5.573333333333333, -5.696666666666666, -5.696666666666666, -5.873333333333332, -5.716666666666666, -5.6066666666666665, -5.59, -5.803333333333334, -5.675, -5.669999999999999, -5.466666666666666, -6.396666666666667, -6.141666666666667, -5.580000000000001, -5.853333333333333, -6.623333333333334, -5.8, -5.54, -4.226666666666667, -4.866666666666666, -4.88, -4.966666666666667, -4.88, -4.896666666666667, -5.1433333333333335, -4.963333333333334, -5.196666666666666, -5.336666666666666, -5.6866666666666665, -5.293333333333333, -5.256666666666667, -6.293333333333333, -5.253333333333333, -6.956666666666667, -7.0, -7.2700000000000005, -7.286666666666666, -6.986666666666667, -6.203333333333333, -6.0566666666666675, -6.1933333333333325, -7.3066666666666675, -6.79, -7.136666666666667, -7.076666666666667, -7.563333333333333, -6.473333333333334, -7.113333333333333, -6.956666666666667, -6.156666666666666, -6.87, -6.783333333333334, -6.343333333333334, -6.31, -6.37, -6.713333333333334, -7.413333333333333, -6.796666666666667, -7.2299999999999995, -7.163333333333334, -7.02, -7.276666666666666, -7.213333333333334, -7.109999999999999, -7.316666666666666, -5.876666666666666, -7.116666666666667, -7.196666666666668, -7.083333333333333, -7.203333333333333, -7.093333333333334, -6.4316666666666675, -7.22, -7.113333333333333, -7.046666666666667, -7.213333333333334, -7.29, -7.23, -6.44, -6.1433333333333335, -5.803333333333334, -6.010000000000001, -6.010000000000001, -6.54, -6.23, -6.403333333333333, -6.233333333333333, -5.573333333333333, -5.816666666666666, -5.746666666666666, -6.953333333333333, -6.786666666666666, -7.366666666666667, -5.989999999999999, -6.723333333333334, -5.9433333333333325, -6.6499999999999995, -5.989999999999999, -5.526666666666666, -6.053333333333334, -6.713333333333334, -6.023333333333333, -5.79, -5.766666666666667, -6.359999999999999, -6.109999999999999, -6.329999999999999, -5.9799999999999995, -5.998333333333332, -5.836666666666666, -6.0200000000000005, -5.926666666666667, -5.751666666666668, -6.963333333333334, -6.6000000000000005, -7.066666666666666, -6.96, -5.896666666666667, -5.903333333333333, -7.0, -6.103333333333333, -6.870277971666667, -5.889528689, -5.7598416036666675, -5.793333333333334, -5.775878701, -6.277450633333333, -6.4608600843333335, -6.040954189333334, -5.837322830666667, -5.258085547, -4.8908038036666674, -5.258085547, -5.81, -6.22, -6.066666666666667, -5.9366666666666665, -5.8999999999999995, -5.736666666666667, -5.4799999999999995, -5.8999999999999995, -6.233333333333333, -5.655, -7.101798267333333, -5.666666666666667, -6.016666666666667, -5.93, -4.97, -5.495, -6.69, -5.656666666666666, -5.283333333333332, -5.706666666666666, -6.176666666666667, -6.113333333333333, -6.916666666666667, -6.916666666666667, -6.510000000000001, -6.84, -6.8999999999999995, -6.56, -6.849999999999999, -5.5566666666666675, -7.043333333333333, -5.669999999999999, -5.670000000000001, -5.863333333333333, -7.303333333333334, -7.436666666666667, -7.12, -7.16, -6.786666666666666, -5.966666666666666, -5.760000000000001, -5.739999999999999, -5.796666666666667, -6.109999999999999, -5.696666666666666, -5.66, -5.566666666666666, -5.670000000000001, -5.533333333333332, -5.533333333333332, -5.94, -5.883333333333333, -6.166666666666667, -5.8500000000000005, -6.31, -5.710000000000001, -7.166666666666667, -6.476666666666667, -7.336666666666666, -7.3, -5.683333333333334, -5.516666666666667, -6.0, -6.12, -5.673333333333333, -5.746666666666666, -5.746666666666666, -5.673333333333333, -5.716666666666666, -5.73, -5.923333333333333, -5.8133333333333335, -5.721666666666667, -5.573333333333333, -5.793333333333334, -5.733333333333333, -5.79, -5.353333333333334, -5.7299999999999995, -5.563333333333333, -6.94, -5.8, -6.039999999999999, -5.593333333333334, -5.716666666666666, -5.566666666666666, -5.913333333333334, -6.59, -5.916666666666667, -5.59, -5.966666666666668, -5.913333333333333, -4.27, -5.013333333333333, -4.93, -5.8066666666666675, -4.153333333333333, -3.61, -4.830000000000001, -4.97, -4.920000000000001, -5.4433333333333325, -5.010000000000001, -6.010000000000001, -5.316666666666666, -5.316666666666666, -5.863333333333333, -5.243333333333333, -5.293333333333333, -5.1033333333333335, -5.069999999999999, -5.076666666666667, -6.566666666666666, -5.12, -7.2, -5.901666666666666, -6.86, -6.673333333333333, -7.07, -7.123333333333332, -6.926666666666667, -6.553333333333334, -7.286666666666666, -7.333333333333333, -5.993333333333332, -7.173333333333335, -7.39, -5.623333333333334, -6.243333333333332, -7.176666666666667, -7.02, -7.163333333333334, -7.123333333333334, -7.136666666666667, -7.283333333333334, -6.13, -7.183333333333334, -7.38, -6.966666666666666, -7.006666666666667, -6.34, -7.210000000000001, -6.846666666666667, -7.343333333333334, -6.353333333333333, -6.68, -6.023333333333333, -7.056666666666666, -6.8999999999999995, -6.45, -6.38, -7.276666666666667, -5.723333333333334, -7.349999999999999, -6.396666666666667, -7.1499999999999995, -7.256666666666667, -7.3, -6.376666666666666, -6.173333333333333, -7.010000000000001, -7.346666666666667, -7.203333333333333, -7.093333333333334, -6.923333333333333, -5.843333333333334, -6.68, -6.463333333333334, -6.25, -7.146666666666666, -7.1066666666666665, -6.113333333333333, -5.846666666666667, -5.81, -5.9799999999999995, -6.653333333333333, -6.25, -6.3, -6.223333333333333, -5.94, -6.666666666666667, -6.04, -5.786666666666666, -6.739999999999999, -6.32, -6.199999999999999, -5.7299999999999995, -6.183333333333334, -7.013333333333333, -6.513333333333333, -6.163333333333334, -6.61, -6.086666666666666, -6.8133333333333335, -5.8066666666666675, -7.0475558346666665, -7.033758273, -7.030219817, -7.030219817, -5.87381589, -5.87381589, -5.53, -5.858253107333333, -6.184371162666667, -6.393419567666666, -6.3268919876666665, -6.211472809333333, -5.270681734, -5.270681734, -5.756666666666667, -5.786666666666666, -5.8999999999999995, -5.460000000000001, -5.989999999999999, -5.853333333333333, -5.706666666666667, -4.953333333333333, -4.953333333333333, -4.853333333333333, -6.6933333333333325, -5.483333333333333, -5.296666666666667, -4.736666666666667, -4.736666666666667, -6.916666666666667, -4.736666666666667, -4.9433333333333325, -4.956666666666667, -5.498333333333334, -6.836666666666666, -5.983333333333333, -6.006666666666667, -5.8500000000000005, -5.696666666666666, -5.446666666666666, -6.576666666666665, -7.033333333333334, -6.4433333333333325, -7.703333333333334, -7.316666666666666, -6.64, -6.8500000000000005, -6.28, -6.556666666666666, -6.28, -6.063333333333333, -6.123333333333334, -5.716666666666666, -6.330000000000001, -5.830000000000001, -5.739999999999999, -5.593333333333334, -5.776666666666666, -5.88, -5.536666666666666, -5.523333333333333, -6.166666666666667, -5.8999999999999995, -6.243333333333333, -5.736666666666667, -6.579999999999999, -6.246666666666667, -5.713333333333334, -5.803333333333334, -5.62, -5.7250000000000005, -5.713333333333334, -5.8950000000000005, -5.683333333333333, -5.546666666666667, -5.5, -5.633333333333333, -5.833333333333333, -5.896666666666666, -5.845, -6.87, -5.669999999999999, -5.803333333333334, -5.806666666666666, -6.086666666666666, -5.923333333333333, -5.153333333333333, -5.076666666666667, -5.013333333333333, -4.403333333333333, -3.64, -4.996666666666667, -5.286666666666666, -5.036666666666666, -4.923333333333333, -5.183333333333334, -5.016666666666667, -5.286666666666667, -4.996666666666667, -5.25, -5.006666666666667, -5.733333333333333, -5.329999999999999, -5.13, -5.13, -5.739999999999999, -5.203333333333333, -5.456666666666666, -5.216666666666666, -6.035, -7.296666666666667, -7.303333333333334, -6.400000000000001, -6.386666666666667, -7.266666666666667, -6.1066666666666665, -5.8066666666666675, -7.223333333333333, -7.226666666666667, -5.713333333333334, -7.426666666666667, -5.63, -5.816666666666666, -6.353333333333333, -6.536666666666666, -7.073333333333333, -5.656666666666666, -5.82, -7.323333333333333, -6.56, -7.349999999999999, -7.289999999999999, -7.366666666666667, -6.0, -6.276666666666666, -7.076666666666667, -7.126666666666666, -7.076666666666667, -6.333333333333333, -7.383333333333333, -5.81, -7.156666666666666, -5.97, -6.836666666666666, -6.146666666666667, -7.0566666666666675, -7.263333333333333, -7.29, -7.1866666666666665, -7.3933333333333335, -6.986666666666667, -7.083333333333333, -6.253333333333333, -5.766666666666667, -6.72, -7.27, -6.509999999999999, -7.349999999999999, -7.003333333333334, -6.59, -6.1499999999999995, -6.583333333333333, -6.926666666666667, -7.303333333333332, -5.8566666666666665, -5.593333333333334, -6.083333333333333, -5.82, -5.726666666666667, -5.616666666666667, -5.603333333333334, -5.466666666666666, -6.303333333333334, -6.283333333333334, -6.573333333333333, -6.476666666666667, -5.656666666666666, -5.849999999999999, -5.916666666666667, -6.113333333333333, -6.59, -5.653333333333333, -5.800000000000001, -6.713333333333334, -5.8999999999999995, -6.433333333333333, -5.93, -5.91, -6.2, -6.296666666666667, -6.609999999999999, -6.136666666666667, -6.989999999999999, -6.861290654666667, -5.853333333333334, -7.018177138333333, -6.61, -6.3066666666666675, -5.946666666666666, -5.853333333333334, -6.183333333333334, -6.05, -7.033758272999999, -7.203611305333333, -7.203611305333333, -6.165153726, -6.139634691666667, -5.850603913666666, -6.3137593223333335, -6.313759322333333, -6.857270657666667, -7.033758272999999, -5.270681734, -6.043333333333333, -4.946666666666666, -5.933333333333334, -5.9433333333333325, -5.863333333333333, -7.033758273, -5.62, -5.863333333333333, -5.373333333333332, -5.373333333333332, -5.0633333333333335, -6.760000000000001, -5.413333333333334, -5.226666666666667, -4.829999999999999, -5.153333333333333, -5.476666666666667, -6.713333333333334, -6.713333333333334, -6.9366666666666665, -6.1433333333333335, -7.12, -7.1933333333333325, -7.12, -5.983333333333333, -6.1000000000000005, -5.646666666666666, -5.863333333333333, -5.4433333333333325, -6.94, -6.683333333333334, -7.013333333333333, -6.919999999999999, -6.816666666666666, -6.571666666666665, -6.3500000000000005, -6.69, -6.501454935000001, -5.94, -5.78, -6.3933333333333335, -6.53, -7.063333333333333, -7.6433333333333335, -5.896666666666667, -5.69, -5.763333333333333, -5.663333333333333, -5.686666666666667, -5.478333333333334, -5.746666666666666, -6.156666666666666, -5.926666666666667, -5.696666666666666, -5.669999999999999, -5.699999999999999, -5.6933333333333325, -5.486666666666667, -5.588333333333334, -5.78, -5.96, -5.836666666666667, -5.8, -5.73, -6.471666666666667, -5.881666666666667, -5.88, -5.756666666666667, -5.8566666666666665, -5.77, -5.715, -6.2, -6.05, -5.98, -4.71, -5.18, -4.316666666666666, -5.293333333333334, -4.9433333333333325, -5.47, -5.260000000000001, -3.78, -3.813333333333333, -4.826666666666666, -4.8933333333333335, -4.8933333333333335, -4.890000000000001, -5.32, -5.193333333333333, -4.826666666666667, -6.256666666666667, -6.256666666666667, -5.213333333333334, -5.3066666666666675, -5.323333333333333, -6.773333333333333, -4.983333333333333, -7.46, -7.323333333333333, -7.336666666666666, -7.313333333333333, -6.863333333333333, -5.633333333333333, -6.536666666666666, -5.723333333333333, -6.676666666666667, -6.173333333333333, -6.71, -6.71, -7.04, -5.55, -7.496666666666666, -7.6000000000000005, -7.173333333333333, -6.156666666666666, -7.18, -7.336666666666666, -7.093333333333334, -6.146666666666667, -6.276666666666666, -7.093333333333334, -7.390000000000001, -5.739999999999999, -7.04, -7.096666666666667, -6.31, -7.1066666666666665, -7.263333333333333, -6.846666666666667, -6.420000000000001, -7.277957321333332, -7.47, -7.406666666666666, -7.156666666666666, -7.253333333333333, -7.178300653333334, -6.196666666666666, -6.78, -7.253333333333333, -7.25, -7.07, -6.926666666666667, -7.3933333333333335, -6.436666666666667, -5.669999999999999, -5.926666666666667, -7.496666666666667, -7.263333333333333, -7.026666666666666, -7.18, -7.36, -6.176666666666666, -5.44, -6.013333333333333, -5.9799999999999995, -5.919999999999999, -5.986666666666667, -6.673333333333333, -5.516666666666666, -6.493333333333333, -5.966666666666666, -6.076666666666667, -6.193333333333334, -5.760000000000001, -6.953333333333333, -6.566666666666666, -5.566666666666666, -6.609999999999999, -5.886666666666667, -5.8933333333333335, -6.3, -6.53, -6.253333333333333, -6.218333333333334, -6.216666666666666, -6.739999999999999, -7.226666666666667, -6.963333333333334, -7.153333333333333, -6.78, -6.1933333333333325, -6.883333333333333, -6.883333333333333, -6.496666666666667, -6.263333333333333, -5.8066666666666675, -7.037836424999999, -7.078929162333334, -7.035227978999999, -6.762787154000001, -6.165153726, -5.807061071, -5.807061071, -5.826890117666667, -6.576829018666667, -6.4948853689999995, -5.862037915999999, -6.255138973, -7.118849108, -5.862037915999999, -5.0027345043333336, -5.057797136333334, -5.9799999999999995, -6.13, -5.590000000000001, -5.823333333333333, -5.716666666666666, -6.216666666666666, -5.8999999999999995]","0     -6.440000
1     -6.400000
2     -5.660000
3     -6.700000
4     -4.670000
         ...   
247   -4.844664
248   -5.800000
249   -5.960000
250   -5.520000
251   -5.740000
Name: Permeability, Length: 252, dtype: float64","[array([-5.66      , -6.88666667, -5.73666667, -5.32666667, -4.86      ,
       -5.65666667, -6.77666667, -5.82666667, -6.17333333, -6.54666667,
       -5.31333333, -5.36166667, -5.01333333, -4.79666667, -5.70666667,
       -5.96      , -6.8       , -6.64666667, -6.75333333, -6.17333333,
       -5.32666667, -6.64666667, -6.58      , -5.93333333, -5.98333333,
       -5.93333333, -6.15333333, -5.82      , -5.51666667, -6.90333333,
       -7.36666667, -6.06333333, -5.86      , -6.5       , -5.65833333,
       -5.81333333, -5.81333333, -5.81666667, -5.81666667, -5.57333333,
       -5.50666667, -5.97666667, -5.46      , -5.64333333, -5.55666667,
       -6.05      , -5.69166667, -6.03      , -5.91      , -6.30833333,
       -6.13      , -6.69333333, -5.92333333, -5.91      , -5.64666667,
       -6.04333333, -5.59      , -5.625     , -5.86      , -5.79333333,
       -6.06666667, -5.70666667, -5.72333333, -5.77333333, -5.62333333,
       -5.61333333, -6.12666667, -6.2       , -5.36333333, -6.17666667,
       -5.82      , -5.37333333, -6.24666667, -5.85      , -5.55666667,
       -5.85      , -6.21333333, -5.55666667, -5.8       , -5.83      ,
       -6.15333333, -6.12333333, -5.67333333, -5.85166667, -5.72333333,
       -5.86      , -5.50666667, -5.47666667, -5.75666667, -5.65833333,
       -5.78      , -5.64333333, -5.32      , -4.98333333, -4.98333333,
       -5.54      , -4.06333333, -5.54      , -3.78333333, -4.56333333,
       -4.84333333, -5.28333333, -4.84333333, -4.69333333, -4.78666667,
       -4.90666667, -5.46      , -5.05      , -5.38      , -5.22666667,
       -5.10666667, -5.42666667, -6.67666667, -5.18      , -7.31      ,
       -7.02      , -7.13333333, -7.28333333, -6.96666667, -6.58333333,
       -7.02      , -6.61666667, -5.82      , -7.34      , -5.63      ,
       -5.65666667, -7.30666667, -6.30666667, -7.21      , -7.46666667,
       -6.26666667, -6.75333333, -5.51333333, -7.40666667, -6.29      ,
       -6.5       , -6.41333333, -7.08666667, -6.68      , -6.64      ,
       -5.45666667, -6.49      , -7.27      , -5.87666667, -7.33666667,
       -5.68      , -5.73      , -6.99      , -5.87      , -7.42666667,
       -5.97333333, -6.82333333, -7.42333333, -7.25666667, -6.67333333,
       -7.37333333, -6.88666667, -6.24833333, -7.17333333, -7.22333333,
       -7.10333333, -7.19666667, -6.89      , -6.83666667, -6.92      ,
       -7.43      , -6.83666667, -6.95      , -7.35333333, -6.85      ,
       -6.44333333, -6.07333333, -6.07666667, -6.4       , -7.07      ,
       -6.27666667, -5.71      , -5.83666667, -6.77333333, -6.1       ,
       -6.15333333, -6.08666667, -5.38333333, -5.93666667, -5.96333333,
       -6.49666667, -6.76333333, -6.45333333, -6.225     , -5.96666667,
       -7.15      , -5.88666667, -6.76666667, -6.57      , -6.44666667,
       -6.35      , -5.84666667, -6.27666667, -5.59666667, -5.55333333,
       -5.51333333, -6.10666667, -6.49666667, -5.80333333, -5.83333333,
       -6.79333333, -6.54      , -6.24      , -5.82833333, -5.62833333,
       -5.92666667, -5.76333333, -6.75      , -6.83      , -6.93      ,
       -7.01496732, -6.03      , -6.74      , -6.90333333, -6.42      ,
       -6.21666667, -6.12833333, -6.22      , -6.12666667, -6.55666667,
       -6.28666667, -5.64      , -6.205     , -6.78666667, -7.47299   ,
       -7.07985917, -7.06280833, -7.14789917, -7.11852047, -7.06015202,
       -6.09155339, -6.81593916, -5.78833594, -6.03212087, -6.28697997,
       -6.31465105, -6.31465105, -7.09918982, -7.06280833, -6.0015427 ,
       -6.21160388, -5.25483227, -4.91189775, -6.08666667, -5.79333333,
       -5.87333333, -5.96333333]), array([-5.85666667, -6.88666667, -5.47333333, -5.16333333, -4.84      ,
       -5.59666667, -6.69      , -5.22      , -6.35      , -6.67333333,
       -5.80333333, -5.60833333, -5.01333333, -4.79666667, -5.46333333,
       -5.55666667, -6.8       , -6.64666667, -6.75333333, -6.22      ,
       -5.47      , -6.64666667, -6.58      , -5.58333333, -7.26333333,
       -5.85333333, -5.55      , -5.82      , -5.44666667, -6.94      ,
       -7.31      , -6.06333333, -5.74      , -6.59333333, -5.81333333,
       -6.34      , -5.81333333, -5.75333333, -5.75333333, -5.69333333,
       -5.66666667, -5.88333333, -5.58      , -5.41333333, -5.80666667,
       -5.9       , -5.905     , -6.03      , -5.88      , -5.905     ,
       -5.89833333, -7.25333333, -6.42666667, -5.80666667, -6.03      ,
       -5.91      , -5.59      , -5.80333333, -5.78666667, -6.01666667,
       -6.07      , -5.57333333, -5.7       , -5.71666667, -5.62333333,
       -5.71666667, -6.12666667, -6.39333333, -5.6       , -6.3       ,
       -5.80666667, -5.70666667, -5.82333333, -5.88333333, -5.64      ,
       -5.88333333, -6.21333333, -5.66      , -5.85333333, -5.79333333,
       -6.33333333, -6.01333333, -5.57333333, -5.74      , -5.72333333,
       -5.96666667, -5.50666667, -5.55333333, -5.5       , -5.58666667,
       -5.5       , -5.23666667, -4.38666667, -4.98333333, -4.98333333,
       -5.        , -3.92333333, -4.87333333, -3.81666667, -4.39666667,
       -4.90666667, -5.42      , -4.95333333, -4.88      , -4.89666667,
       -4.90666667, -5.43      , -5.29333333, -5.59333333, -5.31      ,
       -5.43666667, -5.72333333, -6.62666667, -5.46333333, -7.03666667,
       -7.02      , -7.13333333, -7.30666667, -6.96666667, -6.67      ,
       -6.77666667, -6.92333333, -5.73666667, -7.4       , -5.63      ,
       -5.65666667, -7.21333333, -5.92666667, -7.21      , -7.34      ,
       -6.26666667, -6.29      , -5.51333333, -7.40666667, -6.29      ,
       -6.24666667, -6.23666667, -6.92666667, -6.78666667, -7.20333333,
       -5.45333333, -6.70333333, -7.26333333, -5.96333333, -7.32333333,
       -5.54      , -5.66333333, -6.99      , -5.97333333, -7.38666667,
       -5.97333333, -6.82333333, -7.41      , -7.32333333, -6.88666667,
       -7.35      , -6.88666667, -6.595     , -7.16      , -7.09666667,
       -6.86333333, -7.24333333, -6.83      , -6.57333333, -7.32333333,
       -7.39      , -6.67      , -6.95      , -7.35333333, -6.72333333,
       -6.01      , -6.05      , -5.75333333, -6.24      , -7.21      ,
       -6.54666667, -5.71      , -5.83666667, -6.77333333, -6.02      ,
       -5.77333333, -5.93      , -5.38333333, -6.06666667, -5.88666667,
       -6.38666667, -6.76333333, -6.44      , -6.06333333, -5.96666667,
       -6.91      , -5.79333333, -6.72      , -6.57      , -6.84      ,
       -6.35      , -6.06333333, -6.05333333, -5.77666667, -5.64666667,
       -5.62      , -6.24666667, -6.08666667, -5.9       , -5.85      ,
       -6.48333333, -6.49      , -6.36666667, -5.87333333, -5.795     ,
       -6.17333333, -5.78666667, -6.94333333, -7.06666667, -6.86333333,
       -7.01496732, -5.98333333, -7.10333333, -6.90333333, -6.42      ,
       -5.95333333, -5.80833333, -6.62333333, -6.12666667, -6.51      ,
       -6.37      , -5.64      , -6.22333333, -6.87333333, -7.54965667,
       -7.14789917, -7.01670743, -7.10179827, -7.05308892, -6.88952423,
       -6.19954005, -6.76402   , -5.7598416 , -5.96736882, -6.35177332,
       -6.31465105, -6.31465105, -7.05308892, -7.01670743, -5.98906263,
       -6.02090495, -5.42386043, -5.25808555, -6.01666667, -5.76666667,
       -5.7       , -6.24      ]), array([-5.80666667, -6.85      , -5.73666667, -5.32666667, -4.94333333,
       -5.65666667, -6.69      , -6.02      , -5.92333333, -6.67333333,
       -5.31333333, -5.495     , -4.99      , -4.79666667, -5.71      ,
       -5.80666667, -6.91666667, -6.91666667, -6.71666667, -5.97333333,
       -5.32666667, -6.91666667, -6.17666667, -5.93333333, -6.39      ,
       -5.93333333, -6.15333333, -5.86333333, -5.44666667, -6.90333333,
       -7.36666667, -5.85333333, -5.73333333, -6.59333333, -5.99333333,
       -5.84333333, -5.83      , -5.69666667, -5.69666667, -5.56666667,
       -5.66666667, -5.92666667, -5.58      , -5.64333333, -5.55666667,
       -5.9       , -5.905     , -6.02      , -5.80333333, -5.905     ,
       -6.10833333, -7.12      , -6.12      , -5.82333333, -5.64666667,
       -5.86666667, -5.59      , -5.625     , -5.82333333, -5.72333333,
       -6.07      , -5.70666667, -5.67333333, -5.74      , -5.67333333,
       -5.71666667, -6.49333333, -6.39333333, -5.57333333, -6.3       ,
       -5.82      , -5.34333333, -6.21666667, -5.82      , -5.64      ,
       -5.82      , -5.85333333, -5.66      , -5.8       , -5.66      ,
       -6.03166667, -6.01333333, -5.57333333, -5.85166667, -5.59333333,
       -6.24      , -5.50666667, -5.60333333, -5.60666667, -5.83833333,
       -5.60666667, -5.23666667, -4.93      , -4.37      , -4.62      ,
       -4.93      , -3.92333333, -4.87333333, -3.61      , -4.15333333,
       -4.90666667, -5.28333333, -4.90666667, -4.69333333, -4.55666667,
       -4.88333333, -5.53666667, -5.12666667, -5.58666667, -5.13666667,
       -5.27666667, -5.50666667, -6.51333333, -5.56      , -7.18333333,
       -7.00333333, -6.91333333, -7.15333333, -6.94      , -6.67      ,
       -7.14333333, -6.5       , -6.29333333, -7.2       , -5.51333333,
       -5.49666667, -7.21333333, -5.96333333, -7.34333333, -7.44666667,
       -6.49      , -6.75333333, -5.62      , -6.92666667, -6.54333333,
       -6.24666667, -6.70666667, -6.92666667, -6.78666667, -7.20333333,
       -5.45666667, -5.94666667, -7.13333333, -5.96333333, -7.33666667,
       -5.6       , -6.19333333, -6.99      , -5.97333333, -7.42666667,
       -6.29333333, -6.82333333, -7.41      , -7.32333333, -6.67333333,
       -7.37333333, -6.65      , -6.24833333, -7.15      , -7.31      ,
       -7.33      , -7.24333333, -6.78333333, -6.65      , -7.33666667,
       -7.39      , -6.85666667, -6.97      , -7.23      , -6.99      ,
       -6.02      , -5.98333333, -6.06333333, -6.28      , -7.        ,
       -6.54666667, -5.85333333, -5.60333333, -6.34666667, -6.08333333,
       -5.77333333, -6.08666667, -5.38333333, -5.93666667, -5.88666667,
       -6.11666667, -6.86      , -6.25666667, -5.87166667, -6.        ,
       -6.91      , -5.79333333, -6.55333333, -6.24666667, -6.84      ,
       -6.35      , -6.09666667, -6.27666667, -5.49666667, -5.64666667,
       -5.62      , -6.24666667, -6.08666667, -5.79      , -6.00333333,
       -6.48333333, -6.43      , -6.44666667, -5.715     , -5.70666667,
       -5.92      , -5.84      , -7.31      , -7.07333333, -6.93      ,
       -7.09598   , -6.33666667, -7.10333333, -6.98      , -6.57666667,
       -5.95333333, -6.00666667, -6.55333333, -5.91333333, -6.66333333,
       -6.37      , -5.55      , -6.205     , -6.48      , -7.31666667,
       -7.07985917, -7.01670743, -7.14789917, -7.05308892, -6.88952423,
       -5.87381589, -6.81593916, -5.73463631, -6.04306258, -6.12319274,
       -6.18437116, -6.18437116, -7.07013976, -7.01670743, -6.03145317,
       -6.34216756, -5.25483227, -4.91189775, -6.08666667, -5.70666667,
       -5.76      , -5.96333333]), array([-5.49      , -6.88666667, -5.73666667, -5.48333333, -4.81666667,
       -5.48333333, -6.69333333, -6.02      , -5.95333333, -6.72333333,
       -4.73666667, -5.495     , -5.04      , -5.49      , -5.70666667,
       -5.55666667, -6.8       , -6.64666667, -6.51333333, -6.17333333,
       -5.32666667, -6.64666667, -6.58      , -5.73      , -6.39      ,
       -5.98333333, -5.79      , -5.93666667, -5.44666667, -7.03666667,
       -7.39      , -6.39666667, -5.80333333, -6.41333333, -6.00666667,
       -5.80333333, -5.73666667, -5.67333333, -5.67333333, -5.57333333,
       -5.62      , -5.88333333, -5.62      , -5.64333333, -5.55666667,
       -5.95      , -5.73      , -6.03      , -5.80333333, -6.23      ,
       -6.13      , -6.95666667, -5.92333333, -5.91      , -5.79666667,
       -5.86666667, -5.75      , -5.82166667, -5.85      , -5.79333333,
       -5.89666667, -5.70666667, -5.72333333, -5.77333333, -5.62      ,
       -5.71666667, -6.12666667, -6.54      , -5.57333333, -6.3       ,
       -6.10333333, -5.49      , -6.24      , -5.86666667, -5.64      ,
       -5.86666667, -6.21333333, -5.78      , -5.90666667, -5.79333333,
       -6.15333333, -6.12      , -5.57333333, -5.85166667, -5.72333333,
       -5.96666667, -5.51333333, -5.55333333, -5.5       , -5.65833333,
       -5.5       , -4.87333333, -4.38666667, -4.98333333, -4.98333333,
       -4.60666667, -3.60666667, -4.87333333, -3.81666667, -4.40333333,
       -4.95333333, -4.99333333, -4.95333333, -4.69333333, -4.81333333,
       -4.93      , -5.53666667, -5.12666667, -5.38      , -5.22666667,
       -5.13666667, -5.50666667, -6.62666667, -5.18      , -7.17      ,
       -7.02      , -7.29666667, -7.28333333, -6.96666667, -6.67      ,
       -6.77666667, -6.54666667, -5.73666667, -7.29333333, -5.63      ,
       -5.65666667, -7.21333333, -6.00333333, -7.14      , -7.29      ,
       -5.98      , -6.75333333, -5.51333333, -7.40666667, -6.64666667,
       -6.00666667, -6.41333333, -6.92666667, -6.78666667, -7.20333333,
       -5.53      , -6.70333333, -7.36666667, -5.96333333, -7.33666667,
       -5.54666667, -5.73      , -6.99      , -5.86      , -7.45      ,
       -5.42333333, -7.04666667, -7.41      , -7.32333333, -6.83333333,
       -7.42666667, -6.70666667, -6.33      , -7.09      , -7.25      ,
       -7.35333333, -7.33      , -6.78333333, -6.69      , -7.32333333,
       -7.21333333, -6.85666667, -7.18333333, -7.25666667, -6.85      ,
       -6.10666667, -6.05      , -6.07666667, -6.28      , -7.42666667,
       -6.54666667, -5.71      , -5.83666667, -6.77333333, -6.1       ,
       -5.68666667, -6.03666667, -5.59333333, -5.81666667, -5.79333333,
       -6.11666667, -6.72666667, -6.25666667, -5.87166667, -5.76666667,
       -6.87      , -5.86666667, -6.54      , -6.60333333, -6.84      ,
       -6.4       , -5.84666667, -6.27666667, -5.49666667, -5.65666667,
       -5.62      , -6.00666667, -6.27666667, -5.80333333, -6.02333333,
       -5.95666667, -6.43      , -6.44666667, -5.715     , -5.655     ,
       -5.76      , -5.77      , -7.35666667, -7.07333333, -7.14666667,
       -7.03522798, -6.33666667, -7.10333333, -6.90333333, -6.61666667,
       -5.95333333, -5.80833333, -6.62333333, -6.12666667, -6.51      ,
       -6.23333333, -5.59666667, -5.84833333, -6.80666667, -7.43632333,
       -7.07985917, -7.03375827, -7.03375827, -7.05308892, -6.95495578,
       -6.16515373, -6.76846493, -5.73463631, -5.73463631, -6.12319274,
       -6.31375932, -6.31375932, -7.07013976, -7.03375827, -6.03145317,
       -6.34216756, -5.25483227, -4.92449394, -6.12333333, -5.79333333,
       -5.76      , -6.11      ]), array([-5.85666667, -6.68333333, -5.33666667, -5.32666667, -4.86      ,
       -5.15333333, -6.76      , -6.02      , -5.95333333, -6.48      ,
       -5.80333333, -5.46      , -4.96666667, -4.81666667, -5.24333333,
       -5.16666667, -6.66333333, -6.71333333, -6.72      , -6.17333333,
       -5.32666667, -6.71333333, -5.83      , -5.93333333, -6.39      ,
       -5.93333333, -6.11666667, -5.73333333, -5.47      , -6.90333333,
       -6.97666667, -6.50333333, -5.86      , -6.62666667, -6.00666667,
       -5.81333333, -5.81333333, -5.81666667, -5.69666667, -5.57333333,
       -5.72666667, -5.91333333, -5.81333333, -5.64333333, -5.55666667,
       -5.83      , -5.905     , -6.06      , -5.80333333, -5.905     ,
       -6.13      , -6.95666667, -5.92333333, -5.91      , -5.64666667,
       -5.84333333, -5.59      , -5.625     , -5.86      , -5.94666667,
       -6.07      , -5.58666667, -5.62333333, -5.69666667, -5.52      ,
       -5.69333333, -6.55333333, -6.39333333, -5.45666667, -6.06666667,
       -6.01666667, -5.34333333, -5.82333333, -5.88333333, -5.69      ,
       -5.88333333, -6.01333333, -5.66      , -5.90666667, -5.79333333,
       -5.785     , -6.01333333, -5.57333333, -5.69833333, -5.72333333,
       -5.96666667, -5.5       , -5.45666667, -5.5       , -5.65833333,
       -5.5       , -5.23666667, -4.38666667, -4.81333333, -4.76666667,
       -5.        , -3.88333333, -4.87333333, -3.78      , -4.39666667,
       -4.82666667, -5.28333333, -4.82666667, -4.78666667, -4.81333333,
       -4.74      , -5.50333333, -5.23      , -5.61      , -5.22666667,
       -5.27666667, -5.76666667, -6.77333333, -4.67666667, -7.31      ,
       -7.14666667, -7.13333333, -7.31333333, -6.76333333, -6.71      ,
       -7.09666667, -6.54666667, -5.81666667, -7.29333333, -5.45666667,
       -5.55      , -7.28666667, -6.30666667, -6.97666667, -7.29      ,
       -6.26666667, -6.51333333, -5.6       , -7.28666667, -6.42      ,
       -6.27666667, -6.29      , -7.17333333, -6.47      , -7.26333333,
       -5.52      , -6.70333333, -7.26333333, -5.78666667, -7.39333333,
       -5.54      , -5.81333333, -7.07666667, -6.01      , -7.48666667,
       -5.97333333, -6.83      , -7.47      , -7.45333333, -6.65      ,
       -7.52333333, -6.88666667, -6.24833333, -7.17333333, -7.25      ,
       -7.10333333, -7.05      , -6.80666667, -6.69      , -7.04666667,
       -7.48666667, -6.71      , -6.95      , -7.49666667, -6.83666667,
       -6.10666667, -6.05      , -6.07666667, -6.28      , -7.07      ,
       -6.18666667, -5.56      , -5.78666667, -6.58      , -6.1       ,
       -5.72666667, -5.90666667, -5.38333333, -6.03      , -5.98      ,
       -6.11666667, -6.43666667, -6.13      , -5.965     , -5.88666667,
       -6.91      , -5.79333333, -6.55333333, -6.45      , -6.85333333,
       -6.39666667, -5.84666667, -6.11      , -5.49666667, -5.53166667,
       -5.72      , -6.27666667, -6.08666667, -5.81666667, -5.85      ,
       -6.48333333, -6.37      , -6.20666667, -5.715     , -5.795     ,
       -5.92666667, -5.76333333, -7.31      , -7.04333333, -7.01      ,
       -7.01496732, -6.66      , -6.32333333, -6.85      , -6.49666667,
       -5.95333333, -5.88166667, -6.62333333, -6.29      , -6.22      ,
       -6.37      , -5.68333333, -6.205     , -6.78666667, -7.54965667,
       -7.18428066, -7.03375827, -7.11884911, -7.07013976, -6.76278715,
       -6.09155339, -6.91191916, -5.73463631, -6.04306258, -6.30660219,
       -6.31465105, -6.31465105, -7.07013976, -7.03375827, -6.11761239,
       -6.31194721, -5.05454386, -4.87064976, -5.99333333, -5.79333333,
       -5.76      , -6.04333333])]","[-5.734      -6.83866667 -5.604      -5.32533333 -4.864      -5.50933333
 -6.722      -5.82133333 -6.07066667 -6.61933333 -5.394      -5.484
 -5.00466667 -4.93933333 -5.566      -5.60933333 -6.796      -6.714
 -6.69133333 -6.14266667 -5.35533333 -6.714      -6.34933333 -5.82266667
 -6.48333333 -5.92733333 -5.95266667 -5.83466667 -5.46533333 -6.93733333
 -7.282      -6.176      -5.79933333 -6.54533333 -5.89566667 -5.92266667
 -5.80133333 -5.75133333 -5.72733333 -5.596      -5.63733333 -5.91666667
 -5.61066667 -5.59733333 -5.60666667 -5.926      -5.82733333 -6.034
 -5.84       -6.05066667 -6.07933333 -6.996      -6.06333333 -5.872
 -5.75333333 -5.906      -5.622      -5.7        -5.836      -5.85466667
 -6.03466667 -5.656      -5.68866667 -5.74       -5.612      -5.69133333
 -6.28533333 -6.384      -5.51333333 -6.22866667 -5.91333333 -5.45133333
 -6.07       -5.86066667 -5.63333333 -5.86066667 -6.10133333 -5.66333333
 -5.85333333 -5.774      -6.09133333 -6.05666667 -5.59333333 -5.79866667
 -5.69733333 -6.         -5.50666667 -5.52866667 -5.57266667 -5.68
 -5.57733333 -5.24533333 -4.682      -4.82666667 -4.86733333 -5.01533333
 -3.88       -5.00666667 -3.76133333 -4.38266667 -4.88733333 -5.25266667
 -4.89666667 -4.74933333 -4.77333333 -4.87333333 -5.49333333 -5.16533333
 -5.51       -5.22533333 -5.24666667 -5.586      -6.64333333 -5.212
 -7.202      -7.042      -7.122      -7.268      -6.92066667 -6.66066667
 -6.96266667 -6.62666667 -5.88066667 -7.30533333 -5.572      -5.60333333
 -7.24666667 -6.10133333 -7.176      -7.36666667 -6.254      -6.61266667
 -5.552      -7.28666667 -6.438      -6.25533333 -6.412      -7.008
 -6.702      -7.10266667 -5.48333333 -6.50933333 -7.25933333 -5.91066667
 -7.34533333 -5.58133333 -5.826      -7.00733333 -5.93733333 -7.43533333
 -5.92733333 -6.86933333 -7.42466667 -7.336      -6.74333333 -7.40933333
 -6.80333333 -6.334      -7.14933333 -7.226      -7.15066667 -7.21266667
 -6.81866667 -6.688      -7.19       -7.382      -6.786      -7.00066667
 -7.338      -6.85       -6.13733333 -6.04133333 -6.00933333 -6.296
 -7.15533333 -6.42066667 -5.70866667 -5.78       -6.64933333 -6.08066667
 -5.82266667 -6.00933333 -5.42533333 -5.95733333 -5.902      -6.24666667
 -6.71       -6.30733333 -5.99933333 -5.91733333 -6.95       -5.82666667
 -6.62666667 -6.488      -6.764      -6.36933333 -5.94       -6.19866667
 -5.57266667 -5.607      -5.61866667 -6.17666667 -6.20666667 -5.82266667
 -5.912      -6.44       -6.452      -6.34133333 -5.76933333 -5.716
 -5.94133333 -5.78466667 -7.134      -7.01733333 -6.976      -7.03522199
 -6.26933333 -6.87466667 -6.908      -6.506      -6.006      -5.92666667
 -6.52866667 -6.11666667 -6.492      -6.326      -5.622      -6.13733333
 -6.74666667 -7.46505867 -7.11435147 -7.03274795 -7.1100408  -7.0695854
 -6.91138869 -6.08432329 -6.81525648 -5.7504173  -5.96405023 -6.23834819
 -6.28841673 -6.28841673 -7.07253961 -7.03274795 -6.03422481 -6.24575823
 -5.24858022 -4.97540495 -6.06133333 -5.77066667 -5.77066667 -6.064     ]","[0.14169451 0.07895428 0.16813222 0.10120606 0.04276031 0.18891974
 0.03821576 0.30985014 0.1660174  0.09093099 0.39502124 0.0790471
 0.02472965 0.27544227 0.18706386 0.26959558 0.08026069 0.10457108
 0.09037207 0.08657431 0.05733333 0.10457108 0.30303208 0.14325424
 0.42060274 0.04176123 0.24332329 0.06621849 0.02721111 0.05165699
 0.15492794 0.23889003 0.05523284 0.07836099 0.13948955 0.20909753
 0.03297137 0.05935206 0.05187164 0.04873511 0.07358744 0.03444803
 0.11466667 0.092      0.1        0.07282857 0.09589114 0.01356466
 0.04589844 0.18011601 0.09088821 0.18777528 0.19698844 0.04683778
 0.15003703 0.07196913 0.064      0.09203864 0.02807925 0.10906879
 0.06901208 0.06219682 0.03751148 0.03047768 0.05009325 0.04003332
 0.19525027 0.10812339 0.08991354 0.09403545 0.12294534 0.13863782
 0.20164876 0.02379542 0.042947   0.02379542 0.14620534 0.0707421
 0.04770278 0.05874238 0.18091557 0.05308274 0.04       0.06623527
 0.052      0.12691204 0.00421637 0.05418487 0.10084972 0.08389146
 0.10943085 0.24372662 0.38215529 0.23763651 0.14944936 0.30001185
 0.14972568 0.26666667 0.07727584 0.13118943 0.04630335 0.14005396
 0.0534166  0.07466667 0.11448435 0.06828047 0.042374   0.08585776
 0.10641637 0.05483713 0.11798305 0.13377261 0.08422193 0.30753934
 0.10201525 0.05272992 0.12201275 0.05859845 0.07934174 0.04165466
 0.15689204 0.15294153 0.20954342 0.06564551 0.07326057 0.06746192
 0.04131182 0.16939894 0.11945059 0.07598245 0.16202057 0.18619464
 0.04777726 0.1859032  0.14054813 0.15639835 0.16276227 0.10331398
 0.12313678 0.23249755 0.03418902 0.29321513 0.0742189  0.07050296
 0.02454927 0.05422587 0.18972963 0.03466667 0.06064102 0.03276855
 0.28082735 0.08870425 0.02324746 0.06409715 0.09711391 0.06230391
 0.10362325 0.13427832 0.0309408  0.07062892 0.17903941 0.0920483
 0.03964285 0.08567639 0.17349992 0.09147191 0.07973289 0.09166121
 0.09372774 0.08464304 0.15842839 0.03037543 0.12810412 0.05425864
 0.15185666 0.15692036 0.09277452 0.09043107 0.16884444 0.03101254
 0.16847552 0.07686641 0.084      0.08703511 0.06651984 0.16297239
 0.14365081 0.12288025 0.13326498 0.08407404 0.10119289 0.04131182
 0.09651713 0.13148046 0.15875068 0.02370185 0.1147945  0.09719625
 0.10910545 0.05323324 0.06537414 0.10353743 0.16260381 0.03957553
 0.08320256 0.26984769 0.05810336 0.10122802 0.068049   0.06924674
 0.13235642 0.02895207 0.24304001 0.0943139  0.09716881 0.03137608
 0.24526086 0.3095057  0.04150502 0.08014986 0.10533333 0.12417729
 0.15669645 0.11974046 0.14708425 0.05646631 0.04524501 0.14467435
 0.13708067 0.08628146 0.04378286 0.01685387 0.04202633 0.02534305
 0.09702283 0.113337   0.0532151  0.02132491 0.11811966 0.09634363
 0.05202393 0.05202393 0.01487172 0.01685387 0.0448923  0.12222603
 0.1170389  0.1425063  0.04846992 0.03362539 0.05634812 0.10371757]"
9,SVR,"[-5.79190375467008, -6.5694349100724345, -6.689489134409301, -5.956060536285699, -6.764987077153249, -5.830964794842316, -5.2863121091499, -6.587284147201818, -6.61994947238665, -5.735092071594474, -5.570737428480785, -4.953281906485555, -5.572833546043547, -5.372985150987225, -7.0393565188542375, -6.527878002131008, -5.535105119751339, -5.507586552971698, -5.530410853522485, -6.716607004968042, -6.161514392261066, -7.127472169727608, -6.968088854407984, -7.336999018720581, -7.1049746518377495, -6.4074294006684305, -6.713942122836116, -6.084719945689051, -6.8750642980616705, -6.7154297444284605, -6.724734189969869, -6.5354683680112835, -6.519783720447967, -5.666125283922811, -5.593393713543062, -5.637329211299338, -6.037139865693668, -5.751155015205582, -6.184367032904468, -6.927654928600912, -5.846416676972008, -6.402306282133668, -5.962735532845216, -6.840210341684328, -7.239814398796529, -7.083275349164348, -7.232956812804208, -5.67030485178524, -5.844073446676719, -5.403963542174373, -5.639562074462646, -5.434796337450978, -5.661950254935291, -5.5161883766360145, -5.613561506075537, -5.917019168467929, -5.579901540625976, -5.584886067545457, -5.816800030446986, -5.849164221244173, -5.641748830391151, -5.852208410926438, -6.244325060043377, -5.864539527181948, -5.623294417359829, -6.057553642043799, -5.911626216801242, -5.791582551950736, -5.602095336260638, -5.905466275022375, -6.016008549741576, -5.963130405703263, -5.9905776089357685, -5.685114679849344, -5.08426335329339, -5.050414526423941, -5.181708912397234, -4.513557662248138, -4.6959673391763745, -4.423225723085447, -4.685005225986212, -4.758835806878771, -5.145943923567043, -4.917243869696291, -5.030357595858006, -5.389212359592074, -5.11260709995551, -5.36521803846128, -5.5302750618545105, -6.463907157383207, -6.554676110985823, -4.993613580058207, -5.940740672419645, -5.680614485439767, -5.494954087100751, -6.462433183516616, -7.180034258086548, -7.145270765316316, -7.421827325542221, -6.550377525184115, -6.995731517180802, -7.073779949460185, -5.570391986329267, -7.364692354640715, -6.610881627410616, -7.023877980091719, -7.372792244149159, -6.035517724536842, -6.89794203907549, -7.272826852912669, -6.393511193180334, -7.228562896601388, -6.634917442282702, -6.537313276561884, -7.190618564635289, -7.252517791715247, -7.096233454769633, -6.697046803416403, -7.1042428656135, -6.011044620900156, -6.202176039695198, -7.206606003867987, -7.407077420526716, -7.238671358076538, -7.024676856275158, -7.161888598740061, -7.171111229200003, -7.194029612743671, -5.980714893688001, -6.898761640992883, -7.152290820773467, -5.859047104788202, -7.4687427566691476, -6.088142000912031, -6.774170639455342, -7.1246575406604284, -7.23391008956859, -6.942666601882179, -7.113517165162554, -5.439727640858602, -6.4122726153015455, -6.320609640072309, -7.278507967104294, -5.788297426028764, -6.611183738579715, -7.303253554315852, -6.379756551250042, -5.967979862434847, -6.452194774420319, -5.668064247962857, -5.583531214957326, -6.486693848680858, -6.0290969162256145, -6.143000513100667, -5.9987916293001495, -5.734505632235508, -5.785202211023023, -7.009912127905884, -7.039660711230466, -7.296910505196652, -5.928975508036185, -6.504091901654912, -5.996484746888024, -6.1195989682496705, -6.600332246913302, -6.041849153643693, -6.2284165906658515, -6.521154106434239, -6.542395299427607, -6.215144301631867, -5.61495235122327, -6.344393552239888, -5.724961262837389, -7.2158732452769225, -5.862217589935431, -5.966564731335876, -7.00762480497747, -6.948602296899976, -5.651452989149447, -5.943916122358274, -5.776625552254159, -6.774523649988103, -6.081709196769097, -6.228561963734969, -5.742401066277706, -7.106758938701137, -6.88483108238331, -6.682135328713875, -5.834981990037772, -5.898484596542533, -5.902654400386031, -5.952142779367506, -6.453172364440205, -6.379141027305534, -6.249137556914592, -5.734241222420356, -6.177579081267668, -5.745499198100485, -5.552963982895966, -5.933152431659108, -6.113462219900534, -7.133920299546755, -5.623344299214679, -6.41342951644491, -5.160335499750447, -5.093482493921288, -5.675633981480862, -5.5365484451757805, -5.617024864861341, -5.435043329128927, -6.230030627985325, -5.74171699564449, -5.390994650471044, -5.212271813850903, -6.681673455208969, -6.224688658045717, -5.847054766257827, -5.184877571351311, -6.570418329953635, -5.924917685663796, -5.813946840849859, -6.047624163421082, -6.061121964947854, -6.786037173577188, -6.899164795541904, -6.770095340571552, -6.747946852789832, -6.861238869893624, -6.224454898793665, -6.561949321689005, -5.745709015831926, -6.148701821989948, -5.618959277053373, -5.8461162933059505, -5.595188807127474, -5.752349214631104, -5.915564442047979, -5.608094128987533, -5.570980343117943, -5.972575544206541, -5.506138023644766, -5.491665220454627, -6.108146324300462, -5.467459775530481, -5.7314392743881095, -5.895647739707507, -5.9510514781202986, -6.941312355751957, -6.387616691164217, -5.949992184491702, -5.814368403291245, -5.698090527313218, -5.85042528310279, -5.579513062433719, -5.957959872279981, -5.663119882579101, -5.863884389106053, -5.607092941544477, -5.606031512761062, -5.811477438781235, -5.854206470960216, -5.533761675624529, -5.564524094239925, -5.617424076715836, -5.724884858549295, -6.007822935679991, -5.621504536937411, -5.467053254158099, -6.293503279784124, -5.834160701253327, -5.75830297963585, -5.9264561394502095, -6.6044158417032115, -5.794825763876182, -5.855493862255374, -4.333190185388011, -5.130911288320981, -5.273914721868528, -5.1096983220131085, -5.066316997471733, -5.04680336623748, -5.039561604714258, -5.153552434553641, -5.481885602250325, -5.552172777419649, -5.563686178491373, -5.18723017252283, -5.167686815816151, -5.7898120060308385, -5.365518426924256, -6.873969596233298, -7.2292272604714, -6.975583074115343, -7.307928544366599, -7.136044811099852, -6.309971661774043, -6.291167213783918, -6.012803845231424, -7.047019260459012, -7.133546420819522, -7.249130767787328, -7.160171952448263, -7.365928877885913, -6.19419702945044, -7.262688312945448, -6.266850716738501, -6.304396171340029, -7.044768463725325, -6.651190672243658, -6.628972566589377, -6.486691053530332, -6.375287366633002, -6.302463323457361, -7.394178342358157, -6.564454828257148, -7.223730798443048, -7.263731453031448, -7.003391898471548, -7.2985284665639085, -6.762589552040227, -7.08652853252043, -7.20654216257327, -5.8000667933538175, -7.1343668107404365, -6.993575484030734, -6.9481312950018665, -7.086665234270905, -7.159344311037985, -6.7113344493105345, -7.291852981456444, -7.056480246375701, -6.990046734191396, -6.880939161304459, -7.206057012611367, -7.480775573130807, -6.621425122433984, -6.253644735151647, -5.599410151834859, -6.2103708260509265, -6.480930462447291, -6.548870861107112, -6.705759962301982, -6.517304049410441, -6.133990104732871, -5.806208315911365, -6.182364039463544, -5.886853214819149, -7.119355326990192, -6.792219384266175, -7.3024119778674965, -6.092509459447917, -6.224663205043889, -5.833411464551448, -6.826523933454038, -6.323177835446618, -5.624889331923047, -6.574048600666904, -6.692226105433075, -5.7748864467620855, -5.775691067732232, -5.795799206188066, -6.293525617131371, -6.360149180832268, -6.240977515943134, -6.101037991127605, -6.055091121530823, -6.152553101574944, -6.421417841449012, -6.271258054607922, -5.682113282301263, -6.69275305823991, -6.165855663394045, -6.784843122145, -6.684973213112309, -5.906478686860445, -5.946517974677431, -6.877657831249144, -6.014268993195384, -6.970561597705295, -6.084990913055393, -5.691760302533956, -5.467081895025682, -5.704375385541361, -6.4889351646276765, -6.438462467329403, -6.000155295313773, -5.789904350018809, -5.2451579062546445, -4.930994065727359, -5.2564787919210625, -5.971529455213195, -5.94487409811677, -6.28828006850652, -6.127731478313741, -5.85844312361502, -5.826785567407981, -5.643198534570935, -5.663326742759864, -5.888634337774701, -5.566539825023901, -7.155946597446873, -5.965164729136475, -6.176323691929233, -5.692632153086596, -4.94671605475212, -5.452628851176771, -6.5274189562239435, -5.79690365520627, -5.148176873765481, -5.34713411533003, -6.3367110820901145, -5.573142446234686, -6.357894887549099, -6.789299737921127, -6.166823722652686, -6.3884592485600225, -6.902331126941471, -6.630911147581407, -6.9032893637922506, -5.549713013996268, -6.804861412753066, -5.811636696534869, -5.8382307725268925, -5.835859234707357, -7.10631178542866, -7.325567631109816, -7.373288067748982, -7.274021780806993, -7.050634667739062, -6.285045221051737, -5.907793764419997, -5.538867816231469, -5.566062356882655, -5.8887627006195, -5.759628985032455, -5.742107743892258, -5.762632288238057, -5.8470539878540855, -5.575709816756216, -5.669774244329437, -5.817385529537367, -6.137274633693486, -6.0175433599836685, -6.093492443691301, -6.566891734843203, -5.805002482613943, -6.871204553963009, -6.594890323301125, -6.572037433789292, -7.2493511031816515, -5.560031475858962, -5.715059557437704, -5.853610060726588, -6.045277704428397, -5.602357946663169, -5.726749090741373, -5.613783745682143, -5.684665648158405, -5.4132619661365355, -5.982462673598821, -5.834829530505506, -5.806257692432283, -5.468982739774569, -5.456654697728882, -6.092650796747362, -5.758156397897825, -5.621547304601791, -5.624270234865568, -5.555910970546351, -5.67079989885235, -6.346371630791683, -5.871260687739331, -5.8875036348560315, -5.693781639505755, -5.566572386719812, -5.557357441402392, -5.807757720376919, -6.549110147455924, -5.726042829698872, -5.609866090692087, -5.8226044411231985, -6.027514822327636, -4.10650396825785, -4.868998771201697, -5.15235458153895, -5.192391061110997, -4.344356614207092, -3.6739287639791858, -4.935473311469085, -4.822189956330057, -4.683236327420584, -5.378111348334958, -5.132209459681599, -6.3027529076731685, -5.308640447103549, -5.166094403345391, -5.544298912793074, -4.881194717058956, -5.425663633394359, -5.080162986157879, -5.088303810731311, -5.306082026788921, -6.571820069710636, -5.399491562657486, -7.272681757374182, -6.69992421928652, -6.705401320386267, -6.440363425295879, -6.85276321625593, -7.35245981276115, -6.875189564069281, -6.364505559974563, -7.095416285374874, -7.363873497208701, -5.89543669805716, -7.177625508602149, -7.379349860025052, -5.765849849275887, -5.997887956104419, -7.251671647424796, -7.307110628104718, -7.069945978975906, -7.258366038466389, -7.434637223349204, -7.446177395775052, -6.144484533672155, -7.147654885933493, -7.338291124570407, -7.366498803189459, -7.132471755406269, -6.140919281369048, -7.219469160769291, -6.5737847618551, -7.207158594900871, -6.076022283403776, -7.141351581718211, -6.237833476465128, -6.554627728320634, -7.356478401074672, -6.177352225615048, -6.040436852984407, -6.8827335340637905, -5.72229457286629, -7.111288009096276, -5.804097843187921, -7.415784048057776, -7.129259593417798, -7.262312611456567, -6.451828022446121, -6.098106572984199, -6.487789604761602, -7.227006500866718, -6.791207157636322, -7.210042390106063, -7.093215109229829, -6.326051382278608, -6.521397300295602, -6.690577200679174, -6.071113412212694, -6.757282399276078, -7.111975517325293, -5.895779690166085, -5.566805348046115, -5.629817784867455, -6.661189064757121, -6.9110751373633805, -6.142081700102384, -6.396237294124495, -5.8608723030677625, -5.991054826723425, -6.548414925236687, -6.460954139033806, -6.456360319170584, -6.8826286927245794, -6.208618791122882, -6.113878665545943, -5.700863564332082, -5.959147732627396, -6.923965405542794, -6.950014046146638, -5.71573981633216, -6.05227043052866, -6.499671398443793, -6.283045427489772, -5.9490561108656, -6.966469822554773, -7.252388824452011, -7.08096787507359, -7.112239600148688, -6.183090283612945, -6.2325243886688915, -5.746921099883004, -5.805121852152062, -6.373694591265721, -6.229399878598744, -6.348538393231462, -6.251986122918493, -5.581135335479913, -5.495373554586009, -6.172241697871318, -5.761074635337951, -5.744171016395355, -5.76115232451984, -5.745517724820978, -5.878351556356378, -5.89844015600359, -4.957671111644311, -4.81416967939795, -4.7907281515484605, -6.565543489898841, -5.6019642982784905, -5.201047538253034, -4.891263104415823, -5.0230913685181795, -6.209652812813472, -5.082434871965429, -5.3137246259728945, -4.9652823525206635, -5.688586984133089, -7.339994973333781, -5.68948484110389, -6.134140129262383, -5.728888744563084, -5.660775235310062, -5.468285892541165, -6.474489937970444, -6.87390673380238, -6.170911826562107, -7.5990690217992745, -7.15153416676808, -7.200315726664976, -6.793825964965016, -6.574889104428357, -6.291709501448427, -6.192032240860657, -6.168445766933342, -5.994987597772138, -5.740301963082061, -6.238481553457131, -5.845961485339508, -5.661127178508261, -5.582026335598467, -5.933726999827199, -5.822643497042515, -5.763652075269932, -5.731300865044116, -6.338156127083676, -6.204489220690701, -6.502143054993262, -5.691699786294185, -6.010543768080355, -6.316220315986727, -5.770550644827405, -5.797997135990933, -5.592187086947616, -5.953576794334526, -5.632666622671762, -5.786300345232265, -5.732111788835948, -5.63480913349032, -5.688139963952941, -5.462126700720526, -5.827833755988539, -6.1067987142020534, -6.059268677239152, -6.5628610427802005, -5.705013631762146, -5.8478042878882395, -5.8654160633506685, -5.984065093565557, -5.702171206245934, -5.190338262240438, -4.840941920306323, -5.072236577908349, -4.5775248308714955, -3.732702745585919, -5.0751905377663, -5.405092696473317, -5.132631645767288, -4.950390055155661, -5.220443920449997, -4.93861592720367, -5.324716371747535, -5.118235598678387, -5.368059874398332, -5.2707991555674365, -5.82328581072245, -5.2386192017619395, -4.955208090718882, -5.024332992188483, -5.9106585635120155, -5.240848394232598, -5.418190144037759, -5.3103171476965585, -5.393064183393496, -7.133138407499121, -7.121335478700257, -6.733947649631283, -6.0736602038142165, -7.3571574498371675, -6.141261212031922, -6.003733425216046, -7.122622461709563, -7.159308240086389, -5.524970227768577, -7.331079649888229, -5.555342532176487, -5.899672945447876, -6.394369472098772, -6.537796388527252, -6.81486745071475, -5.576590132118, -5.666000063680126, -7.008009707937752, -6.603829844464474, -7.2579235731336595, -7.2453612517148995, -7.584421003812157, -6.28296417122578, -6.235629811454804, -7.255953497011801, -7.172023158780047, -7.243809259779356, -6.191370058145894, -7.327119635383341, -5.773406536584474, -7.249216302223049, -6.214780796855268, -7.0937576877905055, -6.27878244579846, -7.242549915747241, -7.222987110698319, -7.155856124376728, -6.9520747276748285, -7.363216398714194, -7.0305667438962995, -7.1683391604446225, -6.72558725115271, -5.775397584017625, -6.916640578241528, -7.270294204528321, -5.992962090327298, -7.389442023190119, -6.8557453686086145, -6.320594645755037, -6.292494604031571, -6.94982036386395, -6.291638925047901, -7.169839165123694, -5.805452684732264, -5.813842342178699, -5.972892499822135, -5.859452734570636, -5.63227385354306, -5.7504483715456125, -5.535345512183113, -5.454272535736608, -6.455853177861153, -6.463805404640593, -6.521277730438617, -6.691956441203834, -5.559703654360696, -5.8247015123699635, -6.285054755090238, -6.398660960355949, -6.166512139188827, -5.471070409133426, -5.943610839998936, -6.267745736274303, -5.9719383963427175, -6.195964884899969, -5.990037623002806, -5.737735246900846, -6.23924625278609, -6.391295024369303, -6.605361533995189, -6.103698616942255, -6.8862417017512145, -6.883374243374587, -5.941757822575975, -6.933497314267099, -6.816988997196083, -6.870587354513685, -6.481248458588924, -5.89178615966836, -5.842029397851166, -6.390439147197138, -7.049700610875901, -6.831538830667206, -6.917234973020882, -6.260676056990314, -6.111778615306986, -5.945153374945656, -6.318750388604029, -6.290364274930625, -6.6382123184554835, -7.147739659806988, -5.487585855413453, -6.117985464418691, -5.179952362651389, -6.0835142525862285, -5.988402538236682, -5.69069627716989, -7.0826887282270565, -5.645865559184341, -6.411351790214104, -5.881290419460097, -5.802107701773188, -5.750738953727781, -6.737684158607948, -5.274014445876564, -4.865617459126135, -4.73759212137216, -5.512102242818946, -5.791308260191808, -6.3922491223465885, -6.606878569157468, -6.983052467291068, -6.180690682901955, -6.802552438321562, -6.330330657891432, -6.939131936436369, -5.736560936077129, -6.268973875137853, -6.044967549343014, -5.947898179024573, -5.48083642658336, -7.017009198141887, -6.632734645360189, -7.3127195563942955, -7.0588966051505775, -7.421390168632259, -5.944159856791321, -6.443271354558809, -6.669740369791429, -6.1629768656965584, -5.909199664119233, -5.749381416361674, -6.9304622040075525, -7.010748894421038, -7.324568385485161, -7.1181481107083755, -5.878365968917978, -5.63117820673306, -5.902827224537765, -6.152729410032891, -5.489664780088657, -5.588200011180354, -5.850482556442556, -6.011073979506445, -5.7718943741741535, -5.574490130257464, -5.654209532090654, -5.231316316003402, -5.567464901238385, -5.7655745374698935, -5.963060288920592, -5.674893677346945, -5.823730360755214, -6.27546618348419, -5.686628619367456, -5.54807929117819, -5.965887200893114, -5.884247407832289, -5.651587935333074, -5.783003491709381, -5.86169583172444, -5.837710415642208, -5.867388532450349, -5.801939940413963, -6.117028542873534, -6.05620638370447, -5.323278608404999, -5.321842145259598, -4.377749415318242, -5.213570001414443, -4.930095798943074, -5.109832333541835, -5.436221488710872, -4.376022549524395, -4.614241627422737, -4.762996789457955, -4.942565105948254, -4.919247437974894, -4.9304713553764055, -5.426316312823829, -5.055245880621567, -4.93978487307051, -5.8898323682353615, -5.884726972178985, -5.010110005122052, -5.499862866470928, -5.707412141797784, -6.307246549155945, -4.781332334304236, -7.325461413057607, -7.248833735411259, -7.287485006572858, -7.193703873805564, -7.291526477057435, -5.442959484329171, -6.6225978629482505, -5.6623657524943685, -6.616556808280786, -6.596199814429524, -6.692890178931696, -7.0811107200888355, -7.165553248049652, -5.597892545274498, -7.461633641942481, -7.337067182943189, -7.419915471694677, -6.322416817058127, -7.028018175346396, -7.5842623484638025, -6.882351914222324, -5.805010867521347, -6.287947236312067, -6.946766462840736, -7.235640529301008, -5.635273432500694, -6.8029912503910905, -7.458591810682256, -6.5863569824537285, -7.42271390507903, -7.142210628036754, -6.826758793175305, -6.548035239714822, -7.355237169143242, -7.4423921348709, -7.391529363657902, -7.17969656825897, -6.737723359785931, -7.145828512519593, -6.01859984135211, -6.766778704873274, -7.400262349959578, -7.068661584793244, -6.5731303400909695, -6.840035120741911, -7.285119962059726, -6.787894942592326, -5.728476743194099, -5.8904784951368425, -7.538001794504541, -7.1813288213050885, -6.903731495426438, -7.26184501945543, -7.19244539874761, -6.2075192413064855, -5.44344459197443, -6.465626220013275, -5.965555903680792, -5.827140399090857, -5.7921414428793385, -6.596506087955366, -5.487337083140848, -6.558228497448694, -6.2197051799795675, -6.639272879646822, -6.058872480456115, -5.777238749606081, -6.730889980300474, -6.86157900629677, -5.751777847737903, -5.941241274814874, -6.0810569781709365, -6.197816904500951, -6.141078463194839, -6.587394898967567, -6.257725668029078, -6.356268298101098, -6.234446719707772, -6.74446490779304, -7.162965593849858, -6.425296605739437, -7.014364063412671, -6.935811663191689, -6.701784510571807, -6.47519469480286, -6.878900626976704, -6.625674313099831, -6.136777352466568, -5.887281902308671, -7.07827256545145, -7.04793895371203, -7.1909921141778, -6.576081188967166, -6.085644724508264, -5.894990327342874, -5.742994050092918, -5.860740449080699, -6.225946785399881, -6.514115491625033, -6.123398903555414, -6.160821720457893, -7.120248115607655, -5.719283452515459, -5.1772644311707525, -5.033969261183358, -5.612860618256456, -5.830219362076403, -5.73803685528069, -5.953979393521673, -5.664818794989009, -6.232198173328386, -5.904404880458835]","0     -6.440000
1     -6.400000
2     -5.660000
3     -6.700000
4     -4.670000
         ...   
247   -4.844664
248   -5.800000
249   -5.960000
250   -5.520000
251   -5.740000
Name: Permeability, Length: 252, dtype: float64","[array([-6.03006754, -6.31821747, -5.48818905, -5.34511327, -4.92087626,
       -5.70025661, -6.73584071, -5.95664612, -5.77495993, -5.9220086 ,
       -5.10954505, -5.79316495, -5.35247173, -5.12091486, -5.16025455,
       -5.48113284, -6.56548883, -6.79961915, -6.6473248 , -6.07536174,
       -5.6974305 , -6.65989343, -6.05601283, -5.57934267, -6.33639797,
       -5.96150718, -6.22279088, -5.83685029, -5.52092164, -7.09575234,
       -7.01327183, -6.62355787, -6.07178244, -6.19102777, -5.95373094,
       -5.92949342, -5.69990275, -5.78068133, -5.70746962, -5.82264543,
       -5.67984986, -5.97675503, -5.87947165, -5.66044409, -5.59985276,
       -5.94576256, -5.66614095, -5.86724553, -5.97099945, -6.0695337 ,
       -6.0801695 , -6.79467644, -6.22182426, -6.35501634, -5.85648751,
       -5.73699793, -5.68703917, -5.82071954, -5.62429493, -5.97600973,
       -5.97753123, -5.72294112, -5.56076706, -5.79551263, -5.58321267,
       -5.61389498, -6.16312891, -6.19086811, -6.04982098, -5.6972584 ,
       -6.00506438, -5.30342841, -6.45869332, -6.30155158, -5.60534162,
       -6.0533311 , -5.91984229, -5.54310869, -6.0107345 , -5.64200338,
       -6.24060057, -6.34404393, -5.5862684 , -5.82598731, -5.86076575,
       -6.27145171, -5.70584135, -5.60912036, -5.64505182, -6.03429621,
       -5.7195201 , -5.35222887, -4.606269  , -5.21362412, -5.02302785,
       -5.00455982, -4.72250726, -4.96358637, -4.51567942, -5.04829724,
       -4.97348518, -5.35270606, -4.89895221, -4.52804714, -4.78116213,
       -5.14281279, -5.55388653, -5.59581188, -5.20540476, -5.13795004,
       -5.17202099, -5.85878814, -6.30167953, -4.9700098 , -7.26926001,
       -7.02823985, -7.2984135 , -7.23226636, -6.96670996, -6.72279261,
       -6.8895542 , -6.8173356 , -5.97455579, -7.23798226, -5.69321296,
       -5.59526969, -7.25317006, -6.07189466, -7.31336503, -7.1465547 ,
       -6.02024828, -6.60036792, -5.83489678, -7.33750327, -6.50996067,
       -6.04658236, -6.51049714, -7.2896479 , -6.34816753, -7.181065  ,
       -5.63150855, -6.69126284, -7.08973929, -5.9365377 , -7.34607168,
       -5.78041428, -6.14567714, -6.86375614, -5.92971377, -7.23709178,
       -5.82167008, -6.989015  , -7.26440227, -7.10781907, -6.91911684,
       -7.33739289, -6.53882858, -6.39310323, -7.28642978, -7.08092687,
       -7.01651109, -6.96413397, -6.83459497, -6.41778779, -6.89034821,
       -7.62075678, -6.9304189 , -6.98229463, -7.37831966, -6.72423681,
       -6.20811164, -6.20068192, -6.16643698, -6.2775827 , -7.22901111,
       -5.99701668, -5.60170904, -5.72918769, -6.40673896, -6.03368395,
       -6.1217329 , -6.42358175, -5.35723943, -6.18397426, -6.2782931 ,
       -6.11340699, -6.4501332 , -6.09034164, -6.01680416, -6.05044685,
       -6.42807808, -6.2270485 , -6.61417628, -6.06066625, -6.90089872,
       -6.70833973, -6.3739632 , -6.42282376, -5.54969194, -5.5132659 ,
       -5.82482443, -6.09876036, -6.27932304, -5.66738627, -6.64498642,
       -6.46957069, -6.50378076, -6.30326751, -5.92653842, -5.56165665,
       -5.81309926, -6.01039762, -6.83736418, -7.0322364 , -6.66182712,
       -7.02756066, -6.30623527, -7.0472314 , -7.01704436, -6.4761193 ,
       -5.89369783, -6.0809391 , -6.10825335, -6.32471226, -6.4198465 ,
       -6.23645845, -5.71514649, -6.06668673, -6.58306732, -6.95884654,
       -7.25218083, -6.86607998, -7.18530586, -7.07110312, -6.89278875,
       -6.29816488, -6.65426109, -5.82725788, -6.1293848 , -6.24488603,
       -6.39850368, -6.33665846, -6.95426583, -6.91407133, -5.92767252,
       -6.28359637, -5.03440272, -4.95029861, -6.043964  , -6.04608982,
       -6.06111784, -6.45174247]), array([-5.99975576, -6.34657207, -5.43930053, -5.36082887, -4.94313123,
       -5.8375245 , -6.71254136, -5.56467508, -5.63405343, -5.93623749,
       -5.12172547, -5.83520527, -5.30199045, -5.04648549, -5.34480026,
       -5.27924466, -6.57353139, -6.70715358, -6.75421346, -6.2020374 ,
       -5.66176282, -6.62431428, -6.04535339, -5.63810201, -6.33027084,
       -5.91129586, -5.89628679, -5.81807177, -5.47548742, -6.99744708,
       -6.98754381, -6.75671792, -6.0067541 , -6.30584785, -6.06694431,
       -5.85013161, -5.72193276, -5.66429294, -5.65135855, -5.8226663 ,
       -5.78578977, -5.81712739, -5.7273892 , -5.52737219, -5.50450961,
       -5.84801894, -5.58412489, -5.85848578, -5.86723166, -6.01241195,
       -6.09854665, -6.7773048 , -6.39433468, -6.29325892, -5.98656868,
       -5.69067365, -5.66435838, -6.00131423, -5.59887901, -6.10221332,
       -6.06018513, -5.65361158, -5.54731562, -5.85248921, -5.66352199,
       -5.6510868 , -6.23910967, -6.32328059, -6.1174054 , -5.77220744,
       -5.97824805, -5.61119161, -6.53612405, -6.27518891, -5.63902519,
       -6.07415965, -5.97582539, -5.69527783, -5.91377035, -5.75867328,
       -6.22861552, -6.32365021, -5.48896574, -5.83146609, -5.81759094,
       -6.18662074, -5.66685517, -5.56958884, -5.51665877, -5.88176674,
       -5.56792379, -5.14578841, -4.33969611, -5.09758615, -4.94113867,
       -4.76799237, -4.39398471, -4.76306901, -4.38392586, -4.83389558,
       -4.95105312, -5.4428997 , -4.87160645, -5.00064678, -5.0011902 ,
       -5.11072626, -5.56317855, -5.67745297, -5.23408736, -5.27208891,
       -5.26446692, -5.949151  , -6.3896708 , -5.44360542, -7.23365321,
       -6.98677056, -7.36345982, -7.22470774, -7.02875239, -6.63956966,
       -6.82707519, -6.83442414, -5.95402247, -7.23398752, -5.61841517,
       -5.57010083, -7.16078661, -6.14959367, -7.42010139, -7.0067148 ,
       -6.05983216, -6.66413735, -5.78378089, -7.37756434, -6.56202569,
       -6.16834734, -6.48309308, -7.21380631, -6.21607011, -7.27362914,
       -5.64865167, -6.77329307, -7.03345674, -6.0675057 , -7.23484863,
       -5.83530162, -6.16359099, -6.87904884, -5.93186857, -7.23277978,
       -5.75160172, -7.0477166 , -7.35076985, -7.23930463, -6.86576613,
       -7.39579819, -6.60344357, -6.33397559, -7.22790275, -6.99264668,
       -6.93627472, -7.04028819, -6.85741722, -6.45297182, -7.06266836,
       -7.62558483, -6.76509066, -6.99439984, -7.42953586, -6.82514327,
       -6.15188694, -6.30038547, -6.02180219, -6.24894607, -7.21007943,
       -6.0263111 , -5.69675342, -5.65693244, -6.22110926, -5.91901567,
       -6.10449148, -6.37888928, -5.40226863, -6.28756617, -6.29464495,
       -6.01902985, -6.47129149, -6.09023511, -6.1522198 , -6.05486148,
       -6.46335486, -6.24652469, -6.48415534, -6.17663319, -6.97241205,
       -6.65249585, -6.47853978, -6.57228446, -5.5629055 , -5.5838832 ,
       -5.81068861, -6.20289522, -6.16595587, -5.61517063, -6.52909125,
       -6.27172663, -6.42802971, -6.36872777, -5.81354522, -5.66574015,
       -5.94067435, -6.05734333, -7.01549525, -6.99050882, -6.54657965,
       -7.01059386, -6.17516532, -7.02032123, -6.89252211, -6.53893814,
       -5.85352094, -6.20926053, -6.28714145, -6.43330923, -6.52642402,
       -6.34029904, -5.90515586, -5.97611971, -6.59019403, -6.80641908,
       -7.29454664, -6.86518776, -7.17012119, -7.0014527 , -6.7671597 ,
       -6.31020449, -6.65024141, -5.67848002, -5.92653417, -6.21330524,
       -6.34729018, -6.28264526, -6.90647798, -6.93975393, -5.97448479,
       -6.22457048, -5.18611814, -5.11292378, -5.98818947, -5.99302579,
       -6.04341962, -6.49254326]), array([-5.97659745, -6.43792824, -5.45819611, -5.40964632, -5.01733203,
       -5.73601316, -6.70374961, -5.98235218, -5.61984892, -5.90740617,
       -4.96088601, -5.8663141 , -5.35188721, -5.16102066, -5.3085669 ,
       -5.32934829, -6.32376681, -6.83636287, -6.68947018, -6.07880335,
       -5.65116431, -6.64430805, -6.09706883, -5.66092871, -6.36789036,
       -6.010453  , -6.19863745, -5.91497818, -5.47774118, -7.14574731,
       -7.13258006, -6.62299638, -6.21750801, -6.21154576, -5.99885094,
       -5.85425308, -5.62248839, -5.69911608, -5.66138376, -5.80140005,
       -5.77166042, -5.83505962, -5.87323532, -5.5568166 , -5.56211774,
       -5.94424181, -5.59139825, -5.88547658, -5.92020953, -5.90936675,
       -6.20402103, -6.70389348, -6.10578554, -6.21666866, -5.90195918,
       -5.78610241, -5.75246167, -5.88475081, -5.67000652, -5.98949794,
       -6.06723886, -5.81106539, -5.61370662, -5.77868368, -5.64681919,
       -5.55041983, -6.20775908, -6.2296173 , -6.02798116, -5.87357042,
       -5.92254321, -5.37584119, -6.3940573 , -6.18421198, -5.67419667,
       -6.04991605, -5.95288734, -5.64477401, -5.91072087, -5.77875821,
       -6.20741901, -6.28350999, -5.56649691, -5.7049402 , -5.76333033,
       -6.3029786 , -5.69781345, -5.57364046, -5.59694899, -5.97549127,
       -5.69225541, -5.31058203, -4.38805867, -5.09398204, -4.90394524,
       -4.95358052, -4.43353087, -4.77849326, -4.12827847, -4.69226423,
       -4.9596176 , -5.35403459, -4.88273483, -4.51424034, -4.57502231,
       -5.11672085, -5.66141342, -5.69494344, -5.06811049, -5.2089181 ,
       -5.13432007, -5.93727622, -6.31732524, -5.32239276, -7.33672149,
       -7.12346957, -7.29517255, -7.19878987, -6.97257073, -6.77940962,
       -6.99155976, -6.86619103, -6.01671966, -7.28714377, -5.65590763,
       -5.58350296, -7.19280009, -6.12774818, -7.5532517 , -7.18360148,
       -6.13968517, -6.64936963, -5.94101795, -7.3380198 , -6.60482881,
       -6.13398116, -6.55543287, -7.25216437, -6.38672653, -7.27920819,
       -5.6557583 , -6.64285878, -7.13421381, -5.98774339, -7.39758279,
       -5.99308923, -6.2265116 , -6.88233673, -6.04691471, -7.24794844,
       -5.9663306 , -6.97893467, -7.43040661, -7.24856761, -6.89012192,
       -7.44563875, -6.6595882 , -6.43094545, -7.24191286, -7.16869724,
       -7.0647085 , -7.11423113, -6.83394578, -6.34170165, -7.16924904,
       -7.66926504, -6.93308709, -6.99983692, -7.36433741, -6.83227005,
       -6.18404008, -6.35244556, -6.1160409 , -6.33105452, -7.18527097,
       -6.03313413, -5.9067272 , -5.7065931 , -6.24461422, -5.82727526,
       -5.99064464, -6.31876398, -5.39897754, -6.24640321, -6.19066678,
       -6.1079055 , -6.43496427, -5.98805148, -6.03012704, -6.20240413,
       -6.45626838, -6.23473082, -6.49873557, -5.96845346, -6.86081735,
       -6.72507347, -6.53492484, -6.62512598, -5.46915224, -5.47961876,
       -5.9368262 , -6.18532978, -6.2777806 , -5.67572896, -6.52443831,
       -6.31062   , -6.37637238, -6.23887272, -5.84542228, -5.65007836,
       -5.73181552, -6.11477114, -6.923344  , -7.04216847, -6.66792513,
       -7.08514077, -6.41943466, -6.93004   , -7.00733366, -6.53007573,
       -5.85010357, -6.10380953, -6.22753034, -6.19860898, -6.42082702,
       -6.28270221, -5.82919762, -6.09753092, -6.54119076, -6.77982252,
       -7.16339336, -6.81870523, -7.13967266, -7.04557   , -6.76907079,
       -6.12299457, -6.56044815, -5.74191829, -6.04951096, -6.21821866,
       -6.33061799, -6.2936067 , -6.87949555, -6.94295012, -6.01231843,
       -6.27221405, -5.075144  , -4.87416504, -6.00369822, -6.02940533,
       -6.02201693, -6.38861656]), array([-5.9008429 , -6.3999459 , -5.41385532, -5.33903425, -4.97052018,
       -5.71386756, -6.68222315, -5.85204791, -5.62734713, -6.19148346,
       -4.94290953, -5.77863105, -5.2873226 , -5.33575211, -5.12982248,
       -5.2815623 , -6.54804699, -6.79640285, -6.83153648, -6.10669564,
       -5.66086732, -6.63301621, -6.03403253, -5.54308478, -6.3116514 ,
       -5.9601002 , -6.15090964, -5.82649002, -5.48176432, -7.11399291,
       -7.10171436, -6.59264611, -6.00993995, -6.14620234, -5.96492382,
       -6.02655827, -5.72830124, -5.66689478, -5.62363478, -5.75646208,
       -5.75655275, -5.84462954, -5.84075888, -5.63164562, -5.55813513,
       -5.92867724, -5.67811945, -5.81056182, -5.87325255, -5.9399655 ,
       -6.15081835, -6.81825275, -6.21714466, -6.2474613 , -5.86361899,
       -5.70297968, -5.70640993, -5.9064443 , -5.6274599 , -6.0395012 ,
       -5.96432782, -5.79884814, -5.59965958, -5.7958888 , -5.56240148,
       -5.63163669, -6.14468893, -6.19078961, -5.99425372, -5.84659056,
       -5.93766506, -5.34406492, -6.37664894, -6.19525986, -5.695462  ,
       -6.05037348, -5.89607159, -5.62948858, -5.88132713, -5.73626679,
       -6.18617831, -6.24927088, -5.5704695 , -5.83020072, -5.83565333,
       -6.16035014, -5.66518047, -5.56438992, -5.65144114, -6.02798603,
       -5.68406498, -5.12599286, -4.33045124, -5.06405632, -4.90660777,
       -4.7550201 , -4.34401049, -4.81104462, -4.39873244, -4.92663539,
       -4.93030709, -5.14621697, -4.92713053, -4.51431476, -4.75273681,
       -5.1594436 , -5.55811742, -5.56388602, -5.12479472, -5.16257585,
       -5.05089551, -5.91969809, -6.40887676, -4.93891439, -7.30270673,
       -7.00759721, -7.47733532, -7.27631486, -7.10583867, -6.73610627,
       -6.9202795 , -6.9211    , -5.89297808, -7.28450081, -5.6657876 ,
       -5.58455391, -7.24324523, -6.06002428, -7.37403434, -7.19519624,
       -5.96084975, -6.63011448, -5.83188685, -7.30183766, -6.55995446,
       -6.043603  , -6.50076781, -7.25275735, -6.31681284, -7.27915833,
       -5.62414875, -6.64207334, -7.115831  , -5.96039295, -7.3307965 ,
       -5.82789029, -6.15651325, -6.84841128, -5.80406118, -7.30589271,
       -5.76170601, -7.10938671, -7.30817202, -7.2304784 , -6.90809419,
       -7.50246727, -6.56639002, -6.3256983 , -7.32085511, -7.16373585,
       -7.04222114, -7.14915144, -6.78400645, -6.49856038, -6.87788468,
       -7.50942604, -6.86902881, -7.09211067, -7.36931698, -6.7782966 ,
       -6.13800214, -6.30957962, -6.09362368, -6.23146468, -7.25057023,
       -6.0088413 , -5.6314545 , -5.72896778, -6.46132506, -5.93274013,
       -5.9488551 , -6.44330281, -5.48955044, -6.23214292, -6.1094428 ,
       -6.05347096, -6.37878497, -5.98727364, -6.12407571, -6.22289056,
       -6.43369862, -6.13679393, -6.42860052, -6.11512776, -6.94807585,
       -6.72322709, -6.45105236, -6.4932488 , -5.5406781 , -5.55590824,
       -5.82081764, -6.08754824, -6.2250597 , -5.69495073, -6.40499295,
       -6.2235225 , -6.34063748, -6.23087393, -5.78846286, -5.58315956,
       -5.70760355, -6.05523106, -6.81777293, -7.02668948, -6.59475003,
       -6.99789904, -6.42568984, -7.01179544, -6.93402794, -6.50223492,
       -5.84339975, -6.15517634, -6.16619093, -6.30540581, -6.35472316,
       -6.11985483, -5.78532965, -6.08796298, -6.48658161, -6.82864969,
       -7.26567811, -6.74709993, -7.10837501, -7.05459012, -6.83801097,
       -6.34939762, -6.63767889, -5.68920203, -5.8815398 , -6.26004093,
       -6.4128248 , -6.33232413, -6.93891119, -6.74466153, -5.99773758,
       -6.328306  , -5.02550804, -5.05832735, -6.11197173, -5.99973464,
       -6.03353504, -6.36445005]), array([-6.00569389, -6.35873461, -5.60085271, -5.44070033, -4.89592   ,
       -5.69329564, -6.70401628, -5.90275605, -5.62794679, -5.91387759,
       -4.97263613, -5.82775145, -5.29824187, -5.11807267, -4.97968553,
       -5.27062573, -6.53952528, -6.49676608, -6.70305411, -6.12952155,
       -5.68656997, -6.47926962, -5.84780243, -5.66197666, -6.42821672,
       -6.03210778, -6.25495783, -5.77600865, -5.47995569, -7.05948761,
       -7.09381704, -6.59925472, -6.05965736, -6.14229857, -5.9376822 ,
       -5.86595189, -5.69500623, -5.77393955, -5.6601773 , -5.8134015 ,
       -5.74240028, -5.87300117, -5.89195442, -5.62441972, -5.59971087,
       -5.79729881, -5.59643291, -5.86955588, -5.90900476, -5.99100593,
       -6.08853041, -6.68272018, -6.26953788, -6.21324268, -5.81815813,
       -5.77415532, -5.70926837, -5.82108962, -5.66917141, -5.97670084,
       -6.06422764, -5.75658132, -5.55945506, -5.69792902, -5.59928604,
       -5.56399444, -6.27343546, -6.19816708, -5.97694395, -5.74897269,
       -5.98304699, -5.43435737, -6.42173697, -6.15216713, -5.60510309,
       -6.06522594, -5.86564009, -5.72489328, -5.97307484, -5.73911628,
       -6.18423339, -6.25839055, -5.53750598, -5.86164841, -5.76389306,
       -6.24033359, -5.66303183, -5.5015812 , -5.58729647, -5.99274713,
       -5.6803009 , -5.19132326, -4.40749968, -5.18809221, -5.06445084,
       -4.7702982 , -4.73413535, -4.8418465 , -4.63320266, -4.89073618,
       -4.81034181, -5.37867404, -4.88394899, -4.55924423, -4.77342899,
       -4.93944991, -5.6765514 , -5.64700001, -5.10571509, -5.26717969,
       -5.1658518 , -5.99800344, -6.30663558, -4.82541898, -7.34177009,
       -7.18952141, -7.4218641 , -7.37705397, -7.01547508, -6.67401814,
       -7.09837578, -6.87831706, -5.99353522, -7.21077014, -5.62267654,
       -5.54735315, -7.38382155, -6.13622886, -7.3239769 , -7.19644277,
       -5.93317306, -6.62305907, -5.90990804, -7.25510617, -6.5211568 ,
       -6.29489001, -6.43089792, -7.09500802, -6.3998288 , -7.23416784,
       -5.62942342, -6.65648116, -7.12222781, -5.95545215, -7.37769573,
       -5.75360905, -6.20212909, -6.74468747, -5.7991567 , -7.28028729,
       -5.78208853, -6.8753531 , -7.35082399, -7.30026097, -6.69834981,
       -7.4653653 , -6.53915488, -6.28226617, -7.26982546, -7.27687934,
       -6.86875659, -7.12436707, -6.72754206, -6.39869744, -6.96206359,
       -7.65327952, -6.76191214, -7.09030361, -7.52168649, -6.65364998,
       -6.09342189, -6.37833568, -6.15168361, -6.16802726, -7.28727454,
       -5.9057833 , -5.63691774, -5.62394612, -6.44687016, -6.06318399,
       -6.12253527, -6.32051154, -5.42744916, -6.23921183, -6.09962562,
       -6.08074069, -6.4055296 , -6.01180093, -6.10245072, -6.17322072,
       -6.44517516, -6.32320599, -6.43331731, -5.98948646, -6.92950679,
       -6.68854488, -6.49485114, -6.68984356, -5.51103498, -5.47570771,
       -5.91000844, -6.32783084, -6.2827943 , -5.66730662, -6.55862254,
       -6.338364  , -6.40801447, -6.18285634, -5.90085886, -5.63858647,
       -5.775301  , -6.00768063, -6.81441258, -6.98650134, -6.65648141,
       -7.05990984, -6.42273663, -6.72424837, -6.93829245, -6.51654608,
       -5.85395292, -6.03227435, -6.07344932, -6.39243457, -6.22289543,
       -6.25967083, -5.8108852 , -6.10313445, -6.51186648, -6.8881998 ,
       -7.25995166, -6.82294908, -7.21503331, -7.03241586, -6.61707825,
       -6.24524953, -6.5339398 , -5.71237921, -6.01807692, -6.2896144 ,
       -6.35926258, -6.30334628, -6.88718718, -6.95193284, -6.00031618,
       -6.43527192, -5.0293966 , -5.01899555, -6.0588126 , -5.99532027,
       -6.09700067, -6.43825488])]","[-5.98259151 -6.37227966 -5.48007874 -5.37906461 -4.94955594 -5.73619149
 -6.70767422 -5.85169547 -5.65683124 -5.97420266 -5.02154044 -5.82021336
 -5.31838277 -5.15644915 -5.18462594 -5.32838276 -6.51007186 -6.72726091
 -6.7251198  -6.11848394 -5.67155898 -6.60816032 -6.016054   -5.61668697
 -6.35488546 -5.9750928  -6.14471652 -5.83447978 -5.48717405 -7.08248545
 -7.06578542 -6.6390346  -6.07312837 -6.19938446 -5.98442644 -5.90527765
 -5.69352628 -5.71698494 -5.6608048  -5.80331507 -5.74725062 -5.86931455
 -5.84256189 -5.60013964 -5.56486522 -5.89279987 -5.62324329 -5.85826512
 -5.90813959 -5.98445676 -6.12441719 -6.75536953 -6.2417254  -6.26512958
 -5.8853585  -5.7381818  -5.7039075  -5.8868637  -5.63796235 -6.0167846
 -6.02670213 -5.74860951 -5.57618079 -5.78410067 -5.61104827 -5.60220655
 -6.20562441 -6.22654454 -6.03328104 -5.7877199  -5.96531354 -5.4137767
 -6.43745211 -6.22167589 -5.64382571 -6.05860125 -5.92205334 -5.64750848
 -5.93792554 -5.73096359 -6.20940936 -6.29177311 -5.54994131 -5.81084855
 -5.80824668 -6.23234696 -5.67974445 -5.56366416 -5.59947944 -5.98245748
 -5.66881304 -5.22518309 -4.41439494 -5.13146817 -4.96783407 -4.8502902
 -4.52563374 -4.83160795 -4.41196377 -4.87836572 -4.92496096 -5.33490627
 -4.8928746  -4.62329865 -4.77670809 -5.09383068 -5.60262946 -5.63581886
 -5.14762249 -5.20974252 -5.15751106 -5.93258338 -6.34483758 -5.10006827
 -7.29682231 -7.06711972 -7.37124906 -7.26182656 -7.01786937 -6.71037926
 -6.94536889 -6.86347357 -5.96636225 -7.2508769  -5.65119998 -5.57615611
 -7.24676471 -6.10909793 -7.39694587 -7.145702   -6.02275768 -6.63340969
 -5.8602981  -7.32200625 -6.55158529 -6.13748078 -6.49613776 -7.22067679
 -6.33352116 -7.2494457  -5.63789814 -6.68119384 -7.09909373 -5.98152638
 -7.33739907 -5.83806089 -6.17888441 -6.84364809 -5.90234299 -7.2608
 -5.81667939 -7.00008122 -7.34091495 -7.22528614 -6.85628978 -7.42933248
 -6.58148105 -6.35319775 -7.26938519 -7.1365772  -6.98569441 -7.07843436
 -6.8075013  -6.42194382 -6.99244278 -7.61566244 -6.85190752 -7.03178914
 -7.41263928 -6.76271934 -6.15509254 -6.30828565 -6.10991747 -6.25141505
 -7.23244125 -5.9942173  -5.69471238 -5.68912542 -6.35613153 -5.9551798
 -6.05765188 -6.37700987 -5.41509704 -6.23785968 -6.19453465 -6.0749108
 -6.4281407  -6.03354056 -6.08513549 -6.14076475 -6.44531502 -6.23366078
 -6.491797   -6.06207342 -6.92234215 -6.6995362  -6.46666627 -6.56066531
 -5.52669255 -5.52167676 -5.86063306 -6.18047289 -6.2461827  -5.66410864
 -6.5324263  -6.32276076 -6.41136696 -6.26491965 -5.85496553 -5.61984424
 -5.79369874 -6.04908476 -6.88167779 -7.0156209  -6.62551267 -7.03622084
 -6.34985234 -6.94672729 -6.95784411 -6.51278283 -5.858935   -6.11629197
 -6.17251308 -6.33089417 -6.38894323 -6.24779707 -5.80914297 -6.06628696
 -6.54258004 -6.85238753 -7.24715012 -6.8240044  -7.16370161 -7.04102636
 -6.77682169 -6.26520222 -6.60731387 -5.72984748 -6.00100933 -6.24521305
 -6.36969985 -6.30971617 -6.91326755 -6.89867395 -5.9825059  -6.30879176
 -5.0701139  -5.00294207 -6.04132721 -6.01271517 -6.05141802 -6.42712145]","[0.0442743  0.04205288 0.06508361 0.03955216 0.04188965 0.05272218
 0.0172834  0.15038206 0.05923602 0.10906641 0.07750518 0.03120117
 0.02801322 0.09695143 0.13161697 0.07908995 0.09393332 0.12284277
 0.06321519 0.04620833 0.01744066 0.06553556 0.08677601 0.0474952
 0.04089854 0.0423803  0.12877259 0.04524941 0.01700486 0.05085512
 0.05552947 0.06013393 0.07671646 0.05939583 0.04587996 0.06706191
 0.03769737 0.05080517 0.02701546 0.02469307 0.03669883 0.05668033
 0.06001801 0.04978104 0.03502568 0.05977339 0.04028586 0.02539388
 0.03738545 0.05600081 0.04679487 0.05274126 0.09331992 0.05333623
 0.05716837 0.03765128 0.0291245  0.06661541 0.02766023 0.04863737
 0.04578391 0.05687122 0.02572925 0.04980177 0.03824325 0.03881768
 0.04741974 0.05044563 0.0491438  0.06443808 0.03051441 0.10758419
 0.05659407 0.05687985 0.03631037 0.0095588  0.03925446 0.06245291
 0.04703948 0.04703331 0.02244656 0.03670831 0.03431562 0.0544536
 0.03893948 0.05264262 0.01824879 0.03480148 0.0485612  0.05486918
 0.05227616 0.09024668 0.10018309 0.0584011  0.0646904  0.10650451
 0.16794851 0.07136489 0.16801317 0.11659422 0.05899596 0.09986448
 0.01921053 0.18938777 0.13540649 0.07917973 0.05446756 0.04925246
 0.06231286 0.05397339 0.0687377  0.04513992 0.04514416 0.2390665
 0.04098022 0.07702992 0.07066754 0.06278933 0.05006401 0.04882068
 0.0930407  0.03611399 0.04213996 0.03001976 0.02788721 0.01646879
 0.07634449 0.03610022 0.08695155 0.07180368 0.07336327 0.0219484
 0.05706864 0.04114775 0.0336821  0.09253995 0.04042262 0.06725695
 0.0655987  0.03811251 0.01213522 0.04938494 0.03590115 0.0460034
 0.05635832 0.08318664 0.03048195 0.05093182 0.0925512  0.02801957
 0.07858002 0.07790194 0.05500974 0.06353777 0.08100665 0.0574289
 0.04565426 0.05252457 0.03291014 0.09514928 0.07280786 0.06769318
 0.04662717 0.05259146 0.11014703 0.05603367 0.07574118 0.04884924
 0.05926975 0.06686364 0.03938175 0.06082722 0.05100226 0.05363735
 0.03484882 0.04601478 0.11040457 0.04191002 0.10249626 0.08485135
 0.07326239 0.05128718 0.04351504 0.03311156 0.08160987 0.03517653
 0.03267865 0.04716594 0.05293687 0.07366702 0.01324752 0.05934961
 0.06707741 0.07742641 0.0386411  0.02692402 0.0537257  0.09436364
 0.03344246 0.04241275 0.05216377 0.08666331 0.04543048 0.0264657
 0.07703274 0.08294182 0.05487527 0.06452693 0.05188101 0.04025759
 0.08192509 0.03906835 0.07773715 0.02272412 0.04744129 0.03210803
 0.09830885 0.1179206  0.0472659  0.0221485  0.01778722 0.06102417
 0.0776524  0.08057705 0.0996147  0.07268253 0.06168648 0.04676337
 0.03996846 0.06412223 0.04425856 0.04338183 0.03682749 0.02344972
 0.09258929 0.07851335 0.05009791 0.05334847 0.0882536  0.02806513
 0.03107392 0.02130695 0.02900099 0.07802738 0.0300301  0.07133582
 0.0606715  0.08339793 0.0436873  0.02121875 0.02615364 0.04565193]"
10,MLPRegressor,"[-5.625005491340538, -6.50537644715717, -8.171726477399961, -6.2309051558216355, -6.5531350031664015, -5.855977412176164, -5.304507850068807, -6.871576243620047, -6.271304724217572, -4.406379584989264, -5.630336361366622, -4.768534946649144, -5.545330568039724, -5.685632131191203, -8.428853083633623, -5.523346599754889, -5.902542188273448, -5.61172069517547, -5.750954260150984, -5.990325101103968, -6.0009843262215705, -7.496883481577121, -6.941806698596874, -7.027478529480119, -7.141429425676887, -5.868962943320353, -6.526825359127971, -6.101634693782649, -7.53042731580733, -7.0755933870798575, -6.414037403268713, -5.7383961280605735, -6.751510032669753, -5.648976627770683, -5.2944740039327804, -5.824895280779682, -5.953311673889135, -5.381594915426995, -6.085438734538437, -6.1546991905480795, -5.204748382139097, -5.095587783474235, -6.756163997958822, -6.96048635594499, -7.28177100203724, -7.088123998954173, -7.282884707543237, -5.484597084106736, -5.559450642409374, -4.942153252937401, -5.873444717871305, -5.517509558209948, -5.968970943280789, -4.958667282915767, -5.521005949501367, -5.381535821191779, -5.931182379880184, -6.612350365720569, -5.558675455231773, -6.35812075384766, -5.94240546159118, -5.704204685364777, -5.858077738919086, -5.333414087372613, -5.283543459429828, -5.557476864272612, -4.942153069801854, -6.182672960181893, -5.658387770645912, -5.291136365297643, -6.184581227363277, -5.617362399294092, -6.206380654594405, -5.286751840174499, -5.223672482332742, -5.129261658048454, -4.790486294416126, -3.9401261250243635, -4.526007054050225, -3.779791339619068, -4.649636748901038, -4.51847479992812, -4.94948575914376, -4.467441978218666, -4.4361721008919925, -4.753827471393641, -5.113420748100637, -4.699936772129831, -5.415073324614945, -6.391568038899324, -6.446838148385699, -5.7097922322897485, -6.954771120011888, -5.239285026971016, -4.999504535646524, -6.498920669578284, -7.6490603622148505, -7.120607467237932, -7.326130929912383, -6.4883537180081685, -7.3047303351239, -7.6262679729293525, -5.987948164537962, -6.620918145389751, -6.138239661722331, -7.557056053043944, -6.836358099720016, -7.095812438247898, -6.87332361119221, -7.391090838373919, -6.742927247248716, -7.785161764331334, -5.592330751485897, -7.327400129670594, -7.212044675949212, -7.222028912550112, -6.320069822500162, -6.958650846608671, -6.019715777104848, -6.694014145148824, -5.679672125205932, -6.368074592431285, -8.508088306033455, -7.6977515609140195, -7.528144227260038, -6.824173439984432, -7.290723227923012, -6.845381712049144, -5.369059079956763, -6.827234834946614, -7.522924041588849, -5.796940824952374, -8.09009622264973, -5.511401286947254, -7.292185783576318, -6.763545508008907, -7.5910005829929155, -7.182314267091739, -7.532264268984959, -4.64460117592918, -6.236464969947037, -6.343348078874221, -7.64631915284024, -5.191724645353389, -6.6711016506622345, -7.129053504228001, -7.203432125192737, -5.499414585148882, -4.947309042726243, -5.094053205677868, -5.677581155414387, -6.905754723226456, -5.308711160415286, -5.958064349445222, -5.101507704940699, -5.617049533092336, -5.808530119994247, -8.23010183046083, -6.068206218765113, -8.225843273292998, -5.816451642341237, -5.29184763204067, -5.3740342415835975, -6.123958711216922, -5.31934227657465, -5.910610693045757, -6.347683226323053, -6.301191928907746, -7.176226615372979, -6.9776213634799085, -5.923909687179549, -6.6549519481383665, -5.8662779767182975, -7.094219729719222, -5.772924471956903, -7.369006619854449, -7.272696513275905, -7.548992754478647, -6.353028420594591, -5.845434182405838, -6.3872621707323445, -6.697299255130166, -6.103315799934074, -5.123275934880069, -4.6685652557577955, -7.464064811558176, -6.6578248956864705, -7.021859723007695, -5.161767797208876, -6.444978340066747, -5.481318557445132, -5.8509507614572644, -5.7505413747074305, -6.188912536075898, -6.515270207409502, -6.063629178871947, -6.062332578872725, -5.413277028183172, -5.515038258518485, -5.58500549075304, -7.271178256418924, -7.093483482686959, -5.974951752974479, -6.317900542884749, -5.603755720791035, -5.592875811707179, -5.634297467798339, -5.21763728387837, -6.251280998072493, -4.845605385564599, -6.437558382725446, -6.577872112243729, -5.117487402294235, -4.864141864151138, -6.609944370051699, -5.808551820595327, -4.310741688820472, -5.112189736771023, -6.651637835921102, -5.5689068560507735, -5.263421178985317, -5.3042117591044065, -5.211274794205976, -7.514812896572133, -6.932723267977488, -7.4826306116598005, -5.885521187990219, -5.831900458963397, -4.817259798218766, -6.603969622172555, -5.687080065072223, -5.986000945986122, -5.340948917465543, -5.731361749366979, -5.2623242105949295, -6.057456170096128, -6.041264309436336, -5.4002352190082625, -4.981592889605068, -5.818836924146604, -5.616942340686547, -5.865081360769505, -5.987813693017792, -5.8658247721484384, -5.488414201233274, -5.314922895518874, -5.902473603309692, -7.103792207284998, -6.518564861735123, -6.098900779191876, -5.0731310167674, -5.674970064209851, -5.857564186579722, -5.136536772593468, -6.714527696887924, -5.6288276636603545, -5.652338631030764, -5.246148811061495, -5.8259770078510655, -5.873421462283431, -5.595746906364647, -5.256683122663562, -5.3232597281072636, -5.29387502411495, -5.34311012321567, -4.909165833054266, -5.657235350510136, -5.176772713486333, -6.919908764350426, -5.128701845101596, -4.249739240956241, -5.924118871106577, -6.011019308847297, -6.364344238233913, -5.429437215906399, -4.0732941449729605, -5.474397935999701, -4.644680342272527, -4.751854036131107, -4.098114290384417, -4.885314310630266, -4.703925744817094, -5.069435874191784, -5.779810109489396, -6.103955846584214, -5.581027910819021, -5.345138860079187, -5.755259622118464, -4.739718326721792, -5.598879208054578, -6.795932686982319, -6.418382472433112, -7.222500732730635, -6.701552196608459, -6.921893588022915, -6.371294366830147, -6.206372004618549, -5.660676841344227, -7.719029153109987, -7.21207732304253, -7.221732062497185, -7.30320852041274, -6.634954758941319, -6.758596182378677, -8.23398882670096, -6.525935147972104, -4.903278860434012, -6.859569583337907, -7.199285652451046, -7.764641749087584, -6.9888520268884875, -6.341428086286669, -5.286312380341577, -6.813906526070973, -6.918365551898765, -7.84623511267513, -7.705930452461498, -6.94905697627429, -8.246566132520526, -6.69408956388678, -6.484867505285183, -7.961130973201607, -6.041003582803058, -7.921750489780519, -7.090723119227295, -7.209106433023676, -6.8372604259543195, -7.323926004931618, -6.996985746424027, -7.309721288953723, -8.297748247795823, -6.688281180959701, -6.866515847488789, -6.927057806545829, -8.181915404358639, -7.875315656494806, -6.784477689511454, -5.583425722395591, -5.676992707409166, -6.484679491826482, -5.470775142013967, -6.64067962411117, -5.16990402603834, -6.253360011658657, -5.2466451849361535, -7.176593740267013, -4.060144775066061, -7.19038663779655, -6.916883274006803, -7.437549610134402, -5.954476031238208, -5.5360580668832515, -6.756850823343108, -6.331284423591843, -7.212718642456644, -6.681644759934697, -6.310641562303671, -6.1360675777949805, -5.8820292014196, -5.581571289550764, -5.292237622178425, -6.765879978687513, -5.789222788305505, -5.157615198629325, -6.21296961577813, -6.006050262544623, -5.6989220073205615, -6.317231004960368, -6.338029341559239, -5.7515919647975124, -7.327337366703965, -4.9414429667826045, -7.405385306938576, -5.680336162563924, -5.490745826084223, -5.10823124568013, -7.293764746733465, -5.479262905419713, -6.484009302604594, -6.327628740318518, -5.511328003323316, -4.141633064389866, -5.250247522987941, -7.081153855314664, -7.49732456413234, -6.255531317503769, -5.468109852371422, -4.844293431186542, -4.421821792580099, -4.64665118627996, -6.89859339863944, -6.575414313798179, -6.16023098472551, -5.7396004884388745, -5.634814315929788, -5.647788615581176, -5.440313577538847, -4.626303314321642, -6.046476389153953, -5.655224454864079, -6.562385547001677, -5.069697320749693, -6.5060898082627725, -6.526172165704873, -5.283815269148819, -4.893231849836349, -6.382122866799882, -5.539528872877117, -4.99097444662403, -5.545236496312137, -6.370203038586473, -5.762472751792549, -6.317864022342422, -6.44370852719528, -5.8669463743207935, -7.540936009228869, -6.988425654579634, -7.045221101119171, -5.902466199534262, -5.1913821379877865, -7.07780754997901, -5.5698003071975775, -6.597493524771808, -4.570221852158892, -7.344140321546734, -7.083511751280078, -8.061029758985978, -7.848565197079191, -5.778172423103715, -6.218560731274358, -5.53780544571868, -5.793200354361989, -4.52961436859001, -6.269849851526128, -5.672837803881604, -5.977315311888388, -5.154787443169714, -5.616315646914989, -5.35798254291772, -5.588680032636577, -6.4043584148381125, -6.486833045997549, -6.302259954610511, -4.920428603105261, -6.713148884009325, -5.521231798545899, -6.293390258412285, -6.951180760720194, -7.414894961030093, -6.531190479255185, -4.361512047150022, -5.0990161696103495, -5.493963028143883, -5.680012989775234, -5.235133421466932, -5.785500488304577, -5.615589834045261, -6.029361160392534, -4.870503563524254, -4.7338047260809155, -4.1157327295408255, -5.315926603121597, -5.386219384870759, -5.671721403362813, -6.152906189097025, -5.720676920006632, -5.551547285393995, -5.836003638289155, -5.209304487109657, -4.982547529501261, -6.888698679243717, -5.9213956513294805, -6.374328481430906, -6.22373445266268, -6.051196351633663, -5.846828626792233, -5.685977381858605, -7.125019647033927, -5.252132786579598, -5.106219931107988, -6.082300597105867, -5.469736861786257, -4.097185723819509, -5.004479196202515, -4.456049868067566, -5.156120702915897, -3.7776163854789213, -3.5725887414913866, -4.929800495794241, -4.9355589668302216, -4.770317020074348, -5.632380963539916, -5.2832498074225684, -6.387248315944149, -5.909825916369249, -5.782799918452078, -5.295015771977613, -4.632360789731783, -4.4419992221814, -5.54129165006672, -4.832134234177646, -5.095200632710263, -7.902470007126844, -5.536175895154999, -6.504387604596079, -7.105997619330445, -5.995014249333224, -5.778436973285682, -7.327503510429979, -7.714753381215811, -6.030662663617454, -6.564186566462162, -6.850058230775568, -7.817422406247763, -5.7782315005234395, -6.484605784486241, -7.921387412546528, -5.3504048797578205, -5.477809164032558, -6.766633282959383, -6.738300342523727, -7.166861185560218, -7.4589115970403554, -7.86844071587217, -7.753931547402834, -6.649618072838581, -6.937845045202323, -7.308797619485594, -6.898350434349937, -7.237763928219312, -6.022608120734512, -6.77894641669373, -6.64148836638717, -6.89354802483873, -6.710883406653579, -6.473906241329821, -5.655922408890548, -6.807640965630741, -6.259526618278835, -5.900746077732739, -6.124823531483419, -6.753475691401845, -5.9791172020229375, -6.771022551118898, -5.369662596601591, -7.8766156240364325, -6.721561825096548, -8.046100764200437, -7.037567121785583, -6.3928490757381855, -5.812446079880443, -7.6107342457818, -6.57443477935476, -7.316786275280261, -7.062925792430182, -6.61946538620006, -6.701098824593247, -6.071325048076144, -4.561832118776516, -6.979649365094686, -7.490502079174461, -5.972967371734381, -5.4350460762031645, -5.318198430334703, -6.283907521096102, -5.423684862328879, -5.242555623753855, -7.462503817056926, -5.782369389584221, -5.66108866972961, -6.418267683919202, -5.906510655497522, -6.901462685304027, -7.8021702011217595, -6.029716655576612, -6.238386806023283, -5.881067180470231, -5.635436007709039, -5.8789656359853595, -6.253074443107705, -5.608686253506894, -5.330997212592383, -4.714476944412741, -5.733627195089767, -6.51375995089647, -7.121762242621734, -7.343628395730459, -6.688023601578623, -6.767570266683668, -5.659440596176216, -6.175174661463768, -5.094574756346662, -5.970513428781745, -6.326761347193441, -7.267377853736587, -5.789857607866914, -6.061528859119912, -6.2753349733116055, -5.963899357344346, -6.382944646538345, -5.900415063331809, -5.387422362600612, -5.913506439985957, -5.109404502164463, -6.424363081502471, -6.101394316486758, -4.427633762891917, -4.3162283349662305, -3.98732040955688, -6.60239552365571, -5.093926676681391, -5.3045335376697675, -5.436229872994193, -5.375016536134223, -5.191836361597212, -5.515768958791298, -6.463624060867142, -4.8710165273748185, -5.671152878189162, -7.9438761624004695, -4.75063924070947, -5.948474674295251, -5.6041759301125555, -5.997075000988841, -5.7077439925264954, -6.2289839372478975, -7.2614161447880505, -5.942421566873057, -8.616061824775995, -6.848172170498083, -6.688010190244145, -6.269314626072023, -6.308435086715868, -6.54917748216754, -6.890201981233289, -5.43677002607496, -5.263753525028658, -5.678603787014191, -4.579250188783968, -5.670710720660795, -5.720750920167434, -5.60093910470113, -5.730598221354908, -5.134203788929817, -5.90598147561426, -6.133910582986737, -6.596585719191404, -6.096340367470582, -7.280258557425877, -4.594876738829216, -5.789917386717573, -5.354689237266371, -5.881139252175927, -5.501571573915167, -5.8577613202048004, -5.875392116710818, -5.373077040069057, -5.964907086501027, -6.201447798877108, -5.53252460030421, -4.871037050893672, -5.616970604826, -5.085930672707521, -4.791597259278921, -5.697536484537538, -5.7792809787311175, -5.710599110191163, -5.136552386635085, -5.207087514893079, -5.5033359671393765, -6.165233592846153, -5.034932309502468, -5.042807889295181, -4.047330383450985, -4.480933733833728, -3.706387114799523, -4.696158423664372, -4.888661953261872, -4.964883600384409, -4.639527725284324, -5.320220480241753, -4.852751075067477, -5.625650122896113, -5.087739896238604, -5.104144340561679, -4.270820977839881, -4.562201415437535, -5.848444351361179, -4.877526699093778, -4.6752280008307245, -5.61668271892713, -5.418174527362606, -5.169217468346439, -5.047301038224182, -5.333235837392168, -7.251677012166395, -6.417332690469493, -7.359286646100666, -6.260541901166107, -8.496286725121898, -6.37205247215347, -6.233614813329317, -7.2041507282698225, -8.005273584405556, -5.923884533110816, -7.500671517308922, -4.965187783850542, -6.0019367060335505, -6.721791076446394, -6.228132491458469, -6.8758919926007875, -5.814397194590781, -5.22736754567065, -8.028606734772541, -7.136499108847945, -7.0932506558750745, -7.673835266535319, -8.078208373383436, -6.422548365037363, -7.066724112088641, -7.0338950743840005, -7.002283677845803, -6.998584228059098, -7.0875991852911655, -7.743630280904729, -4.97470022797697, -6.9527889229976765, -4.968325528839059, -7.62684306852461, -5.9941668867195546, -6.921847784217918, -7.836286875406554, -7.5750169842349955, -7.650301638473053, -7.777914214090531, -6.459439954598255, -7.440811472701969, -6.847585233296737, -5.6404268372771575, -7.340964286711829, -7.308871622706981, -5.378517827963517, -7.289229565665231, -8.213888267398593, -5.4470277739198245, -6.040361606400364, -6.997813994065488, -5.3915938896740965, -7.73764216774655, -6.011230714266313, -6.38961591994182, -5.884113408628027, -5.517440051212506, -5.782195877197752, -5.041571119666191, -5.650625580786025, -5.633162584437491, -5.6811370101975225, -6.451921592500876, -6.5031432272692395, -7.017408250178475, -6.12924696738698, -6.511162643623858, -6.085496649922394, -5.535820068342259, -6.446452100821091, -5.579522476203489, -6.299338950321346, -5.368967113593552, -6.591520510390156, -6.3506475737849275, -5.568418865421794, -6.087343070668662, -6.896040474801326, -6.240771669668582, -6.512303141284494, -6.670202587576927, -6.376921830657351, -6.811875141989342, -5.395652027160988, -6.872996724048843, -7.865319934192241, -6.3887947420142766, -6.81963146601317, -6.343445971170753, -5.827445951296132, -5.568882818005937, -7.413566076863161, -6.8216304117321815, -6.356167526910831, -6.324596086316377, -6.264037700662396, -5.937372049065015, -6.353701608470065, -6.539011128179203, -7.443195366563639, -7.996794671475535, -5.719539103401164, -5.968933759832225, -4.801175790364346, -6.20958795724385, -5.520244912530113, -5.530254862577939, -7.02042359361406, -5.605434876275841, -6.554811503305173, -5.817271541346198, -5.695771712096082, -5.583823717403661, -6.530377722491725, -5.001940602224901, -4.761694601137428, -4.757123547660412, -5.713001480883688, -5.289890940607361, -6.0712955665345145, -6.379640797145996, -6.275490586185144, -6.1804711619145785, -6.619884832478491, -7.486679762955336, -6.314809309310126, -5.482830191547118, -5.171428723150273, -6.460075922214855, -5.6756842467847815, -5.5844615593581235, -7.23510742759189, -7.38763848020996, -7.695462346861253, -6.793235153790392, -7.079520667735244, -5.095867342443964, -6.355324736173091, -6.1797278613331414, -5.959210273699263, -5.821163352623204, -5.85805187503634, -6.038363097980438, -5.589531899275935, -8.017386352772357, -5.651771084654136, -5.963336453666583, -6.123034606766254, -6.128686240293269, -5.1629839799287165, -5.718633846324411, -6.530547544484184, -6.657219660858058, -6.553714304461268, -5.681096142275441, -5.606396546385015, -5.445176915240205, -5.229209266211798, -5.569441068811951, -5.3150190155131085, -5.802416996900959, -6.339429684039906, -6.31070623414476, -6.76409173190397, -5.919913022625975, -5.503841249724692, -5.645527154130597, -5.824360975769729, -6.639358028485354, -6.54093897239682, -5.141451518561877, -6.105893843485695, -7.1433530771407785, -6.237628386096192, -6.336611498700941, -6.350342644377793, -5.077917446933785, -5.102334478296267, -4.3416560768222165, -4.88738520637701, -4.613970083632005, -4.87723371783888, -5.198990275473989, -3.9769809909441163, -3.4008737594758163, -4.34164266420529, -4.5049079318450165, -3.924166114474752, -4.92644981843976, -5.496831465689419, -4.963215398786782, -5.2633846916357445, -5.717687711571616, -5.850037676941667, -4.8018491436754935, -6.081737614359637, -5.536041242979887, -6.005997932334993, -4.7257750513383705, -7.181446501225517, -6.831665916347504, -7.492486241666224, -7.106079369842017, -7.198809798130755, -5.141039649858866, -6.63749337777912, -6.141961896156851, -6.675220798878257, -5.924709663912528, -6.713274178004768, -7.028057350645241, -7.335852087933837, -5.478958043528702, -7.2822951492995305, -7.957483518250215, -6.889425877074949, -6.8056992785319945, -6.779600792476074, -7.313925519081606, -6.643147010377316, -5.739047723253963, -7.332080722786752, -5.865155062351784, -7.048544992602455, -5.7070930191155576, -6.50481820844348, -7.1027284558826915, -6.966385215241921, -7.009578125541378, -7.311862307787084, -7.364359864236499, -6.012814282395968, -7.594222330013171, -7.969972281514871, -6.778535139951082, -7.727166350331363, -7.271335927504334, -7.5586528426660955, -6.036357339135943, -6.625876250566735, -6.965609605360484, -8.028782833787066, -6.647856275053607, -6.7925703588261515, -7.336271148727236, -6.62666341586513, -6.701882524165428, -5.59513946743374, -7.029713230929319, -7.545980143399941, -7.456554252525068, -7.488780822459912, -7.0124297625067, -5.834561789844551, -5.204745105953374, -6.275887299639944, -4.195830706249993, -5.905924698514241, -5.083112978674274, -6.564969157284477, -6.320367853219999, -6.33693295431196, -6.40129177862293, -6.229313847047088, -4.586571808741151, -5.890411486396767, -6.623602998067259, -6.314765752001668, -5.074949544402796, -6.283460058510322, -5.796427170684655, -5.991835746754196, -5.421161713300397, -7.74639984713587, -6.156449583683338, -6.683081156431266, -6.518530585606561, -8.032382929964479, -7.331290873594761, -6.27169238601405, -6.636406898855023, -8.118650611782028, -6.76428861525205, -5.804897292498348, -6.557074416977587, -5.801684684212802, -5.961185032052283, -6.100509970148098, -7.3211269695911465, -7.014050339921406, -7.046864168152143, -6.7318428109318305, -6.279332619629843, -5.417349379866492, -6.008598755681066, -6.062675085967792, -6.414337386511349, -6.331501909120282, -6.630894549138565, -6.307118732562047, -7.158576920169608, -5.930769902789764, -5.301229952518615, -4.437493761695867, -5.299229769413374, -5.9690877882330255, -6.288594601405032, -5.616391112575593, -5.7160144617389275, -5.851182040169583, -5.731386054707151]","0     -6.440000
1     -6.400000
2     -5.660000
3     -6.700000
4     -4.670000
         ...   
247   -4.844664
248   -5.800000
249   -5.960000
250   -5.520000
251   -5.740000
Name: Permeability, Length: 252, dtype: float64","[array([-5.27990047, -8.11590878, -5.53647253, -4.77044957, -4.26486671,
       -5.10802545, -7.0765057 , -5.99882857, -4.54449566, -5.88803757,
       -5.11915911, -5.50695415, -4.58069244, -5.1026071 , -4.78512669,
       -5.30764466, -7.33796636, -7.14408223, -5.87251444, -6.08508426,
       -3.4       , -8.3913591 , -6.02141506, -4.71110043, -6.11195575,
       -5.33879449, -5.6686787 , -5.43354885, -5.7148545 , -6.39938836,
       -7.14594205, -5.21380069, -4.78735301, -6.01698595, -6.26550327,
       -5.33349254, -5.78637977, -5.78656086, -5.68970291, -5.41924178,
       -5.15073159, -5.7818431 , -6.12984049, -5.88659088, -5.49695925,
       -6.93854378, -5.81410569, -4.82788149, -6.07682799, -4.87049113,
       -6.60885025, -7.1014307 , -4.83143405, -7.53237064, -5.94727993,
       -6.15571307, -5.99247661, -5.69991892, -5.5705189 , -5.25749525,
       -6.84095473, -5.49241012, -6.14979537, -5.70683035, -5.29691527,
       -5.67891304, -5.37780765, -5.54247403, -6.34916871, -5.72271925,
       -6.20955625, -5.22095164, -7.11880438, -6.95651531, -5.98753962,
       -6.2908997 , -5.88669493, -5.92945247, -6.48956355, -5.21124736,
       -5.87455057, -5.74886872, -5.60930063, -5.97839867, -5.93731168,
       -6.00301397, -6.8718264 , -5.27413964, -5.92296537, -5.18280366,
       -5.95331234, -4.8139947 , -4.84222914, -5.19975595, -4.9686109 ,
       -5.21400361, -3.839735  , -5.62216392, -4.43153017, -4.36944176,
       -4.26279428, -5.53366773, -4.22719507, -3.52266833, -4.11436376,
       -4.96906541, -6.12927701, -6.06602235, -4.21733816, -5.27837483,
       -5.20474151, -5.63396134, -6.99496692, -5.37905484, -8.00804995,
       -6.74280072, -7.19228683, -7.58183182, -6.97753844, -6.98600248,
       -6.47616045, -6.34829733, -5.79259586, -6.47557228, -6.07331067,
       -5.85763807, -6.7183013 , -6.45941666, -6.65611603, -6.94365465,
       -5.99507738, -7.30086254, -5.73988308, -7.30088175, -6.71248445,
       -6.28518773, -6.17443178, -6.31816368, -5.81384561, -7.72552929,
       -4.18463636, -7.0285949 , -7.20744763, -6.58902345, -6.67566341,
       -6.02375751, -6.17694381, -7.12138369, -5.87838411, -7.00779425,
       -5.9766052 , -6.91920906, -8.17345853, -7.81250549, -6.98907061,
       -8.54589694, -6.74781758, -6.35196614, -6.98143056, -7.17110361,
       -8.24909413, -8.21948187, -6.33156876, -5.59671059, -7.27005478,
       -7.64446294, -6.95750877, -8.0196679 , -7.52189108, -7.35389606,
       -6.32442996, -5.7797095 , -5.60485682, -5.48106297, -7.26070825,
       -6.0172484 , -4.24767974, -5.87638145, -5.5337807 , -4.32495668,
       -5.96556369, -7.20029483, -5.55967015, -6.41445298, -6.13004913,
       -5.58961734, -7.74597629, -5.69215634, -4.73328942, -4.62683619,
       -6.83187557, -5.41068827, -5.47248989, -6.89488162, -6.95297926,
       -6.89188729, -6.30020289, -5.1749723 , -5.54791395, -5.94119792,
       -5.83959825, -6.36599434, -6.47069485, -4.97975954, -7.05365656,
       -6.92349007, -6.96774941, -6.19687429, -6.67646737, -6.16616153,
       -6.22815516, -7.1663679 , -7.57172722, -7.13519277, -6.62571293,
       -6.69827188, -5.57656848, -7.52806415, -7.27638218, -5.50167746,
       -6.79007161, -6.2801293 , -6.10149397, -6.78289151, -5.69771551,
       -6.93579779, -4.34461047, -5.85851276, -6.61352023, -7.95527309,
       -6.82622806, -7.1467959 , -7.16026316, -7.31098135, -6.96146104,
       -6.82524499, -6.56362595, -5.52987889, -6.36429804, -6.47305839,
       -6.04460094, -6.38362494, -7.36378768, -7.35549639, -5.60282334,
       -6.67712906, -4.24388915, -3.56339784, -6.02950367, -6.07338356,
       -5.77127657, -6.68153234]), array([-5.05229889, -7.16932636, -6.08858693, -5.25713049, -5.30411807,
       -5.53427064, -6.94891953, -5.92005522, -5.34541727, -5.71158581,
       -5.63221778, -5.62824549, -4.64017533, -5.10421234, -4.98416102,
       -5.37947449, -7.13743723, -6.58359621, -6.32126441, -5.65832047,
       -3.4       , -8.1500858 , -6.17228116, -5.14386832, -4.96875549,
       -5.32942605, -5.15192625, -5.41605408, -5.33291535, -6.63792038,
       -7.81998189, -5.12653323, -4.32447012, -6.15364982, -6.67753786,
       -5.16980183, -5.64871975, -5.605208  , -5.58756543, -5.45948968,
       -5.14388791, -5.66720275, -5.79236333, -5.60806856, -5.31797229,
       -6.70217691, -5.27005946, -5.03408344, -5.82304476, -5.23197546,
       -6.55175174, -7.12206225, -5.16788108, -7.05828403, -5.83063271,
       -6.32061893, -5.43517213, -5.60770684, -5.60300653, -5.20940722,
       -6.32696035, -5.13250649, -5.9897642 , -5.81520779, -5.55176082,
       -5.46905159, -4.7406048 , -5.6454672 , -6.13197853, -5.45037196,
       -6.08387654, -5.04833348, -6.81773033, -6.52040221, -5.68522368,
       -6.03984401, -5.47626669, -5.848531  , -6.82217931, -5.78707155,
       -5.97147686, -5.96931041, -5.94800905, -5.73527347, -5.85348323,
       -6.45802727, -6.55298661, -5.09901495, -5.9332228 , -5.80643967,
       -6.07067765, -4.80479148, -4.75244037, -5.41649876, -4.706166  ,
       -5.15182411, -3.75505315, -5.49023261, -3.89620693, -4.51937635,
       -4.57757359, -5.91919937, -4.73805914, -3.66148938, -4.47640819,
       -5.20700887, -6.13846074, -6.35846875, -4.11429514, -5.22531798,
       -5.46734675, -5.80718325, -6.46346512, -5.69346448, -7.52687471,
       -6.95210705, -7.04040039, -7.43274474, -6.34427986, -6.64014683,
       -6.75279351, -6.77182901, -5.70919865, -6.77082536, -5.85743958,
       -5.63860811, -6.23499546, -6.38228335, -6.57078025, -6.79645228,
       -6.19069735, -7.09468906, -5.82067531, -7.3868693 , -6.60786618,
       -6.19471966, -5.80937003, -6.15902438, -5.89095146, -7.36430365,
       -4.17801661, -7.48059456, -6.78432791, -6.27863421, -6.63512061,
       -6.02153101, -6.18324752, -7.01281235, -5.56968174, -7.14282142,
       -5.92127707, -6.68067272, -8.08285205, -7.30920831, -7.10491151,
       -8.58422179, -6.9051635 , -6.28303427, -7.42180274, -6.93025943,
       -8.07684563, -7.95509422, -6.27582712, -5.41132643, -6.84462001,
       -7.51382666, -6.87894463, -7.23549602, -7.46240157, -6.61980653,
       -6.13489124, -5.5985059 , -5.40376284, -5.30397413, -7.16439164,
       -5.67625058, -4.42683442, -5.89131135, -5.16348799, -4.25558708,
       -5.78448644, -6.94171558, -5.65557601, -6.48221772, -6.21341539,
       -5.94739103, -7.56445766, -5.73880139, -4.35596691, -4.20317707,
       -6.60916742, -5.61385156, -5.79734847, -6.83164836, -7.61733591,
       -6.31783375, -5.83552433, -5.35046453, -5.5397049 , -5.87631418,
       -5.90516524, -6.37440394, -6.1604957 , -4.5433556 , -6.56560542,
       -6.3865518 , -6.65478127, -6.28695646, -6.14596363, -5.99085246,
       -6.39584937, -6.95848937, -7.59403676, -6.80197443, -6.62280077,
       -6.61773069, -4.44062168, -7.72033652, -7.4068408 , -5.5143087 ,
       -5.64400454, -6.31064305, -6.33183671, -6.96987577, -5.66119572,
       -6.39117315, -4.25827353, -5.26114207, -6.46472638, -7.28034075,
       -7.11991473, -7.48164759, -7.17032966, -6.85250505, -7.0727667 ,
       -6.76727112, -6.30449411, -5.5402615 , -6.16586836, -6.12816612,
       -6.28343102, -6.39538333, -7.42562636, -7.52783852, -5.66176423,
       -6.41174434, -4.79815416, -4.07801706, -5.9605806 , -5.82135689,
       -5.74635959, -7.18406686]), array([-5.18196736, -8.08306321, -5.53032088, -4.79149582, -4.79736012,
       -5.12497891, -7.07040438, -6.22085708, -5.64444369, -5.56665318,
       -5.42192594, -5.72402043, -4.96536508, -5.45465404, -5.1960962 ,
       -5.2614985 , -6.61438047, -6.69146176, -5.831928  , -6.21359168,
       -3.4       , -8.20442417, -6.00975413, -5.10542944, -5.86768062,
       -5.40762756, -6.32138223, -4.97411069, -4.82849511, -6.3328909 ,
       -7.30300171, -4.97948957, -4.84877457, -6.05117272, -6.38583176,
       -5.46584255, -5.17472381, -5.29275815, -5.53672523, -5.09959929,
       -5.16149592, -5.46276674, -6.10630037, -5.58782279, -5.26430109,
       -6.5484023 , -5.57928349, -5.26686557, -5.76276959, -5.20175001,
       -6.68768725, -6.72719895, -4.82070486, -7.08299015, -5.44541437,
       -5.98641393, -5.78072617, -5.83729824, -5.51616728, -5.04192734,
       -6.83483492, -5.14281026, -5.91676589, -6.08429371, -5.45494706,
       -5.57104969, -5.45678425, -5.86337594, -6.47229259, -5.59531291,
       -5.85303454, -4.87336039, -6.83245602, -6.69158015, -5.77346551,
       -6.01415622, -5.7019185 , -5.85790941, -6.8433247 , -5.87294611,
       -5.8669704 , -5.55132412, -5.63367582, -5.71021904, -5.82817889,
       -6.24783599, -6.45526135, -4.9501816 , -5.77329544, -5.42216448,
       -5.95801222, -4.90236312, -4.65210455, -5.60964262, -4.80822399,
       -5.17447219, -4.44007238, -5.11708438, -3.91616024, -3.80193246,
       -4.80663263, -5.98975017, -4.88529675, -4.17968728, -4.20886401,
       -5.34341773, -6.18231596, -5.69055306, -4.21053447, -5.26008959,
       -5.27784668, -5.73501586, -7.30609554, -5.92047576, -7.46536907,
       -6.82737427, -6.80776333, -7.74739213, -6.05930106, -6.837969  ,
       -6.4189135 , -6.38169789, -6.07817161, -6.84878804, -5.66765781,
       -5.4487828 , -6.4837427 , -6.57979876, -7.07278745, -6.84582449,
       -6.08258381, -7.32815556, -5.90247231, -7.44658795, -6.46429059,
       -6.41029343, -6.33179042, -6.32832586, -6.29398476, -7.09612589,
       -4.43302744, -7.08503355, -6.89247041, -6.68484292, -6.56346461,
       -5.98930986, -6.08631846, -7.04284172, -5.66424683, -6.75261113,
       -5.90108474, -7.10273218, -8.92779394, -7.52182148, -6.91158164,
       -8.29628704, -6.9616326 , -6.27129255, -7.39482394, -7.20523402,
       -7.58554683, -7.72180268, -6.39855665, -5.75160518, -7.21170543,
       -7.70112447, -6.98268927, -7.26619666, -7.44223348, -7.26990588,
       -5.96471832, -5.99699532, -5.32880235, -5.80237926, -6.98112063,
       -6.1858606 , -4.54809653, -5.65153902, -5.27844294, -4.02347566,
       -5.90425055, -6.85940254, -5.38167771, -6.65256327, -6.47747085,
       -5.93801036, -7.5755331 , -5.88352778, -4.3467952 , -4.57019166,
       -6.35207866, -5.55184447, -5.83898014, -6.58542761, -7.23404153,
       -6.34162685, -6.2680185 , -5.69300444, -5.60368177, -5.66472066,
       -5.9629486 , -6.53109456, -6.50470405, -4.86182919, -6.48403001,
       -6.70375533, -6.49842575, -5.84349832, -6.24039177, -5.74008577,
       -6.06783836, -7.13515455, -7.58016272, -7.57161398, -6.67840583,
       -6.58280374, -5.27128456, -8.13639805, -7.27022082, -5.77304154,
       -6.06750564, -6.22862071, -6.60693771, -6.26604831, -5.81157279,
       -6.60870319, -4.5335984 , -5.68236708, -6.67051159, -7.58868741,
       -6.99476404, -6.8261963 , -7.25142159, -7.1655761 , -7.03086996,
       -6.43801258, -6.29883225, -5.87575392, -6.34024297, -6.34551899,
       -5.68695824, -6.19035536, -7.28199722, -7.54903497, -5.71914281,
       -6.54793178, -5.30612108, -3.69655683, -5.8314271 , -6.29371311,
       -5.64108914, -7.01352821]), array([-4.58163547, -8.50277398, -5.13261918, -4.89652193, -4.61738155,
       -5.18976313, -6.8989374 , -6.00259106, -5.42616308, -5.17790131,
       -5.39210163, -5.24469093, -4.59967306, -5.0857716 , -4.16148451,
       -5.32237652, -7.19902987, -6.99422527, -6.74834378, -6.2063333 ,
       -3.55219299, -8.02285513, -5.77833195, -4.90435644, -5.72935551,
       -5.37919138, -5.70632591, -5.6453659 , -5.46590856, -6.18309574,
       -7.49902413, -4.83268081, -4.78368634, -6.09307209, -6.49454841,
       -5.42249558, -5.23982938, -5.21250445, -5.33824436, -5.30281238,
       -5.25540689, -5.80232163, -6.1002333 , -5.92209831, -5.40255532,
       -6.4856237 , -5.76305428, -5.1212485 , -5.71603898, -5.20332195,
       -6.45157588, -6.60536061, -4.99509332, -7.36021125, -5.55940819,
       -5.89178014, -5.51908797, -5.76489656, -5.56594646, -5.3178865 ,
       -6.7244606 , -5.27138018, -5.69825184, -5.58429676, -5.45361772,
       -5.55232866, -5.14094353, -5.45649801, -6.54726851, -5.46607468,
       -6.05464374, -5.14728406, -6.59469792, -6.40244704, -5.53378463,
       -5.80404563, -5.512785  , -5.64875838, -6.66649298, -5.84121743,
       -5.99617903, -5.78777726, -5.73481165, -5.83935959, -5.74671985,
       -6.06413009, -6.85631656, -5.1890067 , -6.074968  , -5.68266084,
       -6.16751099, -4.65163914, -4.43975491, -4.77848919, -4.83293707,
       -4.92319612, -3.63929982, -5.50685341, -3.70843671, -4.64558929,
       -4.71134935, -5.71098625, -4.86950719, -4.00874771, -4.32693271,
       -5.31437159, -6.05055137, -5.63473816, -3.98284435, -5.5209695 ,
       -5.34068371, -5.67398908, -6.88913146, -5.15950282, -8.06641938,
       -6.79821673, -7.30911609, -7.83198698, -6.77724812, -7.01019238,
       -6.36003068, -6.83563826, -5.83441144, -7.42105353, -5.75421156,
       -5.58578394, -6.7971813 , -6.51521573, -6.86513951, -7.18584871,
       -5.67435107, -7.06808731, -5.93767616, -7.81022865, -6.51468518,
       -6.30665597, -6.18740964, -6.75257521, -5.93044328, -7.77958004,
       -4.63161281, -7.3867181 , -7.06840427, -6.96992459, -6.66104685,
       -5.68076537, -6.00242218, -7.14344537, -5.37817748, -7.46376204,
       -5.57722051, -7.31704402, -8.39685086, -7.64610203, -6.9853371 ,
       -8.60460575, -7.19675262, -6.01763265, -7.38358729, -7.3033049 ,
       -8.28793996, -8.18150678, -6.40334006, -5.78715864, -7.49689994,
       -7.37886069, -6.88977937, -7.99115223, -7.44260255, -7.28397126,
       -5.84573141, -5.76952257, -5.54433652, -5.55146732, -7.59181706,
       -5.76229053, -4.27146111, -5.70783981, -5.38646705, -3.73199857,
       -5.71002209, -7.0225213 , -5.43914916, -6.62026498, -6.24067162,
       -5.80845019, -7.71674094, -5.97170105, -4.90526066, -4.71988659,
       -6.51318479, -5.60878035, -6.0069326 , -6.75116862, -7.23605761,
       -6.26967614, -6.24074555, -5.88683927, -5.35886169, -6.19382336,
       -5.96064857, -6.54014239, -6.9074836 , -4.93248431, -6.451181  ,
       -6.50606461, -6.37926462, -6.20879828, -6.37574081, -6.02625027,
       -6.05078266, -7.07189563, -7.66460912, -7.25921506, -6.63254085,
       -6.96951112, -5.20406644, -7.73788148, -7.583933  , -5.87195558,
       -5.96055587, -6.65905781, -6.72883439, -6.78598064, -6.09479289,
       -6.15849996, -4.07085315, -5.04124652, -6.29082458, -7.91229398,
       -7.62224427, -7.59810477, -7.57274261, -7.49586312, -7.07534962,
       -6.83248489, -6.62271476, -5.8147046 , -6.39339888, -6.40858653,
       -6.33851454, -6.699637  , -7.63069894, -7.82547672, -5.68952857,
       -6.41392818, -5.01661197, -4.03277508, -5.94371726, -6.05031291,
       -5.55628372, -7.43048014]), array([-4.97725023, -7.23852053, -5.96651328, -4.98025835, -4.53577631,
       -5.16659467, -6.76497243, -6.19541746, -4.90693541, -5.39130394,
       -5.01752579, -5.11062796, -4.3079869 , -5.32044191, -4.49315019,
       -5.10047477, -6.630015  , -6.34844312, -5.9239701 , -6.13202932,
       -3.4       , -7.63020718, -5.84842687, -5.23719333, -5.4746894 ,
       -5.2983439 , -5.97722272, -5.74579152, -5.62918141, -6.29616273,
       -7.70049074, -5.12680252, -4.75752098, -5.88430018, -6.21840298,
       -5.13035407, -5.85368636, -5.38164917, -5.61943768, -5.20383585,
       -5.25858187, -5.91281722, -6.08440337, -6.20696043, -5.45068552,
       -6.8131194 , -5.59314154, -4.82162601, -6.12496973, -5.38311013,
       -6.36778182, -6.4957936 , -4.84084716, -6.91455108, -5.588423  ,
       -6.28446402, -5.68998284, -6.16752124, -5.56803846, -5.22629657,
       -6.93427671, -5.32915853, -5.86949279, -5.68135852, -5.26658003,
       -5.66376583, -5.78589107, -5.93338668, -6.67983651, -5.41772783,
       -5.9629432 , -5.2259493 , -6.82986027, -6.54970945, -5.76307994,
       -6.29513992, -5.92348088, -6.07301051, -7.02818879, -5.75904205,
       -5.80601141, -5.93363257, -5.86028773, -5.94294228, -5.42269733,
       -6.28094991, -6.79889786, -5.25812263, -5.8254055 , -5.37007971,
       -6.13677547, -4.64298757, -4.53293857, -5.44236499, -5.20760204,
       -4.88774607, -4.02634695, -5.51855172, -3.61286661, -4.62090984,
       -4.18632843, -5.95751268, -4.73122933, -3.60151478, -4.08639355,
       -5.20125223, -6.20499393, -6.60984647, -3.95719583, -5.55383831,
       -5.19335977, -6.04921636, -6.52707162, -4.85769028, -7.96268475,
       -7.25042272, -7.211226  , -7.19590835, -6.57387776, -6.75681623,
       -6.96326174, -6.46823337, -6.16266677, -6.82735438, -6.21432813,
       -5.59277357, -6.30554384, -6.30419528, -6.53196509, -6.92753936,
       -5.90261174, -7.11644751, -6.19747939, -7.35852363, -5.94581441,
       -7.27488628, -5.9128757 , -6.18765527, -6.04207651, -7.67678519,
       -4.58612223, -6.95323488, -6.77502512, -6.66973648, -6.29002329,
       -5.92560979, -6.2341472 , -6.74715206, -5.44342495, -7.05541958,
       -5.83448709, -6.73582811, -8.24945965, -7.34235425, -6.83289994,
       -8.01393428, -6.83087587, -6.44886174, -7.13667667, -7.38682375,
       -7.45384511, -8.13354801, -6.04548599, -5.68656138, -7.29638034,
       -7.38344322, -6.93863042, -7.80740058, -7.40033776, -6.63343922,
       -5.69400147, -6.14488516, -5.53880592, -5.30422385, -7.28433881,
       -5.68950651, -4.40640468, -6.00884985, -5.17170096, -4.21019743,
       -6.03449586, -7.12425008, -5.57209244, -6.45366593, -6.17177065,
       -5.89819299, -7.6573156 , -5.76131976, -4.51736637, -4.89839414,
       -6.49941482, -5.74443413, -5.81643126, -6.59296294, -7.36385437,
       -6.54729658, -6.40902863, -5.65615343, -5.66054311, -5.6755127 ,
       -6.19385084, -7.36195221, -6.41203397, -5.3205218 , -6.57338631,
       -6.81575496, -6.60869241, -6.03669314, -5.89022918, -6.14468115,
       -6.08402203, -7.34116322, -7.96741912, -7.20680152, -6.4299449 ,
       -6.84258638, -5.06187103, -7.47399187, -7.32927563, -5.28959764,
       -6.3208528 , -6.41135634, -6.39869264, -6.75422643, -5.49334776,
       -6.57304412, -4.40113777, -5.55805422, -6.504672  , -7.31469573,
       -7.25271352, -7.23355981, -7.34235994, -7.20631718, -6.82321101,
       -6.54626382, -6.46154823, -5.70919684, -6.14969684, -6.56944304,
       -6.14695743, -6.55676334, -7.59292829, -7.80168873, -6.10108848,
       -6.27086155, -4.98941361, -3.67466622, -6.02342096, -5.95644439,
       -5.8083726 , -6.80463412])]","[-5.01461048 -7.82191857 -5.65090256 -4.93917123 -4.70390055 -5.22472656
 -6.95194789 -6.06754988 -5.17349102 -5.54709636 -5.31658605 -5.44290779
 -4.61877856 -5.2135374  -4.72400372 -5.27429379 -6.98376578 -6.75236172
 -6.13960415 -6.0590718  -3.4304386  -8.07978628 -5.96604183 -5.02038959
 -5.63048735 -5.35067668 -5.76510716 -5.44297421 -5.39427098 -6.36989162
 -7.49368811 -5.05586136 -4.700361   -6.03983615 -6.40836486 -5.30439731
 -5.54066781 -5.45573612 -5.55433512 -5.29699579 -5.19402084 -5.72539029
 -6.04262817 -5.84230819 -5.38649469 -6.69757322 -5.60392889 -5.014341
 -5.90073021 -5.17812974 -6.53352939 -6.81036922 -4.9311921  -7.18968143
 -5.67423164 -6.12779802 -5.68348915 -5.81546836 -5.56473553 -5.21060258
 -6.73229746 -5.27365311 -5.92481402 -5.77439743 -5.40476418 -5.58702176
 -5.30040626 -5.68824037 -6.43610897 -5.53044132 -6.03281085 -5.10317577
 -6.83870979 -6.62413083 -5.74861868 -6.08881709 -5.7002292  -5.87153236
 -6.76994987 -5.6943049  -5.90303766 -5.79818261 -5.75721698 -5.84123861
 -5.7576782  -6.21079144 -6.70705776 -5.1540931  -5.90597142 -5.49282967
 -6.05725773 -4.7631552  -4.64389351 -5.2893503  -4.904708   -5.07024842
 -3.94010146 -5.45097721 -3.91304013 -4.39144994 -4.50893566 -5.82222324
 -4.69025749 -3.7948215  -4.24259244 -5.20702317 -6.1411198  -6.07192576
 -4.09644159 -5.36771804 -5.29679568 -5.77987318 -6.83614613 -5.40203764
 -7.80587957 -6.9141843  -7.11215853 -7.5579728  -6.54644904 -6.84622538
 -6.59423198 -6.56113917 -5.91540886 -6.86871872 -5.91338955 -5.6247173
 -6.50795292 -6.44818196 -6.73935767 -6.9398639  -5.96906427 -7.1816484
 -5.91963725 -7.46061826 -6.44902816 -6.49434861 -6.08317551 -6.34914888
 -5.99426032 -7.52846481 -4.40268309 -7.1868352  -6.94553507 -6.63843233
 -6.56506376 -5.92819471 -6.13661583 -7.01352704 -5.58678302 -7.08448168
 -5.84213492 -6.95109722 -8.366083   -7.52639831 -6.96476016 -8.40898916
 -6.92844844 -6.27455747 -7.26366424 -7.19934514 -7.93065433 -8.04228671
 -6.29095572 -5.64667245 -7.2239321  -7.52434359 -6.92951049 -7.66398268
 -7.45389329 -7.03220379 -5.99275448 -5.85792369 -5.48411289 -5.48862151
 -7.25647528 -5.86623132 -4.38009529 -5.82718429 -5.30677593 -4.10924308
 -5.87976373 -7.02963686 -5.52163309 -6.52463298 -6.24667553 -5.83633238
 -7.65200472 -5.80950126 -4.57173571 -4.60369713 -6.56114425 -5.58591976
 -5.78643647 -6.73121783 -7.28085374 -6.47366412 -6.21070398 -5.55228679
 -5.54214108 -5.87031376 -5.9724423  -6.63471749 -6.49108243 -4.92759009
 -6.62557186 -6.66712335 -6.62178269 -6.1145641  -6.26575855 -6.01360624
 -6.16532952 -7.13461413 -7.67559099 -7.19495955 -6.59788106 -6.74218076
 -5.11088244 -7.71933441 -7.37333048 -5.59011618 -6.15659809 -6.37796144
 -6.43355908 -6.71180453 -5.75172493 -6.53344364 -4.32169467 -5.48026453
 -6.50885096 -7.61025819 -7.16317292 -7.25726088 -7.29942339 -7.20624856
 -6.99273166 -6.68185548 -6.45024306 -5.69395915 -6.28270102 -6.38495461
 -6.10009243 -6.4451528  -7.4590077  -7.61190707 -5.75486948 -6.46431898
 -4.87083799 -3.80908261 -5.95772992 -6.03904217 -5.70467632 -7.02284833]","[0.24027928 0.52619782 0.34276218 0.17600013 0.34568708 0.15747256
 0.11603938 0.11878565 0.39544539 0.24668053 0.22128575 0.2311606
 0.20927832 0.14842332 0.36442019 0.09472484 0.30232324 0.2854063
 0.3510168  0.20599195 0.06087719 0.25413255 0.13898194 0.18900059
 0.38987419 0.03843953 0.38553326 0.26582222 0.31207547 0.15126611
 0.24760939 0.1346211  0.19031475 0.090144   0.1654596  0.13361534
 0.28087327 0.21118674 0.11888848 0.13343638 0.051733   0.15270306
 0.12598107 0.22844242 0.08509691 0.16650135 0.1906241  0.17175206
 0.16761432 0.16777986 0.11310046 0.25681627 0.13448148 0.22399166
 0.18543007 0.16625119 0.19680424 0.19156816 0.02781858 0.09209542
 0.21329582 0.13265208 0.14784503 0.17149985 0.10699463 0.07708351
 0.34783519 0.18305795 0.18607673 0.11352323 0.11960295 0.13169117
 0.16646461 0.18998459 0.14702538 0.1857277  0.18434108 0.13732522
 0.18117336 0.24480078 0.07054884 0.1490709  0.13012982 0.10728913
 0.17818496 0.16254298 0.17029436 0.11921894 0.10361955 0.22385904
 0.0886716  0.10057154 0.14503133 0.28676597 0.17303614 0.13646555
 0.28007396 0.17321591 0.28322843 0.31036077 0.24452687 0.17401772
 0.24023375 0.254204   0.14405651 0.13174548 0.05315448 0.37631863
 0.10976851 0.13997902 0.10054437 0.14683697 0.3109026  0.37666247
 0.25578617 0.18157709 0.17483298 0.22729076 0.32188326 0.13925038
 0.22840859 0.20291489 0.17423803 0.30702743 0.20248008 0.13261538
 0.22088949 0.09697166 0.20266015 0.13422749 0.17547444 0.10989592
 0.15486854 0.18099848 0.26548318 0.39624705 0.19233996 0.21277876
 0.16698259 0.25990692 0.19235328 0.20795212 0.168269   0.22132191
 0.14283054 0.12869105 0.08228121 0.14165262 0.17629072 0.22983505
 0.1400421  0.23554077 0.299129   0.18828221 0.09041226 0.22648894
 0.15216992 0.14315513 0.17457026 0.15439899 0.34550689 0.1840769
 0.1314092  0.13432968 0.21256276 0.13176413 0.03957405 0.34524053
 0.03956695 0.33240329 0.21993938 0.19126819 0.10175933 0.18468774
 0.19877021 0.20154258 0.10994218 0.13009949 0.13961467 0.21345265
 0.11814673 0.12234076 0.0983105  0.09432566 0.1213435  0.13277417
 0.07288626 0.10283818 0.21792151 0.22909416 0.15837975 0.10797851
 0.1737588  0.12461089 0.21531795 0.22963467 0.19610708 0.25519152
 0.10142672 0.19490254 0.11951963 0.37108699 0.24063557 0.24863691
 0.2190991  0.19688446 0.19747667 0.15805994 0.25953591 0.15227922
 0.13139473 0.12539909 0.14955239 0.24663614 0.08635242 0.14462173
 0.37494725 0.23283657 0.11614454 0.2082185  0.38402877 0.15266692
 0.21866779 0.23564993 0.1995739  0.25688313 0.15406702 0.29350293
 0.13159769 0.28528193 0.26926889 0.27022394 0.1515796  0.21053944
 0.09423478 0.1602436  0.13183168 0.14028991 0.10350184 0.1482243
 0.23083051 0.1722809  0.13336153 0.17798648 0.17731331 0.13784653
 0.3530239  0.20661795 0.07158724 0.15515987 0.09272508 0.26696667]"
