ID,Symbol,Compound_Name,Three letter code,MAP_denotion,IUPAC_Name,CXSMILES,,IUPAC_Name,Natural_Analog,Monomer_Type,Polymer_Type,R1,R2,R3,capped_SMILES,,,PubChem_CID,IUPAC_Condensed
1,A,Alanine,,A,(2S)-2-aminopropanoic acid,C[C@H](N[*])C([*])=O |$;;;_R1;;_R2;$|,,(2S)-2-aminopropanoic acid,A,Backbone,PEPTIDE,H,OH,-,CN[C@@H](C)C=O,,,5950,H-Ala-OH
2,dA,D-alanine,,A{d},(2R)-2-aminopropanoic acid,C[C@@H](N[*])C([*])=O |$;;;_R1;;_R2;$|,,(2R)-2-aminopropanoic acid,A,Backbone,PEPTIDE,H,OH,-,CN[C@H](C)C=O,,,71080,H-D-Ala-OH
3,meA,N-methyl-L-alanine,,{nnr:E2S},(2S)-2-(methylamino)propanoic acid,C[C@H](N(C)[*])C([*])=O |$;;;;_R1;;_R2;$|,,(2S)-2-(methylamino)propanoic acid,A,Backbone,PEPTIDE,H,OH,-,C[C@@H](C=O)N(C)C,,,5288725,Me-Ala-OH
4,Me_dA,N-methyl-D-alanine,,{nnr:4E3},(2R)-2-(methylamino)propanoic acid,C[C@@H](N(C)[*])C([*])=O |$;;;;_R1;;_R2;$|,,(2R)-2-(methylamino)propanoic acid,A,Backbone,PEPTIDE,H,OH,-,C[C@H](C=O)N(C)C,,,92973,Me-D-Ala-OH
5,Ala(tBu),3-tert-butyl-L-alanine,,{nnr:ZCN},"(2S)-2-amino-4,4-dimethylpentanoic acid",CC(C)(C)C[C@H](N[*])C([*])=O |$;;;;;;;_R1;;_R2;$|,,"(2S)-2-amino-4,4-dimethylpentanoic acid",A,Backbone,PEPTIDE,H,OH,-,CN[C@H](C=O)CC(C)(C)C,,,194032,H-Ala(tBu)-OH
6,Ala(indol-2-yl),3-indol-2-yl-L-alanine,LIA,{nnr:LIA},(2S)-2-amino-3-(1H-indol-2-yl)propanoic acid,[*]N[C@@H](Cc1cc2ccccc2[nH]1)C([*])=O |$_R1;;;;;;;;;;;;;;_R2;$|,,(2S)-2-amino-3-(1H-indol-2-yl)propanoic acid,A,Backbone,PEPTIDE,H,OH,-,CN[C@H](C=O)Cc1cc2ccccc2[nH]1,,,10262329,H-Ala(indol-2-yl)-OH
7,dAla(indol-2-yl),3-indol-2-yl-D-alanine,DIA,{nnr:DIA},(2R)-2-amino-3-(1H-indol-2-yl)propanoic acid,[*]N[C@H](Cc1cc2ccccc2[nH]1)C([*])=O |$_R1;;;;;;;;;;;;;;_R2;$|,,(2R)-2-amino-3-(1H-indol-2-yl)propanoic acid,A,Backbone,PEPTIDE,H,OH,-,CN[C@@H](C=O)Cc1cc2ccccc2[nH]1,,,66766908,H-D-Ala(indol-2-yl)-OH
8,Me_Ala(indol-2-yl),N-methyl-3-indol-2-yl-L-alanine,NIM,{nnr:NIM},(2S)-3-(1H-indol-2-yl)-2-(methylamino)propanoic acid,CN([*])[C@@H](Cc1cc2ccccc2[nH]1)C([*])=O |$;;_R1;;;;;;;;;;;;;_R2;$|,,(2S)-3-(1H-indol-2-yl)-2-(methylamino)propanoic acid,A,Backbone,PEPTIDE,H,OH,-,CN(C)[C@H](C=O)Cc1cc2ccccc2[nH]1,,,155188315,Me-Ala(indol-2-yl)-OH
9,Ala(5-Tet),3-tetrazol-5-yl-L-alanine,TLA,{nnr:TLA},(2S)-2-amino-3-(2H-tetrazol-5-yl)propanoic acid,[*]N[C@@H](Cc1nnn[nH]1)C([*])=O |$_R1;;;;;;;;;;_R2;$|,,(2S)-2-amino-3-(2H-tetrazol-5-yl)propanoic acid,A,Backbone,PEPTIDE,H,OH,-,CN[C@H](C=O)Cc1nnn[nH]1,,,3246533,H-Ala(tetrazol-5-yl)-OH
10,Abu,2-aminobutanoic acid,ABU,{nnr:ABU},(2S)-2-aminobutyric acid,CC[C@H](N[*])C([*])=O |$;;;;_R1;;_R2;$|,,(2S)-2-aminobutyric acid,X,Backbone,PEPTIDE,H,OH,-,CC[C@@H](C=O)NC,,,80283,H-Abu-OH
11,dAbu,D-2-aminobutyric acid,D2A,{nnr:D2A},(2R)-2-aminobutanoic acid,CC[C@@H](N[*])C([*])=O |$;;;;_R1;;_R2;$|,,(2R)-2-aminobutanoic acid,X,Backbone,PEPTIDE,H,OH,-,CC[C@H](C=O)NC,,,439691,H-D-Abu-OH
12,Me_Abu,N-methyl-L-2-aminobutyric acid,B2N,{nnr:B2N},(2S)-2-(methylamino)butanoic acid,CC[C@H](N(C)[*])C([*])=O |$;;;;;_R1;;_R2;$|,,(2S)-2-(methylamino)butanoic acid,X,Backbone,PEPTIDE,H,OH,-,CC[C@@H](C=O)N(C)C,,,12571757,Me-Abu-OH
13,Me_dAbu,N-methyl-D-2-aminobutyric acid,D2N,{nnr:D2N},(2R)-2-(methylamino)butanoic acid,CC[C@H](C([*])=O)N(C)[*] |$;;;;_R2;;;;_R1$|,,(2R)-2-(methylamino)butanoic acid,X,Backbone,PEPTIDE,H,OH,-,CC[C@H](C=O)N(C)C,,,12571756,Me-D-Abu-OH
14,Me_Abu(morpholino),N-methyl-L-4-morpholino-2-aminobutyric acid,NMB,{nnr:NMB},(2S)-2-(methylamino)-4-morpholin-4-ylbutanoic acid,CN([*])[C@@H](CCN1CCOCC1)C([*])=O |$;;_R1;;;;;;;;;;;_R2;$|,,(2S)-2-(methylamino)-4-morpholin-4-ylbutanoic acid,X,Backbone,PEPTIDE,H,OH,-,CN(C)[C@H](C=O)CCN1CCOCC1,,,146562373,Me-Abu(morpholino)-OH
15,2Abz,Anthranilic acid,ABN,{nnr:ABN},2-aminobenzoic acid,[*]Nc1ccccc1C([*])=O |$_R1;;;;;;;;;_R2;$|,,2-aminobenzoic acid,X,Backbone,PEPTIDE,H,OH,-,CNc1ccccc1C=O,,,227,H-2Abz-OH
16,Aib,alpha-methyl-alanine,AIB,{nnr:AIB},2-amino-2-methylpropanoic acid,CC(C)(N[*])C([*])=O |$;;;;_R1;;_R2;$|,,2-amino-2-methylpropanoic acid,X,Backbone,PEPTIDE,H,OH,-,CNC(C)(C)C=O,,,6119,H-Aib-OH
17,Aoc(2),6-ethyl-L-norleucine,AOC,{nnr:AOC},(2S)-2-aminooctanoic acid,CCCCCC[C@H](N[*])C([*])=O |$;;;;;;;;_R1;;_R2;$|,,(2S)-2-aminooctanoic acid,L,Backbone,PEPTIDE,H,OH,-,CCCCCC[C@@H](C=O)NC,,,1549365,H-Aoc(2)-OH
18,5-Ava,5-aminovaleric acid,AVA,{nnr:AVA},5-aminopentanoic acid,[*]NCCCCC([*])=O |$_R1;;;;;;;_R2;$|,,5-aminopentanoic acid,X,Backbone,PEPTIDE,H,OH,-,CNCCCCC=O,,,138,H-5-Ava-OH
19,Bal,beta-alanine,AAB,{nnr:AAB},3-aminopropanoic acid,[*]NCCC([*])=O |$_R1;;;;;_R2;$|,,3-aminopropanoic acid,A,Backbone,PEPTIDE,H,OH,-,CNCCC=O,,,239,H-bAla-OH
20,Me_Bal,N-methyl-beta alanine,NAB,{nnr:NAB},3-(methylamino)propanoic acid,CN([*])CCC([*])=O |$;;_R1;;;;_R2;$|,,3-(methylamino)propanoic acid,A,Backbone,PEPTIDE,H,OH,-,CN(C)CCC=O,,,75891,Me-bAla-OH
21,HOCOCH2_Bal,N-(carboxymethyl)-beta alanine,NCB,{nnr:NCB},3-(carboxymethylamino)propanoic acid,[*]N(CCC(=O)O)CC([*])=O |$_R1;;;;;;;;;_R2;$|,,3-(carboxymethylamino)propanoic acid,A,Backbone,PEPTIDE,H,OH,-,CN(CC=O)CCC(=O)O,,,281622,HOCOCH2-bAla-OH
22,Cys(EtO2H)_NH2,N.D,DOS,{nnr:DOS},"2-[(2R)-2,3-diamino-3-oxopropyl]sulfanylacetic acid",[*]N[C@@H](CSCC([*])=O)C(N)=O |$_R1;;;;;;;_R2;;;;$|,,"2-[(2R)-2,3-diamino-3-oxopropyl]sulfanylacetic acid",C,Backbone,PEPTIDE,H,OH,-,CN[C@@H](CSCC=O)C(N)=O,,,21969402,H-Cys(EtO2H)-NH2
23,Cha,3-cyclohexyl-L-alanine,,{nnr:ZFH},(2S)-2-amino-3-cyclohexylpropanoic acid,[*]N[C@@H](CC1CCCCC1)C([*])=O |$_R1;;;;;;;;;;;_R2;$|,,(2S)-2-amino-3-cyclohexylpropanoic acid,A,Backbone,PEPTIDE,H,OH,-,CN[C@H](C=O)CC1CCCCC1,,,712421,H-Cha-OH
24,dCha,3-cyclohexyl-D-alanine,,{nnr:ZPK},(2R)-2-amino-3-cyclohexylpropanoic acid,[*]N[C@H](CC1CCCCC1)C([*])=O |$_R1;;;;;;;;;;;_R2;$|,,(2R)-2-amino-3-cyclohexylpropanoic acid,A,Backbone,PEPTIDE,H,OH,-,CN[C@@H](C=O)CC1CCCCC1,,,736026,H-D-Cha-OH
25,Me_Cha,N-methyl-3-cyclohexyl-L-alanine,,{nnr:C6Y},(2S)-3-cyclohexyl-2-(methylamino)propanoic acid,CN([*])[C@@H](CC1CCCCC1)C([*])=O |$;;_R1;;;;;;;;;;_R2;$|,,(2S)-3-cyclohexyl-2-(methylamino)propanoic acid,A,Backbone,PEPTIDE,H,OH,-,CN(C)[C@H](C=O)CC1CCCCC1,,,41097900,Me-Cha-OH
26,D,Aspartic acid,,D,(2S)-2-aminobutanedioic acid,[*]N[C@@H](CC([*])=O)C([*])=O |$_R1;;;;;_R3;;;_R2;$|,,(2S)-2-aminobutanedioic acid,D,Backbone,PEPTIDE,H,OH,OH,CN[C@H](C=O)CC=O,,,5960,H-Asp-OH
27,meD,N-methyl-L-aspartic acid,,{nnr:PBJ},(2S)-2-(methylamino)butanedioic acid,CN([*])[C@@H](CC([*])=O)C([*])=O |$;;_R1;;;;_R3;;;_R2;$|,,(2S)-2-(methylamino)butanedioic acid,D,Backbone,PEPTIDE,H,OH,OH,CN(C)[C@H](C=O)CC=O,,,92982,Me-Asp-OH
28,Asp_piperidide,N.D,OPB,{nnr:OPB},(3S)-3-amino-4-oxo-4-piperidin-1-ylbutanoic acid,[*]N[C@@H](CC([*])=O)C(=O)N1CCCCC1 |$_R1;;;;;_R2;;;;;;;;;$|,,(3S)-3-amino-4-oxo-4-piperidin-1-ylbutanoic acid,D,Backbone,PEPTIDE,H,OH,-,CN[C@@H](CC=O)C(=O)N1CCCCC1,,,91615397,H-Asp-piperidide
29,Asp(OMe),O4-methyl-L-aspartic acid,,{nnr:XLU},(2S)-2-amino-4-methoxy-4-oxobutanoic acid,COC(=O)C[C@H](N[*])C([*])=O |$;;;;;;;_R1;;_R2;$|,,(2S)-2-amino-4-methoxy-4-oxobutanoic acid,D,Backbone,PEPTIDE,H,OH,-,CN[C@H](C=O)CC(=O)OC,,,97368,H-Asp(OMe)-OH
30,Asp(Ph(2-NH2)),Kynurenine,KYN,{nnr:KYN},(2S)-2-amino-4-(2-aminophenyl)-4-oxobutanoic acid,[*]N[C@@H](CC(=O)c1ccccc1N)C([*])=O |$_R1;;;;;;;;;;;;;;_R2;$|,,(2S)-2-amino-4-(2-aminophenyl)-4-oxobutanoic acid,D,Backbone,PEPTIDE,H,OH,-,CN[C@H](C=O)CC(=O)c1ccccc1N,,,161166,H-Asp(Ph(2-NH2))-OH
31,dAsp(pyrrol-1-yl),4-oxo-4-pyrrol-1-yl-D-homoalanine,O4P,{nnr:O4P},(2R)-2-amino-4-oxo-4-pyrrolidin-1-ylbutanoic acid,[*]N[C@H](CC(=O)N1CCCC1)C([*])=O |$_R1;;;;;;;;;;;;_R2;$|,,(2R)-2-amino-4-oxo-4-pyrrolidin-1-ylbutanoic acid,D,Backbone,PEPTIDE,H,OH,-,CN[C@@H](C=O)CC(=O)N1CCCC1,,,129370878,H-D-Asp(pyrrol-1-yl)-OH
32,E,Glutamic acid,,E,(2S)-2-aminopentanedioic acid,[*]N[C@@H](CCC([*])=O)C([*])=O |$_R1;;;;;;_R3;;;_R2;$|,,(2S)-2-aminopentanedioic acid,E,Backbone,PEPTIDE,H,OH,OH,CN[C@H](C=O)CCC=O,,,33032,H-Glu-OH
33,Glu_NH2,Isoglutamine,ISG,{nnr:ISG},"(4S)-4,5-diamino-5-oxopentanoic acid",[*]N[C@@H](CCC([*])=O)C(N)=O |$_R1;;;;;;_R2;;;;$|,,"(4S)-4,5-diamino-5-oxopentanoic acid",E,Backbone,PEPTIDE,H,OH,-,CN[C@@H](CCC=O)C(N)=O,,,445883,H-Glu-NH2
34,Glu(3R-Me),(3r)-3-methyl-L-glutamic acid,,{nnr:WKX},"(2S,3R)-2-amino-3-methylpentanedioic acid",C[C@H](CC(=O)O)[C@H](N[*])C([*])=O |$;;;;;;;;_R1;;_R2;$|,,"(2S,3R)-2-amino-3-methylpentanedioic acid",E,Backbone,PEPTIDE,H,OH,-,CN[C@H](C=O)[C@H](C)CC(=O)O,,,11412540,H-Glu(3R-Me)-OH
35,Glu(OMe),5-methyl-L-glutamate,,{nnr:1UB},(2S)-2-amino-5-methoxy-5-oxopentanoic acid,COC(=O)CC[C@H](N[*])C([*])=O |$;;;;;;;;_R1;;_R2;$|,,(2S)-2-amino-5-methoxy-5-oxopentanoic acid,E,Backbone,PEPTIDE,H,OH,-,CN[C@H](C=O)CCC(=O)OC,,,68662,H-Glu(OMe)-OH
36,dGlu(OMe),5-methyl-D-glutamate,,{nnr:5DC},(2R)-2-amino-5-methoxy-5-oxopentanoic acid,COC(=O)CC[C@@H](N[*])C([*])=O |$;;;;;;;;_R1;;_R2;$|,,(2R)-2-amino-5-methoxy-5-oxopentanoic acid,E,Backbone,PEPTIDE,H,OH,-,CN[C@@H](C=O)CCC(=O)OC,,,111219,H-D-Glu(OMe)-OH
37,F,Phenylalanine,,F,(2S)-2-amino-3-phenylpropanoic acid,[*]N[C@@H](Cc1ccccc1)C([*])=O |$_R1;;;;;;;;;;;_R2;$|,,(2S)-2-amino-3-phenylpropanoic acid,F,Backbone,PEPTIDE,H,OH,-,CN[C@H](C=O)Cc1ccccc1,,,6140,H-Phe-OH
38,dF,D-phenylalanine,,F{d},(2R)-2-amino-3-phenylpropanoic acid,[*]N[C@H](Cc1ccccc1)C([*])=O |$_R1;;;;;;;;;;;_R2;$|,,(2R)-2-amino-3-phenylpropanoic acid,F,Backbone,PEPTIDE,H,OH,-,CN[C@@H](C=O)Cc1ccccc1,,,71567,H-D-Phe-OH
39,meF,N-methyl-L-phenylalanine,,{nnr:N3S},(2S)-2-(methylamino)-3-phenylpropanoic acid,CN([*])[C@@H](Cc1ccccc1)C([*])=O |$;;_R1;;;;;;;;;;_R2;$|,,(2S)-2-(methylamino)-3-phenylpropanoic acid,F,Backbone,PEPTIDE,H,OH,-,CN(C)[C@H](C=O)Cc1ccccc1,,,6951135,Me-Phe-OH
40,Me_dF,N-methyl-D-phenylalanine,,{nnr:NYY},(2R)-2-(methylamino)-3-phenylpropanoic acid,CN([*])[C@H](Cc1ccccc1)C([*])=O |$;;_R1;;;;;;;;;;_R2;$|,,(2R)-2-(methylamino)-3-phenylpropanoic acid,F,Backbone,PEPTIDE,H,OH,-,CN(C)[C@@H](C=O)Cc1ccccc1,,,6427037,Me-D-Phe-OH
41,Phe(4-F),4-fluoro-L-phenylalanine,,{nnr:J7P},(2S)-2-amino-3-(4-fluorophenyl)propanoic acid,Fc1ccc(C[C@H](N[*])C([*])=O)cc1 |$;;;;;;;;_R1;;_R2;;;$|,,(2S)-2-amino-3-(4-fluorophenyl)propanoic acid,F,Backbone,PEPTIDE,H,OH,-,CN[C@H](C=O)Cc1ccc(F)cc1,,,716312,H-Phe(4-F)-OH
42,dPhe(4-F),4-fluoro-D-phenylalanine,,{nnr:BSK},(2R)-2-amino-3-(4-fluorophenyl)propanoic acid,Fc1ccc(C[C@@H](N[*])C([*])=O)cc1 |$;;;;;;;;_R1;;_R2;;;$|,,(2R)-2-amino-3-(4-fluorophenyl)propanoic acid,F,Backbone,PEPTIDE,H,OH,-,CN[C@@H](C=O)Cc1ccc(F)cc1,,,716314,H-D-Phe(4-F)-OH
43,Phe(4-CF3),4-(trifluoromethyl)-L-phenylalanine,,{nnr:Z6U},(2S)-2-amino-3-[4-(trifluoromethyl)phenyl]propanoic acid,FC(F)(F)c1ccc(C[C@H](N[*])C([*])=O)cc1 |$;;;;;;;;;;;_R1;;_R2;;;$|,,(2S)-2-amino-3-[4-(trifluoromethyl)phenyl]propanoic acid,F,Backbone,PEPTIDE,H,OH,-,CN[C@H](C=O)Cc1ccc(C(F)(F)F)cc1,,,2761501,H-Phe(4-CF3)-OH
44,Phe(4-NO2),4-nitro-L-phenylalanine,,{nnr:0U2},(2S)-2-amino-3-(4-nitrophenyl)propanoic acid,[*]N[C@@H](Cc1ccc(cc1)N(=O)=O)C([*])=O |$_R1;;;;;;;;;;;;;;_R2;$|,,(2S)-2-amino-3-(4-nitrophenyl)propanoic acid,F,Backbone,PEPTIDE,H,OH,-,CN[C@H](C=O)Cc1ccc([N+](=O)[O-])cc1,,,13706,H-Phe(4-NO2)-OH
45,Phe(CHF2),4-(difluoromethyl)-L-phenylalanine,,{nnr:7GH},(2S)-2-amino-3-[4-(difluoromethyl)phenyl]propanoic acid,[*]N[C@@H](Cc1ccc(C(F)F)cc1)C([*])=O |$_R1;;;;;;;;;;;;;;_R2;$|,,(2S)-2-amino-3-[4-(difluoromethyl)phenyl]propanoic acid,F,Backbone,PEPTIDE,H,OH,-,CN[C@H](C=O)Cc1ccc(C(F)F)cc1,,,79016552,H-Phe(CHF2)-OH
46,"dPhe(3,4-diF)","3,4-difluoro-D-phenylalanine",,{nnr:M47},"(2R)-2-amino-3-(3,4-difluorophenyl)propanoic acid",Fc1ccc(C[C@@H](N[*])C([*])=O)cc1F |$;;;;;;;;_R1;;_R2;;;;$|,,"(2R)-2-amino-3-(3,4-difluorophenyl)propanoic acid",F,Backbone,PEPTIDE,H,OH,-,CN[C@@H](C=O)Cc1ccc(F)c(F)c1,,,716298,"H-D-Phe(3,4-diF)-OH"
47,Et_Phe,N-ethyl-L-phenylalanine,,{nnr:YZB},(2S)-2-(ethylamino)-3-phenylpropanoic acid,CCN([*])[C@@H](Cc1ccccc1)C([*])=O |$;;;_R1;;;;;;;;;;_R2;$|,,(2S)-2-(ethylamino)-3-phenylpropanoic acid,F,Backbone,PEPTIDE,H,OH,-,CCN(C)[C@H](C=O)Cc1ccccc1,,,10566639,Et-Phe-OH
48,H2NEt_Phe,N-(2-aminoethyl)-L-phenylalanine,,{nnr:Z36},(2S)-2-(2-aminoethylamino)-3-phenylpropanoic acid,[*]NCCN[C@@H](Cc1ccccc1)C([*])=O |$_R1;;;;;;;;;;;;;;_R2;$|,,(2S)-2-(2-aminoethylamino)-3-phenylpropanoic acid,F,Backbone,PEPTIDE,H,OH,-,CNCCN[C@H](C=O)Cc1ccccc1,,,13477633,H2NEt-Phe-OH
49,Me_Phe(3-Cl),N-methyl-3-chloro-L-phenylalanine,,{nnr:7EU},(2S)-3-(3-chlorophenyl)-2-(methylamino)propanoic acid,CN([*])[C@@H](Cc1cccc(Cl)c1)C([*])=O |$;;_R1;;;;;;;;;;;_R2;$|,,(2S)-3-(3-chlorophenyl)-2-(methylamino)propanoic acid,F,Backbone,PEPTIDE,H,OH,-,CN(C)[C@H](C=O)Cc1cccc(Cl)c1,,,54398520,Me-Phe(3-Cl)-OH
50,Me_Phe(4-Cl),N-methyl-4-chloro-L-phenylalanine,,{nnr:ZV0},(2S)-3-(4-chlorophenyl)-2-(methylamino)propanoic acid,CN([*])[C@@H](Cc1ccc(Cl)cc1)C([*])=O |$;;_R1;;;;;;;;;;;_R2;$|,,(2S)-3-(4-chlorophenyl)-2-(methylamino)propanoic acid,F,Backbone,PEPTIDE,H,OH,-,CN(C)[C@H](C=O)Cc1ccc(Cl)cc1,,,54210986,Me-Phe(4-Cl)-OH
51,"Me_Phe(a,b-dehydro)","N-methyl-alpha,beta-didehydro-phenylalanine",ABF,{nnr:ABF},(Z)-2-(methylamino)-3-phenylprop-2-enoic acid,CN([*])/C(=C\c1ccccc1)C([*])=O |$;;_R1;;;;;;;;;;_R2;$|,,(Z)-2-(methylamino)-3-phenylprop-2-enoic acid,F,Backbone,PEPTIDE,H,OH,-,CN(C)/C(C=O)=C\c1ccccc1,,,87195324,"Me-Phe(a,b-dehydro)-OH"
52,G,Glycine,,G,2-aminoacetic acid,[*]NCC([*])=O |$_R1;;;;_R2;$|,,2-aminoacetic acid,G,Backbone,PEPTIDE,H,OH,-,CNCC=O,,,750,H-Gly-OH
53,Bn_Gly,N-benzyl-glycine,,{nnr:07X},2-(benzylamino)acetic acid,[*]N(CC([*])=O)Cc1ccccc1 |$_R1;;;;_R2;;;;;;;;$|,,2-(benzylamino)acetic acid,G,Backbone,PEPTIDE,H,OH,-,CN(CC=O)Cc1ccccc1,,,86965,Bn-Gly-OH
54,Bn(4-Cl)_Gly,N-(4-chlorobenzyl)-glycine,,{nnr:IIO},2-[(4-chlorophenyl)methylamino]acetic acid,[*]N(CC([*])=O)Cc1ccc(Cl)cc1 |$_R1;;;;_R2;;;;;;;;;$|,,2-[(4-chlorophenyl)methylamino]acetic acid,G,Backbone,PEPTIDE,H,OH,-,CN(CC=O)Cc1ccc(Cl)cc1,,,413853,Bn(4-Cl)-Gly-OH
55,Bn(4-OH)_Gly,N-(4-hydroxybenzyl)-glycine,,{nnr:SFZ},2-[(4-hydroxyphenyl)methylamino]acetic acid,Oc1ccc(CN([*])CC([*])=O)cc1 |$;;;;;;;_R1;;;_R2;;;$|,,2-[(4-hydroxyphenyl)methylamino]acetic acid,G,Backbone,PEPTIDE,H,OH,-,CN(CC=O)Cc1ccc(O)cc1,,,15384589,Bn(4-OH)-Gly-OH
56,Bu_Gly,N-butyl-glycine,,{nnr:U8F},2-(butylamino)acetic acid,CCCCN([*])CC([*])=O |$;;;;;_R1;;;_R2;$|,,2-(butylamino)acetic acid,G,Backbone,PEPTIDE,H,OH,-,CCCCN(C)CC=O,,,413376,Bu-Gly-OH
57,iBu_Gly,N-isobutyl-glycine,,{nnr:Z2H},2-(2-methylpropylamino)acetic acid,CC(C)CN([*])CC([*])=O |$;;;;;_R1;;;_R2;$|,,2-(2-methylpropylamino)acetic acid,G,Backbone,PEPTIDE,H,OH,-,CC(C)CN(C)CC=O,,,10261121,iBu-Gly-OH
58,Et_Gly,N-ethyl-glycine,,{nnr:KTS},2-(ethylamino)acetic acid,CCN([*])CC([*])=O |$;;;_R1;;;_R2;$|,,2-(ethylamino)acetic acid,G,Backbone,PEPTIDE,H,OH,-,CCN(C)CC=O,,,316542,Et-Gly-OH
59,EtOEt_Gly,N-(2-ethoxyethyl)-glycine,,{nnr:N2X},2-(2-ethoxyethylamino)acetic acid,CCOCCN([*])CC([*])=O |$;;;;;;_R1;;;_R2;$|,,2-(2-ethoxyethylamino)acetic acid,G,Backbone,PEPTIDE,H,OH,-,CCOCCN(C)CC=O,,,43465734,EtOEt-Gly-OH
60,HOCOCH2_Gly_ol,Petalonine,PTO,{nnr:PTO},2-(2-hydroxyethylamino)acetic acid,[*]N(CCO)CC([*])=O |$_R1;;;;;;;_R2;$|,,2-(2-hydroxyethylamino)acetic acid,G,Backbone,PEPTIDE,H,OH,-,CN(CC=O)CCO,,,225935,HOCOCH2-Gly-ol
61,MeOEt_Gly,N-(2-methoxyethyl)-glycine,,{nnr:6P7},2-(2-methoxyethylamino)acetic acid,COCCN([*])CC([*])=O |$;;;;;_R1;;;_R2;$|,,2-(2-methoxyethylamino)acetic acid,G,Backbone,PEPTIDE,H,OH,-,COCCN(C)CC=O,,,9964102,MeOEt-Gly-OH
62,NH2Bu_Gly,N-(4-aminobutyl)glycine,,{nnr:9OA},2-(4-aminobutylamino)acetic acid,[*]N(CCCCN)CC([*])=O |$_R1;;;;;;;;;_R2;$|,,2-(4-aminobutylamino)acetic acid,G,Backbone,PEPTIDE,H,OH,-,CN(CC=O)CCCCN,,,10909707,NH2Bu-Gly-OH
63,Pr_Gly,N-propyl-glycine,,{nnr:PW4},2-(propylamino)acetic acid,CCCN([*])CC([*])=O |$;;;;_R1;;;_R2;$|,,2-(propylamino)acetic acid,G,Backbone,PEPTIDE,H,OH,-,CCCN(C)CC=O,,,414243,Pr-Gly-OH
64,PhEt_Gly,N-(2-phenylethyl)-glycine,,{nnr:OH2},2-(2-phenylethylamino)acetic acid,[*]N(CCc1ccccc1)CC([*])=O |$_R1;;;;;;;;;;;;_R2;$|,,2-(2-phenylethylamino)acetic acid,G,Backbone,PEPTIDE,H,OH,-,CN(CC=O)CCc1ccccc1,,,242245,PhEt-Gly-OH
65,PhPr_Gly,N-(3-phenylpropyl)-glycine,,{nnr:GHH},2-(3-phenylpropylamino)acetic acid,[*]N(CCCc1ccccc1)CC([*])=O |$_R1;;;;;;;;;;;;;_R2;$|,,2-(3-phenylpropylamino)acetic acid,G,Backbone,PEPTIDE,H,OH,-,CN(CC=O)CCCc1ccccc1,,,18618269,PhPr-Gly-OH
66,cHexCH2_Gly,N-cyclohexylmethyl-glycine,,{nnr:5S1},2-(cyclohexylmethylamino)acetic acid,[*]N(CC1CCCCC1)CC([*])=O |$_R1;;;;;;;;;;;_R2;$|,,2-(cyclohexylmethylamino)acetic acid,G,Backbone,PEPTIDE,H,OH,-,CN(CC=O)CC1CCCCC1,,,17901913,cHexCH2-Gly-OH
67,isoamyl_Gly,N-(3-methylbutyl)-glycine,,{nnr:A2S},2-(3-methylbutylamino)acetic acid,CC(C)CCN([*])CC([*])=O |$;;;;;;_R1;;;_R2;$|,,2-(3-methylbutylamino)acetic acid,G,Backbone,PEPTIDE,H,OH,-,CC(C)CCN(C)CC=O,,,90201,isoamyl-Gly-OH
68,pentyl_Gly,N-pentyl-glycine,,{nnr:7EW},2-(pentylamino)acetic acid,CCCCCN([*])CC([*])=O |$;;;;;;_R1;;;_R2;$|,,2-(pentylamino)acetic acid,G,Backbone,PEPTIDE,H,OH,-,CCCCCN(C)CC=O,,,414247,pentyl-Gly-OH
69,3-pyridylethyl_Gly,N-(2-pyrid-3-ylethyl)-glycine,NPY,{nnr:NPY},2-(2-pyridin-3-ylethylamino)acetic acid,[*]N(CCc1cccnc1)CC([*])=O |$_R1;;;;;;;;;;;;_R2;$|,,2-(2-pyridin-3-ylethylamino)acetic acid,G,Backbone,PEPTIDE,H,OH,-,CN(CC=O)CCc1cccnc1,,,60766821,3-pyridylethyl-Gly-OH
70,2-pyridylmethyl_Gly,N-pyrid-2-ylmethyl-glycine,NPG,{nnr:NPG},2-(pyridin-2-ylmethylamino)acetic acid,[*]N(CC([*])=O)Cc1ccccn1 |$_R1;;;;_R2;;;;;;;;$|,,2-(pyridin-2-ylmethylamino)acetic acid,G,Backbone,PEPTIDE,H,OH,-,CN(CC=O)Cc1ccccn1,,,10103509,2-pyridylmethyl-Gly-OH
71,d(N->O)Gly(allyl),N.D,NOG,{nnr:NOG},(2R)-2-hydroxypent-4-enoic acid,C=CC[C@@H](O[*])C([*])=O |$;;;;;_R1;;_R2;$|,,(2R)-2-hydroxypent-4-enoic acid,G,Backbone,PEPTIDE,H,OH,-,C=CC[C@H](C=O)OC,,,12192434,N.D
72,GABA,4-aminobutyric acid,A4A,{nnr:A4A},4-aminobutanoic acid,[*]NCCCC([*])=O |$_R1;;;;;;_R2;$|,,4-aminobutanoic acid,X,Backbone,PEPTIDE,H,OH,-,CNCCCC=O,,,119,N.D
73,H,Histidine,,H,(2S)-2-amino-3-(1H-imidazol-5-yl)propanoic acid,[*]N[C@@H](Cc1c[nH]cn1)C([*])=O |$_R1;;;;;;;;;;_R2;$|,,(2S)-2-amino-3-(1H-imidazol-5-yl)propanoic acid,H,Backbone,PEPTIDE,H,OH,-,CN[C@H](C=O)Cc1c[nH]cn1,,,6274,H-His-OH
74,Hph,Homophenylalanine,HMF,{nnr:HPE},(2S)-2-amino-4-phenylbutanoic acid,[*]N[C@@H](CCc1ccccc1)C([*])=O |$_R1;;;;;;;;;;;;_R2;$|,,(2S)-2-amino-4-phenylbutanoic acid,F,Backbone,PEPTIDE,H,OH,-,CN[C@H](C=O)CCc1ccccc1,,,2724505,H-hPhe-OH
75,Me_Hph,N-methyl-L-homophenylalanine,NMF,{nnr:NMF},(2S)-2-(methylamino)-4-phenylbutanoic acid,CN([*])[C@@H](CCc1ccccc1)C([*])=O |$;;_R1;;;;;;;;;;;_R2;$|,,(2S)-2-(methylamino)-4-phenylbutanoic acid,F,Backbone,PEPTIDE,H,OH,-,CN(C)[C@H](C=O)CCc1ccccc1,,,18645360,Me-hPhe-OH
76,bHph,beta-homophenylalanine,BHF,{nnr:BHF},(3S)-3-amino-4-phenylbutanoic acid,[*]N[C@H](CC([*])=O)Cc1ccccc1 |$_R1;;;;;_R2;;;;;;;;$|,,(3S)-3-amino-4-phenylbutanoic acid,F,Backbone,PEPTIDE,H,OH,-,CN[C@H](CC=O)Cc1ccccc1,,,2761537,H-beta-hPhe-OH
77,Hph(2-Cl),2-chloro-L-homophenylalanine,H2F,{nnr:H2F},(2S)-2-amino-4-(2-chlorophenyl)butanoic acid,[*]N[C@@H](CCc1ccccc1Cl)C([*])=O |$_R1;;;;;;;;;;;;;_R2;$|,,(2S)-2-amino-4-(2-chlorophenyl)butanoic acid,F,Backbone,PEPTIDE,H,OH,-,CN[C@H](C=O)CCc1ccccc1Cl,,,72208771,H-hPhe(2-Cl)-OH
78,Hph(3-Cl),3-chloro-L-homophenylalanine,H3F,{nnr:H3F},(2S)-2-amino-4-(3-chlorophenyl)butanoic acid,[*]N[C@@H](CCc1cccc(Cl)c1)C([*])=O |$_R1;;;;;;;;;;;;;_R2;$|,,(2S)-2-amino-4-(3-chlorophenyl)butanoic acid,F,Backbone,PEPTIDE,H,OH,-,CN[C@H](C=O)CCc1cccc(Cl)c1,,,18391901,H-hPhe(3-Cl)-OH
79,Hph(4-Cl),4-chloro-L-homophenylalanine,H4F,{nnr:H4F},(2S)-2-amino-4-(4-chlorophenyl)butanoic acid,[*]N[C@@H](CCc1ccc(Cl)cc1)C([*])=O |$_R1;;;;;;;;;;;;;_R2;$|,,(2S)-2-amino-4-(4-chlorophenyl)butanoic acid,F,Backbone,PEPTIDE,H,OH,-,CN[C@H](C=O)CCc1ccc(Cl)cc1,,,10943829,H-hPhe(4-Cl)-OH
80,Hse(Et),O-ethyl-L-homoserine,OEH,{nnr:OEH},(2S)-2-amino-4-ethoxybutanoic acid,CCOCC[C@H](N[*])C([*])=O |$;;;;;;;_R1;;_R2;$|,,(2S)-2-amino-4-ethoxybutanoic acid,S,Backbone,PEPTIDE,H,OH,-,CCOCC[C@@H](C=O)NC,,,176954,H-Hse(Et)-OH
81,dHyp,4-hydroxy-D-proline,,P{d}{ptm:4XH},"(2R,4S)-4-hydroxypyrrolidine-2-carboxylic acid",O[C@H]1C[C@@H](N([*])C1)C([*])=O |$;;;;;_R1;;;_R2;$|,,"(2R,4S)-4-hydroxypyrrolidine-2-carboxylic acid",P,Backbone,PEPTIDE,H,OH,-,CN1C[C@@H](O)C[C@@H]1C=O,,,440074,H-D-Hyp-OH
82,Hyp(Et),(4R)-4-(ethyloxy)-L-proline,,{nnr:ZFQ},"(2S,4R)-4-ethoxypyrrolidine-2-carboxylic acid",CCO[C@@H]1C[C@@H](C([*])=O)N([*])C1 |$;;;;;;;_R2;;;_R1;$|,,"(2S,4R)-4-ethoxypyrrolidine-2-carboxylic acid",P,Backbone,PEPTIDE,H,OH,-,CCO[C@@H]1C[C@@H](C=O)N(C)C1,,,45115929,H-Hyp(Et)-OH
83,I,Isoleucine,,I,"(2S,3S)-2-amino-3-methylpentanoic acid",CC[C@H](C)[C@H](N[*])C([*])=O |$;;;;;;_R1;;_R2;$|,,"(2S,3S)-2-amino-3-methylpentanoic acid",I,Backbone,PEPTIDE,H,OH,-,CC[C@H](C)[C@@H](C=O)NC,,,6306,H-Ile-OH
84,dI,D-isoleucine,,I{d},"(2R,3R)-2-amino-3-methylpentanoic acid",CC[C@@H](C)[C@@H](N[*])C([*])=O |$;;;;;;_R1;;_R2;$|,,"(2R,3R)-2-amino-3-methylpentanoic acid",I,Backbone,PEPTIDE,H,OH,-,CC[C@@H](C)[C@H](C=O)NC,,,76551,H-D-Ile-OH
85,meI,N-methyl-L-isoleucine,,{nnr:IAX},"(2S,3S)-3-methyl-2-(methylamino)pentanoic acid",CC[C@H](C)[C@H](N(C)[*])C([*])=O |$;;;;;;;_R1;;_R2;$|,,"(2S,3S)-3-methyl-2-(methylamino)pentanoic acid",I,Backbone,PEPTIDE,H,OH,-,CC[C@H](C)[C@@H](C=O)N(C)C,,,5288628,Me-Ile-OH
86,Me_dI,N-methyl-D-isoleucine,,{nnr:0IS},"(2R,3R)-3-methyl-2-(methylamino)pentanoic acid",CC[C@@H](C)[C@@H](N(C)[*])C([*])=O |$;;;;;;;_R1;;_R2;$|,,"(2R,3R)-3-methyl-2-(methylamino)pentanoic acid",I,Backbone,PEPTIDE,H,OH,-,CC[C@@H](C)[C@H](C=O)N(C)C,,,40475367,Me-D-Ile-OH
87,(N->O)xiIle,N.D,NOX,{nnr:NOX},(2S)-2-hydroxy-3-methylpentanoic acid,CCC(C)[C@H](O[*])C([*])=O |$;;;;;;_R1;;_R2;$|,,(2S)-2-hydroxy-3-methylpentanoic acid,I,Backbone,PEPTIDE,H,OH,-,CCC(C)[C@@H](C=O)OC,,,9964099,N.D
88,d(N->O)aIle,D-alloisoleucic acid,DAL,{nnr:DAL},"(2R,3S)-2-hydroxy-3-methylpentanoic acid",CC[C@H](C)[C@@H](O[*])C([*])=O |$;;;;;;_R1;;_R2;$|,,"(2R,3S)-2-hydroxy-3-methylpentanoic acid",I,Backbone,PEPTIDE,H,OH,-,CC[C@H](C)[C@H](C=O)OC,,,10820562,N.D
89,K,Lysine,,K,"(2S)-2,6-diaminohexanoic acid",[*]N[C@@H](CCCCN[*])C([*])=O |$_R1;;;;;;;;_R3;;_R2;$|,,"(2S)-2,6-diaminohexanoic acid",K,Backbone,PEPTIDE,H,OH,H,CNCCCC[C@@H](C=O)NC,,,5962,H-Lys-OH
90,dK,D-lysine,,K{d},"(2R)-2,6-diaminohexanoic acid",[*]N[C@H](CCCCN[*])C([*])=O |$_R1;;;;;;;;_R3;;_R2;$|,,"(2R)-2,6-diaminohexanoic acid",K,Backbone,PEPTIDE,H,OH,H,CNCCCC[C@H](C=O)NC,,,57449,H-D-Lys-OH
91,meK,N-methyl-L-lysine,,{nnr:T8F},(2S)-6-amino-2-(methylamino)hexanoic acid,CN([*])[C@@H](CCCCN)C([*])=O |$;;_R1;;;;;;;;_R2;$|,,(2S)-6-amino-2-(methylamino)hexanoic acid,K,Backbone,PEPTIDE,H,OH,H,CN(C)[C@H](C=O)CCCCN,,,7010497,Me-Lys-OH
92,Me_dK,N-methyl-D-lysine,,{nnr:ZCV},(2R)-6-amino-2-(methylamino)hexanoic acid,CN([*])[C@H](CCCCN)C([*])=O |$;;_R1;;;;;;;;_R2;$|,,(2R)-6-amino-2-(methylamino)hexanoic acid,K,Backbone,PEPTIDE,H,OH,H,CN(C)[C@@H](C=O)CCCCN,,,25201204,Me-D-Lys-OH
93,Lys(Ac),N6-acetyl-L-lysine,,{nnr:KV7},(2S)-6-acetamido-2-aminohexanoic acid,CC(=O)NCCCC[C@H](N[*])C([*])=O |$;;;;;;;;;;_R1;;_R2;$|,,(2S)-6-acetamido-2-aminohexanoic acid,K,Backbone,PEPTIDE,H,OH,-,CN[C@H](C=O)CCCCNC(C)=O,,,92832,H-Lys(Ac)-OH
94,Lys(Cbz),N6-benzyloxycarbonyl-L-lysine,,{nnr:Z1F},(2S)-2-amino-6-(phenylmethoxycarbonylamino)hexanoic acid,[*]N[C@@H](CCCCNC(=O)OCc1ccccc1)C([*])=O |$_R1;;;;;;;;;;;;;;;;;;;_R2;$|,,(2S)-2-amino-6-(phenylmethoxycarbonylamino)hexanoic acid,K,Backbone,PEPTIDE,H,OH,-,CN[C@H](C=O)CCCCNC(=O)OCc1ccccc1,,,1715626,H-Lys(Cbz)-OH
95,Lys(iPr),N6-isopropyl-L-lysine,,{nnr:FB3},(2S)-2-amino-6-(propan-2-ylamino)hexanoic acid,CC(C)NCCCC[C@H](N[*])C([*])=O |$;;;;;;;;;;_R1;;_R2;$|,,(2S)-2-amino-6-(propan-2-ylamino)hexanoic acid,K,Backbone,PEPTIDE,H,OH,-,CN[C@H](C=O)CCCCNC(C)C,,,7010704,H-Lys(iPr)-OH
96,Lys(Me),N6-methyl-L-lysine,,{nnr:I4J},(2S)-2-amino-6-(methylamino)hexanoic acid,CNCCCC[C@H](N[*])C([*])=O |$;;;;;;;;_R1;;_R2;$|,,(2S)-2-amino-6-(methylamino)hexanoic acid,K,Backbone,PEPTIDE,H,OH,-,CNCCCC[C@@H](C=O)NC,,,164795,H-Lys(Me)-OH
97,Me_Lys(Me),N-methyl-N6-methyl-L-lysine,,{nnr:YSF},"(2S)-2,6-bis(methylamino)hexanoic acid",CNCCCC[C@H](N(C)[*])C([*])=O |$;;;;;;;;;_R1;;_R2;$|,,"(2S)-2,6-bis(methylamino)hexanoic acid",K,Backbone,PEPTIDE,H,OH,-,CNCCCC[C@@H](C=O)N(C)C,,,25201466,Me-Lys(Me)-OH
98,Lys(Me2),"N6,N6-dimethyl-L-lysine",,{nnr:24C},(2S)-2-amino-6-(dimethylamino)hexanoic acid,CN(C)CCCC[C@H](N[*])C([*])=O |$;;;;;;;;;_R1;;_R2;$|,,(2S)-2-amino-6-(dimethylamino)hexanoic acid,K,Backbone,PEPTIDE,H,OH,-,CN[C@H](C=O)CCCCN(C)C,,,193344,H-Lys(Me2)-OH
99,Lys(Tfa),N6-trifluoroacetyl-L-lysine,,{nnr:OPV},"(2S)-2-amino-6-[(2,2,2-trifluoroacetyl)amino]hexanoic acid",[*]N[C@@H](CCCCNC(=O)C(F)(F)F)C([*])=O |$_R1;;;;;;;;;;;;;;;_R2;$|,,"(2S)-2-amino-6-[(2,2,2-trifluoroacetyl)amino]hexanoic acid",K,Backbone,PEPTIDE,H,OH,-,CN[C@H](C=O)CCCCNC(=O)C(F)(F)F,,,7009573,H-Lys(Tfa)-OH
100,L,Leucine,,L,(2S)-2-amino-4-methylpentanoic acid,CC(C)C[C@H](N[*])C([*])=O |$;;;;;;_R1;;_R2;$|,,(2S)-2-amino-4-methylpentanoic acid,L,Backbone,PEPTIDE,H,OH,-,CN[C@H](C=O)CC(C)C,,,6106,H-Leu-OH
101,dL,D-leucine,,L{d},(2R)-2-amino-4-methylpentanoic acid,CC(C)C[C@@H](N[*])C([*])=O |$;;;;;;_R1;;_R2;$|,,(2R)-2-amino-4-methylpentanoic acid,L,Backbone,PEPTIDE,H,OH,-,CN[C@@H](C=O)CC(C)C,,,439524,H-D-Leu-OH
102,meL,N-methyl-L-leucine,,{nnr:9XD},(2S)-4-methyl-2-(methylamino)pentanoic acid,CC(C)C[C@H](N(C)[*])C([*])=O |$;;;;;;;_R1;;_R2;$|,,(2S)-4-methyl-2-(methylamino)pentanoic acid,L,Backbone,PEPTIDE,H,OH,-,CC(C)C[C@@H](C=O)N(C)C,,,2777993,Me-Leu-OH
103,Me_dL,N-methyl-D-leucine,,{nnr:19I},(2R)-4-methyl-2-(methylamino)pentanoic acid,CC(C)C[C@@H](N(C)[*])C([*])=O |$;;;;;;;_R1;;_R2;$|,,(2R)-4-methyl-2-(methylamino)pentanoic acid,L,Backbone,PEPTIDE,H,OH,-,CC(C)C[C@H](C=O)N(C)C,,,6951123,Me-D-Leu-OH
104,aMeLeu,2-methyl-L-leucine,,{nnr:J9M},"(2S)-2-amino-2,4-dimethylpentanoic acid",CC(C)C[C@](C)(N[*])C([*])=O |$;;;;;;;_R1;;_R2;$|,,"(2S)-2-amino-2,4-dimethylpentanoic acid",L,Backbone,PEPTIDE,H,OH,-,CN[C@](C)(C=O)CC(C)C,,,446181,H-aMeLeu-OH
105,dLeu(3R-OH),(3R)-3-hydroxy-D-leucine,,{nnr:ZEY},"(2R,3R)-2-amino-3-hydroxy-4-methylpentanoic acid",CC(C)[C@@H](O[*])[C@@H](N[*])C([*])=O |$;;;;;_R3;;;_R1;;_R2;$|,,"(2R,3R)-2-amino-3-hydroxy-4-methylpentanoic acid",L,Backbone,PEPTIDE,H,OH,H,CN[C@@H](C=O)[C@H](OC)C(C)C,,,10942590,H-D-Leu(3R-OH)-OH
106,(N->O)Leu,Leucic acid,LEU,{nnr:LEU},(2S)-2-hydroxy-4-methylpentanoic acid,CC(C)C[C@H](O[*])C([*])=O |$;;;;;;_R1;;_R2;$|,,(2S)-2-hydroxy-4-methylpentanoic acid,L,Backbone,PEPTIDE,H,OH,-,CO[C@H](C=O)CC(C)C,,,83697,N.D
107,d(N->O)Leu,D-leucic acid,LDU,{nnr:LDU},(2R)-2-hydroxy-4-methylpentanoic acid,CC(C)C[C@@H](O[*])C([*])=O |$;;;;;;_R1;;_R2;$|,,(2R)-2-hydroxy-4-methylpentanoic acid,L,Backbone,PEPTIDE,H,OH,-,CO[C@@H](C=O)CC(C)C,,,439960,N.D
108,M,Methionine,,M,(2S)-2-amino-4-methylsulfanylbutanoic acid,CSCC[C@H](N[*])C([*])=O |$;;;;;;_R1;;_R2;$|,,(2S)-2-amino-4-methylsulfanylbutanoic acid,M,Backbone,PEPTIDE,H,OH,-,CN[C@H](C=O)CCSC,,,6137,H-Met-OH
109,meM,N-methyl-L-methionine,,{nnr:ZUH},(2S)-2-(methylamino)-4-methylsulfanylbutanoic acid,CSCC[C@@H](C([*])=O)N(C)[*] |$;;;;;;_R2;;;;_R1$|,,(2S)-2-(methylamino)-4-methylsulfanylbutanoic acid,M,Backbone,PEPTIDE,H,OH,-,CSCC[C@@H](C=O)N(C)C,,,6451891,Me-Met-OH
110,Met(O2),Methionine sulfone,,{nnr:97J},(2S)-2-amino-4-methylsulfonylbutanoic acid,CS(=O)(=O)CC[C@H](N[*])C([*])=O |$;;;;;;;;_R1;;_R2;$|,,(2S)-2-amino-4-methylsulfonylbutanoic acid,M,Backbone,PEPTIDE,H,OH,-,CN[C@H](C=O)CCS(C)(=O)=O,,,445282,H-Met(O2)-OH
111,N,Asparagine,,N,"(2S)-2,4-diamino-4-oxobutanoic acid",NC(=O)C[C@H](N[*])C([*])=O |$;;;;;;_R1;;_R2;$|,,"(2S)-2,4-diamino-4-oxobutanoic acid",N,Backbone,PEPTIDE,H,OH,-,CN[C@H](C=O)CC(N)=O,,,6267,H-Asn-OH
112,dN,D-asparagine,,N{d},"(2R)-2,4-diamino-4-oxobutanoic acid",NC(=O)C[C@@H](N[*])C([*])=O |$;;;;;;_R1;;_R2;$|,,"(2R)-2,4-diamino-4-oxobutanoic acid",N,Backbone,PEPTIDE,H,OH,-,CN[C@@H](C=O)CC(N)=O,,,439600,H-D-Asn-OH
113,meN,N-methyl-L-asparagine,,{nnr:ZBJ},(2S)-4-amino-2-(methylamino)-4-oxobutanoic acid,CN([*])[C@@H](CC(N)=O)C([*])=O |$;;_R1;;;;;;;_R2;$|,,(2S)-4-amino-2-(methylamino)-4-oxobutanoic acid,N,Backbone,PEPTIDE,H,OH,-,CN(C)[C@H](C=O)CC(N)=O,,,13205024,Me-Asn-OH
114,dAsn(Me2),"N4,N4-dimethyl-D-asparagine",,{nnr:46N},(2R)-2-amino-4-(dimethylamino)-4-oxobutanoic acid,CN(C)C(=O)C[C@@H](N[*])C([*])=O |$;;;;;;;;_R1;;_R2;$|,,(2R)-2-amino-4-(dimethylamino)-4-oxobutanoic acid,N,Backbone,PEPTIDE,H,OH,-,CN[C@@H](C=O)CC(=O)N(C)C,,,101739211,H-D-Asn(Me2)-OH
115,Nal,3-(2-naphthyl)-L-alanine,2NA,{nnr:2NA},(2S)-2-amino-3-naphthalen-2-ylpropanoic acid,[*]N[C@@H](Cc1ccc2ccccc2c1)C([*])=O |$_R1;;;;;;;;;;;;;;;_R2;$|,,(2S)-2-amino-3-naphthalen-2-ylpropanoic acid,A,Backbone,PEPTIDE,H,OH,-,CN[C@H](C=O)Cc1ccc2ccccc2c1,,,185915,H-2Nal-OH
116,1-Nal,3-(1-naphthyl)-L-alanine,3NA,{nnr:3NA},(2S)-2-amino-3-naphthalen-1-ylpropanoic acid,[*]N[C@@H](Cc1cccc2ccccc12)C([*])=O |$_R1;;;;;;;;;;;;;;;_R2;$|,,(2S)-2-amino-3-naphthalen-1-ylpropanoic acid,A,Backbone,PEPTIDE,H,OH,-,CN[C@H](C=O)Cc1cccc2ccccc12,,,2724883,H-1Nal-OH
117,d1-Nal,3-(1-naphthyl)-D-alanine,DNA,{nnr:DNA},(2R)-2-amino-3-naphthalen-1-ylpropanoic acid,[*]N[C@H](Cc1cccc2ccccc12)C([*])=O |$_R1;;;;;;;;;;;;;;;_R2;$|,,(2R)-2-amino-3-naphthalen-1-ylpropanoic acid,A,Backbone,PEPTIDE,H,OH,-,CN[C@@H](C=O)Cc1cccc2ccccc12,,,6950505,H-D-1-Nal-OH
118,Nle,Norleucine,,{nnr:NLE},(2S)-2-aminohexanoic acid,CCCC[C@H](N[*])C([*])=O |$;;;;;;_R1;;_R2;$|,,(2S)-2-aminohexanoic acid,L,Backbone,PEPTIDE,H,OH,-,CCCC[C@@H](C=O)NC,,,21236,H-Nle-OH
119,Me_Nle,N-methyl-L-norleucine,MNL,{nnr:MNL},(2S)-2-(methylamino)hexanoic acid,CCCC[C@H](N(C)[*])C([*])=O |$;;;;;;;_R1;;_R2;$|,,(2S)-2-(methylamino)hexanoic acid,L,Backbone,PEPTIDE,H,OH,-,CCCC[C@@H](C=O)N(C)C,,,7010351,Me-Nle-OH
120,Me_dNle,N-methyl-D-norleucine,MDL,{nnr:MDL},(2R)-2-(methylamino)hexanoic acid,CCCC[C@H](C([*])=O)N(C)[*] |$;;;;;;_R2;;;;_R1$|,,(2R)-2-(methylamino)hexanoic acid,L,Backbone,PEPTIDE,H,OH,-,CCCC[C@H](C=O)N(C)C,,,15677253,Me-D-Nle-OH
121,Nle(CHF2),6-(difluoromethyl)-L-norleucine,FNL,{nnr:FNL},"(2S)-2-amino-7,7-difluoroheptanoic acid",[*]N[C@@H](CCCCC(F)F)C([*])=O |$_R1;;;;;;;;;;;_R2;$|,,"(2S)-2-amino-7,7-difluoroheptanoic acid",L,Backbone,PEPTIDE,H,OH,-,CN[C@H](C=O)CCCCC(F)F,,,102168895,H-Nle(CHF2)-OH
122,Nle(OH),6-hydroxy-L-norleucine,AA4,{nnr:LDO},(2S)-2-amino-6-hydroxyhexanoic acid,[*]N[C@@H](CCCCO)C([*])=O |$_R1;;;;;;;;;_R2;$|,,(2S)-2-amino-6-hydroxyhexanoic acid,L,Backbone,PEPTIDE,H,OH,-,CN[C@H](C=O)CCCCO,,,97725,H-Nle(OH)-OH
123,Nva,Norvaline,,{nnr:NVA},(2S)-2-aminopentanoic acid,CCC[C@H](N[*])C([*])=O |$;;;;;_R1;;_R2;$|,,(2S)-2-aminopentanoic acid,V,Backbone,PEPTIDE,H,OH,-,CCC[C@@H](C=O)NC,,,65098,H-Nva-OH
124,dNva,D-norvaline,,{nnr:DNV},(2R)-2-aminopentanoic acid,CCC[C@@H](N[*])C([*])=O |$;;;;;_R1;;_R2;$|,,(2R)-2-aminopentanoic acid,V,Backbone,PEPTIDE,H,OH,-,CCC[C@H](C=O)NC,,,439575,H-D-Nva-OH
125,Me_Nva,N-methyl-L-norvaline,NLV,{nnr:NLV},(2S)-2-(methylamino)pentanoic acid,CCC[C@H](N(C)[*])C([*])=O |$;;;;;;_R1;;_R2;$|,,(2S)-2-(methylamino)pentanoic acid,V,Backbone,PEPTIDE,H,OH,-,CCC[C@@H](C=O)N(C)C,,,7010353,Me-Nva-OH
126,Me_dNva,N-methyl-D-norvaline,NDV,{nnr:NDV},(2R)-2-(methylamino)pentanoic acid,CCC[C@@H](N(C)[*])C([*])=O |$;;;;;;_R1;;_R2;$|,,(2R)-2-(methylamino)pentanoic acid,V,Backbone,PEPTIDE,H,OH,-,CCC[C@H](C=O)N(C)C,,,15677248,Me-D-Nva-OH
127,Nva(Ph),5-phenyl-L-norvaline,N5V,{nnr:N5V},(2S)-2-amino-5-phenylpentanoic acid,[*]N[C@@H](CCCc1ccccc1)C([*])=O |$_R1;;;;;;;;;;;;;_R2;$|,,(2S)-2-amino-5-phenylpentanoic acid,V,Backbone,PEPTIDE,H,OH,-,CN[C@H](C=O)CCCc1ccccc1,,,2761813,H-Nva(Ph)-OH
128,Orn,Ornithine,ORN,K{ptm:ORN},"(2S)-2,5-diaminopentanoic acid",[*]N[C@@H](CCCN[*])C([*])=O |$_R1;;;;;;;_R3;;_R2;$|,,"(2S)-2,5-diaminopentanoic acid",K,Backbone,PEPTIDE,H,OH,H,CNCCC[C@@H](C=O)NC,,,6262,H-Orn-OH
129,P,Proline,,P,(2S)-pyrrolidine-2-carboxylic acid,[*]N1CCC[C@H]1C([*])=O |$_R1;;;;;;;_R2;$|,,(2S)-pyrrolidine-2-carboxylic acid,P,Backbone,PEPTIDE,H,OH,-,CN1CCC[C@H]1C=O,,,145742,H-Pro-OH
130,dP,D-proline,,P{d},(2R)-pyrrolidine-2-carboxylic acid,[*]N1CCC[C@@H]1C([*])=O |$_R1;;;;;;;_R2;$|,,(2R)-pyrrolidine-2-carboxylic acid,P,Backbone,PEPTIDE,H,OH,-,CN1CCC[C@@H]1C=O,,,8988,H-D-Pro-OH
131,3Pal,3-(3-pyridyl)-L-alanine,PY3,{nnr:0QU},(2S)-2-amino-3-pyridin-3-ylpropanoic acid,[*]N[C@@H](Cc1cccnc1)C([*])=O |$_R1;;;;;;;;;;;_R2;$|,,(2S)-2-amino-3-pyridin-3-ylpropanoic acid,A,Backbone,PEPTIDE,H,OH,-,CN[C@H](C=O)Cc1cccnc1,,,152953,H-3Pal-OH
132,4Pal,3-(4-pyridyl)-L-alanine,PY4,{nnr:PY4},(2S)-2-amino-3-pyridin-4-ylpropanoic acid,[*]N[C@@H](Cc1ccncc1)C([*])=O |$_R1;;;;;;;;;;;_R2;$|,,(2S)-2-amino-3-pyridin-4-ylpropanoic acid,A,Backbone,PEPTIDE,H,OH,-,CN[C@H](C=O)Cc1ccncc1,,,7009701,H-4Pal-OH
133,Phg,2-phenyl-L-glycine,,{nnr:Y2X},(2S)-2-amino-2-phenylacetic acid,[*]N[C@H](C([*])=O)c1ccccc1 |$_R1;;;;_R2;;;;;;;$|,,(2S)-2-amino-2-phenylacetic acid,G,Backbone,PEPTIDE,H,OH,-,CN[C@H](C=O)c1ccccc1,,,99291,H-Phg-OH
134,Pip,Pipecolic acid,PPC,{nnr:PPC},(2S)-piperidine-2-carboxylic acid,[*]N1CCCC[C@H]1C([*])=O |$_R1;;;;;;;;_R2;$|,,(2S)-piperidine-2-carboxylic acid,X,Backbone,PEPTIDE,H,OH,-,CN1CCCC[C@H]1C=O,,,439227,H-Pip-OH
135,dPip,D-pipecolic acid,DPC,{nnr:DPC},(2R)-piperidine-2-carboxylic acid,[*]N1CCCC[C@@H]1C([*])=O |$_R1;;;;;;;;_R2;$|,,(2R)-piperidine-2-carboxylic acid,X,Backbone,PEPTIDE,H,OH,-,CN1CCCC[C@@H]1C=O,,,736316,H-D-Pip-OH
136,Pye,"N,N-pyrrolidinyl glutamine",,{nnr:Z3I},(2S)-2-amino-5-oxo-5-pyrrolidin-1-ylpentanoic acid,[*]N[C@@H](CCC(=O)N1CCCC1)C([*])=O |$_R1;;;;;;;;;;;;;_R2;$|,,(2S)-2-amino-5-oxo-5-pyrrolidin-1-ylpentanoic acid,Q,Backbone,PEPTIDE,H,OH,-,CN[C@H](C=O)CCC(=O)N1CCCC1,,,67154375,N.D
137,dPye,"D-N,N-pyrrolidinyl glutamine",,{nnr:6TK},(2R)-2-amino-5-oxo-5-pyrrolidin-1-ylpentanoic acid,[*]N[C@H](CCC(=O)N1CCCC1)C([*])=O |$_R1;;;;;;;;;;;;;_R2;$|,,(2R)-2-amino-5-oxo-5-pyrrolidin-1-ylpentanoic acid,Q,Backbone,PEPTIDE,H,OH,-,CN[C@@H](C=O)CCC(=O)N1CCCC1,,,156188098,N.D
138,Q,Glutamine,,Q,"(2S)-2,5-diamino-5-oxopentanoic acid",NC(=O)CC[C@H](N[*])C([*])=O |$;;;;;;;_R1;;_R2;$|,,"(2S)-2,5-diamino-5-oxopentanoic acid",Q,Backbone,PEPTIDE,H,OH,-,CN[C@H](C=O)CCC(N)=O,,,5961,H-Gln-OH
139,meQ,N-methyl-L-glutamine,,{nnr:YWL},(2S)-5-amino-2-(methylamino)-5-oxopentanoic acid,CN([*])[C@@H](CCC(N)=O)C([*])=O |$;;_R1;;;;;;;;_R2;$|,,(2S)-5-amino-2-(methylamino)-5-oxopentanoic acid,Q,Backbone,PEPTIDE,H,OH,-,CN(C)[C@H](C=O)CCC(N)=O,,,160669,Me-Gln-OH
140,Gln(Me),N5-methyl-L-glutamine,,{nnr:1ZP},2-amino-5-(methylamino)-5-oxopentanoic acid,CNC(=O)CC[C@H](N[*])C([*])=O |$;;;;;;;;_R1;;_R2;$|,,2-amino-5-(methylamino)-5-oxopentanoic acid,Q,Backbone,PEPTIDE,H,OH,-,CNC(=O)CC[C@@H](C=O)NC,,,922,H-Gln(Me)-OH
141,Gln(Me2),"N5,N5-dimethyl-L-glutamine",,{nnr:WI3},(2S)-2-amino-5-(dimethylamino)-5-oxopentanoic acid,CN(C)C(=O)CC[C@H](N[*])C([*])=O |$;;;;;;;;;_R1;;_R2;$|,,(2S)-2-amino-5-(dimethylamino)-5-oxopentanoic acid,Q,Backbone,PEPTIDE,H,OH,-,CN[C@H](C=O)CCC(=O)N(C)C,,,12679610,H-Gln(Me2)-OH
142,dGln(Me2),"N5,N5-dimethyl-D-glutamine",,{nnr:WIS},(2R)-2-amino-5-(dimethylamino)-5-oxopentanoic acid,CN(C)C(=O)CC[C@@H](N[*])C([*])=O |$;;;;;;;;;_R1;;_R2;$|,,(2R)-2-amino-5-(dimethylamino)-5-oxopentanoic acid,Q,Backbone,PEPTIDE,H,OH,-,CN[C@@H](C=O)CCC(=O)N(C)C,,,N.D,H-D-Gln(Me2)-OH
143,Gln(Mes),N5-mesyl-L-glutamine,,{nnr:JV7},(2S)-2-amino-5-(methanesulfonamido)-5-oxopentanoic acid,CS(=O)(=O)NC(=O)CC[C@H](N[*])C([*])=O |$;;;;;;;;;;;_R1;;_R2;$|,,(2S)-2-amino-5-(methanesulfonamido)-5-oxopentanoic acid,Q,Backbone,PEPTIDE,H,OH,-,CN[C@H](C=O)CCC(=O)NS(C)(=O)=O,,,9964556,H-Gln(Mes)-OH
144,R,Arginine,,R,(2S)-2-amino-5-(diaminomethylideneamino)pentanoic acid,NC(=N)NCCC[C@H](N[*])C([*])=O |$;;;;;;;;;_R1;;_R2;$|,,(2S)-2-amino-5-(diaminomethylideneamino)pentanoic acid,R,Backbone,PEPTIDE,H,OH,-,CN[C@H](C=O)CCCNC(=N)N,,,6322,H-Arg-OH
145,dR,D-arginine,,R{d},(2R)-2-amino-5-(diaminomethylideneamino)pentanoic acid,NC(=N)NCCC[C@@H](N[*])C([*])=O |$;;;;;;;;;_R1;;_R2;$|,,(2R)-2-amino-5-(diaminomethylideneamino)pentanoic acid,R,Backbone,PEPTIDE,H,OH,-,CN[C@@H](C=O)CCCNC(=N)N,,,71070,H-D-Arg-OH
146,"Arg(Me,Me)","N3,N4-dimethylarginine",,{nnr:4A4},"(2S)-2-amino-5-[(N,N'-dimethylcarbamimidoyl)amino]pentanoic acid",C/N=C(\NC)NCCC[C@H](N[*])C([*])=O |$;;;;;;;;;;;_R1;;_R2;$|,,"(2S)-2-amino-5-[(N,N'-dimethylcarbamimidoyl)amino]pentanoic acid",R,Backbone,PEPTIDE,H,OH,-,C/N=C(\NC)NCCC[C@@H](C=O)NC,,,169148,"H-Arg(Me,Me)-OH"
147,S,Serine,,S,(2S)-2-amino-3-hydroxypropanoic acid,OC[C@H](N[*])C([*])=O |$;;;;_R1;;_R2;$|,,(2S)-2-amino-3-hydroxypropanoic acid,S,Backbone,PEPTIDE,H,OH,-,CN[C@H](C=O)CO,,,5951,H-Ser-OH
148,dS,D-serine,,S{d},(2R)-2-amino-3-hydroxypropanoic acid,OC[C@@H](N[*])C([*])=O |$;;;;_R1;;_R2;$|,,(2R)-2-amino-3-hydroxypropanoic acid,S,Backbone,PEPTIDE,H,OH,-,CN[C@@H](C=O)CO,,,71077,H-D-Ser-OH
149,meS,N-methyl-L-serine,,{nnr:FRN},(2S)-3-hydroxy-2-(methylamino)propanoic acid,CN([*])[C@@H](CO)C([*])=O |$;;_R1;;;;;_R2;$|,,(2S)-3-hydroxy-2-(methylamino)propanoic acid,S,Backbone,PEPTIDE,H,OH,-,CN(C)[C@H](C=O)CO,,,7009640,Me-Ser-OH
150,Ser(Ac),O-acetyl-L-serine,,{nnr:70F},(2S)-3-acetyloxy-2-aminopropanoic acid,CC(=O)OC[C@H](N[*])C([*])=O |$;;;;;;;_R1;;_R2;$|,,(2S)-3-acetyloxy-2-aminopropanoic acid,S,Backbone,PEPTIDE,H,OH,-,CN[C@H](C=O)COC(C)=O,,,99478,H-Ser(Ac)-OH
151,Ser(Bn),O-benzyl-L-serine,,{nnr:5E1},(2S)-2-amino-3-phenylmethoxypropanoic acid,[*]N[C@@H](COCc1ccccc1)C([*])=O |$_R1;;;;;;;;;;;;;_R2;$|,,(2S)-2-amino-3-phenylmethoxypropanoic acid,S,Backbone,PEPTIDE,H,OH,-,CN[C@H](C=O)COCc1ccccc1,,,78457,H-Ser(Bn)-OH
152,Ser(EtNMe2),O-(2-dimethylaminoethyl)-L-serine,,{nnr:1F9},(2S)-2-amino-3-[2-(dimethylamino)ethoxy]propanoic acid,CN(C)CCOC[C@H](N[*])C([*])=O |$;;;;;;;;;_R1;;_R2;$|,,(2S)-2-amino-3-[2-(dimethylamino)ethoxy]propanoic acid,S,Backbone,PEPTIDE,H,OH,-,CN[C@H](C=O)COCCN(C)C,,,146517980,H-Ser(EtNMe2)-OH
153,Ser(EtOH),O-(2-hydroxyethyl)-L-serine,,{nnr:E54},(2S)-2-amino-3-(2-hydroxyethoxy)propanoic acid,[*]N[C@@H](COCCO)C([*])=O |$_R1;;;;;;;;;_R2;$|,,(2S)-2-amino-3-(2-hydroxyethoxy)propanoic acid,S,Backbone,PEPTIDE,H,OH,-,CN[C@H](C=O)COCCO,,,12982259,H-Ser(EtOH)-OH
154,Ser(isoamyl),O-(3-methylbutyl)-L-serine,,{nnr:Q5I},(2S)-2-amino-3-(3-methylbutoxy)propanoic acid,CC(C)CCOC[C@H](N[*])C([*])=O |$;;;;;;;;;_R1;;_R2;$|,,(2S)-2-amino-3-(3-methylbutoxy)propanoic acid,S,Backbone,PEPTIDE,H,OH,-,CN[C@H](C=O)COCCC(C)C,,,139681666,H-Ser(isoamyl)-OH
155,Ser(Me),O-methyl-L-serine,,{nnr:DPI},(2S)-2-amino-3-methoxypropanoic acid,COC[C@H](N[*])C([*])=O |$;;;;;_R1;;_R2;$|,,(2S)-2-amino-3-methoxypropanoic acid,S,Backbone,PEPTIDE,H,OH,-,CN[C@H](C=O)COC,,,88250,H-Ser(Me)-OH
156,dSer(Me),O-methyl-D-serine,,{nnr:G22},(2R)-2-amino-3-methoxypropanoic acid,COC[C@@H](N[*])C([*])=O |$;;;;;_R1;;_R2;$|,,(2R)-2-amino-3-methoxypropanoic acid,S,Backbone,PEPTIDE,H,OH,-,CN[C@@H](C=O)COC,,,88251,H-D-Ser(Me)-OH
157,Ser(Ph(2-Cl)),O-(2-chlorophenyl)-L-serine,,{nnr:7WS},(2S)-2-amino-3-(2-chlorophenoxy)propanoic acid,[*]N[C@@H](COc1ccccc1Cl)C([*])=O |$_R1;;;;;;;;;;;;;_R2;$|,,(2S)-2-amino-3-(2-chlorophenoxy)propanoic acid,S,Backbone,PEPTIDE,H,OH,-,CN[C@H](C=O)COc1ccccc1Cl,,,142490742,H-Ser(Ph(2-Cl))-OH
158,Ser(Ph(3-Cl)),O-(3-chlorophenyl)-L-serine,,{nnr:Z1Q},(2S)-2-amino-3-(3-chlorophenoxy)propanoic acid,[*]N[C@@H](COc1cccc(Cl)c1)C([*])=O |$_R1;;;;;;;;;;;;;_R2;$|,,(2S)-2-amino-3-(3-chlorophenoxy)propanoic acid,S,Backbone,PEPTIDE,H,OH,-,CN[C@H](C=O)COc1cccc(Cl)c1,,,57134621,H-Ser(Ph(3-Cl))-OH
159,Ser(Pr),O-propyl-L-serine,,{nnr:TX8},(2S)-2-amino-3-propoxypropanoic acid,CCCOC[C@H](N[*])C([*])=O |$;;;;;;;_R1;;_R2;$|,,(2S)-2-amino-3-propoxypropanoic acid,S,Backbone,PEPTIDE,H,OH,-,CCCOC[C@@H](C=O)NC,,,54515073,H-Ser(Pr)-OH
160,Ser(tBu),O-tert-butyl-L-serine,,{nnr:V4G},(2S)-2-amino-3-[(2-methylpropan-2-yl)oxy]propanoic acid,CC(C)(C)OC[C@H](N[*])C([*])=O |$;;;;;;;;_R1;;_R2;$|,,(2S)-2-amino-3-[(2-methylpropan-2-yl)oxy]propanoic acid,S,Backbone,PEPTIDE,H,OH,-,CN[C@H](C=O)COC(C)(C)C,,,7004940,H-Ser(tBu)-OH
161,Me_Ser(isoamyl),N-methyl-O-(3-methylbutyl)-L-serine,,{nnr:2O9},(2S)-2-(methylamino)-3-(3-methylbutoxy)propanoic acid,CC(C)CCOC[C@@H](C([*])=O)N(C)[*] |$;;;;;;;;;_R2;;;;_R1$|,,(2S)-2-(methylamino)-3-(3-methylbutoxy)propanoic acid,S,Backbone,PEPTIDE,H,OH,-,CC(C)CCOC[C@@H](C=O)N(C)C,,,142490909,Me-Ser(isoamyl)-OH
162,Me_Ser(Pr),N-methyl-O-propyl-L-serine,,{nnr:C7F},(2S)-2-(methylamino)-3-propoxypropanoic acid,CCCOC[C@@H](C([*])=O)N(C)[*] |$;;;;;;;_R2;;;;_R1$|,,(2S)-2-(methylamino)-3-propoxypropanoic acid,S,Backbone,PEPTIDE,H,OH,-,CCCOC[C@@H](C=O)N(C)C,,,142490785,Me-Ser(Pr)-OH
163,Sar,Sarcosine,,{nnr:0OZ},2-(methylamino)acetic acid,CN([*])CC([*])=O |$;;_R1;;;_R2;$|,,2-(methylamino)acetic acid,G,Backbone,PEPTIDE,H,OH,-,CN(C)CC=O,,,1088,H-Sar-OH
164,Sta,Statine,STA,{nnr:STA},"(3S,4S)-4-amino-3-hydroxy-6-methylheptanoic acid",CC(C)C[C@H](N[*])[C@@H](O)CC([*])=O |$;;;;;;_R1;;;;;_R2;$|,,"(3S,4S)-4-amino-3-hydroxy-6-methylheptanoic acid",X,Backbone,PEPTIDE,H,OH,-,CN[C@@H](CC(C)C)[C@@H](O)CC=O,,,123915,H-Sta-OH
165,"Sta(3R,4R)",N.D,SRR,{nnr:SRR},"(3R,4R)-4-amino-3-hydroxy-6-methylheptanoic acid",CC(C)C[C@@H](N[*])[C@H](O)CC([*])=O |$;;;;;;_R1;;;;;_R2;$|,,"(3R,4R)-4-amino-3-hydroxy-6-methylheptanoic acid",X,Backbone,PEPTIDE,H,OH,-,CN[C@H](CC(C)C)[C@H](O)CC=O,,,10910087,"H-Sta(3R,4R)-OH"
166,T,Threonine,,T,"(2S,3R)-2-amino-3-hydroxybutanoic acid",C[C@@H](O[*])[C@H](N[*])C([*])=O |$;;;_R3;;;_R1;;_R2;$|,,"(2S,3R)-2-amino-3-hydroxybutanoic acid",T,Backbone,PEPTIDE,H,OH,H,CN[C@H](C=O)[C@@H](C)OC,,,6288,H-Thr-OH
167,dT,D-threonine,,T{d},"(2R,3S)-2-amino-3-hydroxybutanoic acid",C[C@H](O)[C@@H](N[*])C([*])=O |$;;;;;_R1;;_R2;$|,,"(2R,3S)-2-amino-3-hydroxybutanoic acid",T,Backbone,PEPTIDE,H,OH,-,CN[C@@H](C=O)[C@H](C)O,,,69435,H-D-Thr-OH
168,meT,N-methyl-L-threonine,,{nnr:2MF},"(2S,3R)-3-hydroxy-2-(methylamino)butanoic acid",C[C@@H](O)[C@H](N(C)[*])C([*])=O |$;;;;;;_R1;;_R2;$|,,"(2S,3R)-3-hydroxy-2-(methylamino)butanoic acid",T,Backbone,PEPTIDE,H,OH,-,C[C@@H](O)[C@@H](C=O)N(C)C,,,7010355,Me-Thr-OH
169,Me_Bmt(E),N-methyl-(4R)-4-[(E)-but-2-enyl]-4-methyl-L-threonine,MBM,{nnr:MBM},"(E,2S,3R,4R)-3-hydroxy-4-methyl-2-(methylamino)oct-6-enoic acid",C/C=C/C[C@@H](C)[C@@H](O[*])[C@@H](C([*])=O)N(C)[*] |$;;;;;;;;_R3;;;_R2;;;;_R1$|,,"(E,2S,3R,4R)-3-hydroxy-4-methyl-2-(methylamino)oct-6-enoic acid",T,Backbone,PEPTIDE,H,OH,H,C/C=C/C[C@@H](C)[C@@H](OC)[C@@H](C=O)N(C)C,,,11769539,Me-Bmt(E)-OH
170,Tle,2-tert-butyl-L-glycine,,{nnr:YPX},"(2S)-2-amino-3,3-dimethylbutanoic acid",CC(C)(C)[C@H](N[*])C([*])=O |$;;;;;;_R1;;_R2;$|,,"(2S)-2-amino-3,3-dimethylbutanoic acid",G,Backbone,PEPTIDE,H,OH,-,CN[C@H](C=O)C(C)(C)C,,,164608,H-Gly(tBu)-OH
171,Tza,Thiazolylalanine,TZA,{nnr:TZA},"(2S)-2-amino-3-(1,3-thiazol-4-yl)propanoic acid",[*]N[C@@H](Cc1cscn1)C([*])=O |$_R1;;;;;;;;;;_R2;$|,,"(2S)-2-amino-3-(1,3-thiazol-4-yl)propanoic acid",A,Backbone,PEPTIDE,H,OH,-,CN[C@H](C=O)Cc1cscn1,,,2761495,H-Tza-OH
172,Me_Tza,N-methyl-L-thiazolylalanine,MTZ,{nnr:MTZ},"(2S)-2-(methylamino)-3-(1,3-thiazol-4-yl)propanoic acid",CN([*])[C@@H](Cc1cscn1)C([*])=O |$;;_R1;;;;;;;;;_R2;$|,,"(2S)-2-(methylamino)-3-(1,3-thiazol-4-yl)propanoic acid",A,Backbone,PEPTIDE,H,OH,-,CN(C)[C@H](C=O)Cc1cscn1,,,54308736,Me-Tza-OH
173,V,Valine,,V,(2S)-2-amino-3-methylbutanoic acid,CC(C)[C@H](N[*])C([*])=O |$;;;;;_R1;;_R2;$|,,(2S)-2-amino-3-methylbutanoic acid,V,Backbone,PEPTIDE,H,OH,-,CN[C@H](C=O)C(C)C,,,6287,H-Val-OH
174,dV,D-valine,,V{d},(2R)-2-amino-3-methylbutanoic acid,CC(C)[C@@H](N[*])C([*])=O |$;;;;;_R1;;_R2;$|,,(2R)-2-amino-3-methylbutanoic acid,V,Backbone,PEPTIDE,H,OH,-,CN[C@@H](C=O)C(C)C,,,71563,H-D-Val-OH
175,meV,N-methyl-L-valine,,{nnr:0Q3},(2S)-3-methyl-2-(methylamino)butanoic acid,CC(C)[C@H](N(C)[*])C([*])=O |$;;;;;;_R1;;_R2;$|,,(2S)-3-methyl-2-(methylamino)butanoic acid,V,Backbone,PEPTIDE,H,OH,-,CC(C)[C@@H](C=O)N(C)C,,,444080,Me-Val-OH
176,Me_dV,N-methyl-D-valine,,{nnr:Z11},(2R)-3-methyl-2-(methylamino)butanoic acid,CC(C)[C@@H](N(C)[*])C([*])=O |$;;;;;;_R1;;_R2;$|,,(2R)-3-methyl-2-(methylamino)butanoic acid,V,Backbone,PEPTIDE,H,OH,-,CC(C)[C@H](C=O)N(C)C,,,6951143,Me-D-Val-OH
177,(N->O)Val,N.D,NOV,{nnr:NOV},(2S)-2-hydroxy-3-methylbutanoic acid,CC(C)[C@H](O[*])C([*])=O |$;;;;;_R1;;_R2;$|,,(2S)-2-hydroxy-3-methylbutanoic acid,V,Backbone,PEPTIDE,H,OH,-,CO[C@H](C=O)C(C)C,,,853180,N.D
178,d(N->O)Val,N.D,DOV,{nnr:DOV},(2R)-2-hydroxy-3-methylbutanoic acid,CC(C)[C@@H](O[*])C([*])=O |$;;;;;_R1;;_R2;$|,,(2R)-2-hydroxy-3-methylbutanoic acid,V,Backbone,PEPTIDE,H,OH,-,CO[C@@H](C=O)C(C)C,,,5289545,N.D
179,(N->O)Val(3-OH),N.D,NOH,{nnr:NOH},"(2S)-2,3-dihydroxy-3-methylbutanoic acid",CC(C)(O)[C@H](O[*])C([*])=O |$;;;;;;_R1;;_R2;$|,,"(2S)-2,3-dihydroxy-3-methylbutanoic acid",V,Backbone,PEPTIDE,H,OH,-,CO[C@H](C=O)C(C)(C)O,,,53973411,N.D
180,W,Tryptophan,,W,(2S)-2-amino-3-(1H-indol-3-yl)propanoic acid,[*]N[C@@H](Cc1c[nH]c2ccccc12)C([*])=O |$_R1;;;;;;;;;;;;;;_R2;$|,,(2S)-2-amino-3-(1H-indol-3-yl)propanoic acid,W,Backbone,PEPTIDE,H,OH,-,CN[C@H](C=O)Cc1c[nH]c2ccccc12,,,6305,H-Trp-OH
181,meW,N-methyl-L-tryptophan,,{nnr:Q2W},(2S)-3-(1H-indol-3-yl)-2-(methylamino)propanoic acid,CN([*])[C@@H](Cc1c[nH]c2ccccc12)C([*])=O |$;;_R1;;;;;;;;;;;;;_R2;$|,,(2S)-3-(1H-indol-3-yl)-2-(methylamino)propanoic acid,W,Backbone,PEPTIDE,H,OH,-,CN(C)[C@H](C=O)Cc1c[nH]c2ccccc12,,,160511,Me-Trp-OH
182,Me_dW,N-methyl-D-tryptophan,,{nnr:7RK},(2R)-3-(1H-indol-3-yl)-2-(methylamino)propanoic acid,CN([*])[C@H](Cc1c[nH]c2ccccc12)C([*])=O |$;;_R1;;;;;;;;;;;;;_R2;$|,,(2R)-3-(1H-indol-3-yl)-2-(methylamino)propanoic acid,W,Backbone,PEPTIDE,H,OH,-,CN(C)[C@@H](C=O)Cc1c[nH]c2ccccc12,,,688254,Me-D-Trp-OH
183,Trp(5-Br),5-bromo-L-tryptophan,,{nnr:0E8},(2S)-2-amino-3-(5-bromo-1H-indol-3-yl)propanoic acid,[*]N[C@@H](Cc1c[nH]c2ccc(Br)cc12)C([*])=O |$_R1;;;;;;;;;;;;;;;_R2;$|,,(2S)-2-amino-3-(5-bromo-1H-indol-3-yl)propanoic acid,W,Backbone,PEPTIDE,H,OH,-,CN[C@H](C=O)Cc1c[nH]c2ccc(Br)cc12,,,644329,H-Trp(5-Br)-OH
184,Trp(6-Br),6-bromo-L-tryptophan,,{nnr:1HY},(2S)-2-amino-3-(6-bromo-1H-indol-3-yl)propanoic acid,[*]N[C@@H](Cc1c[nH]c2cc(Br)ccc12)C([*])=O |$_R1;;;;;;;;;;;;;;;_R2;$|,,(2S)-2-amino-3-(6-bromo-1H-indol-3-yl)propanoic acid,W,Backbone,PEPTIDE,H,OH,-,CN[C@H](C=O)Cc1c[nH]c2cc(Br)ccc12,,,9856996,H-Trp(6-Br)-OH
185,Trp(7-Br),7-bromo-L-tryptophan,,{nnr:OT3},(2S)-2-amino-3-(7-bromo-1H-indol-3-yl)propanoic acid,[*]N[C@@H](Cc1c[nH]c2c(Br)cccc12)C([*])=O |$_R1;;;;;;;;;;;;;;;_R2;$|,,(2S)-2-amino-3-(7-bromo-1H-indol-3-yl)propanoic acid,W,Backbone,PEPTIDE,H,OH,-,CN[C@H](C=O)Cc1c[nH]c2c(Br)cccc12,,,11737641,H-Trp(7-Br)-OH
186,Y,Tyrosine,,Y,(2S)-2-amino-3-(4-hydroxyphenyl)propanoic acid,Oc1ccc(C[C@H](N[*])C([*])=O)cc1 |$;;;;;;;;_R1;;_R2;;;$|,,(2S)-2-amino-3-(4-hydroxyphenyl)propanoic acid,Y,Backbone,PEPTIDE,H,OH,-,CN[C@H](C=O)Cc1ccc(O)cc1,,,6057,H-Tyr-OH
187,dY,D-tyrosine,,Y{d},(2R)-2-amino-3-(4-hydroxyphenyl)propanoic acid,Oc1ccc(C[C@@H](N[*])C([*])=O)cc1 |$;;;;;;;;_R1;;_R2;;;$|,,(2R)-2-amino-3-(4-hydroxyphenyl)propanoic acid,Y,Backbone,PEPTIDE,H,OH,-,CN[C@@H](C=O)Cc1ccc(O)cc1,,,71098,H-D-Tyr-OH
188,meY,N-methyl-L-tyrosine,,{nnr:PLN},(2S)-3-(4-hydroxyphenyl)-2-(methylamino)propanoic acid,CN([*])[C@@H](Cc1ccc(O)cc1)C([*])=O |$;;_R1;;;;;;;;;;;_R2;$|,,(2S)-3-(4-hydroxyphenyl)-2-(methylamino)propanoic acid,Y,Backbone,PEPTIDE,H,OH,-,CN(C)[C@H](C=O)Cc1ccc(O)cc1,,,68309,Me-Tyr-OH
189,Me_dY,N-methyl-D-tyrosine,,{nnr:8SI},(2R)-3-(4-hydroxyphenyl)-2-(methylamino)propanoic acid,CN([*])[C@H](Cc1ccc(O)cc1)C([*])=O |$;;_R1;;;;;;;;;;;_R2;$|,,(2R)-3-(4-hydroxyphenyl)-2-(methylamino)propanoic acid,Y,Backbone,PEPTIDE,H,OH,-,CN(C)[C@@H](C=O)Cc1ccc(O)cc1,,,7010357,Me-D-Tyr-OH
190,Tyr(3-F),3-fluoro-L-tyrosine,,{nnr:ZC8},(2S)-2-amino-3-(3-fluoro-4-hydroxyphenyl)propanoic acid,[*]N[C@@H](Cc1ccc(O)c(F)c1)C([*])=O |$_R1;;;;;;;;;;;;;_R2;$|,,(2S)-2-amino-3-(3-fluoro-4-hydroxyphenyl)propanoic acid,Y,Backbone,PEPTIDE,H,OH,-,CN[C@H](C=O)Cc1ccc(O)c(F)c1,,,643330,H-Tyr(3-F)-OH
191,Tyr(CHF2),O4-(difluoromethyl)-L-tyrosine,,{nnr:WVO},(2S)-2-amino-3-[4-(difluoromethoxy)phenyl]propanoic acid,[*]N[C@@H](Cc1ccc(OC(F)F)cc1)C([*])=O |$_R1;;;;;;;;;;;;;;;_R2;$|,,(2S)-2-amino-3-[4-(difluoromethoxy)phenyl]propanoic acid,Y,Backbone,PEPTIDE,H,OH,-,CN[C@H](C=O)Cc1ccc(OC(F)F)cc1,,,2341916,H-Tyr(CHF2)-OH
192,Tyr(Me),O-methyl-L-tyrosine,,{nnr:JES},(2S)-2-amino-3-(4-methoxyphenyl)propanoic acid,COc1ccc(C[C@H](N[*])C([*])=O)cc1 |$;;;;;;;;;_R1;;_R2;;;$|,,(2S)-2-amino-3-(4-methoxyphenyl)propanoic acid,Y,Backbone,PEPTIDE,H,OH,-,CN[C@H](C=O)Cc1ccc(OC)cc1,,,2723935,H-Tyr(Me)-OH
193,Me_Tyr(Me),N-methyl-O4-methyl-L-tyrosine,,{nnr:OMQ},(2S)-3-(4-methoxyphenyl)-2-(methylamino)propanoic acid,COc1ccc(C[C@H](N(C)[*])C([*])=O)cc1 |$;;;;;;;;;;_R1;;_R2;;;$|,,(2S)-3-(4-methoxyphenyl)-2-(methylamino)propanoic acid,Y,Backbone,PEPTIDE,H,OH,-,COc1ccc(C[C@@H](C=O)N(C)C)cc1,,,7010618,Me-Tyr(Me)-OH
194,dTyr(bR-OMe),(betaR)-beta-methoxy-D-tyrosine,MDT,{nnr:MDT},"(2R,3R)-2-amino-3-(4-hydroxyphenyl)-3-methoxypropanoic acid",CO[C@H](c1ccc(O)cc1)[C@@H](N[*])C([*])=O |$;;;;;;;;;;;;_R1;;_R2;$|,,"(2R,3R)-2-amino-3-(4-hydroxyphenyl)-3-methoxypropanoic acid",Y,Backbone,PEPTIDE,H,OH,-,CN[C@@H](C=O)[C@H](OC)c1ccc(O)cc1,,,90821363,H-D-Tyr(bR-OMe)-OH
195,(N->O)Tyr,N.D,NOT,{nnr:NTO},(2S)-2-hydroxy-3-(4-hydroxyphenyl)propanoic acid,[*]O[C@@H](Cc1ccc(O)cc1)C([*])=O |$_R1;;;;;;;;;;;;_R2;$|,,(2S)-2-hydroxy-3-(4-hydroxyphenyl)propanoic acid,Y,Backbone,PEPTIDE,H,OH,-,CO[C@H](C=O)Cc1ccc(O)cc1,,,9920545,N.D
196,Mono1,N-piperonyl glycine,M01,{nnr:M01},"2-(1,3-benzodioxol-5-ylmethylamino)acetic acid",[*]N(CC([*])=O)Cc1ccc2OCOc2c1 |$_R1;;;;_R2;;;;;;;;;;;$|,,"2-(1,3-benzodioxol-5-ylmethylamino)acetic acid",G,Backbone,PEPTIDE,H,OH,-,CN(CC=O)Cc1ccc2c(c1)OCO2,,,19437364,N.D
197,Mono2,3beta-methyl-L-proline,M02,{nnr:M02},"(2S,3S)-3-methylpyrrolidine-2-carboxylic acid",C[C@H]1CCN([*])[C@@H]1C([*])=O |$;;;;;_R1;;;_R2;$|,,"(2S,3S)-3-methylpyrrolidine-2-carboxylic acid",P,Backbone,PEPTIDE,H,OH,-,C[C@H]1CCN(C)[C@@H]1C=O,,,2724879,N.D
198,Mono3,N.D,M03,{nnr:M03},(2S)-2-(methylamino)-4-piperidin-1-ylbutanoic acid,CN([*])[C@@H](CCN1CCCCC1)C([*])=O |$;;_R1;;;;;;;;;;;_R2;$|,,(2S)-2-(methylamino)-4-piperidin-1-ylbutanoic acid,X,Backbone,PEPTIDE,H,OH,-,CN(C)[C@H](C=O)CCN1CCCCC1,,,N.D,N.D
199,Mono4,N.D,M04,{nnr:M04},(2S)-2-(methylamino)-4-oxo-4-piperidin-1-ylbutanoic acid,CN([*])[C@@H](CC(=O)N1CCCCC1)C([*])=O |$;;_R1;;;;;;;;;;;;_R2;$|,,(2S)-2-(methylamino)-4-oxo-4-piperidin-1-ylbutanoic acid,N,Backbone,PEPTIDE,H,OH,-,CN(C)[C@H](C=O)CC(=O)N1CCCCC1,,,N.D,N.D
200,Mono5,N.D,M05,{nnr:M05},(2S)-2-(methylamino)-4-morpholin-4-yl-4-oxobutanoic acid,CN([*])[C@@H](CC(=O)N1CCOCC1)C([*])=O |$;;_R1;;;;;;;;;;;;_R2;$|,,(2S)-2-(methylamino)-4-morpholin-4-yl-4-oxobutanoic acid,N,Backbone,PEPTIDE,H,OH,-,CN(C)[C@H](C=O)CC(=O)N1CCOCC1,,,N.D,N.D
201,Mono6,N.D,M06,{nnr:M06},4-(methylamino)butanoic acid,CN([*])CCCC([*])=O |$;;_R1;;;;;_R2;$|,,4-(methylamino)butanoic acid,X,Backbone,PEPTIDE,H,OH,-,CN(C)CCCC=O,,,70703,N.D
202,Bal(3-Me),L-3-aminobutyric acid,L3B,{nnr:L3B},(3S)-3-aminobutanoic acid,C[C@@H](CC([*])=O)N[*] |$;;;;_R2;;;_R1$|,,(3S)-3-aminobutanoic acid,A,Backbone,PEPTIDE,H,OH,-,CN[C@@H](C)CC=O,,,2761506,H-bAla(3S-Me)-OH
203,Bal(d3-CF3),(3R)-3-(trifluoromethyl)-beta-alanine,BA3,{nnr:BA3},"(3S)-3-amino-4,4,4-trifluorobutanoic acid",[*]N[C@@H](CC([*])=O)C(F)(F)F |$_R1;;;;;_R2;;;;;$|,,"(3S)-3-amino-4,4,4-trifluorobutanoic acid",A,Backbone,PEPTIDE,H,OH,-,CN[C@@H](CC=O)C(F)(F)F,,,1549686,H-bAla(3R-CF3)-OH
204,Mono9,N.D,M09,{nnr:M09},4-[4-[(2S)-2-amino-2-carboxyethyl]phenyl]pent-4-enoic acid,C=C(CCC([*])=O)c1ccc(C[C@H](N[*])C([*])=O)cc1 |$;;;;;_R3;;;;;;;;;_R1;;_R2;;;$|,,4-[4-[(2S)-2-amino-2-carboxyethyl]phenyl]pent-4-enoic acid,F,Backbone,PEPTIDE,H,OH,OH,C=C(CCC=O)c1ccc(C[C@@H](C=O)NC)cc1,,,122466734,N.D
205,Mono10,N.D,M010,{nnr:M10},4-[3-[(2S)-2-amino-2-carboxyethyl]phenyl]pent-4-enoic acid,C=C(CCC([*])=O)c1cccc(C[C@H](N[*])C([*])=O)c1 |$;;;;;_R3;;;;;;;;;;_R1;;_R2;;$|,,4-[3-[(2S)-2-amino-2-carboxyethyl]phenyl]pent-4-enoic acid,F,Backbone,PEPTIDE,H,OH,OH,C=C(CCC=O)c1cccc(C[C@@H](C=O)NC)c1,,,122466733,N.D
206,Mono11,N.D,M011,{nnr:M11},6-[4-[(2S)-2-amino-2-carboxyethyl]phenyl]hexanoic acid,[*]N[C@@H](Cc1ccc(CCCCCC([*])=O)cc1)C([*])=O |$_R1;;;;;;;;;;;;;;_R3;;;;;_R2;$|,,6-[4-[(2S)-2-amino-2-carboxyethyl]phenyl]hexanoic acid,F,Backbone,PEPTIDE,H,OH,OH,CN[C@H](C=O)Cc1ccc(CCCCCC=O)cc1,,,122466735,N.D
207,Mono12,N.D,M012,{nnr:M12},5-[3-[(2S)-2-amino-2-carboxyethyl]phenyl]pentanoic acid,[*]N[C@@H](Cc1cccc(CCCCC([*])=O)c1)C([*])=O |$_R1;;;;;;;;;;;;;;_R3;;;;_R2;$|,,5-[3-[(2S)-2-amino-2-carboxyethyl]phenyl]pentanoic acid,F,Backbone,PEPTIDE,H,OH,OH,CN[C@H](C=O)Cc1cccc(CCCCC=O)c1,,,122466736,N.D
208,Mono13,N.D,M013,{nnr:M13},"(2S)-1-[(2S,3S)-3-amino-1-(tert-butylamino)-1-oxobutan-2-yl]pyrrolidine-2-carboxylic acid",C[C@H](N[*])[C@@H](C(=O)NC(C)(C)C)N1CCC[C@H]1C([*])=O |$;;;_R1;;;;;;;;;;;;;;;_R2;$|,,"(2S)-1-[(2S,3S)-3-amino-1-(tert-butylamino)-1-oxobutan-2-yl]pyrrolidine-2-carboxylic acid",P,Backbone,PEPTIDE,H,OH,-,CN[C@@H](C)[C@@H](C(=O)NC(C)(C)C)N1CCC[C@H]1C=O,,,138461685,N.D
209,Mono14,N.D,M014,{nnr:M14},"2-[(1S,2R)-1-amino-2-methylbutyl]-4H-1,3-thiazole-4-carboxylic acid",CC[C@@H](C)[C@H](N[*])c1nc(C([*])=O)cs1 |$;;;;;;_R1;;;;;_R2;;;$|,,"2-[(1S,2R)-1-amino-2-methylbutyl]-4H-1,3-thiazole-4-carboxylic acid",X,Backbone,PEPTIDE,H,OH,-,CC[C@@H](C)[C@H](NC)c1nc(C=O)cs1,,,N.D,N.D
210,Mono15,N.D,M015,{nnr:M15},"(E,2S,3R,4R)-4-methyl-2-(methylamino)-3-(1-oxoethoxy)oct-6-enoic acid",C/C=C/C[C@@H](C)[C@@H](OC(C)=O)[C@@H](C([*])=O)N(C)[*] |$;;;;;;;;;;;;;_R2;;;;_R1$|,,"(E,2S,3R,4R)-4-methyl-2-(methylamino)-3-(1-oxoethoxy)oct-6-enoic acid",T,Backbone,PEPTIDE,H,OH,-,C/C=C/C[C@@H](C)[C@@H](OC(C)=O)[C@@H](C=O)N(C)C,,,N.D,N.D
211,Mono16,N.D,M016,{nnr:M16},"(2R)-5-chloropentane-1,2,4-triol",[*]O[C@H](CC(O)CCl)C([*])=O |$_R1;;;;;;;;;_R2;$|,,"(2R)-5-chloropentane-1,2,4-triol",X,Backbone,PEPTIDE,H,OH,-,CO[C@@H](C=O)CC(O)CCl,,,N.D,N.D
212,Mono17,N.D,M017,{nnr:M17},"2-[(1R)-1-aminoethyl]-1,3-thiazole-4-carboxylic acid",C[C@@H](N[*])c1nc(C([*])=O)cs1 |$;;;_R1;;;;;_R2;;;$|,,"2-[(1R)-1-aminoethyl]-1,3-thiazole-4-carboxylic acid",X,Backbone,PEPTIDE,H,OH,-,CN[C@H](C)c1nc(C=O)cs1,,,11298223,N.D
213,Mono18,N.D,M018,{nnr:M18},"(4S,5R)-2-[(1S,2S)-1-amino-2-methylbutyl]-4,5-dihydro-1,3-oxazole-4-carboxylic acid",CC[C@H](C)[C@H](N[*])C1=N[C@H](C([*])=O)[C@@H](C)O1 |$;;;;;;_R1;;;;;_R2;;;;$|,,"(4S,5R)-2-[(1S,2S)-1-amino-2-methylbutyl]-4,5-dihydro-1,3-oxazole-4-carboxylic acid",X,Backbone,PEPTIDE,H,OH,-,CC[C@H](C)[C@H](NC)C1=N[C@H](C=O)[C@@H](C)O1,,,N.D,N.D
214,Mono19,N.D,M019,{nnr:M19},"2-[(1R)-1-amino-2-phenylethyl]-1,3-thiazole-4-carboxylic acid",[*]N[C@H](Cc1ccccc1)c1nc(C([*])=O)cs1 |$_R1;;;;;;;;;;;;;;_R2;;;$|,,"2-[(1R)-1-amino-2-phenylethyl]-1,3-thiazole-4-carboxylic acid",X,Backbone,PEPTIDE,H,OH,-,CN[C@H](Cc1ccccc1)c1nc(C=O)cs1,,,96695793,N.D
215,Mono20,N.D,M020,{nnr:M20},"(4S,5R)-2-[(1S)-1-amino-2-methylpropyl]-5-methyl-4,5-dihydro-1,3-oxazole-4-carboxylic acid",CC(C)[C@H](N[*])C1=N[C@H](C([*])=O)[C@@H](C)O1 |$;;;;;_R1;;;;;_R2;;;;$|,,"(4S,5R)-2-[(1S)-1-amino-2-methylpropyl]-5-methyl-4,5-dihydro-1,3-oxazole-4-carboxylic acid",X,Backbone,PEPTIDE,H,OH,-,CN[C@H](C1=N[C@H](C=O)[C@@H](C)O1)C(C)C,,,11095637,N.D
216,Mono23,N.D,M023,{nnr:M23},"(2S,3R)-2,3-diaminobutanoic acid",C[C@@H](N)[C@H](N[*])C([*])=O |$;;;;;_R1;;_R2;$|,,"(2S,3R)-2,3-diaminobutanoic acid",X,Backbone,PEPTIDE,H,OH,-,CN[C@H](C=O)[C@@H](C)N,,,11073394,N.D
217,Mono24,N.D,M024,{nnr:M24},"(2S,3S,4R)-2,5-diamino-3,4-dimethyl-5-oxopentanoic acid",C[C@H]([C@H](N[*])C([*])=O)[C@@H](C)C(N)=O |$;;;;_R1;;_R2;;;;;;$|,,"(2S,3S,4R)-2,5-diamino-3,4-dimethyl-5-oxopentanoic acid",Q,Backbone,PEPTIDE,H,OH,-,CN[C@H](C=O)[C@@H](C)[C@@H](C)C(N)=O,,,15604673,N.D
218,Mono25,N.D,M025,{nnr:M25},"[(2S,4S)-4-chloropiperidin-2-yl]methanol",[*]N1CC[C@H](Cl)C[C@H]1C([*])=O |$_R1;;;;;;;;;_R2;$|,,"[(2S,4S)-4-chloropiperidin-2-yl]methanol",X,Backbone,PEPTIDE,H,OH,-,CN1CC[C@H](Cl)C[C@H]1C=O,,,N.D,N.D
219,Mono26,Isostatine,M026,{nnr:ISO},"(3S,4R,5S)-4-amino-3-hydroxy-5-methylheptanoic acid",CC[C@H](C)[C@@H](N[*])[C@@H](O)CC([*])=O |$;;;;;;_R1;;;;;_R2;$|,,"(3S,4R,5S)-4-amino-3-hydroxy-5-methylheptanoic acid",I,Backbone,PEPTIDE,H,OH,-,CC[C@H](C)[C@@H](NC)[C@@H](O)CC=O,,,14428565,N.D
220,Mono27,N.D,M027,{nnr:M27},"(2S,4S)-4-hydroxy-2,5-dimethyl-3-oxohexanoic acid",CC(C)[C@H](O[*])C(=O)[C@H](C)C([*])=O |$;;;;;_R1;;;;;;_R2;$|,,"(2S,4S)-4-hydroxy-2,5-dimethyl-3-oxohexanoic acid",V,Backbone,PEPTIDE,H,OH,-,CO[C@H](C(=O)[C@H](C)C=O)C(C)C,,,49867110,N.D
221,Mono28,N.D,M028,{nnr:M28},"(E,4S)-4-amino-2,6-dimethylhept-2-enoic acid",C/C(=C\[C@H](CC(C)C)N[*])C([*])=O |$;;;;;;;;;_R1;;_R2;$|,,"(E,4S)-4-amino-2,6-dimethylhept-2-enoic acid",X,Backbone,PEPTIDE,H,OH,-,CN[C@H](/C=C(\C)C=O)CC(C)C,,,N.D,N.D
222,Mono29,N.D,M029,{nnr:M29},"(E,4R)-4-amino-2,6-dimethylhept-2-enoic acid",C/C(=C\[C@@H](CC(C)C)N[*])C([*])=O |$;;;;;;;;;_R1;;_R2;$|,,"(E,4R)-4-amino-2,6-dimethylhept-2-enoic acid",X,Backbone,PEPTIDE,H,OH,-,CN[C@@H](/C=C(\C)C=O)CC(C)C,,,N.D,N.D
223,Mono30,N.D,M030,{nnr:M30},"2-[(1S)-1-amino-3-methylbutyl]-1,3-thiazole-4-carboxylic acid",CC(C)C[C@H](N[*])c1nc(C([*])=O)cs1 |$;;;;;;_R1;;;;;_R2;;;$|,,"2-[(1S)-1-amino-3-methylbutyl]-1,3-thiazole-4-carboxylic acid",X,Backbone,PEPTIDE,H,OH,-,CN[C@@H](CC(C)C)c1nc(C=O)cs1,,,10656268,N.D
224,Mono31,N.D,M031,{nnr:M31},"2-[(1S)-1-amino-2-methylpropyl]-1,3-thiazole-4-carboxylic acid",CC(C)[C@H](N[*])c1nc(C([*])=O)cs1 |$;;;;;_R1;;;;;_R2;;;$|,,"2-[(1S)-1-amino-2-methylpropyl]-1,3-thiazole-4-carboxylic acid",X,Backbone,PEPTIDE,H,OH,-,CN[C@H](c1nc(C=O)cs1)C(C)C,,,53902398,N.D
225,Mono32,N-{[3-(trifluoromethyl)phenyl]methyl}glycine,M032,{nnr:PMG},2-[[3-(trifluoromethyl)phenyl]methylamino]acetic acid,[*]N(CC([*])=O)Cc1cccc(C(F)(F)F)c1 |$_R1;;;;_R2;;;;;;;;;;;;$|,,2-[[3-(trifluoromethyl)phenyl]methylamino]acetic acid,G,Backbone,PEPTIDE,H,OH,-,CN(CC=O)Cc1cccc(C(F)(F)F)c1,,,13236065,N.D
226,Mono33,N.D,M033,{nnr:M33},2-(morpholin-4-ylmethylamino)ethanol,[*]N(CC([*])=O)CN1CCOCC1 |$_R1;;;;_R2;;;;;;;;$|,,2-(morpholin-4-ylmethylamino)ethanol,G,Backbone,PEPTIDE,H,OH,-,CN(CC=O)CN1CCOCC1,,,N.D,N.D
227,Mono34,N.D,M034,{nnr:M34},2-(3-propan-2-yloxypropylamino)acetic acid,CC(C)OCCCN([*])CC([*])=O |$;;;;;;;;_R1;;;_R2;$|,,2-(3-propan-2-yloxypropylamino)acetic acid,G,Backbone,PEPTIDE,H,OH,-,CC(C)OCCCN(C)CC=O,,,54503494,N.D
228,Mono35,N.D,M035,{nnr:M35},"(2S)-1-[(1R)-1-[5-[(1S)-1-amino-2-phenylethyl]-1,3,4-oxadiazol-2-yl]propyl]pyrrolidine-2-carboxylic acid",CC[C@H](c1nnc([C@H](Cc2ccccc2)N[*])o1)N1CCC[C@H]1C([*])=O |$;;;;;;;;;;;;;;;;_R1;;;;;;;;_R2;$|,,"(2S)-1-[(1R)-1-[5-[(1S)-1-amino-2-phenylethyl]-1,3,4-oxadiazol-2-yl]propyl]pyrrolidine-2-carboxylic acid",X,Backbone,PEPTIDE,H,OH,-,CC[C@H](c1nnc([C@H](Cc2ccccc2)NC)o1)N1CCC[C@H]1C=O,,,N.D,N.D
229,Mono36,N.D,M036,{nnr:M36},"(2S)-1-[(2R)-1-[5-[(1S)-1-amino-2-phenylethyl]-1,3,4-oxadiazol-2-ylidene]-3-phenylpropan-2-yl]pyrrolidine-2-carboxylic acid",[*]N[C@@H](Cc1ccccc1)c1nnc([C@@H](Cc2ccccc2)N2CCC[C@H]2C([*])=O)o1 |$_R1;;;;;;;;;;;;;;;;;;;;;;;;;;;;_R2;;$|,,"(2S)-1-[(2R)-1-[5-[(1S)-1-amino-2-phenylethyl]-1,3,4-oxadiazol-2-ylidene]-3-phenylpropan-2-yl]pyrrolidine-2-carboxylic acid",X,Backbone,PEPTIDE,H,OH,-,CN[C@@H](Cc1ccccc1)c1nnc([C@@H](Cc2ccccc2)N2CCC[C@H]2C=O)o1,,,N.D,N.D
230,Mono37,N.D,M037,{nnr:M37},"(2S)-1-[(1R)-1-[5-[(1S)-1-amino-2-phenylethylidene]-1,3,4-oxadiazol-2-yl]-3-methylbutyl]pyrrolidine-2-carboxylic acid",CC(C)C[C@H](c1nnc([C@H](Cc2ccccc2)N[*])o1)N1CCC[C@H]1C([*])=O |$;;;;;;;;;;;;;;;;;;_R1;;;;;;;;_R2;$|,,"(2S)-1-[(1R)-1-[5-[(1S)-1-amino-2-phenylethylidene]-1,3,4-oxadiazol-2-yl]-3-methylbutyl]pyrrolidine-2-carboxylic acid",X,Backbone,PEPTIDE,H,OH,-,CN[C@@H](Cc1ccccc1)c1nnc([C@@H](CC(C)C)N2CCC[C@H]2C=O)o1,,,N.D,N.D
231,Mono38,N.D,M038,{nnr:M38},2-(oxan-4-ylmethylamino)acetic acid,[*]N(CC([*])=O)CC1CCOCC1 |$_R1;;;;_R2;;;;;;;;$|,,2-(oxan-4-ylmethylamino)acetic acid,G,Backbone,PEPTIDE,H,OH,-,CN(CC=O)CC1CCOCC1,,,62387349,N.D
232,Mono39,N.D,M039,{nnr:M39},2-(2-phenoxyethylamino)acetic acid,[*]N(CCOc1ccccc1)CC([*])=O |$_R1;;;;;;;;;;;;;_R2;$|,,2-(2-phenoxyethylamino)acetic acid,G,Backbone,PEPTIDE,H,OH,-,CN(CC=O)CCOc1ccccc1,,,13236095,N.D
233,Mono40,N.D,M040,{nnr:M40},2-[3-(1-methylpyrazol-4-yl)propylamino]acetic acid,Cn1cc(CCCN([*])CC([*])=O)cn1 |$;;;;;;;;_R1;;;_R2;;;$|,,2-[3-(1-methylpyrazol-4-yl)propylamino]acetic acid,G,Backbone,PEPTIDE,H,OH,-,CN(CC=O)CCCc1cnn(C)c1,,,N.D,N.D
234,Mono41,N.D,M041,{nnr:M41},2-[3-(2-oxopyrrolidin-1-yl)propylamino]acetic acid,[*]N(CCCN1CCCC1=O)CC([*])=O |$_R1;;;;;;;;;;;;;_R2;$|,,2-[3-(2-oxopyrrolidin-1-yl)propylamino]acetic acid,G,Backbone,PEPTIDE,H,OH,-,CN(CC=O)CCCN1CCCC1=O,,,129031459,N.D
235,Mono42,n-(2-morpholinoethyl)glycine,M042,{nnr:MOP},2-(2-morpholin-4-ylethylamino)acetic acid,[*]N(CCN1CCOCC1)CC([*])=O |$_R1;;;;;;;;;;;;_R2;$|,,2-(2-morpholin-4-ylethylamino)acetic acid,G,Backbone,PEPTIDE,H,OH,-,CN(CC=O)CCN1CCOCC1,,,28897547,N.D
236,Mono43,N.D,M043,{nnr:M43},2-(4-phenylbutylamino)acetic acid,[*]N(CCCCc1ccccc1)CC([*])=O |$_R1;;;;;;;;;;;;;;_R2;$|,,2-(4-phenylbutylamino)acetic acid,G,Backbone,PEPTIDE,H,OH,-,CN(CC=O)CCCCc1ccccc1,,,10354443,N.D
237,Mono44,N.D,M044,{nnr:M44},2-[[6-(2-methylpropyl)-4H-oxazin-4-yl]methylamino]acetic acid,CC(C)Cc1cc(CN([*])CC([*])=O)no1 |$;;;;;;;;;_R1;;;_R2;;;$|,,2-[[6-(2-methylpropyl)-4H-oxazin-4-yl]methylamino]acetic acid,G,Backbone,PEPTIDE,H,OH,-,CC(C)Cc1cc(CN(C)CC=O)no1,,,N.D,N.D
238,Mono45,N.D,M045,{nnr:M45},2-[[2-(pyrazol-1-ylmethyl)phenyl]methylamino]ethanol,[*]N(CC([*])=O)Cc1ccccc1Cn1cccn1 |$_R1;;;;_R2;;;;;;;;;;;;;;$|,,2-[[2-(pyrazol-1-ylmethyl)phenyl]methylamino]ethanol,G,Backbone,PEPTIDE,H,OH,-,CN(CC=O)Cc1ccccc1Cn1cccn1,,,N.D,N.D
239,Mono46,N.D,M046,{nnr:M46},"(2S)-1-[(2S,3R)-3-amino-1-(tert-butylamino)-1-oxo-4-phenylsulfanylbutan-2-yl]pyrrolidine-2-carboxylic acid",CC(C)(C)NC(=O)[C@H]([C@H](CSc1ccccc1)N[*])N1CCC[C@H]1C([*])=O |$;;;;;;;;;;;;;;;;;;_R1;;;;;;;_R2;$|,,"(2S)-1-[(2S,3R)-3-amino-1-(tert-butylamino)-1-oxo-4-phenylsulfanylbutan-2-yl]pyrrolidine-2-carboxylic acid",P,Backbone,PEPTIDE,H,OH,-,CN[C@@H](CSc1ccccc1)[C@@H](C(=O)NC(C)(C)C)N1CCC[C@H]1C=O,,,N.D,N.D
240,Mono47,N.D,M047,{nnr:M47},(2S)-1-[(1S)-1-[(2S)-aziridin-2-yl]-2-(tert-butylamino)-2-oxoethyl]pyrrolidine-2-carboxylic acid,CC(C)(C)NC(=O)[C@H]([C@@H]1CN1[*])N1CCC[C@H]1C([*])=O |$;;;;;;;;;;;_R1;;;;;;;_R2;$|,,(2S)-1-[(1S)-1-[(2S)-aziridin-2-yl]-2-(tert-butylamino)-2-oxoethyl]pyrrolidine-2-carboxylic acid,P,Backbone,PEPTIDE,H,OH,-,CN1C[C@H]1[C@@H](C(=O)NC(C)(C)C)N1CCC[C@H]1C=O,,,N.D,N.D
241,Mono48,N.D,M048,{nnr:M48},"2-[3-(2,5-difluorocyclohepta-1,3,6-trien-1-yl)propylamino]ethanol",[*]N(CCCc1ccc(F)cc1F)CC([*])=O |$_R1;;;;;;;;;;;;;;;_R2;$|,,"2-[3-(2,5-difluorocyclohepta-1,3,6-trien-1-yl)propylamino]ethanol",X,Backbone,PEPTIDE,H,OH,-,CN(CC=O)CCCc1ccc(F)cc1F,,,N.D,N.D
242,Mono49,N.D,M049,{nnr:M49},(2S)-2-amino-3-[(5-fluoropyridin-3-yl)methoxy]propanoic acid,[*]N[C@@H](COCc1cncc(F)c1)C([*])=O |$_R1;;;;;;;;;;;;;;_R2;$|,,(2S)-2-amino-3-[(5-fluoropyridin-3-yl)methoxy]propanoic acid,S,Backbone,PEPTIDE,H,OH,-,CN[C@H](C=O)COCc1cncc(F)c1,,,142490835,N.D
243,Mono50,N.D,M050,{nnr:M50},"(2S)-2-amino-3-(2,2,3,3-tetrafluoropropoxy)propanoic acid",[*]N[C@@H](COCC(F)(F)C(F)F)C([*])=O |$_R1;;;;;;;;;;;;;_R2;$|,,"(2S)-2-amino-3-(2,2,3,3-tetrafluoropropoxy)propanoic acid",S,Backbone,PEPTIDE,H,OH,-,CN[C@H](C=O)COCC(F)(F)C(F)F,,,142490713,N.D
244,Mono51,N.D,M051,{nnr:M51},"(2S)-4-(3,3-difluorocyclohexyl)-2-(methylamino)butanoic acid",CN([*])[C@@H](CCC1CCCC(F)(F)C1)C([*])=O |$;;_R1;;;;;;;;;;;;;_R2;$|,,"(2S)-4-(3,3-difluorocyclohexyl)-2-(methylamino)butanoic acid",X,Backbone,PEPTIDE,H,OH,-,CN(C)[C@H](C=O)CCC1CCCC(F)(F)C1,,,N.D,N.D
245,Mono52,N.D,M052,{nnr:M52},"(2S)-4-(4,4-difluorocyclohexyl)-2-(methylamino)butanoic acid",CN([*])[C@@H](CCC1CCC(F)(F)CC1)C([*])=O |$;;_R1;;;;;;;;;;;;;_R2;$|,,"(2S)-4-(4,4-difluorocyclohexyl)-2-(methylamino)butanoic acid",X,Backbone,PEPTIDE,H,OH,-,CN(C)[C@H](C=O)CCC1CCC(F)(F)CC1,,,N.D,N.D
246,Mono53,N.D,M053,{nnr:M53},(2S)-2-amino-3-[6-(dimethylamino)pyridin-3-yl]propanoic acid,CN(C)c1ccc(C[C@H](N[*])C([*])=O)cn1 |$;;;;;;;;;;_R1;;_R2;;;$|,,(2S)-2-amino-3-[6-(dimethylamino)pyridin-3-yl]propanoic acid,X,Backbone,PEPTIDE,H,OH,-,CN[C@H](C=O)Cc1ccc(N(C)C)nc1,,,96864375,N.D
247,Mono54,N.D,M054,{nnr:M54},(2S)-2-amino-3-[(2S)-2-hydroxypropoxy]propanoic acid,C[C@H](O)COC[C@H](N[*])C([*])=O |$;;;;;;;;_R1;;_R2;$|,,(2S)-2-amino-3-[(2S)-2-hydroxypropoxy]propanoic acid,S,Backbone,PEPTIDE,H,OH,-,CN[C@H](C=O)COC[C@H](C)O,,,142490702,N.D
248,Mono55,N.D,M055,{nnr:M55},(2S)-2-amino-3-(2-hydroxy-2-methylpropoxy)propanoic acid,CC(C)(O)COC[C@H](N[*])C([*])=O |$;;;;;;;;;_R1;;_R2;$|,,(2S)-2-amino-3-(2-hydroxy-2-methylpropoxy)propanoic acid,S,Backbone,PEPTIDE,H,OH,-,CN[C@H](C=O)COCC(C)(C)O,,,142490730,N.D
249,Mono56,N.D,M056,{nnr:M56},(2S)-2-amino-3-(3-hydroxy-3-methylbutoxy)propanoic acid,CC(C)(O)CCOC[C@H](N[*])C([*])=O |$;;;;;;;;;;_R1;;_R2;$|,,(2S)-2-amino-3-(3-hydroxy-3-methylbutoxy)propanoic acid,S,Backbone,PEPTIDE,H,OH,-,CN[C@H](C=O)COCCC(C)(C)O,,,142490762,N.D
250,Mono57,N.D,M057,{nnr:M57},(2S)-2-amino-3-[2-(tert-butylamino)-2-oxoethoxy]propanoic acid,CC(C)(C)NC(=O)COC[C@H](N[*])C([*])=O |$;;;;;;;;;;;;_R1;;_R2;$|,,(2S)-2-amino-3-[2-(tert-butylamino)-2-oxoethoxy]propanoic acid,S,Backbone,PEPTIDE,H,OH,-,CN[C@H](C=O)COCC(=O)NC(C)(C)C,,,142490747,N.D
251,Mono58,N.D,M058,{nnr:M58},"2-[2-(4,4-difluoropiperidin-1-yl)ethylamino]acetic acid",[*]N(CCN1CCC(F)(F)CC1)CC([*])=O |$_R1;;;;;;;;;;;;;;_R2;$|,,"2-[2-(4,4-difluoropiperidin-1-yl)ethylamino]acetic acid",G,Backbone,PEPTIDE,H,OH,-,CN(CC=O)CCN1CCC(F)(F)CC1,,,146471778,N.D
252,Mono59,N.D,M059,{nnr:M59},"(2S,4R)-4-(4,4-difluoropiperidin-1-yl)pyrrolidine-2-carboxylic acid",[*]N1C[C@H](N2CCC(F)(F)CC2)C[C@H]1C([*])=O |$_R1;;;;;;;;;;;;;;;_R2;$|,,"(2S,4R)-4-(4,4-difluoropiperidin-1-yl)pyrrolidine-2-carboxylic acid",P,Backbone,PEPTIDE,H,OH,-,CN1C[C@H](N2CCC(F)(F)CC2)C[C@H]1C=O,,,142490917,N.D
253,Mono60,N.D,M060,{nnr:M60},"(2S,4S)-4-(4,4-difluoropiperidin-1-yl)pyrrolidine-2-carboxylic acid",[*]N1C[C@@H](N2CCC(F)(F)CC2)C[C@H]1C([*])=O |$_R1;;;;;;;;;;;;;;;_R2;$|,,"(2S,4S)-4-(4,4-difluoropiperidin-1-yl)pyrrolidine-2-carboxylic acid",P,Backbone,PEPTIDE,H,OH,-,CN1C[C@@H](N2CCC(F)(F)CC2)C[C@H]1C=O,,,142490748,N.D
254,Mono61,N.D,M061,{nnr:M61},"(2S,3R)-2-Amino-3-hydroxyheptanoic acid",CCCC[C@@H](O)[C@H](N[*])C([*])=O |$;;;;;;;;_R1;;_R2;$|,,"(2S,3R)-2-Amino-3-hydroxyheptanoic acid",X,Backbone,PEPTIDE,H,OH,-,CCCC[C@@H](O)[C@@H](C=O)NC,,,10749495,N.D
255,Mono62,N.D,M062,{nnr:M62},(2S)-2-amino-3-(2-morpholin-4-ylethoxy)propanoic acid,[*]N[C@@H](COCCN1CCOCC1)C([*])=O |$_R1;;;;;;;;;;;;;;_R2;$|,,(2S)-2-amino-3-(2-morpholin-4-ylethoxy)propanoic acid,S,Backbone,PEPTIDE,H,OH,-,CN[C@H](C=O)COCCN1CCOCC1,,,142490925,N.D
256,Mono63,N.D,M063,{nnr:M63},"(2S)-2-amino-4-(5-oxo-4H-1,2,4-oxadiazol-3-yl)butanoic acid",[*]N[C@@H](CCc1noc(=O)[nH]1)C([*])=O |$_R1;;;;;;;;;;;;_R2;$|,,"(2S)-2-amino-4-(5-oxo-4H-1,2,4-oxadiazol-3-yl)butanoic acid",X,Backbone,PEPTIDE,H,OH,-,CN[C@H](C=O)CCc1noc(=O)[nH]1,,,146471800,N.D
257,Mono64,N.D,M064,{nnr:M64},(2S)-2-amino-3-[(2R)-2-hydroxypropoxy]propanoic acid,C[C@@H](O)COC[C@H](N[*])C([*])=O |$;;;;;;;;_R1;;_R2;$|,,(2S)-2-amino-3-[(2R)-2-hydroxypropoxy]propanoic acid,S,Backbone,PEPTIDE,H,OH,-,CN[C@H](C=O)COC[C@@H](C)O,,,142490727,N.D
258,Mono65,N.D,M065,{nnr:M65},"(2S)-2-amino-7,7,7-trifluoro-6-hydroxyheptanoic acid",[*]N[C@@H](CCCC(O)C(F)(F)F)C([*])=O |$_R1;;;;;;;;;;;;;_R2;$|,,"(2S)-2-amino-7,7,7-trifluoro-6-hydroxyheptanoic acid",X,Backbone,PEPTIDE,H,OH,-,CN[C@H](C=O)CCCC(O)C(F)(F)F,,,146471483,N.D
259,Mono66,N.D,M066,{nnr:M66},"(2S)-2-amino-3-(3,3,3-trifluoro-2-hydroxypropoxy)propanoic acid",[*]N[C@@H](COCC(O)C(F)(F)F)C([*])=O |$_R1;;;;;;;;;;;;;_R2;$|,,"(2S)-2-amino-3-(3,3,3-trifluoro-2-hydroxypropoxy)propanoic acid",S,Backbone,PEPTIDE,H,OH,-,CN[C@H](C=O)COCC(O)C(F)(F)F,,,142490690,N.D
260,Mono67,N.D,M067,{nnr:M67},"(E,5S,6S,7R,8S)-5,7-dihydroxy-2,6,8-trimethylundec-2-enoic acid",CCC[C@H](C)[C@@H](O[*])[C@@H](C)[C@@H](O)C/C=C(\C)C([*])=O |$;;;;;;;_R1;;;;;;;;;;_R2;$|,,"(E,5S,6S,7R,8S)-5,7-dihydroxy-2,6,8-trimethylundec-2-enoic acid",X,Backbone,PEPTIDE,H,OH,-,CCC[C@H](C)[C@@H](OC)[C@@H](C)[C@@H](O)C/C=C(\C)C=O,,,N.D,N.D
261,Mono68,N.D,M068,{nnr:M68},"(E,5S,6R,7R,8S)-7-hydroxy-5-methoxy-2,6,8-trimethylundec-2-enoic acid",CCC[C@H](C)[C@@H](O[*])[C@@H](C)[C@H](C/C=C(\C)C([*])=O)OC |$;;;;;;;_R1;;;;;;;;;_R2;;;$|,,"(E,5S,6R,7R,8S)-7-hydroxy-5-methoxy-2,6,8-trimethylundec-2-enoic acid",X,Backbone,PEPTIDE,H,OH,-,CCC[C@H](C)[C@@H](OC)[C@@H](C)[C@H](C/C=C(\C)C=O)OC,,,N.D,N.D
262,Mono69,N.D,M069,{nnr:M69},"(E,5S,6S,7R,8S)-5-hydroxy-7-methoxy-2,6,8-trimethylundec-2-enoic acid",CCC[C@H](C)[C@@H](OC)[C@@H](C)[C@H](C/C=C(\C)C([*])=O)O[*] |$;;;;;;;;;;;;;;;;_R2;;;_R1$|,,"(E,5S,6S,7R,8S)-5-hydroxy-7-methoxy-2,6,8-trimethylundec-2-enoic acid",X,Backbone,PEPTIDE,H,OH,-,CCC[C@H](C)[C@@H](OC)[C@@H](C)[C@H](C/C=C(\C)C=O)OC,,,N.D,N.D
263,Mono70,N.D,M070,{nnr:M70},"(E,2S,4R)-4-methyl-2-(methylamino)-3-oxooct-6-enoic acid",C/C=C/C[C@@H](C)C(=O)[C@@H](C([*])=O)N(C)[*] |$;;;;;;;;;;_R2;;;;_R1$|,,"(E,2S,4R)-4-methyl-2-(methylamino)-3-oxooct-6-enoic acid",X,Backbone,PEPTIDE,H,OH,-,C/C=C/C[C@@H](C)C(=O)[C@@H](C=O)N(C)C,,,87885071,N.D
264,Mono71,N.D,M071,{nnr:M71},(2S)-2-amino-4-(1-ethoxycarbonyl-4H-pyrimidin-4-yl)butanoic acid,CCOC(=O)n1cnc(C[C@H](N[*])C([*])=O)c1 |$;;;;;;;;;;;;_R1;;_R2;;$|,,(2S)-2-amino-4-(1-ethoxycarbonyl-4H-pyrimidin-4-yl)butanoic acid,H,Backbone,PEPTIDE,H,OH,-,CCOC(=O)n1cnc(C[C@@H](C=O)NC)c1,,,N.D,N.D
265,Mono72,N.D,M072,{nnr:M72},(2S)-2-amino-5-[bis(ethoxycarbonyl)amino]-5-oxopentanoic acid,CCOC(=O)N(C(=O)CC[C@H](N[*])C([*])=O)C(=O)OCC |$;;;;;;;;;;;;_R1;;_R2;;;;;;$|,,(2S)-2-amino-5-[bis(ethoxycarbonyl)amino]-5-oxopentanoic acid,Q,Backbone,PEPTIDE,H,OH,-,CCOC(=O)N(C(=O)CC[C@@H](C=O)NC)C(=O)OCC,,,N.D,N.D
266,Mono73,N.D,M073,{nnr:M73},(2S)-2-amino-4-[bis(ethoxycarbonyl)amino]-4-oxobutanoic acid,CCOC(=O)N(C(=O)C[C@H](N[*])C([*])=O)C(=O)OCC |$;;;;;;;;;;;_R1;;_R2;;;;;;$|,,(2S)-2-amino-4-[bis(ethoxycarbonyl)amino]-4-oxobutanoic acid,N,Backbone,PEPTIDE,H,OH,-,CCOC(=O)N(C(=O)C[C@@H](C=O)NC)C(=O)OCC,,,N.D,N.D
267,Mono74,N.D,M074,{nnr:M74},"(2S)-2-amino-5-[[(E)-N,N'-bis(ethoxycarbonyl)carbamimidoyl]amino]pentanoic acid",CCOC(=O)/N=C(/NCCC[C@H](N[*])C([*])=O)NC(=O)OCC |$;;;;;;;;;;;;;_R1;;_R2;;;;;;;$|,,"(2S)-2-amino-5-[[(E)-N,N'-bis(ethoxycarbonyl)carbamimidoyl]amino]pentanoic acid",R,Backbone,PEPTIDE,H,OH,-,CCOC(=O)/N=C(/NCCC[C@@H](C=O)NC)NC(=O)OCC,,,N.D,N.D
268,Mono75,N.D,M075,{nnr:M75},(2S)-2-(3-aminopropylamino)-3-phenylpropanoic acid,[*]NCCCN[C@@H](Cc1ccccc1)C([*])=O |$_R1;;;;;;;;;;;;;;;_R2;$|,,(2S)-2-(3-aminopropylamino)-3-phenylpropanoic acid,F,Backbone,PEPTIDE,H,OH,-,CNCCCN[C@H](C=O)Cc1ccccc1,,,N.D,N.D
269,Mono76,N.D,M076,{nnr:M76},(2S)-2-(4-aminobutylamino)-3-phenylpropanoic acid,[*]NCCCCN[C@@H](Cc1ccccc1)C([*])=O |$_R1;;;;;;;;;;;;;;;;_R2;$|,,(2S)-2-(4-aminobutylamino)-3-phenylpropanoic acid,F,Backbone,PEPTIDE,H,OH,-,CNCCCCN[C@H](C=O)Cc1ccccc1,,,N.D,N.D
270,Mono77,N.D,M077,{nnr:M77},(2S)-2-(5-aminopentylamino)-3-phenylpropanoic acid,[*]NCCCCCN[C@@H](Cc1ccccc1)C([*])=O |$_R1;;;;;;;;;;;;;;;;;_R2;$|,,(2S)-2-(5-aminopentylamino)-3-phenylpropanoic acid,F,Backbone,PEPTIDE,H,OH,-,CNCCCCCN[C@H](C=O)Cc1ccccc1,,,N.D,N.D
271,Mono78,N.D,M078,{nnr:M78},(2S)-2-(6-aminohexylamino)-3-phenylpropanoic acid,[*]NCCCCCCN[C@@H](Cc1ccccc1)C([*])=O |$_R1;;;;;;;;;;;;;;;;;;_R2;$|,,(2S)-2-(6-aminohexylamino)-3-phenylpropanoic acid,F,Backbone,PEPTIDE,H,OH,-,CNCCCCCCN[C@H](C=O)Cc1ccccc1,,,N.D,N.D
272,Mono79,N.D,M079,{nnr:M79},(2S)-2-(7-aminoheptylamino)-3-phenylpropanoic acid,[*]NCCCCCCCN[C@@H](Cc1ccccc1)C([*])=O |$_R1;;;;;;;;;;;;;;;;;;;_R2;$|,,(2S)-2-(7-aminoheptylamino)-3-phenylpropanoic acid,F,Backbone,PEPTIDE,H,OH,-,CNCCCCCCCN[C@H](C=O)Cc1ccccc1,,,N.D,N.D
273,Mono80,N.D,M080,{nnr:M80},(2S)-2-(8-aminooctylamino)-3-phenylpropanoic acid,[*]NCCCCCCCCN[C@@H](Cc1ccccc1)C([*])=O |$_R1;;;;;;;;;;;;;;;;;;;;_R2;$|,,(2S)-2-(8-aminooctylamino)-3-phenylpropanoic acid,F,Backbone,PEPTIDE,H,OH,-,CNCCCCCCCCN[C@H](C=O)Cc1ccccc1,,,N.D,N.D
274,Mono81,N.D,M081,{nnr:M81},(2S)-2-(9-aminononylamino)-3-phenylpropanoic acid,[*]NCCCCCCCCCN[C@@H](Cc1ccccc1)C([*])=O |$_R1;;;;;;;;;;;;;;;;;;;;;_R2;$|,,(2S)-2-(9-aminononylamino)-3-phenylpropanoic acid,F,Backbone,PEPTIDE,H,OH,-,CNCCCCCCCCCN[C@H](C=O)Cc1ccccc1,,,N.D,N.D
275,Mono82,N.D,M082,{nnr:M82},(2S)-2-(10-aminodecylamino)-3-phenylpropanoic acid,[*]NCCCCCCCCCCN[C@@H](Cc1ccccc1)C([*])=O |$_R1;;;;;;;;;;;;;;;;;;;;;;_R2;$|,,(2S)-2-(10-aminodecylamino)-3-phenylpropanoic acid,F,Backbone,PEPTIDE,H,OH,-,CNCCCCCCCCCCN[C@H](C=O)Cc1ccccc1,,,N.D,N.D
276,Mono83,N-(6-aminohexyl)glycine,M083,{nnr:M83},2-(6-aminohexylamino)acetic acid,[*]NCCCCCCNCC([*])=O |$_R1;;;;;;;;;;;_R2;$|,,2-(6-aminohexylamino)acetic acid,G,Backbone,PEPTIDE,H,OH,-,CNCCCCCCNCC=O,,,10442200,N.D
277,Mono84,N.D,M084,{nnr:M84},(2S)-2-(6-aminohexylamino)propanoic acid,C[C@H](NCCCCCCN[*])C([*])=O |$;;;;;;;;;;_R1;;_R2;$|,,(2S)-2-(6-aminohexylamino)propanoic acid,A,Backbone,PEPTIDE,H,OH,-,CNCCCCCCN[C@@H](C)C=O,,,122513635,N.D
278,Mono85,N.D,M085,{nnr:M85},(2R)-2-(6-aminohexylamino)propanoic acid,C[C@@H](NCCCCCCN[*])C([*])=O |$;;;;;;;;;;_R1;;_R2;$|,,(2R)-2-(6-aminohexylamino)propanoic acid,A,Backbone,PEPTIDE,H,OH,-,CNCCCCCCN[C@H](C)C=O,,,N.D,N.D
279,Mono86,N.D,M086,{nnr:M86},(2S)-2-(6-aminohexylamino)-4-methylpentanoic acid,CC(C)C[C@H](NCCCCCCN[*])C([*])=O |$;;;;;;;;;;;;;_R1;;_R2;$|,,(2S)-2-(6-aminohexylamino)-4-methylpentanoic acid,L,Backbone,PEPTIDE,H,OH,-,CNCCCCCCN[C@H](C=O)CC(C)C,,,N.D,N.D
280,Mono87,N.D,M087,{nnr:M87},(2R)-2-(6-aminohexylamino)-3-phenylpropanoic acid,[*]NCCCCCCN[C@H](Cc1ccccc1)C([*])=O |$_R1;;;;;;;;;;;;;;;;;;_R2;$|,,(2R)-2-(6-aminohexylamino)-3-phenylpropanoic acid,F,Backbone,PEPTIDE,H,OH,-,CNCCCCCCN[C@@H](C=O)Cc1ccccc1,,,N.D,N.D
281,Mono88,N.D,M088,{nnr:M88},(2S)-2-[6-aminohexyl(methyl)amino]-3-phenylpropanoic acid,CN(CCCCCCN[*])[C@@H](Cc1ccccc1)C([*])=O |$;;;;;;;;;_R1;;;;;;;;;;_R2;$|,,(2S)-2-[6-aminohexyl(methyl)amino]-3-phenylpropanoic acid,F,Backbone,PEPTIDE,H,OH,-,CNCCCCCCN(C)[C@H](C=O)Cc1ccccc1,,,N.D,N.D
282,Mono89,N.D,M089,{nnr:M89},2-[6-aminohexyl(benzyl)amino]acetic acid,[*]NCCCCCCN(CC([*])=O)Cc1ccccc1 |$_R1;;;;;;;;;;;_R2;;;;;;;;$|,,2-[6-aminohexyl(benzyl)amino]acetic acid,F,Backbone,PEPTIDE,H,OH,-,CNCCCCCCN(CC=O)Cc1ccccc1,,,N.D,N.D
283,Mono90,N.D,M090,{nnr:M90},(2S)-2-[6-(methylamino)hexylamino]-3-phenylpropanoic acid,CN([*])CCCCCCN[C@@H](Cc1ccccc1)C([*])=O |$;;_R1;;;;;;;;;;;;;;;;;_R2;$|,,(2S)-2-[6-(methylamino)hexylamino]-3-phenylpropanoic acid,F,Backbone,PEPTIDE,H,OH,-,CN(C)CCCCCCN[C@H](C=O)Cc1ccccc1,,,N.D,N.D
284,Mono91,N.D,M091,{nnr:M91},(2S)-2-[acetyl(6-aminohexyl)amino]-3-phenylpropanoic acid,CC(=O)N(CCCCCCN[*])[C@@H](Cc1ccccc1)C([*])=O |$;;;;;;;;;;;_R1;;;;;;;;;;_R2;$|,,(2S)-2-[acetyl(6-aminohexyl)amino]-3-phenylpropanoic acid,F,Backbone,PEPTIDE,H,OH,-,CNCCCCCCN(C(C)=O)[C@H](C=O)Cc1ccccc1,,,N.D,N.D
285,Mono92,N.D,M092,{nnr:M92},(2R)-5-amino-2-methylpentanoic acid,C[C@H](CCCN[*])C([*])=O |$;;;;;;_R1;;_R2;$|,,(2R)-5-amino-2-methylpentanoic acid,X,Backbone,PEPTIDE,H,OH,-,CNCCC[C@@H](C)C=O,,,97053182,N.D
286,Mono93,N.D,M093,{nnr:M93},(2S)-5-amino-2-methylpentanoic acid,C[C@@H](CCCN[*])C([*])=O |$;;;;;;_R1;;_R2;$|,,(2S)-5-amino-2-methylpentanoic acid,X,Backbone,PEPTIDE,H,OH,-,CNCCC[C@H](C)C=O,,,55284073,N.D
287,Mono94,N.D,M094,{nnr:M94},(3R)-5-amino-3-methylpentanoic acid,C[C@H](CCN[*])CC([*])=O |$;;;;;_R1;;;_R2;$|,,(3R)-5-amino-3-methylpentanoic acid,X,Backbone,PEPTIDE,H,OH,-,CNCC[C@@H](C)CC=O,,,96503353,N.D
288,Mono95,N.D,M095,{nnr:M95},(3S)-5-amino-3-methylpentanoic acid,C[C@@H](CCN[*])CC([*])=O |$;;;;;_R1;;;_R2;$|,,(3S)-5-amino-3-methylpentanoic acid,X,Backbone,PEPTIDE,H,OH,-,CNCC[C@H](C)CC=O,,,55290617,N.D
289,Mono96,N.D,M096,{nnr:M96},(4R)-5-amino-4-methylpentanoic acid,C[C@H](CCC([*])=O)CN[*] |$;;;;;_R2;;;;_R1$|,,(4R)-5-amino-4-methylpentanoic acid,X,Backbone,PEPTIDE,H,OH,-,CNC[C@H](C)CCC=O,,,88066643,N.D
290,Mono97,N.D,M097,{nnr:M97},(4S)-5-amino-4-methylpentanoic acid,C[C@@H](CCC([*])=O)CN[*] |$;;;;;_R2;;;;_R1$|,,(4S)-5-amino-4-methylpentanoic acid,X,Backbone,PEPTIDE,H,OH,-,CNC[C@@H](C)CCC=O,,,96732635,N.D
291,Mono98,N.D,M098,{nnr:M98},(5R)-5-aminohexanoic acid,C[C@H](CCCC([*])=O)N[*] |$;;;;;;_R2;;;_R1$|,,(5R)-5-aminohexanoic acid,X,Backbone,PEPTIDE,H,OH,-,CN[C@H](C)CCCC=O,,,55291308,N.D
292,Mono99,N.D,M099,{nnr:M99},(5S)-5-aminohexanoic acid,C[C@@H](CCCC([*])=O)N[*] |$;;;;;;_R2;;;_R1$|,,(5S)-5-aminohexanoic acid,X,Backbone,PEPTIDE,H,OH,-,CN[C@@H](C)CCCC=O,,,92276817,N.D
293,Mono100,N.D,MO0,{nnr:MO0},2-[(2R)-2-amino-3-(methylamino)-3-oxopropyl]sulfanylacetic acid,CNC(=O)[C@H](CSCC([*])=O)N[*] |$;;;;;;;;;_R2;;;_R1$|,,2-[(2R)-2-amino-3-(methylamino)-3-oxopropyl]sulfanylacetic acid,C,Backbone,PEPTIDE,H,OH,-,CNC(=O)[C@H](CSCC=O)NC,,,N.D,N.D
294,Mono101,N.D,MO1,{nnr:MO1},"2-[(2R)-2,3-bis(methylamino)-3-oxopropyl]sulfanylacetic acid",CNC(=O)[C@H](CSCC([*])=O)N(C)[*] |$;;;;;;;;;_R2;;;;_R1$|,,"2-[(2R)-2,3-bis(methylamino)-3-oxopropyl]sulfanylacetic acid",C,Backbone,PEPTIDE,H,OH,-,CNC(=O)[C@H](CSCC=O)N(C)C,,,N.D,N.D
295,Mono102,N.D,MO2,{nnr:MO2},"2-[(2S)-pyrrolidin-2-yl]-1,3-thiazole-4-carboxylic acid",[*]N1CCC[C@H]1c1nc(C([*])=O)cs1 |$_R1;;;;;;;;;;_R2;;;$|,,"2-[(2S)-pyrrolidin-2-yl]-1,3-thiazole-4-carboxylic acid",X,Backbone,PEPTIDE,H,OH,-,CN1CCC[C@H]1c1nc(C=O)cs1,,,12993296,N.D
296,Mono103,N.D,MO3,{nnr:MO3},"2-[(2S)-1-[(1R)-1-[5-[(1S)-1-amino-2-phenylethylidene]-1,3,4-oxadiazol-2-yl]propyl]pyrrolidin-2-yl]-1,3-thiazole-2-carboxylic acid",CC[C@H](c1nnc([C@H](Cc2ccccc2)N[*])o1)N1CCC[C@H]1c1nc(C([*])=O)cs1 |$;;;;;;;;;;;;;;;;_R1;;;;;;;;;;;_R2;;;$|,,"2-[(2S)-1-[(1R)-1-[5-[(1S)-1-amino-2-phenylethylidene]-1,3,4-oxadiazol-2-yl]propyl]pyrrolidin-2-yl]-1,3-thiazole-2-carboxylic acid",X,Backbone,PEPTIDE,H,OH,-,CC[C@H](c1nnc([C@H](Cc2ccccc2)NC)o1)N1CCC[C@H]1c1nc(C=O)cs1,,,N.D,N.D
297,Mono104,N.D,MO4,{nnr:MO4},"2-[(1S)-1-amino-3-methylbutyl]-1,3-oxazole-4-carboxylic acid",CC(C)C[C@H](N[*])c1nc(C([*])=O)co1 |$;;;;;;_R1;;;;;_R2;;;$|,,"2-[(1S)-1-amino-3-methylbutyl]-1,3-oxazole-4-carboxylic acid",X,Backbone,PEPTIDE,H,OH,-,CN[C@@H](CC(C)C)c1nc(C=O)co1,,,53382347,N.D
298,Mono105,N.D,MO5,{nnr:MO5},"2-[2-[(2S)-1-[(1R)-1-[5-[(1S)-1-amino-2-(4-hydroxycyclohexa-1,3,5-trien-1-yl)ethyl]-1,3,4-oxadiazol-2-yl]propyl]pyrrolidin-2-yl]-1,3-thiazol-4-yl]acetic acid",CC[C@H](c1nnc([C@H](Cc2ccc(O)cc2)N[*])o1)N1CCC[C@H]1c1nc(C([*])=O)cs1 |$;;;;;;;;;;;;;;;;;_R1;;;;;;;;;;;_R2;;;$|,,"2-[2-[(2S)-1-[(1R)-1-[5-[(1S)-1-amino-2-(4-hydroxycyclohexa-1,3,5-trien-1-yl)ethyl]-1,3,4-oxadiazol-2-yl]propyl]pyrrolidin-2-yl]-1,3-thiazol-4-yl]acetic acid",X,Backbone,PEPTIDE,H,OH,-,CC[C@H](c1nnc([C@H](Cc2ccc(O)cc2)NC)o1)N1CCC[C@H]1c1nc(C=O)cs1,,,N.D,N.D
299,Mono106,N.D,MO6,{nnr:MO6},"2-[(1S)-1-amino-2-phenylethyl]-1,3-oxazole-4-carboxylic acid",[*]N[C@@H](Cc1ccccc1)c1nc(C([*])=O)co1 |$_R1;;;;;;;;;;;;;;_R2;;;$|,,"2-[(1S)-1-amino-2-phenylethyl]-1,3-oxazole-4-carboxylic acid",X,Backbone,PEPTIDE,H,OH,-,CN[C@@H](Cc1ccccc1)c1nc(C=O)co1,,,11521491,N.D
300,Mono107,N.D,MO7,{nnr:MO7},"2-[(1S)-1-[[(1R)-1-[3-[(2S)-2-amino-3-phenylpropylidene]-1,3,4-oxadiazol-2-yl]propyl]amino]-2-methylpropyl]-5H-1,3-thiazole-5-carboxylic acid",CC[C@@H](N[C@H](c1nc(C([*])=O)cs1)C(C)C)c1nnc([C@H](Cc2ccccc2)N[*])o1 |$;;;;;;;;;_R2;;;;;;;;;;;;;;;;;;;;_R1;$|,,"2-[(1S)-1-[[(1R)-1-[3-[(2S)-2-amino-3-phenylpropylidene]-1,3,4-oxadiazol-2-yl]propyl]amino]-2-methylpropyl]-5H-1,3-thiazole-5-carboxylic acid",X,Backbone,PEPTIDE,H,OH,-,CC[C@@H](N[C@H](c1nc(C=O)cs1)C(C)C)c1nnc([C@H](Cc2ccccc2)NC)o1,,,N.D,N.D
301,Mono108,N.D,MO8,{nnr:MO8},"(4R)-2-[5-[(2S)-2,3-diamino-3-oxopropyl]-2H-thiopyran-2-yl]-4,5-dihydro-1,3-thiazole-4-carboxylic acid",[*]N[C@@H](Cc1csc(C2=N[C@H](C([*])=O)CS2)c1)C(N)=O |$_R1;;;;;;;;;;;;_R2;;;;;;;$|,,"(4R)-2-[5-[(2S)-2,3-diamino-3-oxopropyl]-2H-thiopyran-2-yl]-4,5-dihydro-1,3-thiazole-4-carboxylic acid",X,Backbone,PEPTIDE,H,OH,-,CN[C@@H](Cc1csc(C2=N[C@H](C=O)CS2)c1)C(N)=O,,,N.D,N.D
302,Mono109,N.D,MO9,{nnr:MO9},"(4R)-2-[6-[(2S)-2-amino-3-amino-3-oxopropyl]-4H-thiopyran-4-yl]-4,5-dihydro-1,3-thiazole-4-carboxylic acid",[*]N[C@@H](Cc1cc(C2=N[C@H](C([*])=O)CS2)cs1)C(N)=O |$_R1;;;;;;;;;;;_R2;;;;;;;;$|,,"(4R)-2-[6-[(2S)-2-amino-3-amino-3-oxopropyl]-4H-thiopyran-4-yl]-4,5-dihydro-1,3-thiazole-4-carboxylic acid",X,Backbone,PEPTIDE,H,OH,-,CN[C@@H](Cc1cc(C2=N[C@H](C=O)CS2)cs1)C(N)=O,,,N.D,N.D
303,Mono110,N.D,MN0,{nnr:MN0},"(4R)-2-[3-[(2S)-2-amino-3-amino-3-oxopropyl]cyclohepta-2,4,6-trien-1-yl]-4,5-dihydro-1,3-thiazole-4-carboxylic acid",[*]N[C@@H](Cc1cccc(C2=N[C@H](C([*])=O)CS2)c1)C(N)=O |$_R1;;;;;;;;;;;;;_R2;;;;;;;$|,,"(4R)-2-[3-[(2S)-2-amino-3-amino-3-oxopropyl]cyclohepta-2,4,6-trien-1-yl]-4,5-dihydro-1,3-thiazole-4-carboxylic acid",X,Backbone,PEPTIDE,H,OH,-,CN[C@@H](Cc1cccc(C2=N[C@H](C=O)CS2)c1)C(N)=O,,,N.D,N.D
304,Mono111,N.D,MN1,{nnr:MN1},"(4R)-2-[6-[(2S)-2-amino-3-amino-3-oxopropyl]-3H-azepin-8-yl]-4,5-dihydro-1,3-thiazole-4-carboxylic acid",[*]N[C@@H](Cc1cncc(C2=N[C@H](C([*])=O)CS2)c1)C(N)=O |$_R1;;;;;;;;;;;;;_R2;;;;;;;$|,,"(4R)-2-[6-[(2S)-2-amino-3-amino-3-oxopropyl]-3H-azepin-8-yl]-4,5-dihydro-1,3-thiazole-4-carboxylic acid",X,Backbone,PEPTIDE,H,OH,-,CN[C@@H](Cc1cncc(C2=N[C@H](C=O)CS2)c1)C(N)=O,,,N.D,N.D
305,Mono112,N.D,MN2,{nnr:MN2},"(4R)-2-[(2S)-2,3-diamino-3-oxopropyl]-4,5-dihydro-1,3-thiazole-4-carboxylic acid",[*]N[C@@H](CC1=N[C@H](C([*])=O)CS1)C(N)=O |$_R1;;;;;;;;_R2;;;;;;$|,,"(4R)-2-[(2S)-2,3-diamino-3-oxopropyl]-4,5-dihydro-1,3-thiazole-4-carboxylic acid",X,Backbone,PEPTIDE,H,OH,-,CN[C@@H](CC1=N[C@H](C=O)CS1)C(N)=O,,,N.D,N.D
306,ac-,N-Terminal acetic acid,,{nt:ACE},acetic acid,CC([*])=O |$;;_R2;$|,,acetic acid,X,Terminal,PEPTIDE,-,OH,-,CC=O,,,176,N.D
307,deca-,N-Terminal decanoic acid,,{nt:DKA},decanoic acid,CCCCCCCCCC([*])=O |$;;;;;;;;;;_R2;$|,,decanoic acid,X,Terminal,PEPTIDE,-,OH,-,CCCCCCCCCC=O,,,2969,N.D
308,glyco-,N-Terminal glycolic acid,,{nt:GOA},2-hydroxyacetic acid,[*]C(=O)CO |$_R2;;;;$|,,2-hydroxyacetic acid,G,Terminal,PEPTIDE,-,OH,-,O=CCO,,,757,N.D
309,medl-,N-Terminal N-methyl-D-leucine,,{nt:DLN},(2R)-4-methyl-2-(methylamino)pentanoic acid,CN[C@H](CC(C)C)C([*])=O |$;;;;;;;;_R2;$|,,(2R)-4-methyl-2-(methylamino)pentanoic acid,L,Terminal,PEPTIDE,-,OH,-,CN[C@@H](C=O)CC(C)C,,,6951123,Me-D-Leu-OH
310,#NAME?,C-Terminal piperidine,,{ct:PPD},piperidine,[*]N1CCCCC1 |$_R1;;;;;;$|,,piperidine,X,Terminal,PEPTIDE,H,-,-,CN1CCCCC1,,,8082,N.D
311,Mono21-,N.D,M21,{nnr:M21},"(2E,4E)-6-oxohexa-2,4-dienoic acid",[*]C(=O)/C=C/C=C/C=O |$_R2;;;;;;;;$|,,"(2E,4E)-6-oxohexa-2,4-dienoic acid",X,Terminal,PEPTIDE,-,OH,-,O=C/C=C/C=C/C=O,,,6440125,N.D
312,Mono22-,N.D,M22,{nnr:M22},"(4Z,6E)-2,3-dihydroxy-2,6,8-trimethyldeca-4,6-dienoic acid",CCC(C)/C=C(C)/C=C\C(O)C(C)(O)C([*])=O |$;;;;;;;;;;;;;;;_R2;$|,,"(4Z,6E)-2,3-dihydroxy-2,6,8-trimethyldeca-4,6-dienoic acid",X,Terminal,PEPTIDE,-,OH,-,CCC(C)/C=C(C)/C=C\C(O)C(C)(O)C=O,,,152753653,N.D
313,dW,D-tryptophan,,W{d},(2R)-2-amino-3-(1H-indol-3-yl)propanoic acid,[*]N[C@H](Cc1c[nH]c2ccccc12)C([*])=O |$_R1;;;;;;;;;;;;;;_R2;$|,,(2R)-2-amino-3-(1H-indol-3-yl)propanoic acid,W,Backbone,PEPTIDE,H,OH,-,CN[C@@H](C=O)Cc1c[nH]c2ccccc12,,,9060,H-D-Trp-OH
314,Ala(O->S),N.D,AOS,{nnr:AOS},N.D,C[C@H](N[*])C([*])=S |$;;;_R1;;_R2;$|,,N.D,A,Backbone,PEPTIDE,H,OH,-,CN[C@@H](C)C=S,,,N.D,N.D
315,dAla(O->S),N.D,DAS,{nnr:DAS},N.D,C[C@@H](N[*])C([*])=S |$;;;_R1;;_R2;$|,,N.D,A,Backbone,PEPTIDE,H,OH,-,CN[C@H](C)C=S,,,N.D,N.D
316,Phe(O->S),N.D,PHS,{nnr:PHS},N.D,[*]N[C@@H](Cc1ccccc1)C([*])=S |$_R1;;;;;;;;;;;_R2;$|,,N.D,F,Backbone,PEPTIDE,H,OH,-,CN[C@H](C=S)Cc1ccccc1,,,N.D,N.D
317,Ile(O->S),N.D,IOS,{nnr:IOS},N.D,CC[C@H](C)[C@H](N[*])C([*])=S |$;;;;;;_R1;;_R2;$|,,N.D,I,Backbone,PEPTIDE,H,OH,-,CC[C@H](C)[C@@H](C=S)NC,,,N.D,N.D
318,Lys(O->S),N.D,LOS,{nnr:LOS},N.D,[*]N[C@@H](CCCCN[*])C([*])=S |$_R1;;;;;;;;_R3;;_R2;$|,,N.D,K,Backbone,PEPTIDE,H,OH,H,CNCCCC[C@@H](C=S)NC,,,N.D,N.D
319,Leu(O->S),N.D,LES,{nnr:LES},N.D,CC(C)C[C@H](N[*])C([*])=S |$;;;;;;_R1;;_R2;$|,,N.D,L,Backbone,PEPTIDE,H,OH,-,CN[C@H](C=S)CC(C)C,,,N.D,N.D
320,dLeu(O->S),N.D,DLS,{nnr:DLS},N.D,CC(C)C[C@@H](N[*])C([*])=S |$;;;;;;_R1;;_R2;$|,,N.D,L,Backbone,PEPTIDE,H,OH,-,CN[C@@H](C=S)CC(C)C,,,N.D,N.D
321,Pro(O->S),N.D,POS,{nnr:POS},N.D,[*]N1CCC[C@H]1C([*])=S |$_R1;;;;;;;_R2;$|,,N.D,P,Backbone,PEPTIDE,H,OH,-,CN1CCC[C@H]1C=S,,,N.D,N.D
322,dPro(O->S),N.D,DPS,{nnr:DPS},N.D,[*]N1CCC[C@@H]1C([*])=S |$_R1;;;;;;;_R2;$|,,N.D,P,Backbone,PEPTIDE,H,OH,-,CN1CCC[C@@H]1C=S,,,N.D,N.D
323,Thr(O->S),N.D,TRH,{nnr:TRH},N.D,C[C@@H](O[*])[C@H](N[*])C([*])=S |$;;;_R3;;;_R1;;_R2;$|,,N.D,T,Backbone,PEPTIDE,H,OH,H,CN[C@H](C=S)[C@@H](C)OC,,,N.D,N.D
324,dTrp(O->S),N.D,TDS,{nnr:TDS},N.D,[*]N[C@H](Cc1c[nH]c2ccccc12)C([*])=S |$_R1;;;;;;;;;;;;;;_R2;$|,,N.D,W,Backbone,PEPTIDE,H,OH,-,CN[C@@H](C=S)Cc1c[nH]c2ccccc12,,,N.D,N.D
325,Tyr(O->S),N.D,TOS,{nnr:TOS},N.D,[*]N[C@@H](Cc1ccc(O)cc1)C([*])=S |$_R1;;;;;;;;;;;;_R2;$|,,N.D,Y,Backbone,PEPTIDE,H,OH,-,CN[C@H](C=S)Cc1ccc(O)cc1,,,N.D,N.D
326,Ac3c,N.D,ACR,{nnr:ACR},1-aminocyclopropane-1-carboxylic acid,[*]NC1(C([*])=O)CC1 |$_R1;;;;_R2;;;$|,,1-aminocyclopropane-1-carboxylic acid,X,Backbone,PEPTIDE,H,OH,-,CNC1(C=O)CC1,,,535,H-Ac3c-OH
327,Abu(5-Tet),N.D,ABT,{nnr:ABT},(2S)-2-amino-4-(2H-tetrazol-5-yl)butanoic acid,[*]N[C@@H](CCc1nn[nH]n1)C([*])=O |$_R1;;;;;;;;;;;_R2;$|,,(2S)-2-amino-4-(2H-tetrazol-5-yl)butanoic acid,X,Backbone,PEPTIDE,H,OH,-,CN[C@H](C=O)CCc1nn[nH]n1,,,44362569,H-Abu(tetrazol-5-yl)-OH
328,Gly(allyl),L-allylglycine,,{nnr:2UM},(2S)-2-aminopent-4-enoic acid,C=CC[C@H](N[*])C([*])=O |$;;;;;_R1;;_R2;$|,,(2S)-2-aminopent-4-enoic acid,G,Backbone,PEPTIDE,H,OH,-,C=CC[C@@H](C=O)NC,,,167529,H-Gly(allyl)-OH
329,#NAME?,C-Terminal pyrrolidine,,{ct:YRP},pyrrolidine,[*]N1CCCC1 |$_R1;;;;;$|,,pyrrolidine,X,Terminal,PEPTIDE,H,-,-,CN1CCCC1,,,31268,N.D
330,Aze,L-azetidine-2-carboxylic acid,AZE,{nnr:AZE},(2S)-azetidine-2-carboxylic acid,[*]N1CC[C@H]1C([*])=O |$_R1;;;;;;_R2;$|,,(2S)-azetidine-2-carboxylic acid,X,Backbone,PEPTIDE,H,OH,-,CN1CC[C@H]1C=O,,,16486,H-Aze-OH
331,Bal(d3-Me),D-3-aminobutyric acid,BUA,{nnr:BUA},(3R)-3-aminobutanoic acid,C[C@H](CC([*])=O)N[*] |$;;;;_R2;;;_R1$|,,(3R)-3-aminobutanoic acid,A,Backbone,PEPTIDE,H,OH,-,CN[C@H](C)CC=O,,,5706670,H-bAla(3R-Me)-OH
332,Me_Bal(d3-Me),N-methyl-D-3-aminobutyric acid,BAM,{nnr:BAM},(3R)-3-(methylamino)butanoic acid,C[C@H](CC([*])=O)N(C)[*] |$;;;;_R2;;;;_R1$|,,(3R)-3-(methylamino)butanoic acid,A,Backbone,PEPTIDE,H,OH,-,C[C@H](CC=O)N(C)C,,,22865769,Me-bAla(3R-Me)-OH
333,Bal(d3-EtPh),N.D,BRE,{nnr:BRE},(3R)-3-amino-5-phenylpentanoic acid,[*]N[C@H](CCc1ccccc1)CC([*])=O |$_R1;;;;;;;;;;;;;_R2;$|,,(3R)-3-amino-5-phenylpentanoic acid,A,Backbone,PEPTIDE,H,OH,-,CN[C@@H](CC=O)CCc1ccccc1,,,7009759,H-bAla(3R-EtPh)-OH
334,meH,N-methyl-L-histidine,,{nnr:IIT},(2S)-3-(1H-imidazol-5-yl)-2-(methylamino)propanoic acid,CN([*])[C@@H](Cc1c[nH]cn1)C([*])=O |$;;_R1;;;;;;;;;_R2;$|,,(2S)-3-(1H-imidazol-5-yl)-2-(methylamino)propanoic acid,H,Backbone,PEPTIDE,H,OH,-,CN(C)[C@H](C=O)Cc1c[nH]cn1,,,90638,Me-His-OH
335,Phe(3-Cl),3-chloro-L-phenylalanine,,{nnr:ZDY},(2S)-2-amino-3-(3-chlorophenyl)propanoic acid,[*]N[C@@H](Cc1cccc(Cl)c1)C([*])=O |$_R1;;;;;;;;;;;;_R2;$|,,(2S)-2-amino-3-(3-chlorophenyl)propanoic acid,F,Backbone,PEPTIDE,H,OH,-,CN[C@H](C=O)Cc1cccc(Cl)c1,,,2761492,H-Phe(3-Cl)-OH
336,Phe(3-F),3-fluoro-L-phenylalanine,,{nnr:FZD},(2S)-2-amino-3-(3-fluorophenyl)propanoic acid,[*]N[C@@H](Cc1cccc(F)c1)C([*])=O |$_R1;;;;;;;;;;;;_R2;$|,,(2S)-2-amino-3-(3-fluorophenyl)propanoic acid,F,Backbone,PEPTIDE,H,OH,-,CN[C@H](C=O)Cc1cccc(F)c1,,,716315,H-Phe(3-F)-OH
337,Phe(4-Cl),4-chloro-L-phenylalanine,,{nnr:YDC},(2S)-2-amino-3-(4-chlorophenyl)propanoic acid,[*]N[C@@H](Cc1ccc(Cl)cc1)C([*])=O |$_R1;;;;;;;;;;;;_R2;$|,,(2S)-2-amino-3-(4-chlorophenyl)propanoic acid,F,Backbone,PEPTIDE,H,OH,-,CN[C@H](C=O)Cc1ccc(Cl)cc1,,,736190,H-Phe(4-Cl)-OH
338,Mono113,N.D,MN3,{nnr:MN3},(2R)-3-amino-2-methylpropanoic acid,C[C@H](CN[*])C([*])=O |$;;;;_R1;;_R2;$|,,(2R)-3-amino-2-methylpropanoic acid,X,Backbone,PEPTIDE,H,OH,-,CNC[C@@H](C)C=O,,,5459822,H-bAib(R)-OH
339,Ser(tBuOH),N.D,STB,{nnr:STB},(2S)-2-amino-3-(2-hydroxy-2-methylpropoxy)propanoic acid,CC(C)(O)COC[C@H](N[*])C([*])=O |$;;;;;;;;;_R1;;_R2;$|,,(2S)-2-amino-3-(2-hydroxy-2-methylpropoxy)propanoic acid,S,Backbone,PEPTIDE,H,OH,-,CN[C@H](C=O)COCC(C)(C)O,,,142490730,N.D
340,Val(3-OH),3-hydroxy-L-valine,,{nnr:9S9},(2S)-2-amino-3-hydroxy-3-methylbutanoic acid,CC(C)(O)[C@H](N[*])C([*])=O |$;;;;;;_R1;;_R2;$|,,(2S)-2-amino-3-hydroxy-3-methylbutanoic acid,V,Backbone,PEPTIDE,H,OH,-,CN[C@H](C=O)C(C)(C)O,,,192763,H-Val(3-OH)-OH
341,Mono114,N.D,MN4,{nnr:MN4},4-(ethylamino)butanoic acid,CCN([*])CCCC([*])=O |$;;;_R1;;;;;_R2;$|,,4-(ethylamino)butanoic acid,X,Backbone,PEPTIDE,H,OH,-,CCN(C)CCCC=O,,,13082753,N.D
342,Ac5c,Cycloleucine,AC5,{nnr:AC5},1-aminocyclopentane-1-carboxylic acid,[*]NC1(C([*])=O)CCCC1 |$_R1;;;;_R2;;;;;$|,,1-aminocyclopentane-1-carboxylic acid,X,Backbone,PEPTIDE,H,OH,-,CNC1(C=O)CCCC1,,,2901,H-Ac5c-OH
343,"Hph(4-CF3,3,5-diF)",N.D,FFB,{nnr:FFB},"(2S)-2-amino-4-[3,5-difluoro-4-(trifluoromethyl)phenyl]butanoic acid",[*]N[C@@H](CCc1cc(F)c(C(F)(F)F)c(F)c1)C([*])=O |$_R1;;;;;;;;;;;;;;;;;;_R2;$|,,"(2S)-2-amino-4-[3,5-difluoro-4-(trifluoromethyl)phenyl]butanoic acid",F,Backbone,PEPTIDE,H,OH,-,CN[C@H](C=O)CCc1cc(F)c(C(F)(F)F)c(F)c1,,,168451630,N.D
344,Hph(4-Me),4-methyl-L-homophe,4MH,{nnr:4MH},(2S)-2-amino-4-(4-methylphenyl)butanoic acid,Cc1ccc(CC[C@H](N[*])C([*])=O)cc1 |$;;;;;;;;;_R1;;_R2;;;$|,,(2S)-2-amino-4-(4-methylphenyl)butanoic acid,F,Backbone,PEPTIDE,H,OH,-,CN[C@H](C=O)CCc1ccc(C)cc1,,,72208743,H-hPhe(4-Me)-OH
345,"Phe(3,5-diCl)","3,5-dichloro-L-phenylalanine",,{nnr:DLO},"(2S)-2-amino-3-(3,5-dichlorophenyl)propanoic acid",[*]N[C@@H](Cc1cc(Cl)cc(Cl)c1)C([*])=O |$_R1;;;;;;;;;;;;;_R2;$|,,"(2S)-2-amino-3-(3,5-dichlorophenyl)propanoic acid",F,Backbone,PEPTIDE,H,OH,-,CN[C@H](C=O)Cc1cc(Cl)cc(Cl)c1,,,185308,N.D
346,"Hph(4-CF3,3-Cl)",N.D,TPB,{nnr:TPB},(2S)-2-amino-4-[3-chloro-4-(trifluoromethyl)phenyl]butanoic acid,[*]N[C@@H](CCc1ccc(C(F)(F)F)c(Cl)c1)C([*])=O |$_R1;;;;;;;;;;;;;;;;;_R2;$|,,(2S)-2-amino-4-[3-chloro-4-(trifluoromethyl)phenyl]butanoic acid,F,Backbone,PEPTIDE,H,OH,-,CN[C@H](C=O)CCc1ccc(C(F)(F)F)c(Cl)c1,,,168435889,N.D
347,Me_Phe(4-Me),N-methyl-4-methyl-L-phenylalanine,,{nnr:1Z2},(2S)-2-(methylamino)-3-(4-methylphenyl)propanoic acid,Cc1ccc(C[C@@H](C([*])=O)N(C)[*])cc1 |$;;;;;;;;_R2;;;;_R1;;$|,,(2S)-2-(methylamino)-3-(4-methylphenyl)propanoic acid,F,Backbone,PEPTIDE,H,OH,-,Cc1ccc(C[C@@H](C=O)N(C)C)cc1,,,66806119,Me-Phe(4-Me)-OH
348,Hph(4-tBu),4-tert-butyl-L-homophe,4TH,{nnr:4TH},(2S)-2-amino-4-(4-tert-butylphenyl)butanoic acid,CC(C)(C)c1ccc(CC[C@H](N[*])C([*])=O)cc1 |$;;;;;;;;;;;;_R1;;_R2;;;$|,,(2S)-2-amino-4-(4-tert-butylphenyl)butanoic acid,F,Backbone,PEPTIDE,H,OH,-,CN[C@H](C=O)CCc1ccc(C(C)(C)C)cc1,,,11287784,H-hPhe(4-tBu)-OH
349,"Hph(3,4-diCl)","3,4-dichloro-L-homophe",DLH,{nnr:DLH},"(2S)-2-amino-4-(3,4-dichlorophenyl)butanoic acid",[*]N[C@@H](CCc1ccc(Cl)c(Cl)c1)C([*])=O |$_R1;;;;;;;;;;;;;;_R2;$|,,"(2S)-2-amino-4-(3,4-dichlorophenyl)butanoic acid",F,Backbone,PEPTIDE,H,OH,-,CN[C@H](C=O)CCc1ccc(Cl)c(Cl)c1,,,72208939,N.D
350,Hch,N.D,HCH,{nnr:HCH},(2S)-2-amino-4-cyclohexylbutanoic acid,[*]N[C@@H](CCC1CCCCC1)C([*])=O |$_R1;;;;;;;;;;;;_R2;$|,,(2S)-2-amino-4-cyclohexylbutanoic acid,F,Backbone,PEPTIDE,H,OH,-,CN[C@H](C=O)CCC1CCCCC1,,,22839041,H-Abu(cHex)-OH
351,"Phe(3-Cl,5-F)",N.D,PCF,{nnr:PCF},(2S)-2-amino-3-(3-chloro-5-fluorophenyl)propanoic acid,[*]N[C@@H](Cc1cc(F)cc(Cl)c1)C([*])=O |$_R1;;;;;;;;;;;;;_R2;$|,,(2S)-2-amino-3-(3-chloro-5-fluorophenyl)propanoic acid,F,Backbone,PEPTIDE,H,OH,-,CN[C@H](C=O)Cc1cc(F)cc(Cl)c1,,,66815479,N.D
352,Me_Gly(cPent),N-methyl-2-cyclopentyl-L-glycine,,{nnr:XLA},(2S)-2-cyclopentyl-2-(methylamino)acetic acid,CN([*])[C@H](C([*])=O)C1CCCC1 |$;;_R1;;;_R2;;;;;;$|,,(2S)-2-cyclopentyl-2-(methylamino)acetic acid,G,Backbone,PEPTIDE,H,OH,-,CN(C)[C@H](C=O)C1CCCC1,,,23589229,Me-Gly(cPent)-OH
353,Phe(3-CF3),3-trifluoromethyl-L-phenylalanine,,{nnr:JBX},(2S)-2-amino-3-[3-(trifluoromethyl)phenyl]propanoic acid,[*]N[C@@H](Cc1cccc(C(F)(F)F)c1)C([*])=O |$_R1;;;;;;;;;;;;;;;_R2;$|,,(2S)-2-amino-3-[3-(trifluoromethyl)phenyl]propanoic acid,F,Backbone,PEPTIDE,H,OH,-,CN[C@H](C=O)Cc1cccc(C(F)(F)F)c1,,,2777600,H-Phe(3-CF3)-OH
354,Et_Phe(4-Me),N-ethyl-4-methyl-L-phenylalanine,,{nnr:G1A},(2S)-2-(ethylamino)-3-(4-methylphenyl)propanoic acid,CCN([*])[C@@H](Cc1ccc(C)cc1)C([*])=O |$;;;_R1;;;;;;;;;;;_R2;$|,,(2S)-2-(ethylamino)-3-(4-methylphenyl)propanoic acid,F,Backbone,PEPTIDE,H,OH,-,CCN(C)[C@H](C=O)Cc1ccc(C)cc1,,,168451629,Et-Phe(4-Me)-OH
355,Hph(4-CF3),4-trifluoromethyl-L-homophe,TFP,{nnr:TFP},(2S)-2-amino-4-[4-(trifluoromethyl)phenyl]butanoic acid,[*]N[C@@H](CCc1ccc(C(F)(F)F)cc1)C([*])=O |$_R1;;;;;;;;;;;;;;;;_R2;$|,,(2S)-2-amino-4-[4-(trifluoromethyl)phenyl]butanoic acid,F,Backbone,PEPTIDE,H,OH,-,CN[C@H](C=O)CCc1ccc(C(F)(F)F)cc1,,,51893619,H-hPhe(4-CF3)-OH
356,0,C-Terminal dimethylamine,TCD,{ct:TCD},N-methylmethanamine,CN(C)[*] |$;;;_R1$|,,N-methylmethanamine,X,Terminal,PEPTIDE,H,-,-,CN(C)C,,,674,N.D
357,Mono115,N.D,,{nnr:MN5},2-[(2R)-3-ethoxy-2-(methylamino)-3-oxopropyl]sulfanylaceticacid,CCOC(=O)[C@H](CSCC([*])=O)N(C)[*] |$;;;;;;;;;;_R2;;;;_R1$|,,2-[(2R)-3-ethoxy-2-(methylamino)-3-oxopropyl]sulfanylaceticacid,C,Backbone,PEPTIDE,H,OH,-,CCOC(=O)[C@H](CSCC=O)N(C)C,,,N.D,N.D
358,Chg,L-cyclohexylglycine,,{nnr:JHQ},(2S)-2-amino-2-cyclohexylacetic acid,[*]N[C@H](C([*])=O)C1CCCCC1 |$_R1;;;;_R2;;;;;;;$|,,(2S)-2-amino-2-cyclohexylacetic acid,G,Backbone,PEPTIDE,H,OH,-,CN[C@H](C=O)C1CCCCC1,,,736848,H-Chg-OH
359,Me_Chg,N-methyl-L-cyclohexylglycine,,{nnr:X7U},(2S)-2-cyclohexyl-2-(methylamino)acetic acid,CN([*])[C@H](C([*])=O)C1CCCCC1 |$;;_R1;;;_R2;;;;;;;$|,,(2S)-2-cyclohexyl-2-(methylamino)acetic acid,G,Backbone,PEPTIDE,H,OH,-,CN(C)[C@H](C=O)C1CCCCC1,,,11229045,Me-Chg-OH
360,Et_Leu,N-ethyl-L-leucine,,{nnr:YXL},(2S)-2-(ethylamino)-4-methylpentanoic acid,CCN([*])[C@@H](CC(C)C)C([*])=O |$;;;_R1;;;;;;;_R2;$|,,(2S)-2-(ethylamino)-4-methylpentanoic acid,L,Backbone,PEPTIDE,H,OH,-,CCN(C)[C@H](C=O)CC(C)C,,,11367161,Et-Leu-OH
361,Me_Ser(Me),"N,O-dimethyl-L-serine",,{nnr:0E9},(2S)-3-methoxy-2-(methylamino)propanoic acid,COC[C@@H](C([*])=O)N(C)[*] |$;;;;;_R2;;;;_R1$|,,(2S)-3-methoxy-2-(methylamino)propanoic acid,S,Backbone,PEPTIDE,H,OH,-,COC[C@@H](C=O)N(C)C,,,53648134,Me-Ser(Me)-OH
362,Me_Hse(Me),"N,O-dimethyl-L-homoserine",NHS,{nnr:NHS},(2S)-4-methoxy-2-(methylamino)butanoic acid,COCC[C@@H](C([*])=O)N(C)[*] |$;;;;;;_R2;;;;_R1$|,,(2S)-4-methoxy-2-(methylamino)butanoic acid,S,Backbone,PEPTIDE,H,OH,-,COCC[C@@H](C=O)N(C)C,,,88325989,Me-Hse(Me)-OH
363,Gly(cPr),L-cyclopropylglycine,,{nnr:VFQ},(2S)-2-amino-2-cyclopropylacetic acid,[*]N[C@H](C([*])=O)C1CC1 |$_R1;;;;_R2;;;;$|,,(2S)-2-amino-2-cyclopropylacetic acid,G,Backbone,PEPTIDE,H,OH,-,CN[C@H](C=O)C1CC1,,,1501944,H-Gly(cPr)-OH
364,Me_Gly(cPr),N-methyl-L-cyclopropylglycine,,{nnr:TIP},(2S)-2-cyclopropyl-2-(methylamino)acetic acid,CN([*])[C@H](C([*])=O)C1CC1 |$;;_R1;;;_R2;;;;$|,,(2S)-2-cyclopropyl-2-(methylamino)acetic acid,G,Backbone,PEPTIDE,H,OH,-,CN(C)[C@H](C=O)C1CC1,,,89042689,Me-Gly(cPr)-OH
365,Gly(cBu),2-cyclobutyl-L-glycine,,{nnr:UVR},(2S)-2-amino-2-cyclobutylacetic acid,[*]N[C@H](C([*])=O)C1CCC1 |$_R1;;;;_R2;;;;;$|,,(2S)-2-amino-2-cyclobutylacetic acid,G,Backbone,PEPTIDE,H,OH,-,CN[C@H](C=O)C1CCC1,,,29945860,H-Gly(cBu)-OH
366,Me_Gly(cBu),N-methyl-2-cyclobutyl-L-glycine,,{nnr:EIY},(2S)-2-cyclobutyl-2-(methylamino)acetic acid,CN([*])[C@H](C([*])=O)C1CCC1 |$;;_R1;;;_R2;;;;;$|,,(2S)-2-cyclobutyl-2-(methylamino)acetic acid,G,Backbone,PEPTIDE,H,OH,-,CN(C)[C@H](C=O)C1CCC1,,,96219530,Me-Gly(cBu)-OH
367,Gly(cPent),L-cyclopentylglycine,,{nnr:N54},(2S)-2-amino-2-cyclopentylacetic acid,[*]N[C@H](C([*])=O)C1CCCC1 |$_R1;;;;_R2;;;;;;$|,,(2S)-2-amino-2-cyclopentylacetic acid,G,Backbone,PEPTIDE,H,OH,-,CN[C@H](C=O)C1CCCC1,,,10374564,H-Gly(cPent)-OH
368,Ala(cPr),L-cyclopropylalanine,,{nnr:ZF6},(2S)-2-amino-3-cyclopropylpropanoic acid,[*]N[C@@H](CC1CC1)C([*])=O |$_R1;;;;;;;;_R2;$|,,(2S)-2-amino-3-cyclopropylpropanoic acid,A,Backbone,PEPTIDE,H,OH,-,CN[C@H](C=O)CC1CC1,,,6951383,H-Ala(cPr)-OH
369,Ala(cBu),3-cyclobutyl-L-alanine,,{nnr:T7T},(2S)-2-amino-3-cyclobutylpropanoic acid,[*]N[C@@H](CC1CCC1)C([*])=O |$_R1;;;;;;;;;_R2;$|,,(2S)-2-amino-3-cyclobutylpropanoic acid,A,Backbone,PEPTIDE,H,OH,-,CN[C@H](C=O)CC1CCC1,,,50999324,H-Ala(cBu)-OH
370,Ala(cPent),3-cyclopentane-L-alanine,,{nnr:U92},(2S)-2-amino-3-cyclopentylpropanoic acid,[*]N[C@@H](CC1CCCC1)C([*])=O |$_R1;;;;;;;;;;_R2;$|,,(2S)-2-amino-3-cyclopentylpropanoic acid,A,Backbone,PEPTIDE,H,OH,-,CN[C@H](C=O)CC1CCCC1,,,7000137,H-Ala(cPent)-OH
371,Me_Nva(F2),N.D,M5P,{nnr:M5P},"(2S)-5,5-difluoro-2-(methylamino)pentanoic acid",CN([*])[C@@H](CCC(F)F)C([*])=O |$;;_R1;;;;;;;;_R2;$|,,"(2S)-5,5-difluoro-2-(methylamino)pentanoic acid",V,Backbone,PEPTIDE,H,OH,-,CN(C)[C@H](C=O)CCC(F)F,,,165174483,N.D
372,#NAME?,C-Terminal morpholineamide,,{ct:MOR},morpholine-4-carboxamide,[*]N1CCOCC1 |$_R1;;;;;;$|,,morpholine-4-carboxamide,X,Terminal,PEPTIDE,H,-,-,CN1CCOCC1,,,75088,N.D
373,#NAME?,C-Terminal azetidine,,{ct:AZE},azetidine,[*]N1CCC1 |$_R1;;;;$|,,azetidine,X,Terminal,PEPTIDE,H,-,-,CN1CCC1,,,10422,N.D
374,Mono116,N.D,MN6,{nnr:MN6},2-[4-(methylaminomethyl)triazol-1-yl]acetic acid,CN([*])Cc1cn(CC([*])=O)nn1 |$;;_R1;;;;;;;_R2;;;$|,,2-[4-(methylaminomethyl)triazol-1-yl]acetic acid,X,Backbone,PEPTIDE,H,OH,-,CN(C)Cc1cn(CC=O)nn1,,,81618209,N.D
375,Mono117,N.D,MN7,{nnr:MN7},(2S)-2-[[5-(aminomethyl)-1H-pyrrol-2-yl]methylamino]-3-phenylpropanoicacid,[*]NCc1ccc(CN[C@@H](Cc2ccccc2)C([*])=O)[nH]1 |$_R1;;;;;;;;;;;;;;;;;;_R2;;$|,,(2S)-2-[[5-(aminomethyl)-1H-pyrrol-2-yl]methylamino]-3-phenylpropanoicacid,F,Backbone,PEPTIDE,H,OH,-,CNCc1ccc(CN[C@H](C=O)Cc2ccccc2)[nH]1,,,N.D,N.D
376,Mono118,N.D,MN8,{nnr:MN8},(2S)-2-[[5-(aminomethyl)-1H-pyrrol-2-yl]methyl-methylamino]-3-phenylpropanoicacid,CN(Cc1ccc(CN[*])[nH]1)[C@@H](Cc1ccccc1)C([*])=O |$;;;;;;;;;_R1;;;;;;;;;;;_R2;$|,,(2S)-2-[[5-(aminomethyl)-1H-pyrrol-2-yl]methyl-methylamino]-3-phenylpropanoicacid,F,Backbone,PEPTIDE,H,OH,-,CNCc1ccc(CN(C)[C@H](C=O)Cc2ccccc2)[nH]1,,,N.D,N.D
377,Mono119,N.D,MN9,{nnr:MN9},(2S)-2-[[5-(aminomethyl)-1-methylpyrrol-2-yl]methylamino]-3-phenylpropanoicacid,Cn1c(CN[*])ccc1CN[C@@H](Cc1ccccc1)C([*])=O |$;;;;;_R1;;;;;;;;;;;;;;;_R2;$|,,(2S)-2-[[5-(aminomethyl)-1-methylpyrrol-2-yl]methylamino]-3-phenylpropanoicacid,F,Backbone,PEPTIDE,H,OH,-,CNCc1ccc(CN[C@H](C=O)Cc2ccccc2)n1C,,,N.D,N.D
378,Mono120,N.D,MM0,{nnr:MM0},(2S)-2-[[4-(aminomethyl)-1H-pyrrol-2-yl]methylamino]-3-phenylpropanoicacid,[*]NCc1c[nH]c(CN[C@@H](Cc2ccccc2)C([*])=O)c1 |$_R1;;;;;;;;;;;;;;;;;;_R2;;$|,,(2S)-2-[[4-(aminomethyl)-1H-pyrrol-2-yl]methylamino]-3-phenylpropanoicacid,F,Backbone,PEPTIDE,H,OH,-,CNCc1c[nH]c(CN[C@H](C=O)Cc2ccccc2)c1,,,N.D,N.D
379,Mono121,N.D,MM1,{nnr:MM1},(2S)-2-[[4-(aminomethyl)-1-methylpyrrol-2-yl]methylamino]-3-phenylpropanoicacid,Cn1cc(CN[*])cc1CN[C@@H](Cc1ccccc1)C([*])=O |$;;;;;;_R1;;;;;;;;;;;;;;_R2;$|,,(2S)-2-[[4-(aminomethyl)-1-methylpyrrol-2-yl]methylamino]-3-phenylpropanoicacid,F,Backbone,PEPTIDE,H,OH,-,CNCc1cc(CN[C@H](C=O)Cc2ccccc2)n(C)c1,,,N.D,N.D
380,Mono122,N.D,MM2,{nnr:MM2},(2S)-2-[[5-(aminomethyl)furan-2-yl]methylamino]-3-phenylpropanoicacid,[*]NCc1ccc(CN[C@@H](Cc2ccccc2)C([*])=O)o1 |$_R1;;;;;;;;;;;;;;;;;;_R2;;$|,,(2S)-2-[[5-(aminomethyl)furan-2-yl]methylamino]-3-phenylpropanoicacid,F,Backbone,PEPTIDE,H,OH,-,CNCc1ccc(CN[C@H](C=O)Cc2ccccc2)o1,,,N.D,N.D
381,Mono123,N.D,MM3,{nnr:MM3},(2S)-2-[[5-(aminomethyl)furan-2-yl]methyl-methylamino]-3-phenylpropanoicacid,CN(Cc1ccc(CN[*])o1)[C@@H](Cc1ccccc1)C([*])=O |$;;;;;;;;;_R1;;;;;;;;;;;_R2;$|,,(2S)-2-[[5-(aminomethyl)furan-2-yl]methyl-methylamino]-3-phenylpropanoicacid,F,Backbone,PEPTIDE,H,OH,-,CNCc1ccc(CN(C)[C@H](C=O)Cc2ccccc2)o1,,,N.D,N.D
382,Mono124,N.D,MM4,{nnr:MM4},(2S)-2-[[5-(methylaminomethyl)furan-2-yl]methylamino]-3-phenylpropanoicacid,CN([*])Cc1ccc(CN[C@@H](Cc2ccccc2)C([*])=O)o1 |$;;_R1;;;;;;;;;;;;;;;;;_R2;;$|,,(2S)-2-[[5-(methylaminomethyl)furan-2-yl]methylamino]-3-phenylpropanoicacid,F,Backbone,PEPTIDE,H,OH,-,CN(C)Cc1ccc(CN[C@H](C=O)Cc2ccccc2)o1,,,N.D,N.D
383,Mono125,N.D,MM5,{nnr:MM5},(2S)-2-[methyl-[[5-(methylaminomethyl)furan-2-yl]methyl]amino]-3-phenylpropanoicacid,CN([*])Cc1ccc(CN(C)[C@@H](Cc2ccccc2)C([*])=O)o1 |$;;_R1;;;;;;;;;;;;;;;;;;_R2;;$|,,(2S)-2-[methyl-[[5-(methylaminomethyl)furan-2-yl]methyl]amino]-3-phenylpropanoicacid,F,Backbone,PEPTIDE,H,OH,-,CN(C)Cc1ccc(CN(C)[C@H](C=O)Cc2ccccc2)o1,,,N.D,N.D
384,Mono126,N.D,MM6,{nnr:MM6},3-[[3-(aminomethyl)phenyl]-[(2-nitrophenyl)methyl]carbamoyl]benzoicacid,[*]NCc1cccc(N(Cc2ccccc2[N+](=O)[O-])C(=O)c2cccc(C([*])=O)c2)c1 |$_R1;;;;;;;;;;;;;;;;;;;;;;;;;;;_R2;;;$|,,3-[[3-(aminomethyl)phenyl]-[(2-nitrophenyl)methyl]carbamoyl]benzoicacid,X,Backbone,PEPTIDE,H,OH,-,CNCc1cccc(N(Cc2ccccc2[N+](=O)[O-])C(=O)c2cccc(C=O)c2)c1,,,N.D,N.D
385,Mono127,N.D,MM7,{nnr:MM7},3-[[3-(aminomethyl)phenyl]carbamoyl]benzoicacid,[*]NCc1cccc(NC(=O)c2cccc(C([*])=O)c2)c1 |$_R1;;;;;;;;;;;;;;;;;_R2;;;$|,,3-[[3-(aminomethyl)phenyl]carbamoyl]benzoicacid,X,Backbone,PEPTIDE,H,OH,-,CNCc1cccc(NC(=O)c2cccc(C=O)c2)c1,,,N.D,N.D
