,Model,Y Train pred,Y Test actual,Test prediction folds,Test Predictions Mean,Test Predictions Std
0,ExtraTreesRegressor,"[-7.240000000000006, -7.445000000000011, -6.904883333333328, -6.174066666666668, -6.072174999999996, -6.346287001678329, -6.254749999999996, -5.959999999999997, -6.397466666666671, -6.595075, -6.356833333333334, -6.0676, -6.224149999999998, -5.959999999999997, -6.522891666666669, -5.828750000000001, -6.820000000000008, -6.2433333333333385, -6.470000000000016, -6.651383333333325, -6.651383333333325, -5.959999999999997, -5.7733333333333245, -5.759523593200004, -6.716533333333332, -6.01355, -6.595150000000005, -5.733333333333338, -6.279999999999984, -5.818133333333334, -5.970000000000015, -5.943433333333328, -5.68, -5.746274999999997, -5.931783333333334, -7.850000000000014, -6.5, -6.0524999999999975, -6.151699999999998, -7.11000000000001, -5.7699999999999925, -5.91175, -6.466141666666673, -6.838728161422855, -5.915922500000001, -5.733333333333338, -6.4199999999999955, -6.905066666666667, -7.118311904761913, -6.712849192165234, -6.975000000000012, -5.725633333333334, -5.969925000000002, -5.850000000000011, -6.165550000000003, -5.850000000000011, -6.840408333333336, -5.970000000000015, -7.1406999999999945, -6.731299999999994, -5.919999999999999, -6.029866666666669, -5.9727716666666675, -6.698970003999992, -5.792900000000004, -5.4900000000000055, -6.2433333333333385, -5.752000000000001, -6.2099, -5.88999999999999, -7.25750000000001, -7.392811846340009, -7.370000000000004, -7.134285714285728, -7.04575749100001, -5.9100000000000055, -6.589999999999999, -5.684124999999999, -6.731299999999994, -7.2100000000000035, -5.611750000000001, -5.804258333333337, -6.245475, -6.811633333333336, -6.876666666666666, -5.833199999999998, -5.706666666666665, -5.783225000000004, -5.839358333333336, -5.936449999999999, -5.611750000000001, -5.909266666666672, -5.8384666666666645, -5.963333333333329, -5.9110400000000025, -5.5159600000000015, -6.988850000000006, -5.35000000000001, -5.8550000000000075, -6.410000000000002, -7.112304011139168, -6.762635714285717, -6.433625513480006, -6.114701200269998, -7.009214744520003, -7.717999999999994, -5.946674999999996, -6.8822, -6.379999999999996, -6.625474341770007, -6.745000000000004, -7.110099999999997, -6.470000000000016, -5.7997692313549996, -5.7997692313549996, -7.199620000000007, -7.199620000000007, -6.725000000000012, -6.163333333333335, -6.480000000000009, -5.859644994090001, -7.143333333333325, -7.169999999999992, -7.490000000000006, -6.798399999999995, -7.26999999999999, -5.784250000000002, -6.004999999999996, -6.464999999999998, -6.3348833333333365, -6.725191666666669, -7.139999999999989, -7.11915000000001, -5.904999999999985, -5.782199999999996, -7.139999999999989, -7.5900000000000025, -6.159630804546672, -6.159630804546672, -6.61000000000001, -6.298175, -6.0610000000000035, -6.200000000000001, -5.919999999999999, -5.63999999999999, -5.968154166666669, -6.688350000000006, -5.662327640490479, -7.172000000000015, -7.08671340080001, -7.240000000000006, -7.240000000000006, -6.97967589051619, -6.936583333333332, -5.077050000000001, -5.565355311495, -6.1523875, -6.529749999999999, -6.084606222205237, -6.716125000000004, -6.953911667002384, -7.100470000000009, -5.4765250000000005, -5.443349999999998, -5.310249999999999, -6.308926493946671, -5.362705044303325, -6.169999999999996, -5.88999999999999, -5.317732209013327, -6.059750000000001, -4.959999999999991, -5.601785714285712, -5.601785714285712, -5.601785714285712, -5.834999999999997, -6.73500000000001, -5.347867857142856, -5.601785714285712, -6.519999999999991, -6.650744444444447, -5.601785714285712, -5.601785714285712, -5.82749999999999, -5.559999999999998, -6.160000000000005, -5.559999999999998, -5.589249999999998, -5.559999999999998, -6.160000000000005, -6.467499999999984, -6.467499999999984, -4.650801569857148, -4.650801569857148, -4.650801569857148, -4.650801569857148, -4.8999999999999915, -5.055000000000006, -4.805000000000006, -4.805000000000006, -4.650801569857148, -4.650801569857148, -7.475000000000014, -7.220000000000017, -6.395610299959994, -5.68, -5.864766666666661, -6.334099999999998, -5.660000000000007, -5.934999999999994, -5.540000000000005, -5.540000000000005, -6.572149999999994, -5.88999999999999, -5.959999999999997, -6.537600000000001, -5.72500000000001, -6.648150000000004, -5.7774999999999945, -5.803599999999996, -6.533199999999999, -5.757700000000004, -5.7699999999999925, -6.17754523809524, -6.4646166666666645, -5.693599999999999, -6.679999999999992, -5.959999999999997, -6.509999999999994, -5.827876666666666, -6.344389462375001, -5.916962500000004, -5.718000000000002, -5.820000000000001, -5.720000000000015, -6.422500000000002, -6.990000000000006, -6.5996448414866675, -6.179408389975005, -6.509999999999994, -5.540000000000005, -7.090000000000001, -5.622149999999993, -5.7400000000000055, -6.0, -5.561900000000004, -7.0, -6.1871333333333345, -6.344389462375001, -5.379999999999996, -5.963452568749984, -6.11000000000001, -6.7278500000000045, -6.884809861206662, -6.356619999999996, -6.278999999999999, -6.769273578653333, -6.542700000000001, -5.963452568749984, -6.614988200260001, -5.443050000000002, -5.885325, -6.105783333333334, -6.367900000000001, -6.226699999999997, -5.760858333333332, -7.0399999999999965, -5.60000000000001, -7.02112365949999, -6.288576945862505, -6.3872161430000025, -6.2979930603333285, -5.540000000000005, -5.63999999999999, -7.333999999999985, -6.945171305589996, -6.403799999999993, -5.745000000000004, -7.23500000000001, -7.215107819769992, -7.333999999999985, -6.992489681799997, -6.7999999999999945, -6.63999999999999, -7.333999999999985, -5.904999999999985, -5.940000000000006, -6.213539700039993, -6.034550000000001, -6.080000000000002, -6.339999999999998, -7.096910012999995, -5.181020599919987, -7.001100000000003, -7.02112365949999, -5.779999999999985, -6.23023820026, -6.273333333333324, -6.745000000000004, -7.291149999999999, -5.800000000000001, -5.814285714285701, -7.284999999999999, -6.695474486436669, -6.206429484233336, -5.756961950999995, -5.837256528351423, -6.75, -7.889999999999989, -6.4822851310000145, -7.282733333333333, -5.112250337203331, -7.040199999999998, -6.535000000000002, -7.110839087409995, -6.4822851310000145, -7.096910012999995, -7.429999999999989, -5.782208333333342, -6.491879761904762, -7.056549999999998, -5.660000000000007, -6.535000000000002, -5.590691026201662, -6.896049999999998, -6.899550000000005, -5.720000000000015, -5.720000000000015, -6.105099999999998, -7.190000000000015, -5.865000000000006, -6.490000000000006, -6.490000000000006, -5.9411166666666695, -6.38999999999999, -6.213366666666665, -7.190000000000015, -5.2965000000000035, -5.945388015128218, -5.674816666666667, -7.181750000000002, -6.661199999999992, -6.616466666666665, -6.616466666666665, -6.616466666666665, -6.720000000000016, -5.845000000000015, -6.433900000000009, -5.415279999999999, -6.981900000000005, -7.053443648050003, -7.053443648050003, -7.23000000000001, -6.922199999999997, -6.759999999999994, -5.459799999999998, -7.549999999999991, -5.7695500000000015, -7.549999999999991, -5.9642666666666635, -5.686666666666662, -7.137400000000002, -5.860316666666668, -6.781182735460001, -5.229599999999998, -5.543999999999995, -5.424924999999997, -5.543999999999995, -5.465405357142863, -5.444107142857145, -5.444107142857145, -5.444107142857145, -5.444107142857145, -5.60000000000001, -5.318599999999998, -5.444107142857145, -5.444107142857145, -5.170000000000004, -5.577142857142855, -6.6012500000000065, -5.577142857142855, -6.480782654454763, -6.333333333333335, -4.669551310083322, -4.669551310083322, -4.669551310083322, -4.669551310083322, -5.32749999999999, -5.32749999999999, -5.32749999999999, -5.087142857142852, -5.087142857142852, -5.007499999999994, -5.007499999999994, -4.86000000000001, -5.32749999999999, -4.669551310083322, -4.917214629999993, -4.669551310083322, -4.917214629999993, -4.669551310083322, -4.669551310083322, -4.669551310083322, -4.669551310083322, -7.049999999999994, -6.749346239880001, -5.7400000000000055, -5.7400000000000055, -6.133930004186661, -6.480000000000009, -6.539999999999999, -5.8488666666666695, -5.736019999999997, -6.501666666666666, -6.401328559071667, -6.401328559071667, -5.959999999999997, -6.027293333333334, -5.629999999999996, -5.862659999999998, -7.149999999999988, -5.7699999999999925, -7.049999999999994, -5.629999999999996, -7.156900000000005, -6.21087588017001, -6.142030873016663, -5.94176666666667, -6.299999999999998, -6.6221666666666605, -6.041799999999994, -5.625, -5.88455997765666, -5.660000000000007, -6.346758333333337, -6.679999999999992, -5.778049999999999, -5.754999999999996, -6.811517270773331, -7.01499999999999, -5.999200000000003, -6.677999999999995, -5.89146666666666, -6.075, -6.912699999999993, -6.053370000000002, -6.0691398420799905, -5.980349999999995, -5.625, -6.261483126750013, -7.10500000000001, -5.895499999999998, -6.129039999999995, -7.026061846339992, -6.052640000000004, -6.163966666666669, -6.269999684000015, -6.13999999999999, -5.820000000000001, -7.009999999999994, -6.842663433694528, -5.744079999999999, -7.160325, -7.3073511904761865, -6.851408755726672, -6.81403333333333, -5.68, -5.300000000000006, -6.259433333333331, -6.225692528190011, -6.6253905146850025, -5.951483333333334, -6.334699999999997, -6.498400000000003, -5.834999999999996, -5.7400000000000055, -7.66999999999999, -7.66999999999999, -5.887849999999995, -5.5199999999999925, -7.346709523809519, -7.346709523809519, -7.094446871479991, -5.68, -7.053088922000018, -5.99903333333333, -6.269999999999991, -5.430000000000002, -5.8715333333333355, -7.346709523809519, -5.65333333333332, -5.220000000000014, -5.6958666666666655, -6.575499999999989, -6.575499999999989, -7.66999999999999, -6.313333333333324, -6.519999999999991, -5.820000000000001, -5.884999999999994, -6.348374999999996, -7.053088922000018, -5.979501878346668, -6.05, -6.567299999999998, -6.301499999999996, -6.301499999999996, -6.043333333333333, -6.254599999999994, -5.88999999999999, -7.185714285714301, -7.053088922000018, -7.025464087409998, -6.271250000000002, -5.620000000000004, -5.700366666666668, -6.200000000000001, -6.557950000000003, -6.339999999999998, -6.7999999999999945, -6.043333333333333, -5.9882500000000025, -6.642158386249996, -6.7999999999999945, -7.190000000000015, -6.941491666666674, -6.480000000000009, -6.519999999999991, -7.059999999999986, -6.200000000000001, -6.720000000000016, -6.678016666666666, -6.480000000000009, -5.4433333333333325, -7.07000000000001, -7.320291666666673, -7.379999999999996, -5.550000000000003, -7.149999999999988, -6.4157125110000015, -6.9600000000000035, -6.562354999999996, -6.485751143031666, -6.6459999999999955, -5.919999999999999, -7.120000000000004, -7.122213337519995, -6.3500499999999995, -6.6459999999999955, -7.11000000000001, -5.809999999999995, -6.9600000000000035, -5.789869602830002, -6.23330820654333, -7.240000000000006, -6.666843633293346, -5.723166666666672, -5.482333333333328, -6.666843633293346, -6.335383333333333, -6.019999999999991, -6.132016666666667, -6.511475000000002, -6.478625000000003, -7.222499999999999, -7.222499999999999, -7.419999999999991, -6.281583333333334, -5.823250000000006, -5.803333333333333, -5.758066666666662, -5.694749999999996, -5.630008936423329, -5.574255555555555, -4.8500000000000085, -5.88999999999999, -5.527962962962975, -5.527962962962975, -6.5549999999999935, -5.527962962962975, -5.527962962962975, -5.788505311495008, -5.527962962962975, -5.527962962962975, -5.527962962962975, -6.634999999999994, -6.634999999999994, -6.634999999999994, -5.604285714285714, -5.618942857142852, -6.279999999999984, -5.604285714285714, -4.711423899000007, -4.711423899000007, -4.711423899000007, -4.711423899000007, -6.155999999999995, -4.711423899000007, -4.711423899000007, -4.894999999999993, -5.009999999999994, -4.711423899000007, -4.711423899000007, -4.711423899000007, -5.009999999999994, -7.190000000000015, -7.029999999999983, -6.2357666666666685, -8.029999999999982, -6.539999999999999, -6.440800000000004, -5.919999999999999, -6.117883333333331, -5.6650000000000045, -6.502140670023331, -6.23500000000001, -5.693783333333333, -5.845, -5.845, -6.23500000000001, -5.5099999999999945, -5.850000000000011, -6.017824003356669, -6.0262666666666656, -5.959999999999997, -6.615465999595001, -6.1029, -6.112499999999999, -5.8505674757999975, -6.450503668345001, -6.965, -6.504313333333338, -6.710000000000001, -5.7400000000000055, -5.845000000000015, -5.779999999999985, -5.946666666666669, -5.946666666666669, -5.850000000000011, -6.246063515533329, -5.725000000000005, -7.720000000000018, -5.767175000000005, -5.846450000000002, -6.071700000000003, -5.846450000000002, -5.988250000000004, -6.213883333333338, -6.085717838661996, -6.105883333333331, -5.919999999999999, -5.726358333333337, -6.263064673379997, -5.904999999999985, -6.822650000000005, -5.879999999999996, -5.974225000000005, -5.616666666666672, -5.916141666666672, -5.7400000000000055, -5.5, -5.5199999999999925, -6.208250000000003, -5.904999999999985, -5.501900000000005, -6.024266666666666, -5.513372835289994, -5.8125, -7.243560000000007, -6.446850000000004, -6.446850000000004, -5.808700000000001, -5.8550000000000075, -6.527589700039994, -7.149999999999988, -6.199231873666679, -5.976516666666665, -5.959999999999997, -5.8125, -6.589999999999999, -5.753625000000004, -7.174999999999994, -6.788107030374996, -5.774633333333335, -5.720000000000015, -5.4800000000000075, -5.52350000000001, -5.52350000000001, -5.502849999999998, -6.173683333333332, -5.940000000000006, -5.778333333333332, -6.029753333333336, -6.662302684625008, -6.850000000000012, -5.925000000000001, -7.174999999999994, -6.305679359192506, -7.154901959999994, -7.042949999999999, -6.272416666666668, -5.720000000000015, -5.925000000000001, -6.086666666666665, -5.925000000000001, -5.850000000000011, -5.720000000000015, -6.754999999999996, -6.289999999999999, -6.945000000000009, -5.804100348000009, -7.07000000000001, -5.925000000000001, -6.51499999999999, -5.5099999999999945, -6.878480975499998, -6.071450639183329, -6.3660000000000005, -5.175899110093992, -7.029999999999983, -5.610507673722504, -5.664650000000007, -6.858189999999999, -7.003378686129992, -7.077999999999998, -7.139999999999989, -7.4099999999999975, -6.63999999999999, -5.9727610184733315, -7.289999999999996, -7.139999999999989, -6.066666666666672, -6.589999999999999, -7.139999999999989, -6.3680000000000065, -7.139999999999989, -5.028400000000004, -6.3680000000000065, -6.98000000000001, -7.399999999999986, -5.993900000000005, -7.152999999999991, -7.07415737226, -6.419366666666677, -5.105141003480004, -5.5699999999999985, -5.56164100348, -5.565000000000002, -6.46, -6.46, -7.216666666666666, -5.164900000000001, -6.63999999999999, -7.216666666666666, -7.216666666666666, -6.290000000000001, -5.422944444444447, -6.914448623076667, -7.159999999999999, -6.63999999999999, -6.820000000000008, -5.716666666666658, -5.459999999999995, -6.847400000000004, -6.676849999999993, -7.029999999999983, -5.094999999999996, -6.00057283529, -6.019999999999991, -5.818879999999994, -5.100000000000009, -4.709999999999992, -5.382407407407412, -5.382407407407412, -4.995000000000004, -5.279999999999986, -6.589999999999999, -5.382407407407412, -5.542796296296301, -5.279999999999986, -5.279999999999986, -5.382407407407412, -5.382407407407412, -5.382407407407412, -5.382407407407412, -6.4625281748200045, -7.200000000000006, -6.7999999999999945, -6.7999999999999945, -6.003313969715829, -6.796700000000004, -6.7999999999999945, -6.783941003479998, -5.196013366999991, -6.144000000000005, -4.716758005241385, -4.716758005241385, -5.293333333333338, -5.293333333333338, -5.089999999999988, -4.673999999999993, -4.716758005241385, -4.716758005241385, -4.716758005241385, -4.673999999999993, -4.954000000000005, -6.547800000000002, -7.0, -6.355093633293336, -7.333000000000007, -6.5001999999999995, -6.091666666666661, -6.1240333333333306, -5.720000000000015, -6.190000000000008, -6.251811972999995, -6.829599999999997, -6.33498333333334, -6.0462400000000045, -6.106183333333329, -6.504549999999999, -5.7099999999999955, -6.9600000000000035, -5.783149693249998, -5.39999999999999, -5.39999999999999, -5.660000000000007, -5.833049999999995, -6.432833333333332, -5.660000000000007, -6.341100000000001, -6.44000000000001, -5.940000000000006, -6.155649999999997, -6.9041499999999925, -6.0, -6.044999999999998, -7.04573063871251, -7.083603744904009, -6.167713170999992, -6.122499999999992, -6.126699999999994, -7.082799999999989, -5.783149693249998, -6.234625678414995, -7.173199999999998, -5.444999999999998, -5.720000000000015, -5.944583333333328, -5.97465, -5.8499, -6.924023420148663, -6.468521083000005, -6.850000000000012, -5.635700000000001, -5.7099999999999955, -5.7099999999999955, -6.9208119047619014, -7.139999999999989, -7.139999999999989, -6.63999999999999, -6.476666666666677, -5.444999999999998, -5.940000000000006, -5.705250000000002, -5.799200000000001, -6.463799999999999, -6.183100000000004, -5.5699999999999985, -5.660000000000007, -7.29250000000001, -5.841526613549991, -7.658449999999993, -6.63089107573867, -7.096910012999995, -5.906150000000002, -5.379999999999996, -5.379999999999996, -7.120000000000004, -6.183100000000004, -5.715966666666674, -5.799200000000001, -6.600085829935999, -5.92645, -7.320000000000011, -6.436666666666662, -7.154285714285719, -6.986791496800005, -5.4800000000000075, -6.245950000000001, -6.010126190476188, -5.432978275759992, -7.407049999999998, -6.576212083190004, -6.88999999999999, -6.497199999999996, -6.4905666666666635, -6.205000000000004, -5.919999999999999, -5.919999999999999, -6.006200000000002, -6.5874249999999925, -6.767723921700503, -6.070000000000004, -7.0, -7.0, -6.205000000000004, -6.384999999999994, -6.591690476190475, -5.852857142857146, -7.23000000000001, -5.5699999999999985, -6.888421903086001, -6.11000000000001, -7.060550000000003, -5.833422219036664, -6.696499999999999, -5.696666666666666, -7.091369902960005, -6.88999999999999, -6.398143727666669, -6.454499999999995, -6.820999999999998, -6.613549019609998, -7.600000000000014, -8.059999999999981, -7.17999999999999, -5.758150000000001, -5.964999999999995, -7.149999999999988, -7.420466666666666, -5.701425449770002, -5.459999999999995, -5.964999999999995, -6.888322901303333, -6.309999999999991, -7.13999999999999, -6.771666666666656, -7.190000000000015, -5.872282495013336, -6.029999999999985, -7.139999999999989, -7.470000000000017, -7.0224000000000055, -6.88999999999999, -6.684903988118, -5.919999999999999, -5.8536, -5.595515265344999, -6.281353668345003, -7.051039087410009, -7.051039087410009, -6.480000000000009, -7.119300000000007, -5.445200000000003, -6.134999999999994, -6.134999999999994, -5.195700000000001, -6.856583333333329, -7.154999999999983, -6.046634393505955, -5.7433333333333385, -5.449999999999996, -7.299999999999992, -5.651828933253333, -5.088258183183333, -5.064299999999995, -5.869017088586857, -5.54115150139319, -5.54115150139319, -5.382713461538465, -5.005750000000001, -5.569038461538462, -5.569038461538462, -5.569038461538462, -5.569038461538462, -5.569038461538462, -5.517277953793334, -5.9024999999999945, -5.569038461538462, -5.569038461538462, -6.056479738545384, -5.569038461538462, -6.76999999999999, -6.76999999999999, -6.709199999999997, -5.8753749999999965, -6.18452429441952, -6.5942857142857045, -6.5942857142857045, -5.670000000000001, -5.670000000000001, -4.676022452766674, -4.676022452766674, -4.676022452766674, -6.3125, -6.3125, -6.185326490999242, -4.819999999999994, -5.321666666666663, -5.066666666666664, -4.90199999999999, -5.066666666666664, -5.066666666666664, -4.819999999999994, -4.676022452766674, -5.321666666666663]","0     -7.22
1     -6.21
2     -7.24
3     -5.92
4     -5.96
       ... 
247   -6.00
248   -3.99
249   -5.24
250   -4.77
251   -4.71
Name: Permeability, Length: 252, dtype: float64","[array([-7.24      , -6.42585   , -6.40554333, -5.85      , -5.80830667,
       -6.84153734, -6.66281667, -6.4922512 , -6.33332697, -6.58546667,
       -6.30945   , -6.21466667, -5.6       , -6.365     , -5.71303935,
       -6.05132871, -6.28948946, -7.06102427, -5.77333333, -6.51295   ,
       -6.29975   , -6.31955833, -5.81      , -6.5174    , -6.69143333,
       -6.18666667, -5.91785   , -6.24333333, -6.14874165, -5.635     ,
       -6.377425  , -7.22705   , -5.87      , -5.605     , -5.98756667,
       -7.22683333, -5.69666667, -6.        , -5.752     , -6.19868333,
       -6.42786861, -5.970525  , -5.75952359, -6.60555   , -5.61618463,
       -6.14385835, -5.8491    , -5.89      , -5.7925    , -5.65425   ,
       -6.84015   , -7.02      , -5.71303935, -6.21466667, -6.42786861,
       -6.42      , -6.98636667, -6.0097    , -5.944175  , -7.07777215,
       -5.61618463, -6.16555   , -5.73333333, -5.70829   , -5.85      ,
       -6.11611524, -6.95860731, -5.47      , -5.49      , -6.64333333,
       -6.01065333, -6.97561667, -6.0097    , -6.80752857, -5.945225  ,
       -5.88      , -5.88      , -5.635     , -6.24      , -6.69018333,
       -6.09741401, -5.28      , -6.15316667, -6.6625603 , -6.5       ,
       -5.528     , -7.06333333, -5.93007   , -7.13428571, -7.19      ,
       -7.01480991, -7.30103   , -5.96      , -5.91      , -6.5119    ,
       -6.85877082, -6.33855   , -6.16555   , -6.33310991, -6.        ,
       -6.96      , -7.19      , -6.95860731, -6.59420367, -5.8377025 ,
       -6.7306    , -6.05043333, -7.06333333, -6.6       , -6.59      ,
       -5.783225  , -5.85      , -6.66      , -6.16895   , -6.235     ,
       -5.82991831, -6.98885   , -5.985     , -5.985     , -5.85139159,
       -5.64      , -6.76263571, -5.64852266, -6.82414624, -6.10764047,
       -6.235     , -6.41      , -5.985     , -5.37      , -5.985     ,
       -6.85354286, -6.89769801, -5.7876761 , -5.90125   , -5.90125   ,
       -6.98      , -6.62547434, -6.17      , -7.01666667, -6.95543696,
       -6.725     , -6.70732372, -7.06      , -6.95129065, -7.01666667,
       -5.8758105 , -7.17      , -6.15934514, -5.60272908, -6.28      ,
       -6.4       , -6.93855762, -5.88770388, -5.75230531, -6.09642143,
       -7.72      , -7.13      , -6.465     , -6.15934514, -7.13788333,
       -6.465     , -7.14      , -6.57857143, -6.57857143, -7.09076603,
       -7.34      , -6.5589125 , -6.77      , -5.93778333, -7.64      ,
       -7.59      , -5.020775  , -5.46      , -5.92      , -7.59      ,
       -6.1596308 , -7.22      , -5.8       , -6.119725  , -6.07004408,
       -5.89648333, -5.8706    , -7.41      , -5.70850676, -5.6131255 ,
       -5.81      , -6.96      , -6.75753333, -6.2975    , -5.96815417,
       -7.195     , -6.72      , -6.1192    , -5.06      , -7.28666667,
       -5.84234167, -6.08101667, -5.45803571, -5.7375    , -7.11855   ,
       -6.716125  , -7.165     , -6.88534127, -5.69255   , -5.98565677,
       -6.30892649, -5.41      , -6.7       , -5.895     , -5.02      ,
       -5.60178571, -5.8050552 , -5.60178571, -5.60178571, -5.60178571,
       -5.835     , -5.8275    , -6.735     , -5.60178571, -5.89      ,
       -5.5568    , -5.41      , -5.60178571, -5.60178571, -5.26      ,
       -5.26      , -6.65111111, -6.16      , -6.53771087, -6.65074444,
       -6.65111111, -5.63      , -5.56      , -5.59551815, -4.65080157,
       -4.65080157, -4.65080157, -4.65080157, -6.4675    , -4.65080157,
       -4.65080157, -4.9       , -5.3125    , -4.805     , -4.805     ,
       -4.9       , -4.805     , -4.65080157, -3.58      , -4.65080157,
       -4.65080157, -4.65080157]), array([-7.215     , -6.6757    , -6.67640833, -5.68      , -5.75716   ,
       -6.8842    , -6.7575    , -6.17411667, -6.31031268, -6.57884583,
       -6.40586667, -6.049925  , -5.76085833, -6.365     , -5.8434    ,
       -5.795775  , -6.26970392, -7.03131455, -5.74      , -6.56935   ,
       -6.44163333, -6.428175  , -5.77      , -6.32791667, -6.3371    ,
       -5.82      , -5.95326667, -5.7775    , -6.14874165, -5.635     ,
       -7.2443    , -6.8086    , -5.935     , -5.64      , -5.83685   ,
       -6.63255   , -5.69666667, -6.        , -5.718     , -6.03879167,
       -6.38721614, -6.279275  , -5.96345257, -6.4582    , -6.17940839,
       -6.02609704, -5.934     , -5.89      , -5.7925    , -5.7541    ,
       -6.69285   , -7.02      , -5.8434    , -6.049925  , -6.38721614,
       -6.28      , -6.62273333, -6.30095   , -5.9378    , -6.65783333,
       -6.17940839, -6.21      , -5.745     , -5.63946333, -5.68      ,
       -5.9274    , -6.99248968, -5.44305   , -5.56666667, -6.51      ,
       -5.78991   , -7.08754667, -6.30095   , -7.20478   , -5.939625  ,
       -5.88      , -5.88      , -5.635     , -6.24      , -6.65276667,
       -6.02926964, -5.28      , -6.1267    , -6.52735421, -6.2725    ,
       -5.4493    , -6.8       , -5.9602103 , -7.334     , -7.19      ,
       -7.02112366, -6.94517131, -6.49187976, -5.73333333, -6.2789    ,
       -6.72583004, -6.234925  , -6.21      , -6.2464    , -6.        ,
       -6.96      , -7.19      , -6.99248968, -6.6559882 , -5.72612143,
       -6.6868    , -6.0385    , -6.8       , -6.64      , -6.34      ,
       -5.82      , -5.85      , -6.66      , -6.20187216, -6.235     ,
       -5.7122295 , -7.44      , -5.985     , -5.985     , -5.8676191 ,
       -5.64      , -6.28      , -5.6149506 , -7.12771124, -5.9908881 ,
       -6.235     , -6.745     , -5.985     , -5.37      , -5.985     ,
       -6.91642   , -7.03523727, -5.858844  , -5.81428571, -5.81428571,
       -6.98      , -6.6       , -6.17      , -7.285     , -6.96582725,
       -6.75      , -6.58997607, -7.06      , -7.09691001, -7.285     ,
       -5.8437382 , -7.01333333, -6.20435759, -5.49431302, -6.28      ,
       -6.4       , -6.90873696, -5.91264147, -5.43407   , -6.20802738,
       -7.28273333, -7.13      , -7.235     , -6.20435759, -7.4151    ,
       -7.235     , -7.14      , -6.49      , -6.49      , -7.09896326,
       -7.34      , -6.47021031, -6.77      , -5.78295   , -6.89605   ,
       -7.495     , -4.90695   , -6.17754524, -5.92      , -7.495     ,
       -6.285     , -7.22      , -6.1051    , -6.11957885, -6.62986962,
       -5.84491667, -6.076725  , -7.41      , -5.77568619, -5.55687161,
       -5.845     , -6.9819    , -6.78615667, -6.2975    , -5.72      ,
       -7.23      , -6.76      , -6.0194    , -5.06      , -7.55      ,
       -5.70341667, -5.992     , -5.49214107, -5.68666667, -7.17518333,
       -7.09      , -7.165     , -6.91288909, -5.4967    , -5.74328962,
       -5.82      , -5.41      , -6.7       , -5.895     , -5.02      ,
       -5.44410714, -6.4936    , -5.44410714, -5.44410714, -5.44410714,
       -5.6       , -5.748     , -6.62666667, -5.44410714, -5.89      ,
       -5.35216429, -5.41      , -5.44410714, -5.44410714, -5.26      ,
       -5.26      , -6.60125   , -6.33333333, -6.66637917, -5.32      ,
       -6.60125   , -5.63      , -5.57714286, -5.70741309, -4.66955131,
       -4.66955131, -4.66955131, -4.66955131, -6.25666667, -4.66955131,
       -4.66955131, -4.86      , -5.3275    , -5.0075    , -5.0075    ,
       -4.86      , -5.0075    , -4.66955131, -3.58      , -4.66955131,
       -4.66955131, -4.66955131]), array([-7.215     , -6.71065   , -6.93605   , -5.765     , -5.83516667,
       -6.94225   , -6.96813333, -6.13425   , -6.27843333, -6.58464624,
       -6.40275   , -6.09906333, -5.6       , -6.54      , -5.71185   ,
       -5.7683    , -6.20212232, -7.0420316 , -5.63      , -6.4881    ,
       -6.4856    , -6.29609167, -5.81      , -6.28235   , -6.3654    ,
       -6.3       , -5.95058333, -6.052     , -6.14874165, -5.635     ,
       -7.34845   , -6.958     , -5.74      , -5.605     , -5.71856333,
       -7.1666    , -5.69666667, -6.16396667, -5.74666667, -6.02764167,
       -6.42786861, -6.03598667, -5.83538136, -6.53835   , -5.61618463,
       -5.96079971, -5.9035    , -5.89      , -5.68      , -5.6694    ,
       -6.74178333, -7.02      , -5.71185   , -6.09906333, -6.42786861,
       -6.14      , -6.98566667, -6.27021667, -5.85825   , -6.91015   ,
       -5.61618463, -6.21      , -5.755     , -5.62043333, -5.765     ,
       -5.97921666, -6.95860731, -5.47      , -5.56666667, -6.64333333,
       -5.97118   , -7.19395   , -6.27021667, -7.21753333, -5.83131667,
       -5.88      , -5.88      , -5.635     , -6.24      , -6.74993333,
       -5.95958873, -5.28      , -6.0788    , -6.80596852, -5.625     ,
       -5.59888333, -7.06333333, -5.80310791, -7.18571429, -7.34670952,
       -7.05308892, -7.30103   , -5.96      , -5.73333333, -6.31961667,
       -6.84007458, -6.32435   , -6.21      , -6.49276101, -6.62539051,
       -6.84266343, -7.34670952, -6.95860731, -6.71411657, -5.77030333,
       -6.5556    , -5.753225  , -7.06333333, -6.52      , -6.465     ,
       -5.82      , -5.85      , -6.66      , -6.11305   , -5.62      ,
       -5.88639645, -7.44      , -6.3015    , -6.3015    , -5.77472869,
       -5.95148333, -6.28      , -5.68856484, -6.71435089, -6.05696713,
       -5.62      , -6.51333333, -6.3015    , -5.37      , -6.3015    ,
       -7.06177143, -6.91835596, -5.8917326 , -6.04333333, -6.04333333,
       -7.07      , -6.6       , -5.98825   , -6.48      , -6.7120756 ,
       -6.66333333, -6.60114352, -7.06      , -6.95129065, -6.48      ,
       -5.8958329 , -6.72      , -6.20453369, -5.55656165, -6.28      ,
       -6.67801667, -6.94047381, -5.91067643, -5.79761   , -5.97394   ,
       -7.72      , -7.12      , -6.67      , -6.20453369, -7.399025  ,
       -6.67      , -7.14      , -6.646     , -6.646     , -7.03355   ,
       -7.12221334, -6.68073468, -6.77      , -5.86711667, -7.64      ,
       -7.495     , -5.03905   , -5.46      , -5.92      , -7.495     ,
       -6.285     , -7.22      , -5.8       , -6.28903333, -6.94151593,
       -5.82675   , -6.11388333, -7.41      , -5.83006908, -5.61404462,
       -6.02      , -6.96      , -6.75218381, -6.2975    , -5.72      ,
       -7.195     , -6.72      , -6.203     , -5.06      , -7.28666667,
       -6.3204    , -6.08451667, -5.35260531, -5.80333333, -7.03681291,
       -7.09      , -7.165     , -6.82125575, -5.70795   , -6.34638681,
       -5.82      , -5.41      , -6.7       , -5.895     , -5.02      ,
       -5.52796296, -6.0376    , -5.52796296, -5.52796296, -5.52796296,
       -5.47666667, -5.748     , -6.555     , -5.52796296, -5.89      ,
       -5.323     , -5.41      , -5.52796296, -5.52796296, -5.26      ,
       -5.26      , -6.635     , -6.28      , -6.62046667, -5.32      ,
       -6.635     , -5.61894286, -5.60428571, -5.68275014, -4.7114239 ,
       -4.7114239 , -4.7114239 , -4.7114239 , -6.156     , -4.7114239 ,
       -4.7114239 , -4.895     , -5.3125    , -4.91833333, -4.91833333,
       -4.895     , -4.91833333, -4.7114239 , -3.58      , -4.7114239 ,
       -4.7114239 , -4.7114239 ]), array([-7.19      , -6.57168333, -6.591775  , -5.765     , -5.832225  ,
       -7.1175    , -6.7649    , -6.2914    , -6.38248116, -6.43175   ,
       -6.4891    , -6.08395   , -5.6       , -6.365     , -5.8419    ,
       -5.76191185, -6.23629611, -7.03320611, -5.78      , -6.31465   ,
       -6.34095   , -6.37115   , -5.85      , -6.4164    , -6.72136667,
       -6.18666667, -5.93765734, -6.1125    , -6.24606352, -5.84645   ,
       -7.21545   , -6.5716    , -5.87      , -5.605     , -5.78659167,
       -7.16546667, -5.845     , -6.        , -5.8125    , -5.97715   ,
       -6.42786861, -6.0342    , -5.85056748, -6.64485   , -5.61618463,
       -6.08213754, -5.86945   , -5.89      , -5.905     , -5.704425  ,
       -6.8166    , -7.02      , -5.8419    , -6.08395   , -6.42786861,
       -6.28      , -6.95      , -6.4277    , -5.901575  , -6.63021667,
       -5.61618463, -6.21      , -5.665     , -5.70429167, -5.765     ,
       -5.86583464, -6.95860731, -5.47      , -5.5       , -6.71      ,
       -5.895375  , -7.11755667, -6.4277    , -6.84405   , -5.9244    ,
       -5.85      , -5.85      , -5.84645   , -6.24      , -6.57995   ,
       -6.1194598 , -5.28      , -6.09524167, -6.6664084 , -6.2725    ,
       -5.53895   , -7.07      , -6.08335   , -7.175     , -7.19      ,
       -7.01480991, -7.30103   , -5.96      , -5.73333333, -6.37723333,
       -6.84277132, -6.35725   , -6.21      , -6.39195   , -6.        ,
       -6.96      , -7.19      , -6.95860731, -6.00610734, -5.92828333,
       -6.6889    , -6.05711667, -7.07      , -6.6       , -6.465     ,
       -5.82      , -5.77833333, -6.27241667, -6.15665737, -6.85      ,
       -5.79410871, -7.44      , -5.985     , -5.985     , -5.92963   ,
       -5.64      , -6.28      , -5.58179444, -6.89556624, -6.0650102 ,
       -6.85      , -6.51333333, -5.985     , -5.37      , -5.985     ,
       -6.97365   , -7.02539625, -5.87003485, -5.925     , -5.925     ,
       -6.98      , -6.6       , -6.17      , -7.01666667, -6.72915971,
       -6.515     , -5.87336874, -6.30567936, -6.87848098, -7.01666667,
       -6.05949511, -7.01333333, -6.21772719, -5.65119504, -6.28      ,
       -6.4       , -6.86858779, -5.7109439 , -5.7389    , -6.10588   ,
       -7.72      , -7.13      , -6.67      , -6.21772719, -7.4116    ,
       -6.67      , -7.14      , -6.368     , -6.368     , -6.86584232,
       -7.34      , -6.54353274, -6.77      , -5.90201667, -7.64      ,
       -7.4       , -5.2091    , -5.46      , -5.92      , -7.4       ,
       -6.285     , -7.22      , -5.8       , -6.13427   , -6.44833968,
       -5.74111667, -5.95715   , -6.91444862, -5.86579335, -5.48706398,
       -5.565     , -6.96      , -6.80100333, -6.46      , -5.72      ,
       -7.16      , -6.64      , -6.19446667, -5.06      , -7.28666667,
       -5.77498333, -5.98975   , -5.441241  , -5.71666667, -6.93765   ,
       -7.09      , -7.03      , -6.87096667, -5.69865   , -6.442511  ,
       -5.82      , -6.00331397, -6.7       , -5.895     , -5.02      ,
       -5.38240741, -5.96939232, -5.38240741, -5.38240741, -5.38240741,
       -4.995     , -5.28      , -6.59      , -5.38240741, -5.89      ,
       -5.3027    , -6.00331397, -5.38240741, -5.38240741, -5.5427963 ,
       -5.5427963 , -6.8       , -6.27      , -6.7913    , -5.32      ,
       -6.8       , -5.63      , -5.60444444, -5.64552785, -4.71675801,
       -4.71675801, -4.71675801, -4.71675801, -6.144     , -4.71675801,
       -4.71675801, -4.674     , -5.29333333, -4.954     , -4.954     ,
       -4.674     , -4.954     , -4.71675801, -3.58      , -4.71675801,
       -4.71675801, -4.71675801]), array([-7.215     , -6.5698487 , -6.7095    , -5.765     , -5.75455   ,
       -6.7302603 , -6.71495   , -6.03622697, -6.29619488, -6.57616667,
       -6.34631667, -6.183125  , -5.6       , -6.19      , -5.79165   ,
       -5.76716791, -6.37674402, -7.07026124, -5.74      , -6.4074    ,
       -6.4317    , -6.39706667, -5.81      , -6.01871667, -6.681     ,
       -6.44      , -5.80725   , -6.1225    , -6.14874165, -5.635     ,
       -7.46      , -6.582     , -5.87      , -5.57      , -5.79134167,
       -7.212     , -5.4       , -6.        , -5.71      , -6.20565   ,
       -6.46852108, -5.93968333, -5.78314969, -6.11405   , -5.61618463,
       -5.90063201, -5.8169    , -6.15565   , -5.7925    , -5.77273333,
       -6.84013333, -7.04573064, -5.79165   , -6.183125  , -6.46852108,
       -6.28      , -6.9297    , -6.31128333, -5.9016    , -6.5442    ,
       -5.61618463, -6.21      , -5.724     , -5.6467    , -5.765     ,
       -6.09637594, -6.95860731, -5.47      , -5.71      , -6.64333333,
       -5.925475  , -7.117875  , -6.31128333, -7.09058607, -5.87453333,
       -5.94      , -5.94      , -5.635     , -6.12403333, -6.80073333,
       -6.05700045, -5.6357    , -6.20605   , -6.64138982, -6.47666667,
       -5.58095   , -7.32      , -5.85725   , -7.15428571, -7.19      ,
       -6.9867915 , -7.30103   , -5.96      , -5.38      , -6.6091    ,
       -6.95593662, -6.18035   , -6.21      , -6.34896101, -6.        ,
       -6.96      , -7.19      , -6.95860731, -6.19283717, -5.75652857,
       -6.6755    , -5.98358333, -7.32      , -6.6       , -6.465     ,
       -5.82      , -5.85      , -6.66      , -6.14055   , -6.235     ,
       -5.80212591, -7.44      , -5.985     , -5.985     , -5.75332321,
       -5.64      , -6.28      , -5.6024    , -7.0200525 , -6.01698765,
       -6.235     , -6.385     , -5.985     , -6.59169048, -5.985     ,
       -6.86385714, -6.98011199, -5.93842198, -5.85285714, -5.85285714,
       -6.89      , -6.6       , -6.17      , -7.01666667, -6.69451836,
       -6.66333333, -6.88587937, -7.06      , -6.95129065, -7.01666667,
       -5.85118259, -7.15      , -6.20392946, -5.57003224, -6.01012619,
       -6.4       , -7.0066821 , -6.065945  , -5.72545   , -6.04174524,
       -7.72      , -7.14      , -6.31      , -6.20392946, -7.45685782,
       -6.31      , -7.14      , -6.77166667, -6.77166667, -7.01732449,
       -7.34      , -6.39911605, -6.68490399, -5.84171667, -7.64      ,
       -7.495     , -4.9742    , -5.46      , -5.92      , -7.495     ,
       -6.285     , -6.28135367, -5.8       , -6.21859167, -6.4600597 ,
       -5.70675   , -6.05411667, -7.41      , -5.78721642, -5.82263989,
       -5.81      , -6.96      , -6.81705125, -6.135     , -5.72      ,
       -7.195     , -6.72      , -6.12665   , -5.1957    , -7.155     ,
       -5.86896667, -6.10006667, -5.46195705, -5.74333333, -7.09865   ,
       -7.09      , -7.3       , -6.85535   , -5.69378333, -6.42298104,
       -5.82      , -5.41      , -5.86901709, -5.5411515 , -5.00575   ,
       -5.56903846, -6.1531579 , -5.56903846, -5.56903846, -5.56903846,
       -5.47666667, -5.9025    , -6.62666667, -5.56903846, -5.89      ,
       -5.33023935, -5.41      , -5.56903846, -5.56903846, -5.26      ,
       -5.26      , -6.59428571, -6.27      , -6.36077143, -5.32      ,
       -6.59428571, -5.63      , -5.67      , -5.97216525, -4.67602245,
       -4.67602245, -4.67602245, -4.67602245, -6.3125    , -4.67602245,
       -4.67602245, -4.82      , -5.32166667, -4.902     , -4.902     ,
       -4.82      , -4.902     , -4.67602245, -6.18532649, -4.67602245,
       -4.67602245, -4.67602245])]","[-7.215      -6.59074641 -6.66385533 -5.765      -5.79748167 -6.90314953
 -6.77366    -6.22564897 -6.3201498  -6.55137508 -6.39069667 -6.126146
 -5.63217167 -6.365      -5.78036787 -5.82889669 -6.27487116 -7.04756756
 -5.73266667 -6.45849    -6.39992667 -6.36240833 -5.81       -6.31255667
 -6.55926    -6.18666667 -5.91332147 -6.06156667 -6.16820602 -5.67729
 -7.129125   -6.82945    -5.857      -5.605      -5.82418267 -7.08069
 -5.667      -6.03279333 -5.74783333 -6.08958333 -6.42786861 -6.051934
 -5.83841494 -6.4722     -5.72882939 -6.02270493 -5.87459    -5.94313
 -5.7925     -5.71098167 -6.78630333 -7.02514613 -5.78036787 -6.126146
 -6.42786861 -6.28       -6.89489333 -6.26397    -5.90868    -6.76403443
 -5.72882939 -6.20111    -5.72446667 -5.66383567 -5.765      -5.9969885
 -6.96538379 -5.46461    -5.56666667 -6.63       -5.91851867 -7.098509
 -6.26397    -7.0328956  -5.90302    -5.886      -5.886      -5.67729
 -6.21680667 -6.69471333 -6.05254653 -5.35114    -6.13199167 -6.66073625
 -6.22933333 -5.53921667 -7.06333333 -5.92679764 -7.19665714 -7.2213419
 -7.01812478 -7.22985826 -6.06637595 -5.698      -6.41935    -6.84467668
 -6.287085   -6.20111    -6.36263638 -6.1250781  -6.93653269 -7.2213419
 -6.96538379 -6.43265059 -5.80378783 -6.66748    -5.97657167 -7.06333333
 -6.592      -6.465      -5.812645   -5.83566667 -6.58248333 -6.15621591
 -6.235      -5.80495578 -7.34977    -6.0483     -6.0483     -5.83533852
 -5.70229667 -6.37652714 -5.62724651 -6.91636542 -6.04749871 -6.235
 -6.51333333 -6.0483     -5.6143381  -6.0483     -6.93384829 -6.9713599
 -5.86934191 -5.90734524 -5.90734524 -6.98       -6.60509487 -6.13365
 -6.963      -6.81140358 -6.66333333 -6.53153829 -6.90913587 -6.96585259
 -6.963      -5.90521186 -7.01333333 -6.19797861 -5.57496621 -6.22602524
 -6.45560333 -6.93260766 -5.89758213 -5.68966706 -6.08520281 -7.63254667
 -7.13       -6.67       -6.19797861 -7.36409323 -6.67       -7.14
 -6.57084762 -6.57084762 -7.02128922 -7.29644267 -6.53050126 -6.7529808
 -5.86631667 -7.49121    -7.495      -5.030015   -5.60350905 -5.92
 -7.495      -6.25992616 -7.03227073 -5.86102    -6.17623977 -6.5099658
 -5.80320333 -6.014495   -7.31088972 -5.79345436 -5.61874912 -5.81
 -6.96438    -6.78278568 -6.2975     -5.76963083 -7.195      -6.712
 -6.13254333 -5.08714    -7.313      -5.90202167 -6.04947    -5.44119603
 -5.7375     -7.07336925 -7.015225   -7.165      -6.86916056 -5.65792667
 -6.18816505 -5.9177853  -5.52866279 -6.53380342 -5.8242303  -5.01715
 -5.50506034 -6.09176108 -5.50506034 -5.50506034 -5.50506034 -5.47666667
 -5.7012     -6.62666667 -5.50506034 -5.89       -5.37298073 -5.52866279
 -5.50506034 -5.50506034 -5.31655926 -5.31655926 -6.65632937 -6.26266667
 -6.59532563 -5.58614889 -6.65632937 -5.62778857 -5.6031746  -5.7206749
 -4.68491145 -4.68491145 -4.68491145 -4.68491145 -6.26733333 -4.68491145
 -4.68491145 -4.8298     -5.3135     -4.91736667 -4.91736667 -4.8298
 -4.91736667 -4.68491145 -4.1010653  -4.68491145 -4.68491145 -4.68491145]","[1.58113883e-02 9.95840594e-02 1.72192691e-01 5.37587202e-02
 3.52516776e-02 1.27687746e-01 1.03817984e-01 1.56390532e-01
 3.59713983e-02 5.99143241e-02 6.10397133e-02 6.22994847e-02
 6.43433333e-02 1.10679718e-01 5.85053271e-02 1.11841333e-01
 5.89896661e-02 1.54734903e-02 5.39299958e-02 8.88062126e-02
 6.87059278e-02 4.86557171e-02 2.52982213e-02 1.67472115e-01
 1.70590594e-01 2.05653430e-01 5.44939702e-02 1.55004251e-01
 3.89287458e-02 8.45800000e-02 3.85577981e-01 2.46074668e-01
 6.36867333e-02 2.21359436e-02 9.00020566e-02 2.25387338e-01
 1.45336391e-01 6.55866667e-02 3.61161706e-02 9.42678090e-02
 2.57108795e-02 1.19566199e-01 7.08087388e-02 1.89964992e-01
 2.25289502e-01 8.59720272e-02 4.09136456e-02 1.06260000e-01
 7.11512474e-02 4.61800084e-02 5.90433338e-02 1.02922555e-02
 5.85053271e-02 6.22994847e-02 2.57108795e-02 8.85437745e-02
 1.37787142e-01 1.37917250e-01 3.08274610e-02 1.98642472e-01
 2.25289502e-01 1.77800000e-02 3.15246641e-02 3.57331217e-02
 5.37587202e-02 9.63626228e-02 1.35529467e-02 1.07800000e-02
 7.85705628e-02 6.53197265e-02 7.53474908e-02 7.08089520e-02
 1.37917250e-01 1.75166486e-01 4.36603954e-02 2.93938769e-02
 2.93938769e-02 8.45800000e-02 4.63866667e-02 7.64724202e-02
 5.60237092e-02 1.42280000e-01 4.50353972e-02 8.86487069e-02
 3.17294728e-01 5.19859094e-02 1.64478975e-01 9.56783988e-02
 7.09046845e-02 6.26838095e-02 2.11434903e-02 1.42343476e-01
 2.12751905e-01 1.73097275e-01 1.23302327e-01 7.31119021e-02
 6.79315531e-02 1.77800000e-02 8.04505199e-02 2.50156206e-01
 4.69346265e-02 6.26838095e-02 1.35529467e-02 2.80945478e-01
 7.21610063e-02 5.89875716e-02 1.14639486e-01 1.64478975e-01
 3.91918359e-02 7.90569415e-02 1.47100000e-02 2.86666667e-02
 1.55033333e-01 2.95146125e-02 3.88960152e-01 5.65323625e-02
 1.80460000e-01 1.26600000e-01 1.26600000e-01 6.41727104e-02
 1.24593333e-01 1.93054286e-01 3.75420843e-02 1.45027527e-01
 4.03708335e-02 3.88960152e-01 1.27135099e-01 1.26600000e-01
 4.88676190e-01 1.26600000e-01 7.69415025e-02 5.53395645e-02
 4.90986565e-02 7.80648859e-02 7.80648859e-02 5.69209979e-02
 1.01897367e-02 7.27000000e-02 2.62911899e-01 1.22380179e-01
 8.16292431e-02 3.45804897e-01 3.01728256e-01 7.13386249e-02
 2.62911899e-01 7.93144362e-02 1.60789718e-01 2.00081215e-02
 5.18644765e-02 1.07949524e-01 1.11206667e-01 4.52827919e-02
 1.12850086e-01 1.30084117e-01 7.73398374e-02 1.74906667e-01
 6.32455532e-03 3.13320922e-01 2.00081215e-02 1.14764976e-01
 3.13320922e-01 7.94410929e-16 1.36908233e-01 1.36908233e-01
 8.38928712e-02 8.71146650e-02 9.42806123e-02 3.40384048e-02
 5.27973021e-02 2.97580000e-01 6.00832755e-02 1.00497517e-01
 2.87018095e-01 0.00000000e+00 6.00832755e-02 5.01476782e-02
 3.75458533e-01 1.22040000e-01 6.73526721e-02 2.82995392e-01
 6.95033895e-02 8.86732318e-02 1.98220551e-01 5.31869933e-02
 1.12066949e-01 1.45155089e-01 8.76000000e-03 2.48657640e-02
 1.02774024e-01 9.92616667e-02 2.21359436e-02 3.91918359e-02
 6.60497250e-02 5.42800000e-02 1.29006460e-01 2.16922774e-01
 4.82757972e-02 4.72404692e-02 3.84346487e-02 8.09970433e-02
 1.49550000e-01 8.53814968e-02 3.05380535e-02 8.07950958e-02
 2.77051725e-01 1.95570598e-01 2.37325588e-01 3.32393165e-01
 1.41539399e-01 5.70000000e-03 8.09105213e-02 2.30370087e-01
 8.09105213e-02 8.09105213e-02 8.09105213e-02 2.74086361e-01
 2.18294892e-01 6.03600309e-02 8.09105213e-02 0.00000000e+00
 9.32599893e-02 2.37325588e-01 8.09105213e-02 8.09105213e-02
 1.13118519e-01 1.13118519e-01 7.48419326e-02 5.64663125e-02
 1.43123558e-01 5.32297778e-01 7.48419326e-02 4.42285714e-03
 3.74437682e-02 1.31280500e-01 2.52806057e-02 2.52806057e-02
 2.52806057e-02 2.52806057e-02 1.18175058e-01 2.52806057e-02
 2.52806057e-02 8.30190340e-02 1.15878289e-02 6.68271734e-02
 6.68271734e-02 8.30190340e-02 6.68271734e-02 2.52806057e-02
 1.04213060e+00 2.52806057e-02 2.52806057e-02 2.52806057e-02]"
1,LGBMRegressor,"[-6.704383489364697, -6.665711482220352, -6.564398035719986, -5.734672806337035, -6.210690757160989, -6.3105831607098395, -6.137115372742508, -6.0227242344119665, -6.186696794423638, -7.017394401369441, -6.370411350553185, -6.07953580343748, -5.925915286888431, -5.802104594726717, -6.609782426618835, -6.065247818900981, -6.6235898647261475, -6.208298604314514, -6.532348333904126, -6.600609159554744, -6.600609159554744, -5.854112697175023, -5.908222134038836, -5.819646351381532, -6.4423448763308, -5.985488535773549, -6.618383449764044, -5.8880736489924566, -6.126229405263785, -5.821995405273308, -6.26886731032094, -6.22877061721759, -5.761728272661108, -5.739285562537665, -6.1892834724943215, -6.674504460208977, -6.145670668917056, -6.193686821712344, -6.049659754648805, -6.889858462119003, -6.255029996196651, -6.235510809568704, -6.705445899556613, -6.5812147735023885, -5.909812275153827, -5.8880736489924566, -6.361986311048867, -6.995996751581814, -7.11400028889278, -6.762350395669517, -6.720910361221712, -5.908819970191401, -6.290357479675289, -6.025798130993545, -6.297698354683452, -5.654577671301882, -6.820879212063067, -6.26886731032094, -7.257384918789398, -6.518840718004354, -6.464641040752944, -6.2398799901422874, -6.2640672273773115, -6.333953034951019, -6.078741953928189, -5.971214752537122, -6.208298604314514, -5.805028849328133, -6.064771450175884, -6.146445839949885, -7.116074405903912, -7.15866006241714, -7.243962923469987, -7.188286353726488, -7.169495659879709, -5.87796381796768, -6.467725272046641, -5.788339588546557, -6.518840718004354, -7.231183521224766, -5.847030237807458, -5.969627282355855, -6.424231899227517, -6.997094723027041, -6.47515511511833, -5.993523642836857, -5.786734555884749, -6.032753769035559, -5.881295520782842, -6.164688342655442, -5.847030237807458, -6.21897875402236, -6.465335536914366, -6.08991188755472, -6.265720929084856, -5.8108325878824285, -7.21319335643887, -5.648661581770896, -5.861406809118492, -6.1365898677285395, -7.004799061497068, -6.604557279092124, -6.582817152112081, -6.087245620156962, -7.038533668705161, -6.42543857769822, -5.909415984622186, -6.682134539598942, -6.140763532024258, -6.646593193098107, -6.317501188917984, -7.022670452186468, -7.011344504129956, -6.061011723523114, -6.061011723523114, -7.253640483834844, -7.253640483834844, -6.781662811352494, -6.18723463241963, -6.9144248270613495, -5.736985875212302, -7.017871449274869, -7.135398403076237, -7.268899237068082, -7.043851156680165, -7.1502096271681586, -5.753934522048013, -6.2250745151742555, -6.265315890289964, -6.243472206675602, -6.985467558095994, -6.999775654602932, -7.161587067119501, -6.299257881504398, -5.931318597211187, -6.999775654602932, -7.295144894481008, -6.114333668271579, -6.114333668271579, -6.290835126553482, -6.339040061581771, -6.190746170789869, -6.108294763085719, -6.151337304384259, -6.071861369269009, -6.115083193328885, -6.586032428811667, -5.451871274705639, -7.143879928171032, -7.112906153309353, -6.612192043354862, -6.612192043354862, -6.537441134514026, -7.06146978684402, -5.1854580399041605, -5.593428682233537, -6.243849082136651, -6.650326876784881, -5.899530106954703, -6.733584272766703, -6.739696812040543, -7.133375702021633, -5.519025753791835, -5.475053922051434, -5.584643639329096, -5.967638360494141, -5.4505980781695795, -6.179173992649224, -6.001631533193343, -5.4505980781695795, -5.743688111076264, -5.286655595164145, -5.637478457402812, -5.637478457402812, -5.637478457402812, -5.959322152978883, -5.994902701730023, -5.733441419688038, -5.637478457402812, -6.321347154223085, -5.999317840120964, -5.637478457402812, -5.637478457402812, -5.702374737950452, -5.932850388344974, -6.167981917409497, -5.932850388344974, -5.994902701730023, -5.932850388344974, -6.167981917409497, -6.381147609795102, -6.381147609795102, -4.656800111503444, -4.656800111503444, -4.656800111503444, -4.656800111503444, -4.928877659667275, -5.048476796353547, -4.993701528877336, -4.993701528877336, -4.656800111503444, -4.656800111503444, -6.562726451894126, -6.432462934193534, -6.68127693960847, -5.88862710467742, -5.945179160196467, -6.099867967806871, -5.932658125093207, -5.81478979188532, -6.118350493977123, -6.118350493977123, -6.288842397291483, -6.0003761049270565, -5.776214828112275, -6.578404541839543, -5.777662799043943, -6.636110664314581, -5.905472793469409, -5.99024595489263, -6.518141651373938, -6.201756101663241, -5.78835159714486, -6.366449985981163, -6.187440256844294, -5.883563077856564, -6.2275225524183915, -5.779854440759708, -6.656423771426473, -5.957473460688589, -6.06199764687589, -6.0883926325241, -5.7523675664762, -5.98792303828497, -6.060632488503103, -6.383784704469484, -7.020592062266967, -6.805011457986523, -6.211603398547684, -6.656423771426473, -5.931664263337375, -6.938467397398942, -5.960023434158866, -6.00087750729735, -6.3833401497408415, -5.938449696221038, -6.939469214263349, -6.429233048638537, -6.06199764687589, -5.7822791971185135, -6.023508104189542, -6.248370955010362, -6.613083201689314, -6.873528868563447, -6.089338042658624, -6.448960858539926, -6.770277706308154, -6.577995664285824, -6.023508104189542, -6.618025774108438, -5.700572546093078, -6.0560681609264515, -5.926449820091567, -6.347447791978933, -6.079312066882895, -6.435970918908993, -6.586776095126896, -5.754009481368099, -7.077864064093147, -6.278731715423388, -6.376231302612626, -6.252140247244255, -5.931664263337375, -6.038768332523225, -7.292321824201207, -6.903218713187296, -6.198387931514224, -5.803020636634594, -6.559681598514781, -7.054813843195751, -7.292321824201207, -6.7953585806188075, -6.822897116519971, -6.419047696907001, -7.292321824201207, -6.099815546037953, -5.925236589622435, -5.868312399116673, -6.3732718472159675, -6.168249775806516, -6.26086561603552, -6.96724475233217, -6.493929668150338, -6.896131445259485, -7.077864064093147, -6.166540929112895, -6.3529098346786235, -6.226574844174204, -6.374050913940654, -7.144215337526697, -6.03641798556779, -6.003856267268183, -6.996714165054837, -6.440160704314927, -6.628980403235053, -6.282257186740229, -5.984401726196359, -6.691400270187528, -7.060488988097236, -6.316312006904999, -6.9319017864575745, -5.657800799070657, -7.007489698295755, -6.687808141357183, -7.333064623249241, -6.316312006904999, -6.96724475233217, -6.891141605268733, -5.844071541439695, -6.67479591557718, -7.206019031099503, -5.932658125093207, -6.687808141357183, -5.898163835458345, -7.129903589257219, -6.926953824122059, -6.5584431174226685, -6.5584431174226685, -6.0857368239014304, -6.405233368478118, -6.084286616645266, -6.542766791229409, -6.542766791229409, -5.87775576428834, -6.3152105517956425, -6.463756206762099, -6.405233368478118, -5.234005088426558, -5.548006241734723, -5.489502538457814, -7.1388902875629325, -6.3817024538740155, -6.726109765971621, -6.726109765971621, -6.726109765971621, -6.474187270404988, -6.008395813320541, -6.379316419389035, -5.261234989386841, -6.935114245801864, -6.883122202974486, -6.883122202974486, -7.258231502274603, -6.733485439861424, -6.727976830680325, -5.408342406262973, -7.164825917617879, -6.139516486313808, -7.164825917617879, -6.144758253685538, -5.786380850493149, -7.194854869192438, -5.936995779830085, -6.678953680226985, -5.365120870622753, -5.533354803531515, -5.0068448767814, -5.533354803531515, -5.533056849533437, -5.473216615577386, -5.473216615577386, -5.473216615577386, -5.473216615577386, -5.670940558455344, -5.402410479094126, -5.473216615577386, -5.473216615577386, -5.789493620486934, -5.863372511446147, -6.648244510908008, -5.863372511446147, -6.451234661131286, -6.134961366766435, -4.6857437288518025, -4.6857437288518025, -4.6857437288518025, -4.6857437288518025, -5.1478828453195, -5.1478828453195, -5.1478828453195, -5.102252094609798, -5.102252094609798, -5.203691850625416, -5.203691850625416, -4.925498061828015, -5.1478828453195, -4.6857437288518025, -5.491423996184946, -4.6857437288518025, -5.491423996184946, -4.6857437288518025, -4.6857437288518025, -4.6857437288518025, -4.6857437288518025, -6.283893145769164, -6.4664723651794915, -5.789072489426114, -5.789072489426114, -6.013502680755467, -6.393356150557553, -6.693888322510412, -6.015600665842604, -6.158338005870914, -6.16083756745333, -6.438755262618762, -6.438755262618762, -6.127415443856218, -6.400185325603383, -5.891090473709399, -6.118817095159271, -6.603137515942039, -5.9626997890522135, -6.611791509267823, -5.891090473709399, -6.54741453193528, -6.399968301686105, -6.231051687554602, -6.144593107318621, -6.098520920727953, -6.47222898513222, -6.158430376603402, -5.685402822065514, -6.03466551393006, -5.94671017277221, -5.938802802685616, -6.673193370107298, -5.518822779893333, -5.822252591351546, -7.122937525843147, -6.793885808389163, -5.865261128600416, -6.752415814018853, -6.281692945212035, -6.018286288677869, -6.618044774888725, -6.250231600313282, -5.679427374379945, -5.933488886230299, -5.685402822065514, -6.36561074797088, -7.053526837491892, -5.977642921089256, -5.84333587225182, -6.642869168911384, -6.1629305933384995, -6.08761097908387, -6.382392612738148, -6.317330982985766, -6.268845406060978, -7.02458100462244, -7.11803435019327, -5.944299847215889, -7.26347257940807, -7.5178710513540965, -7.1747345430847185, -6.583061985462023, -5.7231793047674495, -5.986737317883831, -6.140225617280048, -6.36561074797088, -6.568186216524415, -6.124930204266527, -6.656086126578867, -6.089758081512545, -6.029983038338194, -5.584070324256131, -7.33673618368313, -7.33673618368313, -5.800708580878534, -5.577325568738923, -7.438875194329533, -7.438875194329533, -7.1030433530064805, -5.7231793047674495, -6.956898678058386, -6.525421403320717, -6.458412995187821, -5.545975595242393, -5.9627856718159125, -7.438875194329533, -5.779526989340803, -5.619339209208442, -5.8552782890511725, -6.5646450944808725, -6.5646450944808725, -7.33673618368313, -6.194815573717078, -6.24493146953866, -6.268845406060978, -6.000256248685491, -6.068880653955366, -6.956898678058386, -6.242209395417127, -6.067755445199776, -6.297319769100933, -6.255605039069409, -6.255605039069409, -6.163174701238333, -6.5183689022866576, -5.847890051993506, -7.277502566672931, -6.956898678058386, -7.249738996744536, -6.764786405207449, -5.913230400813988, -6.190614945079368, -6.710212992382646, -6.671479575883454, -6.148927794297047, -6.59857085491116, -6.163174701238333, -6.011436181768611, -6.720896402442306, -6.59857085491116, -6.514939184939865, -6.95886130273382, -6.777361085247267, -6.24493146953866, -7.058643582089032, -6.710212992382646, -6.830470834810399, -6.861547823970158, -6.777361085247267, -5.826807895313185, -7.221218367921565, -7.199063506431144, -7.15776742998467, -5.754413436570904, -7.138153160783901, -6.350123776585575, -6.919539432027909, -6.274951467086523, -6.230406395221552, -6.552025881759696, -6.459000363266859, -7.292668911313013, -6.81232051605419, -6.169609711932579, -6.552025881759696, -7.161469860718643, -6.119586505127303, -6.659551417859194, -6.067300772090949, -6.041803907734263, -6.317361975010419, -6.450638458191854, -5.740430715691242, -5.450504857833507, -6.450638458191854, -6.368668140992027, -6.110389326359562, -6.3158580206700705, -6.684622453771945, -6.4002756830545975, -7.260450919517785, -7.260450919517785, -6.925308222375405, -6.305969462376509, -5.892881511257091, -5.848737291128772, -5.98244552828861, -5.700383549703037, -5.463189242556169, -5.563567968242365, -5.685913427189453, -5.926234133562097, -5.552373687144927, -5.552373687144927, -5.813615369329464, -5.552373687144927, -5.552373687144927, -6.000273764159493, -5.552373687144927, -5.552373687144927, -5.552373687144927, -6.6715859779219775, -6.6715859779219775, -6.6715859779219775, -5.895622143563324, -6.012163435268952, -6.181198322584905, -5.895622143563324, -4.719106678078576, -4.719106678078576, -4.719106678078576, -4.719106678078576, -6.101016720926324, -4.719106678078576, -4.719106678078576, -4.890235859070919, -5.053542687361897, -4.719106678078576, -4.719106678078576, -4.719106678078576, -5.053542687361897, -6.705545802205209, -6.2425353721340535, -6.780737757712709, -6.740250096309057, -6.260325238715229, -6.041820710738364, -6.061002267374134, -6.191840698163465, -5.857657713312656, -6.494428939242744, -5.980973798142505, -5.734562463501654, -5.9196645742647584, -5.9196645742647584, -5.980973798142505, -5.806692228074072, -5.854661270459313, -6.132041098829401, -6.310955493416194, -5.947271365322229, -6.653473661999054, -6.402642744141241, -6.225510032394973, -5.856590964560703, -6.498745245019575, -6.9352679418143355, -6.755349300381489, -6.815695929997959, -5.953470569567454, -5.9230072601740815, -5.892437762960622, -5.874540451104522, -5.874540451104522, -5.621213660802586, -6.305684125668735, -5.973623847263642, -6.733739318872094, -6.098782533714878, -5.869989251835196, -5.970388729812106, -5.869989251835196, -6.071046980893822, -5.8608563702547825, -6.102969269641966, -6.021186722054504, -6.4338998286282285, -6.134136122013464, -6.25789035421573, -5.780299316026172, -6.135040624535701, -5.878175471024876, -6.0054526639909875, -5.726027014985225, -6.499128569943016, -5.847763109755666, -5.786754618693675, -5.7722557971123125, -6.335114638730512, -5.780299316026172, -6.2311947443432825, -6.125540168938706, -5.614460555411731, -5.739145877885502, -6.980879241015525, -6.534679370362984, -6.534679370362984, -5.9775437722450135, -5.82587330891656, -6.353400523580194, -7.185281072349022, -6.194609249965484, -6.20876139361653, -5.946561618905002, -5.739145877885502, -6.991927828062883, -5.793140959545301, -7.199608332374472, -7.011857441809699, -5.853210290067649, -5.776670693061628, -5.743534448103547, -5.956413267852815, -5.956413267852815, -5.721722676964957, -6.2320620976985435, -6.049514655646107, -5.808867227431853, -6.068784669639121, -6.310990901616015, -6.4009951350076495, -6.186564971535332, -7.199608332374472, -6.1386943522917665, -7.239245444889991, -7.059728363501104, -6.478308827879291, -6.078136295714103, -6.186564971535332, -6.039364328142599, -6.186564971535332, -6.14809789846278, -5.776670693061628, -6.392671347119652, -6.253157513365767, -6.986805506963641, -6.138562215682033, -6.950925245281103, -6.186564971535332, -6.629542499378316, -6.571892760344048, -7.06000734061723, -6.428721565535942, -6.340778785015945, -5.368103109044681, -6.6285289058123, -6.176154329503321, -6.236651422616694, -7.026889229842295, -6.903882539954931, -7.040813684554229, -7.033609495536931, -7.094962540576908, -6.181668934440798, -5.752452899071524, -6.925774108301413, -7.156811203616693, -5.978985192639664, -6.879115685831823, -7.156811203616693, -6.437572192369076, -6.79410319153919, -5.066136999372839, -6.437572192369076, -6.640771149439113, -7.06735206274025, -6.330915944257676, -7.1372869031832975, -7.070528969601342, -6.493073599084325, -5.376721191946356, -5.7070120930549875, -5.602814522828244, -5.853056674197062, -6.511054860530114, -6.511054860530114, -7.22376762569838, -5.0934173141453805, -6.728512324304098, -7.22376762569838, -7.22376762569838, -6.123971864568877, -5.296692889830789, -6.989835438167553, -7.049171277958809, -6.728512324304098, -6.874722756606274, -5.764234338145522, -5.123274868415743, -6.976510451353692, -6.641816067740398, -6.858581093695083, -5.2066028705586564, -5.656208676659872, -5.988181677881765, -5.531632649842443, -5.7289174651379255, -5.1808264843674054, -5.420356229861925, -5.420356229861925, -5.638479173359449, -5.366007571484453, -5.501667180518767, -5.420356229861925, -5.357147353380746, -5.366007571484453, -5.366007571484453, -5.420356229861925, -5.420356229861925, -5.420356229861925, -5.420356229861925, -5.959247318235157, -6.980098328391399, -6.758385823621239, -6.758385823621239, -6.141744710935265, -6.9686228158479295, -6.758385823621239, -6.11157235087709, -5.440707082348747, -6.1536070878774005, -4.721431232413512, -4.721431232413512, -5.208143262084087, -5.208143262084087, -5.097309964614087, -4.694076062455131, -4.721431232413512, -4.721431232413512, -4.721431232413512, -4.694076062455131, -5.115749232941935, -6.592720231688827, -6.319623551607323, -6.181943023756121, -6.437002748227236, -5.907937973674906, -5.90511515687057, -6.0663530514235795, -6.072269402259556, -6.462943530565561, -6.314949532701, -6.563179845196284, -6.54949593383139, -6.014891619994827, -6.072207469796521, -5.906511755586132, -5.7168887226349066, -6.683496670315242, -5.863410698850414, -5.8704254850024435, -5.8704254850024435, -5.726878059378862, -6.075109102957739, -6.803877711894788, -5.726878059378862, -6.520004408614272, -6.114285885272203, -5.607654915279383, -6.041590354679579, -6.991727091686852, -5.786148579408735, -5.927516448999135, -6.977773438411253, -6.896948270929768, -6.287133653905842, -6.263277287970665, -6.286481467604091, -7.1893534480704, -5.863410698850414, -6.228834070935365, -7.476586472223616, -5.6485717175234385, -6.386046183512581, -6.333476270839621, -5.917871259912749, -6.06502064074442, -6.701554856211059, -6.292400187472966, -6.3485368090869585, -5.480952464635722, -5.7168887226349066, -5.962255900037612, -6.492483828469325, -7.100901698557243, -7.100901698557243, -6.582759475139252, -6.088005859023186, -5.6485717175234385, -5.607654915279383, -5.644619526881847, -5.794464430938817, -6.446843246639436, -6.5409370401079485, -6.312173172184252, -5.7702963684226525, -7.17219955741959, -6.136670202805519, -6.7870607698258745, -6.604477966345936, -7.204949311956426, -5.924740755213049, -5.67556530841987, -5.67556530841987, -7.078575435372188, -6.5409370401079485, -5.779760163807921, -5.794464430938817, -6.419802632526673, -5.914151708344638, -7.0260403191178655, -6.119433408840081, -7.177432897114747, -7.008888770097547, -5.5994650451790315, -6.097337986905201, -6.152302954935438, -5.662180148873911, -6.369883490213006, -6.436266222686612, -6.378262128627716, -6.120935598137737, -6.529288259932713, -6.379841325442209, -5.873415593439391, -5.85939973824504, -6.044036022032802, -5.916008059526599, -6.622329367688253, -6.146006368811914, -6.621448027127283, -6.621448027127283, -6.379841325442209, -6.262430292781342, -6.292630259829815, -6.040229648889612, -6.865056010879322, -6.120643213958357, -6.673499540898081, -6.150115272285531, -6.985430600388832, -5.942612867707892, -7.005587736218846, -5.995951490854601, -6.836984006481198, -7.212657146265746, -6.474742774116862, -6.227321156235517, -6.7893303975176735, -6.331610842181699, -7.12318159599812, -6.839641121656989, -7.084558304717961, -5.911356563871693, -6.0575633893424925, -6.907091675901825, -7.176893227699439, -5.989888414446048, -5.932463280105791, -6.0575633893424925, -6.9853576126328, -6.139728590727009, -7.165792669859353, -6.758888068968854, -7.152027644372554, -5.641855257600444, -6.640304603351902, -7.490750646980017, -7.185424524687228, -7.277053358387293, -6.791075948749928, -6.65917185795384, -6.434123317949038, -5.872214220510699, -5.210458536207177, -5.949133983763347, -7.13443311366026, -7.13443311366026, -6.263054204338204, -7.01606822867632, -5.838826744577991, -6.431389530759109, -6.431389530759109, -5.1156305366093955, -7.027614358647118, -7.051867261169877, -6.17258713159719, -5.750672512077126, -5.281729945341845, -7.055489685401849, -5.291415081430937, -4.871886249342196, -5.290307142958273, -5.843079258432604, -5.841968262650554, -5.841968262650554, -5.741930252348437, -5.123748499547825, -5.612524274154237, -5.612524274154237, -5.612524274154237, -5.612524274154237, -5.612524274154237, -6.150865876744137, -5.807042372354644, -5.612524274154237, -5.612524274154237, -5.842390425001961, -5.612524274154237, -6.707313892140824, -6.707313892140824, -6.517762130994506, -6.0807856224992, -6.525187723085219, -6.548893119854874, -6.548893119854874, -5.824417467625169, -5.824417467625169, -4.688353856085414, -4.688353856085414, -4.688353856085414, -6.317501023616768, -6.317501023616768, -5.764604249126515, -4.915634666397343, -5.25039875732625, -5.041626276627174, -4.994428760395255, -5.041626276627174, -5.041626276627174, -4.915634666397343, -4.688353856085414, -5.25039875732625]","0     -7.22
1     -6.21
2     -7.24
3     -5.92
4     -5.96
       ... 
247   -6.00
248   -3.99
249   -5.24
250   -4.77
251   -4.71
Name: Permeability, Length: 252, dtype: float64","[array([-6.70438349, -6.55986938, -6.15361612, -5.65457767, -5.68244565,
       -6.41829117, -6.61087591, -6.176136  , -5.97014201, -6.33034255,
       -6.28605596, -6.06206202, -6.20280533, -6.59901922, -5.74891513,
       -6.03435993, -6.39061064, -6.88985846, -5.90822213, -6.27303707,
       -6.63616914, -6.35344432, -5.73412662, -6.14398717, -6.22006737,
       -5.93502718, -5.8785825 , -6.2082986 , -6.33845009, -5.76446501,
       -6.28656372, -6.03828487, -5.83537881, -6.0518759 , -6.14105581,
       -6.73662004, -5.8185393 , -6.21762028, -5.80502885, -6.01134887,
       -6.28748733, -6.25859634, -5.81964635, -6.19589956, -6.02414985,
       -5.93247782, -6.3418491 , -6.00180698, -5.79942118, -5.86192931,
       -7.07625649, -6.77406572, -5.74891513, -6.06206202, -6.28748733,
       -6.36198631, -6.7185909 , -6.2259008 , -5.88735836, -6.61407815,
       -6.02414985, -6.29769835, -5.88807365, -5.53882771, -5.65457767,
       -6.17138108, -7.08405069, -5.65442898, -5.97121475, -6.79448859,
       -6.0253006 , -6.9890406 , -6.2259008 , -6.98346908, -6.12540638,
       -5.75518804, -5.75518804, -5.76446501, -6.47133797, -6.68921821,
       -6.01705564, -5.50600772, -6.14463864, -6.79433423, -6.14567067,
       -6.0549226 , -6.97412006, -5.88007078, -7.18828635, -7.15259631,
       -7.04842222, -7.23189691, -6.31630965, -5.87796382, -6.23191807,
       -7.03755016, -6.37744818, -6.29769835, -6.22726644, -6.14148683,
       -7.08725705, -7.15259631, -7.08405069, -6.15494205, -5.64173396,
       -6.41149308, -6.14710266, -6.97412006, -6.45207508, -6.46772527,
       -6.03275377, -5.81219094, -6.20660636, -6.11694076, -6.26648285,
       -5.70843085, -7.21319336, -6.07136925, -6.07136925, -5.93276329,
       -5.90838216, -6.60455728, -5.59764491, -6.76725452, -6.0598481 ,
       -6.26648285, -6.13658987, -6.07136925, -5.92530858, -6.07136925,
       -7.19802858, -6.99457871, -5.95618462, -6.06732626, -6.06732626,
       -7.06153087, -6.64659319, -5.98759695, -6.95583967, -7.05638389,
       -6.78166281, -5.87153623, -6.32249874, -7.0432623 , -6.95583967,
       -5.86913509, -7.1353984 , -6.30759758, -6.22762252, -6.28307291,
       -6.79749754, -7.05339173, -6.45387635, -5.49008827, -6.02428059,
       -7.14560321, -7.22266022, -6.26531589, -6.30759758, -6.93978269,
       -6.26531589, -7.22515724, -6.60028829, -6.60028829, -7.00805933,
       -6.68951366, -6.15623302, -6.77374752, -6.18339986, -7.25281805,
       -7.29514489, -5.1150837 , -5.71458489, -6.32985727, -7.29514489,
       -6.11433367, -6.31094382, -5.8815585 , -6.07351704, -6.05907504,
       -5.91331276, -6.04936047, -7.08656279, -5.76226176, -5.41981387,
       -5.90011452, -7.00490301, -6.57129685, -6.44902202, -6.11508319,
       -7.13530446, -6.7426469 , -5.87675357, -5.0460969 , -7.09213056,
       -5.98583175, -6.04789373, -5.2414669 , -5.77810857, -7.08263989,
       -6.73358427, -7.00561817, -6.71562278, -5.69777301, -6.49604281,
       -5.96763836, -5.83148636, -6.04400166, -5.82530012, -5.15808532,
       -5.63747846, -6.18042322, -5.63747846, -5.63747846, -5.63747846,
       -5.95932215, -5.70237474, -5.9949027 , -5.63747846, -6.00163153,
       -5.80023936, -5.83148636, -5.63747846, -5.63747846, -5.35691172,
       -5.35691172, -6.69597807, -6.16798192, -6.17710053, -5.99931784,
       -6.69597807, -6.16327085, -5.93285039, -5.91619205, -4.65680011,
       -4.65680011, -4.65680011, -4.65680011, -6.38114761, -4.65680011,
       -4.65680011, -4.92887766, -5.26337051, -4.99370153, -4.99370153,
       -4.92887766, -4.99370153, -4.65680011, -4.94101231, -4.65680011,
       -4.65680011, -4.65680011]), array([-7.00344227, -7.00186858, -6.02589322, -5.8886271 , -5.68334439,
       -6.24758563, -6.78833581, -6.08747443, -5.89935154, -6.40446114,
       -6.48575559, -6.01292374, -6.43597092, -6.37603711, -5.65626324,
       -5.9542364 , -6.47244431, -6.9384674 , -5.89727351, -6.47324048,
       -6.8431151 , -6.32382796, -5.7883516 , -6.24726143, -6.130293  ,
       -5.98792304, -5.76389745, -5.90547279, -6.40975237, -5.65411383,
       -6.8520618 , -5.85676856, -5.81478979, -6.03876833, -5.98845403,
       -6.48975489, -5.8201127 , -6.21764046, -5.75236757, -6.12119291,
       -6.3762313 , -6.21217317, -6.0235081 , -6.24430534, -6.2116034 ,
       -5.93266841, -6.11136905, -5.98316175, -5.83763921, -5.92274136,
       -6.92510098, -6.96479415, -5.65626324, -6.01292374, -6.3762313 ,
       -6.17865329, -6.60441697, -6.40825745, -5.88177501, -6.38856315,
       -6.2116034 , -6.46063918, -5.80302064, -5.61269567, -5.8886271 ,
       -6.07722276, -6.79535858, -5.70057255, -5.73183574, -6.65642377,
       -5.92065005, -7.09821904, -6.40825745, -6.94813372, -6.12730242,
       -5.76564095, -5.76564095, -5.65411383, -6.31301475, -6.81958385,
       -6.24957483, -5.45717861, -5.9480898 , -6.53019143, -5.95625564,
       -5.91118162, -6.82289712, -6.21301278, -7.29232182, -7.2145705 ,
       -7.07786406, -6.90321871, -6.67479592, -5.69039001, -6.11553302,
       -6.92361957, -6.59276836, -6.46063918, -6.09705896, -6.24169531,
       -7.10826647, -7.2145705 , -6.79535858, -6.07968291, -5.87566205,
       -6.28168542, -6.09700595, -6.82289712, -6.4190477 , -6.26086562,
       -5.78729314, -5.79633521, -6.32371834, -6.3267547 , -6.14044387,
       -5.45107275, -7.12495221, -6.24509896, -6.24509896, -5.90821818,
       -5.97604173, -6.35781285, -5.63903551, -6.99086111, -5.9417566 ,
       -6.14044387, -6.37405091, -6.24509896, -6.14341119, -6.24509896,
       -7.32189315, -6.8789128 , -6.14372524, -6.00385627, -6.00385627,
       -7.04145038, -6.50644383, -6.15988168, -6.99671417, -6.80802982,
       -6.69140027, -5.80963747, -6.69591817, -6.96724475, -6.99671417,
       -5.92486328, -7.00129478, -6.41928049, -5.90895381, -6.14881296,
       -6.67571715, -6.85075469, -6.14295559, -5.43500804, -6.284248  ,
       -6.93190179, -7.21458319, -6.5596816 , -6.41928049, -6.95633802,
       -6.5596816 , -7.26040922, -6.54276679, -6.54276679, -6.78946093,
       -7.03867249, -6.32392701, -6.40006851, -5.95990337, -7.12990359,
       -7.33990836, -4.98582563, -6.36644999, -6.10478226, -7.33990836,
       -6.31796755, -6.31374358, -6.08573682, -5.85835068, -6.29417286,
       -5.84846594, -5.96034955, -7.23469656, -6.05055822, -5.65047562,
       -6.00839581, -6.93511425, -6.84062943, -6.39852353, -5.80426201,
       -7.2582315 , -6.72797683, -6.06767673, -5.05859037, -7.16482592,
       -5.77198747, -6.22153044, -5.1286876 , -5.78638085, -7.19287853,
       -6.82221358, -7.05200198, -7.25129139, -5.52092737, -6.19227   ,
       -5.92327932, -5.81655422, -5.99437788, -5.80442366, -5.10174573,
       -5.47321662, -6.06315417, -5.47321662, -5.47321662, -5.47321662,
       -5.67094056, -5.5265572 , -5.94719103, -5.47321662, -5.99085619,
       -5.40153381, -5.81655422, -5.47321662, -5.47321662, -5.17726097,
       -5.17726097, -6.64824451, -6.13496137, -6.29503059, -5.91572178,
       -6.64824451, -5.91645387, -5.86337251, -5.78036252, -4.68574373,
       -4.68574373, -4.68574373, -4.68574373, -6.15470382, -4.68574373,
       -4.68574373, -4.92549806, -5.14788285, -5.20369185, -5.20369185,
       -4.92549806, -5.20369185, -4.68574373, -5.09226808, -4.68574373,
       -4.68574373, -4.68574373]), array([-6.90437708, -6.72760634, -6.22981558, -5.87930959, -5.55291424,
       -6.19557743, -6.8837674 , -6.26252573, -5.87996853, -6.42168523,
       -6.45133942, -6.0082823 , -5.96762974, -6.69388832, -5.72100169,
       -5.99425316, -6.41911062, -6.96285448, -5.89109047, -6.48726036,
       -6.9863134 , -6.2899425 , -5.76799639, -6.37563368, -6.06302752,
       -6.09852092, -5.71571133, -6.10635986, -6.3999683 , -5.61606144,
       -6.87625225, -5.91236918, -5.78907249, -5.938819  , -6.03535542,
       -6.71581213, -5.83166535, -6.08761098, -5.71057282, -5.73152548,
       -6.38954643, -6.12052856, -5.88602896, -6.29342558, -5.97757419,
       -5.70620979, -6.30526504, -5.84988251, -5.7231793 , -5.77464197,
       -6.93872984, -6.84205895, -5.72100169, -6.0082823 , -6.38954643,
       -6.31733098, -6.8195211 , -6.304724  , -5.72635197, -6.70716855,
       -5.97757419, -6.38567795, -5.82225259, -5.46972244, -5.87930959,
       -6.07500421, -6.98987626, -5.55235043, -5.7952206 , -6.78916416,
       -6.04924604, -7.31597593, -6.304724  , -7.20089139, -5.99315003,
       -5.85484305, -5.85484305, -5.61606144, -6.1903918 , -6.92715065,
       -6.0503055 , -5.53395322, -6.01370171, -6.88778055, -5.68540282,
       -6.12382158, -6.94685122, -6.09486833, -7.27750257, -7.43887519,
       -6.95689868, -7.0419057 , -6.40480844, -5.85935754, -6.21628432,
       -6.91177347, -6.6593338 , -6.38567795, -6.41883803, -6.56818622,
       -7.11803435, -7.43887519, -6.98987626, -6.12710818, -5.74516677,
       -6.1414481 , -5.93647321, -6.94685122, -6.24493147, -6.30295841,
       -5.98318782, -5.86750439, -6.47288761, -6.13067   , -5.9132304 ,
       -5.68230023, -7.09631515, -6.25560504, -6.25560504, -5.93033088,
       -6.1249302 , -6.33061236, -5.61934318, -6.79395665, -5.93316989,
       -5.9132304 , -6.26020941, -6.25560504, -6.32745608, -6.25560504,
       -7.41477827, -6.91297315, -5.79802938, -6.1631747 , -6.1631747 ,
       -7.22121837, -6.42802579, -6.01143618, -6.77736109, -6.78406854,
       -6.72248418, -6.03980534, -6.62071534, -7.02178731, -6.77736109,
       -6.00798557, -6.83047083, -6.24804263, -6.02516315, -6.19628187,
       -6.86154782, -6.90155419, -5.90728557, -5.37221791, -6.06973084,
       -7.0506123 , -7.29266891, -6.33462576, -6.24804263, -7.23142539,
       -6.33462576, -7.17625379, -6.55202588, -6.55202588, -6.93562325,
       -6.81232052, -6.44101767, -6.66999854, -6.15562438, -7.22009312,
       -7.40583142, -5.03840511, -6.17000325, -6.45900036, -7.40583142,
       -6.21530712, -6.29030204, -5.9310346 , -6.17749571, -6.22627006,
       -5.87873052, -5.95065859, -7.15554073, -6.01295903, -5.69409949,
       -6.11038933, -7.10638078, -6.59203397, -6.60676081, -5.90028424,
       -7.12110145, -6.8845783 , -6.12589621, -5.07728397, -7.12688022,
       -5.92681394, -6.2224213 , -5.40685103, -5.84873729, -7.18489291,
       -6.948546  , -6.99719352, -6.81926836, -5.70342006, -6.19761605,
       -6.03506667, -5.85268373, -6.20873458, -5.64286957, -5.16668843,
       -5.55237369, -5.96519315, -5.55237369, -5.55237369, -5.55237369,
       -5.78850237, -5.59792349, -5.81361537, -5.55237369, -5.92623413,
       -5.53039489, -5.85268373, -5.55237369, -5.55237369, -5.42220495,
       -5.42220495, -6.67158598, -6.18119832, -6.40640828, -5.94551882,
       -6.67158598, -6.01216344, -5.89562214, -5.92900651, -4.71910668,
       -4.71910668, -4.71910668, -4.71910668, -6.10101672, -4.71910668,
       -4.71910668, -4.89023586, -5.25714803, -5.06726919, -5.06726919,
       -4.89023586, -5.06726919, -4.71910668, -5.16821524, -4.71910668,
       -4.71910668, -4.71910668]), array([-6.7055458 , -6.62665669, -6.05199572, -5.79645034, -5.64214142,
       -6.36050578, -6.88170199, -6.28601541, -6.06349195, -5.7719449 ,
       -6.37357409, -6.21981378, -6.17731193, -6.47520888, -5.7415583 ,
       -5.91219738, -6.37138882, -6.80290578, -5.89243776, -6.25709982,
       -6.76301945, -6.46487821, -5.85466127, -6.44847272, -6.50803706,
       -6.16120538, -5.87724785, -6.22551003, -6.30568413, -5.86998925,
       -6.6857176 , -6.19049559, -5.81583918, -5.97127018, -6.04332186,
       -6.55454032, -5.92300726, -6.18840431, -5.73914588, -5.9103553 ,
       -6.22369891, -6.13286207, -5.85659096, -6.42786887, -5.99925618,
       -5.97099749, -6.08822817, -5.99512995, -5.78029932, -5.94221481,
       -6.96806767, -6.77257608, -5.7415583 , -6.21981378, -6.22369891,
       -6.2436727 , -6.64597294, -6.29285838, -5.95775108, -6.58994207,
       -5.99925618, -6.38617628, -5.85765771, -5.72261769, -5.79645034,
       -5.9926803 , -7.1289007 , -5.86564577, -5.78675462, -6.81569593,
       -5.88459402, -7.16083416, -6.29285838, -7.17286503, -6.04095018,
       -5.62121366, -5.62121366, -5.86998925, -6.09284603, -6.6921543 ,
       -6.06762165, -5.66016708, -6.13685417, -6.72970706, -6.02205863,
       -6.01520313, -6.95092525, -5.96562934, -7.19960833, -7.23017717,
       -6.96450015, -7.23845178, -6.24542768, -5.8681626 , -6.18312137,
       -7.02129674, -6.43615868, -6.38617628, -6.21120628, -6.23668036,
       -7.06711522, -7.23017717, -7.1289007 , -5.93823773, -5.90112744,
       -6.42111276, -6.12407744, -6.95092525, -6.4296948 , -6.63922519,
       -5.9165478 , -5.80886723, -6.47830883, -6.22850413, -6.40099514,
       -5.3847312 , -7.24215248, -6.09958639, -6.09958639, -6.01669052,
       -5.93898734, -6.67750661, -5.64163285, -6.85435802, -6.24610282,
       -6.40099514, -6.32140781, -6.09958639, -6.14360881, -6.09958639,
       -7.31843768, -7.05507609, -5.99279569, -6.18656497, -6.18656497,
       -7.08659589, -6.44927512, -5.97993201, -6.93052383, -6.56050499,
       -6.6295425 , -5.6409221 , -6.13869435, -7.06000734, -6.93052383,
       -6.36239926, -7.09973735, -6.11306133, -6.06537377, -6.17320089,
       -6.72237329, -6.83592984, -5.96969402, -5.37439938, -6.04380902,
       -7.27679214, -7.13683223, -6.31391613, -6.11306133, -7.03955623,
       -6.31391613, -7.1568112 , -6.43757219, -6.43757219, -6.75843704,
       -6.72839439, -6.37839323, -6.44520797, -6.18467102, -7.28968665,
       -7.06735206, -5.17533063, -6.02384174, -6.34552092, -7.06735206,
       -6.38991823, -6.46746205, -5.87710158, -6.12277438, -6.33766479,
       -5.85699066, -5.89626778, -6.98983544, -5.89952881, -5.82001055,
       -5.85305667, -6.87412096, -6.70088376, -6.51105486, -5.95025003,
       -7.04917128, -6.72851232, -6.50613474, -5.07356165, -7.11325523,
       -5.75817195, -6.01602745, -5.2295573 , -5.76423434, -6.82000099,
       -6.84578237, -6.85858109, -7.09221556, -5.73723445, -6.23381021,
       -5.81742306, -6.14174471, -6.04546513, -5.86557425, -5.08028474,
       -5.42035623, -6.20997392, -5.42035623, -5.42035623, -5.42035623,
       -5.63847917, -5.36600757, -5.50166718, -5.42035623, -5.99645761,
       -5.44989573, -6.14174471, -5.42035623, -5.42035623, -5.35714735,
       -5.35714735, -6.75838582, -6.18191126, -6.49068277, -6.40848395,
       -6.75838582, -5.90556608, -5.85364672, -6.22829191, -4.72143123,
       -4.72143123, -4.72143123, -4.72143123, -6.15360709, -4.72143123,
       -4.72143123, -4.69407606, -5.20814326, -5.11574923, -5.11574923,
       -4.69407606, -5.11574923, -4.72143123, -4.98751714, -4.72143123,
       -4.72143123, -4.72143123]), array([-7.02420138, -6.72605147, -6.15311289, -5.77592012, -5.62075937,
       -6.20363274, -6.80756368, -6.10747439, -5.87280477, -6.43261387,
       -6.38380575, -6.18789724, -6.22086699, -6.46294353, -5.59743868,
       -5.88031708, -6.47371962, -7.05469268, -5.84393766, -6.34573339,
       -6.72562931, -6.27001508, -5.68179589, -6.18292519, -6.23760232,
       -6.11428589, -5.89464032, -6.26327729, -6.3328576 , -5.65110716,
       -7.02110527, -5.96737202, -5.79574932, -6.31217317, -6.21738454,
       -6.54518282, -5.87042549, -6.20068742, -5.71688872, -5.96977523,
       -6.29240019, -6.02059615, -5.8634107 , -6.33745719, -6.16646479,
       -6.09917306, -6.2890977 , -6.04159035, -5.75784965, -6.03072533,
       -7.22942993, -6.97777344, -5.59743868, -6.18789724, -6.29240019,
       -6.25332663, -6.6828242 , -6.25184335, -5.91543348, -6.64051043,
       -6.16646479, -6.40731   , -5.82115832, -5.63155857, -5.77592012,
       -5.93769324, -6.95303679, -5.51791645, -5.9622559 , -6.69216599,
       -6.09932574, -7.28336939, -6.25184335, -7.08812393, -5.87047974,
       -5.60765492, -5.60765492, -5.65110716, -6.06635305, -6.6857423 ,
       -6.13700068, -5.48095246, -6.15023503, -6.61158306, -6.08800586,
       -5.90201151, -7.02604032, -5.86426898, -7.1774329 , -7.15349297,
       -7.00888877, -7.1743769 , -6.37205821, -5.67556531, -6.05683372,
       -6.86441925, -6.55109179, -6.40731   , -6.33318218, -6.24084986,
       -7.19281408, -7.15349297, -6.95303679, -6.14212246, -5.76858238,
       -5.96164699, -6.01953361, -7.02604032, -6.45348058, -6.38745947,
       -5.77868203, -5.88357891, -6.41773228, -6.09651067, -6.30873126,
       -5.57565024, -7.22930379, -6.12624721, -6.12624721, -5.84271419,
       -5.97227005, -6.59795316, -5.78466891, -6.88692915, -6.03639133,
       -6.30873126, -6.26243029, -6.12624721, -6.29263026, -6.12624721,
       -7.24486319, -7.09024098, -6.06996844, -6.04022965, -6.04022965,
       -7.21265715, -6.38255799, -5.94513455, -6.95151349, -6.95105205,
       -6.60285196, -5.97742442, -6.45945886, -6.88574615, -6.95151349,
       -6.17785627, -6.90709168, -6.54567099, -5.92538182, -6.15230295,
       -6.82498685, -6.9861025 , -6.38164069, -5.71274453, -6.16358743,
       -7.07068468, -7.49075065, -6.13972859, -6.54567099, -7.1772795 ,
       -6.13972859, -7.16579267, -6.75888807, -6.75888807, -7.10313498,
       -6.77923884, -6.28352647, -6.65917186, -6.02355211, -7.39826502,
       -7.33770939, -5.01211186, -6.11044116, -6.43412332, -7.33770939,
       -6.11070067, -5.94913398, -5.99332263, -6.26245272, -6.28278141,
       -5.88831968, -5.79633415, -7.13733594, -5.93570348, -5.28806586,
       -5.92307813, -7.02239306, -6.68351109, -6.43138953, -5.84854846,
       -7.08349227, -6.7663447 , -6.16018092, -5.11563054, -7.05186726,
       -5.7878915 , -5.73405174, -5.23371373, -5.75067251, -7.11834255,
       -6.83780064, -7.05548969, -7.01370453, -5.95396046, -6.34859224,
       -5.77598974, -5.79784455, -5.84307926, -5.84196826, -5.1237485 ,
       -5.61252427, -5.78492477, -5.61252427, -5.61252427, -5.61252427,
       -5.77334409, -5.80704237, -5.94762789, -5.61252427, -5.76215458,
       -5.3596288 , -5.79784455, -5.61252427, -5.61252427, -5.38979816,
       -5.38979816, -6.54889312, -6.15962687, -5.82254638, -5.69394672,
       -6.54889312, -5.91419885, -5.82441747, -5.58321555, -4.68835386,
       -4.68835386, -4.68835386, -4.68835386, -6.31750102, -4.68835386,
       -4.68835386, -4.91563467, -5.25039876, -4.99442876, -4.99442876,
       -4.91563467, -4.99442876, -4.68835386, -5.76460425, -4.68835386,
       -4.68835386, -4.68835386])]","[-6.86839    -6.72841049 -6.12288671 -5.79897696 -5.63632101 -6.28511855
 -6.79444896 -6.18392519 -5.93715176 -6.27220954 -6.39610616 -6.09819582
 -6.20091698 -6.52141941 -5.69303541 -5.95507279 -6.4254548  -6.92975576
 -5.88659231 -6.36727422 -6.79084928 -6.34042162 -5.76538635 -6.27965604
 -6.23180545 -6.05939248 -5.82601589 -6.14178372 -6.3573425  -5.71114734
 -6.74434013 -5.99305804 -5.81016592 -6.06258132 -6.08511433 -6.60838204
 -5.85275002 -6.18239269 -5.74480077 -5.94883956 -6.31387283 -6.14895126
 -5.88983702 -6.29979131 -6.07580968 -5.92830531 -6.22716181 -5.97431431
 -5.77967773 -5.90645056 -7.02751698 -6.86625367 -5.69303541 -6.09819582
 -6.31387283 -6.27099398 -6.69426522 -6.29671679 -5.87373398 -6.58805247
 -6.07580968 -6.38750035 -5.83843258 -5.59508442 -5.79897696 -6.05079632
 -6.99024461 -5.65818283 -5.84945632 -6.74958769 -5.99582329 -7.16948782
 -6.29671679 -7.07869663 -6.03145775 -5.72090812 -5.72090812 -5.71114734
 -6.22678872 -6.76276986 -6.10431166 -5.52765182 -6.07870387 -6.71071927
 -5.97947872 -6.00142809 -6.94416679 -6.00357004 -7.22703039 -7.23794243
 -7.01131478 -7.11797    -6.40267998 -5.79428785 -6.1607381  -6.95173184
 -6.52336016 -6.38750035 -6.25751038 -6.28577972 -7.11469743 -7.23794243
 -6.99024461 -6.08841866 -5.78645452 -6.24347727 -6.06483857 -6.94416679
 -6.39984592 -6.41164679 -5.89969291 -5.83369534 -6.37985068 -6.17987605
 -6.2059767  -5.56043705 -7.1811834  -6.15958137 -6.15958137 -5.92614341
 -5.9841223  -6.51368845 -5.65646507 -6.85867189 -6.04345375 -6.2059767
 -6.27093766 -6.15958137 -6.16648298 -6.15958137 -7.29960018 -6.98635635
 -5.99214067 -6.09223037 -6.09223037 -7.12469053 -6.48257919 -6.01679627
 -6.92239045 -6.83200786 -6.68558835 -5.86786511 -6.44745709 -6.99560957
 -6.92239045 -6.06844789 -6.99479861 -6.3267306  -6.03049902 -6.19073432
 -6.77642453 -6.92554659 -6.17109045 -5.47689163 -6.11713118 -7.09511882
 -7.27149904 -6.32265359 -6.3267306  -7.06887637 -6.32265359 -7.19688482
 -6.57830824 -6.57830824 -6.91894311 -6.80962798 -6.31661948 -6.58963888
 -6.10143015 -7.25815329 -7.28918923 -5.06535138 -6.07706421 -6.33465683
 -7.28918923 -6.22964545 -6.26631709 -5.95375083 -6.09891811 -6.23999283
 -5.87716391 -5.93059411 -7.12079429 -5.93220226 -5.57449308 -5.95900689
 -6.98858241 -6.67767102 -6.47935015 -5.92368559 -7.12946019 -6.77001181
 -6.14732843 -5.07423269 -7.10979184 -5.84613932 -6.04838493 -5.24805531
 -5.78562671 -7.07975098 -6.83758537 -6.99377689 -6.97842052 -5.72266307
 -6.29366626 -5.90387943 -5.88806271 -6.0271317  -5.79602717 -5.12611054
 -5.53918985 -6.04073385 -5.53918985 -5.53918985 -5.53918985 -5.76611767
 -5.59998108 -5.84100083 -5.53918985 -5.93546681 -5.50833852 -5.88806271
 -5.53918985 -5.53918985 -5.34066463 -5.34066463 -6.6646175  -6.16513595
 -6.23835371 -5.99259782 -6.6646175  -5.98233062 -5.87398185 -5.8874137
 -4.69428712 -4.69428712 -4.69428712 -4.69428712 -6.22159525 -4.69428712
 -4.69428712 -4.87086446 -5.22538868 -5.07496811 -5.07496811 -4.87086446
 -5.07496811 -4.69428712 -5.19072341 -4.69428712 -4.69428712 -4.69428712]","[0.13944729 0.15069537 0.07446472 0.08471085 0.04810699 0.08886445
 0.09949804 0.0797604  0.07195765 0.25266863 0.06907644 0.08888047
 0.14874949 0.11176593 0.05787928 0.05522494 0.04174925 0.08302212
 0.02216195 0.09706551 0.11823031 0.0684684  0.05739122 0.11534565
 0.15183284 0.08424345 0.07228149 0.12906798 0.04046919 0.09377899
 0.25242803 0.11556153 0.01638308 0.13163023 0.08269296 0.09894613
 0.03982118 0.04865757 0.03366687 0.1286529  0.06148769 0.08192777
 0.07016102 0.07966843 0.09469707 0.12679218 0.10564077 0.06523305
 0.0385182  0.08525765 0.11406208 0.08944985 0.05787928 0.08888047
 0.06148769 0.0632647  0.07323459 0.06252816 0.07844674 0.10716097
 0.09469707 0.05255698 0.03048947 0.08577377 0.08471085 0.07999355
 0.11609497 0.12306665 0.09824101 0.06313391 0.08057124 0.12011919
 0.06252816 0.10000308 0.0953772  0.09368028 0.09368028 0.09377899
 0.1498294  0.09651789 0.08251836 0.07101517 0.08262067 0.12737424
 0.16014425 0.0849231  0.06687255 0.13288942 0.04800707 0.10525796
 0.04682815 0.12851524 0.14640862 0.09119541 0.0655631  0.06665511
 0.10292694 0.05255698 0.11005113 0.14625098 0.0428293  0.10525796
 0.11609497 0.07929308 0.09388929 0.17382854 0.07725486 0.06687255
 0.07856553 0.13421615 0.10221352 0.03494589 0.10290707 0.08633644
 0.16866928 0.12634662 0.05902882 0.07619153 0.07619153 0.05575282
 0.07457395 0.14142711 0.06602705 0.07853187 0.11303994 0.16866928
 0.07926712 0.07619153 0.14215914 0.07619153 0.07406855 0.08063651
 0.11662547 0.0708045  0.0708045  0.07671378 0.09116972 0.07463128
 0.07561836 0.16798991 0.06420565 0.13890554 0.20141717 0.06321022
 0.07561836 0.18020845 0.11447162 0.14745359 0.11482618 0.04919143
 0.06798802 0.08271883 0.21690753 0.12571096 0.09626046 0.11381698
 0.12023246 0.13649258 0.14745359 0.11693002 0.13649258 0.03958013
 0.10474043 0.10474043 0.13013409 0.12199876 0.0960867  0.14281857
 0.09239038 0.08780738 0.11642958 0.06993373 0.21341027 0.12517051
 0.11642958 0.11057885 0.17081014 0.07821649 0.13565031 0.09718612
 0.02308324 0.08318348 0.08096504 0.10048818 0.19304097 0.09092914
 0.07905219 0.09568443 0.07347329 0.10751178 0.07105693 0.05895238
 0.20441215 0.02349403 0.0374164  0.09236009 0.17895286 0.0895053
 0.03382149 0.13625005 0.06845731 0.07159389 0.1913347  0.13812886
 0.11581254 0.09537518 0.12810925 0.11708837 0.07916064 0.03276638
 0.08208081 0.15479191 0.08208081 0.08208081 0.08208081 0.1124558
 0.15066369 0.18012705 0.08208081 0.09087134 0.15660777 0.12810925
 0.08208081 0.08208081 0.08520485 0.08520485 0.0685343  0.01725321
 0.23314041 0.23251893 0.0685343  0.09849248 0.03719277 0.21106993
 0.02394277 0.02394277 0.02394277 0.02394277 0.10797306 0.02394277
 0.02394277 0.08942496 0.04331591 0.07922502 0.07922502 0.08942496
 0.07922502 0.02394277 0.29772058 0.02394277 0.02394277 0.02394277]"
2,XGBRegressor,"[-7.2275796, -7.466514, -7.0293694, -5.9889054, -5.8196106, -6.5742965, -6.5819554, -5.9752326, -5.9370627, -7.1109257, -6.1161947, -6.0413647, -6.1683946, -5.9255056, -6.526363, -6.1234484, -6.813151, -6.1718907, -6.488612, -6.5782285, -6.5782285, -5.93384, -5.8886356, -5.751339, -6.7994657, -5.8354383, -6.3255887, -5.777951, -6.162466, -5.695612, -6.0140457, -6.098768, -5.688236, -5.512999, -6.07784, -7.836494, -6.3364906, -5.871549, -5.878312, -7.1093564, -5.9924393, -5.8055015, -6.1151576, -6.5907297, -5.983854, -5.777951, -6.302464, -7.042976, -7.1046047, -6.7772884, -7.0074635, -5.713715, -6.1640105, -5.8619046, -6.0579762, -5.841352, -6.463554, -6.0140457, -7.1384554, -6.4646087, -5.909868, -5.7253494, -6.0748906, -6.6621165, -5.950055, -5.585324, -6.1718907, -5.7932916, -6.1570954, -6.013389, -7.2159286, -7.302181, -7.3826404, -7.1304164, -7.068542, -5.855312, -6.4282794, -5.8331466, -6.4646087, -7.2056074, -5.705468, -5.739671, -6.2763863, -7.062159, -6.804009, -5.7134705, -5.721977, -6.0238457, -5.9455285, -5.9256186, -5.705468, -6.153254, -5.8345256, -5.9743648, -5.945046, -5.407493, -7.283806, -5.365281, -5.812885, -6.2871885, -7.1440015, -6.765054, -6.3668256, -5.4397244, -6.8803287, -8.024357, -6.427981, -6.949842, -6.374577, -6.5025034, -6.5239344, -7.196555, -6.5980177, -5.458081, -5.458081, -7.2795253, -7.2795253, -6.700815, -6.1402955, -6.5819855, -6.33702, -7.143183, -7.2325196, -7.5005064, -6.436024, -7.2782335, -5.58106, -6.0440054, -6.2399235, -5.9430723, -6.7902975, -7.0120354, -7.13959, -5.893868, -5.571835, -7.0120354, -7.653251, -6.262433, -6.262433, -6.5885735, -6.4041595, -6.197956, -6.1926537, -5.936771, -5.6271424, -5.9407525, -6.180749, -5.2956476, -7.1814723, -6.8635526, -7.187636, -7.187636, -6.9834785, -7.2588887, -4.9229608, -5.9452176, -5.9704304, -6.329719, -5.7405486, -6.7058134, -6.4797616, -7.2979946, -5.348747, -5.240748, -5.756367, -6.1656523, -5.234044, -6.1608996, -5.9196944, -5.1434755, -5.8633714, -5.003105, -5.6005816, -5.6005816, -5.6005816, -5.8323436, -6.72673, -5.6687007, -5.6005816, -6.5036745, -6.8329463, -5.6005816, -5.6005816, -5.8367434, -5.559824, -6.1541924, -5.559824, -5.6708164, -5.559824, -6.1541924, -6.4687877, -6.4687877, -4.6499777, -4.6499777, -4.6499777, -4.6499777, -4.896239, -5.0541644, -4.811591, -4.811591, -4.6499777, -4.6499777, -7.5038667, -7.227052, -6.148664, -5.700028, -6.0595894, -7.009265, -5.8209963, -5.928628, -5.567228, -5.567228, -6.8037333, -5.877398, -5.8765736, -6.8775196, -5.754679, -7.005889, -5.7867126, -5.6898103, -6.4509826, -5.8081264, -5.7609744, -6.1347885, -6.716366, -5.551993, -6.394912, -5.8518624, -6.5808177, -5.4737344, -6.0650706, -5.989451, -5.7616982, -5.8538637, -5.711653, -6.4154, -6.9460793, -6.8380713, -5.8507357, -6.5808177, -5.7368455, -7.0977488, -5.539261, -5.7366977, -6.1854806, -5.5670743, -7.013523, -6.005778, -6.0650706, -5.454933, -5.963982, -6.1393805, -6.526853, -7.0467973, -6.532834, -6.115295, -6.480641, -6.709641, -5.963982, -6.3848658, -5.3784647, -5.689757, -5.824586, -6.1135554, -6.3526034, -5.5481834, -7.0219707, -5.614813, -7.006576, -5.7841697, -6.3601346, -6.283369, -5.7368455, -5.790934, -7.3177733, -6.9596667, -6.5572386, -5.7608395, -6.8156996, -7.2450323, -7.3177733, -6.7922516, -6.8056507, -6.5910277, -7.3177733, -5.9198284, -5.898468, -5.9760303, -5.757143, -6.1900024, -6.3101206, -7.0784674, -5.993326, -6.995418, -7.006576, -5.9069495, -6.050523, -6.2515917, -6.7041826, -7.317838, -5.799437, -5.8972607, -7.265226, -6.5656004, -6.303709, -5.781957, -6.0788355, -6.7606626, -7.7387724, -6.486878, -7.349817, -6.112823, -6.9817786, -6.660588, -7.187247, -6.486878, -7.0784674, -7.3256755, -5.384176, -6.470858, -7.3613963, -5.8209963, -6.660588, -5.6468334, -7.1257105, -7.27119, -5.8479958, -5.8479958, -6.079137, -7.0424647, -5.8651547, -6.495301, -6.495301, -6.03781, -6.3876095, -6.0016346, -7.0424647, -5.073807, -6.0328703, -5.45226, -7.219212, -6.5896463, -6.4919057, -6.4919057, -6.4919057, -6.7031393, -5.8604894, -6.422973, -5.304101, -6.944526, -7.4398, -7.4398, -7.252232, -7.368189, -6.764438, -5.322057, -7.5338006, -5.8836074, -7.5338006, -5.8225536, -5.6854434, -7.287381, -5.8657265, -7.0985274, -5.231088, -5.655713, -5.2333345, -5.655713, -5.403042, -5.443766, -5.443766, -5.443766, -5.443766, -5.5893598, -5.7679763, -5.443766, -5.443766, -5.182358, -5.5810575, -6.6037226, -5.5810575, -6.616591, -6.3300266, -4.669149, -4.669149, -4.669149, -4.669149, -5.327658, -5.327658, -5.327658, -5.090327, -5.090327, -5.01134, -5.01134, -4.859427, -5.327658, -4.669149, -4.911357, -4.669149, -4.911357, -4.669149, -4.669149, -4.669149, -4.669149, -7.0505266, -6.4518185, -5.7796483, -5.7796483, -6.1896634, -6.439997, -6.4923115, -6.1543, -6.0387754, -6.504312, -6.131563, -6.131563, -5.932732, -6.121724, -5.7368546, -6.0406256, -7.0601406, -5.7742352, -7.021516, -5.7368546, -7.4571943, -6.3732543, -6.2228117, -5.8432674, -6.2140584, -5.951974, -6.0549808, -5.706531, -5.967164, -5.6628547, -6.3933935, -6.6702137, -5.527119, -5.776063, -7.475339, -7.045872, -5.61959, -6.337169, -6.1871552, -6.065713, -7.0707903, -6.314624, -5.825019, -5.886245, -5.706531, -6.3507714, -7.091087, -5.812751, -6.150109, -7.2618012, -5.8299856, -6.5097804, -6.267347, -6.178865, -5.859611, -7.0351906, -7.2123876, -5.682968, -7.367095, -7.547399, -7.2164288, -6.7648635, -5.68643, -5.307064, -6.129292, -6.482082, -6.282122, -5.5422773, -6.434045, -6.6936316, -5.8852577, -5.70716, -7.499497, -7.499497, -5.854722, -5.593079, -7.417586, -7.417586, -7.23032, -5.68643, -7.0190806, -6.177289, -6.3100977, -5.435292, -5.882352, -7.417586, -5.673683, -5.2097363, -5.6055613, -6.855476, -6.855476, -7.499497, -6.2762685, -6.3910294, -5.859611, -5.8518014, -6.230182, -7.0190806, -6.212982, -5.997381, -6.5485625, -6.3174562, -6.3174562, -6.1776314, -6.2235193, -5.7483263, -7.19907, -7.0190806, -7.353938, -6.3537326, -5.701149, -5.7037654, -6.259577, -6.875566, -6.3022046, -6.67621, -6.1776314, -5.5442157, -6.8301044, -6.67621, -6.6480384, -6.9323487, -6.6129856, -6.3910294, -7.0038195, -6.259577, -6.8418627, -6.803476, -6.6129856, -5.495773, -7.1923466, -7.3724475, -7.3447895, -5.605068, -7.153999, -6.4108486, -6.9512634, -6.526149, -6.1841106, -6.6353536, -6.0302844, -7.317681, -7.411542, -6.5330276, -6.6353536, -7.057316, -5.8138704, -6.76346, -6.2210684, -5.9094954, -7.2088537, -7.080751, -6.0621963, -5.384211, -7.080751, -6.591201, -6.024698, -5.6163697, -6.4100127, -6.5613647, -7.2296443, -7.2296443, -7.370628, -6.3291864, -5.5790453, -5.801925, -5.82624, -5.856696, -5.403201, -5.643085, -4.8370824, -5.940591, -5.5269823, -5.5269823, -6.553422, -5.5269823, -5.5269823, -6.0337176, -5.5269823, -5.5269823, -5.5269823, -6.6380334, -6.6380334, -6.6380334, -5.6048884, -5.8264966, -6.2722955, -5.6048884, -4.712716, -4.712716, -4.712716, -4.712716, -6.161022, -4.712716, -4.712716, -4.8951087, -5.0128846, -4.712716, -4.712716, -4.712716, -5.0128846, -7.178902, -7.000573, -6.6381907, -8.024365, -6.482897, -6.5259895, -5.9956694, -6.2332706, -5.7062187, -6.530926, -6.223072, -5.464353, -5.821493, -5.821493, -6.223072, -5.5837173, -5.7914176, -5.8883095, -6.0751696, -5.9414573, -7.0947857, -5.8973308, -6.1066737, -5.8492265, -6.379352, -6.931059, -6.770004, -6.720165, -5.7761707, -5.8380623, -5.8420663, -5.9640784, -5.9640784, -5.809748, -6.2649684, -5.7692313, -7.659556, -5.8779407, -5.671508, -6.125124, -5.671508, -6.1193476, -6.2011075, -6.0916786, -6.210204, -6.012564, -5.8151083, -6.031645, -5.866245, -6.9588113, -5.875408, -5.8862686, -5.6314936, -5.808322, -5.649639, -5.572188, -5.580198, -6.2742414, -5.866245, -5.5396166, -6.0148816, -5.9380407, -5.849648, -7.2404027, -6.6010523, -6.6010523, -5.493734, -5.7673426, -6.553294, -7.140945, -6.194383, -5.995378, -6.0027337, -5.849648, -6.6063833, -5.564632, -7.1803246, -6.8298383, -5.5603657, -5.7382116, -5.508958, -5.4304657, -5.4304657, -5.54154, -6.367215, -5.9321184, -5.512931, -5.966791, -6.439257, -6.7378163, -6.0432224, -7.1803246, -6.4927506, -7.1586633, -7.3641534, -6.4391394, -5.7659473, -6.0432224, -6.0362406, -6.0432224, -5.9259105, -5.7382116, -6.604703, -6.29278, -6.952961, -5.8381443, -7.064585, -6.0432224, -6.5154047, -5.8382106, -6.9137983, -6.279158, -6.0315013, -4.4609547, -7.0254993, -5.813524, -5.862561, -6.926059, -6.8045983, -7.089508, -7.163292, -7.38383, -6.577659, -6.184768, -7.1891446, -7.1411114, -6.0375786, -6.6322136, -7.1411114, -6.41226, -7.0349965, -4.9079747, -6.41226, -6.914613, -7.424843, -5.896424, -7.0587974, -7.236791, -6.476202, -5.623484, -5.6623387, -5.4253116, -5.568532, -6.480942, -6.480942, -7.228346, -5.2106047, -6.640951, -7.228346, -7.228346, -6.283571, -4.9643145, -6.987182, -7.2345047, -6.640951, -6.759034, -5.7141485, -5.4217877, -7.2464004, -6.8942857, -7.0849924, -4.9751544, -5.522531, -6.0217485, -5.8825, -5.0853653, -4.725612, -5.380803, -5.380803, -5.009124, -5.2863646, -6.5885706, -5.380803, -5.371249, -5.2863646, -5.2863646, -5.380803, -5.380803, -5.380803, -5.380803, -7.0897927, -7.199463, -6.8030667, -6.8030667, -5.589856, -7.0386686, -6.8030667, -7.264149, -5.1850805, -6.140226, -4.7172937, -4.7172937, -5.2894983, -5.2894983, -5.0895762, -4.672112, -4.7172937, -4.7172937, -4.7172937, -4.672112, -4.9553285, -6.0698924, -6.94406, -6.5266075, -7.509259, -6.7142577, -6.09948, -5.9708915, -5.8415623, -6.1672444, -6.2650023, -6.676348, -6.678387, -5.808206, -6.042537, -6.852731, -5.7483454, -6.8840127, -5.7802353, -5.48092, -5.48092, -5.678633, -5.8049994, -6.5063214, -5.678633, -6.9424534, -6.295198, -5.810852, -6.108115, -6.848909, -5.9413013, -5.986822, -7.2096725, -7.006971, -6.169297, -6.1289167, -6.1041656, -7.4475646, -5.7802353, -6.0908475, -8.025749, -5.507721, -5.779012, -5.9333158, -5.8290906, -5.8756304, -6.873103, -6.4116426, -6.734892, -5.336744, -5.7483454, -5.7790937, -7.422608, -7.1489367, -7.1489367, -6.669355, -6.264408, -5.507721, -5.810852, -5.5820427, -5.595578, -6.4656157, -6.5419602, -5.885318, -5.716084, -7.265405, -6.1609287, -8.00619, -6.531748, -7.085616, -5.880483, -5.372189, -5.372189, -7.1077323, -6.5419602, -5.781725, -5.595578, -6.344481, -5.6395373, -7.3152623, -6.3855996, -7.1490707, -6.991659, -5.499378, -6.459975, -5.9875875, -5.6969986, -7.38679, -6.4258237, -6.690467, -6.4677744, -6.3398952, -6.2138567, -5.9024367, -5.921221, -5.7086368, -6.7252855, -6.913799, -6.0869417, -6.893611, -6.893611, -6.2138567, -6.325511, -6.228319, -5.9297385, -7.211017, -5.670622, -6.821834, -6.1176147, -7.1160727, -5.733405, -7.038236, -5.751023, -7.1009374, -7.074591, -6.398943, -6.161288, -6.503565, -6.8542123, -7.5700355, -7.971979, -7.1232004, -6.009, -5.9571714, -7.1814947, -7.606037, -5.7443967, -5.559444, -5.9571714, -7.3113494, -6.1460137, -7.139471, -6.788582, -7.180483, -5.9305887, -6.0567822, -7.3188677, -7.4124312, -7.3665137, -6.762384, -6.7574506, -6.078778, -5.7940607, -5.0739717, -5.9475336, -7.1379337, -7.1379337, -6.4898405, -7.2431626, -5.587462, -6.150865, -6.150865, -5.0485897, -6.70311, -7.157913, -6.0750985, -5.734751, -5.4342356, -7.3146305, -6.0109296, -5.09552, -4.7330556, -5.57165, -4.982391, -4.982391, -5.850079, -4.978676, -5.567391, -5.567391, -5.567391, -5.567391, -5.567391, -6.070438, -5.9110146, -5.567391, -5.567391, -5.754123, -5.567391, -6.762772, -6.762772, -6.573659, -6.209845, -6.5357623, -6.598765, -6.598765, -5.6688085, -5.6688085, -4.67352, -4.67352, -4.67352, -6.309078, -6.309078, -5.2817316, -4.8243465, -5.315508, -5.06302, -4.908551, -5.06302, -5.06302, -4.8243465, -4.67352, -5.315508]","0     -7.22
1     -6.21
2     -7.24
3     -5.92
4     -5.96
       ... 
247   -6.00
248   -3.99
249   -5.24
250   -4.77
251   -4.71
Name: Permeability, Length: 252, dtype: float64","[array([-7.2275796, -6.655986 , -6.369739 , -5.841352 , -5.504383 ,
       -6.831494 , -6.85633  , -6.8369   , -5.6168323, -6.607812 ,
       -6.2138352, -6.1952267, -5.6191564, -6.377285 , -5.7112427,
       -5.727593 , -6.25849  , -7.0554442, -5.8886356, -6.2888875,
       -6.6088514, -6.3738904, -5.8047004, -6.852648 , -6.95131  ,
       -6.175727 , -5.769436 , -6.1718907, -6.1997366, -5.5881677,
       -6.4557757, -7.537074 , -5.8890786, -5.7678533, -6.028719 ,
       -6.9399014, -5.7152944, -6.2177978, -5.7932916, -5.9893413,
       -6.4119883, -6.0397563, -5.751339 , -6.9033794, -5.6222014,
       -5.920476 , -5.9279194, -5.921458 , -5.810208 , -5.6505976,
       -7.282101 , -7.034274 , -5.7112427, -6.1952267, -6.4119883,
       -6.302464 , -6.80364  , -6.109886 , -6.0804043, -6.5511317,
       -5.6222014, -6.0579762, -5.777951 , -5.527637 , -5.841352 ,
       -6.0019712, -6.9564   , -5.469147 , -5.585324 , -6.6546626,
       -6.528611 , -6.9710455, -6.109886 , -6.6086273, -5.857104 ,
       -5.8703136, -5.8703136, -5.5881677, -6.1700687, -6.7546697,
       -6.0177536, -5.3786044, -6.2315006, -6.5585074, -6.3364906,
       -5.6006346, -7.051927 , -6.3567796, -7.1304164, -7.1938715,
       -7.001111 , -7.2533016, -5.9911814, -5.855312 , -6.2737317,
       -6.7645545, -6.845783 , -6.0579762, -6.5667577, -6.0631204,
       -7.045151 , -7.1938715, -6.9564   , -6.679825 , -5.9010587,
       -6.746675 , -5.853484 , -7.051927 , -6.534841 , -6.4282794,
       -6.0238457, -5.865644 , -6.498622 , -6.087723 , -6.249931 ,
       -6.091666 , -7.283806 , -5.976157 , -5.976157 , -5.687878 ,
       -5.60488  , -6.765054 , -5.7067127, -6.6239247, -5.3063297,
       -6.249931 , -6.2871885, -5.976157 , -5.6570516, -5.976157 ,
       -7.0567627, -7.0913863, -5.8556776, -5.97562  , -5.97562  ,
       -6.996163 , -6.5025034, -6.093108 , -7.032848 , -7.8103986,
       -6.700815 , -6.5844426, -7.057545 , -6.9792957, -7.032848 ,
       -5.5028553, -7.2325196, -6.291628 , -5.56152  , -6.108933 ,
       -6.456671 , -6.900744 , -6.233732 , -5.7619243, -5.895532 ,
       -7.621639 , -7.187387 , -6.2399235, -6.291628 , -7.1097765,
       -6.2399235, -7.1458616, -6.593389 , -6.593389 , -7.0982504,
       -7.343728 , -5.7640734, -6.664088 , -6.2714963, -7.5391273,
       -7.653251 , -5.0726223, -5.755088 , -5.979409 , -7.653251 ,
       -6.262433 , -7.125738 , -5.8302646, -6.288368 , -6.0464525,
       -6.0065327, -6.2684093, -7.400912 , -6.000572 , -5.4029326,
       -5.831412 , -6.980868 , -6.709918 , -6.3078585, -5.9407525,
       -7.2006445, -6.7182612, -6.3808537, -5.045253 , -7.2944703,
       -5.920596 , -5.7772255, -5.3622036, -5.735548 , -7.151606 ,
       -6.7058134, -7.17866  , -6.7416353, -5.5351033, -6.412837 ,
       -6.1656523, -5.424336 , -6.6918836, -5.8926   , -5.0145655,
       -5.6005816, -6.0349283, -5.6005816, -5.6005816, -5.6005816,
       -5.8323436, -5.8367434, -6.72673  , -5.6005816, -5.9196944,
       -5.658323 , -5.424336 , -5.6005816, -5.6005816, -5.25841  ,
       -5.25841  , -6.6541495, -6.1541924, -6.248224 , -6.8329463,
       -6.6541495, -5.6349216, -5.559824 , -5.7412887, -4.6499777,
       -4.6499777, -4.6499777, -4.6499777, -6.4687877, -4.6499777,
       -4.6499777, -4.896239 , -5.3148108, -4.811591 , -4.811591 ,
       -4.896239 , -4.811591 , -4.6499777, -3.5866947, -4.6499777,
       -4.6499777, -4.6499777], dtype=float32), array([-7.215543 , -6.7330413, -6.9687147, -5.700028 , -5.5741305,
       -6.644341 , -7.1186757, -6.3799696, -5.840635 , -6.306019 ,
       -6.4716187, -6.122299 , -5.5481834, -6.34416  , -5.782584 ,
       -5.626203 , -6.0743027, -6.984251 , -5.82239  , -6.8656807,
       -7.0090356, -6.3172183, -5.7609744, -6.329517 , -6.5072775,
       -5.8538637, -5.6873856, -5.7867126, -6.1833277, -5.589421 ,
       -7.154295 , -6.918887 , -5.928628 , -5.790934 , -5.751447 ,
       -6.9461246, -5.7241197, -6.046725 , -5.7616982, -5.8035207,
       -6.3601346, -6.282777 , -5.963982 , -6.560657 , -5.8507357,
       -5.8329883, -5.955856 , -5.897841 , -5.8006954, -5.865738 ,
       -6.869914 , -7.0262456, -5.782584 , -6.122299 , -6.3601346,
       -6.2626295, -7.029364 , -6.253647 , -5.9990306, -6.6053185,
       -5.8507357, -6.191737 , -5.7608395, -5.4102244, -5.700028 ,
       -5.735031 , -6.7922516, -5.3784647, -5.566176 , -6.5808177,
       -6.1075172, -6.9935403, -6.253647 , -7.208869 , -5.665541 ,
       -5.8757524, -5.8757524, -5.589421 , -6.1630497, -6.792399 ,
       -5.7611628, -5.2517962, -6.282715 , -6.781444 , -6.1473255,
       -5.074564 , -6.8056507, -6.482858 , -7.3177733, -7.194019 ,
       -7.006576 , -6.9596667, -6.470858 , -5.7191205, -6.2928987,
       -6.85637  , -6.246283 , -6.191737 , -6.5458484, -6.0483594,
       -6.980942 , -7.194019 , -6.7922516, -6.4098034, -5.616023 ,
       -6.6064353, -6.053418 , -6.8056507, -6.5910277, -6.3101206,
       -5.8457828, -5.7779355, -6.4402084, -6.2800765, -6.222244 ,
       -5.9252167, -7.4233027, -5.9962344, -5.9962344, -5.730114 ,
       -5.641732 , -6.479148 , -5.160608 , -6.9441924, -5.657484 ,
       -6.222244 , -6.7041826, -5.9962344, -5.5581727, -5.9962344,
       -7.190967 , -6.9682193, -5.9813433, -5.8972607, -5.8972607,
       -7.0207233, -6.5274034, -6.0847235, -7.265226 , -7.641877 ,
       -6.7606626, -6.195234 , -7.0645666, -7.0784674, -7.265226 ,
       -5.9942303, -7.0837665, -6.2569137, -5.5116773, -6.2086997,
       -6.407622 , -6.5715194, -6.084959 , -5.5700755, -6.125373 ,
       -7.349817 , -7.232152 , -6.8156996, -6.2569137, -7.1287   ,
       -6.8156996, -7.144687 , -6.495301 , -6.495301 , -7.1866074,
       -7.3801227, -5.9796386, -6.60427  , -5.983449 , -7.1257105,
       -7.524462 , -4.83892  , -6.1347885, -5.95511  , -7.524462 ,
       -6.2975426, -7.18718  , -6.079137 , -6.0507956, -6.398968 ,
       -6.105511 , -6.130192 , -7.3752513, -6.109247 , -5.731206 ,
       -5.8604894, -6.944526 , -7.0549006, -6.3030725, -5.72669  ,
       -7.252232 , -6.764438 , -6.2234025, -5.0722537, -7.5338006,
       -5.77788  , -5.7252493, -5.7344255, -5.6854434, -7.1684985,
       -7.0735693, -7.159766 , -6.8885193, -5.4988003, -5.908272 ,
       -5.815532 , -5.4143243, -6.706552 , -5.8945932, -5.021023 ,
       -5.443766 , -6.363632 , -5.443766 , -5.443766 , -5.443766 ,
       -5.5893598, -5.756639 , -6.630277 , -5.443766 , -5.913611 ,
       -4.76249  , -5.4143243, -5.443766 , -5.443766 , -5.252489 ,
       -5.252489 , -6.6037226, -6.3300266, -6.7369514, -5.379468 ,
       -6.6037226, -5.628239 , -5.5810575, -5.6999536, -4.669149 ,
       -4.669149 , -4.669149 , -4.669149 , -6.256325 , -4.669149 ,
       -4.669149 , -4.859427 , -5.327658 , -5.01134  , -5.01134  ,
       -4.859427 , -5.01134  , -4.669149 , -3.5893965, -4.669149 ,
       -4.669149 , -4.669149 ], dtype=float32), array([-7.2075357, -6.5893006, -6.72742  , -5.7699723, -5.690632 ,
       -6.7793655, -7.1431284, -6.26641  , -5.99602  , -6.260858 ,
       -6.3476253, -5.8678927, -5.6558557, -6.4923115, -5.902404 ,
       -5.6414366, -5.900695 , -7.039522 , -5.7368546, -6.760289 ,
       -6.8724833, -6.3720584, -5.796804 , -6.3706613, -6.6208186,
       -6.2140584, -5.691705 , -6.021566 , -6.2228656, -5.5878706,
       -7.29282  , -6.9210715, -5.7796483, -5.7238   , -5.6733084,
       -7.0449758, -5.70843  , -6.5097804, -5.7694917, -6.1080794,
       -6.413792 , -5.984345 , -5.8342466, -6.671453 , -5.613695 ,
       -5.4341416, -5.983349 , -5.9339905, -5.68643  , -5.695563 ,
       -6.758834 , -7.028224 , -5.902404 , -5.8678927, -6.413792 ,
       -6.178865 , -6.9674625, -6.068527 , -5.6961718, -6.929263 ,
       -5.613695 , -6.2754636, -5.776063 , -5.368459 , -5.7699723,
       -6.099819 , -6.9337373, -5.491856 , -5.5922985, -6.659371 ,
       -6.133076 , -7.316425 , -6.068527 , -7.231735 , -5.899517 ,
       -5.870834 , -5.870834 , -5.5878706, -6.1989913, -7.0057125,
       -5.966125 , -5.279978 , -6.0302706, -7.139282 , -5.706531 ,
       -5.499064 , -7.055684 , -6.280427 , -7.19907  , -7.417586 ,
       -7.0190806, -7.253998 , -6.146988 , -5.6998715, -6.4565887,
       -6.90065  , -6.7246556, -6.2754636, -6.5608373, -6.282122 ,
       -7.2123876, -7.417586 , -6.9337373, -6.3463387, -5.690231 ,
       -6.427151 , -5.790987 , -7.055684 , -6.3910294, -6.352316 ,
       -5.890404 , -5.733026 , -6.5705085, -5.780121 , -5.701149 ,
       -6.0198793, -7.416472 , -6.3174562, -6.3174562, -5.7086325,
       -5.5422773, -6.357905 , -5.4918113, -6.6895404, -5.5672092,
       -5.701149 , -6.434413 , -6.3174562, -5.728479 , -6.3174562,
       -7.432607 , -7.113831 , -5.8270216, -6.1776314, -6.1776314,
       -7.1923466, -6.574583 , -5.5442157, -6.6129856, -7.1665125,
       -6.6712995, -6.7209945, -7.0621614, -6.983892 , -6.6129856,
       -5.5457053, -6.8418627, -6.417529 , -5.469482 , -6.1088214,
       -6.803476 , -6.6577177, -6.2201705, -5.974167 , -5.9905643,
       -7.466024 , -7.317681 , -6.4057446, -6.417529 , -7.243671 ,
       -6.4057446, -7.146816 , -6.6353536, -6.6353536, -7.0087166,
       -7.411542 , -6.4942436, -6.673722 , -5.8192472, -7.47313  ,
       -7.5384398, -4.910076 , -5.9362326, -6.0302844, -7.5384398,
       -6.27909  , -7.130218 , -5.948332 , -6.847442 , -6.4089966,
       -6.0207405, -5.9570103, -7.417022 , -5.5966487, -5.2266994,
       -6.024698 , -6.989745 , -6.5877   , -6.305512 , -5.706927 ,
       -7.2058992, -6.7225404, -6.082017 , -5.0720663, -7.2822356,
       -6.429444 , -5.7589602, -5.299515 , -5.801925 , -6.8669844,
       -7.0778847, -7.166449 , -6.729731 , -5.891193 , -6.192039 ,
       -5.830755 , -5.4105387, -6.7085323, -5.9006276, -5.021458 ,
       -5.5269823, -5.91179  , -5.5269823, -5.5269823, -5.5269823,
       -5.4800177, -5.745705 , -6.553422 , -5.5269823, -5.940591 ,
       -5.4912615, -5.4105387, -5.5269823, -5.5269823, -5.3020506,
       -5.3020506, -6.6380334, -6.2722955, -6.3557496, -5.408131 ,
       -6.6380334, -5.8264966, -5.6048884, -5.46849  , -4.712716 ,
       -4.712716 , -4.712716 , -4.712716 , -6.161022 , -4.712716 ,
       -4.712716 , -4.8951087, -5.3131714, -4.9109488, -4.9109488,
       -4.8951087, -4.9109488, -4.712716 , -3.606952 , -4.712716 ,
       -4.712716 , -4.712716 ], dtype=float32), array([-7.178902 , -6.650009 , -6.045046 , -5.7773776, -5.6338243,
       -7.350032 , -7.1380634, -6.330031 , -6.1357703, -6.156032 ,
       -6.2404957, -6.0531025, -5.601277 , -6.3485208, -5.9656115,
       -5.7943816, -6.446957 , -7.1030354, -5.8420663, -6.2739778,
       -6.573398 , -6.3403273, -5.7914176, -6.525773 , -6.9946213,
       -6.1724486, -5.5750318, -6.1066737, -6.2649684, -5.671508 ,
       -7.202758 , -6.459562 , -5.8658295, -5.6944065, -5.757525 ,
       -7.04727  , -5.8380623, -6.082193 , -5.849648 , -5.877206 ,
       -6.421528 , -6.1375604, -5.8492265, -6.8204093, -5.6433973,
       -5.6583824, -5.5830884, -5.8833995, -5.866245 , -5.879644 ,
       -6.82831  , -7.033825 , -5.9656115, -6.0531025, -6.421528 ,
       -6.2778807, -6.7734985, -6.1699176, -5.8546467, -6.764198 ,
       -5.6433973, -6.20944  , -5.7062187, -5.4499164, -5.7773776,
       -5.834206 , -6.947372 , -5.4920917, -5.572188 , -6.720165 ,
       -5.884443 , -6.9355316, -6.1699176, -6.90716  , -5.890293 ,
       -5.809748 , -5.809748 , -5.671508 , -6.1455946, -6.4869046,
       -6.0971913, -5.347075 , -6.2779937, -6.870808 , -6.1544423,
       -5.507967 , -7.064585 , -6.467684 , -7.1803246, -7.1730685,
       -7.014383 , -7.2799716, -6.1592717, -5.722594 , -6.3549004,
       -6.966489 , -6.8860416, -6.20944  , -7.007252 , -6.0107307,
       -6.990843 , -7.1730685, -6.947372 , -5.8586946, -5.7647247,
       -6.6223435, -6.0294247, -7.064585 , -6.5814447, -6.4291887,
       -5.8818574, -5.512931 , -6.4391394, -6.0335865, -6.7378163,
       -5.962357 , -7.4141517, -5.9966116, -5.9966116, -5.7122416,
       -5.645101 , -6.3704576, -5.4368258, -6.716797 , -5.8785295,
       -6.7378163, -6.4817376, -5.9966116, -5.6885552, -5.9966116,
       -7.282059 , -7.2430744, -5.9326806, -6.0432224, -6.0432224,
       -7.017892 , -6.551152 , -6.0862713, -6.9916034, -7.396765 ,
       -6.5154047, -6.0413723, -6.4927506, -6.9137983, -6.9916034,
       -5.5639315, -7.0360312, -6.2467   , -5.9134502, -6.158173 ,
       -6.496275 , -6.729414 , -6.741953 , -5.2633796, -6.033529 ,
       -7.6837   , -7.216583 , -6.506743 , -6.2467   , -7.207056 ,
       -6.506743 , -7.1411114, -6.41226  , -6.41226  , -6.9648514,
       -7.2941313, -5.8421965, -6.666034 , -6.0458083, -7.545818 ,
       -7.424843 , -5.0368114, -5.7870774, -6.0189157, -7.424843 ,
       -6.2989693, -7.036302 , -5.844494 , -6.0429907, -6.2315774,
       -6.0091677, -5.9584475, -6.987182 , -6.035601 , -5.287393 ,
       -5.568532 , -6.9631476, -6.9196577, -6.480942 , -5.7364125,
       -7.2345047, -6.640951 , -5.935262 , -5.0891433, -7.2845206,
       -5.816661 , -5.959292 , -5.4187555, -5.7141485, -6.71472  ,
       -7.0281615, -7.0849924, -7.276973 , -5.912693 , -6.2934465,
       -5.817362 , -5.589856 , -6.699384 , -5.8912487, -5.0049706,
       -5.380803 , -6.0808334, -5.380803 , -5.380803 , -5.380803 ,
       -5.009124 , -5.2863646, -6.5885706, -5.380803 , -5.896424 ,
       -5.2609396, -5.589856 , -5.380803 , -5.380803 , -5.371249 ,
       -5.371249 , -6.8030667, -6.2702827, -7.089617 , -5.346756 ,
       -6.8030667, -5.630889 , -5.6047115, -5.529016 , -4.7172937,
       -4.7172937, -4.7172937, -4.7172937, -6.140226 , -4.7172937,
       -4.7172937, -4.672112 , -5.2894983, -4.9553285, -4.9553285,
       -4.672112 , -4.9553285, -4.7172937, -3.60123  , -4.7172937,
       -4.7172937, -4.7172937], dtype=float32), array([-7.2067385, -6.9826164, -6.8232574, -5.762998 , -5.497117 ,
       -6.5821457, -6.9689   , -6.3067145, -5.9735165, -6.3899126,
       -6.659135 , -6.137532 , -5.624782 , -6.1672444, -5.889051 ,
       -5.851946 , -6.2991247, -7.3199854, -5.7564907, -6.5114174,
       -6.726847 , -6.302244 , -5.814639 , -6.10706  , -6.8436227,
       -6.295198 , -5.831103 , -6.1289167, -6.1608663, -5.5818005,
       -7.4169555, -6.815932 , -5.857078 , -5.885318 , -6.0630016,
       -7.0799313, -5.48092  , -6.1038537, -5.7483454, -5.890241 ,
       -6.4116426, -6.036174 , -5.7802353, -6.20751  , -5.625332 ,
       -5.771239 , -5.902339 , -6.108115 , -5.8235703, -5.696114 ,
       -7.1555176, -7.2096725, -5.889051 , -6.137532 , -6.4116426,
       -6.256958 , -7.501372 , -6.3755093, -5.9527345, -6.639789 ,
       -5.625332 , -6.2328663, -5.77187  , -5.311642 , -5.762998 ,
       -6.0476584, -6.918702 , -5.4575996, -5.7790937, -6.651764 ,
       -5.996423 , -7.1876063, -6.3755093, -7.420025 , -5.6944103,
       -5.810852 , -5.810852 , -5.5818005, -5.9708915, -6.93833  ,
       -5.6710024, -5.336744 , -6.138043 , -6.8735704, -6.264408 ,
       -5.4445944, -7.3152623, -5.9428926, -7.1490707, -7.1798825,
       -6.991659 , -7.2642884, -6.0221615, -5.372189 , -6.524065 ,
       -7.0223107, -6.688779 , -6.2328663, -6.609983 , -6.0354533,
       -6.9975157, -7.1798825, -6.918702 , -6.524925 , -5.574033 ,
       -6.719988 , -5.8774986, -7.3152623, -6.583936 , -6.4259524,
       -5.844604 , -5.842307 , -6.617982 , -5.8945165, -6.214722 ,
       -5.6671596, -7.431217 , -5.9968433, -5.9968433, -5.47621  ,
       -5.587208 , -6.411079 , -5.8794246, -6.536839 , -5.3013434,
       -6.214722 , -6.325511 , -5.9968433, -6.228319 , -5.9968433,
       -7.1027064, -7.116904 , -5.615666 , -5.9297385, -5.9297385,
       -7.074591 , -6.5262914, -6.0761833, -7.0178413, -6.8833957,
       -6.6804624, -7.148357 , -7.037999 , -6.963737 , -7.0178413,
       -5.905381 , -7.1814947, -6.4170284, -5.6992188, -5.9875875,
       -6.464738 , -6.864849 , -6.4533715, -5.9945154, -6.0853004,
       -7.57254  , -7.3188677, -6.1460137, -6.4170284, -7.2825336,
       -6.1460137, -7.139471 , -6.788582 , -6.788582 , -7.031407 ,
       -7.400957 , -5.790005 , -6.7574506, -6.0873857, -7.537526 ,
       -7.4908733, -5.027756 , -5.820578 , -6.078778 , -7.4908733,
       -6.279234 , -5.9475336, -5.7496405, -6.616958 , -6.4228964,
       -5.834268 , -5.650533 , -7.4148903, -5.747199 , -5.5276628,
       -5.8083024, -6.9466696, -6.932046 , -6.150865 , -5.7224755,
       -7.2115817, -6.7257714, -6.194552 , -5.0485897, -7.157913 ,
       -5.9038687, -5.6634398, -5.6112447, -5.734751 , -7.2332416,
       -7.0509953, -7.3146305, -6.743134 , -5.6376314, -6.5669236,
       -5.824005 , -5.4097667, -5.57165  , -4.982391 , -4.978676 ,
       -5.567391 , -6.0016203, -5.567391 , -5.567391 , -5.567391 ,
       -5.4874964, -5.9110146, -6.6185403, -5.567391 , -5.873496 ,
       -5.3730736, -5.4097667, -5.567391 , -5.567391 , -5.2681866,
       -5.2681866, -6.598765 , -6.2733426, -5.4576197, -5.3468165,
       -6.598765 , -5.6287937, -5.6688085, -5.982125 , -4.67352  ,
       -4.67352  , -4.67352  , -4.67352  , -6.309078 , -4.67352  ,
       -4.67352  , -4.8243465, -5.315508 , -4.908551 , -4.908551 ,
       -4.8243465, -4.908551 , -4.67352  , -5.2817316, -4.67352  ,
       -4.67352  , -4.67352  ], dtype=float32)]","[-7.207259  -6.722191  -6.586835  -5.7703457 -5.580017  -6.837476
 -7.0450196 -6.424005  -5.9125547 -6.3441267 -6.386542  -6.0752106
 -5.609851  -6.3459044 -5.8501787 -5.728312  -6.195914  -7.1004477
 -5.809287  -6.5400496 -6.758124  -6.341148  -5.7937074 -6.4371314
 -6.78353   -6.142259  -5.7109323 -6.043152  -6.206353  -5.603753
 -7.1045203 -6.9305053 -5.864053  -5.7724624 -5.8548    -7.011641
 -5.6933656 -6.19207   -5.784495  -5.933678  -6.403817  -6.096122
 -5.835806  -6.632682  -5.6710725 -5.723445  -5.87051   -5.948961
 -5.7974296 -5.757531  -6.9789352 -7.066448  -5.8501787 -6.0752106
 -6.403817  -6.2557592 -7.015067  -6.1954975 -5.916598  -6.69794
 -5.6710725 -6.1934967 -5.7585883 -5.4135756 -5.7703457 -5.9437375
 -6.9096923 -5.457832  -5.6190157 -6.653356  -6.130014  -7.0808296
 -6.1954975 -7.075284  -5.801373  -5.8475    -5.8475    -5.603753
 -6.1297193 -6.7956033 -5.9026465 -5.3188396 -6.192105  -6.844722
 -6.1218395 -5.4253645 -7.058622  -6.306128  -7.1953306 -7.2316856
 -7.006562  -7.202245  -6.158092  -5.673817  -6.380437  -6.9020753
 -6.678308  -6.1934967 -6.6581354 -6.0879574 -7.0453672 -7.2316856
 -6.9096923 -6.3639174 -5.709214  -6.6245184 -5.9209623 -7.058622
 -6.5364556 -6.3891716 -5.897299  -5.7463694 -6.513292  -6.0152044
 -6.2251725 -5.9332557 -7.39379   -6.0566607 -6.0566607 -5.6630154
 -5.60424   -6.476729  -5.535077  -6.702259  -5.5421796 -6.2251725
 -6.4466066 -6.0566607 -5.772115  -6.0566607 -7.2130203 -7.1066833
 -5.842478  -6.004695  -6.004695  -7.0603433 -6.536387  -5.9769006
 -6.9841013 -7.37979   -6.6657286 -6.5380797 -6.9430046 -6.983838
 -6.9841013 -5.7024207 -7.075135  -6.32596   -5.6310697 -6.114443
 -6.525756  -6.7448487 -6.346837  -5.712813  -6.0260596 -7.5387435
 -7.2545342 -6.422825  -6.32596   -7.1943474 -6.422825  -7.14359
 -6.584977  -6.584977  -7.0579667 -7.3660965 -5.974031  -6.6731133
 -6.041477  -7.4442625 -7.5263734 -4.977237  -5.8867526 -6.0124993
 -7.5263734 -6.283454  -6.885394  -5.890373  -6.369311  -6.3017783
 -5.995244  -5.992919  -7.319052  -5.897854  -5.4351788 -5.8186865
 -6.964991  -6.840844  -6.30965   -5.766651  -7.2209725 -6.7143927
 -6.163217  -5.065461  -7.310588  -5.96969   -5.7768335 -5.4852285
 -5.734363  -7.0270095 -6.9872847 -7.180899  -6.8759985 -5.6950846
 -6.2747035 -5.8906612 -5.4497643 -6.4756002 -5.712292  -5.0081387
 -5.503905  -6.078561  -5.503905  -5.503905  -5.503905  -5.4796686
 -5.707293  -6.6235085 -5.503905  -5.908763  -5.3092175 -5.4497643
 -5.503905  -5.503905  -5.290477  -5.290477  -6.6595473 -6.260028
 -6.377632  -5.6628237 -6.6595473 -5.669868  -5.603858  -5.6841745
 -4.684531  -4.684531  -4.684531  -4.684531  -6.267088  -4.684531
 -4.684531  -4.8294463 -5.3121295 -4.919552  -4.919552  -4.8294463
 -4.919552  -4.684531  -3.9332008 -4.684531  -4.684531  -4.684531 ]","[0.0160375  0.13797994 0.3353082  0.04492227 0.07450963 0.27152196
 0.11411018 0.20968834 0.17500412 0.15191557 0.1638393  0.11311467
 0.03550312 0.10425837 0.09103348 0.08674632 0.18949117 0.11613991
 0.05581449 0.24051508 0.16335168 0.02868563 0.0181398  0.24716696
 0.18926768 0.15083025 0.08632117 0.13725258 0.03564103 0.03397999
 0.33647293 0.34729367 0.04893294 0.06566509 0.15917234 0.05741631
 0.11638208 0.16886808 0.03570401 0.105386   0.02213296 0.10566186
 0.07325905 0.24330255 0.0903521  0.16794926 0.14624405 0.0815134
 0.05985605 0.09556898 0.20303157 0.07167981 0.09103348 0.11311467
 0.02213296 0.04155012 0.2615415  0.10944466 0.13218106 0.13521346
 0.0903521  0.07333706 0.0268489  0.07316802 0.04492227 0.13719162
 0.0600883  0.0418536  0.08057148 0.04419421 0.21796651 0.14675821
 0.10944466 0.28537777 0.10053484 0.03043487 0.03043487 0.03397999
 0.08125996 0.17972064 0.1605014  0.04624864 0.09617912 0.18665546
 0.2193602  0.18243091 0.16121274 0.19621414 0.06570421 0.09330285
 0.00969216 0.12167182 0.16987266 0.1606426  0.09605124 0.08900409
 0.22808093 0.07333706 0.17585586 0.0985956  0.0863819  0.09330285
 0.0600883  0.27690637 0.11593506 0.11253639 0.10261054 0.16121274
 0.07537632 0.04917525 0.0659253  0.12577637 0.07111784 0.1706364
 0.32806557 0.14444114 0.05531252 0.13063726 0.13063726 0.09436178
 0.03796095 0.1502398  0.24486178 0.13594478 0.21939921 0.32806557
 0.14683771 0.13063726 0.23495509 0.13063726 0.13420632 0.08736632
 0.12591816 0.09939551 0.09939551 0.07087857 0.02452622 0.21640944
 0.20991845 0.33054388 0.08134976 0.3930158  0.22532101 0.05345083
 0.20991845 0.20489563 0.1357217  0.07603503 0.16098781 0.0734179
 0.14173852 0.12375502 0.2301666  0.27292433 0.07965642 0.11832806
 0.05399318 0.23313594 0.07603503 0.06608023 0.23313594 0.00282415
 0.12801287 0.12801287 0.07742436 0.04279398 0.27054784 0.04895737
 0.14682545 0.16144328 0.07458676 0.08813829 0.13828948 0.0427523
 0.07458676 0.01354951 0.47140944 0.113591   0.3176247  0.1454171
 0.08836681 0.20709634 0.1666014  0.19371833 0.1802939  0.14631143
 0.01801512 0.16826954 0.10451519 0.08756831 0.01943656 0.04027166
 0.14867866 0.01639288 0.12237369 0.23593438 0.09912594 0.16249469
 0.03838738 0.20060311 0.14185165 0.07448839 0.2088242  0.17506246
 0.22177935 0.13760015 0.07023785 0.45201322 0.36496472 0.01589219
 0.08084573 0.1529098  0.08084573 0.08084573 0.08084573 0.267539
 0.21879266 0.05806535 0.08084573 0.02259214 0.30342513 0.07023785
 0.08084573 0.08084573 0.04387786 0.04387786 0.07470036 0.05750461
 0.5476643  0.5855092  0.07470036 0.07834947 0.03654916 0.18048783
 0.02615178 0.02615178 0.02615178 0.02615178 0.1182419  0.02615178
 0.02615178 0.0830081  0.01243381 0.06565912 0.06565912 0.0830081
 0.06565912 0.02615178 0.67430645 0.02615178 0.02615178 0.02615178]"
3,DecisionTreeRegressor,"[-7.24, -7.445, -7.015000000000001, -5.96, -6.0, -6.28, -7.445, -5.96, -7.07, -6.365, -6.74, -5.89, -7.07, -5.96, -7.055, -5.54, -6.82, -6.243333333333333, -6.47, -5.904999999999999, -5.904999999999999, -5.96, -5.773333333333333, -5.7595235932, -6.74, -5.89, -7.48, -5.733333333333333, -6.28, -5.49, -5.97, -5.96, -5.68, -5.970000000000001, -5.92, -7.85, -6.5, -6.38, -6.21, -7.11, -5.77, -5.96, -5.97, -6.148741651, -5.752, -5.733333333333333, -6.42, -6.8, -7.21, -6.77, -6.975, -5.7, -5.82, -5.85, -6.095, -5.85, -6.68, -5.97, -6.68, -6.77, -5.92, -5.96, -5.7924999999999995, -6.698970004, -5.55, -5.49, -6.243333333333333, -5.752, -5.96, -5.89, -7.257499999999999, -7.37, -7.37, -7.134285714285715, -7.045757491, -5.91, -6.59, -5.706666666666666, -6.77, -7.21, -5.3, -6.0, -6.54, -6.8, -6.876666666666666, -5.92, -5.706666666666666, -6.0, -5.706666666666666, -6.005, -5.3, -5.855, -5.773333333333333, -5.963333333333334, -5.92, -5.47, -7.0633333333333335, -5.35, -5.855, -6.41, -7.54, -7.055, -6.44, -6.12, -7.1, -8.04, -5.77, -7.54, -6.38, -6.47, -6.744999999999999, -7.425, -6.47, -4.975, -4.975, -7.0633333333333335, -7.0633333333333335, -6.725, -6.163333333333334, -6.48, -5.56, -7.1433333333333335, -7.17, -7.49, -6.0, -7.27, -5.96, -6.005, -6.465, -5.97, -7.01, -7.14, -7.1, -5.904999999999999, -5.81, -7.14, -7.59, -5.25, -5.25, -6.609999999999999, -6.745, -6.04, -6.2, -5.92, -5.64, -6.243333333333333, -6.835, -5.74, -7.172, -7.172, -7.24, -7.24, -6.62, -6.925, -5.06, -6.68, -5.7375, -7.21, -5.7, -6.72, -7.21, -7.165, -5.42, -4.67, -4.67, -6.7, -5.15, -6.17, -5.89, -5.15, -5.765000000000001, -4.96, -5.601785714285714, -5.601785714285714, -5.601785714285714, -5.835000000000001, -6.734999999999999, -5.601785714285714, -5.601785714285714, -6.52, -6.34, -5.601785714285714, -5.601785714285714, -5.827500000000001, -5.56, -6.16, -5.56, -5.601785714285714, -5.56, -6.16, -6.4675, -6.4675, -4.650801569857142, -4.650801569857142, -4.650801569857142, -4.650801569857142, -4.9, -5.055, -4.805, -4.805, -4.650801569857142, -4.650801569857142, -7.475, -7.22, -7.0211236595, -5.68, -6.0775, -5.8, -5.66, -5.935, -5.54, -5.54, -6.8, -5.89, -5.96, -6.876666666666666, -5.725, -7.29, -5.7775, -5.8, -6.66, -5.545, -5.77, -5.37, -6.8, -5.68, -6.68, -5.96, -6.51, -6.0, -5.49, -6.28125, -5.718, -5.82, -5.72, -7.57, -6.99, -7.425, -6.004364805, -6.51, -5.54, -7.09, -5.59, -5.74, -6.0, -5.35, -7.0, -5.96, -5.49, -5.38, -5.96345256875, -6.11, -7.05, -7.55, -6.89, -6.0, -6.82, -6.945, -5.96345256875, -6.89, -5.47, -5.8, -5.66, -6.21, -5.54, -5.866666666666667, -7.04, -5.6000000000000005, -7.0211236595, -6.004364805, -6.387216143, -6.297993060333334, -5.54, -5.64, -7.3340000000000005, -7.096910013, -6.77, -5.744999999999999, -7.234999999999999, -6.68, -7.3340000000000005, -7.096910013, -6.8, -6.640000000000001, -7.3340000000000005, -5.904999999999999, -5.94, -6.06, -6.0, -6.08, -6.34, -7.096910013, -5.03, -7.125, -7.0211236595, -5.78, -6.25, -6.273333333333333, -6.744999999999999, -7.275, -5.8, -5.814285714285715, -7.285, -7.013333333333333, -7.85, -5.756961951, -5.9322428595000005, -6.75, -7.89, -6.482285130999999, -6.696666666666666, -6.7, -6.4, -6.535, -7.159999999999999, -6.482285130999999, -7.096910013, -7.43, -5.970000000000001, -6.85, -7.43, -5.66, -6.535, -5.82, -7.13, -7.47, -5.72, -5.72, -5.96, -7.19, -5.865, -6.49, -6.49, -5.866666666666667, -6.39, -6.8999999999999995, -7.19, -5.3, -5.6, -5.01, -7.21, -6.68, -7.15, -7.15, -7.15, -6.72, -5.845, -5.72, -5.3, -7.11, -7.23, -7.23, -7.23, -7.49, -6.76, -6.05, -7.55, -5.68, -7.55, -5.64, -5.6866666666666665, -7.55, -5.77, -7.49, -5.26, -5.42, -4.835, -5.42, -5.444107142857142, -5.444107142857142, -5.444107142857142, -5.444107142857142, -5.444107142857142, -5.6, -5.42, -5.444107142857142, -5.444107142857142, -5.17, -5.577142857142857, -6.601250000000001, -5.577142857142857, -6.96, -6.333333333333333, -4.6695513100833335, -4.6695513100833335, -4.6695513100833335, -4.6695513100833335, -5.327500000000001, -5.327500000000001, -5.327500000000001, -5.087142857142857, -5.087142857142857, -5.0075, -5.0075, -4.86, -5.327500000000001, -4.6695513100833335, -4.91721463, -4.6695513100833335, -4.91721463, -4.6695513100833335, -4.6695513100833335, -4.6695513100833335, -4.6695513100833335, -7.05, -6.66, -5.74, -5.74, -7.545, -6.48, -6.54, -5.7, -5.68, -6.501666666666666, -5.89, -5.89, -5.96, -5.4433333333333325, -5.63, -5.89, -7.15, -5.77, -7.05, -5.63, -7.1, -6.4753909885, -5.89, -5.51, -6.3, -5.55, -6.39, -5.625, -5.835381355166667, -5.66, -6.8, -6.68, -5.625, -5.755, -5.96, -7.015, -5.22, -6.3, -5.96, -6.074999999999999, -7.15, -6.24, -6.03, -5.89, -5.625, -6.4753909885, -7.105, -5.88, -6.06, -7.15, -6.0, -6.72, -6.269999684000001, -6.14, -5.82, -7.01, -7.185714285714286, -5.7, -7.31, -7.31, -7.21, -7.0, -5.68, -5.3, -6.313333333333333, -6.427868612999999, -7.05, -5.855, -6.8, -6.66, -5.835, -5.74, -7.67, -7.67, -5.28, -5.52, -7.67, -7.67, -7.07745098, -5.68, -7.053088922000001, -5.96, -6.27, -5.43, -5.51, -7.67, -5.653333333333333, -5.22, -5.26, -6.14, -6.14, -7.67, -6.313333333333333, -6.52, -5.82, -5.885, -6.06, -7.053088922000001, -5.96, -6.05, -7.21, -6.313333333333333, -6.313333333333333, -6.043333333333333, -6.8, -5.89, -7.185714285714286, -7.053088922000001, -6.96, -6.0, -5.62, -5.755, -6.2, -6.64, -6.34, -6.8, -6.043333333333333, -6.09, -6.89, -6.8, -7.1899999999999995, -7.49, -6.48, -6.52, -7.06, -6.2, -6.720000000000001, -6.42, -6.48, -5.4433333333333325, -7.07, -7.44, -7.38, -5.55, -7.15, -6.415712511, -6.96, -6.645999999999999, -6.96, -6.645999999999999, -5.92, -7.12, -7.545, -6.29, -6.645999999999999, -7.11, -5.81, -6.96, -5.25, -5.89, -7.24, -6.493333333333332, -5.64, -5.34, -6.493333333333332, -6.74, -6.02, -5.55, -6.74, -7.0, -7.2225, -7.2225, -7.42, -7.07, -5.746666666666666, -5.803333333333334, -5.64, -5.64, -5.765000000000001, -4.82, -4.85, -5.89, -5.527962962962963, -5.527962962962963, -6.555, -5.527962962962963, -5.527962962962963, -5.845, -5.527962962962963, -5.527962962962963, -5.527962962962963, -6.635000000000001, -6.635000000000001, -6.635000000000001, -5.604285714285715, -5.604285714285715, -6.28, -5.604285714285715, -4.711423899, -4.711423899, -4.711423899, -4.711423899, -6.156000000000001, -4.711423899, -4.711423899, -4.8950000000000005, -5.009999999999999, -4.711423899, -4.711423899, -4.711423899, -5.009999999999999, -7.19, -7.03, -7.1, -8.030000000000001, -6.54, -6.32, -5.92, -6.77, -5.664999999999999, -6.66, -6.234999999999999, -5.51, -5.74, -5.74, -6.234999999999999, -5.51, -5.85, -5.845, -5.96, -5.96, -5.950781977, -5.885, -6.1125, -5.8505674758, -5.5, -6.965, -6.72, -6.71, -5.74, -5.845, -5.78, -5.946666666666666, -5.946666666666666, -5.85, -6.199231873666666, -5.98, -7.72, -5.664999999999999, -5.89, -5.92, -5.89, -5.74, -6.32, -6.124938737, -5.68, -5.92, -5.96, -5.5, -5.904999999999999, -6.96, -5.88, -5.98, -5.616666666666667, -5.6, -5.74, -5.5, -5.52, -6.0, -5.904999999999999, -5.48, -6.876666666666666, -6.19, -5.8125, -7.06, -6.37, -6.37, -5.7, -5.855, -5.545, -7.15, -6.199231873666666, -6.32, -5.96, -5.8125, -6.59, -5.68, -7.175, -5.05, -5.49, -5.72, -5.48, -5.47, -5.47, -5.39, -6.484999999999999, -5.9399999999999995, -5.855, -6.85, -6.85, -6.85, -5.925000000000001, -7.175, -5.41, -7.15490196, -7.47, -6.755, -5.72, -5.925000000000001, -6.086666666666666, -5.925000000000001, -5.8500000000000005, -5.72, -6.755, -6.289999999999999, -6.945, -5.804100348, -7.07, -5.925000000000001, -6.515000000000001, -5.51, -6.8784809755000005, -6.42576737225, -6.34, -4.674, -7.03, -5.41, -5.35, -6.2, -7.13, -7.44, -7.14, -7.41, -6.64, -6.19, -7.29, -7.14, -6.066666666666667, -6.59, -7.14, -6.368, -7.14, -5.04, -6.368, -6.98, -7.4, -6.02, -7.21, -7.12, -6.23, -5.35, -5.57, -5.42, -5.5649999999999995, -6.46, -6.46, -7.216666666666666, -5.12, -6.64, -7.216666666666666, -7.216666666666666, -6.29, -4.67, -7.68, -7.16, -6.64, -6.82, -5.716666666666666, -5.46, -6.8, -7.02, -7.03, -5.14, -5.15, -6.02, -5.55, -5.1, -4.71, -5.382407407407407, -5.382407407407407, -4.995, -5.279999999999999, -6.59, -5.382407407407407, -5.35, -5.279999999999999, -5.279999999999999, -5.382407407407407, -5.382407407407407, -5.382407407407407, -5.382407407407407, -6.7, -7.2, -6.800000000000001, -6.800000000000001, -5.89, -7.7, -6.800000000000001, -6.800000000000001, -5.196013367, -6.144, -4.716758005241379, -4.716758005241379, -5.293333333333334, -5.293333333333334, -5.09, -4.674, -4.716758005241379, -4.716758005241379, -4.716758005241379, -4.674, -4.953999999999999, -6.029999999999999, -7.0, -6.82, -7.57, -5.635, -6.091666666666668, -5.866666666666667, -5.72, -6.19, -6.251811973, -6.32, -6.41, -6.72, -5.743333333333333, -6.32, -5.709999999999999, -6.96, -5.78314969325, -5.4, -5.4, -5.659999999999999, -5.71, -7.47, -5.659999999999999, -6.12, -6.4399999999999995, -5.94, -6.43, -7.19, -6.0, -6.045, -7.07, -7.2, -6.167713171, -6.1225000000000005, -7.07, -7.52, -5.78314969325, -6.74, -7.55, -5.445, -5.72, -6.476666666666667, -5.64, -5.82, -6.951290654666667, -6.468521083, -6.85, -5.54, -5.709999999999999, -5.71, -7.14, -7.14, -7.14, -6.64, -6.476666666666667, -5.445, -5.94, -5.659999999999999, -5.55, -6.85, -6.04, -5.57, -5.66, -7.2925, -5.886056648, -8.04, -5.57, -7.096910013, -5.904999999999999, -5.38, -5.38, -7.119999999999999, -6.04, -5.6899999999999995, -5.55, -6.85, -6.3100000000000005, -7.32, -6.4366666666666665, -7.154285714285715, -6.9867914968000004, -5.48, -6.615, -6.279999999999999, -5.58, -8.04, -6.234999999999999, -6.89, -6.38, -6.279999999999999, -6.205, -5.92, -5.92, -6.615, -6.89, -6.62, -6.07, -7.0, -7.0, -6.205, -6.385, -6.66, -5.852857142857142, -7.23, -5.57, -7.18, -6.109999999999999, -7.33, -5.790484985, -5.77, -5.696666666666665, -7.15, -6.89, -6.398143727666667, -7.03, -6.0, -7.54, -7.6, -8.06, -7.18, -6.095, -5.965, -7.15, -7.85, -6.095, -5.46, -5.965, -5.99, -6.3100000000000005, -7.140000000000001, -6.771666666666666, -7.19, -6.43, -6.029999999999999, -7.14, -7.47, -7.19, -6.89, -6.89, -5.92, -5.39, -4.975, -6.43, -7.07, -7.07, -6.48, -7.1, -5.64, -6.135, -6.135, -5.31, -7.38, -7.154999999999999, -6.03, -5.743333333333333, -5.45, -7.3, -7.301029996, -5.04, -4.95, -4.676022452766665, -4.676022452766665, -4.676022452766665, -5.48, -4.835, -5.569038461538461, -5.569038461538461, -5.569038461538461, -5.569038461538461, -5.569038461538461, -5.476666666666667, -5.9025, -5.569038461538461, -5.569038461538461, -5.32, -5.569038461538461, -6.77, -6.77, -6.34, -5.63, -6.594285714285715, -6.594285714285715, -6.594285714285715, -5.67, -5.67, -4.676022452766665, -4.676022452766665, -4.676022452766665, -6.3125, -6.3125, -4.676022452766665, -4.82, -5.321666666666666, -5.066666666666667, -4.901999999999999, -5.066666666666667, -5.066666666666667, -4.82, -4.676022452766665, -5.321666666666666]","0     -7.22
1     -6.21
2     -7.24
3     -5.92
4     -5.96
       ... 
247   -6.00
248   -3.99
249   -5.24
250   -4.77
251   -4.71
Name: Permeability, Length: 252, dtype: float64","[array([-7.24      , -6.13      , -6.21      , -5.85      , -5.92      ,
       -7.015     , -6.47      , -7.135     , -5.985     , -6.66      ,
       -6.64      , -6.18666667, -5.6       , -6.365     , -5.28      ,
       -5.96      , -6.74      , -7.11      , -5.77333333, -7.07      ,
       -5.82      , -5.96      , -5.81      , -7.445     , -6.77      ,
       -6.18666667, -5.69666667, -6.24333333, -6.14874165, -5.635     ,
       -6.74      , -8.04      , -5.87      , -5.605     , -5.8       ,
       -7.14      , -5.69666667, -6.        , -5.752     , -6.21      ,
       -6.42786861, -5.85      , -5.75952359, -7.445     , -5.61618463,
       -6.28      , -5.51      , -5.89      , -5.7925    , -5.6       ,
       -6.68      , -7.02      , -5.28      , -6.18666667, -6.42786861,
       -6.42      , -7.14      , -6.28      , -6.005     , -6.975     ,
       -5.61618463, -6.095     , -5.73333333, -5.85      , -5.85      ,
       -5.77      , -6.95860732, -5.47      , -5.49      , -6.64333333,
       -6.24333333, -6.68      , -6.28      , -6.8       , -5.69      ,
       -5.88      , -5.88      , -5.635     , -6.24      , -6.66      ,
       -6.12493874, -5.28      , -5.89      , -6.96      , -6.5       ,
       -5.35      , -7.06333333, -5.74      , -7.13428571, -7.19      ,
       -7.01480991, -7.30103   , -5.96      , -5.91      , -6.38      ,
       -7.30103   , -6.8       , -6.095     , -5.96      , -6.        ,
       -6.96      , -7.19      , -6.95860732, -6.42036683, -5.85      ,
       -6.89      , -5.77      , -7.06333333, -6.6       , -6.59      ,
       -6.        , -5.85      , -6.66      , -5.82      , -6.235     ,
       -5.89      , -7.06333333, -5.985     , -5.985     , -5.46      ,
       -5.64      , -7.055     , -5.455     , -7.06      , -6.095     ,
       -6.235     , -6.41      , -5.985     , -5.37      , -5.985     ,
       -6.74      , -6.95129065, -6.7       , -5.90125   , -5.90125   ,
       -6.98      , -6.47      , -6.17      , -7.01666667, -7.57      ,
       -6.725     , -7.30103   , -7.06      , -6.95129065, -7.01666667,
       -5.37      , -7.17      , -6.42576737, -5.03      , -6.28      ,
       -6.4       , -7.14333333, -5.03      , -6.68      , -5.97      ,
       -7.72      , -7.13      , -6.465     , -6.42576737, -7.425     ,
       -6.465     , -7.14      , -6.57857143, -6.57857143, -6.68      ,
       -7.34      , -5.05      , -6.77      , -5.92      , -7.64      ,
       -7.59      , -4.82      , -5.46      , -5.92      , -7.59      ,
       -5.25      , -7.22      , -5.8       , -5.89      , -6.2       ,
       -5.855     , -5.77333333, -7.41      , -6.19      , -5.43      ,
       -5.81      , -6.96      , -6.62      , -6.2975    , -6.24333333,
       -7.195     , -6.72      , -5.8       , -5.06      , -7.28666667,
       -5.49      , -5.77      , -5.60178571, -5.7375    , -7.165     ,
       -6.72      , -7.165     , -6.8       , -5.42      , -6.4675    ,
       -6.7       , -5.41      , -6.7       , -5.895     , -5.02      ,
       -5.60178571, -5.3       , -5.60178571, -5.60178571, -5.60178571,
       -5.835     , -5.8275    , -6.735     , -5.60178571, -5.89      ,
       -6.05      , -5.41      , -5.60178571, -5.60178571, -5.26      ,
       -5.26      , -6.65111111, -6.16      , -6.96      , -6.34      ,
       -6.65111111, -5.63      , -5.56      , -5.78053115, -4.65080157,
       -4.65080157, -4.65080157, -4.65080157, -6.4675    , -4.65080157,
       -4.65080157, -4.9       , -5.3125    , -4.805     , -4.805     ,
       -4.9       , -4.805     , -4.65080157, -3.58      , -4.65080157,
       -4.65080157, -4.65080157]), array([-7.215     , -7.        , -7.785     , -5.68      , -5.718     ,
       -7.015     , -7.055     , -5.865     , -6.66      , -6.66      ,
       -6.575     , -6.28125   , -5.86666667, -6.365     , -5.935     ,
       -5.82      , -5.89      , -7.09      , -5.74      , -6.095     ,
       -7.05      , -7.05      , -5.77      , -5.865     , -6.66      ,
       -5.82      , -5.635     , -5.7775    , -6.14874165, -5.635     ,
       -7.52      , -6.44      , -5.935     , -5.64      , -5.82      ,
       -7.57      , -5.69666667, -6.        , -5.718     , -5.64      ,
       -6.38721614, -5.56666667, -5.96345257, -5.865     , -6.0043648 ,
       -6.28      , -5.51      , -5.89      , -5.7925    , -5.545     ,
       -7.55      , -7.02      , -5.935     , -6.28125   , -6.38721614,
       -6.28      , -7.57      , -6.11      , -5.89      , -6.87666667,
       -6.0043648 , -6.21      , -5.745     , -5.64      , -5.68      ,
       -5.54      , -7.09691001, -5.47      , -5.56666667, -6.51      ,
       -5.77      , -7.31      , -6.11      , -7.64      , -5.72      ,
       -5.88      , -5.88      , -5.635     , -6.24      , -6.75      ,
       -5.88605665, -5.28      , -6.08      , -6.96      , -6.2725    ,
       -5.72      , -6.8       , -5.74      , -7.334     , -7.19      ,
       -7.02112366, -7.09691001, -6.85      , -5.73333333, -6.        ,
       -7.02112366, -5.96      , -6.21      , -5.49      , -6.        ,
       -6.96      , -7.19      , -7.09691001, -7.22      , -5.7       ,
       -6.66      , -6.08      , -6.8       , -6.64      , -6.34      ,
       -5.82      , -5.85      , -6.66      , -6.17      , -6.235     ,
       -5.89      , -7.44      , -5.985     , -5.985     , -5.89      ,
       -5.64      , -6.28      , -5.63      , -7.21      , -6.095     ,
       -6.235     , -6.745     , -5.985     , -5.37      , -5.985     ,
       -7.354     , -7.09691001, -5.17      , -5.81428571, -5.81428571,
       -6.98      , -6.6       , -6.17      , -7.285     , -7.54      ,
       -6.75      , -7.30103   , -7.06      , -7.09691001, -7.285     ,
       -5.645     , -7.01333333, -7.06      , -5.03      , -6.28      ,
       -6.4       , -6.535     , -5.89      , -5.55      , -6.34      ,
       -6.69666667, -7.13      , -7.235     , -7.06      , -7.425     ,
       -7.235     , -7.14      , -6.49      , -6.49      , -7.55      ,
       -7.34      , -5.05      , -6.77      , -5.66      , -7.13      ,
       -7.495     , -4.64      , -5.37      , -5.92      , -7.495     ,
       -6.285     , -7.22      , -5.96      , -5.6       , -6.72      ,
       -5.96      , -5.64      , -7.41      , -5.32      , -5.55      ,
       -5.845     , -7.11      , -6.62      , -6.2975    , -5.72      ,
       -7.23      , -6.76      , -5.92      , -5.06      , -7.55      ,
       -5.49      , -5.67      , -5.12      , -5.68666667, -7.23      ,
       -7.09      , -7.165     , -7.55      , -5.64      , -6.4       ,
       -5.82      , -5.41      , -6.7       , -5.895     , -5.02      ,
       -5.44410714, -6.77      , -5.44410714, -5.44410714, -5.44410714,
       -5.6       , -5.748     , -6.62666667, -5.44410714, -5.89      ,
       -6.2       , -5.41      , -5.44410714, -5.44410714, -5.26      ,
       -5.26      , -6.60125   , -6.33333333, -7.        , -5.32      ,
       -6.60125   , -5.63      , -5.57714286, -5.89      , -4.66955131,
       -4.66955131, -4.66955131, -4.66955131, -6.25666667, -4.66955131,
       -4.66955131, -4.86      , -5.3275    , -5.0075    , -5.0075    ,
       -4.86      , -5.0075    , -4.66955131, -3.58      , -4.66955131,
       -4.66955131, -4.66955131]), array([-7.215     , -7.02      , -7.785     , -5.765     , -5.74666667,
       -6.82      , -7.15      , -5.77      , -5.37      , -6.32      ,
       -6.39      , -5.74      , -5.6       , -6.54      , -5.98      ,
       -5.55      , -5.89      , -7.1       , -5.63      , -6.54      ,
       -7.05      , -7.        , -5.81      , -5.77      , -6.        ,
       -6.3       , -5.635     , -6.052     , -6.14874165, -5.635     ,
       -7.52      , -6.96      , -5.74      , -5.605     , -5.28      ,
       -7.1       , -5.69666667, -6.72      , -5.74666667, -6.85      ,
       -6.42786861, -5.96      , -5.83538136, -5.77      , -5.61618463,
       -6.37      , -5.82      , -5.89      , -5.68      , -5.43      ,
       -7.        , -7.02      , -5.98      , -5.74      , -6.42786861,
       -6.14      , -7.14      , -5.96      , -5.905     , -6.77      ,
       -5.61618463, -6.21      , -5.755     , -5.54      , -5.765     ,
       -5.89      , -6.95860732, -5.47      , -5.56666667, -6.64333333,
       -6.052     , -7.31      , -5.96      , -7.64      , -5.66      ,
       -5.88      , -5.88      , -5.635     , -6.24      , -6.66333333,
       -5.83538136, -5.28      , -6.24      , -7.14      , -5.625     ,
       -5.22      , -7.06333333, -5.3       , -7.18571429, -7.67      ,
       -7.05308892, -7.30103   , -5.96      , -5.73333333, -6.25      ,
       -7.495     , -5.96      , -6.21      , -5.96      , -7.05      ,
       -7.18571429, -7.67      , -6.95860732, -7.22      , -5.7       ,
       -6.66      , -5.885     , -7.06333333, -6.52      , -6.465     ,
       -5.82      , -5.85      , -6.66      , -5.82      , -5.62      ,
       -5.89      , -7.44      , -6.31333333, -6.31333333, -5.96      ,
       -5.855     , -6.28      , -5.455     , -7.21      , -5.82      ,
       -5.62      , -6.51333333, -6.31333333, -5.37      , -6.31333333,
       -7.67      , -6.95129065, -5.82      , -6.04333333, -6.04333333,
       -7.07      , -6.6       , -6.09      , -6.48      , -6.89      ,
       -6.66333333, -6.7       , -7.06      , -6.95129065, -6.48      ,
       -7.19      , -6.72      , -7.06      , -5.03      , -6.28      ,
       -6.42      , -7.06      , -5.89      , -6.68      , -5.66      ,
       -7.72      , -7.12      , -6.67      , -7.06      , -7.85      ,
       -6.67      , -7.14      , -6.646     , -6.646     , -7.285     ,
       -7.545     , -6.96      , -6.77      , -5.26      , -7.64      ,
       -7.495     , -4.82      , -5.46      , -5.92      , -7.495     ,
       -6.285     , -7.22      , -5.8       , -6.43      , -6.41571251,
       -5.35      , -5.63      , -7.41      , -5.74      , -5.55      ,
       -6.02      , -6.96      , -6.62      , -6.2975    , -5.72      ,
       -7.195     , -6.72      , -5.81      , -5.06      , -7.28666667,
       -7.07      , -6.85      , -5.48      , -5.80333333, -7.07      ,
       -7.09      , -7.165     , -6.62      , -5.64      , -5.47666667,
       -5.82      , -5.41      , -6.7       , -5.895     , -5.02      ,
       -5.52796296, -6.66      , -5.52796296, -5.52796296, -5.52796296,
       -5.47666667, -5.748     , -6.555     , -5.52796296, -5.89      ,
       -4.835     , -5.41      , -5.52796296, -5.52796296, -5.26      ,
       -5.26      , -6.635     , -6.28      , -7.        , -5.32      ,
       -6.635     , -5.60428571, -5.60428571, -5.89      , -4.7114239 ,
       -4.7114239 , -4.7114239 , -4.7114239 , -6.156     , -4.7114239 ,
       -4.7114239 , -4.895     , -5.3125    , -4.91833333, -4.91833333,
       -4.895     , -4.91833333, -4.7114239 , -3.58      , -4.7114239 ,
       -4.7114239 , -4.7114239 ]), array([-7.19      , -7.02      , -5.85      , -5.765     , -5.96      ,
       -7.03      , -6.71      , -7.135     , -6.09      , -6.74      ,
       -6.64      , -6.18666667, -5.6       , -6.365     , -5.865     ,
       -5.55      , -5.89      , -7.1       , -5.78      , -5.92      ,
       -6.21      , -6.28      , -5.85      , -7.        , -6.66      ,
       -6.18666667, -5.845     , -6.1125    , -6.19923187, -5.89      ,
       -7.52      , -6.96      , -5.87      , -5.605     , -5.92      ,
       -7.39      , -5.845     , -6.        , -5.8125    , -5.35      ,
       -6.42786861, -6.54      , -5.85056748, -8.03      , -5.61618463,
       -5.96      , -5.605     , -5.89      , -5.905     , -5.85      ,
       -6.89      , -7.02      , -5.865     , -6.18666667, -6.42786861,
       -6.28      , -6.04      , -6.32      , -5.98      , -6.72      ,
       -5.61618463, -6.21      , -5.665     , -5.855     , -5.765     ,
       -5.48      , -6.95860732, -5.47      , -5.5       , -6.71      ,
       -5.8125    , -7.19      , -6.32      , -6.59      , -5.905     ,
       -5.85      , -5.85      , -5.89      , -6.24      , -6.29      ,
       -6.12493874, -5.28      , -6.07      , -6.96      , -6.2725    ,
       -5.285     , -7.07      , -7.22      , -7.175     , -7.19      ,
       -7.01480991, -7.30103   , -5.96      , -5.73333333, -6.7       ,
       -7.005     , -7.68      , -6.21      , -6.98      , -6.        ,
       -6.96      , -7.19      , -6.95860732, -5.26      , -5.94      ,
       -6.66      , -6.55      , -7.07      , -6.6       , -6.465     ,
       -5.82      , -5.855     , -6.755     , -6.21      , -6.85      ,
       -5.89      , -7.44      , -5.985     , -5.985     , -5.46      ,
       -5.64      , -6.28      , -5.58      , -5.77      , -6.64      ,
       -6.85      , -6.51333333, -5.985     , -5.37      , -5.985     ,
       -6.68      , -7.68      , -5.845     , -5.925     , -5.925     ,
       -6.98      , -6.6       , -6.17      , -7.01666667, -6.57      ,
       -6.515     , -7.        , -5.41      , -6.87848098, -7.01666667,
       -5.37      , -7.01333333, -6.42576737, -5.89      , -6.28      ,
       -6.4       , -6.59      , -5.89      , -5.34      , -6.06666667,
       -7.72      , -7.13      , -6.67      , -6.42576737, -7.13      ,
       -6.67      , -7.14      , -6.368     , -6.368     , -7.        ,
       -7.34      , -5.05      , -6.77      , -5.55      , -7.64      ,
       -7.4       , -5.14      , -5.46      , -5.92      , -7.4       ,
       -6.285     , -7.22      , -5.8       , -5.89      , -6.32      ,
       -5.68      , -5.82      , -7.68      , -5.32      , -5.43      ,
       -5.565     , -6.96      , -6.62      , -6.46      , -5.72      ,
       -7.16      , -6.64      , -5.59      , -5.06      , -7.28666667,
       -5.51      , -6.85      , -5.58      , -5.71666667, -6.66      ,
       -7.09      , -7.03      , -6.8       , -4.995     , -6.19      ,
       -5.82      , -5.89      , -6.7       , -5.895     , -5.02      ,
       -5.38240741, -6.2       , -5.38240741, -5.38240741, -5.38240741,
       -4.995     , -5.28      , -6.59      , -5.38240741, -5.89      ,
       -5.02      , -5.89      , -5.38240741, -5.38240741, -5.35      ,
       -5.35      , -6.8       , -6.27      , -6.8       , -5.32      ,
       -6.8       , -5.63      , -5.60444444, -5.89      , -4.71675801,
       -4.71675801, -4.71675801, -4.71675801, -6.144     , -4.71675801,
       -4.71675801, -4.674     , -5.29333333, -4.954     , -4.954     ,
       -4.674     , -4.954     , -4.71675801, -3.58      , -4.71675801,
       -4.71675801, -4.71675801]), array([-7.215     , -6.835     , -7.785     , -5.765     , -5.81      ,
       -7.        , -6.96      , -5.865     , -6.07      , -6.32      ,
       -6.41      , -6.1225    , -5.6       , -6.19      , -5.87      ,
       -5.82      , -6.74      , -7.1       , -5.74      , -6.54      ,
       -6.835     , -6.89      , -5.81      , -5.865     , -6.89      ,
       -6.44      , -5.635     , -6.1225    , -6.14874165, -5.635     ,
       -7.52      , -7.03      , -5.87      , -5.57      , -5.8       ,
       -7.14      , -5.4       , -6.        , -5.71      , -5.82      ,
       -6.46852108, -5.55      , -5.78314969, -5.865     , -5.61618463,
       -5.57      , -5.57      , -6.43      , -5.7925    , -5.91      ,
       -7.        , -7.07      , -5.87      , -6.1225    , -6.46852108,
       -6.28      , -7.14      , -6.21      , -5.85      , -6.64      ,
       -5.61618463, -6.21      , -5.724     , -5.54      , -5.765     ,
       -5.82      , -6.95860732, -5.47      , -5.71      , -6.64333333,
       -6.1225    , -7.31      , -6.21      , -6.8       , -5.69      ,
       -5.94      , -5.94      , -5.635     , -5.86666667, -6.11      ,
       -6.12493874, -5.54      , -5.89      , -7.18      , -6.47666667,
       -5.285     , -7.32      , -5.89      , -7.15428571, -7.19      ,
       -6.9867915 , -7.30103   , -5.96      , -5.38      , -6.38      ,
       -6.825     , -6.        , -6.21      , -6.        , -6.        ,
       -6.96      , -7.19      , -6.95860732, -6.43      , -5.85      ,
       -6.89      , -5.635     , -7.32      , -6.6       , -6.465     ,
       -5.82      , -5.85      , -6.66      , -6.21      , -6.235     ,
       -5.58      , -7.44      , -5.985     , -5.985     , -5.74      ,
       -5.64      , -6.28      , -5.68      , -7.07      , -6.095     ,
       -6.235     , -6.385     , -5.985     , -6.66      , -5.985     ,
       -6.74      , -6.95860732, -6.27      , -5.85285714, -5.85285714,
       -6.89      , -6.6       , -6.17      , -7.01666667, -5.99      ,
       -6.66333333, -7.30103   , -7.06      , -6.95129065, -7.01666667,
       -5.57      , -7.15      , -7.06      , -5.03      , -6.28      ,
       -6.4       , -7.18      , -5.03      , -5.9025    , -5.965     ,
       -7.72      , -7.14      , -6.31      , -7.06      , -7.55      ,
       -6.31      , -7.14      , -6.77166667, -6.77166667, -7.        ,
       -7.34      , -5.05      , -6.89      , -6.35      , -7.64      ,
       -7.495     , -4.82      , -5.46      , -5.92      , -7.495     ,
       -6.285     , -6.43      , -5.8       , -5.89      , -6.32      ,
       -5.35      , -5.81      , -7.41      , -6.095     , -5.04      ,
       -5.81      , -6.96      , -6.62      , -6.135     , -5.72      ,
       -7.195     , -6.72      , -5.71      , -5.31      , -7.155     ,
       -5.49      , -5.72      , -5.42      , -5.74333333, -7.1       ,
       -7.09      , -7.3       , -6.62      , -5.01      , -7.05      ,
       -5.82      , -5.41      , -4.67602245, -4.67602245, -4.835     ,
       -5.56903846, -6.36      , -5.56903846, -5.56903846, -5.56903846,
       -5.47666667, -5.9025    , -6.62666667, -5.56903846, -5.89      ,
       -5.3       , -5.41      , -5.56903846, -5.56903846, -5.26      ,
       -5.26      , -6.59428571, -6.27      , -5.26      , -5.32      ,
       -6.59428571, -5.63      , -5.67      , -4.63      , -4.67602245,
       -4.67602245, -4.67602245, -4.67602245, -6.3125    , -4.67602245,
       -4.67602245, -4.82      , -5.32166667, -4.902     , -4.902     ,
       -4.82      , -4.902     , -4.67602245, -4.67602245, -4.67602245,
       -4.67602245, -4.67602245])]","[-7.215      -6.801      -7.083      -5.765      -5.83093333 -6.976
 -6.869      -6.354      -6.035      -6.54       -6.531      -6.10341667
 -5.65333333 -6.365      -5.786      -5.74       -6.23       -7.1
 -5.73266667 -6.433      -6.593      -6.636      -5.81       -6.389
 -6.596      -6.18666667 -5.68933333 -6.06156667 -6.1588397  -5.686
 -7.364      -7.086      -5.857      -5.605      -5.724      -7.268
 -5.667      -6.144      -5.74783333 -5.974      -6.42786861 -5.89333333
 -5.83841494 -6.595      -5.69382067 -6.092      -5.603      -5.998
 -5.7925     -5.667      -7.024      -7.03       -5.786      -6.10341667
 -6.42786861 -6.28       -7.006      -6.176      -5.926      -6.79633333
 -5.69382067 -6.187      -5.72446667 -5.685      -5.765      -5.7
 -6.98626785 -5.47       -5.56666667 -6.63       -6.00006667 -7.16
 -6.176      -7.094      -5.733      -5.886      -5.886      -5.686
 -6.16533333 -6.49466667 -6.01925084 -5.332      -6.034      -7.04
 -6.22933333 -5.372      -7.06333333 -5.978      -7.19665714 -7.286
 -7.01812478 -7.260206   -6.138      -5.698      -6.342      -7.12943073
 -6.48       -6.187      -6.078      -6.21       -7.00514286 -7.286
 -6.98626785 -6.51007337 -5.808      -6.752      -5.984      -7.06333333
 -6.592      -6.465      -5.856      -5.851      -6.679      -6.046
 -6.235      -5.828      -7.36466667 -6.05066667 -6.05066667 -5.702
 -5.683      -6.435      -5.56       -6.864      -6.149      -6.235
 -6.51333333 -6.05066667 -5.628      -6.05066667 -7.0368     -7.12761973
 -5.961      -5.90734524 -5.90734524 -6.98       -6.574      -6.154
 -6.963      -6.912      -6.66333333 -7.120618   -6.73       -6.96585259
 -6.963      -5.829      -7.01333333 -6.80630695 -5.202      -6.28
 -6.404      -6.90166667 -5.546      -6.0305     -6.00033333 -7.51533333
 -7.13       -6.67       -6.80630695 -7.476      -6.67       -7.14
 -6.57084762 -6.57084762 -7.103      -7.381      -5.432      -6.794
 -5.748      -7.538      -7.495      -4.848      -5.442      -5.92
 -7.495      -6.078      -7.062      -5.832      -5.94       -6.3951425
 -5.639      -5.73466667 -7.464      -5.733      -5.4        -5.81
 -6.99       -6.62       -6.2975     -5.82466667 -7.195      -6.712
 -5.766      -5.11       -7.313      -5.81       -6.172      -5.44035714
 -5.7375     -7.045      -7.016      -7.165      -6.878      -5.341
 -6.31683333 -5.996      -5.506      -6.29520449 -5.65120449 -4.983
 -5.50506034 -6.258      -5.50506034 -5.50506034 -5.50506034 -5.47666667
 -5.7012     -6.62666667 -5.50506034 -5.89       -5.481      -5.506
 -5.50506034 -5.50506034 -5.278      -5.278      -6.65632937 -6.26266667
 -6.604      -5.524      -6.65632937 -5.62485714 -5.6031746  -5.61610623
 -4.68491145 -4.68491145 -4.68491145 -4.68491145 -6.26733333 -4.68491145
 -4.68491145 -4.8298     -5.3135     -4.91736667 -4.91736667 -4.8298
 -4.91736667 -4.68491145 -3.79920449 -4.68491145 -4.68491145 -4.68491145]","[1.58113883e-02 3.42613485e-01 8.67275043e-01 5.37587202e-02
 9.47460700e-02 7.85748051e-02 2.47515656e-01 6.38626651e-01
 4.09780429e-01 1.81989011e-01 1.09745159e-01 1.88638101e-01
 1.06666667e-01 1.10679718e-01 2.56581371e-01 1.63340136e-01
 4.16413256e-01 6.32455532e-03 5.39299958e-02 4.01517123e-01
 4.94060725e-01 4.36375985e-01 2.52982213e-02 6.95811756e-01
 3.09877395e-01 2.05653430e-01 8.14152593e-02 1.55004251e-01
 2.01960891e-02 1.02000000e-01 3.12000000e-01 5.21980843e-01
 6.36867333e-02 2.21359436e-02 2.26415547e-01 1.82800438e-01
 1.45336391e-01 2.88000000e-01 3.61161706e-02 5.19176271e-01
 2.57108795e-02 3.60302342e-01 7.08087388e-02 9.51645943e-01
 1.55272068e-01 2.95932425e-01 1.14437756e-01 2.16000000e-01
 7.11512474e-02 1.83346666e-01 2.87791591e-01 2.00000000e-02
 2.56581371e-01 1.88638101e-01 2.57108795e-02 8.85437745e-02
 5.10905079e-01 1.29398609e-01 5.77408001e-02 1.17758699e-01
 1.55272068e-01 4.60000000e-02 3.15246641e-02 1.41562707e-01
 5.37587202e-02 1.60872620e-01 5.53210792e-02 0.00000000e+00
 7.85705628e-02 6.53197265e-02 1.81646684e-01 2.44458585e-01
 1.29398609e-01 4.52353844e-01 8.80681554e-02 2.93938769e-02
 2.93938769e-02 1.02000000e-01 1.49333333e-01 2.49333333e-01
 1.30428889e-01 1.04000000e-01 1.32151428e-01 9.87927123e-02
 3.17294728e-01 1.78790380e-01 1.64478975e-01 6.51656351e-01
 7.09046845e-02 1.92000000e-01 2.11434903e-02 8.16479932e-02
 3.56000000e-01 1.73097275e-01 2.26486203e-01 2.37898590e-01
 6.80235253e-01 4.60000000e-02 4.88524309e-01 4.20000000e-01
 9.02857143e-02 1.92000000e-01 5.53210792e-02 7.19045767e-01
 9.41063228e-02 1.12676528e-01 3.18424245e-01 1.64478975e-01
 3.91918359e-02 7.90569415e-02 7.20000000e-02 2.00000000e-03
 3.80000000e-02 1.85105375e-01 3.88960152e-01 1.24000000e-01
 1.50666667e-01 1.31333333e-01 1.31333333e-01 2.09990476e-01
 8.60000000e-02 3.10000000e-01 9.13783344e-02 5.50839360e-01
 2.67607922e-01 3.88960152e-01 1.27135099e-01 1.31333333e-01
 5.16000000e-01 1.31333333e-01 4.01259218e-01 2.81714796e-01
 5.10023529e-01 7.80648859e-02 7.80648859e-02 5.69209979e-02
 5.20000000e-02 3.20000000e-02 2.62911899e-01 5.99146059e-01
 8.16292431e-02 2.40463581e-01 6.60000000e-01 7.13386249e-02
 2.62911899e-01 6.89147299e-01 1.60789718e-01 3.10709263e-01
 3.44000000e-01 7.94410929e-16 8.00000000e-03 2.80186446e-01
 4.21312236e-01 5.59956248e-01 2.18068287e-01 4.09333333e-01
 6.32455532e-03 3.13320922e-01 3.10709263e-01 2.32495161e-01
 3.13320922e-01 5.61733355e-16 1.36908233e-01 1.36908233e-01
 2.94305963e-01 8.20000000e-02 7.64000000e-01 4.80000000e-02
 3.67989130e-01 2.04000000e-01 6.00832755e-02 1.61789987e-01
 3.60000000e-02 0.00000000e+00 6.00832755e-02 4.14000000e-01
 3.16000000e-01 6.40000000e-02 2.69518088e-01 1.76254876e-01
 2.52356890e-01 8.29082492e-02 1.08000000e-01 3.69074518e-01
 1.87829710e-01 1.45155089e-01 6.00000000e-02 0.00000000e+00
 1.02774024e-01 2.09333333e-01 2.21359436e-02 3.91918359e-02
 1.10381158e-01 1.00000000e-01 1.29006460e-01 6.30047617e-01
 5.54487150e-01 1.73305499e-01 3.84346487e-02 2.00249844e-01
 1.48000000e-01 8.53814968e-02 3.45508321e-01 2.87861078e-01
 5.07763178e-01 3.52000000e-01 1.92000000e-01 8.09591019e-01
 4.87591019e-01 7.40000000e-02 8.09105213e-02 5.20630387e-01
 8.09105213e-02 8.09105213e-02 8.09105213e-02 2.74086361e-01
 2.18294892e-01 6.03600309e-02 8.09105213e-02 0.00000000e+00
 5.48328369e-01 1.92000000e-01 8.09105213e-02 8.09105213e-02
 3.60000000e-02 3.60000000e-02 7.48419326e-02 5.64663125e-02
 6.76035502e-01 4.08000000e-01 7.48419326e-02 1.02857143e-02
 3.74437682e-02 4.94872598e-01 2.52806057e-02 2.52806057e-02
 2.52806057e-02 2.52806057e-02 1.18175058e-01 2.52806057e-02
 2.52806057e-02 8.30190340e-02 1.15878289e-02 6.68271734e-02
 6.68271734e-02 8.30190340e-02 6.68271734e-02 2.52806057e-02
 4.38408981e-01 2.52806057e-02 2.52806057e-02 2.52806057e-02]"
4,RandomForestRegressor,"[-6.488040510561676, -7.401448333333333, -6.834148333333329, -6.244416666666666, -6.0459164285714255, -6.530417336689998, -6.565592819770001, -5.9491333333333305, -6.252777698412696, -6.971907222222224, -6.499554999999997, -6.100275000000002, -6.409124880952379, -6.055599999999997, -6.428638095238094, -5.926498333333334, -6.957050000000006, -6.221666666666667, -6.4283800000000095, -6.561746666666662, -6.561746666666662, -5.862863333333334, -5.781259761904761, -5.759121766429913, -6.679763333333334, -6.041084761904761, -6.776535000000004, -5.758934285714286, -6.097283333333326, -5.864694137705714, -6.035355000000005, -6.13975833333333, -5.768930952380953, -5.709231031746034, -5.981299166666665, -7.494600000000013, -6.460019999999999, -5.994424999999999, -5.9137980952380955, -6.995357336690005, -5.9798999999999936, -5.916008571428566, -6.204302142857142, -6.386563050399336, -5.934848749999999, -5.758934285714286, -6.337458333333331, -6.927530308408339, -7.106981635920563, -6.583534285714284, -6.8356607142857255, -5.884342857142859, -6.367490000000001, -5.887620000000001, -6.187525555555554, -5.847774047619056, -6.737587698412695, -6.035355000000005, -7.172831666666667, -6.597033333333331, -6.028966666666663, -6.214781666666666, -6.022682499999997, -6.5005041378584965, -5.953949999999999, -5.626283333333326, -6.221666666666667, -5.756684617604617, -6.134562982760003, -5.901786666666663, -7.22333876984127, -7.244737377839528, -7.3466553571428586, -7.126403387723388, -7.057518301436315, -5.866881666666667, -6.535400000000001, -5.807535238095235, -6.597033333333331, -7.199628095238097, -5.654418333333333, -5.776326547619049, -6.408760238095234, -6.874259090666908, -6.85718857142857, -5.798909285714286, -5.706282380952383, -6.08356865079365, -5.901796904761901, -5.977971666666667, -5.654418333333333, -5.922382380952378, -5.830829999999996, -5.967168492063495, -5.836633333333332, -5.5229066666666675, -7.124683809523809, -5.557150000000008, -5.847907142857142, -6.3984119047619, -7.152799999999996, -6.541211666666669, -6.522158274911432, -6.007777982759999, -6.9747182142066695, -7.374881666666665, -6.044951309523809, -6.771100000000001, -6.242524999999996, -6.746417066755842, -6.615134920634916, -7.0414499999999975, -6.6724666666666765, -5.790622524077999, -5.790622524077999, -7.187411428571432, -7.187411428571432, -6.74492261904762, -6.169201547619051, -6.648983333333339, -5.75429125457991, -7.18089899043619, -7.129552380952386, -7.4385852108300075, -6.669986666666663, -7.138786666666658, -5.961950952380953, -6.024152619047618, -6.338162499999997, -6.2438702380952416, -6.863588333333336, -6.97803666666666, -7.140142857142865, -5.965888333333332, -5.828336666666668, -6.97803666666666, -7.238876966626667, -6.02693404761905, -6.02693404761905, -6.515383333333333, -6.272449373704165, -6.056293333333333, -6.230193333333335, -6.015983333333331, -5.829074761904756, -6.030362738095238, -6.6003383333333385, -5.6269149999999994, -7.1645342676767685, -7.063293858495886, -6.774837500000005, -6.774837500000005, -6.929881462780158, -6.973064136524999, -5.009606060606058, -5.712450368712614, -6.051572499999999, -6.778770045727162, -5.911249999999998, -6.718643095238096, -6.990103375488713, -7.142087793746666, -5.52024, -5.332450341712047, -5.436543333333329, -5.915062955561414, -5.342476113874284, -6.098507027652497, -5.896078707859995, -5.331809447207617, -5.82229615384615, -5.09193166666666, -5.600597424498524, -5.600597424498524, -5.600597424498524, -5.86019666666667, -6.50419456635271, -5.6249741184167315, -5.600597424498524, -6.443990520429993, -6.562517886231032, -5.600597424498524, -5.600597424498524, -5.817505436507932, -5.554615573593075, -6.112751666666669, -5.554615573593075, -5.6987723059488955, -5.554615573593075, -6.112751666666669, -6.448910533585831, -6.448910533585831, -4.664894706595453, -4.664894706595453, -4.664894706595453, -4.664894706595453, -4.905078203879453, -5.053915747308246, -4.859697135853809, -4.859697135853809, -4.664894706595453, -4.664894706595453, -7.406310714285713, -7.17125500000001, -6.419405839983329, -5.719620476190472, -5.9286595833333315, -6.474269999999999, -5.779553333333337, -5.929112142857139, -6.085399999999998, -6.085399999999998, -6.522931190476187, -5.885139999999992, -5.894577916666665, -6.704684404761907, -5.7218457539682515, -6.667833333333334, -5.782654722222222, -5.857108333333331, -6.480013333333334, -5.850858333333334, -5.7242303571428526, -6.082472380952381, -6.516057142857144, -5.768795476190473, -6.357441666666664, -5.880491984126983, -6.650843333333326, -5.797380952380951, -6.4404447211245754, -5.945999166666668, -5.736232619047618, -5.8206066666666665, -5.924550833333343, -6.463898571428571, -6.936663333333334, -7.060589087409998, -6.17508823920179, -6.650843333333326, -5.800075238095238, -7.017499999999997, -5.636218809523805, -5.901159523809528, -6.076906666666666, -5.601225, -7.018318253450953, -6.086716666666665, -6.4404447211245754, -5.537497380952378, -5.954675913585654, -6.252753333333338, -6.748466666666668, -7.083739767056665, -6.441026666666662, -6.352133333333334, -6.87034643372333, -6.631169999999998, -5.954675913585654, -6.570758200259997, -5.649325000000002, -6.07976738095238, -6.139231666666668, -6.313413333333332, -6.191470238095234, -5.849333928571429, -6.816139999999995, -5.603639285714287, -7.010420861203292, -6.177247718543002, -6.351587233104168, -6.2989683408770905, -5.800075238095238, -5.768367023809516, -7.332160158730155, -7.0441960722809505, -6.196959999999997, -5.7370019047619065, -7.053361904761909, -7.1707898012074285, -7.332160158730155, -7.050592154584285, -6.830529999999997, -6.572426666666664, -7.332160158730155, -5.902531666666667, -5.951294761904762, -6.180249999999994, -6.093966666666667, -6.0460734432234435, -6.398597142857143, -7.060093535062996, -5.972082982569991, -7.008907857142858, -7.010420861203292, -5.767318571428575, -6.063173333333334, -6.216853333333329, -6.67001666666667, -7.236916428571431, -5.9705, -5.806170495892998, -7.247837857142859, -6.836605002418098, -6.448180970726668, -5.9330243560545295, -5.989180277854144, -6.733934444444446, -7.410046666666662, -6.401061774150277, -6.8857325000000005, -5.773529891911587, -7.023470101080949, -6.570581037033336, -7.068362619047617, -6.401061774150277, -7.060093535062996, -7.205399999999994, -5.722780000000003, -6.274876626984128, -7.061403333333329, -5.779553333333337, -6.570581037033336, -5.609399999999997, -7.1113349999999995, -6.74835984848485, -6.176838333333345, -6.176838333333345, -5.966901666666667, -6.789141666666675, -5.999516666666665, -6.464890317460317, -6.464890317460317, -5.859564166666667, -6.4056666666666615, -6.189254285714285, -6.789141666666675, -5.245183333333335, -5.803370071732856, -5.6351309592666645, -7.098720119047618, -6.548933333333335, -6.883684880952383, -6.883684880952383, -6.883684880952383, -6.709350000000014, -5.922223333333334, -6.147760324675326, -5.376269696969696, -6.971028214285723, -6.993245163201516, -6.993245163201516, -7.154700000000011, -6.8276640030049975, -6.820310952380952, -5.517399999999998, -7.345971666666662, -5.804750000000001, -7.345971666666662, -5.935692499999999, -5.686071746031746, -7.116037067046664, -5.835134999999999, -6.558610977615241, -5.192059999999997, -5.481199999999998, -5.269603095238094, -5.481199999999998, -5.444253525627205, -5.441469985596544, -5.441469985596544, -5.441469985596544, -5.441469985596544, -5.6316814746995565, -5.516650833333333, -5.441469985596544, -5.441469985596544, -5.584129522110001, -5.571791045343547, -6.579536792929293, -5.571791045343547, -6.558978173846856, -6.291195000000003, -4.640500989164747, -4.640500989164747, -4.640500989164747, -4.640500989164747, -5.310798336776189, -5.310798336776189, -5.310798336776189, -5.111786047563546, -5.111786047563546, -5.050343851329607, -5.050343851329607, -4.851277212787214, -5.310798336776189, -4.640500989164747, -5.168736666131475, -4.640500989164747, -5.168736666131475, -4.640500989164747, -4.640500989164747, -4.640500989164747, -4.640500989164747, -7.148224999999994, -6.572923033373332, -5.777687500000005, -5.777687500000005, -6.4064551207690466, -6.328831666666673, -6.518541666666665, -5.896720000000003, -5.864373095238096, -6.482611785714287, -6.505677644649526, -6.505677644649526, -5.981274999999999, -5.928887060466192, -5.661763333333331, -5.992291468253971, -6.922346190476183, -6.225874999999997, -7.217478095238092, -5.661763333333331, -6.9327925, -6.363721446182648, -6.284859790059046, -5.921088333333334, -6.195322619047615, -6.483114978239043, -6.0143341666666625, -5.646977976190475, -5.86511242912216, -5.781163333333338, -6.233197380952377, -6.5927166666666634, -5.7250533333333316, -5.766898888888891, -7.109467532773335, -6.994991666666665, -5.765743333333339, -6.473849999999994, -6.125934999999996, -6.033613333333335, -6.913299999999996, -6.17453, -5.938063333333327, -5.968616666666663, -5.646977976190475, -6.351310373850453, -7.075925000000004, -5.968465000000004, -6.393042857142851, -7.021443648049998, -5.993296666666672, -6.159480714285717, -6.280990482759568, -6.26265285714285, -5.913313333333334, -7.055285952380947, -6.9900571963081335, -5.927737380952384, -7.132950593770952, -7.414510396825396, -7.0339899456150015, -6.622821496787144, -5.695640476190473, -5.464473333333336, -6.25243904761905, -6.364350874470002, -6.551223751223096, -5.951407026013333, -6.674863333333331, -6.358780000000001, -5.855378571428576, -5.772915833333339, -7.579854761904764, -7.579854761904764, -5.8428333333333295, -5.653189761904756, -7.387819444444444, -7.387819444444444, -7.097782900346568, -5.695640476190473, -7.036680665546024, -6.062018633293333, -6.332552499999991, -5.471976666666669, -5.937267294372293, -7.387819444444444, -5.657301904761906, -5.499450000000012, -5.6297933333333345, -6.901399999999995, -6.901399999999995, -7.579854761904764, -6.240239523809524, -6.5428935714285625, -5.913313333333334, -5.855485, -6.448599999999995, -7.036680665546024, -6.246556267925338, -5.989730238095238, -6.858825107720001, -6.290773333333335, -6.290773333333335, -6.06519294011544, -6.425557857142853, -5.868266666666658, -7.1919859570984555, -7.036680665546024, -7.071781751373058, -6.296462142857145, -5.883822161430003, -5.831195952380955, -6.3323576190476185, -6.4751310205966695, -6.292751904761901, -6.715153939393938, -6.06519294011544, -5.982279999999999, -6.791687157930908, -6.715153939393938, -7.13030023809524, -6.988812319087624, -6.591011504329008, -6.5428935714285625, -7.047397470135775, -6.3323576190476185, -6.7622305404733405, -6.843729109367099, -6.591011504329008, -5.516119999999998, -7.0546992857142925, -7.250588686130004, -7.3398999999999965, -5.618922835290004, -7.1221536861299946, -6.3706304271329035, -6.942955, -6.555367448782549, -6.543852689301044, -6.6814405894105855, -6.264666666666667, -7.2138166666666645, -7.170641666666662, -6.384147687263335, -6.6814405894105855, -7.121740000000002, -5.8885000000000005, -6.9328060027490475, -6.321843044673335, -6.053336785566712, -6.984610000000004, -6.517307777777784, -5.862920476190478, -5.459948333333329, -6.517307777777784, -6.334289999999999, -6.043593333333333, -5.960459999999999, -6.638608440635461, -6.482596666666665, -7.218084484126986, -7.218084484126986, -7.2245933333333285, -6.1634899999999995, -5.813046666666671, -5.8345158333333345, -5.730049999999997, -5.63525833333333, -5.708866428571423, -5.310083621579943, -5.188511819193341, -5.854310480486658, -5.525357197410241, -5.525357197410241, -6.410755349326601, -5.525357197410241, -5.525357197410241, -5.910513116883115, -5.525357197410241, -5.525357197410241, -5.525357197410241, -6.633141197691199, -6.633141197691199, -6.633141197691199, -5.612622107059605, -5.694380296837866, -6.237986071428574, -5.612622107059605, -4.711075931917719, -4.711075931917719, -4.711075931917719, -4.711075931917719, -6.1822618578643596, -4.711075931917719, -4.711075931917719, -4.92272781024531, -5.011096806943056, -4.711075931917719, -4.711075931917719, -4.711075931917719, -5.011096806943056, -6.596197338163891, -7.273549999999987, -6.289336666666672, -7.902113333333325, -6.353859999999998, -6.449443668345003, -5.959644047619048, -6.029263333333332, -5.660475317460316, -6.364540898551666, -6.273261666666671, -5.654748333333333, -5.806439999999998, -5.806439999999998, -6.273261666666671, -5.593436904761901, -5.823423809523816, -5.916695, -6.111181666666669, -5.956271666666668, -6.807150274813929, -6.19168, -6.09565362914863, -5.829322282087893, -6.2949199999999985, -6.874165714285714, -6.622861666666672, -6.70955888888889, -5.79193666666667, -5.857725000000001, -5.7827183333333325, -5.944174761904764, -5.944174761904764, -5.852440476190477, -6.235234295484308, -5.820849978354979, -7.320866666666675, -5.807468293650796, -5.860653333333334, -6.109925, -5.860653333333334, -6.090285714285715, -6.032640833333339, -5.972519241315971, -5.954395714285712, -6.017907499999998, -5.855036406926407, -6.148070000000001, -5.901161190476193, -6.567566666666668, -5.884179999999999, -5.8825803174603175, -5.6100812987013, -5.891657200577202, -5.693999206349211, -5.619329999999999, -5.555627857142856, -6.303023333333332, -5.901161190476193, -5.563782777777781, -6.296601666666669, -5.7513256378122195, -5.813379476911975, -7.209822063492063, -6.457535238095238, -6.457535238095238, -5.853083333333335, -5.826830000000004, -6.472929999999996, -7.122281428571424, -6.199011569987428, -5.992528333333336, -5.974435, -5.813379476911975, -6.82415613329333, -5.638400945165943, -7.17114338023088, -6.806495776613792, -5.708701666666666, -5.748743333333336, -5.5666750000000045, -5.637050000000008, -5.637050000000008, -5.647875000000002, -6.136366666666669, -5.91779333333333, -5.660612294372292, -6.105194444444452, -6.600637344045339, -6.636111290008675, -5.906370844155846, -7.17114338023088, -6.068303399628421, -7.1036235930799965, -7.163716666666671, -6.44200607211857, -6.023343333333341, -5.906370844155846, -6.096337380952382, -5.906370844155846, -5.854103571428574, -5.748743333333336, -6.667512499999994, -6.269481428571421, -6.948390000000006, -5.975782260614625, -7.093564523809522, -5.906370844155846, -6.494669047619048, -6.071957819769997, -6.901894220450165, -6.082886684685104, -6.538449999999999, -4.965454882705565, -6.903233333333326, -5.769401500585001, -5.683953311688312, -6.725150000000003, -7.203813333333329, -7.100296666666666, -7.1036782182399945, -7.200453333333329, -6.248959822134993, -5.947546666666665, -7.0688049999999985, -7.131117366139993, -6.070555396825395, -6.753390465506665, -7.131117366139993, -6.321843333333328, -6.871388965823326, -5.004216000000003, -6.321843333333328, -6.79008, -7.163105489253741, -6.04706666666667, -7.1303687280133285, -7.104190751431428, -6.372183333333337, -5.292050000000004, -5.6385749999999994, -5.57845100348, -5.690923214285712, -6.48705238095238, -6.48705238095238, -7.184579880952379, -5.141566456133734, -6.614567857142852, -7.184579880952379, -7.184579880952379, -6.22872333333334, -5.295248051948053, -6.975511316093332, -7.080350000000002, -6.614567857142852, -6.7366000000000055, -5.737649761904761, -5.3314159999999955, -6.953255952380951, -6.7053999999999965, -6.895416666666659, -5.184999999999997, -5.651636102390819, -6.068186943856662, -5.715903333333329, -5.318776621729339, -4.908499999999994, -5.377880525940185, -5.377880525940185, -5.252577026942357, -5.414892857142856, -6.498276997644751, -5.377880525940185, -5.487520770553341, -5.414892857142856, -5.414892857142856, -5.377880525940185, -5.377880525940185, -5.377880525940185, -5.377880525940185, -6.260187499999998, -7.087636363636363, -6.8002702380952345, -6.8002702380952345, -6.060181287097115, -6.816825595238093, -6.8002702380952345, -6.7892227069928595, -5.232014012477332, -6.131968643578642, -4.708615060242846, -4.708615060242846, -5.2999163184038185, -5.2999163184038185, -5.093530230986335, -4.651434011544013, -4.708615060242846, -4.708615060242846, -4.708615060242846, -4.651434011544013, -4.96237474415762, -6.479084549550001, -6.966053095238095, -6.366243333333333, -7.093909999999998, -5.861587380952379, -6.093296250000002, -6.01800333333333, -5.936866666666678, -6.416033333333335, -6.271951006742331, -6.7341666666666615, -6.356763333333333, -5.946830518182699, -6.174254999999999, -5.944483333333329, -5.6917675, -6.734433333333332, -5.7669006941252805, -5.592891666666661, -5.592891666666661, -5.643509761904761, -5.835361666666666, -6.758268560115932, -5.643509761904761, -6.275456666666667, -6.324065714285715, -5.855594841269843, -6.0794533333333325, -7.021026054036667, -5.916553888888887, -5.881468333333338, -6.891930200222339, -6.986026011389672, -6.175648457773402, -6.105361587579085, -6.145655833333329, -7.201099999999989, -5.7669006941252805, -6.371865575664044, -7.3250249999999975, -5.49113333333334, -6.005458333333338, -6.026696666666659, -5.779874999999999, -5.899017857142858, -6.852934897943677, -6.417374171240243, -6.47243333333334, -5.618250833333335, -5.6917675, -5.809083333333335, -6.846384753302251, -7.109672164502158, -7.109672164502158, -6.621548571428573, -6.464325833333329, -5.49113333333334, -5.855594841269843, -5.748932976190477, -5.872233333333335, -6.596338658811167, -6.246338333333332, -5.783600000000002, -5.7728750000000035, -7.26906972943723, -6.076665930821666, -7.18263833333333, -6.713781386375892, -7.077597229101661, -5.9183999999999966, -5.447183333333331, -5.447183333333331, -7.015084285714279, -6.246338333333332, -5.858884821428572, -5.872233333333335, -6.541466510645193, -5.937816666666666, -7.287590299960002, -6.452693174603175, -7.136879480241976, -6.987046229634412, -5.609600833333336, -6.3775683333333335, -6.090005555555553, -5.723045517067666, -7.0581133333333295, -6.460179157173332, -6.5742366666666605, -6.239699166666664, -6.426264365079366, -6.243893333333334, -5.87646, -5.8885951796733345, -6.246340000000001, -6.24024083333333, -6.808040000000002, -6.034295119047618, -6.877752727272724, -6.877752727272724, -6.243893333333334, -6.348218095238098, -6.335015413752916, -5.820936329226328, -7.06025095238096, -5.874832857142859, -6.839421666666665, -6.143260984848487, -7.028179090909094, -5.8556654549016125, -6.720795900268572, -5.712407142857144, -7.041577994623335, -6.901117635072418, -6.3817755625695005, -6.5823716666666625, -6.5145057550133325, -6.568527133839048, -7.330150000000008, -7.575974999999985, -7.160919285714285, -6.0520514167216675, -5.96861666666667, -7.149727437670004, -7.36393908834667, -6.034100112619999, -5.659866666666663, -5.96861666666667, -6.640597622266953, -6.304394999999999, -7.145493333333329, -6.7921177669552675, -7.153908333333342, -5.686475410283334, -6.105184999999994, -7.268749999999992, -7.293255454545463, -7.111789588326669, -6.870707472008087, -6.817736729391657, -6.1184249999999984, -5.808, -5.327211864907616, -6.138840299959998, -7.079727921660004, -7.079727921660004, -6.440989999999997, -7.087714979461672, -5.724663285703096, -6.1897283333333375, -6.1897283333333375, -5.225550000000001, -7.087671507936509, -7.0936609523809535, -5.915342441086193, -5.799912499999997, -5.255049999999995, -7.116427499999994, -5.8255000665466685, -5.069656984126988, -4.988899999999994, -5.403329886629161, -5.3666362806545775, -5.3666362806545775, -5.800566143906553, -4.9799871212121225, -5.570728969425538, -5.570728969425538, -5.570728969425538, -5.570728969425538, -5.570728969425538, -6.12880932723123, -5.893460714285709, -5.570728969425538, -5.570728969425538, -5.889840124870827, -5.570728969425538, -6.599220303030295, -6.599220303030295, -6.490076479670855, -6.05618371857323, -6.383347085920231, -6.583917605727606, -6.583917605727606, -5.682541645021645, -5.682541645021645, -4.667076445584959, -4.667076445584959, -4.667076445584959, -6.29841746889762, -6.29841746889762, -4.913373113227426, -4.836157601547302, -5.343177972582973, -5.068129823232325, -4.911297420634923, -5.068129823232325, -5.068129823232325, -4.836157601547302, -4.667076445584959, -5.343177972582973]","0     -7.22
1     -6.21
2     -7.24
3     -5.92
4     -5.96
       ... 
247   -6.00
248   -3.99
249   -5.24
250   -4.77
251   -4.71
Name: Permeability, Length: 252, dtype: float64","[array([-6.48804051, -6.56658697, -6.82586333, -5.84777405, -5.79515619,
       -6.908375  , -6.68466167, -6.67782833, -5.95790244, -6.5613    ,
       -6.24682643, -6.20365893, -5.72362167, -6.47869583, -5.66642   ,
       -6.02514067, -6.26905501, -6.97756798, -5.78125976, -6.28884222,
       -6.45247595, -6.31699917, -5.80674   , -6.740235  , -6.57091429,
       -6.19354857, -5.88384667, -6.22166667, -6.16358666, -5.64327238,
       -6.56903298, -7.0445    , -5.88714214, -5.67139   , -6.12601333,
       -7.00351667, -5.75416567, -6.1673    , -5.75668462, -6.04896262,
       -6.42958938, -6.0999325 , -5.75912177, -6.92232333, -5.7702513 ,
       -5.91215982, -5.94401333, -5.96706   , -5.80048961, -5.73786833,
       -6.88817   , -7.00683935, -5.66642   , -6.20365893, -6.42958938,
       -6.33745833, -6.93679952, -6.1086681 , -6.02296667, -6.76720833,
       -5.7702513 , -6.18752556, -5.75893429, -5.69929845, -5.84777405,
       -6.17762235, -7.00341994, -5.49487   , -5.62628333, -6.64826476,
       -6.0528281 , -6.98134722, -6.1086681 , -6.77767587, -5.98119345,
       -5.87077643, -5.87077643, -5.64327238, -6.15701667, -6.83173   ,
       -6.01884627, -5.46155308, -6.12799167, -6.84202664, -6.46002   ,
       -5.72862405, -7.06558381, -5.918125  , -7.12640339, -7.20621667,
       -7.01270058, -7.18111672, -5.98807821, -5.86688167, -6.4037675 ,
       -6.98086643, -6.50005947, -6.18752556, -6.47934023, -6.16654435,
       -7.01618084, -7.20621667, -7.00341994, -6.52118734, -5.81271226,
       -6.62531333, -6.05586   , -7.06558381, -6.59024619, -6.5354    ,
       -6.08356865, -5.84159548, -6.57937141, -6.145175  , -6.27133   ,
       -5.76787248, -7.12468381, -5.97711667, -5.97711667, -5.8786525 ,
       -5.72698   , -6.54121167, -5.67554397, -6.9682329 , -5.96368525,
       -6.27133   , -6.3984119 , -5.97711667, -5.70971   , -5.97711667,
       -7.06983165, -7.00088577, -6.00616003, -5.89731735, -5.89731735,
       -7.02556333, -6.74641707, -6.1341    , -7.00568655, -7.14605534,
       -6.74492262, -5.9897102 , -6.69183762, -6.96642832, -7.00568655,
       -5.84075244, -7.12955238, -6.2472949 , -5.73449768, -6.2199346 ,
       -6.58274667, -7.01405373, -5.98638412, -5.75382651, -6.04680952,
       -7.49593333, -7.18043119, -6.3381625 , -6.2472949 , -7.21832619,
       -6.3381625 , -7.14424071, -6.62059787, -6.62059787, -7.15684548,
       -7.08229667, -6.34828734, -6.66114094, -5.94720595, -7.522105  ,
       -7.23887697, -5.15464   , -5.5804131 , -5.94551667, -7.23887697,
       -6.02693405, -6.849     , -5.91899333, -6.198785  , -6.05850084,
       -5.89006333, -5.87998956, -7.26150107, -5.87470574, -5.54309423,
       -5.78599139, -6.96982949, -6.76968013, -6.28201389, -6.03036274,
       -7.14982167, -6.68993095, -6.11211667, -5.1099    , -7.21358179,
       -5.88312321, -6.01484071, -5.48083868, -5.75712155, -7.16387833,
       -6.7186431 , -7.13903286, -6.97687091, -5.69128667, -6.22148112,
       -5.91506296, -5.65244656, -6.11957561, -5.81018175, -5.07844714,
       -5.60059742, -6.13376282, -5.60059742, -5.60059742, -5.60059742,
       -5.86019667, -5.81750544, -6.50419457, -5.60059742, -5.89607871,
       -5.65777985, -5.65244656, -5.60059742, -5.60059742, -5.31231517,
       -5.31231517, -6.64649403, -6.11275167, -6.20634542, -6.56251789,
       -6.64649403, -5.63207592, -5.55461557, -5.62837301, -4.66489471,
       -4.66489471, -4.66489471, -4.66489471, -6.44891053, -4.66489471,
       -4.66489471, -4.9050782 , -5.31215477, -4.85969714, -4.85969714,
       -4.9050782 , -4.85969714, -4.66489471, -4.24469659, -4.66489471,
       -4.66489471, -4.66489471]), array([-7.0010238 , -6.73879582, -7.02057381, -5.71962048, -5.73120353,
       -6.91117   , -6.78753857, -6.42232167, -6.22191643, -6.51178827,
       -6.45573167, -5.96584048, -5.84933393, -6.3945125 , -5.82137   ,
       -5.755045  , -6.33577333, -6.9839    , -5.73894921, -6.38274667,
       -6.57688167, -6.240795  , -5.72423036, -6.475705  , -6.39516667,
       -5.82060667, -5.78599667, -5.78265472, -6.20614043, -5.651215  ,
       -6.98120337, -6.63903333, -5.92911214, -5.76836702, -5.82588722,
       -6.57357286, -5.72666778, -6.1838    , -5.73623262, -5.97999   ,
       -6.35158723, -6.34772065, -5.95467591, -6.55795238, -6.17508824,
       -5.89351151, -5.8359394 , -5.9903741 , -5.79738734, -5.86456   ,
       -7.01659643, -6.99415958, -5.82137   , -5.96584048, -6.35158723,
       -6.30033333, -6.73842468, -6.2795    , -6.098975  , -6.73068143,
       -6.17508824, -6.23483833, -5.7370019 , -5.6497531 , -5.71962048,
       -5.89754462, -7.05059215, -5.649325  , -5.60247159, -6.65084333,
       -5.95513726, -7.18534311, -6.2795    , -7.13231143, -6.0178125 ,
       -5.87691143, -5.87691143, -5.651215  , -6.10632167, -6.664185  ,
       -6.04443076, -5.40671111, -6.10982857, -6.78065646, -6.28108111,
       -5.52091857, -6.83053   , -6.1875225 , -7.33216016, -7.22134976,
       -7.01042086, -7.04419607, -6.27487663, -5.7418231 , -6.3122375 ,
       -6.85453124, -6.37698047, -6.23483833, -6.28454713, -6.143645  ,
       -7.01824333, -7.22134976, -7.05059215, -6.40671487, -5.7847789 ,
       -6.54979167, -6.00696857, -6.83053   , -6.57242667, -6.39859714,
       -5.95506333, -5.85843619, -6.62008667, -6.2669    , -6.15772   ,
       -5.77614   , -7.37662778, -5.99938095, -5.99938095, -5.84473202,
       -5.69918333, -6.41918833, -5.72084846, -7.13651667, -6.02692819,
       -6.15772   , -6.67001667, -5.99938095, -5.8420119 , -5.99938095,
       -7.14758607, -7.03966721, -5.98080874, -5.8061705 , -5.8061705 ,
       -6.9753    , -6.51982557, -6.1079    , -7.24783786, -6.95169844,
       -6.73393444, -6.20974845, -6.57353622, -7.06009354, -7.24783786,
       -6.02498268, -7.00747575, -6.36335474, -5.82175846, -6.15219405,
       -6.64111667, -6.85647201, -6.23273801, -5.58551339, -6.10384294,
       -6.8857325 , -7.14263333, -7.0533619 , -6.36335474, -7.38625167,
       -7.0533619 , -7.14205833, -6.46489032, -6.46489032, -7.16057977,
       -7.16482024, -6.40194377, -6.74657405, -5.91280929, -7.111335  ,
       -7.43629543, -5.10625476, -6.08247238, -5.98936   , -7.43629543,
       -6.17932429, -6.73018   , -5.96690167, -5.92661869, -6.6555847 ,
       -5.77339417, -5.99767202, -7.27704562, -5.95070695, -5.71752773,
       -5.92222333, -6.97102821, -6.67063778, -6.2822183 , -5.76634833,
       -7.1547    , -6.82031095, -6.132585  , -5.1026    , -7.34597167,
       -5.90448   , -6.0496131 , -5.40734667, -5.68607175, -7.16156667,
       -6.99733095, -7.08694833, -7.07139369, -5.4285    , -6.06639641,
       -5.78156849, -5.59968918, -6.15292133, -5.93866838, -5.05354333,
       -5.44146999, -6.31005   , -5.44146999, -5.44146999, -5.44146999,
       -5.63168147, -5.74598236, -6.58604182, -5.44146999, -5.89343935,
       -5.48546619, -5.59968918, -5.44146999, -5.44146999, -5.25034433,
       -5.25034433, -6.57953679, -6.291195  , -6.40738057, -5.8532647 ,
       -6.57953679, -5.64401242, -5.57179105, -5.84850888, -4.64050099,
       -4.64050099, -4.64050099, -4.64050099, -6.28694398, -4.64050099,
       -4.64050099, -4.85127721, -5.31079834, -5.05034385, -5.05034385,
       -4.85127721, -5.05034385, -4.64050099, -4.23503569, -4.64050099,
       -4.64050099, -4.64050099]), array([-6.9911028 , -6.73687054, -6.737975  , -5.80651071, -5.80501085,
       -6.95302833, -6.90275333, -6.524425  , -6.01173897, -6.43790101,
       -6.373915  , -6.02894929, -5.72843667, -6.51854167, -5.77839   ,
       -5.87815333, -6.42393295, -7.04855653, -5.66176333, -6.48462667,
       -6.68264167, -6.25004381, -5.79872333, -6.62439833, -6.27469095,
       -6.19532262, -5.85040476, -6.06290243, -6.23240833, -5.62138143,
       -7.06955833, -6.9553    , -5.7776875 , -5.64548583, -5.84599096,
       -7.02622333, -5.73569131, -6.15948071, -5.75924215, -6.04118462,
       -6.4549283 , -6.20149595, -5.84947525, -6.796185  , -5.74516013,
       -5.82915429, -5.98826333, -5.9888    , -5.69564048, -5.69221   ,
       -6.84486667, -6.99843111, -5.77839   , -6.02894929, -6.4549283 ,
       -6.26265286, -6.867     , -6.27820833, -5.87467   , -6.87846637,
       -5.74516013, -6.28942333, -5.76689889, -5.62635649, -5.80651071,
       -6.08903885, -6.99571068, -5.56997   , -5.65317762, -6.63771571,
       -5.97498409, -7.27741549, -6.27820833, -7.1446378 , -5.97853833,
       -5.88275167, -5.88275167, -5.62138143, -6.17841583, -6.85110524,
       -5.91732952, -5.41002464, -6.28499024, -6.90066339, -5.64697798,
       -5.56713   , -7.02263952, -5.87576465, -7.19198596, -7.38781944,
       -7.03668067, -7.19715524, -6.06102833, -5.74996167, -6.331     ,
       -7.08008977, -6.57170333, -6.28942333, -6.6797887 , -6.55122375,
       -6.9900572 , -7.38781944, -6.99571068, -6.42791858, -5.78840667,
       -6.38515595, -5.80850464, -7.02263952, -6.54289357, -6.44752857,
       -5.88027167, -5.8347525 , -6.52642667, -6.04081883, -5.88382216,
       -5.77488055, -7.29735   , -6.29077333, -6.29077333, -5.832725  ,
       -5.95140703, -6.39443883, -5.6674998 , -6.82835557, -5.80686406,
       -5.88382216, -6.50801214, -6.29077333, -5.84493476, -6.29077333,
       -7.39214111, -6.99936202, -5.947765  , -6.06519294, -6.06519294,
       -7.05469929, -6.46426959, -5.98228   , -6.5910115 , -6.88408007,
       -6.69292571, -6.29739074, -6.64981144, -6.94152685, -6.5910115 ,
       -6.14853667, -6.76223054, -6.28758495, -5.74579307, -6.18603785,
       -6.84372911, -7.0033299 , -5.96733485, -5.64422978, -6.10056333,
       -7.203445  , -7.21381667, -6.612045  , -6.28758495, -7.4118    ,
       -6.612045  , -7.14241143, -6.68144059, -6.68144059, -7.1364    ,
       -7.17064167, -6.68559323, -6.85066167, -5.97959333, -7.41982   ,
       -7.44538466, -5.15016667, -5.75343333, -6.26466667, -7.44538466,
       -6.23956762, -6.79235833, -5.86498333, -6.25643789, -6.54233467,
       -5.84238   , -6.01497536, -7.22889212, -5.88644827, -5.58322008,
       -6.04359333, -7.01211675, -6.71000131, -6.30151482, -5.80671552,
       -7.17188333, -6.74121   , -6.12416357, -5.12384   , -7.27183119,
       -6.31568   , -6.32234333, -5.38716143, -5.83451583, -7.13095286,
       -6.990975  , -7.122565  , -6.99736723, -5.67562833, -6.15943932,
       -5.79578334, -5.60046205, -6.23035381, -5.8292177 , -5.05955583,
       -5.5253572 , -5.896195  , -5.5253572 , -5.5253572 , -5.5253572 ,
       -5.51465223, -5.74920006, -6.41075535, -5.5253572 , -5.85431048,
       -5.37417778, -5.60046205, -5.5253572 , -5.5253572 , -5.36043559,
       -5.36043559, -6.6331412 , -6.23798607, -6.20380818, -5.77701263,
       -6.6331412 , -5.6943803 , -5.61262211, -5.68107387, -4.71107593,
       -4.71107593, -4.71107593, -4.71107593, -6.18226186, -4.71107593,
       -4.71107593, -4.92272781, -5.31277449, -4.9145705 , -4.9145705 ,
       -4.92272781, -4.9145705 , -4.71107593, -4.2601613 , -4.71107593,
       -4.71107593, -4.71107593]), array([-6.59619734, -6.58790282, -6.62863667, -5.76228071, -5.81474241,
       -7.35464667, -6.86136556, -6.46262833, -6.11874745, -6.24290167,
       -6.47653333, -6.0543119 , -5.71323333, -6.3952    , -5.81930833,
       -5.803055  , -6.27245602, -7.0036692 , -5.78271833, -6.1871    ,
       -6.41356667, -6.21871667, -5.82342381, -6.61470333, -6.52144   ,
       -6.19658873, -5.84815333, -6.09565363, -6.2352343 , -5.86065333,
       -7.04716798, -6.36015   , -5.86780968, -5.65700667, -5.91909857,
       -6.95474643, -5.857725  , -6.103205  , -5.81337948, -5.79412667,
       -6.41646383, -6.2373719 , -5.82932228, -6.99938167, -5.77146693,
       -5.93172044, -5.80405   , -5.90555   , -5.90116119, -5.84223667,
       -6.93309286, -7.00138384, -5.81930833, -6.0543119 , -6.41646383,
       -6.26798667, -6.77161049, -6.27522   , -6.08642714, -6.57957549,
       -5.77146693, -6.18294333, -5.66047532, -5.64481833, -5.76228071,
       -5.69954115, -6.96846183, -5.62029333, -5.61933   , -6.70955889,
       -5.87263333, -7.18946111, -6.27522   , -7.00397377, -6.19287333,
       -5.85244048, -5.85244048, -5.86065333, -6.1509781 , -6.55067165,
       -6.01936618, -5.39891833, -6.04821667, -6.7568778 , -6.26285957,
       -5.60621881, -7.09356452, -6.00998667, -7.17114338, -7.18181988,
       -7.01206711, -7.16831986, -6.03131417, -5.7383469 , -6.405525  ,
       -6.93907943, -6.555445  , -6.18294333, -6.39992537, -6.16520367,
       -7.08767021, -7.18181988, -6.96846183, -5.84935833, -5.84992167,
       -6.55548333, -6.05921417, -7.09356452, -6.63160762, -6.45729167,
       -5.99976857, -5.66061229, -6.44200607, -6.11577   , -6.63611129,
       -5.80906891, -7.364405  , -6.03148905, -6.03148905, -5.86395333,
       -5.74078333, -6.44123333, -5.58576855, -6.94172618, -6.08244201,
       -6.63611129, -6.42984333, -6.03148905, -5.72196929, -6.03148905,
       -7.10519788, -7.06310399, -5.895241  , -5.90637084, -5.90637084,
       -6.99929   , -6.52219066, -6.09275   , -7.02185833, -6.72468914,
       -6.49466905, -6.01378506, -6.0683034 , -6.90189422, -7.02185833,
       -6.01125783, -7.00586861, -6.28385033, -5.86734834, -6.21851   ,
       -6.60162563, -6.9709076 , -6.05013321, -5.61830714, -5.94907016,
       -7.49975667, -7.15661   , -6.58057619, -6.28385033, -7.44739667,
       -6.58057619, -7.13111737, -6.32184333, -6.32184333, -6.93711231,
       -7.0546    , -6.43614808, -6.64949   , -6.18373167, -7.53761667,
       -7.16310549, -5.1173906 , -5.67464667, -5.99025833, -7.16310549,
       -6.29849667, -6.86410667, -5.82198833, -6.08068333, -6.48064374,
       -5.81538667, -5.84845714, -6.97551132, -5.8222631 , -5.67515605,
       -5.69092321, -6.96583833, -6.73803262, -6.48705238, -5.78305698,
       -7.08035   , -6.61456786, -6.32149595, -5.12125   , -7.25544036,
       -5.74454206, -5.99712167, -5.34984262, -5.73764976, -6.99341132,
       -6.92316667, -6.89541667, -7.00992667, -5.619735  , -6.15342981,
       -5.81636541, -6.06018129, -6.30765925, -5.91538222, -4.99431667,
       -5.37788053, -6.1365    , -5.37788053, -5.37788053, -5.37788053,
       -5.25257703, -5.41489286, -6.498277  , -5.37788053, -5.90644968,
       -5.39585873, -6.06018129, -5.37788053, -5.37788053, -5.48752077,
       -5.48752077, -6.80027024, -6.23575714, -6.58824847, -5.8904727 ,
       -6.80027024, -5.63049674, -5.60202177, -5.78423857, -4.70861506,
       -4.70861506, -4.70861506, -4.70861506, -6.13196864, -4.70861506,
       -4.70861506, -4.65143401, -5.29991632, -4.96237474, -4.96237474,
       -4.65143401, -4.96237474, -4.70861506, -3.96361042, -4.70861506,
       -4.70861506, -4.70861506]), array([-7.01175121, -6.69012021, -6.71448833, -5.76344667, -5.71659214,
       -6.86563167, -6.705435  , -6.11770024, -6.17160917, -6.4650375 ,
       -6.33627667, -6.10488282, -5.67894167, -6.41603333, -5.80457202,
       -5.87159417, -6.46329634, -7.02590818, -5.73546205, -6.34566212,
       -6.644225  , -6.29163571, -5.79508786, -6.13877167, -6.49988667,
       -6.32406571, -5.77612738, -6.10536159, -6.18437349, -5.61350905,
       -7.08872653, -6.4931    , -5.87901333, -5.7836    , -5.97139238,
       -6.980955  , -5.59289167, -6.0936    , -5.6917675 , -6.07617417,
       -6.41737417, -6.06203917, -5.76690069, -6.31130667, -5.77377268,
       -5.90903557, -5.90192857, -6.07945333, -5.8153471 , -5.9000775 ,
       -6.97804167, -6.8919302 , -5.80457202, -6.10488282, -6.41737417,
       -6.248775  , -6.88811452, -6.30361357, -5.98616571, -6.65811804,
       -5.77377268, -6.21115379, -5.72792008, -5.65448833, -5.76344667,
       -6.00727564, -6.9436863 , -5.52419167, -5.80908333, -6.64783048,
       -6.07354845, -7.15316167, -6.30361357, -7.04258649, -6.00617315,
       -5.85559484, -5.85559484, -5.61350905, -6.01800333, -6.80236762,
       -6.09266815, -5.61825083, -6.26235   , -6.83628926, -6.46432583,
       -5.56826794, -7.2875903 , -5.79903566, -7.13687948, -7.18156342,
       -6.98704623, -7.20111926, -5.98272111, -5.44718333, -6.43902222,
       -6.98025994, -6.568034  , -6.21115379, -6.54213126, -6.22863595,
       -7.03025451, -7.18156342, -6.9436863 , -6.22936363, -5.79424036,
       -6.3605825 , -6.04996   , -7.2875903 , -6.63228667, -6.43947286,
       -5.88578734, -5.82985667, -6.57852047, -6.18906667, -6.21143   ,
       -5.73815896, -7.36243333, -5.99703762, -5.99703762, -5.74561643,
       -5.79696185, -6.39432833, -5.69069321, -7.02016693, -5.94123644,
       -6.21143   , -6.3482181 , -5.99703762, -6.33501541, -5.99703762,
       -7.02167707, -7.02706968, -5.96955158, -5.82093633, -5.82093633,
       -6.90111764, -6.46469348, -6.07479   , -6.96491024, -6.69564586,
       -6.68393177, -6.20029125, -6.48670465, -6.96343619, -6.96491024,
       -6.30468252, -7.14972744, -6.23878019, -5.72961491, -6.09000556,
       -6.64274415, -7.01992582, -6.22116716, -5.7694344 , -5.922685  ,
       -7.37021619, -7.26875   , -6.304395  , -6.23878019, -7.29948282,
       -6.304395  , -7.14549333, -6.79211777, -6.79211777, -7.02804387,
       -7.272405  , -6.17271677, -6.81773673, -5.94962333, -7.54156667,
       -7.4524999 , -4.994595  , -5.73742159, -6.118425  , -7.4524999 ,
       -6.20804342, -6.1388403 , -5.8964    , -6.30081452, -6.46145449,
       -5.83823   , -5.88888833, -7.19622   , -5.87311947, -5.5928667 ,
       -5.7924125 , -6.93673605, -6.76529393, -6.18972833, -5.79967917,
       -7.18340056, -6.77261476, -6.08559167, -5.22555   , -7.09366095,
       -5.91393333, -6.11297738, -5.56572209, -5.7999125 , -7.08654836,
       -6.9474619 , -7.1164275 , -6.97866243, -5.654685  , -6.19959806,
       -5.62838618, -5.61019559, -5.40332989, -5.36663628, -4.97998712,
       -5.57072897, -6.07252667, -5.57072897, -5.57072897, -5.57072897,
       -5.52350209, -5.89346071, -6.58255318, -5.57072897, -5.87087728,
       -5.24409101, -5.61019559, -5.57072897, -5.57072897, -5.28694869,
       -5.28694869, -6.58391761, -6.24633087, -5.61511388, -5.57962378,
       -6.58391761, -5.71931435, -5.68254165, -5.76255821, -4.66707645,
       -4.66707645, -4.66707645, -4.66707645, -6.29841747, -4.66707645,
       -4.66707645, -4.8361576 , -5.34317797, -4.91129742, -4.91129742,
       -4.8361576 , -4.91129742, -4.66707645, -4.91337311, -4.66707645,
       -4.66707645, -4.66707645])]","[-6.81762313 -6.66405527 -6.78550743 -5.77992652 -5.77254102 -6.99857033
 -6.78835083 -6.44098071 -6.09638289 -6.44378569 -6.37785662 -6.07152868
 -5.73871345 -6.44059667 -5.77801207 -5.86659763 -6.35290273 -7.00792038
 -5.74003054 -6.33779554 -6.55395819 -6.26363807 -5.78964107 -6.51876267
 -6.45241971 -6.14602646 -5.82890576 -6.05364781 -6.20434864 -5.67800624
 -6.95113784 -6.69841667 -5.86815296 -5.7051699  -5.93767649 -6.90780286
 -5.73342829 -6.14147714 -5.75146127 -5.98808761 -6.41398858 -6.18971204
 -5.83189918 -6.71742981 -5.84714786 -5.89511632 -5.89483893 -5.98624749
 -5.80200514 -5.8073905  -6.93215352 -6.97854882 -5.77801207 -6.07152868
 -6.41398858 -6.28344124 -6.84038984 -6.249042   -6.0138409  -6.72280993
 -5.84714786 -6.22117687 -5.7302461  -5.65494294 -5.77992652 -5.97420452
 -6.99237418 -5.57173    -5.66206917 -6.65884263 -5.98582625 -7.15734572
 -6.249042   -7.02023707 -6.03531815 -5.86769497 -5.86769497 -5.67800624
 -6.12214712 -6.7400119  -6.01852818 -5.4590916  -6.16667543 -6.82330271
 -6.2230529  -5.59823187 -7.05998163 -5.95808689 -7.19171447 -7.23575383
 -7.01178309 -7.15838143 -6.06760369 -5.70883933 -6.37831044 -6.96696536
 -6.51444445 -6.22117687 -6.47714654 -6.25105054 -7.02848122 -7.23575383
 -6.99237418 -6.28690855 -5.80601197 -6.49526536 -5.99610148 -7.05998163
 -6.59389214 -6.45565805 -5.96089191 -5.80505063 -6.54928226 -6.1515461
 -6.23208269 -5.77322418 -7.30509998 -6.05915952 -6.05915952 -5.83313586
 -5.78306311 -6.4380801  -5.6680708  -6.97899965 -5.96423119 -6.23208269
 -6.47090043 -6.05915952 -5.89072827 -6.05915952 -7.14728676 -7.02601773
 -5.95990527 -5.89919759 -5.89919759 -6.99119405 -6.54347927 -6.078364
 -6.9662609  -6.88043377 -6.67007672 -6.14218514 -6.49403867 -6.96667582
 -6.9662609  -6.06604243 -7.01097094 -6.28417302 -5.77980249 -6.17333641
 -6.66239245 -6.97293781 -6.09155147 -5.67426225 -6.02459419 -7.29101674
 -7.19244824 -6.57770812 -6.28417302 -7.35265147 -6.57770812 -7.14106424
 -6.57617797 -6.57617797 -7.08379628 -7.14895271 -6.40893784 -6.74512068
 -5.99459271 -7.42648867 -7.34723249 -5.10460941 -5.76567741 -6.06164533
 -7.34723249 -6.19047321 -6.67489706 -5.89385333 -6.15266789 -6.43970369
 -5.83189083 -5.92599648 -7.18783403 -5.88144871 -5.62237296 -5.84702875
 -6.97110977 -6.73072915 -6.30850555 -5.83723255 -7.14803111 -6.7277269
 -6.15519057 -5.136628   -7.23609719 -5.95235172 -6.09937924 -5.4381823
 -5.76305428 -7.10727151 -6.91551552 -7.07207807 -7.00684419 -5.613967
 -6.16006894 -5.78743328 -5.70459493 -6.04276798 -5.77201726 -5.03317002
 -5.50320682 -6.1098069  -5.50320682 -5.50320682 -5.50320682 -5.5565219
 -5.72420828 -6.51636438 -5.50320682 -5.8842311  -5.43147471 -5.70459493
 -5.50320682 -5.50320682 -5.33951291 -5.33951291 -6.64867197 -6.22480415
 -6.2041793  -5.93257834 -6.64867197 -5.66405595 -5.60471843 -5.74095051
 -4.67843263 -4.67843263 -4.67843263 -4.67843263 -6.2697005  -4.67843263
 -4.67843263 -4.83333497 -5.31576438 -4.93965673 -4.93965673 -4.83333497
 -4.93965673 -4.67843263 -4.32337542 -4.67843263 -4.67843263 -4.67843263]","[0.22762724 0.07330329 0.13326386 0.04365727 0.04046173 0.18017277
 0.08490727 0.18351392 0.09824384 0.10888032 0.08332461 0.07981268
 0.05795199 0.04962849 0.05786822 0.09140684 0.07877509 0.02642414
 0.04397702 0.0987395  0.10511084 0.03565338 0.03413023 0.20768275
 0.10575755 0.17020048 0.04117749 0.14573403 0.02758632 0.09235846
 0.19446537 0.26300889 0.04975676 0.05859714 0.10756927 0.16878932
 0.08447613 0.03616393 0.039286   0.10195167 0.03414956 0.10172293
 0.07058476 0.25221009 0.16429911 0.03515012 0.06768794 0.05584106
 0.06534063 0.07895995 0.06130376 0.04350535 0.05786822 0.07981268
 0.03414956 0.03186201 0.07403792 0.07091762 0.08091268 0.10095866
 0.16429911 0.03883012 0.03764426 0.02414227 0.04365727 0.16551504
 0.03595771 0.05753231 0.07530121 0.02575124 0.07218924 0.09718537
 0.07091762 0.13239043 0.08016601 0.01183432 0.01183432 0.09235846
 0.05711331 0.11510137 0.05728813 0.08259519 0.09155599 0.05046758
 0.30039314 0.07058105 0.14629244 0.13342075 0.07405491 0.07752334
 0.01571356 0.05828189 0.10756541 0.13934914 0.04832913 0.07291937
 0.07339583 0.03883012 0.13292803 0.15274377 0.03236974 0.07752334
 0.03595771 0.23827948 0.02396796 0.10370666 0.09567204 0.14629244
 0.03455868 0.0445992  0.07580933 0.07286359 0.06132545 0.07522681
 0.24166969 0.02260221 0.09437212 0.11711042 0.11711042 0.04650972
 0.09000173 0.05444583 0.04500464 0.10070276 0.09294964 0.24166969
 0.11226378 0.11711042 0.22939425 0.11711042 0.12923026 0.02410372
 0.0374122  0.09207422 0.09207422 0.05224191 0.10457325 0.05182807
 0.21201178 0.16373743 0.09073214 0.11980408 0.2240597  0.05208945
 0.21201178 0.15440027 0.13800359 0.04404996 0.05505005 0.0485065
 0.09354973 0.0606473  0.11396427 0.07388842 0.07567636 0.22967797
 0.04514174 0.2681477  0.04404996 0.08303537 0.2681477  0.00512738
 0.16538101 0.16538101 0.08789034 0.07656124 0.16541245 0.08076129
 0.09690697 0.16376884 0.12189418 0.05804784 0.16965661 0.11683213
 0.12189418 0.09083765 0.27214787 0.04893387 0.13499811 0.20228817
 0.03802235 0.06717235 0.1097475  0.04108401 0.06407678 0.12277564
 0.02405227 0.03689406 0.09739476 0.09757088 0.03591195 0.07071354
 0.08465286 0.04512079 0.08308851 0.19170423 0.11830295 0.07673829
 0.05113155 0.06341403 0.10220153 0.08992121 0.03452119 0.09578067
 0.05320343 0.09222419 0.17884139 0.32627291 0.20851296 0.03872804
 0.08252627 0.13296884 0.08252627 0.08252627 0.08252627 0.19651625
 0.16378368 0.06459787 0.08252627 0.01893352 0.13696217 0.17884139
 0.08252627 0.08252627 0.08221659 0.08221659 0.08025059 0.05953257
 0.32735387 0.33276568 0.08025059 0.0361213  0.04409241 0.07767684
 0.02730426 0.02730426 0.02730426 0.02730426 0.10941099 0.02730426
 0.02730426 0.09649458 0.01448652 0.06417921 0.06417921 0.09649458
 0.06417921 0.02730426 0.31480738 0.02730426 0.02730426 0.02730426]"
5,GradientBoostingRegressor,"[-6.4132314212642845, -6.87640606650613, -7.132106781376649, -5.918964661627851, -6.236140247438854, -6.5366876867612635, -6.349360861876305, -5.931336107686499, -5.893605627458861, -6.938214228565055, -6.522873663890353, -6.080240179622325, -5.896319836264353, -6.0768271635831255, -6.429882572200238, -6.096361010104183, -6.6778926986962475, -5.809868199568606, -6.4441630407530885, -5.947082325168732, -5.947082325168732, -5.812028271872659, -6.174690808998046, -5.982853849652291, -6.567082446322314, -6.0205171436044305, -6.44460925075639, -5.781477319721208, -6.159572390860655, -6.077603731648174, -6.21354642833881, -6.261670575559119, -5.979707846819267, -6.064569553116199, -5.98809135432386, -7.351096612129564, -5.809868199568606, -6.1511292944002305, -6.309516763691631, -6.655793807830045, -6.113946807074555, -6.004928284013178, -6.392038131404232, -6.8334397812264704, -5.970400778584533, -5.781477319721208, -6.431966409736493, -6.897454119122349, -6.999020229280375, -6.870749715402026, -6.842671321458222, -5.8760163244949375, -6.591862639764269, -6.2584974523827315, -6.180558494873991, -5.860119749734507, -6.662098786424833, -6.21354642833881, -6.849222424679465, -6.342815388313914, -6.180698020919696, -6.366207731502215, -5.895781157359648, -6.51757139303743, -6.1797054853088325, -6.159165591298797, -5.809868199568606, -5.88569517875287, -6.141525736863308, -5.998985827035908, -6.95875412257509, -6.999020229280375, -7.055159912822057, -7.055159912822057, -6.947958319305748, -5.8606779747226625, -6.476492766217862, -6.1741874619742925, -6.342815388313914, -7.1991532940632625, -6.259341632039579, -5.9379627235547, -6.424563479672391, -6.897454119122349, -6.411426515726458, -5.966014587294639, -5.824590474781077, -6.210274961915878, -6.279164051768536, -6.3142631008256345, -6.259341632039579, -6.0737468020979435, -6.174690808998046, -6.431966409736493, -6.070012774403083, -5.998202432575886, -7.093022733248977, -5.830105783248306, -5.91386638667705, -6.376182219335974, -6.767158385781047, -6.476426379562544, -6.269127804908114, -6.118673299139872, -7.063727948075594, -7.581716022137285, -6.619281651992296, -6.254081941308943, -6.163400052786163, -6.546481509930923, -6.464229748545948, -6.645040143893323, -6.799819046423186, -5.700712664784759, -5.700712664784759, -7.219693188073298, -7.219693188073298, -6.464296135201266, -6.138998804179008, -6.718497388352336, -5.763329586868337, -6.87436706328827, -6.892624799707326, -7.4640443812345, -6.512304081757344, -6.784157604408072, -5.9101867660946, -6.191694709514908, -6.108631059469722, -6.238998615314835, -6.80654491756231, -6.739037282362371, -7.218980343827801, -5.928006649593297, -6.196222125566568, -6.739037282362371, -7.053974404192752, -5.739754397958674, -5.739754397958674, -6.324789294168196, -6.116665954091283, -6.026601860651414, -6.112036093744443, -5.946524648700624, -6.381232757480452, -6.001701002313371, -6.407802845743538, -5.388226111233707, -6.986197205688338, -6.852093589909892, -6.281784537440444, -6.281784537440444, -6.73505197525464, -6.759110583412625, -5.191238154061875, -5.8042944902693145, -6.149321103594482, -6.6966021698346285, -5.9193489700966655, -6.683602965441862, -6.920499788873901, -6.8277227963831475, -5.337546663485365, -5.397559989685473, -5.494652523580833, -7.189369344935819, -5.390300300382576, -5.814249841466221, -5.696210939746491, -5.115600592534291, -5.485184725834936, -5.521888742959147, -5.677626359110816, -5.677626359110816, -5.677626359110816, -5.736828284874681, -6.542593154302021, -5.8216772969066675, -5.677626359110816, -6.136402519483633, -5.993092568015212, -5.677626359110816, -5.677626359110816, -5.77799572235184, -5.674387488392797, -6.191818822502896, -5.674387488392797, -5.677626359110816, -5.674387488392797, -6.191818822502896, -6.377623962255142, -6.377623962255142, -4.724982190176228, -4.724982190176228, -4.724982190176228, -4.724982190176228, -5.019832724292959, -5.0262166021828785, -5.1902684621414545, -5.1902684621414545, -4.724982190176228, -4.724982190176228, -6.894045813425686, -6.938464578062602, -6.731815421689234, -5.828399337663378, -5.894636366251011, -6.927697058549217, -6.0921766103318085, -5.926759503209039, -6.194780419931752, -6.194780419931752, -6.226509752090039, -5.913900227787519, -5.695065505557211, -6.7103364986272425, -5.805603383920948, -6.739837686670918, -5.752355666410061, -5.848885077703173, -6.344932601757562, -5.96377049779897, -5.668185008243035, -6.186285450007707, -6.073576049715291, -5.68453701049054, -6.136924180944064, -5.823472845928625, -6.362648574215511, -5.93664187048301, -6.157018145881549, -5.866048532358024, -5.803306477527568, -5.7669847327793535, -5.978875969568289, -6.657642809518767, -6.970432978607069, -6.701670368392577, -6.213597931126687, -6.362648574215511, -6.0957842183828586, -6.907860438872617, -5.799768600774863, -5.867700038993013, -6.186741825057657, -5.964690476515815, -6.940388298991204, -5.9765733429774395, -6.157018145881549, -6.130410596531581, -6.069145337421845, -6.078877552771786, -6.598861392506713, -6.639254791190651, -6.011963508699912, -6.683229607932861, -6.584429253744151, -6.437566136512487, -6.069145337421845, -6.48086816908111, -5.759801885555464, -6.097326864948939, -6.189924565637701, -6.276091575073019, -6.269840081004881, -5.885691059365503, -6.620076673921875, -6.1762993794454735, -6.785265739467852, -6.240710950210615, -6.684771086212268, -6.327951166190098, -6.0957842183828586, -6.272646561769446, -7.147042318598836, -6.860327489698008, -6.088715920531646, -5.7669847327793535, -6.103494365045969, -6.98185848911982, -7.147042318598836, -6.794211184566052, -7.098438882350805, -6.4475227057961115, -7.147042318598836, -5.9831367461302145, -6.2877521933056935, -6.326739282023299, -6.183634725101493, -6.190714938715637, -6.3802050940215125, -6.626420111966813, -6.640702530034052, -6.780824440455467, -6.785265739467852, -6.374370035789498, -6.149074530129855, -6.260900130348363, -6.415825659501998, -7.0999766908486865, -6.2448219408386425, -6.412382535542674, -6.753972377498136, -6.5908994195531365, -6.251914813347189, -6.107319096573553, -5.986416855569935, -6.47585460626278, -6.439324417235973, -6.440332658990297, -6.4705292276989494, -6.6369788646452355, -6.930581717489903, -6.6962295310809115, -7.248674235782924, -6.440332658990297, -6.626420111966813, -6.678545045955919, -5.684953769524495, -6.220365721392247, -6.706483186773875, -6.0921766103318085, -6.6962295310809115, -5.726448813929429, -6.698076821563252, -6.162173514640058, -6.792590607747004, -6.792590607747004, -6.130191183514141, -6.379790248975621, -5.875451926232354, -6.523771705003985, -6.523771705003985, -5.896337908802069, -6.121286594071563, -6.2497575207278135, -6.379790248975621, -5.160643991399891, -5.7498211531516095, -5.627869392901703, -6.927097103794739, -6.121038348316041, -6.593991836575681, -6.593991836575681, -6.593991836575681, -6.269658184880045, -6.277186759031849, -6.068391641838828, -5.55774695079474, -6.710268844206246, -6.259358683614592, -6.259358683614592, -6.774826519194565, -6.673685090660834, -6.837296603840177, -5.587134366146553, -6.930231860241322, -5.924804585614008, -6.930231860241322, -5.97706284040606, -6.139039077769498, -6.943877832901796, -6.119969107346692, -6.950023045942412, -5.216045336278911, -5.519986922026101, -5.253589773652892, -5.519986922026101, -5.793166722142286, -5.515566160343792, -5.515566160343792, -5.515566160343792, -5.515566160343792, -5.542639975909962, -5.41688297286519, -5.515566160343792, -5.515566160343792, -5.720139922516045, -5.699126856022801, -6.4069614869338585, -5.699126856022801, -6.407762680644223, -6.190453698369394, -4.776867431222827, -4.776867431222827, -4.776867431222827, -4.776867431222827, -5.221405911040836, -5.221405911040836, -5.221405911040836, -5.067036234300153, -5.067036234300153, -5.398749759707914, -5.398749759707914, -5.00176900900582, -5.221405911040836, -4.776867431222827, -5.168616852663691, -4.776867431222827, -5.168616852663691, -4.776867431222827, -4.776867431222827, -4.776867431222827, -4.776867431222827, -6.940996696115234, -6.468404900226995, -5.9177863939862085, -5.9177863939862085, -6.381207149199061, -6.193941005494755, -6.982557051195017, -6.06712791432354, -6.151623331920856, -5.976423597702573, -6.335653516050648, -6.335653516050648, -6.0417621385956535, -6.057637084893558, -6.086417619784542, -6.0178322658699415, -6.504035400144515, -6.342881707545197, -6.9738744267199095, -6.086417619784542, -6.930906622740818, -6.626245394055862, -6.383698300027673, -5.979876946511795, -5.722781033937196, -6.401723574822671, -6.094236692698638, -5.68495644015396, -6.042638441609044, -5.993745550538705, -6.037469993422955, -6.331820896560073, -5.671196055538704, -5.722781033937196, -7.258022996905504, -6.794069573518238, -5.911502654234925, -7.215393535968773, -6.155415306598802, -6.200992909747173, -6.795635219873146, -6.100381015602825, -5.674393097456432, -6.141622601069759, -5.68495644015396, -6.498834465970734, -7.014414140150658, -5.761095653207478, -6.279964792614626, -6.680664258593235, -6.072637142365722, -6.272699558407224, -6.498834465970734, -6.331820896560073, -6.264577201823658, -7.015679419593313, -7.029457059144228, -5.990063012430144, -7.025369223628385, -7.0472562834297285, -7.051204750388662, -6.6093232834213955, -5.867440065390451, -6.060838092912568, -6.247430744501542, -6.6359404782670435, -6.213197908167174, -6.065833517438366, -6.449837465356588, -5.968723998744795, -6.014213797065802, -5.818799734008308, -7.051344118945572, -7.051344118945572, -5.986562638964716, -5.999850755045758, -7.051344118945572, -7.051344118945572, -6.971921762890129, -5.867440065390451, -6.681080159006987, -6.297376156126667, -6.306496853705191, -5.66523341091327, -5.9739283667748415, -7.051344118945572, -5.832862304649883, -5.949641790451142, -6.228541251277025, -6.540023430979578, -6.540023430979578, -7.051344118945572, -6.329029903302751, -6.444125802823007, -6.264577201823658, -5.96527299430519, -6.376366833084712, -6.681080159006987, -5.858760352892207, -6.200992909747173, -6.36624777212974, -6.329029903302751, -6.329029903302751, -6.415189383143626, -6.324942067786908, -5.821751626391572, -7.075430926761668, -6.681080159006987, -6.974661646846639, -6.243186443285246, -6.139948074115173, -5.870686898433118, -6.442958636583423, -6.356735512885737, -6.304548273593587, -6.442958636583423, -6.415189383143626, -6.325909171210658, -6.804061925051672, -6.442958636583423, -6.444125802823007, -6.664484395822252, -6.804061925051672, -6.444125802823007, -6.791674411997434, -6.442958636583423, -6.819443665437231, -6.791674411997434, -6.804061925051672, -6.126031401543758, -6.804061925051672, -7.264824116208248, -6.730343826663036, -5.752946541029862, -7.249644546939824, -6.385518758468541, -6.76527902302683, -6.335037615224851, -6.440507592787761, -6.674469305564685, -6.462563998468952, -6.767644060630127, -6.666097930606439, -6.4733949084589995, -6.674469305564685, -6.845439726183292, -5.909484370160225, -6.669248632084559, -6.162385630765996, -6.2135967101916805, -6.26255403410881, -6.246105998084096, -5.993585510136906, -5.504860785974258, -6.246105998084096, -6.457168048158678, -6.203937558107746, -6.151469260324765, -6.601125758787779, -6.770360647971128, -6.996797510359712, -6.996797510359712, -6.791963009288359, -6.314904271849705, -5.904785169887401, -6.294582665488828, -5.772502453230247, -5.731906615349946, -5.471188807049172, -5.422175202045634, -5.5191804227693755, -5.733288423594029, -5.589810883806971, -5.589810883806971, -6.284470978112513, -5.589810883806971, -5.589810883806971, -5.704745803941685, -5.589810883806971, -5.589810883806971, -5.589810883806971, -6.450825037603279, -6.450825037603279, -6.450825037603279, -5.732397745690444, -5.897878097881869, -6.160971869154901, -5.732397745690444, -4.790765596216343, -4.790765596216343, -4.790765596216343, -4.790765596216343, -6.108912692577027, -4.790765596216343, -4.790765596216343, -5.028882547885286, -5.010281407372827, -4.790765596216343, -4.790765596216343, -4.790765596216343, -5.010281407372827, -6.4024769000872945, -7.153934959841917, -6.244809346202617, -7.274945568889475, -6.128018786131371, -6.108388948659627, -5.952041743215211, -6.044764149111852, -5.78024585285858, -6.411505473627031, -5.8709316857129705, -5.958040695949947, -5.919657221825837, -5.919657221825837, -5.8709316857129705, -6.056952324714395, -5.751130453433809, -6.3451197021421395, -6.422385366684749, -5.679405100472446, -7.28928715878494, -6.170503243936553, -5.7528618538669605, -5.994870242998874, -6.201112486505136, -6.914702609977771, -6.824268272357486, -6.555703283974331, -5.957165250380167, -6.155842769534295, -6.097194765777351, -5.883647688449393, -5.883647688449393, -5.829077437364002, -6.601526196914672, -5.760167318948699, -7.266656777516059, -5.937280143422958, -6.200702888370287, -5.868376815333265, -6.200702888370287, -5.97988121379009, -5.996897528767294, -6.33443996967157, -6.179328861158273, -6.235478054777664, -5.716139050235415, -6.221558866309966, -5.915791804548963, -6.75571896213511, -6.069049287568663, -6.1496407128356925, -6.099811334164439, -5.781086871111699, -5.795178585976233, -6.14035247661886, -6.054951215328447, -6.119873231691492, -5.915791804548963, -5.784313391287657, -5.848559782691786, -5.657531889914796, -5.795180876660206, -7.000686142420492, -6.349957083558344, -6.349957083558344, -6.051099659212413, -5.85179074989059, -6.4213064231541575, -7.037558912149547, -6.45710938314282, -6.209861091567046, -6.152322267691729, -5.795180876660206, -6.9822751707517, -5.886048459072794, -7.0924290700373716, -6.700301977404128, -6.3444391441232435, -5.854697287325803, -5.780827708590668, -5.921704562389207, -5.921704562389207, -5.797639649921256, -6.37073617362793, -6.056828627624385, -5.899906599922578, -6.0455801202574735, -6.373978756319937, -6.400880309208233, -6.511831032058545, -7.0924290700373716, -6.465213310957221, -6.92161251537488, -6.752478568998933, -6.460775409685132, -6.446223016639858, -6.511831032058545, -6.331129156857496, -6.511831032058545, -6.43033413995437, -5.854697287325803, -6.538128061563231, -6.3479174678017, -6.593037421749651, -6.32603495943825, -7.038394813399684, -6.511831032058545, -6.574750953726222, -6.804513338754754, -6.759159247972618, -6.275405018628347, -6.247622192366515, -5.465570833349591, -6.334561371735956, -6.199843727119141, -6.028991597483757, -6.599216911656518, -6.790393366482064, -6.908532927703447, -6.869130987076765, -6.830145966939997, -5.904654565247146, -5.580267727865782, -6.875743235016729, -7.019304387051962, -6.030754541635802, -6.8363412943900475, -7.019304387051962, -6.576500824110277, -6.787006410042962, -4.99298422586165, -6.576500824110277, -6.3693026910179755, -6.757463528559796, -5.849995411590256, -6.9484837379549935, -6.868131393705176, -6.344108212085579, -5.373031083251047, -6.241936815374442, -5.5429182541102, -6.179738561175958, -6.449565660239113, -6.449565660239113, -6.997735845319765, -5.273145849691511, -6.61171679265817, -6.997735845319765, -6.997735845319765, -6.170300844618886, -5.516304763372832, -6.5082407084692875, -6.626738728761166, -6.61171679265817, -6.6270583434308294, -6.0201826070201045, -5.2773673282594205, -6.760597209632428, -6.403937852597237, -6.601094372383431, -5.12012852398176, -5.726859243610858, -5.819639426753682, -5.591106199884363, -5.537831801509438, -5.227929099764699, -5.447824566814046, -5.447824566814046, -5.237508865422466, -5.3462804296468605, -6.425276679631132, -5.447824566814046, -5.714018955126983, -5.3462804296468605, -5.3462804296468605, -5.447824566814046, -5.447824566814046, -5.447824566814046, -5.447824566814046, -6.427370624133288, -7.026305969197893, -6.58549792089402, -6.58549792089402, -5.72531948893831, -7.046361911203191, -6.58549792089402, -6.105702131840486, -5.2713097714799035, -6.032502138880224, -4.784147336442407, -4.784147336442407, -5.235059484131973, -5.235059484131973, -5.0339747933229795, -4.761580067975315, -4.784147336442407, -4.784147336442407, -4.784147336442407, -4.761580067975315, -5.208436591251632, -6.810254197505069, -6.91552670185814, -6.133831252022987, -6.844228503381044, -6.5151668234394124, -5.8058945392569035, -5.890441961267003, -6.0432239504302485, -6.8529030363612, -6.53362395675377, -7.048499695350141, -6.210754326519995, -6.108157938875782, -6.056820352308773, -6.473725292306427, -5.843260867102833, -6.365769989752018, -5.975451826191909, -6.062465442491075, -6.062465442491075, -5.86466978564325, -5.8610961694818, -6.298266441956684, -5.86466978564325, -6.28821599939426, -5.767709004314645, -5.786834242070593, -6.215720131273686, -6.7361870980127865, -5.82066842001119, -6.067882292490336, -6.888111832534755, -6.549987201101271, -6.384444068552145, -5.764673140951016, -6.051653224533838, -6.951663350591602, -5.975451826191909, -6.155836708530267, -7.5035191740592655, -6.094543382014497, -6.166712410828813, -5.885994360474994, -6.0904064407737595, -6.1393353190763955, -7.019415804542611, -6.643534250930409, -6.32835056649602, -5.913595037909495, -5.843260867102833, -6.189388821279583, -7.141567607001721, -7.010814194200297, -7.010814194200297, -6.5063503234155675, -5.781354108373476, -6.094543382014497, -5.786834242070593, -5.8496294392611405, -5.9522469264299325, -6.297423670918587, -6.484307485885558, -6.306874707591473, -5.851688279180138, -7.050911189978858, -6.163770120942509, -7.591194838367228, -6.349937360667689, -7.075336018456338, -5.8436245410959256, -5.8177668090540955, -5.8177668090540955, -7.074747706875883, -6.484307485885558, -5.896375661406526, -5.9522469264299325, -6.424919204797776, -6.092765875789836, -7.104483988317788, -6.317452529479189, -7.083300274135861, -6.74551156357836, -5.832807155436205, -5.977379137567073, -6.3327383922169815, -5.743764090228668, -7.582581869804669, -6.067018095313733, -6.201745431965204, -6.3655043475012025, -6.391633674377527, -6.409269757319827, -6.182863957856218, -6.059713565501453, -6.510982472258747, -6.208539973066048, -6.459545612298458, -6.3298091401648096, -6.425041788976332, -6.425041788976332, -6.409269757319827, -6.510008326079443, -6.54354865094699, -6.432204189893164, -6.439822230585156, -6.353718601666764, -6.611694431136411, -6.360647199329749, -6.742976819034681, -5.719166999026973, -7.116244076622641, -6.170507347170597, -6.669694566406129, -6.8039559877103795, -6.344874931529239, -7.245724352721891, -6.485683476933603, -7.028807256913297, -6.978191033207828, -6.541085869513885, -6.7992671990705595, -5.81845973076579, -6.127663958397206, -6.788936835746893, -6.737015716961015, -5.946929891983797, -6.058382803171478, -6.127663958397206, -6.743219046510214, -6.068334191956297, -7.087936379160244, -6.649385895256484, -6.798450119125973, -5.887994109057698, -6.8453773095354995, -6.81723809198054, -6.779933899571384, -6.8021184229752105, -6.716327215410546, -6.522792295998034, -6.5328286422101, -5.94418542176154, -5.289335055985373, -6.322159047488078, -7.252278246896946, -7.252278246896946, -6.100026586884449, -6.95739072009983, -5.71066502079675, -6.447182114730409, -6.447182114730409, -5.167982251555206, -6.829184939433675, -6.939704395480612, -6.087561370534683, -6.099807587173069, -5.16082412652714, -6.638428849126987, -5.219184515160975, -5.142825048678354, -5.298858929288145, -5.958237309344801, -5.301806258350792, -5.301806258350792, -5.768014467508962, -5.306598862122383, -5.631098942222212, -5.631098942222212, -5.631098942222212, -5.631098942222212, -5.631098942222212, -5.86007230582618, -5.858812213646164, -5.631098942222212, -5.631098942222212, -5.97836959172389, -5.631098942222212, -6.45074480034397, -6.45074480034397, -6.452327212478037, -5.824639145776391, -6.17362020286574, -6.3916483717752595, -6.3916483717752595, -5.7834503924993275, -5.7834503924993275, -4.7459233216456695, -4.7459233216456695, -4.7459233216456695, -6.291115435524916, -6.291115435524916, -5.909864140270074, -4.9326307708539545, -5.169275295338644, -5.100846775655505, -5.2082123059857395, -5.100846775655505, -5.100846775655505, -4.9326307708539545, -4.7459233216456695, -5.169275295338644]","0     -7.22
1     -6.21
2     -7.24
3     -5.92
4     -5.96
       ... 
247   -6.00
248   -3.99
249   -5.24
250   -4.77
251   -4.71
Name: Permeability, Length: 252, dtype: float64","[array([-6.41323142, -6.77880317, -6.42987458, -5.86011975, -5.86515528,
       -6.90866427, -6.47734578, -6.78205969, -6.180668  , -6.18772282,
       -6.20059259, -5.86912161, -5.91386639, -6.87064021, -5.88850991,
       -6.02674019, -6.42442569, -6.65579381, -6.17469081, -6.15107301,
       -6.54842736, -6.31536959, -5.71659245, -6.80188872, -6.26898999,
       -5.73921794, -6.17304306, -5.8098682 , -6.46143171, -6.19358295,
       -6.48969093, -7.27503308, -5.9420099 , -6.41768594, -5.84844288,
       -7.10940126, -6.15799936, -6.16632327, -5.88569518, -6.24140669,
       -6.75291731, -6.06329363, -5.98285385, -6.7285803 , -6.00293282,
       -6.25218443, -6.41768594, -6.26884901, -5.89570334, -5.81861651,
       -6.80699787, -6.7291098 , -5.88850991, -5.86912161, -6.75291731,
       -6.43196641, -7.10199833, -6.18011228, -5.97028337, -7.04429944,
       -6.00293282, -6.18055849, -5.78147732, -5.96489583, -5.86011975,
       -6.1932623 , -6.92104506, -5.6842481 , -6.15916559, -6.49788567,
       -5.90993232, -6.84922242, -6.18011228, -6.75850458, -6.13573703,
       -5.8775816 , -5.8775816 , -6.19358295, -6.05825385, -6.39853746,
       -6.20254158, -5.83219519, -6.1590992 , -6.58378903, -5.8098682 ,
       -5.96361125, -6.98758589, -6.06990818, -7.05515991, -6.95875412,
       -6.78302538, -6.96592307, -6.25953851, -5.86067797, -6.08125057,
       -6.78823711, -6.1986179 , -6.18055849, -6.12879697, -6.07262521,
       -7.0017679 , -6.95875412, -6.92104506, -6.41003613, -5.922774  ,
       -6.51727525, -6.13997283, -6.98758589, -6.44368985, -6.47649277,
       -6.21027496, -5.94757153, -6.39853746, -6.29939901, -6.30139114,
       -5.95273525, -7.09302273, -6.36930468, -6.36930468, -6.16037922,
       -6.03723617, -6.47642638, -5.98846106, -6.72056086, -6.06495228,
       -6.30139114, -6.37618222, -6.36930468, -6.39672211, -6.36930468,
       -6.95875412, -7.01685101, -5.96128673, -6.46429614, -6.46429614,
       -6.87436706, -6.54648151, -6.22283115, -6.78631953, -7.03824745,
       -6.46429614, -5.99194027, -6.60348613, -6.79750416, -6.78631953,
       -6.2312206 , -6.8926248 , -6.33514971, -6.13299712, -6.43196641,
       -6.84845394, -6.77856111, -6.38203426, -5.50844095, -6.17142459,
       -6.49703266, -6.79966738, -6.10863106, -6.33514971, -6.76000111,
       -6.10863106, -7.12772928, -6.61840973, -6.61840973, -6.77381513,
       -6.65135696, -6.37609977, -6.53571374, -6.26427236, -6.80746431,
       -7.0539744 , -5.13883017, -6.21676202, -6.46693216, -7.0539744 ,
       -5.7397544 , -6.4088651 , -6.13843222, -6.01621689, -5.98259825,
       -5.90249318, -6.15011693, -6.70546287, -6.0473827 , -5.35635501,
       -6.22563585, -6.84505998, -6.61617915, -6.51192915, -6.001701  ,
       -6.67700196, -6.71921764, -6.08469217, -5.20131261, -6.82352842,
       -6.20974511, -6.12863666, -5.23602061, -6.12878121, -6.73678895,
       -6.68360297, -6.75036722, -6.97881279, -5.55346901, -6.33841276,
       -7.18936934, -5.63260204, -6.37856937, -5.6241765 , -5.18600733,
       -5.67762636, -5.93418476, -5.67762636, -5.67762636, -5.67762636,
       -5.73682828, -5.77799572, -6.54259315, -5.67762636, -5.69621094,
       -5.52893251, -5.63260204, -5.67762636, -5.67762636, -5.49407359,
       -5.49407359, -6.54941932, -6.19181882, -6.1323244 , -5.99309257,
       -6.54941932, -5.78234494, -5.67438749, -5.85978124, -4.72498219,
       -4.72498219, -4.72498219, -4.72498219, -6.37762396, -4.72498219,
       -4.72498219, -5.01983272, -5.2643908 , -5.19026846, -5.19026846,
       -5.01983272, -5.19026846, -4.72498219, -4.15734112, -4.72498219,
       -4.72498219, -4.72498219]), array([-6.75689252, -6.82539692, -6.70621336, -5.82839934, -5.79188097,
       -6.8497932 , -6.38396874, -6.45457706, -6.18526705, -6.26994312,
       -6.18946535, -5.83199988, -5.88569106, -6.85561751, -5.86798786,
       -6.05040848, -6.35455357, -6.7266101 , -6.10713299, -6.20868306,
       -6.44674358, -6.30425883, -5.66818501, -6.52317003, -6.04995739,
       -5.76698473, -6.13102435, -5.75235567, -6.52080839, -6.14244986,
       -7.05298664, -6.78612981, -5.9267595 , -6.27264656, -5.738354  ,
       -6.7512632 , -6.09656108, -6.19366325, -5.80330648, -6.18437411,
       -6.68477109, -6.04161365, -6.06914534, -6.41015829, -6.21359793,
       -6.13144537, -6.2568683 , -6.24309559, -5.87428812, -5.85420718,
       -6.66719293, -6.97078115, -5.86798786, -5.83199988, -6.68477109,
       -6.35202955, -6.71334077, -6.16814519, -5.99491848, -7.07357414,
       -6.21359793, -6.22010857, -5.76698473, -5.88578605, -5.82839934,
       -6.10786753, -6.79421118, -5.75980189, -6.14279947, -6.36264857,
       -5.85268676, -6.98185849, -6.16814519, -6.86075436, -6.0095234 ,
       -5.75648011, -5.75648011, -6.14244986, -5.93550419, -6.42383597,
       -6.36568283, -5.74453484, -6.22585511, -6.52462261, -5.78276299,
       -5.73356617, -7.09843888, -5.94495901, -7.14704232, -6.98185849,
       -6.78526574, -6.86032749, -6.22036572, -5.86239207, -5.96670419,
       -6.6925538 , -5.95280248, -6.22010857, -6.00290932, -6.00046254,
       -7.14704232, -6.98185849, -6.79421118, -6.43071139, -5.92685521,
       -6.18946438, -6.15270244, -7.09843888, -6.44752271, -6.38020509,
       -6.19984102, -5.92724733, -6.3603639 , -6.48282935, -6.18628415,
       -5.98548679, -7.23109731, -6.29119532, -6.29119532, -6.12553211,
       -5.8761907 , -6.44219733, -5.55612865, -6.7219025 , -5.96977404,
       -6.18628415, -6.41582566, -6.29119532, -6.44267772, -6.29119532,
       -6.98185849, -6.85961867, -5.86754338, -6.41238254, -6.41238254,
       -6.71165608, -6.47675715, -6.34809439, -6.75397238, -7.1700192 ,
       -6.47585461, -6.19333996, -6.7822726 , -6.62642011, -6.75397238,
       -6.31100476, -6.81760817, -6.57128349, -6.09948582, -6.33506214,
       -6.78975667, -6.61165135, -6.47618856, -5.45079145, -6.14546814,
       -6.47052923, -6.73961123, -6.10349437, -6.57128349, -6.6396065 ,
       -6.10349437, -7.06724119, -6.52377171, -6.52377171, -6.65503305,
       -6.62738607, -6.3169723 , -6.43919352, -6.11194153, -6.69807682,
       -7.13604194, -5.05845356, -6.18628545, -6.31631818, -7.13604194,
       -6.10118803, -6.34193862, -6.13019118, -5.98120127, -6.37830956,
       -6.03282466, -6.16020906, -6.73370953, -5.99653259, -5.43876815,
       -6.27718676, -6.71026884, -6.67340715, -6.41682631, -5.9446592 ,
       -6.77482652, -6.8372966 , -6.05734051, -5.22821489, -6.93023186,
       -6.15335943, -6.11211247, -5.35648537, -6.13903908, -6.73873675,
       -6.74952053, -6.65438831, -7.10906166, -5.58379603, -6.19177286,
       -6.16383161, -5.71862696, -6.5080447 , -5.57736981, -5.19489521,
       -5.51556616, -5.85235439, -5.51556616, -5.51556616, -5.51556616,
       -5.54263998, -5.5943285 , -6.40356588, -5.51556616, -5.80375169,
       -5.41758125, -5.71862696, -5.51556616, -5.51556616, -5.30437187,
       -5.30437187, -6.40696149, -6.1904537 , -6.07609559, -5.9649348 ,
       -6.40696149, -5.74256093, -5.69912686, -5.86866508, -4.77686743,
       -4.77686743, -4.77686743, -4.77686743, -6.11357035, -4.77686743,
       -4.77686743, -5.00176901, -5.22140591, -5.39874976, -5.39874976,
       -5.00176901, -5.39874976, -4.77686743, -4.12173578, -4.77686743,
       -4.77686743, -4.77686743]), array([-6.63898999, -6.6430281 , -6.74285297, -5.89150427, -5.76817389,
       -7.08783129, -6.54373075, -6.56274569, -6.06393138, -6.37932381,
       -6.14706155, -5.79393997, -5.81778118, -6.98255705, -5.89806336,
       -6.04762298, -6.30351729, -6.71768849, -6.08641762, -6.24472634,
       -6.40873513, -6.28227042, -5.67908762, -6.6211209 , -6.00069448,
       -5.72278103, -6.13064641, -5.72278103, -6.62624539, -6.13064641,
       -6.99791945, -6.90214895, -5.91778639, -6.25430095, -5.77178396,
       -7.17002299, -6.16847101, -6.27269956, -5.80996893, -6.10247661,
       -6.71485457, -6.0359559 , -5.98818773, -6.7590927 , -6.0015341 ,
       -6.04251895, -6.29212554, -6.2426756 , -5.86744007, -5.79010615,
       -6.78095235, -6.81871516, -5.89806336, -5.79393997, -6.71485457,
       -6.3318209 , -7.15920523, -6.094587  , -5.90796672, -7.13324849,
       -6.0015341 , -6.30649685, -5.72278103, -5.87247609, -5.89150427,
       -6.22802642, -6.9564777 , -5.53876803, -6.11385335, -6.53685192,
       -5.92513061, -7.00128242, -6.094587  , -6.91638382, -6.05289382,
       -5.87387456, -5.87387456, -6.13064641, -5.96894402, -6.36135948,
       -6.13900784, -5.77417101, -6.11596673, -6.70230899, -5.68495644,
       -5.98406136, -7.04357384, -6.07283858, -7.07543093, -7.05134412,
       -6.68108016, -7.0353918 , -6.19343788, -5.83929679, -6.080611  ,
       -6.65331091, -6.24107605, -6.30649685, -6.25936739, -6.21319791,
       -7.02945706, -7.05134412, -6.9564777 , -6.48051241, -5.91211331,
       -6.19387446, -6.00393754, -7.04357384, -6.4441258 , -6.41518938,
       -6.21698312, -5.92402892, -6.33359022, -6.41746294, -6.13994807,
       -5.98590459, -7.06817106, -6.3290299 , -6.3290299 , -6.14802813,
       -6.06583352, -6.4441258 , -5.70692092, -6.74399168, -5.94622853,
       -6.13994807, -6.41518938, -6.3290299 , -6.41518938, -6.3290299 ,
       -7.05134412, -7.0353918 , -5.86665506, -6.41518938, -6.41518938,
       -6.80406193, -6.38637345, -6.32590917, -6.80406193, -7.11673439,
       -6.44295864, -6.26013493, -6.42898692, -6.72817872, -6.80406193,
       -6.16020903, -6.81944367, -6.43449663, -5.97422419, -6.32494207,
       -6.79167441, -6.69203274, -6.22045095, -5.47333599, -6.16566863,
       -6.44295864, -6.76764406, -6.06734601, -6.43449663, -6.65561487,
       -6.06734601, -7.05058718, -6.67446931, -6.67446931, -6.62815679,
       -6.66609793, -6.47118328, -6.54205862, -6.30855095, -6.84531479,
       -7.2229035 , -5.14542625, -6.19705873, -6.462564  , -7.2229035 ,
       -6.11151246, -6.46629366, -6.2449303 , -5.95960126, -6.28011223,
       -6.06735739, -6.18888682, -6.77924905, -6.01778397, -5.51718842,
       -6.20393756, -6.99679751, -6.70991886, -6.60112576, -6.05712805,
       -6.78590493, -6.81656023, -6.0310761 , -5.27956189, -6.90468858,
       -6.31490427, -6.13770888, -5.38059375, -6.29458267, -6.77924905,
       -6.81311739, -6.84339148, -7.04409753, -5.58837733, -6.53067654,
       -6.11013054, -5.75813478, -6.54620491, -5.5875608 , -5.25182529,
       -5.58981088, -5.72729274, -5.58981088, -5.58981088, -5.58981088,
       -5.61534856, -5.633676  , -6.28447098, -5.58981088, -5.73328842,
       -5.47783755, -5.75813478, -5.58981088, -5.58981088, -5.4221752 ,
       -5.4221752 , -6.45082504, -6.16097187, -6.10793055, -5.97281218,
       -6.45082504, -5.8978781 , -5.73239775, -5.67676769, -4.7907656 ,
       -4.7907656 , -4.7907656 , -4.7907656 , -6.10891269, -4.7907656 ,
       -4.7907656 , -5.02888255, -5.2716417 , -5.17312376, -5.17312376,
       -5.02888255, -5.17312376, -4.7907656 , -4.36328703, -4.7907656 ,
       -4.7907656 , -4.7907656 ]), array([-6.4024769 , -6.65969227, -6.42253644, -5.87093169, -5.73941766,
       -7.13005215, -6.57353407, -6.37401048, -6.18840724, -6.13086082,
       -6.18388052, -5.79196094, -5.86350354, -6.84967684, -5.8391864 ,
       -6.02637987, -6.33783097, -6.57888972, -6.09719477, -6.07921957,
       -6.37334817, -6.26329882, -5.75113045, -6.70923982, -6.09902935,
       -5.70954426, -6.17581356, -5.75286185, -6.6015262 , -6.20070289,
       -6.77011279, -6.62468262, -5.93361371, -6.30757056, -5.80379739,
       -7.1278603 , -6.15584277, -6.24820134, -5.79518088, -6.14736581,
       -6.82401034, -6.01507794, -5.99487024, -6.47102853, -5.99696477,
       -6.20917285, -6.2895966 , -6.33668864, -5.9157918 , -5.92909605,
       -6.97639508, -6.80546719, -5.8391864 , -5.79196094, -6.82401034,
       -6.34795234, -6.8592531 , -6.17704125, -5.98814422, -6.96023545,
       -5.99696477, -6.26652657, -5.78024585, -5.81721645, -5.87093169,
       -6.21488561, -6.78703446, -5.80124749, -6.14035248, -6.55570328,
       -5.79607061, -7.0105249 , -6.17704125, -6.82140009, -6.01269046,
       -5.82907744, -5.82907744, -6.20070289, -5.90870797, -6.52369533,
       -6.31628302, -5.73365433, -6.19078265, -6.57448645, -5.80993489,
       -5.72469944, -7.03839481, -6.0726672 , -7.09242907, -7.0547204 ,
       -6.74270098, -6.95962463, -6.18906917, -5.79486908, -6.26466296,
       -6.7445773 , -6.15682115, -6.26652657, -6.16904025, -6.15434295,
       -7.09242907, -7.0547204 , -6.78703446, -6.37073617, -5.95087653,
       -6.32228862, -6.10787805, -7.03839481, -6.52423025, -6.49208654,
       -6.20334741, -5.8999066 , -6.46077541, -6.32037253, -6.40088031,
       -5.92542438, -7.12329457, -6.2930982 , -6.2930982 , -6.20568892,
       -5.84201263, -6.5189881 , -5.7182723 , -6.85997278, -6.03916716,
       -6.40088031, -6.47380008, -6.2930982 , -6.51183103, -6.2930982 ,
       -7.0547204 , -6.94790954, -5.834909  , -6.51183103, -6.51183103,
       -6.86263832, -6.61439835, -6.31910385, -6.86913099, -7.38678809,
       -6.57475095, -5.8595301 , -6.46521331, -6.75915925, -6.86913099,
       -6.46012083, -6.86446652, -6.33976962, -6.12018866, -6.36970157,
       -6.83634129, -6.70176324, -6.43367379, -5.38235324, -6.08811829,
       -6.59303742, -6.85062446, -6.12338356, -6.33976962, -6.79039337,
       -6.12338356, -7.01930439, -6.57650082, -6.57650082, -6.80867983,
       -6.38477754, -6.20296661, -6.42952356, -6.22764991, -6.9903692 ,
       -6.75746353, -5.24501578, -6.17869166, -6.37117901, -6.75746353,
       -6.19435708, -6.32774992, -6.1969965 , -5.97332805, -6.4104528 ,
       -6.019134  , -5.99797374, -6.50824071, -6.05193622, -5.57712062,
       -6.17973856, -6.69517741, -6.69877313, -6.44956566, -5.95593103,
       -6.62673873, -6.61171679, -6.16927378, -5.23514798, -6.87626581,
       -6.14805147, -6.03063416, -5.43670599, -6.02018261, -6.51107013,
       -6.61652167, -6.60109437, -6.91397448, -5.67406731, -6.22699629,
       -6.05019447, -5.72531949, -6.47072275, -5.72886557, -5.18119999,
       -5.44782457, -6.15316957, -5.44782457, -5.44782457, -5.44782457,
       -5.23750887, -5.34628043, -6.42527668, -5.44782457, -5.79383882,
       -5.63426896, -5.72531949, -5.44782457, -5.44782457, -5.71401896,
       -5.71401896, -6.58549792, -6.1695945 , -6.49914018, -6.16588828,
       -6.58549792, -5.76088889, -5.71792755, -5.87373412, -4.78414734,
       -4.78414734, -4.78414734, -4.78414734, -6.03250214, -4.78414734,
       -4.78414734, -4.76158007, -5.23505948, -5.20843659, -5.20843659,
       -4.76158007, -5.20843659, -4.78414734, -4.1887595 , -4.78414734,
       -4.78414734, -4.78414734]), array([-6.8810809 , -6.88235203, -6.64362004, -5.80409429, -5.81836268,
       -6.65955234, -6.38236457, -6.18150517, -6.24467423, -6.17972921,
       -6.14419122, -5.77750809, -5.82129664, -6.85290304, -5.9039841 ,
       -6.08194849, -6.34338188, -6.85061606, -6.14002057, -6.13344259,
       -6.48394465, -6.20964232, -5.69358844, -6.2133678 , -6.11945375,
       -5.767709  , -6.08145871, -5.76467314, -6.50368634, -6.08912653,
       -7.1963378 , -6.28512156, -5.83364993, -6.30687471, -5.77753656,
       -7.04210181, -6.06246544, -6.17289524, -5.84326087, -6.15192074,
       -6.64353425, -6.05597758, -5.97545183, -6.25806773, -6.06918561,
       -6.11892855, -6.29209427, -6.21572013, -5.83640165, -5.89381091,
       -6.79903814, -6.88811183, -5.9039841 , -5.77750809, -6.64353425,
       -6.3187805 , -6.964746  , -6.1472217 , -6.01655674, -6.81055902,
       -6.06918561, -6.2137848 , -5.74949148, -5.86911739, -5.80409429,
       -6.21247567, -6.93095163, -5.59979234, -6.18938882, -6.40399029,
       -5.83714958, -6.95914494, -6.1472217 , -6.84350485, -5.94616053,
       -5.78683424, -5.78683424, -6.08912653, -5.89044196, -6.40623616,
       -6.20788153, -5.91359504, -6.16091556, -6.5702529 , -5.78135411,
       -6.0090776 , -7.10448399, -6.06882801, -7.08330027, -7.01829579,
       -6.74551156, -7.04246763, -6.2055505 , -5.81776681, -6.19452342,
       -6.75270376, -6.20560794, -6.2137848 , -6.20163521, -6.15858773,
       -7.05408705, -7.01829579, -6.93095163, -6.37854706, -5.89829141,
       -6.26139991, -6.11303355, -7.10448399, -6.45715177, -6.42453637,
       -6.14162199, -5.86618813, -6.39861811, -6.28106102, -6.24119622,
       -5.90303845, -7.20954055, -6.40761328, -6.40761328, -6.1802701 ,
       -6.04743368, -6.46184056, -5.79994351, -6.82303193, -5.93025387,
       -6.24119622, -6.51000833, -6.40761328, -6.54354865, -6.40761328,
       -7.05091119, -7.06521305, -5.87069204, -6.43220419, -6.43220419,
       -6.80395599, -6.52718721, -6.24761538, -6.87707134, -6.83457163,
       -6.43982223, -6.28324587, -6.77896782, -6.80122911, -6.87707134,
       -6.39290668, -6.78893684, -6.28568749, -6.04433765, -6.33273839,
       -6.92553013, -6.66500578, -6.38556749, -5.45786023, -6.19026463,
       -6.44451102, -6.81723809, -6.06833419, -6.28568749, -6.75699947,
       -6.06833419, -7.08793638, -6.6493859 , -6.6493859 , -6.73247503,
       -6.49652344, -6.41367566, -6.5227923 , -6.21886007, -6.85118579,
       -7.02959279, -5.14361083, -6.20262124, -6.53282864, -7.02959279,
       -6.06712899, -6.32215905, -6.17902384, -6.13123138, -6.16377009,
       -5.96049002, -6.1651646 , -6.67897234, -6.04040025, -5.45185965,
       -6.2576874 , -6.83624911, -6.61847829, -6.44718211, -5.97065111,
       -6.81847281, -6.78460723, -6.07843738, -5.16798225, -6.9397044 ,
       -6.24686904, -6.17418722, -5.32360866, -6.09980759, -6.69023151,
       -6.70464583, -6.63842885, -6.99748568, -5.53445703, -6.32469645,
       -5.90596332, -5.78714999, -5.95823731, -5.30180626, -5.30659886,
       -5.63109894, -6.09216061, -5.63109894, -5.63109894, -5.63109894,
       -5.62196117, -5.85881221, -6.44750799, -5.63109894, -5.73879123,
       -5.53522672, -5.78714999, -5.63109894, -5.63109894, -5.43292308,
       -5.43292308, -6.39164837, -6.18020933, -5.80591427, -6.01557083,
       -6.39164837, -5.79865359, -5.78345039, -5.74438128, -4.74592332,
       -4.74592332, -4.74592332, -4.74592332, -6.29111544, -4.74592332,
       -4.74592332, -4.93263077, -5.1692753 , -5.20821231, -5.20821231,
       -4.93263077, -5.20821231, -4.74592332, -5.90986414, -4.74592332,
       -4.74592332, -4.74592332])]","[-6.61853435 -6.7578545  -6.58901948 -5.85100987 -5.7965981  -6.92717865
 -6.47218878 -6.47097962 -6.17258958 -6.22951596 -6.17303825 -5.8129061
 -5.86042776 -6.88227893 -5.87954633 -6.04662    -6.35274188 -6.70591964
 -6.12109135 -6.16342891 -6.45223978 -6.274968   -5.70171679 -6.57375745
 -6.10762499 -5.74124739 -6.13839722 -5.76050798 -6.54273961 -6.15130173
 -6.90140952 -6.77462321 -5.91076389 -6.31181574 -5.78798296 -7.04012991
 -6.12826793 -6.21075653 -5.82748247 -6.16550879 -6.72401751 -6.04238374
 -6.0021018  -6.52538551 -6.05684305 -6.15085003 -6.30967413 -6.26140579
 -5.877925   -5.85716736 -6.80611527 -6.84243703 -5.87954633 -5.8129061
 -6.72401751 -6.35650994 -6.95970869 -6.15342149 -5.97557391 -7.00438331
 -6.05684305 -6.23749506 -5.76019608 -5.88189836 -5.85100987 -6.19130351
 -6.87794401 -5.67677157 -6.14911194 -6.47141595 -5.86419398 -6.96040664
 -6.15342149 -6.84010954 -6.03140105 -5.82476959 -5.82476959 -6.15130173
 -5.9523704  -6.42273288 -6.24627936 -5.79963008 -6.17052385 -6.591092
 -5.77377533 -5.88300316 -7.05449548 -6.0458402  -7.0906725  -7.01299458
 -6.74751676 -6.97274692 -6.21359236 -5.83500055 -6.11755043 -6.72627658
 -6.15098511 -6.23749506 -6.15234983 -6.11984327 -7.06495668 -7.01299458
 -6.87794401 -6.41410863 -5.92218209 -6.29686052 -6.10350488 -7.05449548
 -6.46334408 -6.43770203 -6.1944137  -5.9129885  -6.39037702 -6.36022497
 -6.25393998 -5.95051789 -7.14502524 -6.33804828 -6.33804828 -6.16397969
 -5.97374134 -6.46871563 -5.75394529 -6.77389195 -5.99007518 -6.25393998
 -6.43820113 -6.33804828 -6.46199378 -6.33804828 -7.01951766 -6.98499681
 -5.88021724 -6.44718066 -6.44718066 -6.81133588 -6.51023954 -6.29271079
 -6.81811123 -7.10927215 -6.47953651 -6.11763823 -6.61178536 -6.74249827
 -6.81811123 -6.31109238 -6.836616   -6.39327739 -6.07424669 -6.35888212
 -6.83835129 -6.68980284 -6.37958301 -5.45455637 -6.15218886 -6.48961379
 -6.79495705 -6.09423784 -6.39327739 -6.72052306 -6.09423784 -7.07055968
 -6.60850749 -6.60850749 -6.71963197 -6.56522839 -6.35617952 -6.49385635
 -6.22625496 -6.83848218 -7.03999523 -5.14626732 -6.19628382 -6.4299644
 -7.03999523 -6.04278819 -6.37340127 -6.17791481 -6.01231577 -6.24304859
 -5.99645985 -6.13247023 -6.6811269  -6.03080715 -5.46825837 -6.22883723
 -6.81671057 -6.66335132 -6.4853258  -5.98601408 -6.73658899 -6.7538797
 -6.08416399 -5.22244393 -6.89488381 -6.21458587 -6.11665588 -5.34668288
 -6.13647863 -6.69121528 -6.71348168 -6.69753405 -7.00868643 -5.58683334
 -6.32251098 -6.28389786 -5.72436665 -6.37235581 -5.56395579 -5.22410534
 -5.57238538 -5.95183241 -5.57238538 -5.57238538 -5.57238538 -5.55085737
 -5.64221857 -6.42068293 -5.57238538 -5.75317622 -5.5187694  -5.72436665
 -5.57238538 -5.57238538 -5.47351254 -5.47351254 -6.47687043 -6.17860964
 -6.124281   -6.02245973 -6.47687043 -5.79646529 -5.72145801 -5.80466588
 -4.76453718 -4.76453718 -4.76453718 -4.76453718 -6.18474492 -4.76453718
 -4.76453718 -4.94893902 -5.23235464 -5.23575818 -5.23575818 -4.94893902
 -5.23575818 -4.76453718 -4.54819751 -4.76453718 -4.76453718 -4.76453718]","[0.18832006 0.0930821  0.13669241 0.03108689 0.0430664  0.17024809
 0.07907829 0.19932854 0.05912525 0.08721808 0.0230373  0.03339518
 0.03702258 0.05065142 0.02359217 0.02033878 0.03968591 0.08961345
 0.03224707 0.05796597 0.06066959 0.03727514 0.02954835 0.20252527
 0.09056727 0.02329309 0.03451592 0.02829143 0.06171902 0.0414703
 0.24739584 0.32523816 0.03937046 0.0567329  0.0367153  0.15021
 0.04146302 0.04228244 0.03338345 0.04605051 0.06153952 0.01679008
 0.03412166 0.19162357 0.08279521 0.07321387 0.05563294 0.04122177
 0.0268228  0.05001724 0.0989734  0.08164675 0.02359217 0.03339518
 0.06153952 0.03954755 0.16177705 0.03158169 0.03690675 0.11180679
 0.08279521 0.04406884 0.02197928 0.04762263 0.03108689 0.04317024
 0.07226449 0.09738066 0.02483162 0.07544989 0.04756023 0.05832045
 0.03158169 0.05150712 0.062358   0.04758468 0.04758468 0.0414703
 0.05918107 0.05444059 0.08252547 0.06646043 0.03652749 0.05924651
 0.04612422 0.12648847 0.04309357 0.05046448 0.03075204 0.03781882
 0.03775416 0.06579095 0.02541334 0.02582874 0.10295992 0.04761016
 0.10264436 0.04406884 0.08607855 0.074683   0.05072273 0.03781882
 0.07226449 0.0396169  0.01742242 0.12052116 0.05248597 0.04309357
 0.03082667 0.04110583 0.02704511 0.02786611 0.04293243 0.07728255
 0.09118875 0.03275344 0.06427079 0.04497398 0.04497398 0.02738857
 0.09466964 0.02807819 0.14122943 0.05703645 0.0527823  0.09118875
 0.04753968 0.04497398 0.0564962  0.04497398 0.04086106 0.07359909
 0.0425685  0.03723239 0.03723239 0.05770322 0.07604425 0.04854447
 0.04775185 0.17959169 0.04945054 0.1648525  0.14965519 0.06392454
 0.04775185 0.10774818 0.03699223 0.10119555 0.05847793 0.03965145
 0.04949024 0.05431133 0.08674478 0.04121797 0.03507617 0.05536546
 0.03853999 0.02252328 0.10119555 0.06087934 0.02252328 0.03635198
 0.05352502 0.05352502 0.06866005 0.1083875  0.0915859  0.0490704
 0.06533321 0.09375874 0.15672153 0.05920404 0.01318766 0.07665714
 0.15672153 0.15718056 0.05583259 0.04169613 0.06232675 0.15608515
 0.05828643 0.06844254 0.09260605 0.02077288 0.07470755 0.03524466
 0.10928577 0.03940346 0.06564035 0.04038444 0.07241108 0.08153914
 0.04650714 0.03706687 0.04193501 0.06213682 0.04757521 0.06652632
 0.08936691 0.09438055 0.06572386 0.08800151 0.0652953  0.04791207
 0.11815757 0.46085603 0.05203197 0.21440326 0.14162011 0.04841309
 0.08193951 0.15546963 0.08193951 0.08193951 0.08193951 0.16855554
 0.1762351  0.0830054  0.08193951 0.04014678 0.07159433 0.05203197
 0.08193951 0.08193951 0.13502421 0.13502421 0.07731972 0.01191375
 0.2211473  0.07383175 0.07731972 0.05414811 0.03657735 0.07987015
 0.02504235 0.02504235 0.02504235 0.02504235 0.12846106 0.02504235
 0.02504235 0.09957633 0.03654034 0.08253955 0.08253955 0.09957633
 0.08253955 0.02504235 0.68588073 0.02504235 0.02504235 0.02504235]"
6,AdaBoostRegressor,"[-6.645413655616671, -6.601549475885561, -6.653149278027363, -6.176454918032786, -6.3219023569023625, -6.4050445589081635, -6.22234042553192, -6.22234042553192, -6.254394290833826, -6.72995050318033, -6.4050445589081635, -6.254394290833826, -6.22234042553192, -6.176454918032786, -6.4732218271436395, -6.2271517148982305, -6.718754208754206, -6.192429906542065, -6.601549475885561, -6.653149278027363, -6.653149278027363, -6.176454918032786, -6.410167864194032, -6.4732218271436395, -6.4050445589081635, -6.3219023569023625, -6.548935380258371, -6.192429906542065, -6.3219023569023625, -6.252919075144507, -6.4732218271436395, -6.3219023569023625, -6.192429906542065, -6.2534374999999995, -6.2271517148982305, -6.669232177175682, -6.192429906542065, -6.4050445589081635, -6.4732218271436395, -6.4732218271436395, -6.3219023569023625, -6.2271517148982305, -6.548935380258371, -6.653149278027363, -6.192429906542065, -6.192429906542065, -6.548935380258371, -6.653149278027363, -6.72995050318033, -6.72995050318033, -6.653149278027363, -6.192429906542065, -6.4050445589081635, -6.4732218271436395, -6.3219023569023625, -6.180537974683543, -6.653149278027363, -6.4732218271436395, -6.653149278027363, -6.3219023569023625, -6.492631578947369, -6.548935380258371, -6.192429906542065, -6.626155726418599, -6.3219023569023625, -6.3219023569023625, -6.192429906542065, -6.192429906542065, -6.3219023569023625, -6.2271517148982305, -6.72995050318033, -6.72995050318033, -6.72995050318033, -6.72995050318033, -6.653149278027363, -6.3219023569023625, -6.601549475885561, -6.410167864194032, -6.3219023569023625, -6.72995050318033, -6.410167864194032, -6.2271517148982305, -6.4732218271436395, -6.653149278027363, -6.548935380258371, -6.192429906542065, -6.3219023569023625, -6.410167864194032, -6.410167864194032, -6.2534374999999995, -6.410167864194032, -6.2271517148982305, -6.410167864194032, -6.548935380258371, -6.4050445589081635, -6.3219023569023625, -6.72995050318033, -6.3219023569023625, -6.3219023569023625, -6.548935380258371, -6.548935380258371, -6.4732218271436395, -6.4050445589081635, -6.254394290833826, -6.626155726418599, -6.653149278027363, -6.4050445589081635, -6.22234042553192, -6.3219023569023625, -6.4732218271436395, -6.4732218271436395, -6.559832635983259, -6.626155726418599, -6.121821445445501, -6.121821445445501, -6.72995050318033, -6.72995050318033, -6.548935380258371, -6.4732218271436395, -6.559832635983259, -5.764970624510491, -6.645413655616671, -6.653149278027363, -6.653149278027363, -6.4732218271436395, -6.559832635983259, -6.192429906542065, -6.254394290833826, -6.254394290833826, -6.4732218271436395, -6.559832635983259, -6.559832635983259, -6.653149278027363, -6.653149278027363, -6.4732218271436395, -6.559832635983259, -6.72995050318033, -5.764970624510491, -5.764970624510491, -5.764970624510491, -5.764970624510491, -5.764970624510491, -5.764970624510491, -5.764970624510491, -6.4732218271436395, -6.192429906542065, -6.254394290833826, -5.712913727096297, -6.601549475885561, -6.601549475885561, -6.4732218271436395, -6.4732218271436395, -6.653149278027363, -6.653149278027363, -5.660322580645155, -5.764970624510491, -6.3219023569023625, -6.559832635983259, -6.3952954660806824, -6.548935380258371, -6.559832635983259, -6.492631578947369, -5.660322580645155, -5.660322580645155, -5.660322580645155, -5.836942671615386, -5.993609926741719, -5.764970624510491, -5.905138971699111, -5.993609926741719, -5.660322580645155, -5.764970624510491, -5.758392857142854, -5.758392857142854, -5.758392857142854, -5.758392857142854, -5.758392857142854, -5.7626500017938165, -5.758392857142854, -5.764970624510491, -5.8670236559411695, -5.758392857142854, -5.758392857142854, -5.764970624510491, -6.11319636756842, -5.993609926741719, -6.11319636756842, -5.758392857142854, -6.11319636756842, -5.993609926741719, -5.98932355779518, -5.98932355779518, -4.705528278153845, -4.705528278153845, -4.705528278153845, -4.705528278153845, -5.363356222133333, -5.3180964643291135, -5.758392857142854, -5.758392857142854, -4.705528278153845, -4.705528278153845, -6.655096091681404, -6.60742277216358, -6.5408928571428575, -6.41595505617978, -6.3683749999999995, -6.3683749999999995, -6.41595505617978, -6.3683749999999995, -6.3615705441896795, -6.3615705441896795, -6.3683749999999995, -6.324726875112904, -6.324726875112904, -6.60742277216358, -6.300998026867789, -6.514328855803074, -6.3615705441896795, -6.324726875112904, -6.4317184274521795, -6.324726875112904, -6.300998026867789, -6.4398881816490094, -6.187053824362602, -6.335708803966441, -6.4317184274521795, -6.3615705441896795, -6.514328855803074, -6.3615705441896795, -6.4317184274521795, -6.324726875112904, -6.324726875112904, -6.3683749999999995, -6.41595505617978, -6.514328855803074, -6.655096091681404, -6.582728452381609, -6.324726875112904, -6.514328855803074, -6.4317184274521795, -6.423071961007673, -6.41595505617978, -6.41595505617978, -6.4317184274521795, -6.423071961007673, -6.60742277216358, -6.60742277216358, -6.4317184274521795, -6.423071961007673, -6.3615705441896795, -6.4317184274521795, -6.514328855803074, -6.60742277216358, -6.3683749999999995, -6.480126582278478, -6.4398881816490094, -6.423071961007673, -6.3615705441896795, -6.4317184274521795, -6.103710526315787, -6.335708803966441, -6.423071961007673, -6.423071961007673, -6.423071961007673, -6.423071961007673, -6.526571703599994, -6.423071961007673, -6.514328855803074, -6.335708803966441, -6.514328855803074, -6.514328855803074, -6.4317184274521795, -6.514328855803074, -6.655096091681404, -6.526571703599994, -6.4398881816490094, -6.3683749999999995, -6.3683749999999995, -6.712284824158528, -6.655096091681404, -6.526571703599994, -6.655096091681404, -6.472770609035398, -6.655096091681404, -6.423071961007673, -6.472770609035398, -6.25, -6.423071961007673, -6.423071961007673, -6.480126582278478, -6.514328855803074, -6.3083472803347185, -6.514328855803074, -6.514328855803074, -6.480126582278478, -6.3615705441896795, -6.4398881816490094, -6.472770609035398, -6.652671188947614, -6.480126582278478, -6.472770609035398, -6.514328855803074, -6.567384905634305, -6.4398881816490094, -6.2132081802413825, -6.178373713300003, -6.514328855803074, -6.514328855803074, -6.178373713300003, -6.514328855803074, -6.22401285542857, -6.514328855803074, -6.514328855803074, -6.690109158618397, -6.178373713300003, -6.514328855803074, -6.526571703599994, -6.335708803966441, -6.423071961007673, -6.514328855803074, -6.41595505617978, -6.514328855803074, -6.0318171030695655, -6.514328855803074, -6.3615705441896795, -6.514328855803074, -6.514328855803074, -6.423071961007673, -6.423071961007673, -6.60742277216358, -6.472770609035398, -6.472770609035398, -6.423071961007673, -6.178373713300003, -6.4317184274521795, -6.423071961007673, -5.615476471585105, -5.571543209876542, -6.0318171030695655, -6.514328855803074, -6.178373713300003, -6.567384905634305, -6.567384905634305, -6.567384905634305, -6.178373713300003, -6.4398881816490094, -6.41595505617978, -5.615476471585105, -6.567384905634305, -6.3615705441896795, -6.3615705441896795, -6.4317184274521795, -6.3615705441896795, -6.4398881816490094, -5.615476471585105, -6.567384905634305, -6.423071961007673, -6.567384905634305, -6.514328855803074, -6.423071961007673, -6.567384905634305, -6.567384905634305, -6.4398881816490094, -5.592916666666666, -5.592916666666666, -5.592916666666666, -5.592916666666666, -5.601052631578947, -5.601052631578947, -5.601052631578947, -5.601052631578947, -5.601052631578947, -5.601052631578947, -5.596489361702131, -5.601052631578947, -5.601052631578947, -5.601052631578947, -6.0318171030695655, -6.248681801516669, -6.0318171030695655, -6.248681801516669, -6.0318171030695655, -4.680446765076924, -4.680446765076924, -4.680446765076924, -4.680446765076924, -5.383035406166668, -5.383035406166668, -5.383035406166668, -5.383035406166668, -5.383035406166668, -5.772673560443114, -5.772673560443114, -5.383035406166668, -5.383035406166668, -4.680446765076924, -5.414341282592592, -4.680446765076924, -5.414341282592592, -4.680446765076924, -4.680446765076924, -4.680446765076924, -4.680446765076924, -6.637517157565723, -6.531670911226731, -6.356214078318075, -6.356214078318075, -6.413735224586278, -6.413735224586278, -6.650000000000001, -6.43280952380952, -6.220845301436256, -6.356214078318075, -6.348936495853257, -6.348936495853257, -6.388997844827569, -6.342446927419603, -6.413735224586278, -6.221818181818176, -6.453601022893736, -6.342446927419603, -6.637517157565723, -6.413735224586278, -6.3739086294416305, -6.622039955402598, -6.348936495853257, -6.388997844827569, -6.342446927419603, -6.2425969785734114, -6.388997844827569, -6.342446927419603, -6.2425969785734114, -6.356214078318075, -6.342446927419603, -6.531670911226731, -6.220845301436256, -6.342446927419603, -6.73896509596039, -6.43280952380952, -6.398290993071587, -6.631238377982222, -6.357939771094219, -6.413735224586278, -6.388997844827569, -6.413735224586278, -5.896308141135801, -6.388997844827569, -6.342446927419603, -6.622039955402598, -6.637517157565723, -6.2425969785734114, -6.543972902093988, -6.398290993071587, -6.398290993071587, -6.3739086294416305, -6.622039955402598, -6.453601022893736, -6.453601022893736, -6.637517157565723, -6.637517157565723, -6.275527446925164, -6.637575470967934, -6.637575470967934, -6.637575470967934, -6.632320589220837, -6.342446927419603, -6.342446927419603, -6.43280952380952, -6.622039955402598, -6.356214078318075, -6.413735224586278, -6.453601022893736, -6.2425969785734114, -6.388997844827569, -6.220845301436256, -6.637517157565723, -6.637517157565723, -6.275527446925164, -6.356214078318075, -6.637517157565723, -6.637517157565723, -6.637517157565723, -6.342446927419603, -6.632320589220837, -6.413735224586278, -6.3739086294416305, -6.125390327995596, -6.3739086294416305, -6.637517157565723, -6.388997844827569, -6.413735224586278, -6.413735224586278, -6.43280952380952, -6.43280952380952, -6.637517157565723, -6.43280952380952, -6.43280952380952, -6.453601022893736, -6.413735224586278, -6.357939771094219, -6.632320589220837, -6.2425969785734114, -6.413735224586278, -6.580072477842267, -6.580072477842267, -6.580072477842267, -6.43280952380952, -6.453601022893736, -6.357939771094219, -6.637517157565723, -6.632320589220837, -6.631238377982222, -6.43280952380952, -6.417123007288952, -6.398290993071587, -6.453601022893736, -6.183750000000003, -6.43280952380952, -6.43280952380952, -6.43280952380952, -6.398290993071587, -6.631238377982222, -6.43280952380952, -6.43280952380952, -6.631238377982222, -6.632320589220837, -6.43280952380952, -6.631238377982222, -6.453601022893736, -6.632320589220837, -6.632320589220837, -6.632320589220837, -6.3739086294416305, -6.631238377982222, -6.788835694348207, -6.631238377982222, -5.763772797465751, -6.788835694348207, -6.002710334090429, -6.631238377982222, -6.402794117647058, -6.417123007288952, -6.452342427526485, -6.398290993071587, -6.631238377982222, -6.632320589220837, -6.093092868058822, -6.452342427526485, -6.632320589220837, -6.413735224586278, -6.417123007288952, -6.093092868058822, -6.398290993071587, -6.093092868058822, -6.093092868058822, -6.34264004716349, -5.601954692736842, -6.093092868058822, -6.398290993071587, -6.453601022893736, -6.43280952380952, -6.398290993071587, -6.631238377982222, -6.453601022893736, -6.453601022893736, -6.580072477842267, -6.413735224586278, -6.342446927419603, -6.413735224586278, -5.601954692736842, -5.601954692736842, -5.601954692736842, -5.6602237447607635, -5.8590845694111096, -5.896308141135801, -5.700865693139783, -5.700865693139783, -5.756265060240969, -5.700865693139783, -5.700865693139783, -5.6103603603603585, -5.700865693139783, -5.700865693139783, -5.700865693139783, -6.13053081954717, -6.13053081954717, -6.13053081954717, -6.03892654483444, -6.03892654483444, -6.002710334090429, -6.03892654483444, -4.604762802708332, -4.604762802708332, -4.604762802708332, -4.604762802708332, -5.967000624916666, -4.604762802708332, -4.604762802708332, -5.201843424344829, -5.276604183887928, -4.604762802708332, -4.604762802708332, -4.604762802708332, -5.276604183887928, -6.51021343976018, -6.6288084670116065, -6.467878118827387, -6.6288084670116065, -6.5105993908972986, -6.373992978861784, -6.281563808723712, -6.17055555555556, -6.281563808723712, -6.488785046728973, -6.350100036890523, -6.192173913043472, -6.295311747803922, -6.295311747803922, -6.350100036890523, -6.362251683714806, -6.281563808723712, -6.488785046728973, -6.362251683714806, -6.192173913043472, -6.6288084670116065, -6.467878118827387, -6.281563808723712, -6.496459461888889, -6.362251683714806, -6.658206631081084, -6.5615695242103955, -6.615527671799407, -6.295311747803922, -6.467878118827387, -6.309577295216596, -6.247350044635266, -6.247350044635266, -6.281563808723712, -6.668397751697875, -6.281563808723712, -6.373992978861784, -6.281563808723712, -6.373992978861784, -6.281563808723712, -6.373992978861784, -6.280454545454546, -6.350100036890523, -6.496459461888889, -6.151966911764714, -6.467878118827387, -6.281563808723712, -6.467878118827387, -6.350100036890523, -6.309577295216596, -6.346869565217392, -6.281563808723712, -6.373992978861784, -6.350100036890523, -6.295311747803922, -6.373992978861784, -6.467878118827387, -6.332291666666669, -6.350100036890523, -6.247350044635266, -6.350100036890523, -5.920274030539002, -6.281563808723712, -6.709821330962319, -6.573132464597738, -6.573132464597738, -6.281563808723712, -6.309577295216596, -6.220033443723682, -6.800592259965072, -6.6288084670116065, -6.373992978861784, -6.350100036890523, -6.281563808723712, -6.6716717661320795, -6.281563808723712, -6.716690647482017, -6.615527671799407, -6.476825470264832, -6.309577295216596, -6.220033443723682, -6.192173913043472, -6.192173913043472, -6.350100036890523, -6.467878118827387, -6.309577295216596, -6.362251683714806, -6.281563808723712, -6.5105993908972986, -6.476825470264832, -6.5615695242103955, -6.716690647482017, -6.473104150975, -6.615527671799407, -6.615527671799407, -6.5615695242103955, -6.476825470264832, -6.5615695242103955, -6.5615695242103955, -6.5615695242103955, -6.5615695242103955, -6.309577295216596, -6.5105993908972986, -6.5615695242103955, -6.615527671799407, -6.36119779875385, -6.709821330962319, -6.5615695242103955, -6.573132464597738, -6.573132464597738, -6.5105993908972986, -6.36119779875385, -6.473104150975, -4.97169718491803, -6.247350044635266, -6.5511602988196715, -6.309577295216596, -6.573132464597738, -6.589302671498719, -6.615527671799407, -6.573132464597738, -6.615527671799407, -5.921409889870368, -5.768292585689655, -6.668397751697875, -6.6716717661320795, -6.192173913043472, -6.615527671799407, -6.6716717661320795, -6.332291666666669, -6.573132464597738, -5.682127659574469, -6.332291666666669, -6.362251683714806, -6.350100036890523, -6.36119779875385, -6.709821330962319, -6.573132464597738, -6.137096920468965, -5.638777603180958, -6.362251683714806, -5.756734073550293, -6.350100036890523, -6.362251683714806, -6.362251683714806, -6.573132464597738, -5.638777603180958, -6.573132464597738, -6.573132464597738, -6.573132464597738, -6.281563808723712, -5.682127659574469, -6.373992978861784, -6.373992978861784, -6.573132464597738, -6.373992978861784, -6.346869565217392, -5.638777603180958, -6.5615695242103955, -6.346869565217392, -6.373992978861784, -5.638777603180958, -5.630106670210526, -6.137096920468965, -5.768292585689655, -5.928220603944955, -5.638777603180958, -5.577977576522729, -5.577977576522729, -5.631838994428573, -5.76994382022472, -5.631838994428573, -5.577977576522729, -5.638777603180958, -5.76994382022472, -5.76994382022472, -5.577977576522729, -5.577977576522729, -5.577977576522729, -5.577977576522729, -5.928220603944955, -6.5615695242103955, -6.4473297288846165, -6.4473297288846165, -6.36119779875385, -6.5511602988196715, -6.4473297288846165, -6.406938199377357, -5.630106670210526, -5.921409889870368, -4.688098063736843, -4.688098063736843, -5.451578947368422, -5.451578947368422, -4.97169718491803, -4.97169718491803, -4.688098063736843, -4.688098063736843, -4.688098063736843, -4.97169718491803, -5.732291666666663, -6.669328171181813, -6.728333990364788, -6.430002181744632, -6.327788408406536, -6.333076923076924, -6.205157128060134, -6.333076923076924, -6.291541786718305, -6.77396017761992, -6.531493062692981, -6.333076923076924, -6.327788408406536, -6.333076923076924, -6.291541786718305, -6.245335857609024, -6.187503026218048, -6.430002181744632, -6.531493062692981, -6.333076923076924, -6.333076923076924, -6.171237458193978, -6.357238027738887, -6.245335857609024, -6.171237458193978, -6.245335857609024, -6.187503026218048, -6.187503026218048, -6.375716919645335, -6.6894774336590785, -6.171237458193978, -6.291541786718305, -6.3341279337800085, -6.430002181744632, -6.502786884429927, -6.187503026218048, -6.245335857609024, -6.728333990364788, -6.531493062692981, -6.327788408406536, -6.607451099795454, -6.291541786718305, -6.398976621325574, -6.187503026218048, -6.502786884429927, -6.245335857609024, -6.545957668052742, -6.531493062692981, -6.531493062692981, -6.162895265867507, -6.187503026218048, -6.357238027738887, -6.531493062692981, -6.728333990364788, -6.728333990364788, -6.447466063348421, -6.187503026218048, -6.291541786718305, -6.187503026218048, -6.205157128060134, -6.245335857609024, -6.245335857609024, -6.430002181744632, -6.430002181744632, -6.171237458193978, -6.728333990364788, -6.545957668052742, -6.607451099795454, -6.327788408406536, -6.728333990364788, -6.205157128060134, -6.205157128060134, -6.205157128060134, -6.77396017761992, -6.430002181744632, -6.194746835443043, -6.245335857609024, -6.245335857609024, -6.245335857609024, -6.77396017761992, -6.531493062692981, -6.728333990364788, -6.375716919645335, -6.171237458193978, -6.398976621325574, -6.430002181744632, -6.079742809474581, -6.706209024046367, -6.357238027738887, -6.357238027738887, -6.243380281690139, -6.375716919645335, -6.430002181744632, -6.333076923076924, -6.327788408406536, -6.375716919645335, -6.194746835443043, -6.327788408406536, -6.531493062692981, -6.333076923076924, -6.333076923076924, -6.430002181744632, -6.531493062692981, -6.545957668052742, -6.531493062692981, -6.430002181744632, -6.531493062692981, -6.430002181744632, -6.430002181744632, -6.545957668052742, -5.907518865263885, -6.6894774336590785, -6.357238027738887, -6.607451099795454, -6.6894774336590785, -6.087538319260504, -6.447466063348421, -6.607451099795454, -6.357238027738887, -6.6894774336590785, -6.584410921204296, -6.607451099795454, -5.907518865263885, -6.375716919645335, -6.584410921204296, -6.607451099795454, -5.907518865263885, -6.245335857609024, -6.375716919645335, -6.584410921204296, -6.245335857609024, -6.706209024046367, -6.584410921204296, -6.6894774336590785, -5.907518865263885, -6.6894774336590785, -6.6894774336590785, -6.584410921204296, -6.6894774336590785, -6.531493062692981, -6.327788408406536, -6.357238027738887, -6.447466063348421, -5.832690290509086, -6.245335857609024, -6.728333990364788, -6.728333990364788, -6.079742809474581, -6.706209024046367, -5.7275240156896565, -6.327788408406536, -6.327788408406536, -5.650767677636942, -6.634778713487185, -6.706209024046367, -6.10101509385, -6.398976621325574, -5.650767677636942, -6.357238027738887, -5.627894736842107, -5.510099630202531, -5.650767677636942, -5.2149051705, -5.126661854, -5.126661854, -5.779773643287883, -5.627894736842107, -5.7275240156896565, -5.7275240156896565, -5.7275240156896565, -5.7275240156896565, -5.7275240156896565, -6.040873894128709, -5.650767677636942, -5.7275240156896565, -5.7275240156896565, -5.945310856551948, -5.7275240156896565, -6.079742809474581, -6.079742809474581, -6.079742809474581, -5.945310856551948, -6.10101509385, -6.10101509385, -6.10101509385, -5.945310856551948, -5.945310856551948, -4.598090444326922, -4.598090444326922, -4.598090444326922, -6.079742809474581, -6.079742809474581, -4.953735125860465, -5.186015200208334, -5.186015200208334, -5.2149051705, -5.650767677636942, -5.2149051705, -5.2149051705, -5.186015200208334, -4.598090444326922, -5.186015200208334]","0     -7.22
1     -6.21
2     -7.24
3     -5.92
4     -5.96
       ... 
247   -6.00
248   -3.99
249   -5.24
250   -4.77
251   -4.71
Name: Permeability, Length: 252, dtype: float64","[array([-6.64541366, -6.47322183, -6.32190236, -6.18053797, -6.19242991,
       -6.40504456, -6.60154948, -6.22234043, -6.40504456, -6.2534375 ,
       -6.32190236, -6.19242991, -6.32190236, -6.7299505 , -6.17645492,
       -6.22234043, -6.47322183, -6.47322183, -6.41016786, -6.32190236,
       -6.47322183, -6.41016786, -6.19242991, -6.22234043, -6.19242991,
       -6.19242991, -6.41016786, -6.19242991, -6.62615573, -6.41016786,
       -6.39529547, -6.62666667, -6.19242991, -6.47322183, -6.18053797,
       -6.54893538, -6.39529547, -6.32190236, -6.19242991, -6.47322183,
       -6.47322183, -6.32190236, -6.47322183, -6.22234043, -6.47322183,
       -6.32190236, -6.47322183, -6.41016786, -6.22715171, -6.17645492,
       -6.62615573, -6.47322183, -6.17645492, -6.19242991, -6.47322183,
       -6.54893538, -6.47322183, -6.32190236, -6.22234043, -6.65314928,
       -6.47322183, -6.32190236, -6.19242991, -6.39529547, -6.18053797,
       -6.32190236, -6.64541366, -6.18053797, -6.32190236, -6.60154948,
       -6.19242991, -6.65314928, -6.32190236, -6.65314928, -6.22715171,
       -6.18053797, -6.18053797, -6.41016786, -6.64541366, -6.54893538,
       -6.47322183, -6.17645492, -6.22715171, -6.47322183, -6.19242991,
       -6.32190236, -6.7299505 , -6.22715171, -6.7299505 , -6.7299505 ,
       -6.54893538, -6.64541366, -6.47322183, -6.32190236, -6.17645492,
       -6.54893538, -6.37694611, -6.32190236, -6.39529547, -6.47322183,
       -6.65314928, -6.7299505 , -6.64541366, -6.41016786, -6.39529547,
       -6.17645492, -6.22715171, -6.7299505 , -6.47322183, -6.60154948,
       -6.41016786, -6.39529547, -6.54893538, -6.32190236, -6.32190236,
       -5.99360993, -6.7299505 , -6.54893538, -6.54893538, -6.32190236,
       -6.37694611, -6.47322183, -5.82805085, -6.64541366, -5.82805085,
       -6.32190236, -6.54893538, -6.54893538, -6.54893538, -6.54893538,
       -6.7299505 , -6.64541366, -5.99360993, -6.54893538, -6.54893538,
       -6.64541366, -6.47322183, -6.32190236, -6.64541366, -6.62615573,
       -6.54893538, -5.99360993, -6.12182145, -6.47322183, -6.64541366,
       -6.32190236, -6.65314928, -6.12182145, -5.99360993, -6.54893538,
       -6.65314928, -6.64541366, -6.47251679, -5.62225932, -6.47322183,
       -6.60154948, -6.55983264, -6.25439429, -6.12182145, -6.55983264,
       -6.25439429, -6.64541366, -6.55983264, -6.55983264, -6.62615573,
       -6.64541366, -6.47322183, -6.47322183, -6.39529547, -6.62615573,
       -6.7299505 , -5.62225932, -6.47322183, -6.47322183, -6.7299505 ,
       -5.76497062, -6.25439429, -6.32190236, -5.76265   , -5.76497062,
       -6.22715171, -6.47322183, -6.41016786, -5.98932356, -5.76497062,
       -6.47322183, -6.60154948, -6.65314928, -6.47322183, -6.19242991,
       -6.47322183, -6.54893538, -6.40504456, -5.62225932, -6.65314928,
       -6.47322183, -6.47322183, -5.66032258, -6.32190236, -6.41016786,
       -6.54893538, -6.47322183, -6.65314928, -5.66032258, -5.99360993,
       -5.83694267, -5.76497062, -5.83694267, -5.83694267, -5.76497062,
       -5.75839286, -6.19242991, -5.75839286, -5.75839286, -5.75839286,
       -5.75839286, -5.76497062, -5.75839286, -5.75839286, -5.90513897,
       -5.76497062, -5.76497062, -5.75839286, -5.75839286, -5.66032258,
       -5.66032258, -6.12182145, -5.99360993, -5.99360993, -5.86702366,
       -6.12182145, -5.99360993, -6.11319637, -5.90513897, -4.70552828,
       -4.70552828, -4.70552828, -4.70552828, -5.98932356, -4.70552828,
       -4.70552828, -5.36335622, -5.36008583, -5.75839286, -5.75839286,
       -5.36335622, -5.75839286, -4.70552828, -4.74953289, -4.70552828,
       -4.70552828, -4.70552828]), array([-6.56738491, -6.43171843, -6.42307196, -6.41595506, -6.18308108,
       -6.60742277, -6.51432886, -6.32666667, -6.47277061, -6.43171843,
       -6.43171843, -6.368375  , -6.42307196, -6.65509609, -6.28630022,
       -6.32472688, -6.41595506, -6.42307196, -6.43171843, -6.42307196,
       -6.42307196, -6.42307196, -6.30099803, -6.32666667, -6.42307196,
       -6.368375  , -6.42307196, -6.36157054, -6.51432886, -6.42307196,
       -6.51432886, -6.56738491, -6.368375  , -6.51432886, -6.368375  ,
       -6.51432886, -6.42307196, -6.42307196, -6.32472688, -6.42307196,
       -6.51432886, -6.32472688, -6.36157054, -6.5265717 , -6.32472688,
       -6.43988818, -6.51432886, -6.41595506, -6.368375  , -6.32472688,
       -6.60742277, -6.43988818, -6.28630022, -6.368375  , -6.51432886,
       -6.48012658, -6.51432886, -6.43171843, -6.36157054, -6.58272845,
       -6.32472688, -6.42307196, -6.368375  , -6.32472688, -6.41595506,
       -6.43988818, -6.5265717 , -6.10371053, -6.368375  , -6.51432886,
       -6.36157054, -6.71228482, -6.43171843, -6.6872709 , -6.41595506,
       -6.368375  , -6.368375  , -6.42307196, -6.56738491, -6.51432886,
       -6.36157054, -6.2486818 , -6.42307196, -6.51432886, -6.32472688,
       -6.30834728, -6.65509609, -6.368375  , -6.65509609, -6.65509609,
       -6.51432886, -6.5265717 , -6.42307196, -6.42307196, -6.30099803,
       -6.51432886, -6.36157054, -6.42307196, -6.41595506, -6.30834728,
       -6.6537021 , -6.65509609, -6.5265717 , -6.41595506, -6.3357088 ,
       -6.42307196, -6.43171843, -6.65509609, -6.47277061, -6.48012658,
       -6.42307196, -6.42307196, -6.48012658, -6.48012658, -6.43171843,
       -6.17837371, -6.65509609, -6.48012658, -6.48012658, -6.43171843,
       -6.30834728, -6.48012658, -5.77267356, -6.51432886, -5.82338008,
       -6.43171843, -6.47277061, -6.48012658, -6.48012658, -6.48012658,
       -6.65509609, -6.5265717 , -6.01029527, -6.47277061, -6.47277061,
       -6.51432886, -6.42307196, -6.43988818, -6.51432886, -6.60742277,
       -6.51432886, -6.2486818 , -6.31900089, -6.51432886, -6.51432886,
       -6.47277061, -6.60742277, -6.21320818, -6.21320818, -6.48012658,
       -6.51432886, -6.5265717 , -6.21320818, -5.60105263, -6.42307196,
       -6.51432886, -6.5265717 , -6.368375  , -6.21320818, -6.58272845,
       -6.368375  , -6.51432886, -6.47277061, -6.47277061, -6.60742277,
       -6.58272845, -6.32472688, -6.43988818, -6.41595506, -6.51432886,
       -6.65267119, -5.59648936, -6.43988818, -6.42307196, -6.65267119,
       -6.17837371, -6.42307196, -6.42307196, -5.69063084, -6.17837371,
       -6.42307196, -6.43171843, -6.42307196, -6.15984266, -5.91498007,
       -6.43988818, -6.56738491, -6.42307196, -6.42307196, -6.368375  ,
       -6.43171843, -6.43988818, -6.32472688, -5.59648936, -6.56738491,
       -6.51432886, -6.42307196, -5.59648936, -6.42307196, -6.42307196,
       -6.43988818, -6.43988818, -6.47277061, -5.59648936, -5.82366412,
       -5.78668945, -6.06719824, -5.82366412, -5.59648936, -5.59291667,
       -5.60105263, -6.18705382, -5.60105263, -5.60105263, -5.60105263,
       -5.60105263, -5.59648936, -5.61547647, -5.60105263, -6.0318171 ,
       -5.60105263, -6.06719824, -5.60105263, -5.60105263, -5.59291667,
       -5.59291667, -6.2486818 , -6.0318171 , -6.21320818, -6.17837371,
       -6.2486818 , -6.16241818, -6.0318171 , -6.16241818, -4.68044677,
       -4.68044677, -4.68044677, -4.68044677, -6.03      , -4.68044677,
       -4.68044677, -5.38303541, -5.38303541, -5.77267356, -5.77267356,
       -5.38303541, -5.77267356, -4.68044677, -4.63472898, -4.68044677,
       -4.68044677, -4.68044677]), array([-6.63751716, -6.53167091, -6.41373522, -6.2208453 , -6.18375   ,
       -6.5439729 , -6.45360102, -6.53      , -6.58007248, -6.41712301,
       -6.39829099, -6.35621408, -6.26363971, -6.65      , -6.2208453 ,
       -6.33772663, -6.35621408, -6.35793977, -6.41373522, -6.37390863,
       -6.45360102, -6.45234243, -6.2208453 , -6.53      , -6.34264005,
       -6.34244693, -6.41373522, -6.34244693, -6.62203996, -6.41373522,
       -6.39829099, -6.41373522, -6.35621408, -6.43280952, -6.34244693,
       -6.43280952, -6.41373522, -6.37390863, -6.27552745, -6.38899784,
       -6.62203996, -6.34264005, -6.34113893, -6.5439729 , -6.34244693,
       -6.43280952, -6.45360102, -6.41373522, -6.34244693, -6.2208453 ,
       -6.60222222, -6.35793977, -6.2208453 , -6.35621408, -6.62203996,
       -6.45360102, -6.45360102, -6.39829099, -6.34244693, -6.41373522,
       -6.34244693, -6.37390863, -6.34244693, -6.26363971, -6.2208453 ,
       -6.37390863, -6.63751716, -6.02600806, -6.37390863, -6.45360102,
       -6.34244693, -6.63751716, -6.39829099, -6.63757547, -6.35621408,
       -6.24259698, -6.24259698, -6.41373522, -6.41373522, -6.45234243,
       -6.35621408, -6.12539033, -6.37390863, -6.63232059, -6.34244693,
       -6.41373522, -6.65      , -6.27552745, -6.63751716, -6.63751716,
       -6.63232059, -6.63751716, -6.37390863, -6.34244693, -6.15125369,
       -6.62203996, -6.41373522, -6.37390863, -6.38899784, -6.35621408,
       -6.63751716, -6.63751716, -6.63751716, -6.41373522, -6.35621408,
       -6.24259698, -6.37390863, -6.65      , -6.43280952, -6.45234243,
       -6.34244693, -6.39829099, -6.43280952, -6.53167091, -6.41712301,
       -6.38899784, -6.65      , -6.58007248, -6.58007248, -6.38085714,
       -6.41373522, -6.45234243, -5.7637728 , -6.63751716, -5.87043184,
       -6.41712301, -6.58007248, -6.58007248, -6.5439729 , -6.58007248,
       -6.63751716, -6.63751716, -5.87776494, -6.43280952, -6.43280952,
       -6.63123838, -6.38899784, -6.39829099, -6.63232059, -6.58007248,
       -6.43280952, -6.03892654, -6.33772663, -6.62203996, -6.63232059,
       -6.45234243, -6.63232059, -6.03892654, -6.36733795, -6.43280952,
       -6.63232059, -6.63123838, -6.1083034 , -5.60195469, -6.39829099,
       -6.45360102, -6.63123838, -6.37390863, -6.03892654, -6.63123838,
       -6.37390863, -6.65      , -6.45234243, -6.45234243, -6.63123838,
       -6.63232059, -6.40279412, -6.41373522, -6.35621408, -6.58007248,
       -6.63751716, -5.60195469, -6.43280952, -6.39829099, -6.63751716,
       -6.09309287, -6.45234243, -6.39829099, -5.85908457, -6.09309287,
       -6.41373522, -6.41712301, -6.45360102, -5.89630814, -5.89630814,
       -6.45360102, -6.45360102, -6.3489365 , -6.39829099, -6.35621408,
       -6.58007248, -6.63123838, -6.27552745, -5.60195469, -6.63123838,
       -6.43280952, -6.38899784, -5.61036036, -6.41373522, -6.45360102,
       -6.63123838, -6.45360102, -6.45360102, -5.66022374, -5.89630814,
       -5.93138889, -5.89630814, -5.93138889, -5.7637728 , -5.60195469,
       -5.70086569, -6.24259698, -5.70086569, -5.70086569, -5.70086569,
       -5.75626506, -5.7637728 , -5.75626506, -5.70086569, -5.89630814,
       -5.70086569, -5.89630814, -5.70086569, -5.70086569, -5.66022374,
       -5.66022374, -6.13053082, -6.00271033, -6.09309287, -6.14644239,
       -6.13053082, -6.03892654, -6.03892654, -5.89630814, -4.6047628 ,
       -4.6047628 , -4.6047628 , -4.6047628 , -5.96700062, -4.6047628 ,
       -4.6047628 , -5.20184342, -5.20184342, -5.20184342, -5.20184342,
       -5.20184342, -5.20184342, -4.6047628 , -4.44023241, -4.6047628 ,
       -4.6047628 , -4.6047628 ]), array([-6.51021344, -6.47682547, -6.28156381, -6.36225168, -6.25613924,
       -6.57313246, -6.57313246, -6.51021344, -6.57313246, -6.46787812,
       -6.51059939, -6.28156381, -6.36225168, -6.65820663, -6.28045455,
       -6.28156381, -6.46787812, -6.47682547, -6.3095773 , -6.46787812,
       -6.51059939, -6.37399298, -6.28156381, -6.51021344, -6.28156381,
       -6.28156381, -6.37399298, -6.28156381, -6.66839775, -6.37399298,
       -6.56156952, -6.22003344, -6.29531175, -6.56156952, -6.28156381,
       -6.57313246, -6.46787812, -6.34686957, -6.28156381, -6.3095773 ,
       -6.61552767, -6.24735004, -6.49645946, -6.47310415, -6.51059939,
       -6.51021344, -6.56156952, -6.37399298, -6.35010004, -6.28156381,
       -6.61552767, -6.47682547, -6.28045455, -6.28156381, -6.61552767,
       -6.57313246, -6.56156952, -6.52523055, -6.28156381, -6.56156952,
       -6.51059939, -6.47682547, -6.28156381, -6.19217391, -6.36225168,
       -6.3095773 , -6.57313246, -6.25613924, -6.37399298, -6.61552767,
       -6.29531175, -6.71669065, -6.52523055, -6.70982133, -6.35010004,
       -6.28156381, -6.28156381, -6.37399298, -6.36225168, -6.57313246,
       -6.65820663, -6.24735004, -6.36225168, -6.57313246, -6.25613924,
       -6.25613924, -6.70982133, -6.28156381, -6.71669065, -6.71669065,
       -6.58930267, -6.57313246, -6.24735004, -6.25613924, -6.28156381,
       -6.57313246, -6.34686957, -6.47682547, -6.33229167, -6.33229167,
       -6.70982133, -6.71669065, -6.57313246, -6.46787812, -6.24735004,
       -6.36225168, -6.37399298, -6.70982133, -6.51021344, -6.56156952,
       -6.35010004, -6.36225168, -6.56156952, -6.37399298, -6.47682547,
       -6.3611978 , -6.70988861, -6.56156952, -6.56156952, -6.35010004,
       -6.25613924, -6.51059939, -5.9282206 , -6.57313246, -6.00246032,
       -6.47682547, -6.56156952, -6.56156952, -6.57313246, -6.56156952,
       -6.71669065, -6.57313246, -6.00246032, -6.56156952, -6.56156952,
       -6.57313246, -6.56156952, -6.37399298, -6.57313246, -6.61552767,
       -6.57313246, -5.92140989, -6.47310415, -6.51059939, -6.57313246,
       -6.51059939, -6.65820663, -6.3611978 , -6.4069382 , -6.57313246,
       -6.61552767, -6.58930267, -5.9282206 , -5.73229167, -6.24735004,
       -6.61552767, -6.61552767, -6.34686957, -6.3611978 , -6.61552767,
       -6.34686957, -6.67167177, -6.33229167, -6.33229167, -6.61552767,
       -6.36225168, -6.28156381, -6.35010004, -6.36225168, -6.61552767,
       -6.35010004, -5.6387776 , -6.36225168, -6.36225168, -6.35010004,
       -6.13709692, -6.36225168, -6.34686957, -5.82752425, -6.47310415,
       -6.28156381, -6.28156381, -6.37399298, -5.76829259, -5.9282206 ,
       -6.35010004, -6.36240514, -6.33229167, -6.36225168, -6.29531175,
       -6.37399298, -6.57313246, -6.47682547, -5.6387776 , -6.62880847,
       -6.35010004, -6.36225168, -5.68212766, -6.34686957, -6.37399298,
       -6.56156952, -6.37399298, -6.61552767, -5.75673407, -5.9282206 ,
       -5.68212766, -6.3611978 , -5.76994382, -5.68212766, -5.6387776 ,
       -5.57797758, -6.28156381, -5.57797758, -5.57797758, -5.57797758,
       -5.63183899, -5.76994382, -5.63183899, -5.57797758, -6.13709692,
       -5.68212766, -6.3611978 , -5.57797758, -5.57797758, -5.6387776 ,
       -5.6387776 , -6.44732973, -6.25411176, -6.3611978 , -6.3611978 ,
       -6.44732973, -6.00246032, -5.9282206 , -5.9282206 , -4.68809806,
       -4.68809806, -4.68809806, -4.68809806, -5.92140989, -4.68809806,
       -4.68809806, -4.97169718, -5.45157895, -5.73229167, -5.73229167,
       -4.97169718, -5.73229167, -4.68809806, -4.56136291, -4.68809806,
       -4.68809806, -4.68809806]), array([-6.71444396, -6.53556084, -6.53556084, -6.20515713, -6.29154179,
       -6.72833399, -6.43000218, -6.29154179, -6.68947743, -6.29154179,
       -6.32778841, -6.18750303, -6.20515713, -6.77396018, -6.17123746,
       -6.20515713, -6.32778841, -6.24533586, -6.33307692, -6.29154179,
       -6.43000218, -6.33307692, -6.29154179, -6.29154179, -6.18750303,
       -6.18750303, -6.33307692, -6.18750303, -6.43000218, -6.33307692,
       -6.33412793, -6.18750303, -6.18750303, -6.43000218, -6.16289527,
       -6.43000218, -6.33307692, -6.24533586, -6.18750303, -6.44746606,
       -6.53149306, -6.29154179, -6.53149306, -6.29154179, -6.35723803,
       -6.43000218, -6.33307692, -6.37571692, -6.20515713, -6.19474684,
       -6.6074511 , -6.33412793, -6.17123746, -6.18750303, -6.53149306,
       -6.43000218, -6.33307692, -6.32778841, -6.20515713, -6.35723803,
       -6.35723803, -6.32778841, -6.18750303, -6.18750303, -6.20515713,
       -6.35723803, -6.72833399, -6.35723803, -6.35723803, -6.43000218,
       -6.18750303, -6.72833399, -6.32778841, -6.70620902, -6.24338028,
       -6.18750303, -6.18750303, -6.33307692, -6.33307692, -6.43000218,
       -6.68947743, -6.16289527, -6.33412793, -6.33307692, -6.18750303,
       -6.29154179, -6.77396018, -6.20515713, -6.72833399, -6.72833399,
       -6.37571692, -6.58441092, -6.32778841, -6.20515713, -6.19474684,
       -6.43000218, -6.24533586, -6.32778841, -6.29154179, -6.29154179,
       -6.72833399, -6.72833399, -6.72833399, -6.37571692, -6.32778841,
       -6.19474684, -6.29154179, -6.77396018, -6.53149306, -6.53149306,
       -6.24338028, -6.35723803, -6.53149306, -6.54595767, -6.50278688,
       -6.07974281, -6.77396018, -6.54595767, -6.54595767, -6.43000218,
       -6.29154179, -6.53149306, -5.77977364, -6.70620902, -5.90751887,
       -6.50278688, -6.53149306, -6.54595767, -6.54595767, -6.54595767,
       -6.72833399, -6.71444396, -5.94531086, -6.53149306, -6.53149306,
       -6.68947743, -6.58441092, -6.53149306, -6.68947743, -6.71444396,
       -6.43000218, -6.11975757, -6.10101509, -6.43000218, -6.68947743,
       -6.53149306, -6.58441092, -6.11975757, -6.07974281, -6.43000218,
       -6.68947743, -6.58441092, -6.11975757, -5.72752402, -6.53149306,
       -6.43000218, -6.68947743, -6.24533586, -6.11975757, -6.58441092,
       -6.24533586, -6.70620902, -6.58441092, -6.58441092, -6.6074511 ,
       -6.44746606, -6.33307692, -6.32778841, -6.24533586, -6.68947743,
       -6.72833399, -5.65076768, -6.44746606, -6.35723803, -6.72833399,
       -5.90751887, -6.24533586, -6.35723803, -5.90751887, -6.07974281,
       -6.44746606, -6.53149306, -6.32778841, -5.90751887, -5.90042501,
       -6.53149306, -6.53149306, -6.58441092, -6.32778841, -6.18750303,
       -6.35723803, -6.53556084, -6.39897662, -5.65076768, -6.70620902,
       -6.54595767, -6.43000218, -5.65076768, -6.39897662, -6.32778841,
       -6.53556084, -6.35723803, -6.70620902, -5.72752402, -6.08753832,
       -5.21490517, -6.08753832, -5.21490517, -5.12666185, -5.62789474,
       -5.72752402, -6.43000218, -5.72752402, -5.72752402, -5.72752402,
       -5.90751887, -5.65076768, -5.72752402, -5.72752402, -5.95233526,
       -5.62789474, -6.08753832, -5.72752402, -5.72752402, -5.65076768,
       -5.65076768, -6.10101509, -6.08753832, -5.90751887, -6.07974281,
       -6.10101509, -5.94531086, -5.94531086, -5.90751887, -4.59809044,
       -4.59809044, -4.59809044, -4.59809044, -6.07974281, -4.59809044,
       -4.59809044, -5.1860152 , -5.1860152 , -5.65076768, -5.65076768,
       -5.1860152 , -5.65076768, -4.59809044, -4.95373513, -4.59809044,
       -4.59809044, -4.59809044])]","[-6.61499462 -6.48979949 -6.39516684 -6.27694943 -6.2213884  -6.57158134
 -6.5145228  -6.37615246 -6.54409951 -6.37233977 -6.39805992 -6.27721716
 -6.31520457 -6.69344268 -6.22705849 -6.27430297 -6.4082115  -6.39527898
 -6.37965515 -6.37566057 -6.45809928 -6.39853043 -6.25747577 -6.37615246
 -6.28544175 -6.27446373 -6.39080899 -6.27310284 -6.57218489 -6.39080899
 -6.44072255 -6.40306465 -6.27996675 -6.48238638 -6.2671638  -6.49984168
 -6.40661154 -6.34221767 -6.25235021 -6.408467   -6.55132227 -6.30563222
 -6.44077677 -6.41150619 -6.40164661 -6.42696314 -6.46715963 -6.39791361
 -6.29864616 -6.23966755 -6.6117559  -6.41640064 -6.22705849 -6.27721716
 -6.55132227 -6.49715953 -6.46715963 -6.40098615 -6.28261577 -6.5136841
 -6.40164661 -6.38469937 -6.27446373 -6.2726678  -6.27694943 -6.3605029
 -6.62219379 -6.18472677 -6.3590834  -6.52300184 -6.27585243 -6.68959518
 -6.40098615 -6.6788052  -6.31856023 -6.25211536 -6.25211536 -6.39080899
 -6.46437248 -6.50374826 -6.5077381  -6.19215447 -6.34410238 -6.50521613
 -6.2606492  -6.31833318 -6.70376562 -6.27155502 -6.69351768 -6.69351768
 -6.53212088 -6.59340918 -6.36906817 -6.30974352 -6.22100346 -6.53768777
 -6.34889146 -6.38469937 -6.36481636 -6.35232333 -6.67650477 -6.69351768
 -6.62219379 -6.41669064 -6.33247136 -6.27982448 -6.33966271 -6.70376562
 -6.48410169 -6.52541621 -6.35383341 -6.38722963 -6.51098681 -6.4507301
 -6.43007123 -6.20038442 -6.70377908 -6.54333233 -6.54333233 -6.38291603
 -6.32934193 -6.48955666 -5.81449829 -6.61532023 -5.88636839 -6.43007123
 -6.53896821 -6.54333233 -6.538425   -6.54333233 -6.69351768 -6.61941579
 -5.96588826 -6.50951562 -6.50951562 -6.61071816 -6.48625442 -6.41311351
 -6.6109346  -6.62872452 -6.49984168 -6.06447715 -6.27053364 -6.51003844
 -6.6109346  -6.45782157 -6.62710204 -6.17098231 -6.21216741 -6.49300123
 -6.62096077 -6.59538747 -6.16840131 -5.65701647 -6.41468558 -6.52300184
 -6.60452956 -6.31777667 -6.17098231 -6.59474761 -6.31777667 -6.63752466
 -6.48032965 -6.48032965 -6.61755913 -6.53403609 -6.36307671 -6.40094674
 -6.35501043 -6.60511243 -6.61971458 -5.62204973 -6.43112746 -6.4028149
 -6.61971458 -6.0162106  -6.34747924 -6.36947458 -5.8094817  -6.11785683
 -6.35859775 -6.42702403 -6.39772445 -5.94425716 -5.88098089 -6.44966083
 -6.50328672 -6.46837206 -6.39692497 -6.27996675 -6.44324875 -6.54575105
 -6.37622019 -5.62204973 -6.63735801 -6.46328358 -6.4155091  -5.64001353
 -6.38091115 -6.39772445 -6.54343846 -6.41958841 -6.58025152 -5.68025876
 -5.94586822 -5.69041077 -6.03544262 -5.71536893 -5.60119887 -5.64530286
 -5.67316255 -6.26672934 -5.67316255 -5.67316255 -5.67316255 -5.73101368
 -5.70918886 -5.69789948 -5.67316255 -5.98453928 -5.67538227 -6.03544262
 -5.67316255 -5.67316255 -5.64060165 -5.64060165 -6.20987578 -6.07395749
 -6.11372553 -6.12655607 -6.20987578 -6.02854517 -6.0114943  -5.95992095
 -4.65538527 -4.65538527 -4.65538527 -4.65538527 -5.99749538 -4.65538527
 -4.65538527 -5.22118949 -5.31651176 -5.62319384 -5.62319384 -5.22118949
 -5.62319384 -4.65538527 -4.66791846 -4.65538527 -4.65538527 -4.65538527]","[0.07009784 0.03915066 0.08843901 0.09401704 0.04438877 0.10426422
 0.06612711 0.12239883 0.09766862 0.08405356 0.07005161 0.07720967
 0.07571399 0.0498301  0.04914475 0.05310198 0.05834041 0.08645753
 0.04875141 0.06437531 0.03169084 0.0412788  0.0429131  0.12239883
 0.08996883 0.07454283 0.03333781 0.07285901 0.0874283  0.03333781
 0.08396231 0.17724565 0.0775595  0.05015227 0.08305971 0.05892788
 0.04384217 0.05892736 0.05371145 0.05671973 0.0582833  0.03344923
 0.07560954 0.13019751 0.07534864 0.06029735 0.07659885 0.0189255
 0.06823456 0.05542268 0.00836397 0.05935982 0.04914475 0.07720967
 0.0582833  0.0550458  0.07659885 0.0748339  0.06236616 0.11043172
 0.07534864 0.05875106 0.07454283 0.07944999 0.09401704 0.0459909
 0.06868815 0.11544062 0.01956656 0.07519493 0.07338395 0.03685133
 0.0748339  0.02878456 0.07198037 0.06895243 0.06895243 0.03333781
 0.12134148 0.05486171 0.14225739 0.04858378 0.0651628  0.10149557
 0.06453122 0.05253546 0.04670987 0.05633897 0.03921426 0.03921426
 0.08760276 0.04383912 0.07785518 0.07466246 0.05933919 0.06424944
 0.0563567  0.05875106 0.04594759 0.06428241 0.035726   0.03921426
 0.06868815 0.02949856 0.04855643 0.09656443 0.07183307 0.04670987
 0.03407467 0.05390954 0.06373544 0.02447643 0.04792338 0.08828254
 0.06220032 0.15442184 0.04671162 0.03381031 0.03381031 0.04336491
 0.05764832 0.02807886 0.06106492 0.06578473 0.06564619 0.06220032
 0.03670892 0.03381031 0.03098807 0.03381031 0.03921426 0.06449197
 0.04953209 0.04895009 0.04895009 0.06087933 0.07606284 0.07042755
 0.06095378 0.04549585 0.05892788 0.11236593 0.14053515 0.0637563
 0.06095378 0.0734037  0.02786752 0.10994948 0.15957336 0.05883421
 0.05875298 0.0416678  0.1778531  0.0600158  0.09530034 0.07519493
 0.05679032 0.05625368 0.10994948 0.02543128 0.05625368 0.06523595
 0.08934126 0.08934126 0.00969606 0.11085125 0.06741583 0.05448155
 0.05902462 0.05751071 0.14003229 0.02079293 0.03704683 0.04268624
 0.14003229 0.15604915 0.08488445 0.03640577 0.0757839  0.22647629
 0.08752934 0.08285742 0.0432984  0.12893442 0.05909131 0.05877928
 0.08587902 0.12840753 0.04997768 0.0775595  0.07993281 0.06225553
 0.06965732 0.02079293 0.04471377 0.0682328  0.03778149 0.03186023
 0.03955296 0.0432984  0.06140439 0.04563331 0.10001628 0.05638908
 0.08949991 0.25099236 0.20117272 0.25558366 0.25050447 0.06211179
 0.07105893 0.0886894  0.07105893 0.07105893 0.07105893 0.10887316
 0.0719672  0.061808   0.07105893 0.09015017 0.05744726 0.20117272
 0.07105893 0.07105893 0.02511762 0.02511762 0.12945279 0.09586209
 0.16032091 0.15980352 0.12945279 0.07329202 0.06756273 0.10178769
 0.04485055 0.04485055 0.04485055 0.04485055 0.05404979 0.04485055
 0.04485055 0.14850144 0.10463787 0.21485892 0.21485892 0.14850144
 0.21485892 0.04485055 0.17472759 0.04485055 0.04485055 0.04485055]"
7,SVR,"[-6.532181004698532, -6.989675625680028, -7.075701003856749, -6.214878872419969, -5.957323184577669, -5.978474040454585, -6.302419207497306, -5.882108175290516, -5.880106837267669, -6.075835910841362, -6.674889321265712, -6.01648648943812, -5.7664998797561235, -6.059610924853405, -6.620009042026168, -6.128092338287465, -6.525849729483852, -5.728136192103879, -6.569909687728803, -6.0669042526413035, -6.0669042526413035, -5.859730934672126, -6.287892765925375, -5.8928371574994065, -6.528063391960904, -6.1000071738286294, -6.513246919814622, -5.7001446743594375, -6.223627300218961, -6.308985176270677, -6.2508115749552955, -6.494031580395043, -6.032820592457205, -5.882304754299747, -5.884207474747279, -6.4456423068406545, -5.74821632883771, -6.427325655992303, -6.740305572731846, -6.808983659125243, -6.132169664847921, -5.870001895569057, -6.438960279988512, -6.707164681035252, -5.974440953924195, -5.7001446743594375, -6.323625976632966, -6.7835468781736985, -6.436564509155329, -6.628413325781702, -6.342147830603233, -5.896241326386643, -5.987970709661448, -6.098879044977435, -5.885105350490105, -5.7497138280365565, -6.434056035781085, -6.2508115749552955, -7.081320291016909, -6.674814430749516, -6.288214426201615, -6.0897513839951145, -5.97089543400457, -6.344950097281684, -6.228578726491941, -6.1278300463595725, -5.728136192103879, -5.77012407937804, -6.23176800910635, -5.846369777701303, -6.617266728182087, -6.797348462586815, -6.837809217345049, -7.00943927069405, -7.105800032778441, -5.912904040778262, -6.657044494081509, -6.083172971048111, -6.674814430749516, -6.9277500960787215, -6.165105140469993, -5.883357253889574, -6.3949442890261246, -6.7402867203933825, -6.2358038332276875, -5.944870970564711, -5.922284293257774, -6.243098689824479, -6.229111957636948, -5.834565227252533, -6.165105140469993, -6.00912969768426, -6.068564765154094, -6.164355768741231, -5.977174027108291, -5.663824516578265, -6.938844340286848, -6.654256010915511, -5.789663260903119, -6.427074608358146, -6.27050719119909, -6.5589789469872235, -6.47935742949493, -6.2192293191082975, -6.829189438682749, -7.02451305579789, -6.324375416506454, -6.442427903289231, -6.321735856524485, -6.592749771215632, -6.446973168412007, -6.41984878986521, -6.773413770684163, -5.69115772908781, -5.69115772908781, -7.273430389534013, -7.273430389534013, -6.86003131807391, -6.428863858740144, -6.657249868385849, -6.017911620861028, -6.826866741028743, -7.243306653935161, -7.379913774647326, -6.814214313009681, -6.713407114670884, -5.601172538272074, -6.073483871986793, -6.098690477444421, -6.704162559522982, -6.737038014142131, -6.864076357636019, -7.184427587840314, -6.150186468943288, -6.3822588338176285, -6.864076357636019, -6.867721228176446, -6.357222538953181, -6.357222538953181, -6.439678293403675, -6.215786218940449, -6.046738159838728, -6.167134939660773, -6.019752679714521, -6.687523690578557, -5.878306208860061, -6.254151734376138, -5.179894269472534, -7.270311074963145, -7.153212506340365, -6.529770804280768, -6.529770804280768, -7.239774194571769, -6.740384834149541, -5.186159702773392, -5.480188823066955, -5.994774693963756, -6.518892990657185, -5.72846254403631, -6.322342947439892, -7.063728249398223, -6.926253635883699, -5.524642119886241, -5.7144033203313915, -5.6481550624805426, -6.2716859557124955, -6.257528423277628, -6.0700101454261555, -5.813966985236573, -6.057215578122475, -6.002693747606502, -5.479738537103294, -5.65003003922482, -5.65003003922482, -5.65003003922482, -5.6560295242658984, -6.670137798359595, -6.241661529547472, -5.65003003922482, -6.419630927752839, -6.608390551724883, -5.65003003922482, -5.65003003922482, -5.790053781000435, -5.520053735960581, -6.179770484752041, -5.520053735960581, -5.774600586565801, -5.520053735960581, -6.179770484752041, -6.719964753793498, -6.719964753793498, -4.779194036401379, -4.779194036401379, -4.779194036401379, -4.779194036401379, -5.0399373953050555, -5.019849891935197, -4.899999180019231, -4.899999180019231, -4.779194036401379, -4.779194036401379, -6.990152530703717, -6.9054461532653235, -6.871467255687916, -5.778386605833606, -5.873304865536385, -6.53478204688913, -6.078823174671998, -6.057814268261436, -6.023074027697079, -6.023074027697079, -6.435767896372712, -5.930793491574302, -5.4923165595740215, -6.296715813711747, -5.715068573193433, -7.047473659282437, -5.6385602705680276, -5.722702210272884, -6.2305982136485385, -5.950524674117343, -5.764317541493508, -6.45005322161317, -6.230243928199267, -5.88893262838893, -5.799640882023901, -5.8026804289277525, -5.878191531495659, -5.927998609367838, -6.320799062927125, -5.776958232666266, -5.744550640847649, -5.61512996775706, -5.939046092695087, -6.75635159052847, -6.70372967522303, -6.183967683596086, -6.03628834934516, -5.878191531495659, -5.730623357702534, -6.857467351380374, -5.563109744571271, -5.877280166424228, -6.19119356236887, -5.783398714543786, -7.127398013034612, -6.28867475321819, -6.320799062927125, -5.695385908796155, -5.9665648641551075, -5.902584209320853, -6.341266825635945, -5.862247695490828, -6.309274229500388, -6.512983784340941, -5.803581523358746, -6.363075006175755, -5.9665648641551075, -6.345577460423627, -5.4212433156930455, -5.90247625183625, -6.053050115467403, -6.068354952342168, -6.267155309444389, -5.798982660288559, -6.765267725417917, -5.956228874262088, -6.753665222683644, -6.034325265732292, -6.31528640627789, -6.159062641172035, -5.730623357702534, -6.04877239888346, -7.0198230322018365, -6.822507248735434, -6.139155938760934, -5.675813370121582, -6.132494898098539, -6.400552813501414, -7.0198230322018365, -6.709239008924985, -6.950211898236899, -6.546471886583585, -7.0198230322018365, -6.136099221302577, -6.198311048646475, -6.396432846384318, -6.331960533066247, -6.276804971735469, -6.626093065332444, -6.766943746386549, -6.426186465587303, -6.900421346654695, -6.753665222683644, -6.401109488998611, -6.596617620179697, -6.285085846216451, -6.5704732489348086, -7.154696306395918, -6.320398468077602, -6.6315250188245365, -6.887070741027148, -6.619042809623372, -6.237042409155459, -6.181977523008674, -6.0470588710895745, -6.790936192092679, -6.773175282284088, -6.378722252942865, -6.535860834369895, -6.152303787375188, -7.191090204613591, -6.798931941759981, -7.441618557912705, -6.378722252942865, -6.766943746386549, -6.392242241944228, -5.827660887879099, -6.505412384263194, -6.284048983082254, -6.078823174671998, -6.798931941759981, -5.724566605961643, -6.164941643642463, -6.151904626877706, -6.848433354727611, -6.848433354727611, -6.38583594735994, -6.357715980185507, -6.338413913946818, -6.779701652996617, -6.779701652996617, -5.9354263873946485, -6.360246046273787, -6.286567172987344, -6.357715980185507, -5.293776653316477, -5.993455109824769, -5.904843480446584, -7.279825220391599, -6.688974557673202, -6.850514122404023, -6.850514122404023, -6.850514122404023, -6.619581077174609, -6.339495168936645, -6.174028284764528, -5.3319737622167365, -6.991749203173405, -6.522738247483615, -6.522738247483615, -6.906268682377081, -6.510204062495204, -6.6118401476916375, -5.565432552293088, -6.823806857624283, -5.678477893951458, -6.823806857624283, -6.078427683076889, -6.010183820300094, -6.703552420550598, -5.950802917877991, -6.456650970401518, -5.3775470232345715, -5.6347972212850275, -5.560359949888213, -5.6347972212850275, -6.0903230383330635, -5.209629144975678, -5.209629144975678, -5.209629144975678, -5.209629144975678, -5.3864579345651045, -5.20339204633346, -5.209629144975678, -5.209629144975678, -5.796845645382659, -5.50997446485245, -6.749687718861237, -5.50997446485245, -6.670146103999784, -6.149164527199394, -4.76947491527188, -4.76947491527188, -4.76947491527188, -4.76947491527188, -5.250087916810886, -5.250087916810886, -5.250087916810886, -5.039756216513167, -5.039756216513167, -5.140170002789513, -5.140170002789513, -5.03996138447543, -5.250087916810886, -4.76947491527188, -5.671659233471795, -4.76947491527188, -5.671659233471795, -4.76947491527188, -4.76947491527188, -4.76947491527188, -4.76947491527188, -6.950164535045009, -6.774368677067471, -5.98633391360176, -5.98633391360176, -5.896279923797144, -5.998035763356219, -6.2576543346574445, -6.331104197042539, -6.194359477471815, -5.912186837579913, -6.255866307347883, -6.255866307347883, -6.005578936344206, -5.791480140471355, -6.377506605738403, -6.144856431093451, -6.290111263719482, -6.532411649013243, -6.430488888940957, -6.377506605738403, -7.091683842631963, -6.245088975646885, -6.106039065642932, -6.272899084864168, -5.683218360811901, -6.568556148753153, -6.248097420085482, -5.669160003375625, -5.8483945012063705, -5.887052505483726, -6.1362990803585875, -6.579776984913811, -5.717961888167205, -5.693174238289451, -6.8450721016384755, -6.393778946550454, -6.352963569009056, -7.081034988902708, -6.320039669668581, -6.092030970872172, -6.4007995893869625, -5.978345525342155, -5.905743319426453, -6.32649921488691, -5.669160003375625, -6.45843360723433, -6.537678660057996, -6.063084248677578, -6.604446724919254, -6.565947848119424, -6.171829640053845, -6.343443258088818, -6.23730999879637, -6.254678127701795, -6.205902754760805, -6.750835850805216, -6.938883560921887, -6.131774645152974, -6.970432898555693, -6.574803370374083, -6.574485059386391, -6.352935534808003, -5.721316984661095, -6.076249860979716, -6.152500137913218, -6.492259827810733, -6.68618893894885, -6.416587205215184, -6.418126459286459, -6.256690424833436, -5.93835310054736, -5.897633318167166, -6.568159161102015, -6.568159161102015, -5.79439543791926, -5.922420645929391, -6.723704254325474, -6.723704254325474, -7.295176241130652, -5.721316984661095, -6.811595242077755, -6.003808764258825, -5.884335222652373, -5.643142843734772, -6.440696059744533, -6.723704254325474, -5.944719768688943, -6.835824948627781, -6.301951212650217, -6.0776971780650495, -6.0776971780650495, -6.568159161102015, -6.1552419567961705, -6.413799300378048, -6.205902754760805, -6.049831332737315, -6.735048509667502, -6.811595242077755, -5.865260181745519, -6.021689497025905, -6.764880425635231, -6.284714402693603, -6.284714402693603, -6.550028452299607, -6.3250195987546185, -5.790122010264223, -6.941939060281063, -6.811595242077755, -6.702695098582835, -6.501083912384214, -5.824908537745798, -5.861850866620221, -6.692408438929697, -6.524690940686353, -6.394648757745001, -6.5754529696197865, -6.550028452299607, -6.391787365920126, -6.8027759593708526, -6.5754529696197865, -6.512898677348286, -6.600029495783836, -6.756061781562359, -6.413799300378048, -7.0261809982800365, -6.692408438929697, -7.037056775948728, -6.8872952117546085, -6.756061781562359, -6.101064133747009, -6.872683042877509, -7.1944628091825855, -6.378396333290559, -5.7150010447061055, -7.301568579629661, -6.25662552028955, -6.952336420405549, -6.721724695339754, -6.75821505183474, -6.651816534694417, -6.610229414102784, -6.601278712861563, -6.402048017211964, -6.423611777955276, -6.651816534694417, -6.91723143625016, -6.260781572538185, -6.831374480594684, -6.320109283292934, -6.77538631359194, -6.253132359042932, -6.411698616123288, -5.411741422061477, -5.461120792082009, -6.411698616123288, -6.241567525556212, -6.452344949394637, -6.286276648056226, -6.520433585313784, -6.463557379320784, -7.269749271636177, -7.269749271636177, -6.682447990645827, -6.200194511888591, -5.866836021971036, -6.068724623366662, -5.973789431443394, -5.702252508526596, -5.3755847982278615, -5.378960917137911, -5.261341680665348, -5.78971250034848, -5.209975445337128, -5.209975445337128, -6.509880039507864, -5.209975445337128, -5.209975445337128, -5.5660941908398165, -5.209975445337128, -5.209975445337128, -5.209975445337128, -6.749836551712929, -6.749836551712929, -6.749836551712929, -5.509925338651469, -6.169727706993962, -6.179716283677813, -5.509925338651469, -4.819616466227861, -4.819616466227861, -4.819616466227861, -4.819616466227861, -6.199903074894564, -4.819616466227861, -4.819616466227861, -5.039967185204352, -5.019877301699319, -4.819616466227861, -4.819616466227861, -4.819616466227861, -5.019877301699319, -6.497495811836076, -7.129941369892475, -6.1863230202298425, -7.274754382979008, -6.23098307126436, -6.195824890798629, -5.8197219911655775, -6.09760791853222, -5.7003084124467875, -6.76483570820284, -5.749981579158353, -6.2668960335421255, -5.842341396474923, -5.842341396474923, -5.749981579158353, -6.094510183173734, -5.859504734051329, -6.670461275565835, -6.528141692216512, -5.535511151849755, -6.223583692260753, -6.235471646748532, -5.614325378621662, -6.045675274289978, -6.402364700846274, -6.71416631974745, -6.413875293568663, -6.15267026523124, -6.062918703920743, -6.194593635835877, -6.24612904976148, -5.778282742033506, -5.778282742033506, -5.692016503472977, -6.396933885403918, -5.540839532970733, -6.366923947258474, -5.9266276436911705, -6.065225755573146, -5.944770759229772, -6.065225755573146, -6.134111208981508, -5.76421201854352, -6.115076605981159, -6.6961418785931075, -5.819899285733536, -5.412969561925363, -6.298969756270167, -5.7794348311171415, -6.719444469956191, -6.041509029378776, -5.930607447823715, -5.999978167791923, -5.61988047250315, -5.78744197180993, -6.1173397079700615, -6.052231666913868, -6.44668571012969, -5.7794348311171415, -5.953687029304236, -5.585184229393025, -5.760686063786553, -5.779980442338738, -6.631156942899173, -6.549990070467506, -6.549990070467506, -6.174561420657309, -5.750291347214566, -6.707731075069592, -6.899875467163347, -6.141056153813517, -6.127968869008422, -6.077321546040256, -5.779980442338738, -6.736962188107146, -5.684548087087726, -7.029295149654111, -6.704644259005627, -6.433876046476276, -5.900162747065953, -6.155932184677824, -5.641719021532495, -5.641719021532495, -5.551342563420884, -6.327783987963901, -6.12609487472761, -5.915568961682832, -6.2902599555006455, -6.414156927417572, -6.188711587704035, -6.613475691285284, -7.029295149654111, -6.348897973934406, -7.18817161674662, -6.632174443132487, -6.415143062206435, -6.203826697247794, -6.613475691285284, -6.223140381876918, -6.613475691285284, -6.47938758099924, -5.900162747065953, -6.467432101162869, -6.238824972682247, -6.769791724461849, -6.191869948808883, -6.9143309967188795, -6.613475691285284, -6.831771300167317, -6.827277366489713, -6.861067059664226, -6.415243775650801, -5.9697954824610795, -6.329866750636359, -6.471042684949645, -5.885278666371933, -5.7713621008087435, -6.183190283646168, -6.329580445146626, -6.981404410578429, -7.240008805570257, -6.798433991623172, -5.8344370586900896, -5.9623615296202646, -6.907120224923617, -7.240056370247782, -6.3931946285828465, -7.10879318994593, -7.240056370247782, -6.731108214822518, -6.572253416635812, -5.010753943013053, -6.731108214822518, -6.364583872000086, -6.838470220639579, -6.178178991704164, -7.051811066367155, -6.674846863234528, -6.331594460302755, -5.126302310165857, -6.363691068291935, -5.2216460978268735, -6.349100071307546, -6.2338544021602, -6.2338544021602, -7.225450645739233, -5.249189881981574, -6.598772538149524, -7.225450645739233, -7.225450645739233, -6.502238329954455, -5.435544298845061, -6.461482378186505, -6.7435787784786845, -6.598772538149524, -6.542706634388896, -5.990166709119729, -5.166281625022918, -6.896174650282511, -6.159930547568733, -6.309298091327819, -5.268305731336383, -6.247195614289754, -6.119943440007602, -6.098644032295563, -5.200347751510368, -5.1715305625741665, -5.200043560727869, -5.200043560727869, -5.330370600158697, -5.278767605217864, -6.509726865073977, -5.200043560727869, -5.324270138582509, -5.278767605217864, -5.278767605217864, -5.200043560727869, -5.200043560727869, -5.200043560727869, -5.200043560727869, -6.937132150594792, -7.100166735489002, -6.900503066770382, -6.900503066770382, -6.311666586278119, -6.995067473473708, -6.900503066770382, -6.415611776222047, -5.715119220306189, -6.19973657305902, -4.91533432045631, -4.91533432045631, -5.329563064049556, -5.329563064049556, -5.040201847455966, -4.775262996667404, -4.91533432045631, -4.91533432045631, -4.91533432045631, -4.775262996667404, -5.10005753784165, -6.884675083920548, -7.099931055372469, -6.006058078191767, -7.061413202638624, -6.885988537819605, -5.764375890644637, -5.847691162175135, -5.890020186134814, -6.191052639254322, -6.245632138748781, -6.849623844515428, -5.878577545456615, -6.069033494102307, -6.0163616322100975, -6.744995404417215, -5.7406847014692195, -6.143350468048334, -5.868277498518728, -6.2345952139266, -6.2345952139266, -5.716005008986159, -6.073961430475588, -6.36330466566778, -5.716005008986159, -6.249558708692165, -5.606406603852063, -5.642246573683492, -6.255761500889649, -6.2764629905783815, -5.901097314332305, -6.04455609848153, -7.1176974518327345, -6.43966882349488, -6.140853909743687, -5.619819476645768, -5.962097010068755, -6.8620565887931635, -5.868277498518728, -6.324860688822824, -6.856883144193342, -5.953977884328923, -6.386282794270172, -5.992410179373844, -6.481516262940882, -5.901028244211314, -6.435628178097727, -6.286744614072506, -6.505608755017357, -5.789647962854826, -5.7406847014692195, -6.074370539665096, -7.353966888596, -6.8082525709777615, -6.8082525709777615, -6.420604802627452, -5.718458705730357, -5.953977884328923, -5.642246573683492, -5.929480257085906, -6.395035685276724, -6.3432942011833875, -6.302084058678132, -6.124443200593048, -5.757623787171461, -6.616166110596711, -6.171806398666409, -6.944673005498852, -6.558716400041996, -7.07587787761292, -6.022465285228574, -5.789319987682464, -5.789319987682464, -6.942196883365478, -6.302084058678132, -5.712747431454686, -6.395035685276724, -6.525761479800367, -6.092445289734833, -6.978435241150542, -6.179195709629794, -7.020097377512177, -6.820210032323802, -5.7401934964629975, -6.0030354861628945, -6.307137301963688, -5.4820925282375885, -6.789183156434582, -6.068743245149657, -6.318822150655592, -6.6534051692699565, -6.002348339729532, -6.451085184891979, -6.159914633670442, -6.499966948298633, -6.548516224628045, -6.474232015779956, -6.692575450461919, -6.289046688213703, -6.625032808266456, -6.625032808266456, -6.451085184891979, -6.469674260942572, -6.668185804340227, -6.610201253143412, -6.926683368153757, -6.203105449328941, -6.5078051098707945, -6.182704949409476, -6.774109397595313, -5.89701244703608, -6.968242717670962, -6.1373049763307925, -6.861416620856564, -6.986822218009525, -6.292566061245393, -6.489842874640577, -6.539043532684035, -6.793015222445421, -7.3417437662051945, -6.530683637758849, -6.8451597645458016, -5.741091382242709, -6.383563813973633, -7.160873121452634, -6.4026875546800275, -5.803753825596646, -5.764028410019762, -6.383563813973633, -6.940622936482344, -6.1748084235383045, -7.270098333374803, -6.768969854240075, -6.725148377806998, -6.170579117604071, -6.753135014712037, -6.607214823237237, -6.439493874741513, -6.976783130112024, -6.890608969465701, -6.643766371445247, -6.465632923683739, -5.643270969046111, -4.837012377463448, -6.571879098019745, -7.008843608053983, -7.008843608053983, -6.3956696807060025, -7.203715542801529, -5.1528876019361665, -6.267104526283482, -6.267104526283482, -5.1146599798054675, -6.682022469318561, -6.836133316213409, -5.988735669082048, -5.899878922736248, -4.861087174870104, -6.439014850327769, -5.468001316679356, -5.292716625668821, -4.823716627692791, -6.335502041780097, -5.688308866093279, -5.688308866093279, -5.6060878123646285, -5.319193847587944, -5.449634108922863, -5.449634108922863, -5.449634108922863, -5.449634108922863, -5.449634108922863, -5.881779795112598, -5.789833914569226, -5.449634108922863, -5.449634108922863, -6.157301454673807, -5.449634108922863, -6.670171227419067, -6.670171227419067, -6.302611520752144, -6.142207430497082, -6.188209127510352, -6.568227890265947, -6.568227890265947, -5.619862815420246, -5.619862815420246, -4.819602480320507, -4.819602480320507, -4.819602480320507, -6.212558400920484, -6.212558400920484, -6.387464646924795, -4.842329111140534, -5.33007998476194, -5.019760229452096, -4.949844090027861, -5.019760229452096, -5.019760229452096, -4.842329111140534, -4.819602480320507, -5.33007998476194]","0     -7.22
1     -6.21
2     -7.24
3     -5.92
4     -5.96
       ... 
247   -6.00
248   -3.99
249   -5.24
250   -4.77
251   -4.71
Name: Permeability, Length: 252, dtype: float64","[array([-6.532181  , -6.55705758, -6.18562764, -5.74971383, -5.803365  ,
       -6.68845128, -6.39082958, -6.61153099, -5.67155725, -6.06300069,
       -6.23183245, -5.88947426, -5.7711457 , -6.21759112, -6.07578983,
       -6.29215863, -6.43950995, -7.02014863, -6.28789277, -5.90037753,
       -6.26313998, -6.24012305, -5.86828286, -6.52211436, -6.61283463,
       -5.72142429, -6.2733019 , -5.72813619, -6.30856494, -6.03448888,
       -6.71863247, -6.64898347, -5.96987609, -6.16075968, -5.71996705,
       -7.11149352, -6.11017948, -6.25872604, -5.77012408, -6.47845841,
       -6.28734937, -6.05320958, -5.89283716, -6.55016151, -6.10978429,
       -6.18792738, -6.03233205, -6.20734617, -5.74969811, -5.57122609,
       -6.46398614, -6.91998524, -6.07578983, -5.88947426, -6.28734937,
       -6.32362598, -6.9670923 , -5.98871605, -5.63465457, -6.36270937,
       -6.10978429, -5.88510535, -5.70014467, -5.86169054, -5.74971383,
       -6.12193651, -6.97411616, -5.56966703, -6.12783005, -6.21730016,
       -5.78004263, -6.7240437 , -5.98871605, -6.66652296, -5.94230215,
       -5.7167611 , -5.7167611 , -6.03448888, -5.82443491, -6.56948274,
       -6.02775778, -5.80873858, -6.04059967, -6.31049669, -5.74821633,
       -6.32092895, -6.91708852, -6.12094183, -7.00943927, -6.88543667,
       -6.89111228, -7.08008306, -6.55603215, -5.91290404, -6.63174513,
       -6.84126369, -6.15291392, -5.88510535, -6.41930743, -6.45441971,
       -6.91645488, -6.88543667, -6.97411616, -6.51193785, -6.08991769,
       -6.36482102, -5.95638422, -6.91708852, -6.5017232 , -6.65704449,
       -6.24309869, -5.82149846, -6.36336908, -5.91211566, -6.08005722,
       -5.88472438, -6.93884434, -6.11919543, -6.11919543, -5.90951648,
       -6.2333663 , -6.55897895, -6.02492489, -6.67936688, -6.14319583,
       -6.08005722, -6.42707461, -6.11919543, -6.49200558, -6.11919543,
       -6.64146233, -6.64320643, -6.1332045 , -6.6103288 , -6.6103288 ,
       -6.9171054 , -6.59274977, -6.1823323 , -6.79009863, -7.02136865,
       -6.86003132, -6.59791318, -6.79461941, -6.99683356, -6.79009863,
       -5.97620877, -7.24330665, -6.18428073, -6.09717335, -6.39775843,
       -6.8862631 , -6.88821326, -6.21325726, -5.35829401, -6.40751971,
       -6.8044199 , -6.53480545, -6.09869048, -6.18428073, -6.48288536,
       -6.09869048, -7.24036053, -6.71503526, -6.71503526, -6.54999092,
       -6.3239335 , -6.92063502, -6.67044055, -6.19829848, -6.19678467,
       -6.86772123, -5.31539879, -6.40001649, -6.50158163, -6.86772123,
       -6.35722254, -6.51476965, -6.30717143, -6.13222773, -6.01755334,
       -5.98082803, -6.31197028, -6.6339087 , -5.99458426, -5.57914209,
       -6.30282672, -7.00183729, -6.93576289, -6.31928071, -5.87830621,
       -6.87314973, -6.54817043, -6.23090188, -5.21182364, -6.75001641,
       -6.07914546, -6.44587654, -5.99536082, -5.90009571, -6.68474397,
       -6.32234295, -6.35521956, -7.35781351, -5.49747922, -6.25752842,
       -6.27168596, -5.99368591, -6.59995074, -5.59044204, -5.11968961,
       -5.65003004, -6.15084612, -5.65003004, -5.65003004, -5.65003004,
       -5.65602952, -5.79005378, -6.6701378 , -5.65003004, -5.81396699,
       -6.45631326, -5.99368591, -5.65003004, -5.65003004, -5.36015698,
       -5.36015698, -6.75021861, -6.17977048, -6.37443894, -6.60839055,
       -6.75021861, -5.7300872 , -5.52005374, -5.86210182, -4.77919404,
       -4.77919404, -4.77919404, -4.77919404, -6.71996475, -4.77919404,
       -4.77919404, -5.0399374 , -5.33017053, -4.89999918, -4.89999918,
       -5.0399374 , -4.89999918, -4.77919404, -5.99145034, -4.77919404,
       -4.77919404, -4.77919404]), array([-6.71295544, -6.78928635, -6.24091017, -5.77838661, -5.73271972,
       -6.76354643, -6.22064136, -6.48468715, -5.83996508, -6.14492181,
       -6.29855011, -5.8830787 , -5.79898266, -6.24152237, -5.92814505,
       -6.04138538, -6.29375603, -7.14216775, -6.17776969, -5.94830435,
       -6.41502818, -6.31187382, -5.76431754, -6.36020643, -6.39405397,
       -5.61512997, -6.30135184, -5.63856027, -6.27826266, -6.06843527,
       -6.8442269 , -6.52323436, -6.05781427, -6.0487724 , -5.69615649,
       -6.98173188, -6.1504066 , -6.27997292, -5.74455064, -6.33771536,
       -6.31528641, -6.04651076, -5.96656486, -6.61778368, -6.03628835,
       -6.07118767, -5.82966944, -6.25536706, -5.75023221, -5.67691358,
       -5.96827692, -7.11972373, -5.92814505, -5.8830787 , -6.31528641,
       -6.32069114, -6.73626642, -5.95204033, -5.65171737, -6.40983118,
       -6.03628835, -5.89331309, -5.67581337, -5.86927888, -5.77838661,
       -5.93247912, -6.70923901, -5.42124332, -6.12980162, -5.87819153,
       -5.74419054, -6.48976089, -5.95204033, -6.66877877, -6.1061277 ,
       -5.64255365, -5.64255365, -6.06843527, -5.97126567, -6.60278714,
       -6.13867488, -5.64462863, -6.09731028, -6.11492358, -5.71854037,
       -5.8905555 , -6.9502119 , -6.07795274, -7.01982303, -6.8857639 ,
       -6.75366522, -6.82250725, -6.50541238, -5.81829398, -6.3859972 ,
       -6.77288359, -6.11355163, -5.89331309, -6.16664033, -6.32984174,
       -6.80381958, -6.8857639 , -6.70923901, -6.49422248, -6.18554911,
       -6.49354894, -5.95599826, -6.9502119 , -6.54647189, -6.62609307,
       -6.17685824, -5.94735617, -6.46870108, -6.31002215, -5.96101233,
       -5.9175965 , -7.0251362 , -6.19260304, -6.19260304, -5.98556072,
       -5.9252496 , -6.39514823, -6.080663  , -6.74911   , -6.46590518,
       -5.96101233, -6.57047325, -6.19260304, -6.60851141, -6.19260304,
       -6.65379804, -6.45489408, -6.3754381 , -6.63152502, -6.63152502,
       -6.92520189, -6.41899935, -6.26977269, -6.88707074, -6.92743653,
       -6.79093619, -6.40223814, -6.9601637 , -6.76694375, -6.88707074,
       -6.14467623, -7.06659967, -6.31484511, -6.1211551 , -6.30311258,
       -7.00388965, -6.8460804 , -6.29729804, -5.21341713, -6.51016053,
       -6.53586083, -6.4700467 , -6.1324949 , -6.31484511, -6.30282732,
       -6.1324949 , -7.26042625, -6.77970165, -6.77970165, -6.16443962,
       -6.38911645, -6.75526353, -6.57816283, -6.09078417, -6.16494164,
       -6.97005012, -5.1635353 , -6.45005322, -6.44259738, -6.97005012,
       -6.45038147, -6.56036075, -6.38583595, -6.21215027, -6.3859522 ,
       -5.91901902, -6.24952221, -6.70004129, -6.10134672, -5.63427151,
       -6.33949517, -6.9917492 , -6.95123556, -6.2031834 , -5.81717642,
       -6.90626868, -6.61184015, -6.37924866, -5.23527565, -6.82380686,
       -5.98344368, -6.33944864, -6.12236001, -6.01018382, -6.71499028,
       -6.39437607, -6.38405385, -7.33111513, -5.54397455, -6.16706657,
       -5.91994454, -6.1846104 , -6.60001113, -5.40389089, -5.12022429,
       -5.20962914, -6.07030845, -5.20962914, -5.20962914, -5.20962914,
       -5.38645793, -5.53012349, -6.5996634 , -5.20962914, -5.99043106,
       -6.02866079, -6.1846104 , -5.20962914, -5.20962914, -5.34452574,
       -5.34452574, -6.74968772, -6.14916453, -6.58271162, -6.17922143,
       -6.74968772, -5.73006424, -5.50997446, -6.03818234, -4.76947492,
       -4.76947492, -4.76947492, -4.76947492, -6.21401047, -4.76947492,
       -4.76947492, -5.03996138, -5.25008792, -5.14017   , -5.14017   ,
       -5.03996138, -5.14017   , -4.76947492, -5.7640442 , -4.76947492,
       -4.76947492, -4.76947492]), array([-6.49798639, -6.6446982 , -6.15940092, -5.75022983, -5.75235281,
       -6.94363072, -6.49047107, -6.66326301, -5.7587743 , -6.26815357,
       -6.39727973, -5.88604462, -5.70040091, -6.25765433, -6.11873565,
       -6.28977739, -6.23430577, -7.21604722, -6.37750661, -5.97728853,
       -6.45075412, -6.26163195, -5.75016338, -6.66638186, -6.29228294,
       -5.68321836, -6.18628656, -5.66168895, -6.33548074, -6.06985831,
       -7.06048964, -6.86892687, -5.98633391, -6.21979907, -5.69786908,
       -7.11717629, -6.12424504, -6.34344326, -5.73047998, -6.32473426,
       -6.33697679, -6.05545237, -5.9127746 , -6.94071358, -6.08660316,
       -6.12594739, -6.14199657, -6.17051392, -5.72131698, -5.54597069,
       -6.51232803, -7.12019642, -6.11873565, -5.88604462, -6.33697679,
       -6.25467813, -6.98778798, -6.18141223, -5.68085889, -6.36040467,
       -6.08660316, -5.97684371, -5.69317424, -5.76781839, -5.75022983,
       -6.25159968, -7.02326756, -5.50576077, -6.14289355, -6.27703921,
       -5.78947027, -6.69069644, -6.18141223, -6.71463275, -5.98549384,
       -5.86029719, -5.86029719, -6.06985831, -5.92343567, -6.47558543,
       -5.91256677, -5.77204749, -6.07551062, -6.51972314, -5.66916   ,
       -6.47762072, -6.88925001, -6.1781627 , -6.94193906, -6.72370425,
       -6.81159524, -7.01808683, -6.46849196, -5.89847072, -6.3255149 ,
       -6.73266138, -6.45824347, -5.97684371, -6.71744422, -6.68618894,
       -6.93888356, -6.72370425, -7.02326756, -6.64353085, -6.04336396,
       -6.21275069, -6.02869429, -6.88925001, -6.4137993 , -6.55074391,
       -6.20614751, -5.89532914, -6.43628918, -6.28601446, -5.82490854,
       -5.94387046, -6.94004645, -6.2847144 , -6.2847144 , -5.98580573,
       -6.41658721, -6.62667383, -6.22096285, -6.69215054, -6.34783456,
       -5.82490854, -6.43096545, -6.2847144 , -6.59530673, -6.2847144 ,
       -6.58088731, -6.52225156, -6.2382614 , -6.55002845, -6.55002845,
       -6.87268304, -6.50014776, -6.39178737, -6.75606178, -6.99510835,
       -6.64763972, -6.51714118, -6.87923007, -7.00267706, -6.75606178,
       -6.03571277, -7.03705678, -6.34669501, -6.19172033, -6.27886084,
       -6.88729521, -6.82055648, -6.27933518, -5.35964243, -6.34466568,
       -6.65752284, -6.60127871, -6.16725173, -6.34669501, -6.41147588,
       -6.16725173, -7.23997944, -6.65181653, -6.65181653, -6.67222199,
       -6.40204802, -6.90026995, -6.67022961, -6.38086848, -6.29086328,
       -6.85284627, -5.25212402, -6.50946255, -6.61022941, -6.85284627,
       -6.44994587, -6.59430599, -6.41263423, -6.22438336, -6.27522837,
       -5.87934741, -6.35377225, -6.70333639, -6.10000192, -5.58034909,
       -6.45234495, -7.11344047, -6.73673362, -6.47547599, -5.82021281,
       -6.914241  , -6.70053455, -6.33654926, -5.23404237, -6.92072877,
       -6.19877992, -6.30768753, -5.84786021, -6.06872462, -6.77778568,
       -6.50055512, -6.52023978, -7.38468375, -5.56536801, -6.24205347,
       -5.91960232, -5.98246923, -6.60042608, -5.35984811, -5.12010981,
       -5.20997545, -6.00722391, -5.20997545, -5.20997545, -5.20997545,
       -5.58594062, -5.52995566, -6.50988004, -5.20997545, -5.7897125 ,
       -6.17618222, -5.98246923, -5.20997545, -5.20997545, -5.36029283,
       -5.36029283, -6.74983655, -6.17971628, -6.55971936, -6.24544322,
       -6.74983655, -6.16972771, -5.50992534, -5.84465944, -4.81961647,
       -4.81961647, -4.81961647, -4.81961647, -6.19990307, -4.81961647,
       -4.81961647, -5.03996719, -5.33026881, -4.94953866, -4.94953866,
       -5.03996719, -4.94953866, -4.81961647, -5.74488558, -4.81961647,
       -4.81961647, -4.81961647]), array([-6.49749581, -6.65857766, -6.00716537, -5.7497638 , -5.79252219,
       -6.74968651, -6.32619417, -6.53592924, -5.83835966, -6.10290027,
       -6.27994319, -5.82962529, -5.70445178, -6.21592003, -5.9567668 ,
       -6.21674615, -6.42312178, -7.05271623, -6.24612905, -5.8365845 ,
       -6.35745262, -6.30202362, -5.85950473, -6.41521763, -6.42695158,
       -5.59014672, -6.31841113, -5.61432538, -6.39693389, -6.06522576,
       -6.84528518, -6.61002392, -5.96979427, -6.09720666, -5.62067937,
       -7.12547277, -6.19459364, -6.22560901, -5.77998044, -6.43960758,
       -6.31596582, -6.03216786, -6.04567527, -6.7514704 , -6.23874815,
       -6.14354773, -5.92690838, -6.21690368, -5.77943483, -5.6902882 ,
       -6.23491202, -6.99721514, -5.9567668 , -5.82962529, -6.31596582,
       -6.32020391, -6.92395448, -6.06471233, -5.71487704, -6.30183501,
       -6.23874815, -5.89578187, -5.70030841, -5.879827  , -5.7497638 ,
       -5.96624641, -6.95395973, -5.56985997, -6.11733971, -6.15267027,
       -5.73524473, -6.68094944, -6.06471233, -6.71894133, -6.01289222,
       -5.6920165 , -5.6920165 , -6.06522576, -5.85797379, -6.6279637 ,
       -6.1124254 , -5.73447959, -6.09147695, -6.27411692, -5.75407277,
       -6.21044396, -6.914331  , -6.06173536, -7.02929515, -6.8809819 ,
       -6.85828187, -6.99434979, -6.53516224, -5.89992527, -6.52763469,
       -6.7904208 , -6.14475097, -5.89578187, -6.31705878, -6.40726926,
       -6.89875732, -6.8809819 , -6.95395973, -6.43832081, -6.13186372,
       -6.26121595, -5.98772114, -6.914331  , -6.52882598, -6.67970224,
       -6.21894601, -5.91556896, -6.41514306, -6.09371193, -6.18871159,
       -5.99349995, -6.97456939, -6.21497816, -6.21497816, -6.01262776,
       -6.21031142, -6.57054862, -5.92257   , -6.71823478, -6.22157388,
       -6.18871159, -6.48341295, -6.21497816, -6.56379455, -6.21497816,
       -6.71534086, -6.58201371, -6.12788875, -6.61347569, -6.61347569,
       -6.98644036, -6.63529571, -6.26996357, -6.83213376, -6.95164442,
       -6.8317713 , -6.48499186, -6.34889797, -6.86106706, -6.83213376,
       -6.14620649, -7.20746771, -6.33547888, -6.08067474, -6.38026181,
       -6.8656286 , -6.8905253 , -6.30224194, -5.26953855, -6.42501462,
       -6.82925352, -6.54312372, -6.11425117, -6.33547888, -6.4827788 ,
       -6.11425117, -7.24005637, -6.73110821, -6.73110821, -6.43247151,
       -6.35199529, -6.91236022, -6.63340826, -6.17065654, -6.23507731,
       -6.83847022, -5.25602954, -6.44000454, -6.41979707, -6.83847022,
       -6.37781277, -6.52844605, -6.35635942, -6.14349619, -6.26613878,
       -5.89271823, -6.25259438, -6.46148238, -6.08227594, -5.5053556 ,
       -6.34910007, -7.06005579, -6.86486832, -6.2338544 , -5.81637037,
       -6.74357878, -6.59877254, -6.263249  , -5.17414935, -6.80802754,
       -6.03377076, -6.43455449, -5.90997065, -5.99016671, -6.5655621 ,
       -6.39252783, -6.30929809, -7.40710772, -5.4447045 , -6.13437133,
       -5.920003  , -6.31166659, -6.60000791, -5.41576414, -4.91973544,
       -5.20004356, -6.04181594, -5.20004356, -5.20004356, -5.20004356,
       -5.3303706 , -5.27876761, -6.50972687, -5.20004356, -5.990164  ,
       -6.07034658, -6.31166659, -5.20004356, -5.20004356, -5.32427014,
       -5.32427014, -6.90050307, -6.17998831, -6.56333313, -6.43512549,
       -6.90050307, -5.73002138, -5.52007464, -6.06362491, -4.91533432,
       -4.91533432, -4.91533432, -4.91533432, -6.19973657, -4.91533432,
       -4.91533432, -4.775263  , -5.32956306, -5.10005754, -5.10005754,
       -4.775263  , -5.10005754, -4.91533432, -5.77361935, -4.91533432,
       -4.91533432, -4.91533432]), array([-6.62103723, -6.65619164, -6.14895316, -5.76469855, -5.74612602,
       -6.62052562, -6.28706839, -6.45173076, -5.8220702 , -6.28233113,
       -6.14545097, -5.76091276, -5.70739789, -6.19105264, -6.04470757,
       -6.26223044, -6.48133645, -7.20159649, -6.2516954 , -5.82762445,
       -6.33860728, -6.31913459, -5.82561007, -6.17387435, -6.29169238,
       -5.6064066 , -6.36347479, -5.61981948, -6.24875247, -6.11133243,
       -6.93619522, -6.54856271, -5.90365552, -6.1244432 , -5.69051691,
       -7.20540589, -6.23459521, -6.4631523 , -5.7406847 , -6.40256344,
       -6.28674461, -5.98339111, -5.8682775 , -6.57350837, -6.10459197,
       -6.12700186, -6.02618989, -6.2557615 , -5.73972038, -5.79573987,
       -6.3959019 , -7.11769745, -6.04470757, -5.76091276, -6.28674461,
       -6.26180649, -6.92857595, -6.14996805, -5.78554412, -6.45016297,
       -6.10459197, -5.91797104, -5.67874493, -5.76400367, -5.76469855,
       -6.14744589, -6.9784261 , -5.43881351, -6.07437054, -6.26480608,
       -5.70236154, -6.6710634 , -6.14996805, -6.65842609, -5.93292623,
       -5.64224657, -5.64224657, -6.11133243, -5.84769116, -6.61474527,
       -6.00550993, -5.78964796, -6.03816617, -6.23059499, -5.71845871,
       -6.24379456, -6.97843524, -6.16239994, -7.02009738, -6.81473138,
       -6.82021003, -7.13983239, -6.51037836, -5.78931999, -6.62891227,
       -6.81318474, -6.42938814, -5.91797104, -6.53924674, -6.4941958 ,
       -6.92689312, -6.81473138, -6.9784261 , -6.56673522, -6.10513832,
       -6.27494485, -5.98251507, -6.97843524, -6.5132892 , -6.64009578,
       -6.17721549, -5.92125932, -6.48306944, -6.06703711, -6.15934833,
       -5.79254008, -7.04664164, -6.20158007, -6.20158007, -6.03146275,
       -6.44482937, -6.51036536, -5.9203483 , -6.74739258, -6.21227798,
       -6.15934833, -6.46967426, -6.20158007, -6.6681858 , -6.20158007,
       -6.71588528, -6.67694383, -6.26010432, -6.61020125, -6.61020125,
       -6.98682222, -6.58893596, -6.21023087, -6.87730476, -6.62183296,
       -6.72273812, -6.69796798, -6.80381123, -6.99660568, -6.87730476,
       -6.15828719, -7.16087312, -6.33412112, -6.02178632, -6.3071373 ,
       -6.96269306, -6.84300835, -6.3221731 , -5.16526018, -6.40205927,
       -6.84044348, -6.60721482, -6.17480842, -6.33412112, -6.40432386,
       -6.17480842, -7.27009833, -6.76896985, -6.76896985, -6.54523484,
       -6.39586382, -6.95356683, -6.64376637, -6.1714107 , -6.35978912,
       -6.92541271, -4.8219812 , -6.53756316, -6.46563292, -6.92541271,
       -6.4187874 , -6.5718791 , -6.44258303, -6.20235282, -6.32962752,
       -5.86963303, -6.17641234, -6.77281656, -6.04955297, -5.30022357,
       -6.33028138, -6.99356479, -6.85903373, -6.26710453, -5.77663735,
       -6.94113662, -6.55521133, -6.26346367, -5.11465998, -6.83613332,
       -6.05991283, -6.32698971, -5.75201099, -5.89987892, -6.75023107,
       -6.3179    , -6.43901485, -7.39851133, -5.63597987, -6.15758316,
       -5.92020064, -6.14263057, -6.33550204, -5.68830887, -5.31919385,
       -5.44963411, -6.19888898, -5.44963411, -5.44963411, -5.44963411,
       -5.45270272, -5.78983391, -6.59984754, -5.44963411, -5.82008528,
       -6.28378066, -6.14263057, -5.44963411, -5.44963411, -5.36035984,
       -5.36035984, -6.56822789, -6.18029019, -6.31280342, -6.0929406 ,
       -6.56822789, -5.72982096, -5.61986282, -5.95824974, -4.81960248,
       -4.81960248, -4.81960248, -4.81960248, -6.2125584 , -4.81960248,
       -4.81960248, -4.84232911, -5.33007998, -4.94984409, -4.94984409,
       -4.84232911, -4.94984409, -4.81960248, -6.38746465, -4.81960248,
       -4.81960248, -4.81960248])]","[-6.57233118 -6.66116229 -6.14841145 -5.75855852 -5.76541715 -6.75316811
 -6.34304091 -6.54942823 -5.7861453  -6.17226149 -6.27061129 -5.84982712
 -5.73647579 -6.2247481  -6.02482898 -6.2204596  -6.374406   -7.12653526
 -6.2681987  -5.89803587 -6.36499644 -6.28695741 -5.81357572 -6.42755892
 -6.4035631  -5.64326519 -6.28856525 -5.65250605 -6.31359894 -6.06986813
 -6.88096588 -6.63994627 -5.97749481 -6.1301962  -5.68503778 -7.10825607
 -6.16280399 -6.3141807  -5.75316397 -6.39661581 -6.3084646  -6.03414634
 -5.93722588 -6.68672751 -6.11520318 -6.1311224  -5.99141927 -6.22117847
 -5.7480805  -5.65602768 -6.315081   -7.0549636  -6.02482898 -5.84982712
 -6.3084646  -6.29620113 -6.90873542 -6.0673698  -5.6935304  -6.37698864
 -6.11520318 -5.91380301 -5.68963712 -5.8285237  -5.75855852 -6.08394152
 -6.92780171 -5.50106892 -6.11844709 -6.15800145 -5.75026194 -6.65130278
 -6.0673698  -6.68546038 -5.99594843 -5.710775   -5.710775   -6.06986813
 -5.88496024 -6.57811286 -6.03938695 -5.74990845 -6.06861274 -6.28997106
 -5.72168964 -6.22866874 -6.92986333 -6.12023851 -7.00411878 -6.83812362
 -6.82697293 -7.01097186 -6.51509542 -5.8637828  -6.49996084 -6.79008284
 -6.25976963 -5.91380301 -6.4319395  -6.47438309 -6.89696169 -6.83812362
 -6.92780171 -6.53094945 -6.11116656 -6.32145629 -5.9822626  -6.92986333
 -6.50082191 -6.6307359  -6.20445319 -5.90020241 -6.43331437 -6.13378026
 -6.0428076  -5.90644627 -6.9850476  -6.20261422 -6.20261422 -5.98499469
 -6.24606878 -6.532343   -6.03389381 -6.71725095 -6.27815749 -6.0428076
 -6.4763201  -6.20261422 -6.58556082 -6.20261422 -6.66147476 -6.57586192
 -6.22697941 -6.60311184 -6.60311184 -6.93765058 -6.54722571 -6.26481736
 -6.82853394 -6.90347818 -6.77062333 -6.54005047 -6.75734448 -6.92482542
 -6.82853394 -6.09221829 -7.14306079 -6.30308417 -6.10250197 -6.33342619
 -6.92115392 -6.85767676 -6.2828611  -5.27323046 -6.41788396 -6.73350011
 -6.55129388 -6.13749934 -6.30308417 -6.41685824 -6.13749934 -7.25018418
 -6.7293263  -6.7293263  -6.47287177 -6.37259141 -6.88841911 -6.63920152
 -6.20240368 -6.2494912  -6.89090011 -5.16181377 -6.46741999 -6.48796769
 -6.89090011 -6.41083001 -6.55395231 -6.38091681 -6.18292208 -6.25490004
 -5.90830914 -6.26885429 -6.65431706 -6.06555236 -5.51986837 -6.35480966
 -7.03212951 -6.86952682 -6.29977981 -5.82174063 -6.87567496 -6.6029058
 -6.29468249 -5.1939902  -6.82774258 -6.07101053 -6.37091138 -5.92551253
 -5.97380996 -6.69866262 -6.38554039 -6.40156523 -7.37584629 -5.53750123
 -6.19172059 -5.99028729 -6.12301254 -6.54717958 -5.49165081 -5.1197906
 -5.34386246 -6.09381668 -5.34386246 -5.34386246 -5.34386246 -5.48230028
 -5.58374689 -6.57785113 -5.34386246 -5.88087197 -6.2030567  -6.12301254
 -5.34386246 -5.34386246 -5.3499211  -5.3499211  -6.74369477 -6.17378596
 -6.47860129 -6.31222426 -6.74369477 -5.8179443  -5.5359782  -5.95336365
 -4.82064444 -4.82064444 -4.82064444 -4.82064444 -6.30923465 -4.82064444
 -4.82064444 -4.94749161 -5.31403406 -5.00792189 -5.00792189 -4.94749161
 -5.00792189 -4.82064444 -5.93229282 -4.82064444 -4.82064444 -4.82064444]","[0.08353081 0.07423748 0.0774759  0.01145247 0.0275197  0.10786856
 0.09210623 0.07840094 0.06448736 0.08809878 0.08256084 0.04960473
 0.04069784 0.02292919 0.07182043 0.09356482 0.09399826 0.07830494
 0.06522716 0.05924091 0.06478517 0.03071816 0.04836252 0.16432995
 0.11775428 0.0503524  0.05892302 0.04129141 0.05079879 0.02447278
 0.11336142 0.12278579 0.04919132 0.05781703 0.03370563 0.07187896
 0.0459878  0.08383218 0.01871499 0.05868236 0.01914868 0.02664673
 0.06315719 0.14486039 0.06700871 0.03746232 0.10571759 0.03206665
 0.0188495  0.08992591 0.19713512 0.08238783 0.07182043 0.04960473
 0.01914868 0.03109716 0.0894714  0.08868203 0.05347423 0.05012008
 0.06700871 0.03334563 0.01045497 0.05146071 0.01145247 0.11864121
 0.1116024  0.06278182 0.02348856 0.14657119 0.03156266 0.08271432
 0.08868203 0.02584475 0.0622665  0.08011853 0.08011853 0.02447278
 0.05423938 0.05481279 0.08069567 0.05805556 0.02492239 0.13238264
 0.03010665 0.19254637 0.03107148 0.04548406 0.03171881 0.06322016
 0.04636882 0.10698338 0.02955127 0.05007269 0.1250444  0.03673236
 0.1511221  0.03334563 0.18802584 0.11920509 0.04839834 0.06322016
 0.1116024  0.06963558 0.04700252 0.09910146 0.02662806 0.03107148
 0.04603765 0.04381262 0.02533677 0.0427108  0.04233008 0.14794037
 0.1344825  0.06715609 0.04397854 0.05282669 0.05282669 0.04152302
 0.18598236 0.07793955 0.1118465  0.0282479  0.11476982 0.1344825
 0.05184873 0.05282669 0.05774938 0.05282669 0.05062772 0.0803716
 0.09151745 0.02769443 0.02769443 0.04380901 0.07775197 0.07204983
 0.0500951  0.14457681 0.076894   0.1008311  0.21277634 0.09527876
 0.0500951  0.07305168 0.07949581 0.06027801 0.05536731 0.04673245
 0.05294817 0.02734614 0.03738075 0.07739726 0.0534501  0.11871735
 0.05013055 0.02949177 0.06027801 0.06617285 0.02949177 0.01268611
 0.04544108 0.04544108 0.1718644  0.02991376 0.06888558 0.03381935
 0.09622255 0.06929884 0.04937629 0.17669751 0.04956629 0.06683982
 0.04937629 0.03774013 0.02890227 0.04663553 0.03761701 0.12619974
 0.03987829 0.06042131 0.10595985 0.04010022 0.11722954 0.05115492
 0.04780539 0.07593336 0.09591051 0.03251454 0.06951881 0.05458755
 0.05465329 0.04541726 0.0550679  0.07151099 0.05759599 0.12649263
 0.06557284 0.07361499 0.06621846 0.07273777 0.02791107 0.06438866
 0.0488389  0.14069946 0.12348871 0.10583891 0.12591    0.12632025
 0.17975228 0.07077791 0.17975228 0.17975228 0.17975228 0.12171078
 0.19173718 0.06121671 0.17975228 0.0899214  0.15453374 0.12348871
 0.17975228 0.17975228 0.01420137 0.01420137 0.10535052 0.01231237
 0.11219386 0.18603976 0.10535052 0.17589173 0.04218551 0.08890552
 0.05158444 0.05158444 0.05158444 0.05158444 0.20545383 0.05158444
 0.05158444 0.11521325 0.031974   0.09424169 0.09424169 0.11521325
 0.09424169 0.05158444 0.24465786 0.05158444 0.05158444 0.05158444]"
8,LinearRegression,"[-6.154831751050289, -7.017513688945867, -7.083659950957279, -6.664474664084389, -5.868949483527287, -6.084840585671274, -6.845689245560606, -5.516622590222784, -5.368884451166828, -6.197853656444767, -6.43460549875682, -6.211918530197211, -5.56121456247073, -6.448950516613614, -6.163527231129384, -6.376287378467798, -6.072035198837457, -5.974643810629325, -6.446270362691789, -6.344362403177078, -6.344362403177078, -5.684971169588934, -6.401082214544906, -6.709855003615988, -6.096570571637227, -6.285537806925934, -6.491076266994833, -6.145772268185799, -6.0238693556446625, -6.27908751680632, -6.246603207860416, -6.560785147346124, -6.015211155556897, -6.203622939185755, -5.977423688819649, -6.035225560473096, -6.18258190655016, -6.971756500296314, -6.62881744663658, -5.95089390326113, -6.079739782850937, -6.162784770379322, -6.766598282565804, -7.055089645927369, -6.030227860566827, -6.145772268185799, -6.443722141017324, -6.502716238055988, -6.308967970380445, -6.324565267006239, -6.079817532721043, -6.099201117812874, -6.268316700872088, -6.145717012822267, -5.90727723641344, -6.25053243919851, -6.295622001353128, -6.246603207860416, -6.402669553215286, -6.747168953503493, -6.262960792564771, -6.120615757411555, -6.139012658899912, -6.8641745347016245, -6.211931055230964, -6.245673223731628, -5.974643810629325, -6.074819832814773, -6.356127190975422, -6.148552146376124, -6.380386327817739, -6.362585679767519, -6.393732296845055, -6.522647258830952, -6.148722753178737, -6.314775765041118, -6.445965172726812, -6.442698026268881, -6.747168953503493, -6.6204252252683435, -6.310712956155069, -6.353710364106635, -6.317846762215021, -6.542245950551381, -6.286549198292246, -6.426966589513819, -6.334935952533494, -6.522713860961953, -6.54287404845433, -6.148219211868875, -6.310712956155069, -6.246971014968945, -6.19314411862407, -6.329373053495589, -6.471558561761765, -6.280415699289092, -6.627010277015992, -6.594787686462543, -6.227173878798106, -6.477159119553011, -6.120416594394974, -6.430703176094158, -6.027946227577184, -5.79666385424379, -6.641114386928719, -7.124432006903518, -6.504208255606451, -6.639073945260858, -6.503671936073719, -6.623528521984646, -6.428154954419694, -6.311650453702958, -6.562894448474185, -5.925088833367115, -5.925088833367115, -6.802957896641314, -6.802957896641314, -6.4069230383892295, -6.354365281595804, -6.594088395300385, -5.523223240996289, -6.542198851976452, -6.5663390128237955, -6.910892612715813, -6.662013505914441, -6.545084230167068, -6.360524699840808, -6.35649024229696, -6.2487281685615725, -6.414729762694215, -6.56034622679972, -6.636912250503729, -6.861264340265159, -6.259564027651457, -6.538067875094716, -6.636912250503729, -6.3979345292460525, -4.880872692877928, -4.880872692877928, -4.981048715063375, -5.296748884719599, -5.241164834782096, -5.154957050810175, -5.1965728625341505, -6.728993468822028, -6.429694936246626, -6.548275662735338, -5.222424569997526, -6.961167067164788, -6.924357428800427, -6.637418077955185, -6.637418077955185, -6.841071040685238, -6.707520456612072, -5.477576532554664, -5.684531588279661, -6.421020802344553, -6.628024361227377, -6.241761678360912, -6.72015692202646, -6.882170922908399, -6.929313925706595, -5.641672915510098, -5.197329766478435, -5.363332089499066, -7.285420049967728, -5.276011886888687, -5.374339066148878, -5.338044316502342, -5.263524382459204, -5.769159530260734, -5.565725066639881, -5.663897609088479, -5.663897609088479, -5.663897609088479, -5.128087897630005, -6.577044216234231, -5.582145659967244, -5.663897609088479, -5.916420915896107, -6.01432619028838, -5.663897609088479, -5.663897609088479, -5.946944909161412, -5.874014401482109, -6.599638618978647, -5.874014401482109, -4.746868055108472, -5.874014401482109, -6.599638618978647, -6.725955093042368, -6.725955093042368, -5.128486223663166, -5.128486223663166, -5.128486223663166, -5.128486223663166, -5.904874858809672, -5.4342716005293665, -5.959316983279477, -5.959316983279477, -5.128486223663166, -5.128486223663166, -6.902500568304608, -6.935788231629177, -6.356427638656165, -6.258319908722248, -6.140900024174804, -6.567129858016688, -6.378495066593891, -6.050227905278052, -6.103697585931933, -6.103697585931933, -6.572165900584422, -5.6450711269647, -6.111391064188126, -5.817544701965781, -6.206034634364077, -6.3240868824008984, -6.004191013584893, -5.740753828357011, -6.2549252887589555, -5.908881038003431, -6.045433421491429, -6.460389408401251, -6.277987876212196, -6.2622972810132325, -6.1707103272543735, -6.037478676909461, -6.086677478956793, -6.227804948477722, -6.568142918825109, -5.723994096738924, -6.098834583760842, -6.1126229433457935, -6.328447671651236, -6.21028039641849, -6.353844054722293, -6.344858681020847, -6.423591517130599, -6.086677478956793, -6.140196635873519, -6.069870123513374, -6.079890366600984, -6.220378080528787, -6.0975524442379045, -6.118817932137061, -6.232169396141556, -6.256428278584294, -6.568142918825109, -6.270106262868533, -6.639748920755455, -6.067850580247147, -6.216047906541726, -6.345987903582043, -6.542656940597745, -6.4241430372251145, -6.37303778356983, -6.253853447122718, -6.639748920755455, -6.368549661534362, -6.2180986255842825, -6.352062143040877, -6.013709653086896, -5.585161655255569, -6.440155663464708, -6.137138750592756, -6.696197485082911, -6.3263491774822995, -6.076021716548851, -6.07387856191066, -6.6138282633288625, -6.557585348715096, -6.140196635873519, -6.215266449196931, -6.473760633486922, -6.201655704760701, -6.468551805377773, -6.145910606670363, -6.27006313683299, -6.298562049294138, -6.473760633486922, -6.145412790146935, -6.522311701191873, -6.369776076863662, -6.473760633486922, -6.397592785090004, -6.302023055191552, -6.513770492821681, -6.872915839514049, -6.313709847862761, -6.427339648232304, -6.361570193771791, -5.623743962521127, -6.587571532414493, -6.076021716548851, -6.313533162249896, -6.547237117554681, -6.270380141249502, -6.456532682858283, -6.695187175810312, -6.5458351105361245, -6.400289768244517, -6.555928618472442, -6.470492669232698, -6.144062987665461, -5.895105243373895, -5.98199273792097, -6.347692778230819, -6.318499743604841, -5.78269594132201, -6.406385572160657, -5.476004622399881, -6.6858382454674565, -6.499685703858676, -6.959367786267274, -5.78269594132201, -6.361570193771791, -6.4584737328095745, -6.3466481197291875, -6.364513959067633, -6.3015142258267725, -6.378495066593891, -6.499685703858676, -5.645065218529309, -6.332027917207627, -6.406038491976628, -6.6289453658558655, -6.6289453658558655, -6.50587121351465, -6.551715357266503, -6.211997633490217, -6.534301795679916, -6.534301795679916, -6.38453203033053, -5.120612991212633, -6.399033501549869, -6.551715357266503, -5.6800131635645235, -5.52442600420831, -5.613458661780918, -6.833252744950385, -5.433159552126747, -6.708753965510195, -6.708753965510195, -6.708753965510195, -5.337476850734436, -6.494537479858872, -6.5599643820594755, -5.777120492055809, -6.817185895271097, -6.629421541907164, -6.629421541907164, -6.664453183458338, -6.682888888238234, -6.767950515414148, -5.584640672275956, -6.717920529789408, -6.429617292468565, -6.717920529789408, -6.345607984162559, -6.516872331738432, -6.709486847633761, -6.558827302844012, -6.958772672965597, -5.26507976245987, -5.6682113529177, -5.726338484777418, -5.6682113529177, -5.943101847571219, -5.58076886991054, -5.58076886991054, -5.58076886991054, -5.58076886991054, -5.1994093562925965, -5.466520459482763, -5.58076886991054, -5.58076886991054, -5.919221620644536, -5.760671090383119, -6.152883483085979, -5.760671090383119, -6.168611848002529, -6.301992992713681, -5.18458388825569, -5.18458388825569, -5.18458388825569, -5.18458388825569, -5.330585985770093, -5.330585985770093, -5.330585985770093, -5.499314729611392, -5.499314729611392, -5.979058196644661, -5.979058196644661, -5.889043610596435, -5.330585985770093, -5.18458388825569, -4.959612229800626, -5.18458388825569, -4.959612229800626, -5.18458388825569, -5.18458388825569, -5.18458388825569, -5.18458388825569, -7.0752580197378085, -6.142449593030408, -6.076508071679045, -6.076508071679045, -6.030879480573545, -6.347980677470602, -6.292310217723544, -6.121677766619494, -5.918149339297923, -6.187560646101353, -6.005531609983298, -6.005531609983298, -6.2234015385363834, -6.061813072271753, -6.403741362529117, -6.380528858095235, -6.089039040990411, -6.5347845422267214, -6.078402578048164, -6.403741362529117, -6.350378577607436, -6.720767891220993, -6.126784254835468, -6.270649497111379, -6.192087566319168, -6.497734349286055, -6.433271689754098, -6.243321331159868, -6.575377567856083, -6.371070023508057, -6.431736153703748, -6.424682758565545, -6.195390891937606, -6.2133106044628645, -6.386794148650512, -6.052918771568975, -6.402925109677383, -6.951573372639602, -6.779631579951781, -6.300717947434813, -6.280111866997186, -6.016720816575293, -5.519542352469584, -6.20846800840991, -6.243321331159868, -6.701313439589272, -6.342115989685858, -6.313003969480201, -6.710569541795524, -6.386430981722883, -6.516822653865027, -6.451764414076351, -6.594994324863574, -6.422487836493956, -6.208096763770992, -6.494598033506699, -6.514582070771293, -6.410539584792239, -6.448631853454991, -6.316722297865317, -6.225138169374741, -6.325284626388055, -6.375596943725872, -6.297968159633182, -6.132601880342143, -6.5606063431053805, -6.570143363309754, -6.397348134417543, -6.563194932977848, -6.3133572044703445, -6.203947086904662, -6.197019480688531, -6.382672515181619, -6.382672515181619, -5.733124732228108, -6.426830708566572, -6.360073945038216, -6.360073945038216, -6.219850866434556, -6.375596943725872, -6.142248107528432, -6.348796930322335, -5.988951630005907, -5.976857913367967, -6.454158874518083, -6.360073945038216, -6.3801238639436875, -6.5909614073019025, -6.329720653262081, -6.187849550946527, -6.187849550946527, -6.382672515181619, -6.267637350887414, -6.388889995739585, -6.208096763770992, -6.431357628784387, -7.014590328211712, -6.142248107528432, -6.131418071537442, -6.3446541833885535, -6.559634473680551, -6.329535165451196, -6.329535165451196, -6.408344447371306, -6.212617685276241, -6.247848251377683, -6.4719994633632965, -6.142248107528432, -6.665783267202119, -6.913852135375439, -6.171666512397912, -6.350113137246684, -6.383029536637308, -6.664084835509419, -6.376313693060471, -6.380834614565719, -6.408344447371306, -6.58507504906788, -6.531792014295066, -6.380834614565719, -6.423277977497779, -6.473084553590622, -6.557106925029063, -6.388889995739585, -6.505115307901458, -6.383029536637308, -6.47980039716746, -6.576561376660785, -6.557106925029063, -6.233951588045083, -6.520048838027931, -6.776870695762214, -6.437060803190879, -5.539232113734006, -6.888796214087294, -5.793211175431018, -6.638459191224566, -6.522120311762521, -6.573354076603221, -6.549736578017791, -6.597759629565024, -6.4519943333173515, -6.24013881634176, -6.210832951550865, -6.549736578017791, -6.620211262606831, -6.222118046436473, -6.570959616161487, -5.240227422295346, -5.942987239069441, -5.291461187136046, -5.3190774533913165, -6.440453814922931, -5.551561081312715, -5.3190774533913165, -6.53736037698145, -6.469666365258196, -6.414262768529095, -6.560705718939516, -6.644649553824692, -6.918071539755547, -6.918071539755547, -6.6679948957827575, -6.452551242955193, -6.653740961660064, -6.483698117540868, -5.808182840350427, -5.591352235209393, -5.37146642640885, -5.162215566203992, -5.72908478069092, -5.318514986036044, -5.585240196572897, -5.585240196572897, -6.627562175715365, -5.585240196572897, -5.585240196572897, -5.571466216850698, -5.585240196572897, -5.585240196572897, -5.585240196572897, -6.145655536480493, -6.145655536480493, -6.145655536480493, -5.832259430438639, -5.736466298128845, -6.400692447010157, -5.832259430438639, -5.177579884558942, -5.177579884558942, -5.177579884558942, -5.177579884558942, -6.638180742153064, -5.177579884558942, -5.177579884558942, -5.888906656207155, -5.466785366755479, -5.177579884558942, -5.177579884558942, -5.177579884558942, -5.466785366755479, -6.114590041971676, -7.108600999773792, -6.04688983534538, -6.964708429962479, -6.0346476347144025, -6.136018664934844, -6.179458790560669, -5.803247096426581, -6.193927012697823, -6.118180329228263, -6.099748444773118, -6.280842701704403, -5.901156750426143, -5.901156750426143, -6.099748444773118, -6.295310923841556, -5.991451494977454, -6.169292768043704, -6.5933179366161925, -6.146486425930639, -6.9476904618973485, -6.048694378668444, -6.035566220749357, -6.6731721008097535, -6.166549157041439, -6.362657636241826, -6.1854523046800285, -6.129247278066429, -5.978928198298379, -6.114207418018332, -6.415252172027616, -6.206579535049226, -6.206579535049226, -6.304847217879105, -6.666567202858977, -5.684812384473271, -5.9880784669754865, -6.247717444144051, -6.171903059798057, -6.063542463777897, -6.171903059798057, -6.203410112185922, -5.969849107163528, -6.637954185694215, -6.391762906885685, -5.9661007518337845, -5.804753632659331, -6.199679128910329, -6.335541826240064, -6.74087966875641, -6.072040839053684, -6.040856177679277, -6.331157099460989, -6.211266493097717, -6.073985764511762, -6.232809100779219, -6.273461457681265, -6.7799041848653765, -6.335541826240064, -6.240664993855344, -6.157476061651488, -5.578620438594115, -6.095659329867944, -6.45605718668765, -6.250791567725771, -6.250791567725771, -6.27372509445652, -6.271359602216304, -6.477403879589353, -6.579552408494098, -6.674836492280024, -6.366375014576526, -6.395634935358651, -6.095659329867944, -6.49906472950993, -6.151418354030243, -6.496655229428989, -6.1702874408858355, -6.377973160065313, -6.391300850402364, -6.471320359742915, -6.3856528353995525, -6.3856528353995525, -6.040547014126278, -6.386242449486359, -6.45139395952095, -6.33145271133489, -6.574837461381307, -6.201634564418153, -6.209903853839201, -6.4290855988807545, -6.496655229428989, -5.410642406532412, -6.299273576548443, -6.408172616696327, -6.27810084863887, -6.243033825708091, -6.4290855988807545, -6.327408744131246, -6.4290855988807545, -6.374000248855383, -6.391300850402364, -6.437354888301801, -6.38226953827643, -6.395955627011864, -5.932048041567994, -6.5499127449179655, -6.4290855988807545, -6.37138995710103, -6.575077101584629, -6.4585276162113745, -5.619549139398212, -6.280674480549512, -5.664841195568654, -6.1940799056281435, -5.508552060531975, -6.289616560297001, -6.382537330579413, -6.466795348884344, -6.622253817407561, -6.666235030377345, -6.608207073453519, -5.561536026224834, -5.714244335631632, -6.657471732523099, -6.787285311603488, -6.367811585260433, -6.536421451296956, -6.787285311603488, -6.54784594256508, -6.47340024683512, -5.678313103156926, -6.54784594256508, -6.562623328255232, -6.3524406975766095, -6.271708915828835, -6.842370661628859, -6.631826843080271, -5.126635531868844, -5.525586844917726, -6.529135712592431, -5.47760733985978, -6.4786722544208395, -6.574678106240771, -6.574678106240771, -6.940031523264421, -5.347396449808718, -6.674544595468273, -6.940031523264421, -6.940031523264421, -6.636013032819301, -5.558888518427231, -6.567693277093822, -6.591534198985622, -6.674544595468273, -6.650703673576473, -6.453842584112642, -5.202755914646842, -6.599363111764998, -6.603221367335579, -6.647394663160766, -5.492064174719684, -5.712948975521218, -5.495434778943497, -5.999562591439035, -5.788319328372053, -5.497991209799866, -5.584875645991653, -5.584875645991653, -5.2448415301909765, -5.828054198191719, -6.5159810477256315, -5.584875645991653, -5.799547350824058, -5.828054198191719, -5.828054198191719, -5.584875645991653, -5.584875645991653, -5.584875645991653, -5.584875645991653, -6.267749188532193, -6.848013668425667, -6.106650961970941, -6.106650961970941, -5.82549776733535, -6.535027956978028, -6.106650961970941, -6.298449762403968, -5.083531492141589, -6.680484767317838, -5.163001231780921, -5.163001231780921, -5.38337989532898, -5.38337989532898, -5.44298220005848, -5.87847437791676, -5.163001231780921, -5.163001231780921, -5.163001231780921, -5.87847437791676, -6.026398064393888, -6.429261653520191, -7.0727056306436324, -6.481197634620788, -6.179879975200205, -6.457107677713606, -6.090452896850949, -6.044462410168784, -6.03731884516814, -6.329460941461558, -6.851376450662833, -7.514234357382389, -6.0835291687229365, -6.316027091951685, -6.078349786493961, -6.4117038952196, -6.077855182703145, -6.047651291502344, -6.722850492851952, -6.092238464544397, -6.092238464544397, -6.222248228906763, -5.997557358956282, -6.180794886631407, -6.222248228906763, -6.3621527506296, -6.101724656488262, -6.285405515868046, -6.215709880142999, -6.295864503364623, -5.802897899271738, -6.236478914576946, -6.107699277275957, -6.251272655581121, -6.6375985470706915, -5.989035970442609, -6.040090147046903, -6.354038980074341, -6.722850492851952, -6.151104295118241, -7.38525501276326, -6.314546547681542, -6.234698548837658, -6.033190650531471, -6.46614406672472, -6.184797138860692, -6.676316395672572, -6.683002329564698, -6.499042235468264, -5.8954054181513875, -6.077855182703145, -6.2857146981118355, -6.548857735286632, -6.385994010245006, -6.385994010245006, -5.999797877997111, -6.190543868748796, -6.314546547681542, -6.285405515868046, -6.346208674589729, -6.400474041090339, -6.3364596924723395, -6.468831660572304, -6.22158103180723, -6.00809410419704, -6.392439365506522, -6.461178602835764, -6.804067012581038, -6.049406755222237, -6.1477760583515355, -6.279363081009332, -6.296677275505359, -6.296677275505359, -6.643647541538364, -6.468831660572304, -5.96511798440176, -6.400474041090339, -6.379622706571162, -6.116263132903901, -6.562946048688681, -6.296047144446039, -6.490883618130592, -6.188718546175569, -6.172716829822393, -6.328894480093702, -6.250643361952033, -5.419063262899062, -6.848731544752712, -6.189506519529114, -6.29266619671185, -6.664427436253991, -6.111331570998701, -6.353941324160548, -6.252869804990403, -6.411745800727652, -6.63653578515645, -6.583191677011654, -6.431977987665182, -6.302998643046053, -6.389955152905365, -6.389955152905365, -6.353941324160548, -6.480762717893377, -6.487714216493392, -6.435358935399371, -6.322673352943221, -6.258742418232223, -6.457239286369063, -6.324878994015745, -6.476930716852493, -5.80440287697679, -6.728301130134441, -6.245286351972205, -6.478326596245757, -6.5129445455973105, -5.876588858896499, -6.818258279422772, -6.314251840597749, -6.877207094197491, -6.690708620444635, -6.200621819800532, -6.538656897607886, -5.553972546147362, -6.357975038017858, -6.5073889263905595, -6.365821481839779, -5.642791758407897, -6.265467519138208, -6.357975038017858, -6.548331414214593, -6.24159804535309, -6.821131534643251, -6.559482936324045, -6.5505370552871165, -5.715797811828457, -6.6483021485845795, -6.447239093078602, -6.476301423223405, -6.553887033421344, -6.5987707495002095, -6.509951537239675, -6.63216352203457, -6.280478529734793, -5.382956662687421, -6.55579462970493, -6.943491633706108, -6.943491633706108, -5.181549516487032, -6.906924898993335, -5.935742224498923, -6.609938288072206, -6.609938288072206, -5.477079173746191, -6.5928159811034535, -6.690517114590041, -5.6539287010531005, -6.466832100083567, -5.181844510187865, -6.65258115468801, -5.546945068733119, -5.778892078665657, -5.31126018316113, -6.147716060773527, -5.26338198099121, -5.26338198099121, -5.521201538222571, -5.812172183617895, -5.603086513870638, -5.603086513870638, -5.603086513870638, -5.603086513870638, -5.603086513870638, -6.014717761990221, -5.916882745805935, -5.603086513870638, -5.603086513870638, -5.799825120129235, -5.603086513870638, -6.784952878880127, -6.784952878880127, -6.392336983578968, -5.227193395138453, -5.705112778004235, -6.169256267023911, -6.169256267023911, -5.706167813160744, -5.706167813160744, -5.212921322783372, -5.212921322783372, -5.212921322783372, -6.854415861658213, -6.854415861658213, -5.770168486596701, -5.937376482307415, -5.3832297619654, -5.519441109447419, -6.0602039457795165, -5.519441109447419, -5.519441109447419, -5.937376482307415, -5.212921322783372, -5.383229761965401]","0     -7.22
1     -6.21
2     -7.24
3     -5.92
4     -5.96
       ... 
247   -6.00
248   -3.99
249   -5.24
250   -4.77
251   -4.71
Name: Permeability, Length: 252, dtype: float64","[array([-6.15483175, -5.57355382, -5.65615901, -6.25053244, -6.07181793,
       -6.7752129 , -6.33222647, -6.66467095, -5.99095099, -6.1999337 ,
       -6.29135049, -5.93005184, -6.18736234, -6.28261798, -5.70162062,
       -5.92012093, -5.94619428, -5.91001793, -6.40108221, -5.75040948,
       -6.25016933, -6.15304134, -6.03200639, -6.49354249, -6.60240096,
       -6.08240588, -6.17576994, -5.97464381, -6.67356461, -6.17852168,
       -6.59147325, -6.72520527, -5.99341822, -6.23754503, -5.95484667,
       -6.44907953, -6.14202777, -6.43965376, -6.07481983, -6.41787745,
       -6.69204479, -6.20201124, -6.709855  , -6.60130456, -6.50109771,
       -5.9700639 , -6.20380286, -6.21226385, -6.29034398, -5.97431088,
       -6.22449846, -5.9281653 , -5.70162062, -5.93005184, -6.69204479,
       -6.44372214, -6.51411926, -6.06669321, -5.94028112, -6.18757961,
       -6.50109771, -5.90727724, -6.14577227, -6.24382333, -6.25053244,
       -5.96786059, -6.24750465, -6.19601219, -6.24567322, -6.10756919,
       -5.86688174, -6.35159192, -6.06669321, -6.43788293, -6.26554914,
       -6.27018379, -6.27018379, -6.17852168, -6.09961467, -6.27473177,
       -6.74359717, -5.78302223, -6.23041123, -6.41662866, -6.18258191,
       -6.36705245, -6.55633395, -6.51493153, -6.52264726, -6.43146397,
       -6.16687013, -6.28124682, -6.41773167, -6.31477577, -6.5109554 ,
       -6.2006123 , -6.38582687, -5.90727724, -6.53003553, -6.56684517,
       -6.52753953, -6.43146397, -6.24750465, -6.50132288, -6.45176143,
       -6.501892  , -6.19666906, -6.55633395, -6.3853311 , -6.44596517,
       -6.52271386, -6.3273499 , -6.31122568, -6.38524598, -6.20329415,
       -5.53477971, -6.62701028, -6.36311522, -6.36311522, -6.19281118,
       -6.43041884, -6.43070318, -5.52222889, -6.44374975, -5.61153724,
       -6.20329415, -6.47715912, -6.36311522, -6.51998297, -6.36311522,
       -6.41737597, -6.32407068, -5.71351753, -6.44341695, -6.44341695,
       -6.58227096, -6.62352852, -6.54016585, -6.57594102, -6.85951453,
       -6.40692304, -5.60104427, -5.34151595, -6.45626195, -6.57594102,
       -6.23723984, -6.56633901, -5.92230896, -5.65320355, -6.25280703,
       -6.63402687, -6.50570494, -5.91599956, -5.64626034, -6.4545413 ,
       -6.45229512, -6.44630233, -6.24872817, -5.92230896, -6.36973631,
       -6.24872817, -6.84311697, -6.56230338, -6.56230338, -6.41510838,
       -6.273523  , -6.59164   , -6.52549374, -6.5006989 , -6.34752043,
       -6.39793453, -5.37997971, -6.50125824, -6.60087493, -6.39793453,
       -4.88087269, -6.56442834, -6.4764634 , -5.19176669, -5.26271912,
       -6.43966623, -6.40908553, -6.61797868, -5.79449905, -5.20859302,
       -6.51927915, -6.86099104, -6.61233914, -6.58836691, -6.42969494,
       -6.65846929, -6.72073674, -6.7455751 , -5.45579968, -6.74801106,
       -6.52051166, -6.44765661, -5.52971388, -6.46601036, -6.65097086,
       -6.72015692, -6.67516736, -6.95594973, -5.48961439, -6.47669033,
       -7.28542005, -5.75555891, -6.43918125, -5.2530622 , -5.79381286,
       -5.66389761, -7.35990394, -5.66389761, -5.66389761, -5.66389761,
       -5.1280879 , -5.94694491, -6.57704422, -5.66389761, -5.33804432,
       -5.73276488, -5.75555891, -5.66389761, -5.66389761, -5.97212963,
       -5.97212963, -6.32255821, -6.59963862, -6.24957038, -6.01432619,
       -6.32255821, -5.64940769, -5.8740144 , -5.51792597, -5.12848622,
       -5.12848622, -5.12848622, -5.12848622, -6.72595509, -5.12848622,
       -5.12848622, -5.90487486, -5.3330451 , -5.95931698, -5.95931698,
       -5.90487486, -5.95931698, -5.12848622, -5.75595723, -5.12848622,
       -5.12848622, -5.12848622]), array([-6.13416156, -5.86342932, -5.68857434, -6.25831991, -6.10281196,
       -6.67235105, -6.32469775, -6.53441016, -5.97252947, -6.25543412,
       -6.33638455, -6.01694024, -6.13713875, -6.32143284, -5.75604988,
       -5.91452921, -6.03018634, -6.08155692, -6.36574584, -5.81149514,
       -6.35244652, -6.24228596, -6.04543342, -6.39269056, -6.5564453 ,
       -6.11262294, -6.2005943 , -6.00419101, -6.55645613, -6.19694838,
       -7.04193379, -6.52487167, -6.05022791, -6.21526645, -5.97145844,
       -6.297037  , -6.14435139, -6.44451531, -6.09883458, -6.40245579,
       -6.61382826, -6.23554359, -6.63974892, -6.50112249, -6.42359152,
       -5.94560326, -6.15902353, -6.25319129, -6.31569844, -6.00896394,
       -6.21607828, -6.11156178, -5.75604988, -6.01694024, -6.61382826,
       -6.39591459, -6.34019002, -6.09836427, -5.97711699, -6.12905213,
       -6.42359152, -5.94140476, -6.14591061, -6.19328541, -6.25831991,
       -5.93574443, -6.14541279, -6.21809863, -6.28206693, -6.08667748,
       -5.89575908, -6.32353117, -6.09836427, -6.39367761, -6.36118025,
       -6.25311066, -6.25311066, -6.19694838, -6.05335278, -6.2194212 ,
       -6.69599184, -5.80465656, -6.28319616, -6.35668618, -6.20726651,
       -6.33389889, -6.5223117 , -6.51754206, -6.47376063, -6.38201054,
       -6.07602172, -6.2016557 , -6.36451396, -6.24036143, -6.45155442,
       -6.13226463, -6.37993578, -5.94140476, -6.51986841, -6.58122432,
       -6.49536428, -6.38201054, -6.14541279, -6.5113725 , -6.39636091,
       -6.46657465, -6.22695324, -6.5223117 , -6.36977608, -6.42733965,
       -6.44343693, -6.28916086, -6.27201819, -6.51185218, -6.19409452,
       -5.56779071, -6.60343708, -6.35826597, -6.35826597, -6.16744326,
       -6.36718655, -6.42846887, -5.66423854, -6.42765704, -5.78564557,
       -6.19409452, -6.45653268, -6.35826597, -6.4881756 , -6.35826597,
       -6.3830529 , -6.23329862, -5.86854592, -6.40028977, -6.40028977,
       -6.53497454, -6.61430402, -6.5984321 , -6.55592862, -6.65847191,
       -6.34769278, -5.54600223, -5.53352707, -6.36157019, -6.55592862,
       -6.21964163, -6.50465229, -5.89112787, -5.70544556, -6.21413723,
       -6.58644231, -6.44708871, -5.94009579, -5.63304902, -6.42586987,
       -6.40638557, -6.43142385, -6.27006314, -5.89112787, -6.34353802,
       -6.27006314, -6.82996699, -6.5343018 , -6.5343018 , -6.40223082,
       -6.22458133, -6.53574251, -6.47294589, -6.51842769, -6.33202792,
       -6.33178138, -5.38182709, -6.46038941, -6.61307126, -6.33178138,
       -5.02596942, -6.58157057, -6.50587121, -5.35319745, -5.40027347,
       -6.42453851, -6.39042955, -6.59696169, -5.83684171, -5.20160156,
       -6.49453748, -6.8171859 , -6.54934115, -6.59499602, -6.44167859,
       -6.66445318, -6.76795052, -6.66383881, -5.46536555, -6.71792053,
       -6.50128994, -6.39115414, -5.57965497, -6.51687233, -6.65007869,
       -6.76507572, -6.69008517, -6.88756092, -5.545076  , -5.68393344,
       -6.72548112, -5.71904786, -6.17758269, -5.27818178, -5.74119152,
       -5.58076887, -7.13063985, -5.58076887, -5.58076887, -5.58076887,
       -5.19940936, -5.91696318, -6.49737871, -5.58076887, -5.28673306,
       -5.74570841, -5.71904786, -5.58076887, -5.58076887, -5.84787997,
       -5.84787997, -6.15288348, -6.30199299, -6.0476895 , -5.88577238,
       -6.15288348, -5.73812696, -5.76067109, -5.43208103, -5.18458389,
       -5.18458389, -5.18458389, -5.18458389, -6.79382367, -5.18458389,
       -5.18458389, -5.88904361, -5.33058599, -5.9790582 , -5.9790582 ,
       -5.88904361, -5.9790582 , -5.18458389, -5.7042224 , -5.18458389,
       -5.18458389, -5.18458389]), array([-6.12715814, -5.79339405, -5.71138382, -6.29765578, -6.06311528,
       -6.82748019, -6.31836364, -6.69281011, -5.97776627, -6.26785191,
       -6.31421397, -6.05528503, -6.16990709, -6.29231022, -5.81004465,
       -5.97046469, -5.9802167 , -6.05024156, -6.40374136, -5.8207347 ,
       -6.2959209 , -6.20282546, -5.98517411, -6.53931146, -6.64457135,
       -6.19208757, -6.17825878, -6.05981195, -6.58006079, -6.22219502,
       -7.08813079, -6.6674784 , -6.07650807, -6.25506105, -6.02848502,
       -6.35452825, -6.15074895, -6.45176441, -6.11104572, -6.38713786,
       -6.62250416, -6.22942467, -6.60976555, -6.67158708, -6.41283226,
       -6.01080292, -6.22755122, -6.24970485, -6.37559694, -6.0443828 ,
       -6.25846249, -6.07895792, -5.81004465, -6.05528503, -6.62250416,
       -6.42248784, -6.44827107, -6.10434382, -6.01676654, -6.18519438,
       -6.41283226, -5.9614418 , -6.2133106 , -6.23155713, -6.29765578,
       -6.02260966, -6.2347844 , -6.16381247, -6.26348767, -6.10849349,
       -5.92753634, -6.35930491, -6.10434382, -6.42864782, -6.40239696,
       -6.32929509, -6.32929509, -6.22219502, -6.08424571, -6.20186291,
       -6.63727538, -5.8445823 , -6.2784212 , -6.45512297, -6.24332133,
       -6.3761251 , -6.53794968, -6.5428152 , -6.47199946, -6.36007395,
       -6.14224811, -6.26229423, -6.38745024, -6.33382201, -6.48057546,
       -6.16975794, -6.39282121, -5.9614418 , -6.54013264, -6.57014336,
       -6.51458207, -6.36007395, -6.2347844 , -6.52544742, -6.41506651,
       -6.57790843, -6.25091137, -6.53794968, -6.38889   , -6.41053937,
       -6.51733139, -6.29908202, -6.27330898, -6.47460626, -6.17166651,
       -5.61743484, -6.59508612, -6.32953517, -6.32953517, -6.20480283,
       -6.39734813, -6.4254729 , -5.60455062, -6.42207145, -5.72240041,
       -6.17166651, -6.43585428, -6.32953517, -6.47024226, -6.32953517,
       -6.37385874, -6.29668221, -5.80435113, -6.40834445, -6.40834445,
       -6.52004884, -6.58215774, -6.58507505, -6.55710693, -6.73142256,
       -6.33689838, -5.5746642 , -5.52056355, -6.43171768, -6.55710693,
       -6.24091766, -6.4798004 , -5.92548679, -5.72484525, -6.24012752,
       -6.57656138, -6.45815102, -5.9538687 , -5.52701677, -6.41746097,
       -6.37348128, -6.45199433, -6.26693883, -5.92548679, -6.39009652,
       -6.26693883, -6.78722167, -6.54973658, -6.54973658, -6.42667942,
       -6.24013882, -6.54334335, -6.51972585, -6.54652586, -6.33074169,
       -6.35612331, -5.32043365, -6.45497513, -6.59775963, -6.35612331,
       -5.08433431, -6.58272382, -6.48177514, -5.32147191, -5.4237368 ,
       -6.46036519, -6.41330922, -6.60052347, -5.85001809, -5.22484303,
       -6.46966637, -6.86683777, -6.51151402, -6.59371752, -6.46109541,
       -6.63353527, -6.7010067 , -6.61066643, -5.40843949, -6.67152668,
       -6.48923102, -6.35568112, -5.61778043, -6.48369812, -6.63301911,
       -6.70798736, -6.67130758, -6.8042596 , -5.48788189, -5.41733544,
       -6.91903824, -5.71238156, -6.17728194, -5.27719304, -5.66030882,
       -5.5852402 , -7.12376066, -5.5852402 , -5.5852402 , -5.5852402 ,
       -5.14955317, -5.78410445, -6.62756218, -5.5852402 , -5.31851499,
       -5.72004294, -5.71238156, -5.5852402 , -5.5852402 , -5.77878192,
       -5.77878192, -6.14565554, -6.40069245, -6.0027634 , -5.95211382,
       -6.14565554, -5.7364663 , -5.83225943, -5.45830247, -5.17757988,
       -5.17757988, -5.17757988, -5.17757988, -6.63818074, -5.17757988,
       -5.17757988, -5.88890666, -5.38425587, -5.97505572, -5.97505572,
       -5.88890666, -5.97505572, -5.17757988, -5.74040827, -5.17757988,
       -5.17757988, -5.17757988]), array([-6.11459004, -5.62133606, -5.64968332, -6.27260113, -6.0543922 ,
       -6.75784716, -6.30560757, -6.65237414, -6.01226175, -6.17304112,
       -6.25449513, -5.9798072 , -6.2084189 , -6.26724569, -5.77839311,
       -5.9780447 , -5.93437819, -5.91346873, -6.41525217, -5.80106926,
       -6.21192133, -6.13227031, -5.99145149, -6.49401335, -6.57480541,
       -6.15550747, -6.13407485, -6.03556622, -6.6665672 , -6.17190306,
       -7.02337342, -6.5301507 , -6.01822674, -6.27232339, -5.98177579,
       -6.47516313, -6.11420742, -6.45170312, -6.09565933, -6.42777547,
       -6.69470393, -6.19211131, -6.6731721 , -6.61395459, -6.45883271,
       -6.0524759 , -6.25245596, -6.19177049, -6.33554183, -6.0448811 ,
       -6.28850132, -5.96277662, -5.77839311, -5.9798072 , -6.69470393,
       -6.42054696, -6.56524184, -6.07813484, -6.00873931, -6.16377874,
       -6.45883271, -5.94623332, -6.19392701, -6.26233856, -6.27260113,
       -6.0966152 , -6.24418823, -6.20995256, -6.2328091 , -6.12924728,
       -5.91562497, -6.36699447, -6.07813484, -6.44580721, -6.33357323,
       -6.30484722, -6.30484722, -6.17190306, -6.09762792, -6.22040521,
       -6.69303954, -5.8558257 , -6.24107839, -6.46407896, -6.21560058,
       -6.37911038, -6.54991274, -6.50655514, -6.49665523, -6.39516648,
       -6.18354998, -6.26405566, -6.40623113, -6.36060624, -6.455158  ,
       -6.20341741, -6.3617709 , -5.94623332, -6.52648154, -6.54815511,
       -6.51933123, -6.39516648, -6.24418823, -6.4879193 , -6.44237292,
       -6.52402718, -6.22121096, -6.54991274, -6.39386768, -6.41582306,
       -6.5406406 , -6.33145271, -6.27810085, -6.42048326, -6.20990385,
       -5.60986544, -6.60839395, -6.34727618, -6.34727618, -6.24453269,
       -6.41752993, -6.42409235, -5.53063532, -6.40791443, -5.62654838,
       -6.20990385, -6.44895303, -6.34727618, -6.49244024, -6.34727618,
       -6.40279967, -6.30754287, -5.71969072, -6.4290856 , -6.4290856 ,
       -6.54469074, -6.59703248, -6.57327256, -6.55889918, -6.63578029,
       -6.37138996, -5.6019005 , -5.41064241, -6.45852762, -6.55889918,
       -6.28086203, -6.50329148, -5.97331518, -5.67523129, -6.2640541 ,
       -6.59411709, -6.4813361 , -5.93992843, -5.61355905, -6.42790469,
       -6.40161462, -6.48666278, -6.2395519 , -5.97331518, -6.42330814,
       -6.2395519 , -6.78728531, -6.54784594, -6.54784594, -6.45353281,
       -6.24152049, -6.5501237 , -6.52617238, -6.52420378, -6.37671664,
       -6.3524407 , -5.39947214, -6.47534528, -6.58429689, -6.3524407 ,
       -5.10268421, -6.53952751, -6.47337669, -5.32834345, -5.42661114,
       -6.49271866, -6.41256983, -6.56769328, -5.81565809, -5.2675184 ,
       -6.47867225, -6.87993841, -6.53144971, -6.57467811, -6.44540612,
       -6.5915342 , -6.6745446 , -6.63891786, -5.47933182, -6.67671005,
       -6.5219925 , -6.37932112, -5.67356902, -6.45384258, -6.5816508 ,
       -6.67388458, -6.64739466, -6.8194051 , -5.57301462, -5.77680715,
       -6.70860354, -5.82549777, -6.31623041, -5.26750224, -5.70134492,
       -5.58487565, -7.1794052 , -5.58487565, -5.58487565, -5.58487565,
       -5.24484153, -5.8280542 , -6.51598105, -5.58487565, -5.39681899,
       -5.73442208, -5.82549777, -5.58487565, -5.58487565, -5.79954735,
       -5.79954735, -6.10665096, -6.40997625, -5.99125968, -5.89197926,
       -6.10665096, -5.67594912, -5.78575542, -5.53616142, -5.16300123,
       -5.16300123, -5.16300123, -5.16300123, -6.68048477, -5.16300123,
       -5.16300123, -5.87847438, -5.3833799 , -6.02639806, -6.02639806,
       -5.87847438, -6.02639806, -5.16300123, -5.74365747, -5.16300123,
       -5.16300123, -5.16300123]), array([-6.14729935, -5.81874325, -5.63504172, -6.21806786, -6.04222189,
       -6.74586282, -6.24395924, -6.62140777, -6.03106299, -6.18520398,
       -6.23362679, -5.97776421, -6.11665094, -6.32946094, -5.83460226,
       -6.00961688, -6.04780633, -6.06675679, -6.36555849, -5.78392326,
       -6.29311958, -6.16825229, -5.9570572 , -6.46943127, -6.55655009,
       -6.10172466, -6.13764225, -5.98903597, -6.66666088, -6.1703061 ,
       -7.4109364 , -6.49591286, -6.01705202, -6.22158103, -5.94437144,
       -6.36414216, -6.09223846, -6.43823908, -6.07785518, -6.37458973,
       -6.68300233, -6.23401459, -6.72285049, -6.58211996, -6.49719243,
       -6.05433541, -6.17617725, -6.21570988, -6.30323255, -6.06520896,
       -6.22790557, -6.10769928, -5.83460226, -5.97776421, -6.68300233,
       -6.3655337 , -6.42203634, -6.07333267, -6.02744392, -6.11248656,
       -6.49719243, -5.92323505, -6.14101247, -6.23351999, -6.21806786,
       -6.03384881, -6.25107402, -6.19077931, -6.2857147 , -6.08366512,
       -5.87634728, -6.36048434, -6.07333267, -6.4157289 , -6.33662533,
       -6.28540552, -6.28540552, -6.1703061 , -6.04446241, -6.18398852,
       -6.76825428, -5.89540542, -6.25665237, -6.4118355 , -6.19054387,
       -6.32779346, -6.56294605, -6.53644481, -6.49088362, -6.39553165,
       -6.18871855, -6.2964778 , -6.39726285, -6.29667728, -6.55173875,
       -6.23412233, -6.35580951, -5.92323505, -6.54486709, -6.59439849,
       -6.53099102, -6.39553165, -6.25107402, -6.52832445, -6.43502789,
       -6.54390386, -6.21124859, -6.56294605, -6.39934511, -6.44614477,
       -6.49818517, -6.29063484, -6.26205616, -6.47830252, -6.22412447,
       -5.59995111, -6.611274  , -6.34840243, -6.34840243, -6.24022358,
       -6.36708127, -6.41708244, -5.58873979, -6.4107579 , -5.69325429,
       -6.22412447, -6.48076272, -6.34840243, -6.48771422, -6.34840243,
       -6.36870489, -6.3034293 , -5.75854332, -6.43535894, -6.43535894,
       -6.51294455, -6.63718488, -6.62099526, -6.58406068, -6.63997689,
       -6.3572913 , -5.62351693, -5.57445387, -6.47673208, -6.58406068,
       -6.29140627, -6.50738893, -5.98927754, -5.71543281, -6.25064336,
       -6.62007451, -6.46058926, -5.96938225, -5.65762999, -6.44679425,
       -6.37502863, -6.44723909, -6.24159805, -5.98927754, -6.39488381,
       -6.24159805, -6.82113153, -6.55948294, -6.55948294, -6.41262114,
       -6.20820527, -6.56100571, -6.50995154, -6.54334431, -6.34394113,
       -6.35259832, -5.43248806, -6.4543777 , -6.63216352, -6.35259832,
       -5.0927303 , -6.55579463, -6.48777048, -5.39482378, -5.45798107,
       -6.41820915, -6.37115729, -6.5691491 , -5.84686007, -5.24548612,
       -6.46885843, -6.86881265, -6.53400962, -6.60993829, -6.40220538,
       -6.62363364, -6.72724916, -6.5843679 , -5.47707917, -6.69051711,
       -6.4806087 , -6.32192853, -5.64614774, -6.4668321 , -6.59799117,
       -6.71311953, -6.65258115, -6.8145034 , -5.55252897, -5.47393965,
       -6.54688469, -5.77780317, -6.14771606, -5.26338198, -5.81217218,
       -5.60308651, -7.18030285, -5.60308651, -5.60308651, -5.60308651,
       -5.22055601, -5.91688275, -6.51699243, -5.60308651, -5.32648705,
       -5.69592286, -5.77780317, -5.60308651, -5.60308651, -5.81638239,
       -5.81638239, -6.16925627, -6.45050232, -6.013121  , -5.95596039,
       -6.16925627, -5.50341265, -5.70616781, -5.46421866, -5.21292132,
       -5.21292132, -5.21292132, -5.21292132, -6.85441586, -5.21292132,
       -5.21292132, -5.93737648, -5.38322976, -6.06020395, -6.06020395,
       -5.93737648, -6.06020395, -5.21292132, -5.77016849, -5.21292132,
       -5.21292132, -5.21292132])]","[-6.13560817 -5.7340913  -5.66816844 -6.25943542 -6.06687185 -6.75575082
 -6.30497093 -6.63313462 -5.99691429 -6.21629297 -6.28601419 -5.9919697
 -6.1638956  -6.29861353 -5.7761421  -5.95855528 -5.98775637 -6.00440838
 -6.39027602 -5.79352637 -6.28071553 -6.17973507 -6.00222452 -6.47779783
 -6.58695462 -6.1288697  -6.16526802 -6.01264979 -6.62866192 -6.18797485
 -7.03116953 -6.58872378 -6.03108659 -6.24035539 -5.97618747 -6.38799001
 -6.1287148  -6.44517514 -6.09164293 -6.40196726 -6.66121669 -6.21862108
 -6.67107841 -6.59401774 -6.45870933 -6.00665628 -6.20380216 -6.22452807
 -6.32408275 -6.02754953 -6.24308922 -6.03783218 -5.7761421  -5.9919697
 -6.66121669 -6.40964104 -6.45797171 -6.08417376 -5.99406958 -6.15561829
 -6.45870933 -5.93591843 -6.16798659 -6.23290488 -6.25943542 -6.01133574
 -6.22459282 -6.19573103 -6.26195033 -6.10313051 -5.89642988 -6.35238136
 -6.08417376 -6.4243489  -6.33986498 -6.28856846 -6.28856846 -6.18797485
 -6.0758607  -6.22008192 -6.70763164 -5.83669844 -6.25795187 -6.42087046
 -6.20786284 -6.35679606 -6.54589082 -6.52365775 -6.49118924 -6.39284932
 -6.1514817  -6.26114604 -6.39463797 -6.30924854 -6.48999641 -6.18803492
 -6.37523286 -5.93591843 -6.53227704 -6.57215329 -6.51756163 -6.39284932
 -6.22459282 -6.51087731 -6.42811793 -6.52286123 -6.22139864 -6.54589082
 -6.38744199 -6.4291624  -6.50446159 -6.30753606 -6.27934197 -6.45409804
 -6.2006167  -5.58596436 -6.60904029 -6.34931899 -6.34931899 -6.20996271
 -6.39591294 -6.42516395 -5.58207863 -6.42243011 -5.68787718 -6.2006167
 -6.45985237 -6.34931899 -6.49171106 -6.34931899 -6.38915843 -6.29300474
 -5.77292972 -6.42329914 -6.42329914 -6.53898593 -6.61084153 -6.58358816
 -6.56638728 -6.70503324 -6.36403909 -5.58942563 -5.47614057 -6.4369619
 -6.56638728 -6.25401349 -6.51229442 -5.94030327 -5.69483169 -6.24435385
 -6.60224443 -6.47057401 -5.94385495 -5.61550303 -6.43451422 -6.40176105
 -6.45272448 -6.25337602 -5.94030327 -6.38431256 -6.25337602 -6.81374449
 -6.55073413 -6.55073413 -6.42203452 -6.23759378 -6.55637106 -6.51085788
 -6.52664011 -6.34618956 -6.35817565 -5.38284013 -6.46926915 -6.60563325
 -6.35817565 -5.03731819 -6.56480897 -6.48505138 -5.31792066 -5.39426432
 -6.44709955 -6.39931029 -6.59046124 -5.8287754  -5.22960843 -6.48620274
 -6.85875316 -6.54773073 -6.59233937 -6.43601609 -6.63432512 -6.71829754
 -6.64867322 -5.45720314 -6.70093709 -6.50272676 -6.3791483  -5.60937321
 -6.4774511  -6.62274213 -6.71604482 -6.66730719 -6.85633575 -5.52962317
 -5.7657412  -6.83708553 -5.75805785 -6.25159847 -5.26786425 -5.74176606
 -5.60357377 -7.1948025  -5.60357377 -5.60357377 -5.60357377 -5.18848959
 -5.87858989 -6.54699172 -5.60357377 -5.33331968 -5.72577223 -5.75805785
 -5.60357377 -5.60357377 -5.84294425 -5.84294425 -6.17940089 -6.43256053
 -6.06088079 -5.94003041 -6.17940089 -5.66067254 -5.79177363 -5.48173791
 -5.17331451 -5.17331451 -5.17331451 -5.17331451 -6.73857203 -5.17331451
 -5.17331451 -5.8997352  -5.36289932 -6.00000658 -6.00000658 -5.8997352
 -6.00000658 -5.17331451 -5.74288277 -5.17331451 -5.17331451 -5.17331451]","[0.01429326 0.11480167 0.02781106 0.026176   0.02046279 0.05016286
 0.03173077 0.05442408 0.02190208 0.03819745 0.03767961 0.04199025
 0.03321788 0.02345981 0.04588941 0.03617859 0.04481023 0.07631445
 0.02066196 0.02478447 0.04732042 0.03884094 0.0322516  0.04818301
 0.03335006 0.039663   0.02554679 0.03105817 0.04994543 0.01955195
 0.26114246 0.0905     0.02901983 0.02110943 0.02917642 0.06525633
 0.02212794 0.00574566 0.01354576 0.01943644 0.03547028 0.0179928
 0.04225911 0.05520627 0.036375   0.04348886 0.03376232 0.02348055
 0.02976022 0.0321924  0.02684901 0.0770311  0.04588941 0.04199025
 0.03547028 0.02675584 0.07735297 0.01461348 0.03170107 0.03009641
 0.036375   0.01881024 0.02978456 0.02261615 0.026176   0.05569679
 0.03995881 0.01868665 0.02042519 0.01661417 0.02286008 0.01523216
 0.01461348 0.01831471 0.04458142 0.02656657 0.02656657 0.01955195
 0.02280715 0.03040333 0.04531455 0.03945208 0.02049955 0.03810368
 0.02124432 0.02164332 0.01438855 0.01368623 0.01839338 0.02321792
 0.04106392 0.03225294 0.01807611 0.04043635 0.03750107 0.03453472
 0.01415762 0.01881024 0.00908632 0.0153965  0.01252708 0.02321792
 0.03995881 0.01506846 0.019944   0.03763571 0.01798036 0.01438855
 0.01001609 0.01482438 0.03337994 0.01821738 0.01677466 0.04519412
 0.01747391 0.03068365 0.01053036 0.01154814 0.01154814 0.02911874
 0.02575454 0.00465102 0.05201542 0.01287573 0.06382544 0.01747391
 0.01698523 0.01154814 0.0160575  0.01154814 0.01828671 0.03118803
 0.05779434 0.01635067 0.01635067 0.02432693 0.01939263 0.02688402
 0.0114473  0.0845661  0.02425869 0.02666955 0.08642443 0.0403253
 0.0114473  0.02739834 0.02877568 0.03591604 0.0266644  0.01691166
 0.02146353 0.02076338 0.01764874 0.04660934 0.0138644  0.02859883
 0.01831607 0.01275805 0.03591604 0.02661162 0.01275805 0.02273336
 0.00989694 0.00989694 0.01756409 0.02166016 0.01949188 0.01982687
 0.01685704 0.01660071 0.02165934 0.03645633 0.01769263 0.01611865
 0.02165934 0.08265316 0.01626314 0.01150343 0.06810964 0.06828619
 0.02704068 0.01636337 0.01935614 0.0209299  0.0242405  0.01894467
 0.02167125 0.03447269 0.01136996 0.01965874 0.02621692 0.03087003
 0.05530791 0.02581172 0.02851278 0.01649776 0.041623   0.05054292
 0.02188184 0.02811004 0.0292298  0.01555626 0.05783373 0.03461017
 0.37915653 0.25333763 0.04135787 0.11059604 0.00930376 0.05645418
 0.03112878 0.08587152 0.03112878 0.03112878 0.03112878 0.04356018
 0.0617942  0.04841037 0.03112878 0.0360296  0.01699987 0.04135787
 0.03112878 0.03112878 0.06843808 0.06843808 0.07447336 0.09675795
 0.09621175 0.04727046 0.07447336 0.08583102 0.05785255 0.03897036
 0.02767609 0.02767609 0.02767609 0.02767609 0.07756838 0.02767609
 0.02767609 0.02062461 0.02539413 0.03751601 0.03751601 0.02062461
 0.03751601 0.02767609 0.02198545 0.02767609 0.02767609 0.02767609]"
9,KNeighborsRegressor,"[-7.4433333333333325, -7.3066666666666675, -7.026666666666667, -6.95, -5.88, -5.773333333333333, -6.12, -5.973333333333334, -6.713333333333334, -5.723333333333334, -6.580000000000001, -5.760000000000001, -5.873333333333334, -6.12, -6.163333333333334, -5.8500000000000005, -6.858333333333333, -6.243333333333333, -6.296666666666667, -6.3133333333333335, -6.3133333333333335, -5.68, -5.773333333333333, -5.782599127, -6.763333333333333, -6.413333333333333, -6.580000000000001, -5.733333333333333, -6.183333333333334, -6.6433333333333335, -6.473333333333334, -6.109999999999999, -5.853333333333333, -6.04, -5.916666666666667, -6.576666666666665, -6.5, -6.063333333333333, -7.133333333333333, -7.27, -6.233333333333333, -6.5, -6.123333333333334, -6.3517733220000006, -5.886666666666667, -5.733333333333333, -6.2, -6.946666666666666, -7.140000000000001, -6.516666666666667, -6.72, -5.716666666666666, -6.006666666666667, -5.953333333333333, -6.626666666666666, -5.63, -6.853333333333334, -6.473333333333334, -7.41, -6.89, -5.859999999999999, -6.640000000000001, -6.1866666666666665, -6.3517733220000006, -6.553333333333334, -5.723333333333334, -6.243333333333333, -5.843333333333334, -6.773333333333333, -5.966666666666666, -7.203333333333333, -6.743333333333333, -7.12, -7.413333333333333, -7.066886483666667, -5.805, -6.453333333333333, -5.706666666666666, -6.89, -7.196666666666666, -5.88, -5.733333333333333, -6.1433333333333335, -6.923333333333333, -6.876666666666666, -5.923333333333333, -5.706666666666666, -5.805, -5.706666666666666, -6.0633333333333335, -5.88, -5.890000000000001, -5.723333333333334, -5.963333333333334, -6.843333333333334, -5.6433333333333335, -6.743333333333333, -5.6933333333333325, -5.853333333333334, -6.206666666666667, -6.8566666666666665, -7.260000000000001, -6.260000000000001, -6.066666666666666, -7.07, -7.199999999999999, -5.599999999999999, -6.706666666666667, -6.033333333333334, -6.453333333333333, -6.743333333333332, -6.163333333333334, -6.636666666666667, -5.790622954, -5.790622954, -7.140000000000001, -7.140000000000001, -7.063333333333333, -6.163333333333334, -6.716666666666668, -5.989094509666667, -7.1433333333333335, -7.41, -7.263333333333333, -7.123333333333334, -6.87, -5.946666666666666, -6.146666666666666, -6.6066666666666665, -6.346666666666667, -7.066666666666666, -7.133333333333333, -7.283333333333334, -6.136666666666666, -6.273333333333333, -7.133333333333333, -7.203333333333333, -6.483333333333333, -6.483333333333333, -6.533333333333332, -6.47, -6.0633333333333335, -6.05, -6.0633333333333335, -6.02, -5.886666666666667, -6.41, -5.206666666666667, -7.166666666666667, -7.066666666666667, -7.363333333333333, -7.363333333333333, -6.483333333333333, -5.830000000000001, -5.206666666666667, -5.2299999999999995, -6.69, -6.256666666666668, -5.75, -6.72, -7.163333333333334, -7.156666666666666, -5.266666666666667, -5.9433333333333325, -5.326666666666667, -7.623333333333332, -5.739999999999999, -5.823333333333333, -5.823333333333333, -5.739999999999999, -5.9433333333333325, -5.496666666666666, -5.773333333333333, -5.773333333333333, -5.773333333333333, -5.433333333333334, -6.486666666666667, -5.773333333333333, -5.773333333333333, -6.473333333333333, -6.390000000000001, -5.773333333333333, -5.773333333333333, -5.806666666666666, -5.703333333333333, -6.456666666666667, -5.703333333333333, -5.433333333333334, -5.703333333333333, -6.456666666666667, -6.81, -6.81, -4.436475356333333, -4.436475356333333, -4.436475356333333, -4.436475356333333, -4.796666666666667, -4.936666666666667, -4.826666666666666, -4.826666666666666, -4.436475356333333, -4.436475356333333, -7.326666666666667, -7.366666666666667, -6.6933333333333325, -5.573333333333333, -5.566666666666667, -6.3133333333333335, -6.326666666666667, -5.88, -6.56, -6.56, -6.009999999999999, -5.9799999999999995, -5.88, -6.876666666666666, -5.785, -7.32, -5.816666666666666, -5.81, -6.5200000000000005, -6.656666666666666, -5.81, -5.94, -6.316666666666666, -5.55, -6.053333333333334, -5.866666666666667, -5.956666666666667, -5.909999999999999, -6.366507876, -5.739999999999999, -5.673333333333333, -5.743333333333333, -6.135000000000001, -7.13, -6.726666666666667, -5.936666666666667, -5.995783061, -5.956666666666667, -5.826666666666667, -7.263333333333333, -5.743333333333333, -5.8066666666666675, -6.823333333333333, -5.613333333333332, -7.0475558346666665, -6.25, -6.366507876, -5.773333333333333, -5.995783061, -5.823333333333333, -6.5200000000000005, -6.04, -6.256666666666667, -6.113333333333333, -5.82, -6.103333333333333, -5.995783061, -6.72, -5.353333333333333, -6.38, -6.32, -6.13, -6.043333333333333, -5.866666666666667, -6.486666666666667, -5.599999999999999, -7.076874224666667, -6.324788268333333, -6.314651051999999, -6.297993060333333, -5.826666666666667, -5.746666666666666, -7.513333333333333, -7.0475558346666665, -6.256666666666667, -5.72, -6.849999999999999, -5.760000000000001, -7.513333333333333, -7.079859172333332, -6.6933333333333325, -6.653333333333333, -7.513333333333333, -5.8999999999999995, -5.94, -6.496666666666666, -6.113333333333333, -6.8500000000000005, -6.37, -7.083937324333333, -5.953333333333333, -7.12, -7.076874224666667, -5.78, -6.6866666666666665, -6.273333333333333, -6.403333333333332, -7.263333333333333, -5.826666666666665, -5.456666666666667, -7.083333333333333, -7.010000000000001, -6.546666666666667, -5.87381589, -5.880589749333335, -7.080000000000001, -7.3, -6.457835218333333, -7.103333333333334, -5.992646669666666, -6.6933333333333325, -6.936666666666667, -7.236666666666667, -6.457835218333333, -7.083937324333333, -6.31, -5.843333333333334, -5.6433333333333335, -7.2299999999999995, -6.326666666666667, -6.936666666666667, -5.723333333333334, -6.073333333333333, -6.276666666666666, -6.403333333333332, -6.403333333333332, -6.773333333333333, -6.406666666666666, -6.136666666666667, -6.18, -6.18, -5.866666666666667, -6.386666666666667, -5.760000000000001, -6.406666666666666, -5.093333333333334, -6.23, -5.723333333333334, -7.140000000000001, -6.326666666666665, -7.273333333333333, -7.273333333333333, -7.273333333333333, -6.706666666666666, -6.260000000000001, -6.346666666666667, -5.38, -6.853333333333333, -6.736666666666667, -6.736666666666667, -6.873333333333334, -5.8933333333333335, -6.87, -5.476666666666667, -6.98, -5.93, -6.98, -6.6433333333333335, -5.6866666666666665, -6.413333333333333, -5.716666666666666, -5.993333333333332, -5.253333333333333, -5.613333333333333, -5.239999999999999, -5.613333333333333, -6.333333333333333, -5.25, -5.25, -5.25, -5.25, -5.276666666666666, -5.1433333333333335, -5.25, -5.25, -6.023333333333333, -5.739999999999999, -6.390000000000001, -5.739999999999999, -6.346666666666667, -6.333333333333333, -4.453333333333333, -4.453333333333333, -4.453333333333333, -4.453333333333333, -5.33, -5.33, -5.33, -4.830000000000001, -4.830000000000001, -5.096666666666667, -5.096666666666667, -4.716666666666667, -5.33, -4.453333333333333, -5.56573821, -4.453333333333333, -5.56573821, -4.453333333333333, -4.453333333333333, -4.453333333333333, -4.453333333333333, -7.29, -6.776666666666667, -6.396666666666666, -6.396666666666666, -5.636666666666667, -6.05, -5.84, -6.256666666666667, -6.716666666666666, -6.501666666666668, -6.539999999999999, -6.539999999999999, -5.8133333333333335, -6.206666666666667, -5.633333333333333, -5.73, -6.36, -6.243333333333333, -6.891666666666666, -5.633333333333333, -7.239999999999999, -6.366507876, -6.55, -6.1499999999999995, -6.063333333333333, -6.62, -6.066666666666666, -6.133333333333333, -5.995783061, -6.114999999999999, -6.476666666666667, -6.273333333333333, -5.723333333333334, -5.793333333333333, -6.383333333333333, -6.746666666666666, -6.243333333333333, -7.146666666666667, -6.243333333333333, -6.21, -6.390000000000001, -6.073333333333334, -6.116666666666667, -5.756666666666667, -6.133333333333333, -6.366507876, -6.91, -5.873333333333332, -7.02, -6.650000000000001, -6.12, -6.626666666666666, -6.269999684000001, -6.2, -6.166666666666667, -7.203333333333333, -7.010000000000001, -5.946666666666666, -7.243333333333333, -7.423333333333333, -6.623333333333334, -6.346666666666667, -5.68, -5.66, -6.233333333333333, -6.334826292333333, -6.1499999999999995, -6.04, -6.2, -6.536666666666666, -6.05, -5.873333333333332, -7.666666666666667, -7.666666666666667, -6.046666666666667, -5.59, -6.836666666666667, -6.836666666666667, -7.0475558346666665, -5.68, -7.053088922000001, -5.733333333333333, -6.803333333333334, -5.5566666666666675, -6.676666666666667, -6.836666666666667, -5.653333333333332, -6.3, -5.486666666666667, -5.88, -5.88, -7.666666666666667, -6.313333333333333, -6.126666666666668, -6.166666666666667, -5.886666666666667, -7.02, -7.053088922000001, -6.134788268333334, -6.236666666666667, -6.093333333333334, -6.376666666666666, -6.376666666666666, -5.579999999999999, -6.626666666666666, -5.876666666666666, -7.423333333333333, -7.053088922000001, -6.323333333333333, -6.396666666666667, -5.636666666666667, -5.686666666666667, -6.503333333333333, -6.493333333333333, -6.166666666666667, -6.52, -5.579999999999999, -5.896666666666666, -6.140000000000001, -6.52, -7.039999999999999, -6.6000000000000005, -6.113333333333333, -6.126666666666668, -6.836666666666667, -6.503333333333333, -6.916666666666667, -5.993333333333332, -6.113333333333333, -5.4433333333333325, -6.94, -7.206666666666667, -6.653333333333333, -5.8066666666666675, -7.150000000000001, -6.415712511, -6.59, -6.239999999999999, -6.31, -6.260000000000001, -5.876666666666666, -6.656666666666667, -6.223333333333334, -7.169999999999999, -6.260000000000001, -6.68, -6.323333333333333, -6.199999999999999, -5.94, -6.760000000000001, -6.396666666666667, -6.493333333333333, -6.303333333333334, -5.273333333333333, -6.493333333333333, -5.456666666666666, -6.376666666666666, -5.84, -6.683333333333334, -6.013333333333333, -7.240000000000001, -7.240000000000001, -6.763333333333333, -6.256666666666667, -6.0633333333333335, -5.803333333333334, -5.723333333333334, -5.6000000000000005, -5.6933333333333325, -5.476666666666667, -4.84, -6.026666666666666, -5.803333333333334, -5.803333333333334, -6.703333333333333, -5.803333333333334, -5.803333333333334, -5.789999999999999, -5.803333333333334, -5.803333333333334, -5.803333333333334, -6.5566666666666675, -6.5566666666666675, -6.5566666666666675, -5.826666666666667, -5.826666666666667, -6.28, -5.826666666666667, -4.626555410666667, -4.626555410666667, -4.626555410666667, -4.626555410666667, -6.173333333333333, -4.626555410666667, -4.626555410666667, -4.786666666666666, -4.936666666666667, -4.626555410666667, -4.626555410666667, -4.626555410666667, -4.936666666666667, -6.98, -7.696666666666668, -6.176666666666667, -7.696666666666668, -6.093333333333334, -6.260000000000001, -5.739999999999999, -6.113333333333333, -5.673333333333333, -6.87, -6.063333333333333, -6.366666666666667, -5.956666666666666, -5.956666666666666, -6.063333333333333, -5.973333333333334, -5.836666666666666, -5.846666666666667, -6.333333333333333, -5.886666666666667, -7.2296566680000005, -5.81, -6.263333333333333, -5.934338931333333, -6.426666666666667, -7.003333333333333, -7.006666666666667, -6.359999999999999, -5.873333333333334, -5.87, -5.78, -5.946666666666666, -5.946666666666666, -5.666666666666667, -6.386130096, -6.303333333333332, -6.533333333333334, -5.673333333333333, -5.890000000000001, -6.596666666666667, -5.890000000000001, -5.923333333333333, -6.216666666666666, -5.864237144666666, -6.566666666666666, -5.93, -5.786666666666666, -5.846666666666667, -5.829999999999999, -7.036666666666666, -5.8933333333333335, -6.146666666666667, -5.616666666666667, -5.753333333333333, -5.863333333333333, -5.73, -5.5, -5.733333333333333, -5.829999999999999, -5.836666666666666, -5.676666666666667, -5.746666666666667, -5.843333333333334, -6.6433333333333335, -5.926666666666667, -5.926666666666667, -5.756666666666667, -5.876666666666668, -6.510000000000001, -7.146666666666667, -6.199231873666666, -6.093333333333334, -6.156666666666666, -5.843333333333334, -7.0633333333333335, -5.833333333333333, -7.423333333333333, -6.870272918, -5.909999999999999, -5.753333333333333, -5.593333333333334, -5.496666666666666, -5.496666666666666, -5.813333333333333, -6.173333333333333, -5.8999999999999995, -6.346666666666667, -7.113333333333333, -6.45, -6.0566666666666675, -6.099999999999999, -7.423333333333333, -6.536666666666666, -7.099189821333333, -7.113333333333333, -6.296666666666667, -6.096666666666667, -6.099999999999999, -6.086666666666666, -6.099999999999999, -5.8500000000000005, -5.753333333333333, -6.489999999999999, -6.133333333333333, -7.066666666666666, -5.889528689, -7.216666666666666, -6.099999999999999, -6.5566666666666675, -6.626666666666666, -6.905189755333335, -6.415712511, -5.866666666666667, -5.911633986666668, -5.923333333333333, -5.69, -5.6866666666666665, -6.773333333333333, -6.6933333333333325, -7.263333333333333, -6.936666666666667, -7.026666666666667, -6.170000000000001, -5.830000000000001, -6.7, -7.136666666666667, -6.066666666666666, -6.989999999999999, -7.136666666666667, -6.080000000000001, -6.963333333333334, -5.033333333333332, -6.080000000000001, -6.723333333333334, -6.796666666666667, -7.090000000000001, -7.136666666666666, -6.693333333333334, -6.713333333333334, -5.243333333333333, -6.283333333333334, -5.646666666666667, -6.073333333333333, -6.28, -6.28, -7.216666666666666, -5.2, -6.8500000000000005, -7.216666666666666, -7.216666666666666, -6.653333333333333, -5.086666666666667, -6.343333333333334, -6.8500000000000005, -6.8500000000000005, -6.5633333333333335, -5.716666666666666, -5.22, -5.976666666666667, -5.8999999999999995, -6.550000000000001, -5.276666666666666, -6.2299999999999995, -5.933333333333334, -5.6000000000000005, -4.9799999999999995, -5.09, -5.283333333333334, -5.283333333333334, -4.873333333333334, -5.09, -6.390000000000001, -5.283333333333334, -5.283333333333334, -5.09, -5.09, -5.283333333333334, -5.283333333333334, -5.283333333333334, -5.283333333333334, -6.13, -7.12, -6.683333333333334, -6.683333333333334, -5.933333333333334, -6.426666666666667, -6.683333333333334, -6.468033449333333, -5.427342244666666, -6.1433333333333335, -4.453333333333333, -4.453333333333333, -5.3133333333333335, -5.3133333333333335, -4.8933333333333335, -4.716666666666666, -4.453333333333333, -4.453333333333333, -4.453333333333333, -4.716666666666666, -4.906666666666666, -7.016666666666667, -7.686666666666667, -6.183333333333334, -7.366666666666667, -6.796666666666667, -6.091666666666668, -6.766666666666666, -5.6933333333333325, -5.87, -6.202720645, -7.28, -6.803333333333334, -5.79, -6.073333333333333, -6.796666666666667, -5.706666666666666, -6.166666666666667, -5.849746426666667, -5.5566666666666675, -5.5566666666666675, -5.659999999999999, -5.7749999999999995, -5.87, -5.659999999999999, -6.006666666666667, -6.156666666666666, -5.66, -5.8999999999999995, -5.756666666666667, -5.766666666666667, -5.8500000000000005, -7.086666666666666, -6.8500000000000005, -6.167713171, -6.276666666666666, -6.276666666666666, -7.146666666666666, -5.849746426666667, -6.419999999999999, -7.28, -5.45, -6.491666666666667, -7.096666666666667, -6.133333333333333, -5.823333333333333, -6.683333333333334, -6.310233996, -6.71, -5.6450000000000005, -5.706666666666666, -5.87, -7.366666666666667, -6.966666666666666, -6.966666666666666, -6.496666666666666, -6.476666666666667, -5.45, -5.66, -6.076666666666667, -6.426666666666666, -6.05, -6.366666666666666, -5.650000000000001, -5.86, -7.25, -6.014080427333333, -6.986666666666667, -6.911099344333333, -7.083937324333333, -5.706666666666667, -5.746666666666666, -5.746666666666666, -7.136666666666666, -6.366666666666666, -5.66, -6.426666666666666, -6.783333333333334, -6.326666666666665, -7.383333333333333, -6.4366666666666665, -7.46, -6.911099344333333, -5.866666666666667, -6.151666666666666, -5.536666666666666, -5.44, -6.986666666666667, -6.336666666666666, -6.503333333333333, -6.563333333333333, -5.696666666666666, -6.55, -5.986666666666667, -5.739999999999999, -6.13, -6.196666666666666, -7.176666666666667, -6.07, -6.503333333333333, -6.503333333333333, -6.55, -6.19, -6.57, -5.456666666666666, -7.079999999999999, -6.013333333333333, -7.079999999999999, -6.013333333333333, -7.223333333333334, -5.884990234666667, -6.403333333333333, -5.696666666666666, -6.553333333333334, -6.793333333333333, -6.398143727666667, -6.3500000000000005, -7.346666666666667, -6.66, -7.09, -6.266666666666667, -7.18, -5.43, -6.1499999999999995, -7.203333333333333, -6.47, -5.836666666666667, -5.726666666666667, -6.1499999999999995, -7.203333333333333, -6.503333333333334, -7.163333333333334, -6.963333333333334, -6.47, -6.739999999999999, -6.259999999999999, -6.7, -7.273333333333333, -6.616666666666667, -5.903333333333333, -6.69, -6.0633333333333335, -5.773333333333333, -4.97, -6.32, -7.236666666666667, -7.236666666666667, -6.446666666666666, -7.126666666666668, -5.01, -6.063333333333333, -6.063333333333333, -5.326666666666667, -6.953333333333333, -7.133333333333333, -5.883333333333334, -5.743333333333333, -5.13, -7.18, -5.12, -5.116666666666666, -5.33, -6.62, -6.13, -6.13, -5.803333333333334, -4.989999999999999, -5.803333333333334, -5.803333333333334, -5.803333333333334, -5.803333333333334, -5.803333333333334, -4.993333333333333, -6.06, -5.803333333333334, -5.803333333333334, -6.390000000000001, -5.803333333333334, -6.55, -6.55, -6.113333333333333, -5.710000000000001, -5.829999999999999, -6.39, -6.39, -5.739999999999999, -5.739999999999999, -4.7198086896666664, -4.7198086896666664, -4.7198086896666664, -6.1433333333333335, -6.1433333333333335, -7.151977318666667, -4.623333333333334, -5.413333333333334, -4.996666666666667, -4.843333333333334, -4.996666666666667, -4.996666666666667, -4.623333333333334, -4.7198086896666664, -5.413333333333334]","0     -7.22
1     -6.21
2     -7.24
3     -5.92
4     -5.96
       ... 
247   -6.00
248   -3.99
249   -5.24
250   -4.77
251   -4.71
Name: Permeability, Length: 252, dtype: float64","[array([-7.44333333, -6.65      , -6.57666667, -5.63      , -5.84666667,
       -7.01      , -6.27      , -6.74333333, -6.07333333, -6.23333333,
       -6.02333333, -6.10166667, -5.77      , -6.00333333, -5.57333333,
       -6.06666667, -6.29666667, -7.06333333, -5.77333333, -6.80333333,
       -6.06666667, -6.35      , -5.84666667, -6.67      , -6.18666667,
       -6.18666667, -5.69666667, -6.24333333, -6.35177332, -5.63666667,
       -6.58      , -6.39      , -5.87      , -5.72333333, -6.24333333,
       -7.27      , -5.69666667, -6.77666667, -5.84333333, -7.05333333,
       -6.32689199, -5.51      , -5.78259913, -6.95      , -5.79628788,
       -5.85      , -6.32      , -5.72      , -5.77333333, -5.56333333,
       -6.34333333, -7.06333333, -5.57333333, -6.10166667, -6.32689199,
       -6.2       , -7.14333333, -5.73666667, -5.90666667, -6.90666667,
       -5.79628788, -6.62666667, -5.73333333, -5.99333333, -5.63      ,
       -6.73      , -6.88585911, -5.35333333, -5.72333333, -6.64333333,
       -5.84333333, -6.49      , -5.73666667, -6.85333333, -6.07666667,
       -5.88      , -5.88      , -5.63666667, -6.62      , -7.24      ,
       -5.78259913, -5.45666667, -6.09333333, -7.05333333, -6.5       ,
       -5.96333333, -7.06333333, -5.79      , -7.41333333, -7.19      ,
       -7.08947041, -6.9538991 , -5.78      , -5.805     , -6.67      ,
       -6.97116976, -5.89      , -6.62666667, -6.31666667, -6.07      ,
       -6.93666667, -7.19      , -6.88585911, -6.92      , -5.53666667,
       -6.07666667, -5.96666667, -7.06333333, -6.6       , -6.45333333,
       -5.805     , -6.17      , -6.48666667, -5.98333333, -6.01333333,
       -5.81      , -6.74333333, -5.78666667, -5.78666667, -5.63      ,
       -5.68      , -7.26      , -6.64666667, -7.17333333, -6.55333333,
       -6.01333333, -6.20666667, -5.78666667, -6.04      , -5.78666667,
       -6.84333333, -6.88585911, -6.22666667, -5.45666667, -5.45666667,
       -6.84333333, -6.45333333, -6.34      , -7.01666667, -7.20632333,
       -7.06333333, -6.9033218 , -6.52666667, -6.95129065, -7.01666667,
       -5.63      , -7.41      , -6.41571251, -5.64      , -5.78      ,
       -6.75      , -7.16333333, -5.81      , -5.22666667, -6.87666667,
       -7.24      , -7.13333333, -6.60666667, -6.41571251, -5.85      ,
       -6.60666667, -7.14      , -6.18      , -6.18      , -6.39      ,
       -6.64      , -6.69666667, -6.23333333, -5.81      , -6.68666667,
       -7.20333333, -5.14333333, -5.83333333, -6.02666667, -7.20333333,
       -6.48333333, -6.43      , -6.68      , -6.15666667, -6.11666667,
       -6.45      , -6.25666667, -6.98666667, -5.81      , -5.32333333,
       -5.81      , -6.85333333, -6.68      , -6.17      , -5.88666667,
       -6.90333333, -6.72      , -6.12666667, -5.26333333, -7.28666667,
       -6.68666667, -6.70333333, -5.97      , -5.74333333, -7.26666667,
       -6.72      , -7.25      , -6.99      , -5.64      , -6.3       ,
       -7.62333333, -5.82333333, -6.31666667, -5.74      , -5.09333333,
       -5.77333333, -6.12      , -5.77333333, -5.77333333, -5.77333333,
       -5.43333333, -5.80666667, -6.48666667, -5.77333333, -5.82333333,
       -6.34      , -5.82333333, -5.77333333, -5.77333333, -5.96      ,
       -5.96      , -6.39      , -6.45666667, -6.39      , -6.39      ,
       -6.39      , -5.77666667, -5.70333333, -5.90297846, -4.43647536,
       -4.43647536, -4.43647536, -4.43647536, -6.81      , -4.43647536,
       -4.43647536, -4.79666667, -5.31333333, -4.82666667, -4.82666667,
       -4.79666667, -4.82666667, -4.43647536, -5.96034333, -4.43647536,
       -4.43647536, -4.43647536]), array([-7.49666667, -7.03666667, -7.17666667, -5.57333333, -5.79666667,
       -7.01      , -6.28333333, -6.31666667, -6.11333333, -5.97666667,
       -5.96666667, -6.10166667, -5.86666667, -6.00333333, -5.69333333,
       -6.24      , -6.29666667, -7.05666667, -5.78      , -6.80333333,
       -6.11333333, -5.95333333, -5.81      , -6.24333333, -5.76666667,
       -5.74333333, -5.69666667, -5.81666667, -6.36650788, -5.64333333,
       -6.98666667, -6.45333333, -5.88      , -5.74666667, -5.65333333,
       -7.32      , -5.69666667, -6.77666667, -5.67333333, -6.94333333,
       -6.31465105, -5.56666667, -5.99578306, -6.90666667, -5.99578306,
       -5.78      , -6.36333333, -5.72      , -5.77333333, -5.70333333,
       -5.41      , -7.05666667, -5.69333333, -6.10166667, -6.31465105,
       -6.36666667, -7.13      , -6.17333333, -5.87      , -6.68333333,
       -5.99578306, -6.31666667, -5.72      , -5.94      , -5.57333333,
       -6.42666667, -7.07985917, -5.35333333, -5.56666667, -5.95666667,
       -5.67333333, -6.22666667, -6.17333333, -7.06333333, -6.135     ,
       -5.88      , -5.88      , -5.64333333, -6.50666667, -6.69666667,
       -5.99578306, -5.45666667, -6.09333333, -6.88      , -6.47666667,
       -5.20666667, -6.69333333, -5.47      , -7.51333333, -7.19      ,
       -7.07687422, -7.04755583, -5.64333333, -5.73333333, -6.68666667,
       -6.95857357, -5.74      , -6.31666667, -6.01      , -6.34666667,
       -6.83666667, -7.19      , -7.07985917, -6.01333333, -5.53333333,
       -6.06666667, -5.82333333, -6.69333333, -6.65333333, -6.37      ,
       -5.73333333, -5.88666667, -6.69666667, -6.11333333, -6.01333333,
       -5.72333333, -7.33      , -6.35333333, -6.35333333, -5.63      ,
       -5.68      , -6.97333333, -6.60333333, -7.17333333, -6.65      ,
       -6.01333333, -6.40333333, -6.35333333, -6.54      , -6.35333333,
       -6.84333333, -7.04755583, -6.37333333, -5.45666667, -5.45666667,
       -6.84333333, -6.57      , -5.82666667, -7.08333333, -7.18299   ,
       -7.08      , -6.73953456, -7.05666667, -7.08393732, -7.08333333,
       -5.63      , -7.01333333, -6.24051074, -5.64      , -5.64333333,
       -6.75      , -7.26333333, -6.10666667, -5.30666667, -6.27333333,
       -7.10333333, -6.69333333, -6.85      , -6.24051074, -6.41      ,
       -6.85      , -7.14      , -6.18      , -6.18      , -6.        ,
       -6.69666667, -6.69666667, -6.16333333, -5.41333333, -6.07333333,
       -7.68333333, -5.14333333, -5.94      , -6.02666667, -7.68333333,
       -6.26666667, -6.84666667, -6.77333333, -6.60666667, -6.38333333,
       -5.73333333, -6.79      , -6.98666667, -5.80333333, -5.32333333,
       -6.26      , -6.85333333, -6.81      , -6.17      , -5.88      ,
       -6.87333333, -6.87      , -6.12666667, -5.30666667, -6.98      ,
       -6.04      , -6.03      , -6.17333333, -5.68666667, -7.24      ,
       -6.87      , -7.25      , -6.82333333, -5.48333333, -5.66666667,
       -6.67      , -5.86666667, -6.31666667, -5.74      , -5.01      ,
       -5.25      , -6.76666667, -5.25      , -5.25      , -5.25      ,
       -5.27666667, -5.80666667, -6.62666667, -5.25      , -5.98333333,
       -5.89      , -5.86666667, -5.25      , -5.25      , -5.43666667,
       -5.43666667, -6.39      , -6.33333333, -6.39      , -5.83      ,
       -6.39      , -5.71      , -5.74      , -5.73      , -4.45333333,
       -4.45333333, -4.45333333, -4.45333333, -6.14333333, -4.45333333,
       -4.45333333, -4.71666667, -5.33      , -5.09666667, -5.09666667,
       -4.71666667, -5.09666667, -4.45333333, -5.96034333, -4.45333333,
       -4.45333333, -4.45333333]), array([-7.49666667, -6.65      , -7.17666667, -5.69333333, -5.84666667,
       -7.01      , -6.34      , -6.26      , -6.11333333, -5.84333333,
       -6.08333333, -6.50166667, -5.79333333, -5.84      , -5.69333333,
       -5.96      , -6.47      , -7.07333333, -5.63333333, -6.80333333,
       -6.11333333, -6.35      , -5.84666667, -6.24333333, -6.08666667,
       -6.06333333, -5.69666667, -6.27666667, -6.36650788, -5.63666667,
       -6.85333333, -7.25666667, -6.39666667, -5.61      , -6.1       ,
       -7.21      , -5.69666667, -6.62666667, -5.84333333, -7.05333333,
       -6.4291785 , -5.56666667, -5.99578306, -7.65      , -5.79628788,
       -5.85      , -6.36333333, -5.72      , -5.68      , -5.62666667,
       -6.3       , -7.07333333, -5.69333333, -6.50166667, -6.4291785 ,
       -6.2       , -7.14333333, -6.1       , -5.87      , -6.93333333,
       -5.79628788, -6.31666667, -5.79333333, -5.84      , -5.69333333,
       -6.73      , -6.88585911, -5.35333333, -5.56666667, -6.64333333,
       -5.84333333, -6.04333333, -6.1       , -7.20333333, -6.115     ,
       -5.88      , -5.88      , -5.63666667, -6.64666667, -6.82333333,
       -5.99578306, -5.50333333, -6.13      , -6.88      , -6.13333333,
       -6.16      , -7.06333333, -5.34666667, -7.42333333, -6.83666667,
       -7.05308892, -6.9538991 , -5.78      , -5.73333333, -6.47666667,
       -6.93478827, -5.89      , -6.31666667, -6.49333333, -6.15      ,
       -7.01      , -6.83666667, -6.88585911, -6.01333333, -5.53333333,
       -6.07666667, -5.89      , -7.06333333, -6.12666667, -6.31      ,
       -5.73333333, -6.17      , -6.07      , -5.85666667, -5.63666667,
       -5.81      , -7.11666667, -6.37666667, -6.37666667, -5.63      ,
       -6.04      , -6.95      , -6.81333333, -7.22      , -6.7       ,
       -5.63666667, -6.51333333, -6.37666667, -5.93      , -6.37666667,
       -6.94666667, -6.88585911, -6.2       , -5.58      , -5.58      ,
       -6.94      , -6.51      , -5.89666667, -6.11333333, -7.22965667,
       -6.66333333, -6.9033218 , -6.52      , -6.95129065, -6.11333333,
       -5.63      , -6.91666667, -6.41571251, -5.47      , -5.78      ,
       -5.99333333, -7.42333333, -5.81      , -5.30666667, -6.31333333,
       -7.50666667, -6.65666667, -6.67      , -6.41571251, -6.48      ,
       -6.67      , -7.14      , -6.26      , -6.26      , -6.34666667,
       -6.22333333, -6.54666667, -6.23333333, -6.01333333, -6.68666667,
       -6.98333333, -5.14333333, -5.85      , -5.87666667, -6.98333333,
       -6.42333333, -6.84666667, -6.43333333, -6.12666667, -6.66      ,
       -5.74333333, -6.74333333, -6.98666667, -5.81      , -5.32333333,
       -6.37666667, -6.97666667, -6.65333333, -6.17      , -5.80666667,
       -7.15333333, -6.72      , -6.08      , -5.30666667, -7.28666667,
       -6.68666667, -6.68      , -5.88      , -5.80333333, -7.26666667,
       -6.99333333, -7.25      , -6.99      , -5.64      , -6.3       ,
       -6.67      , -5.86666667, -6.31666667, -5.74      , -5.01      ,
       -5.80333333, -6.42      , -5.80333333, -5.80333333, -5.80333333,
       -5.47666667, -5.80666667, -6.70333333, -5.80333333, -6.02666667,
       -5.96333333, -5.86666667, -5.80333333, -5.80333333, -5.47      ,
       -5.47      , -6.55666667, -6.28      , -6.60666667, -6.04666667,
       -6.55666667, -5.82666667, -5.82666667, -5.90297846, -4.62655541,
       -4.62655541, -4.62655541, -4.62655541, -6.17333333, -4.62655541,
       -4.62655541, -4.78666667, -5.21      , -4.90666667, -4.90666667,
       -4.78666667, -4.90666667, -4.62655541, -5.96034333, -4.62655541,
       -4.62655541, -4.62655541]), array([-6.98      , -6.64333333, -6.53333333, -5.69333333, -5.82333333,
       -7.34333333, -6.59666667, -6.31666667, -5.68333333, -6.23333333,
       -6.08333333, -6.08      , -5.77      , -6.00333333, -5.69333333,
       -6.24      , -6.29666667, -7.07333333, -5.78      , -5.95666667,
       -6.17666667, -6.19666667, -5.83666667, -6.24333333, -6.18666667,
       -6.18666667, -5.86      , -6.26333333, -6.3861301 , -5.89      ,
       -6.98666667, -6.56333333, -5.87      , -5.72333333, -6.1       ,
       -7.27      , -5.87      , -6.19333333, -5.84333333, -7.05333333,
       -6.32689199, -5.63      , -5.93433893, -7.27666667, -5.94802769,
       -5.85      , -5.72666667, -6.39333333, -5.83      , -5.64666667,
       -5.75      , -7.07333333, -5.69333333, -6.08      , -6.32689199,
       -6.36666667, -7.14333333, -6.25      , -5.87      , -6.87666667,
       -5.94802769, -5.95666667, -5.67333333, -5.94      , -5.69333333,
       -6.07333333, -6.90518976, -5.49666667, -5.73      , -6.36      ,
       -5.84333333, -6.49      , -6.25      , -7.06333333, -5.66666667,
       -5.66666667, -5.66666667, -5.89      , -6.62      , -7.05      ,
       -5.93433893, -5.45666667, -5.97333333, -6.88      , -6.47666667,
       -5.20666667, -7.21666667, -5.47      , -7.42333333, -7.19      ,
       -7.01144268, -6.9538991 , -5.93      , -5.73333333, -6.67      ,
       -6.97116976, -5.89      , -5.95666667, -6.31666667, -6.47333333,
       -6.93666667, -7.19      , -6.90518976, -6.01333333, -5.68333333,
       -6.07666667, -5.89      , -7.21666667, -6.6       , -6.56666667,
       -5.73333333, -6.34666667, -6.29666667, -5.99666667, -6.05666667,
       -5.83      , -7.11666667, -6.35333333, -6.35333333, -5.96      ,
       -5.94666667, -6.87666667, -7.14333333, -7.27666667, -6.87666667,
       -6.05666667, -6.51333333, -6.35333333, -6.04      , -6.35333333,
       -6.84333333, -6.90518976, -6.22666667, -6.1       , -6.1       ,
       -6.84333333, -6.51      , -6.11666667, -7.01666667, -7.22965667,
       -6.55666667, -6.72207188, -6.53666667, -6.90518976, -7.01666667,
       -6.33666667, -7.01333333, -6.41571251, -5.76333333, -5.93      ,
       -6.75      , -7.12666667, -6.05666667, -5.38666667, -6.27333333,
       -7.50666667, -6.69333333, -6.67      , -6.41571251, -6.48      ,
       -6.67      , -7.13666667, -6.08      , -6.08      , -5.75      ,
       -6.31333333, -7.16333333, -6.23333333, -5.41333333, -6.35333333,
       -6.79666667, -5.35666667, -5.82666667, -6.02666667, -6.79666667,
       -6.26666667, -6.82666667, -6.23333333, -6.44333333, -6.38333333,
       -6.24666667, -6.74333333, -6.34333333, -5.56666667, -5.44666667,
       -6.07333333, -6.83666667, -6.65333333, -6.28      , -5.80666667,
       -6.85      , -6.85      , -5.80666667, -5.24333333, -7.28666667,
       -6.23333333, -6.78      , -5.91666667, -5.71666667, -6.94333333,
       -6.42333333, -6.55      , -7.27      , -5.65      , -6.3       ,
       -6.79333333, -5.93333333, -7.12333333, -5.74      , -4.88666667,
       -5.28333333, -6.76666667, -5.28333333, -5.28333333, -5.28333333,
       -4.87333333, -5.09      , -6.39      , -5.28333333, -5.93333333,
       -5.99666667, -5.93333333, -5.28333333, -5.28333333, -5.28333333,
       -5.28333333, -6.68333333, -6.33333333, -6.73333333, -6.17333333,
       -6.68333333, -5.71      , -5.74      , -5.51067558, -4.45333333,
       -4.45333333, -4.45333333, -4.45333333, -6.14333333, -4.45333333,
       -4.45333333, -4.71666667, -5.31333333, -4.90666667, -4.90666667,
       -4.71666667, -4.90666667, -4.45333333, -5.91163399, -4.45333333,
       -4.45333333, -4.45333333]), array([-7.49666667, -6.67333333, -7.54      , -5.67333333, -5.77333333,
       -7.68666667, -6.28333333, -6.26      , -5.99333333, -6.23333333,
       -5.74333333, -6.09166667, -5.79333333, -5.87      , -5.76      ,
       -5.91333333, -6.42      , -7.08666667, -5.78      , -6.80333333,
       -6.22      , -6.25      , -5.78666667, -5.89666667, -6.18      ,
       -6.15666667, -5.55666667, -6.27666667, -6.20272065, -5.63666667,
       -7.28      , -6.56333333, -5.87      , -5.65      , -6.1       ,
       -7.36666667, -5.55666667, -6.28333333, -5.70666667, -7.26      ,
       -6.310234  , -5.77      , -5.84974643, -7.65      , -5.86343518,
       -6.71666667, -6.29666667, -5.9       , -5.77333333, -5.70333333,
       -5.75      , -7.08666667, -5.76      , -6.09166667, -6.310234  ,
       -6.36666667, -7.36666667, -6.17333333, -5.9       , -6.68333333,
       -5.86343518, -6.78333333, -5.72      , -5.74666667, -5.67333333,
       -6.73      , -6.88585911, -5.35333333, -5.87      , -6.64333333,
       -5.70666667, -6.72      , -6.17333333, -7.08      , -5.66666667,
       -5.66      , -5.66      , -5.63666667, -6.76666667, -6.69666667,
       -5.84974643, -5.645     , -6.15333333, -6.95666667, -6.47666667,
       -5.20666667, -7.38333333, -5.47      , -7.46      , -7.19      ,
       -6.91109934, -6.9538991 , -5.53666667, -5.74666667, -6.71333333,
       -6.98912708, -5.67333333, -6.78333333, -6.31666667, -6.51333333,
       -6.93666667, -7.19      , -6.88585911, -6.01333333, -5.39666667,
       -6.13333333, -5.89      , -7.38333333, -6.6       , -6.56666667,
       -6.13      , -6.17      , -6.69666667, -5.99666667, -6.01333333,
       -5.81      , -7.11666667, -6.35333333, -6.35333333, -5.67333333,
       -6.09333333, -6.95      , -6.81333333, -7.23      , -6.87666667,
       -6.01333333, -6.19      , -6.35333333, -6.57      , -6.35333333,
       -6.79333333, -6.88585911, -6.22666667, -5.45666667, -5.45666667,
       -6.79333333, -6.51      , -6.11666667, -7.01666667, -6.84333333,
       -6.66333333, -6.9033218 , -6.52      , -6.95129065, -7.01666667,
       -5.97      , -7.20333333, -6.39814373, -5.47666667, -5.53666667,
       -6.28      , -7.16333333, -5.81      , -5.22666667, -6.43666667,
       -7.21      , -6.7       , -6.50333333, -6.39814373, -6.64      ,
       -6.50333333, -7.16333333, -6.96333333, -6.96333333, -5.75      ,
       -6.69666667, -6.69666667, -6.69      , -5.41333333, -6.88666667,
       -6.98333333, -5.13      , -5.81      , -6.06333333, -6.98333333,
       -6.26666667, -6.32      , -6.68      , -6.44333333, -6.38333333,
       -5.74333333, -6.25333333, -7.26666667, -5.81      , -5.88      ,
       -5.81      , -6.85333333, -6.81      , -6.06333333, -5.80666667,
       -7.15333333, -6.72      , -6.06333333, -5.32666667, -7.13333333,
       -6.73      , -6.70333333, -5.88      , -5.74333333, -7.26666667,
       -6.99333333, -7.18      , -6.75666667, -5.64      , -5.78333333,
       -6.67      , -5.86666667, -6.62      , -6.13      , -4.99      ,
       -5.80333333, -6.76666667, -5.80333333, -5.80333333, -5.80333333,
       -5.47666667, -6.06      , -6.62666667, -5.80333333, -5.93333333,
       -5.96333333, -5.86666667, -5.80333333, -5.80333333, -5.47      ,
       -5.47      , -6.39      , -6.33333333, -6.39      , -5.83      ,
       -6.39      , -5.71      , -5.74      , -5.73      , -4.71980869,
       -4.71980869, -4.71980869, -4.71980869, -6.14333333, -4.71980869,
       -4.71980869, -4.62333333, -5.41333333, -4.84333333, -4.84333333,
       -4.62333333, -4.84333333, -4.71980869, -7.15197732, -4.71980869,
       -4.71980869, -4.71980869])]","[-7.38266667 -6.73066667 -7.00066667 -5.65266667 -5.81733333 -7.212
 -6.35466667 -6.37933333 -5.99533333 -6.104      -5.98       -6.17533333
 -5.79866667 -5.944      -5.68266667 -6.084      -6.356      -7.07066667
 -5.74933333 -6.634      -6.138      -6.22       -5.82533333 -6.25933333
 -6.08133333 -6.06733333 -5.70133333 -6.17533333 -6.33472796 -5.68866667
 -6.93733333 -6.64533333 -5.97733333 -5.69066667 -6.03933333 -7.28733333
 -5.70333333 -6.53133333 -5.782      -7.07266667 -6.3415695  -5.60866667
 -5.91165012 -7.28666667 -5.87996434 -6.00933333 -6.214      -5.89066667
 -5.766      -5.64866667 -5.91066667 -7.07066667 -5.68266667 -6.17533333
 -6.3415695  -6.3        -7.18533333 -6.08666667 -5.88333333 -6.81666667
 -5.87996434 -6.4        -5.728      -5.892      -5.65266667 -6.538
 -6.92852525 -5.382      -5.69133333 -6.44933333 -5.782      -6.394
 -6.08666667 -7.05266667 -5.932      -5.79333333 -5.79333333 -5.68866667
 -6.632      -6.90133333 -5.91165012 -5.50366667 -6.08866667 -6.93
 -6.41266667 -5.54866667 -7.084      -5.50933333 -7.44666667 -7.11933333
 -7.02839512 -6.97263045 -5.734      -5.75033333 -6.64333333 -6.96496569
 -5.81666667 -6.4        -6.29066667 -6.31066667 -6.93133333 -7.11933333
 -6.92852525 -6.19466667 -5.53666667 -6.086      -5.892      -7.084
 -6.516      -6.45333333 -5.827      -6.14866667 -6.44933333 -5.98933333
 -5.94666667 -5.79666667 -7.08466667 -6.24466667 -6.24466667 -5.70466667
 -5.888      -7.002      -6.804      -7.21466667 -6.73133333 -5.94666667
 -6.36533333 -6.24466667 -6.224      -6.24466667 -6.854      -6.92206458
 -6.25066667 -5.61       -5.61       -6.85266667 -6.51066667 -6.05933333
 -6.84933333 -7.138392   -6.80533333 -6.83431437 -6.632      -6.96859981
 -6.84933333 -5.83933333 -7.11133333 -6.3771584  -5.598      -5.734
 -6.50466667 -7.228      -5.91866667 -5.29066667 -6.43466667 -7.31333333
 -6.77533333 -6.66       -6.3771584  -6.372      -6.66       -7.144
 -6.33266667 -6.33266667 -6.04733333 -6.514      -6.76       -6.31066667
 -5.61266667 -6.53733333 -7.13       -5.18333333 -5.852      -6.004
 -7.13       -6.34133333 -6.654      -6.56       -6.35533333 -6.38533333
 -5.98333333 -6.55733333 -6.914      -5.76       -5.45933333 -6.066
 -6.87466667 -6.72133333 -6.17066667 -5.83733333 -6.98666667 -6.776
 -6.04066667 -5.28933333 -7.19466667 -6.47533333 -6.57933333 -5.964
 -5.73866667 -7.19666667 -6.8        -7.096      -6.966      -5.61066667
 -6.07       -6.88533333 -5.87133333 -6.53866667 -5.818      -4.998
 -5.58266667 -6.568      -5.58266667 -5.58266667 -5.58266667 -5.30733333
 -5.714      -6.56666667 -5.58266667 -5.94       -6.03066667 -5.87133333
 -5.58266667 -5.58266667 -5.524      -5.524      -6.482      -6.34733333
 -6.502      -6.054      -6.482      -5.74666667 -5.75       -5.7553265
 -4.53790122 -4.53790122 -4.53790122 -4.53790122 -6.28266667 -4.53790122
 -4.53790122 -4.728      -5.316      -4.916      -4.916      -4.728
 -4.916      -4.53790122 -6.18892826 -4.53790122 -4.53790122 -4.53790122]","[0.20239016 0.15333913 0.38755874 0.0459178  0.0287054  0.27017361
 0.12338918 0.18375588 0.16203703 0.16391597 0.12603351 0.1633619
 0.03556528 0.07328483 0.06045751 0.13673007 0.07436845 0.01019804
 0.05805744 0.33866667 0.05389702 0.14584619 0.02353248 0.24533333
 0.16184492 0.1681983  0.09609255 0.17974797 0.06690079 0.10069977
 0.2267294  0.31280523 0.20970243 0.05182878 0.20082497 0.05280572
 0.09942054 0.24706814 0.07585366 0.10290017 0.04430059 0.08915903
 0.08385429 0.32306862 0.08040312 0.35470426 0.2450161  0.26082263
 0.04827698 0.05243409 0.35807138 0.01019804 0.06045751 0.1633619
 0.04430059 0.08164966 0.09081361 0.18131618 0.01646545 0.11033283
 0.08040312 0.28592151 0.03850541 0.0879798  0.0459178  0.26034678
 0.07603644 0.05733333 0.11447659 0.26966976 0.07585366 0.23480867
 0.18131618 0.1126134  0.21745344 0.10616549 0.10616549 0.10069977
 0.08288144 0.21291208 0.08385429 0.07294138 0.06202508 0.068443
 0.13995872 0.42345458 0.22833114 0.14824005 0.03693839 0.14133333
 0.06439858 0.03746269 0.13402156 0.02781686 0.08482662 0.01795711
 0.09225568 0.28592151 0.15612531 0.17467939 0.05520064 0.14133333
 0.07603644 0.36266667 0.09070097 0.02398147 0.04539212 0.22833114
 0.19575949 0.10312883 0.15402164 0.14779265 0.24122281 0.08138796
 0.15590595 0.03747592 0.18961481 0.22917824 0.22917824 0.12876507
 0.1762019  0.13304302 0.18991694 0.0387929  0.1276906  0.15590595
 0.14224548 0.22917824 0.27339349 0.22917824 0.05021731 0.0631907
 0.06219682 0.24961303 0.24961303 0.04776796 0.03690227 0.18217696
 0.36890469 0.14854073 0.22098366 0.08469671 0.21242097 0.06036953
 0.36890469 0.28138072 0.17593686 0.06866182 0.11132735 0.13402156
 0.3138478  0.1077363  0.13402487 0.05986652 0.22897453 0.16426266
 0.17964904 0.11286176 0.06866182 0.271691   0.11286176 0.00975249
 0.32046078 0.32046078 0.27787607 0.20364894 0.20986768 0.19159448
 0.25245814 0.28837013 0.30518483 0.08682038 0.04583061 0.06523121
 0.30518483 0.09339522 0.23055874 0.19852792 0.18461491 0.17183455
 0.30490071 0.24744382 0.30524598 0.09670114 0.21568908 0.23033695
 0.05140687 0.07304793 0.06852088 0.03761796 0.1371293  0.0688767
 0.11967363 0.0309408  0.12266667 0.28363983 0.27673814 0.10973503
 0.03850541 0.12708702 0.21351034 0.27434285 0.17761882 0.06378436
 0.28409701 0.37207884 0.03525148 0.31505626 0.156      0.06608412
 0.2584604  0.2611564  0.2584604  0.2584604  0.2584604  0.22913751
 0.3270637  0.11268442 0.2584604  0.06795423 0.15855458 0.03525148
 0.2584604  0.2584604  0.22868124 0.22868124 0.11958447 0.05843895
 0.14290012 0.21332708 0.11958447 0.04760952 0.04087923 0.14473365
 0.11449066 0.11449066 0.11449066 0.11449066 0.26392255 0.11449066
 0.11449066 0.06223968 0.06468385 0.09599537 0.09599537 0.06223968
 0.09599537 0.11449066 0.48189393 0.11449066 0.11449066 0.11449066]"
10,MLPRegressor,"[-6.453000722911734, -6.850520416217882, -6.5257995193496905, -5.510921728215036, -6.379893058175228, -5.912118314245464, -5.6967546334404515, -6.3127591473430495, -5.850242541011819, -5.79789015059964, -6.518321831918802, -6.030079516134454, -5.637188311179698, -6.202649254074343, -6.44637792972405, -6.0487401859723215, -6.863802757084895, -5.7613670358406255, -7.121138086051989, -6.407661639538742, -6.407661639538742, -6.059853844714735, -6.103267910044615, -6.12814977043863, -6.626629670096942, -5.863883171031627, -6.190763087783067, -5.756791481327473, -5.8697568133928435, -6.743311294340855, -6.315625392709614, -5.499835360018087, -5.886642623463643, -6.50683325836962, -5.8641216022356994, -6.612426785389047, -5.700031816932112, -5.847012837503066, -6.671941829765865, -7.301220483024099, -5.653601956799432, -5.831433311007166, -5.237176960566905, -7.169247573488325, -6.321986893642907, -5.756791481327473, -6.583731601060703, -6.989518614731309, -5.348753806046303, -7.073683842977676, -6.45537452940312, -6.039696651699196, -6.16393341873466, -5.954731354194832, -5.662786611822681, -5.656451677679577, -6.2887564060238414, -6.315625392709614, -6.090757236280763, -6.071486091933536, -6.143249041190214, -5.8159704559805165, -6.580067227187549, -6.910497066366127, -5.661439432458184, -6.014342930405669, -5.7613670358406255, -5.811921207336932, -6.040939278250507, -5.75544732930432, -6.119072945068749, -5.374357285405835, -5.54243918682045, -6.20165188501455, -6.979043401221348, -6.037619287436698, -6.716215383343532, -7.464386829307423, -6.071486091933536, -6.3865805297980645, -5.832228942256061, -5.8705526178885075, -5.990703116640991, -6.557862451355487, -6.1899022998261755, -6.164820615705032, -6.292724883871562, -6.499955119929612, -6.792856624089928, -5.434790873079743, -5.832228942256061, -6.536904797933356, -5.962094691273749, -5.836230598806659, -6.414125886062409, -6.169741743927897, -6.384132153643564, -6.810575853551827, -5.9843154663707585, -6.513671637464529, -6.042194780285266, -6.675991596133152, -6.004673862654642, -5.438065020724039, -7.717782758685707, -6.644325802948644, -6.1792520845533465, -6.348838694227257, -5.942148920567002, -7.09851460665174, -5.985478638013446, -7.042029509072224, -6.992839734100644, -4.892638575043852, -4.892638575043852, -6.763196832465596, -6.763196832465596, -6.025658286092878, -6.6521891401773106, -6.952528898897694, -5.220045154915527, -6.600272513039799, -6.596333183481227, -7.410277572186568, -8.090470569296883, -6.846828555214642, -6.7395548711076305, -5.939251884848519, -5.795875389694449, -6.321859092100782, -6.683589621800455, -6.522535921363714, -7.117748447535374, -7.050994291502813, -6.50558595582687, -6.522535921363714, -6.972019886414322, -6.783683958917466, -6.783683958917466, -6.74022237473097, -6.363718451968656, -6.779479728267441, -5.8868227891215055, -6.569547218474127, -6.5031792771189165, -7.4773744991298425, -6.516082971863619, -4.75768714797865, -7.582315673258092, -7.4143754645247615, -6.933699654046094, -6.933699654046094, -7.671608068703249, -6.820476493992355, -5.662920529060962, -5.560534104240406, -6.992433416532605, -7.702912218735698, -6.596024790418938, -7.0312878049855945, -8.170189152654375, -7.144035205832192, -5.392391957590055, -6.594797122074023, -7.6336771302063, -4.879117452159313, -3.4, -6.8296858826291045, -5.922913920730362, -7.711161685049034, -6.634602219220471, -5.506495165676749, -5.821836964748959, -5.821836964748959, -5.821836964748959, -5.951990821444611, -7.504198579824937, -6.471684494817109, -5.821836964748959, -6.762584615994785, -6.898722743199761, -5.821836964748959, -5.821836964748959, -5.846566124611979, -5.455956768818521, -7.116923375580661, -5.455956768818521, -6.716597381251953, -5.455956768818521, -7.116923375580661, -6.802393110206626, -6.802393110206626, -4.762983007725608, -4.762983007725608, -4.762983007725608, -4.762983007725608, -5.027637642230431, -5.116943876497291, -5.054745294824357, -5.054745294824357, -4.762983007725609, -4.762983007725609, -6.971783003006039, -6.951713801580803, -6.2485489300840875, -5.354109075790675, -6.107499714737268, -5.769721124201041, -5.851624073673448, -6.45532892107493, -5.5037620254461705, -5.5037620254461705, -5.202210986912205, -6.280396397690524, -5.600604561071813, -6.655218141285791, -5.939100478750798, -6.250112862772325, -5.543532720608554, -5.527172657103775, -6.03824640724148, -5.395881427356686, -5.572775619625381, -6.373219690480186, -5.403388949398892, -5.571456710616322, -5.467359324848867, -6.073304849593193, -5.952497573205662, -6.2093015003631375, -6.422404885161069, -6.190227306788674, -5.772348076721561, -5.6007341763140746, -6.479730758765755, -5.64719897017848, -5.996997127787783, -6.254920675759217, -6.605098379185388, -5.952497573205662, -5.409132700880081, -7.41547188601961, -5.842784691960902, -6.4262817704968205, -5.841533703551508, -6.287655175027468, -7.577267609852037, -6.320725020692163, -6.422404885161069, -5.596448920231589, -6.416613611221657, -5.71872583869688, -5.546251553062992, -6.030061528691546, -5.833191220744907, -7.060232103030127, -6.440638259762121, -6.148538235079759, -6.416613611221657, -6.0324386102209955, -4.943099221095548, -5.721710448942594, -6.0593649954124995, -6.1193122002052736, -6.071618752265833, -5.3932163715752965, -6.58270991338066, -5.674719624740257, -6.705244715043798, -6.779359412986915, -6.017563950593193, -6.426226255439441, -5.409132700880081, -5.616079998924117, -6.190378332545664, -7.016000367538365, -6.46666448156223, -5.669244020553871, -5.856901203053081, -5.7618983809689075, -6.190378332545664, -7.08325266267708, -6.369170314865964, -6.385288981717813, -6.190378332545664, -6.056748805331531, -5.834809493560248, -6.491617193289695, -6.087244114529482, -5.524177237151538, -6.806311665922439, -6.90379364762635, -6.675011741258243, -6.43460996166927, -6.705244715043798, -6.05784737301193, -5.899754223743922, -6.150052283789617, -6.628290601028527, -6.961606694512861, -5.8830847861871645, -6.398716181659817, -6.78797751599889, -6.540526017042604, -6.535208516265278, -5.002952815880975, -4.980620154272985, -6.221106295396648, -6.458520384231364, -5.590906528633922, -6.226347757469655, -6.610838986908785, -7.028259594383418, -6.493770268017026, -7.971012269649111, -5.590906528633922, -6.90379364762635, -6.599396415449765, -6.16133784822302, -6.58912497565909, -6.209923967197638, -5.851624073673448, -6.493770268017026, -4.547219705855025, -5.926055138800339, -6.9194833624759, -7.3760555860681905, -7.3760555860681905, -5.927283182505291, -6.329467319151468, -7.236895178801067, -6.979379753794049, -6.979379753794049, -6.7020269460432385, -6.57301918623265, -6.478238531443223, -6.329467319151468, -5.586957842620918, -4.709910942893112, -5.253068140368367, -7.488026923808804, -7.405448827577133, -7.048288379071495, -7.048288379071495, -7.048288379071495, -6.752978291087783, -6.848651777218563, -6.9193354492691554, -5.954004363646324, -7.692080623531662, -7.0824418489262495, -7.0824418489262495, -6.913609250024228, -7.622748981898558, -6.606972064298215, -5.685515639144068, -7.388123333773912, -6.762753485364875, -7.388123333773912, -7.026556744067892, -6.726649751504481, -7.74912404795471, -7.0091887236530654, -8.075158571056988, -5.5965142261647625, -5.427420659311177, -5.528514186093399, -5.427420659311177, -5.3496009887644975, -5.46961291381427, -5.46961291381427, -5.46961291381427, -5.46961291381427, -5.453486710327767, -5.525928109392429, -5.46961291381427, -5.46961291381427, -6.084718354692711, -5.624096507390065, -6.5955272579505495, -5.624096507390065, -6.79666416937619, -7.000022631235486, -4.763123867591713, -4.763123867591713, -4.763123867591713, -4.763123867591713, -5.15133832552187, -5.15133832552187, -5.15133832552187, -5.033384988480871, -5.033384988480871, -5.150944008650059, -5.150944008650059, -5.085269327295253, -5.15133832552187, -4.763123867591713, -6.428789330823574, -4.763123867591713, -6.428789330823574, -4.763123867591713, -4.763123867591713, -4.763123867591713, -4.763123867591713, -6.879500012235876, -7.340677767217734, -6.52264814154086, -6.52264814154086, -6.227653811266048, -6.301125067328282, -5.821408015325284, -6.991002359820946, -5.300354563677, -6.3044502072698, -5.8015682924410905, -5.8015682924410905, -5.6103783004487475, -5.444574548221745, -6.072121298862734, -6.199840022173985, -6.1835631036270895, -6.3138833268835945, -7.106929406555472, -6.072121298862734, -5.833817211744406, -7.732884512689175, -5.935580589909582, -6.344964568515416, -5.821392768210903, -6.5551906550175065, -6.732142252064512, -5.533527617904729, -6.931744399489735, -6.548093205133926, -4.9883710742980165, -7.245447884195851, -5.28521243523324, -5.731846800999008, -6.636982551342625, -6.670702461110782, -6.386079195955871, -7.114295850768067, -5.750444617847368, -5.648448630407065, -6.85167760396623, -5.955917815260693, -4.374842742803534, -5.891237267415297, -5.533527617904729, -7.273886326566487, -5.948027587820739, -6.7146541227979935, -7.036219694855506, -6.819786768043991, -5.92082509806216, -6.145229619982281, -6.775035212694558, -6.740252578653424, -5.808145502179655, -6.699360608938142, -6.573781395242136, -6.256430769271146, -6.400253073003127, -5.661057568375167, -6.776924921325323, -5.887679395925272, -5.989516067934539, -6.575066820093163, -6.029681796356572, -6.420562860889641, -6.593547993089155, -6.811713244510303, -7.2472759384932495, -5.716351614836617, -5.701453301588707, -5.874208708689191, -6.00512968654197, -6.00512968654197, -5.56296481586724, -5.836581204807144, -5.894173875834596, -5.894173875834596, -8.028002119458405, -5.989516067934539, -6.499705846540454, -6.549782593681895, -5.64846784745111, -5.126313041425262, -6.300952098065995, -5.894173875834596, -6.142889677843915, -6.723891336451512, -5.891868643569317, -5.720988866149174, -5.720988866149174, -6.00512968654197, -5.981429108034186, -6.326972975444443, -5.808145502179655, -6.036266365202864, -7.261384306100586, -6.499705846540454, -6.582733834150449, -5.9958916472101444, -6.9240717874741575, -5.973866785560411, -5.973866785560411, -6.255500608886842, -5.853750117938567, -5.783941128729864, -6.235421461799012, -6.499705846540454, -7.6756842111947545, -6.063502694439643, -5.763088766380452, -6.231984723300018, -6.546950708639184, -5.82663440214396, -6.088497495234316, -6.226523850465331, -6.255500608886842, -6.609393988523235, -6.973482798931517, -6.226523850465331, -5.957890568638648, -6.207652261617353, -6.796576497997637, -6.326972975444443, -6.480089202048864, -6.546950708639184, -6.762592368677591, -6.682071192092572, -6.796576497997637, -6.129984459515644, -6.042045398637673, -6.791811838757852, -6.022726478532507, -5.197698939839956, -7.545580044092867, -5.6109941297281, -6.363185653984573, -7.332324073552279, -7.455087660014029, -6.979643887564235, -6.43290134773146, -6.080784751678795, -6.422521047476286, -6.15161044922225, -6.979643887564235, -6.426418085742792, -7.141180225472713, -6.975205510425467, -5.848704023153289, -6.147695990774844, -5.578915686998966, -6.027427881730626, -6.7722838235729705, -5.388093850279558, -6.027427881730626, -6.5730763053288275, -6.776883359730716, -7.263099162708613, -6.846433734006153, -6.673729880109784, -7.612265368124302, -7.612265368124302, -6.476886569724645, -7.184502935900053, -6.835515829054894, -6.861243358430328, -7.183078423293079, -5.2435723606544045, -4.7699566885826155, -5.282770612084658, -5.8271667084558345, -5.5888429184208235, -5.557563553689974, -5.557563553689974, -7.293698690387245, -5.557563553689974, -5.557563553689974, -5.765326241864104, -5.557563553689974, -5.557563553689974, -5.557563553689974, -6.41210942406211, -6.41210942406211, -6.41210942406211, -5.650345104310929, -5.4000510525838425, -6.441734080195528, -5.650345104310929, -4.859108107417006, -4.859108107417006, -4.859108107417006, -4.859108107417006, -6.507281222053601, -4.859108107417006, -4.859108107417006, -5.151196365208739, -5.098010497303507, -4.859108107417006, -4.859108107417006, -4.859108107417006, -5.098010497303507, -6.425682830822934, -6.542603256308711, -6.217932184999786, -6.954725352588591, -5.975352249662018, -6.76807226108717, -5.606144056978273, -6.666577484249094, -5.6315382733146, -6.217528935429943, -5.9633592416448735, -6.570678840020511, -5.823582908955816, -5.823582908955816, -5.9633592416448735, -6.0514775354498225, -5.643971291715529, -6.016821614670642, -6.113955430244011, -5.515778150966618, -10.0, -6.141317615007445, -5.563559401300354, -6.430285732793864, -6.7503574330069265, -6.1507772536979655, -6.837448668777455, -6.018525826114508, -5.8405553908968475, -5.701508762448411, -6.083764163019156, -5.8276315000661585, -5.8276315000661585, -5.7110208081657134, -6.723311436792794, -5.315803222591024, -6.624272411470479, -5.943133393971934, -5.69753243474957, -6.046409335421121, -5.69753243474957, -6.208457168439852, -5.799823091275128, -6.579647610070262, -7.125942883529799, -5.38020659583772, -5.394945654920323, -6.100844704731496, -5.840743320037649, -6.568050766335361, -5.5969608193233835, -5.688607713038575, -5.719400650919647, -5.840505536940167, -5.886607389652936, -6.020889173824905, -5.444196355790177, -6.0456025131115965, -5.840743320037649, -5.942622959118579, -6.013752173115133, -4.61949986345152, -5.682537483069127, -6.000066510458852, -6.525157943229894, -6.525157943229894, -6.259067091996272, -5.827315679742676, -6.864261561809965, -6.379079704281345, -6.706586550547055, -5.672759855866696, -5.789818719819104, -5.682537483069127, -6.601345407120277, -5.9022245881367335, -6.383969284948258, -6.437481321212353, -6.126224645829321, -6.045116826617285, -6.716705019950542, -5.838051650417376, -5.838051650417376, -5.830013644306497, -5.642823907674142, -6.05308851836212, -6.005184276543202, -6.427740672584317, -6.315508428792853, -6.00572187446081, -6.409682022283276, -6.383969284948258, -6.17064708701758, -7.315284266015664, -5.96608263604328, -6.073131603819471, -5.896404519002919, -6.409682022283276, -5.851131495791384, -6.409682022283276, -6.223349026077468, -6.045116826617285, -5.982880878582813, -6.052645103430847, -6.675070053195089, -4.986017087950308, -6.494622943560039, -6.409682022283276, -6.272024181663125, -6.948477413672125, -6.863889377978985, -5.238258128782987, -6.00560978808525, -6.039498814312476, -6.737360200643317, -5.262283635837046, -6.386047425664368, -6.314895885306036, -6.096216633989877, -6.854569002371008, -7.177025125908693, -6.90354631988867, -5.092839904734905, -5.323780130057605, -6.60859291433707, -7.3181745570938785, -6.5598771420715485, -6.666342904919135, -7.3181745570938785, -7.025991046271141, -6.621474718646353, -5.412294301777017, -7.025991046271141, -6.319562056713857, -7.1316430663998505, -6.334587965283847, -7.325956401747694, -6.440294069684535, -6.031550506330158, -5.704772152769364, -6.336527290305307, -5.295430142222712, -6.725836622282992, -6.67790715619152, -6.67790715619152, -7.601667613276651, -5.09569631434754, -6.621230527307308, -7.601667613276651, -7.601667613276651, -7.018477295549364, -6.580376240051425, -6.800957699361266, -6.745126802714058, -6.621230527307308, -6.41962355646432, -6.562784543918726, -4.559421452880213, -7.558323949062529, -7.30358005620865, -6.846107859897634, -5.1843068277458055, -5.1377371220812975, -6.819603966828749, -6.439419512808202, -5.569490953225321, -5.533175833573929, -5.366040030951062, -5.366040030951062, -5.372359648665359, -5.9375385916500525, -7.245673701029814, -5.366040030951062, -5.430928119072137, -5.9375385916500525, -5.9375385916500525, -5.366040030951062, -5.366040030951062, -5.366040030951062, -5.366040030951062, -7.862361496523163, -7.418730597045016, -6.62334186318369, -6.62334186318369, -7.072090726505137, -6.384063164641571, -6.62334186318369, -5.359159954938889, -6.035411834124828, -6.597074957647027, -4.845067448496733, -4.845067448496733, -5.24767725442921, -5.24767725442921, -5.196289500791318, -5.094453982587452, -4.845067448496733, -4.845067448496733, -4.845067448496733, -5.094453982587452, -5.296004835502086, -6.7843065349891285, -6.58972613009588, -6.630968786883037, -5.7838868374754515, -4.955422829127484, -6.202228141118385, -6.031849172966237, -5.757867455478222, -5.921728007258349, -7.043783748578177, -7.136259729160516, -6.667973647368393, -6.183542304283633, -6.468169813757094, -4.672902140394258, -5.778571969192909, -6.0917340165114116, -6.170499322194617, -5.6581475957319185, -5.6581475957319185, -5.850173528877199, -5.850848307512824, -6.608393644791783, -5.850173528877199, -6.815673334458492, -5.7303260443794874, -5.849707548011256, -6.044175492176806, -6.408839457474419, -6.069606197548772, -5.462035680897652, -8.4320336123862, -6.533924744375986, -6.533593446951555, -5.641202563019735, -5.869261976310216, -5.751631142792854, -6.170499322194617, -6.113159206260584, -7.205341031901604, -5.793836824595869, -6.171507685457594, -5.930050626889387, -6.73256459221174, -5.765980731793317, -5.838129759441386, -6.101998196772587, -6.430217349087601, -5.432818049576626, -5.778571969192909, -6.0479915817379295, -5.653143052320693, -5.718424949750729, -5.718424949750729, -6.61469547567153, -5.528372088402699, -5.793836824595869, -5.849707548011256, -6.270588120647078, -6.479636696294697, -6.331352680093255, -7.2779540207170035, -5.601557663253945, -5.2086284915459755, -6.197831447520282, -6.448375213539092, -6.609795385279387, -5.952435148660103, -7.234174036023464, -5.674619567762229, -6.013231196127285, -6.013231196127285, -6.475875647462936, -7.2779540207170035, -6.2067169051352264, -6.479636696294697, -6.074028117303808, -5.556658459875804, -6.6174942004532324, -6.21785344605558, -6.360224231028957, -6.559422749343173, -5.780621024024193, -5.921840617696794, -5.9373291193109665, -4.171167276244109, -7.1241967837733995, -6.232421902372587, -5.497720477165504, -5.969506867364287, -5.742080864303017, -6.247600986186394, -6.1288034187005, -6.701701960691772, -7.134424625272321, -6.208113015407288, -5.870981093911733, -5.878193452720321, -6.355280485753967, -6.355280485753967, -6.247600986186394, -6.692045335302297, -6.262251859796211, -6.439908301615609, -6.3437258835736525, -5.755720133379989, -6.8674491978776375, -6.02433984172401, -6.5498906022476735, -5.114801571192195, -7.550432155363334, -6.217723846671288, -6.2812908018845635, -6.087309730447044, -5.698965791758552, -6.762064497697547, -6.890280668562679, -6.202491991495916, -7.2431315382789885, -6.91070116438715, -6.763070758928024, -5.741628397960605, -6.677266630723204, -6.723103248072088, -6.164022431194641, -5.450270827900096, -6.099055143817856, -6.677266630723204, -6.192430540835286, -5.817429420925952, -7.457733311074421, -7.14601362682476, -6.57636385678541, -4.203945841483815, -7.413727819563324, -6.122697594350044, -6.201964077825747, -5.945142001954449, -7.195958133119988, -6.936984368634352, -6.416962721913787, -7.072793261382645, -4.515843147713217, -6.176227695828099, -7.075310162846479, -7.075310162846479, -6.4663387553654355, -7.707808494451403, -5.662239371085474, -6.731909349929322, -6.731909349929322, -5.1833729046302865, -7.286489460774557, -7.417562066517173, -5.714818583220522, -6.757382291234037, -4.5040790439353415, -6.9474555689868005, -6.8700139819937345, -5.71451918606552, -4.926195494989389, -6.8402535058910034, -5.442088380692521, -5.442088380692521, -4.9763525315009565, -6.685716504408693, -5.523485865191717, -5.523485865191717, -5.523485865191717, -5.523485865191717, -5.523485865191717, -8.124970307180105, -6.139300356386509, -5.523485865191717, -5.523485865191717, -6.048851674868039, -5.523485865191717, -7.555851905664119, -7.555851905664119, -5.512484771851979, -4.197643581389194, -4.369548937528454, -6.442254803055898, -6.442254803055898, -5.7750675267768665, -5.7750675267768665, -4.769074757391808, -4.769074757391808, -4.769074757391808, -6.987995717483302, -6.987995717483302, -7.075025237986835, -5.322694923222598, -5.09454537530912, -5.159917239069638, -5.114025756671401, -5.159917239069638, -5.159917239069638, -5.322694923222598, -4.769074757391808, -5.094545375309119]","0     -7.22
1     -6.21
2     -7.24
3     -5.92
4     -5.96
       ... 
247   -6.00
248   -3.99
249   -5.24
250   -4.77
251   -4.71
Name: Permeability, Length: 252, dtype: float64","[array([-6.45300072, -9.4649297 , -6.446306  , -5.65645168, -5.43466152,
       -6.0590293 , -7.32742123, -6.61931031, -5.23262011, -6.27829951,
       -6.92641618, -6.12137071, -5.56754062, -5.91263827, -6.44942933,
       -5.79464162, -6.08027722, -8.29913673, -6.10326791, -5.9344722 ,
       -6.3091323 , -5.81571402, -5.75366799, -6.86856385, -5.94375864,
       -5.91369083, -5.81192033, -5.76136704, -6.67568824, -5.67876582,
       -6.62198054, -6.15188777, -6.40515147, -5.72983064, -5.70391294,
       -6.35144096, -5.59808622, -6.18222248, -5.81192121, -6.40877088,
       -6.14427075, -6.14628011, -6.12814977, -6.51070521, -6.28987774,
       -5.50402657, -5.79626152, -6.02893573, -6.01558996, -5.49126579,
       -6.3022787 , -8.17190822, -6.44942933, -6.12137071, -6.14427075,
       -6.5837316 , -6.317945  , -5.71401733, -5.27242381, -6.47676148,
       -6.28987774, -5.66278661, -5.75679148, -6.02500224, -5.65645168,
       -6.00735018, -7.06220339, -5.24233168, -6.01434293, -6.09160506,
       -6.08139984, -6.17349264, -5.71401733, -6.23122811, -6.49611773,
       -5.70582306, -5.70582306, -5.67876582, -6.01760709, -5.88273803,
       -6.44472181, -5.58409079, -5.69250896, -6.6193713 , -5.70003182,
       -6.48643282, -6.45554738, -6.53634766, -6.20165189, -5.91844193,
       -6.48252569, -6.95985811, -6.45006445, -6.03761929, -6.32114313,
       -6.2440703 , -6.32607274, -5.66278661, -6.40629661, -6.31392278,
       -6.47736801, -5.91844193, -7.06220339, -6.33606482, -6.36069465,
       -6.62967572, -5.48095263, -6.45554738, -6.53365382, -6.71621538,
       -6.49995512, -6.02797651, -5.93319103, -6.21805187, -5.95212445,
       -4.96063783, -6.38413215, -6.00771776, -6.00771776, -5.78904831,
       -6.5655776 , -6.6759916 , -4.26911601, -6.63468037, -4.68165662,
       -5.95212445, -6.51367164, -6.00771776, -6.05393618, -6.00771776,
       -5.68496439, -6.75051874, -4.96320622, -6.24023652, -6.24023652,
       -6.09840016, -7.09851461, -6.56191798, -6.84962407, -5.41422166,
       -6.02565829, -6.10125122, -6.52389394, -6.88986748, -6.84962407,
       -5.7755275 , -6.59633318, -5.58117344, -4.91789035, -5.95545498,
       -6.66321863, -6.26540727, -5.65632809, -5.20664964, -6.71944924,
       -6.25127402, -6.26445606, -5.79587539, -5.58117344, -6.29442369,
       -5.79587539, -7.21430708, -7.08818755, -7.08818755, -6.37701929,
       -6.26015407, -7.08772536, -6.77176672, -6.19286215, -6.1332597 ,
       -6.97201989, -4.79799437, -6.23953859, -6.36555638, -6.97201989,
       -6.78368396, -6.1632095 , -6.02945318, -5.70545686, -5.79186183,
       -7.36348055, -6.83657723, -6.70582777, -5.90739538, -4.56402109,
       -6.72666552, -7.93217147, -7.07963824, -6.59014697, -7.4773745 ,
       -6.75178171, -6.6737987 , -7.51554816, -5.33491172, -7.21385783,
       -7.19931575, -7.02717446, -6.76605621, -6.84351598, -7.14748622,
       -7.0312878 , -6.98577639, -7.84936972, -5.88683329, -3.4       ,
       -4.87911745, -6.91054092, -7.40427525, -5.64634194, -6.05344966,
       -5.82183696, -7.57483989, -5.82183696, -5.82183696, -5.82183696,
       -5.95199082, -5.84656612, -7.50419858, -5.82183696, -5.92291392,
       -7.46984449, -6.91054092, -5.82183696, -5.82183696, -5.62695019,
       -5.62695019, -6.6158113 , -7.11692338, -6.21229127, -6.89872274,
       -6.6158113 , -5.43607218, -5.45595677, -6.72236427, -4.76298301,
       -4.76298301, -4.76298301, -4.76298301, -6.80239311, -4.76298301,
       -4.76298301, -5.02763764, -5.17744346, -5.05474529, -5.05474529,
       -5.02763764, -5.05474529, -4.76298301, -6.25482391, -4.76298301,
       -4.76298301, -4.76298301]), array([-6.55966083, -9.65650846, -6.64518568, -5.35410908, -5.31709766,
       -6.35787751, -7.06360418, -6.71397701, -5.40280123, -6.17627898,
       -6.79230695, -6.03813575, -5.39321637, -5.87013116, -6.67511419,
       -6.04264254, -6.14993606, -8.56986619, -6.01860614, -5.71929952,
       -6.35228201, -5.75067836, -5.57277562, -6.89928819, -5.74030908,
       -5.60073418, -5.77518607, -5.54353272, -6.69851056, -5.70195481,
       -7.0251915 , -5.99290015, -6.45532892, -5.61608   , -5.68480588,
       -5.71681836, -5.65807106, -6.14183434, -5.77234808, -6.09073389,
       -6.01756395, -6.25647653, -6.41661361, -6.77010949, -6.60509838,
       -5.46024666, -5.69780914, -5.9305528 , -5.84536683, -5.55341925,
       -6.00938298, -8.34883325, -6.67511419, -6.03813575, -6.01756395,
       -6.57575631, -5.57224699, -5.78631   , -5.26063717, -6.59308583,
       -6.60509838, -5.64169149, -5.66924402, -6.02349292, -5.35410908,
       -5.97620479, -7.08325266, -4.94309922, -6.03309333, -5.95249757,
       -5.99145883, -6.02762706, -5.78631   , -5.98335432, -6.53228093,
       -5.75742319, -5.75742319, -5.70195481, -6.21019021, -6.0467233 ,
       -6.70151123, -5.65481106, -5.56653972, -6.31784804, -5.4905958 ,
       -6.25004828, -6.36917031, -6.57174351, -6.19037833, -6.09204285,
       -6.70524472, -7.01600037, -6.58912498, -5.89899522, -6.11987389,
       -6.44526916, -6.53671451, -5.64169149, -6.54822498, -6.46023836,
       -6.42550654, -6.09204285, -7.08325266, -6.36880173, -6.40207279,
       -6.59841133, -5.3545295 , -6.36917031, -6.38528898, -6.80631167,
       -6.339345  , -6.06754488, -6.16181852, -6.17801239, -5.85715218,
       -4.70152212, -6.40512047, -6.0028903 , -6.0028903 , -5.71415537,
       -6.64542595, -6.48547845, -4.33715462, -6.58390531, -4.44379706,
       -5.85715218, -6.6282906 , -6.0028903 , -6.21832953, -6.0028903 ,
       -5.56647567, -6.73347298, -4.7554185 , -6.39871618, -6.39871618,
       -6.04694213, -7.06634373, -6.44589923, -6.78797752, -5.69504957,
       -6.2211063 , -6.21980971, -6.67474305, -6.90379365, -6.78797752,
       -5.66792343, -6.83605286, -5.46538147, -4.901484  , -5.99026456,
       -6.8128178 , -6.25781418, -5.40459356, -5.14319072, -6.79151338,
       -6.22634776, -6.00535296, -5.8569012 , -5.46538147, -6.09626412,
       -5.8569012 , -7.33458386, -6.97937975, -6.97937975, -6.07745437,
       -6.49674101, -7.30891607, -6.59908873, -6.18626828, -5.92605514,
       -7.25302969, -4.79332756, -6.37321969, -6.40791331, -7.25302969,
       -6.69129906, -6.14440318, -5.92728318, -5.36153095, -5.71238957,
       -7.00866413, -6.6701338 , -6.97281433, -5.70100488, -4.59407204,
       -6.84865178, -7.69208062, -7.34998076, -6.69511125, -7.22072227,
       -6.91360925, -6.60697206, -7.698085  , -5.10267634, -7.38812333,
       -6.96518691, -7.09493499, -6.56945725, -6.72664975, -7.42757038,
       -7.00098991, -6.93364884, -8.13302146, -5.31707829, -8.37240194,
       -5.75296219, -6.80078286, -7.24423067, -5.45269022, -6.07785815,
       -5.46961291, -7.38223157, -5.46961291, -5.46961291, -5.46961291,
       -5.45348671, -5.90749524, -6.93874058, -5.46961291, -6.06462988,
       -6.65148984, -6.80078286, -5.46961291, -5.46961291, -5.16485915,
       -5.16485915, -6.59552726, -7.00002263, -6.1891993 , -6.90978048,
       -6.59552726, -5.63322004, -5.62409651, -6.87343231, -4.76312387,
       -4.76312387, -4.76312387, -4.76312387, -6.49359001, -4.76312387,
       -4.76312387, -5.08526933, -5.15133833, -5.15094401, -5.15094401,
       -5.08526933, -5.15094401, -4.76312387, -6.47957116, -4.76312387,
       -4.76312387, -4.76312387]), array([-6.45555278, -9.29498502, -6.76825549, -5.67389155, -5.36289504,
       -6.42754537, -7.378653  , -6.60484631, -5.24298272, -6.63506162,
       -7.11264123, -6.1365935 , -5.32092771, -5.82140802, -6.32318313,
       -5.84302945, -6.1372238 , -8.47984201, -6.0721213 , -6.02228834,
       -6.43663328, -5.90464784, -5.71660856, -6.92264712, -5.58072709,
       -5.82139277, -5.87446164, -5.66209436, -6.81373016, -5.83734323,
       -7.03691224, -6.51850518, -6.52264814, -5.6246486 , -5.83735353,
       -6.38778191, -5.79371839, -6.14522962, -5.77928095, -6.10979324,
       -6.2454696 , -6.22392514, -6.26194249, -6.81230801, -6.50594051,
       -5.34430225, -5.75581278, -6.01197176, -5.98951607, -5.379624  ,
       -6.2003025 , -8.28044954, -6.32318313, -6.1365935 , -6.2454696 ,
       -6.74025258, -6.05529646, -5.87213811, -5.22112954, -6.61187053,
       -6.50594051, -5.74036179, -5.7318468 , -5.82792596, -5.67389155,
       -5.8556782 , -7.27805575, -4.99489034, -5.998996  , -6.07616089,
       -6.09162386, -6.1611605 , -5.87213811, -6.23465164, -6.54730892,
       -5.89899425, -5.89899425, -5.83734323, -6.100816  , -5.9385254 ,
       -6.49472323, -5.3886464 , -5.61333157, -6.75199854, -5.53352762,
       -6.48239072, -6.47407872, -6.6692045 , -6.23542146, -5.89417388,
       -6.49970585, -7.10232896, -6.48391321, -5.97633642, -5.69642681,
       -6.22242595, -6.69280165, -5.74036179, -6.86264645, -6.59354799,
       -6.5737814 , -5.89417388, -7.27805575, -6.54537844, -6.25238381,
       -6.47067437, -5.46509913, -6.47407872, -6.32697298, -6.68677614,
       -6.49501461, -5.95634732, -6.04902919, -6.22727536, -5.76308877,
       -4.77906138, -6.45208116, -5.97386679, -5.97386679, -5.69458088,
       -6.81171324, -6.5768084 , -4.44024839, -6.63483809, -4.61012267,
       -5.76308877, -6.42443258, -5.97386679, -6.08015184, -5.97386679,
       -5.54075716, -6.78508124, -5.08687117, -6.25550061, -6.25550061,
       -6.0420454 , -7.10593539, -6.60939399, -6.7965765 , -5.65913234,
       -6.07050268, -6.11387026, -6.5135995 , -7.03545611, -6.7965765 ,
       -5.65548989, -6.76259237, -5.83956822, -4.74536375, -5.86685883,
       -6.68207119, -6.36031706, -5.68454002, -5.06752095, -6.65214012,
       -6.16151296, -6.08078475, -5.89666126, -5.83956822, -6.13128066,
       -5.89666126, -7.34770808, -6.97964389, -6.97964389, -6.21126855,
       -6.42252105, -7.30970597, -6.76572717, -6.32112388, -5.9674243 ,
       -7.1888151 , -4.66085584, -6.28393856, -6.43290135, -7.1888151 ,
       -6.55002038, -6.30560828, -5.9550743 , -5.41948875, -5.64128863,
       -7.05408933, -6.74620719, -6.98689575, -5.91156504, -4.53542969,
       -6.77688336, -8.06313923, -7.23319043, -6.7544613 , -7.38321069,
       -6.94004975, -6.63154847, -7.57672689, -5.18190593, -7.22156121,
       -7.14316703, -6.9954272 , -6.83310641, -6.86124336, -7.50041489,
       -7.01592584, -7.06010988, -7.95224125, -5.42653387, -6.32756648,
       -6.02064851, -6.41330504, -7.35488704, -5.59525848, -6.29221599,
       -5.55756355, -7.20160085, -5.55756355, -5.55756355, -5.55756355,
       -5.43446008, -6.06821836, -7.29369869, -5.55756355, -5.58884292,
       -7.52316142, -6.41330504, -5.55756355, -5.55756355, -5.40135764,
       -5.40135764, -6.41210942, -6.44173408, -6.09274963, -6.4482819 ,
       -6.41210942, -5.40005105, -5.6503451 , -6.54527445, -4.85910811,
       -4.85910811, -4.85910811, -4.85910811, -6.50728122, -4.85910811,
       -4.85910811, -5.15119637, -5.17775967, -5.05340007, -5.05340007,
       -5.15119637, -5.05340007, -4.85910811, -6.26254967, -4.85910811,
       -4.85910811, -4.85910811]), array([-6.42568283, -8.93151939, -6.36319675, -5.42479063, -5.28315584,
       -6.22679276, -7.10211973, -6.85900446, -5.45183959, -6.26251381,
       -6.71005388, -5.82305412, -5.37647939, -5.85797971, -6.44010318,
       -5.93997789, -6.10239628, -7.90506144, -6.08376416, -5.63616359,
       -6.19701986, -5.78042988, -5.64397129, -7.05753038, -5.68516251,
       -5.69142924, -5.88991341, -5.5635594 , -6.72331144, -5.69753243,
       -7.07017927, -6.23713976, -6.21168633, -5.65918206, -5.64041674,
       -6.47950443, -5.70150876, -6.08605235, -5.68253748, -6.15250456,
       -6.27647703, -6.15179655, -6.43028573, -6.62179144, -6.58866308,
       -5.56541901, -5.73514406, -6.00313113, -5.84074332, -5.4849474 ,
       -6.03575216, -7.7569048 , -6.44010318, -5.82305412, -6.27647703,
       -6.55294302, -6.39662382, -5.71686361, -5.29789475, -6.52025281,
       -6.58866308, -5.49993198, -5.63153827, -5.88578424, -5.42479063,
       -5.88876693, -6.99033071, -5.1504164 , -6.02088917, -6.01852583,
       -5.86062143, -6.2719374 , -5.71686361, -6.31612834, -6.32169883,
       -5.71102081, -5.71102081, -5.69753243, -6.02649671, -6.02584516,
       -6.68345444, -5.61293432, -5.55637811, -6.63387318, -5.51873516,
       -6.39244366, -6.49462294, -6.59309482, -6.38396928, -6.16464997,
       -6.66513628, -6.91502116, -6.54353111, -5.95255597, -6.38213563,
       -6.36826697, -6.45125243, -5.49993198, -6.59202019, -6.36684393,
       -6.57067563, -6.16464997, -6.99033071, -6.39013083, -6.33228341,
       -6.44491544, -5.35931227, -6.49462294, -6.48961368, -6.76986975,
       -6.49649205, -6.00518428, -6.0731316 , -6.11471914, -6.00572187,
       -4.74843858, -6.55140187, -6.02610863, -6.02610863, -5.84980498,
       -6.72699017, -6.61744137, -4.21286619, -6.65249651, -4.5119058 ,
       -6.00572187, -6.52360755, -6.02610863, -6.23163096, -6.02610863,
       -5.6978628 , -6.77316503, -4.84185414, -6.40968202, -6.40968202,
       -6.20116579, -7.18442818, -6.5695536 , -6.81636113, -6.6890176 ,
       -6.27202418, -5.81941367, -6.17064709, -6.86388938, -6.81636113,
       -5.86466989, -6.87594327, -5.38466945, -4.68833123, -5.9774285 ,
       -6.75141599, -6.4791677 , -5.38826692, -5.18783223, -6.73143132,
       -6.40187299, -6.10115936, -5.76444617, -5.38466945, -6.2563345 ,
       -5.76444617, -7.31817456, -7.02599105, -7.02599105, -6.15668015,
       -6.36869339, -7.25209309, -6.83923118, -6.23791144, -6.02936114,
       -7.13164307, -4.8040853 , -6.33707955, -6.38296096, -7.13164307,
       -6.56385906, -6.17434538, -5.92536053, -5.54533313, -5.67999187,
       -7.00092412, -6.66670661, -6.8009577 , -5.63952877, -4.36657335,
       -6.72583662, -7.86604833, -7.36008691, -6.67790716, -7.10396389,
       -6.7451268 , -6.62123053, -7.55310595, -5.22478741, -7.32244   ,
       -6.95848152, -7.02906594, -6.32380617, -6.56278454, -7.19310928,
       -6.91199488, -6.84610786, -8.15767453, -5.37804717, -8.07677759,
       -5.99067373, -7.07209073, -7.38300433, -5.51070069, -5.83815402,
       -5.36604003, -7.73733219, -5.36604003, -5.36604003, -5.36604003,
       -5.37235965, -5.93753859, -7.2456737 , -5.36604003, -5.94038   ,
       -7.00105689, -7.07209073, -5.36604003, -5.36604003, -5.43092812,
       -5.43092812, -6.62334186, -6.48143936, -6.31771269, -6.61639207,
       -6.62334186, -5.62121485, -5.62152999, -6.73664975, -4.84506745,
       -4.84506745, -4.84506745, -4.84506745, -6.59707496, -4.84506745,
       -4.84506745, -5.09445398, -5.24767725, -5.29600484, -5.29600484,
       -5.09445398, -5.29600484, -4.84506745, -6.03258444, -4.84506745,
       -4.84506745, -4.84506745]), array([-6.73060772, -9.70912944, -6.4067254 , -5.5530245 , -5.32117352,
       -6.38866407, -7.18707687, -6.73589087, -5.33927915, -6.41741743,
       -6.8497057 , -6.06711506, -5.30360174, -5.92172801, -6.36308167,
       -5.78673684, -6.29635631, -8.6153024 , -6.06274493, -5.90812505,
       -6.31007006, -5.94993429, -5.65641836, -6.8448064 , -5.57258092,
       -5.73032604, -5.84123878, -5.64120256, -6.65638213, -5.77133419,
       -7.29797272, -6.16666834, -6.37464594, -5.60155766, -5.7039839 ,
       -5.76360354, -5.6581476 , -6.17082441, -5.77857197, -6.09228299,
       -6.1019982 , -6.17879099, -6.17049932, -6.80424727, -6.35950172,
       -5.42906869, -5.72167686, -6.04417549, -5.91672804, -5.42397303,
       -6.089623  , -8.43203361, -6.36308167, -6.06711506, -6.1019982 ,
       -6.68627576, -5.3981162 , -5.74805911, -5.28145018, -6.65736516,
       -6.35950172, -5.62022585, -5.68059594, -5.94281591, -5.5530245 ,
       -5.90083383, -7.28912797, -5.13205272, -6.04799158, -5.95674036,
       -5.97990186, -6.19660316, -5.74805911, -6.28507851, -6.45526943,
       -5.84970755, -5.84970755, -5.77133419, -6.03184917, -5.91949016,
       -6.42524166, -5.43281805, -5.57480279, -6.72112068, -5.52837209,
       -6.27475341, -6.6174942 , -6.77952749, -6.36022423, -6.05868034,
       -6.55942275, -7.2264475 , -6.57930215, -6.0132312 , -6.11455277,
       -6.41525085, -6.43675111, -5.62022585, -6.60149812, -6.3564802 ,
       -6.57475688, -6.05868034, -7.28912797, -6.52593908, -6.53173308,
       -6.21009057, -5.37951427, -6.6174942 , -6.55918303, -6.75252591,
       -6.64756179, -6.05727357, -6.13652251, -6.17946836, -5.80061259,
       -4.86542806, -6.5684748 , -6.08272071, -6.08272071, -5.71175082,
       -6.66981435, -6.48253368, -4.54690118, -6.79769727, -4.57858929,
       -5.80061259, -6.69204534, -6.08272071, -6.26225186, -6.08272071,
       -5.55305424, -6.92590222, -5.06254335, -6.4399083 , -6.4399083 ,
       -6.08730973, -6.93255609, -6.43272879, -6.96192567, -5.31616528,
       -6.12853136, -6.42861272, -6.86462666, -7.10472203, -6.96192567,
       -5.76415669, -6.72310325, -5.70216988, -5.04275592, -5.93732912,
       -6.91845009, -6.44903108, -5.82128508, -5.26932177, -6.90279934,
       -6.15816941, -6.12269759, -5.81742942, -5.70216988, -6.21214996,
       -5.81742942, -7.45773331, -7.14601363, -7.14601363, -6.10432771,
       -6.40717196, -7.22390967, -6.93698437, -6.26666259, -6.0972228 ,
       -7.28696653, -4.66219404, -6.41975995, -6.41696272, -7.28696653,
       -6.53883382, -6.1762277 , -5.96687733, -5.58548654, -5.67108978,
       -7.13179492, -6.72469448, -6.88555672, -6.11562658, -4.27644681,
       -6.80543935, -7.88054602, -7.34183243, -6.73190935, -7.35640312,
       -6.84538499, -6.66039737, -7.5562314 , -5.1833729 , -7.41756207,
       -7.16229588, -6.83688759, -6.53296395, -6.75738229, -7.28102788,
       -6.95326887, -6.94745557, -8.02456183, -5.40488477, -6.51575959,
       -6.09376042, -6.64809573, -6.84025351, -5.44208838, -6.6857165 ,
       -5.52348587, -7.8528498 , -5.52348587, -5.52348587, -5.52348587,
       -5.3437517 , -6.13930036, -6.97220273, -5.52348587, -5.6533277 ,
       -7.17525002, -6.64809573, -5.52348587, -5.52348587, -5.52270798,
       -5.52270798, -6.4422548 , -6.76368073, -6.20067794, -6.29577947,
       -6.4422548 , -5.43441219, -5.77506753, -6.70199736, -4.76907476,
       -4.76907476, -4.76907476, -4.76907476, -6.98799572, -4.76907476,
       -4.76907476, -5.32269492, -5.09454538, -5.11402576, -5.11402576,
       -5.32269492, -5.11402576, -4.76907476, -7.07502524, -4.76907476,
       -4.76907476, -4.76907476])]","[-6.52490098 -9.4114144  -6.52593386 -5.53245349 -5.34379672 -6.2919818
 -7.211775   -6.70660579 -5.33390456 -6.35391427 -6.87822479 -6.03725383
 -5.39235317 -5.87677704 -6.4501823  -5.88140567 -6.15323793 -8.37384176
 -6.06810089 -5.84406974 -6.3210275  -5.84028088 -5.66868836 -6.91856719
 -5.70450765 -5.75151461 -5.83854405 -5.63435122 -6.71352451 -5.7373861
 -7.01044725 -6.21342024 -6.39389216 -5.64625979 -5.7140946  -6.13982984
 -5.68190641 -6.14523264 -5.76493194 -6.17081711 -6.15715591 -6.19145386
 -6.28149819 -6.70383228 -6.46981629 -5.46061264 -5.74134087 -6.00375338
 -5.92158884 -5.46664589 -6.12746787 -8.19802588 -6.4501823  -6.03725383
 -6.15715591 -6.62779185 -5.94804569 -5.76747763 -5.26670709 -6.57186716
 -6.46981629 -5.63299954 -5.6940033  -5.94100425 -5.53245349 -5.92576679
 -7.1405941  -5.09255807 -6.0230626  -6.01910594 -6.00100116 -6.16616415
 -5.76747763 -6.21008818 -6.47053517 -5.78459377 -5.78459377 -5.7373861
 -6.07739184 -5.96266441 -6.54993047 -5.53466012 -5.60071223 -6.60884235
 -5.5542525  -6.37721378 -6.48218271 -6.6299836  -6.27432904 -6.02559779
 -6.58240706 -7.04393122 -6.52918718 -5.97574762 -6.12682645 -6.33905665
 -6.48871849 -5.63299954 -6.60213727 -6.41820665 -6.52441769 -6.02559779
 -7.1405941  -6.43326298 -6.37583355 -6.47075348 -5.40788156 -6.48218271
 -6.4589425  -6.74633977 -6.49567371 -6.02286531 -6.07073857 -6.18350542
 -5.87573997 -4.81101759 -6.47224209 -6.01866084 -6.01866084 -5.75186807
 -6.68390427 -6.5676507  -4.36125728 -6.66072351 -4.56521429 -5.87573997
 -6.55640954 -6.01866084 -6.16926007 -6.01866084 -5.60862285 -6.79362804
 -4.94197868 -6.34880873 -6.34880873 -6.09517264 -7.0775556  -6.52389872
 -6.84249298 -5.75471729 -6.14356456 -6.13659152 -6.54950205 -6.95954573
 -6.84249298 -5.74555348 -6.75880499 -5.59459249 -4.85916505 -5.9454672
 -6.76559474 -6.36234746 -5.59100274 -5.17490306 -6.75946668 -6.23983543
 -6.11489015 -5.82626269 -5.59459249 -6.19809059 -5.82626269 -7.33450138
 -7.04384317 -7.04384317 -6.18535002 -6.3910563  -7.23647003 -6.78255963
 -6.24096567 -6.03066462 -7.16649485 -4.74369142 -6.33070727 -6.40125894
 -7.16649485 -6.62553926 -6.19275881 -5.9608097  -5.52345924 -5.69932434
 -7.11179061 -6.72886386 -6.87041045 -5.85502413 -4.4673086  -6.77669533
 -7.88679714 -7.27294576 -6.68990721 -7.3083349  -6.8391905  -6.63878943
 -7.57993948 -5.20553086 -7.31270889 -7.08568942 -6.99669804 -6.605078
 -6.75031519 -7.30992173 -6.98269346 -6.95461971 -8.02337375 -5.48267548
 -6.53850112 -5.74743246 -6.76896306 -7.24533016 -5.52941594 -6.18947887
 -5.54770787 -7.54977086 -5.54770787 -5.54770787 -5.54770787 -5.51120979
 -5.97982373 -7.19090286 -5.54770787 -5.83401888 -7.16416053 -6.76896306
 -5.54770787 -5.54770787 -5.42936062 -5.42936062 -6.53780893 -6.76076004
 -6.20252616 -6.63379134 -6.53780893 -5.50499406 -5.62539918 -6.71594363
 -4.79987144 -4.79987144 -4.79987144 -4.79987144 -6.677667   -4.79987144
 -4.79987144 -5.13625045 -5.16975282 -5.13382399 -5.13382399 -5.13625045
 -5.13382399 -4.79987144 -6.42091088 -4.79987144 -4.79987144 -4.79987144]","[0.11255805 0.28122029 0.15490345 0.12585823 0.05200601 0.13459841
 0.12313503 0.09177451 0.0862666  0.16043841 0.13693075 0.11288756
 0.09372489 0.03679634 0.1219933  0.097356   0.07570781 0.25818625
 0.02820155 0.1434086  0.07743513 0.07534091 0.06241574 0.07435063
 0.13536861 0.1076829  0.04161539 0.07772917 0.05488025 0.05903207
 0.21820311 0.17218626 0.10396993 0.04588511 0.06585577 0.32927899
 0.06487619 0.03327774 0.04345982 0.12104725 0.09458452 0.04255831
 0.12378435 0.11855091 0.1251223  0.07401676 0.03330405 0.03922844
 0.07186061 0.05977371 0.10922615 0.23645976 0.1219933  0.11288756
 0.09458452 0.07255223 0.39829579 0.05848989 0.02583357 0.06491462
 0.1251223  0.07792255 0.04487571 0.07707045 0.12585823 0.05675014
 0.12080583 0.10882691 0.01662545 0.05803079 0.08356928 0.07922851
 0.05848989 0.11775107 0.08092776 0.07704975 0.07704975 0.05903207
 0.07269493 0.06307557 0.11871763 0.10459283 0.04978044 0.15395792
 0.07438358 0.09989207 0.08001359 0.08651246 0.08153828 0.10353698
 0.088631   0.11062433 0.05407391 0.04829545 0.24016019 0.09007222
 0.12207499 0.07792255 0.1478025  0.09983452 0.0618186  0.10353698
 0.12080583 0.08558254 0.09204216 0.14843555 0.05408022 0.08001359
 0.08878228 0.04157851 0.09749676 0.0398587  0.08002429 0.03971722
 0.09100528 0.09194923 0.07510278 0.03614998 0.03614998 0.05880046
 0.08230654 0.07523019 0.11982831 0.07222026 0.08165587 0.09100528
 0.09368498 0.03614998 0.0850709  0.03614998 0.06820822 0.06850589
 0.12712978 0.08365378 0.08365378 0.05736807 0.0822399  0.07104245
 0.063369   0.48864689 0.09163026 0.19726562 0.22823877 0.09375717
 0.063369   0.07690399 0.09733926 0.16280617 0.12734213 0.04329801
 0.09300846 0.09109308 0.16846173 0.06727034 0.08423492 0.08873858
 0.08459436 0.04629767 0.16280617 0.07443424 0.04629767 0.07755484
 0.06480896 0.06480896 0.10624211 0.07752999 0.08141099 0.11056225
 0.04980111 0.07733036 0.11093697 0.06717668 0.06368254 0.02408991
 0.11093697 0.09629068 0.05754783 0.03784788 0.12204886 0.05152274
 0.13416698 0.06202111 0.10601503 0.16971355 0.12380515 0.04710323
 0.11961561 0.10697816 0.05666498 0.13109905 0.08029618 0.02476144
 0.06228489 0.07581344 0.0834933  0.10274811 0.08621831 0.18082813
 0.10655439 0.13490304 0.04396512 0.06980664 0.11436605 0.20538565
 1.76774923 0.44894497 0.22540839 0.2099089  0.0798375  0.28677482
 0.15161308 0.23535349 0.15161308 0.15161308 0.15161308 0.22397855
 0.10772506 0.21125179 0.15161308 0.18174543 0.31996291 0.22540839
 0.15161308 0.15161308 0.15395    0.15395    0.09128265 0.26977956
 0.07154747 0.24303381 0.09128265 0.10069184 0.10173526 0.10449414
 0.04292141 0.04292141 0.04292141 0.04292141 0.19040549 0.04292141
 0.04292141 0.1011214  0.04937758 0.08911693 0.08911693 0.1011214
 0.08911693 0.04292141 0.35630526 0.04292141 0.04292141 0.04292141]"
